fecha,anio,mes,departamento,linea_codigo,linea,es_muebles,indice_ventas_real,icc,inflacion_anual,tasa_consumo,importaciones_muebles_usd_miles,icc_rez1,inflacion_anual_rez1,tasa_consumo_rez1,importaciones_muebles_usd_miles_rez1,covid,area_vivienda_m2,area_vivienda_m2_rez1
2019-01-01,2019,1,Antioquia,4,Prendas de vestir y textiles,0,76.3423,-2.8000,3.1477,19.1600,35394.7523,-8.3000,3.1779,19.4000,33042.9878,0,232741.0000,
2019-01-01,2019,1,Antioquia,8,Electrodomesticos y muebles,1,89.2382,-2.8000,3.1477,19.1600,35394.7523,-8.3000,3.1779,19.4000,33042.9878,0,232741.0000,
2019-01-01,2019,1,Antioquia,9,Articulos y utensilios domesticos,0,94.5875,-2.8000,3.1477,19.1600,35394.7523,-8.3000,3.1779,19.4000,33042.9878,0,232741.0000,
2019-01-01,2019,1,Antioquia,10,Aseo del hogar,0,97.1278,-2.8000,3.1477,19.1600,35394.7523,-8.3000,3.1779,19.4000,33042.9878,0,232741.0000,
2019-01-01,2019,1,Antioquia,11,Informatica y telecomunicaciones,0,75.1965,-2.8000,3.1477,19.1600,35394.7523,-8.3000,3.1779,19.4000,33042.9878,0,232741.0000,
2019-01-01,2019,1,Antioquia,12,Sonido y video,0,66.9034,-2.8000,3.1477,19.1600,35394.7523,-8.3000,3.1779,19.4000,33042.9878,0,232741.0000,
2019-01-01,2019,1,Antioquia,14,"Ferreteria, vidrios y pinturas",0,91.1667,-2.8000,3.1477,19.1600,35394.7523,-8.3000,3.1779,19.4000,33042.9878,0,232741.0000,
2019-01-01,2019,1,Antioquia,15,Otras mercancias de uso domestico,0,84.9250,-2.8000,3.1477,19.1600,35394.7523,-8.3000,3.1779,19.4000,33042.9878,0,232741.0000,
2019-01-01,2019,1,Atlantico,4,Prendas de vestir y textiles,0,75.5436,-2.8000,3.1477,19.1600,35394.7523,-8.3000,3.1779,19.4000,33042.9878,0,142765.0000,
2019-01-01,2019,1,Atlantico,8,Electrodomesticos y muebles,1,89.2071,-2.8000,3.1477,19.1600,35394.7523,-8.3000,3.1779,19.4000,33042.9878,0,142765.0000,
2019-01-01,2019,1,Atlantico,9,Articulos y utensilios domesticos,0,94.4449,-2.8000,3.1477,19.1600,35394.7523,-8.3000,3.1779,19.4000,33042.9878,0,142765.0000,
2019-01-01,2019,1,Atlantico,10,Aseo del hogar,0,96.4172,-2.8000,3.1477,19.1600,35394.7523,-8.3000,3.1779,19.4000,33042.9878,0,142765.0000,
2019-01-01,2019,1,Atlantico,11,Informatica y telecomunicaciones,0,77.9727,-2.8000,3.1477,19.1600,35394.7523,-8.3000,3.1779,19.4000,33042.9878,0,142765.0000,
2019-01-01,2019,1,Atlantico,12,Sonido y video,0,69.9479,-2.8000,3.1477,19.1600,35394.7523,-8.3000,3.1779,19.4000,33042.9878,0,142765.0000,
2019-01-01,2019,1,Atlantico,14,"Ferreteria, vidrios y pinturas",0,91.4137,-2.8000,3.1477,19.1600,35394.7523,-8.3000,3.1779,19.4000,33042.9878,0,142765.0000,
2019-01-01,2019,1,Atlantico,15,Otras mercancias de uso domestico,0,83.6649,-2.8000,3.1477,19.1600,35394.7523,-8.3000,3.1779,19.4000,33042.9878,0,142765.0000,
2019-01-01,2019,1,Bogota,4,Prendas de vestir y textiles,0,72.7728,-2.8000,3.1477,19.1600,35394.7523,-8.3000,3.1779,19.4000,33042.9878,0,167676.0000,
2019-01-01,2019,1,Bogota,8,Electrodomesticos y muebles,1,85.0948,-2.8000,3.1477,19.1600,35394.7523,-8.3000,3.1779,19.4000,33042.9878,0,167676.0000,
2019-01-01,2019,1,Bogota,9,Articulos y utensilios domesticos,0,90.2803,-2.8000,3.1477,19.1600,35394.7523,-8.3000,3.1779,19.4000,33042.9878,0,167676.0000,
2019-01-01,2019,1,Bogota,10,Aseo del hogar,0,90.6542,-2.8000,3.1477,19.1600,35394.7523,-8.3000,3.1779,19.4000,33042.9878,0,167676.0000,
2019-01-01,2019,1,Bogota,11,Informatica y telecomunicaciones,0,74.1628,-2.8000,3.1477,19.1600,35394.7523,-8.3000,3.1779,19.4000,33042.9878,0,167676.0000,
2019-01-01,2019,1,Bogota,12,Sonido y video,0,64.4899,-2.8000,3.1477,19.1600,35394.7523,-8.3000,3.1779,19.4000,33042.9878,0,167676.0000,
2019-01-01,2019,1,Bogota,14,"Ferreteria, vidrios y pinturas",0,88.7140,-2.8000,3.1477,19.1600,35394.7523,-8.3000,3.1779,19.4000,33042.9878,0,167676.0000,
2019-01-01,2019,1,Bogota,15,Otras mercancias de uso domestico,0,81.1125,-2.8000,3.1477,19.1600,35394.7523,-8.3000,3.1779,19.4000,33042.9878,0,167676.0000,
2019-01-01,2019,1,Cundinamarca,4,Prendas de vestir y textiles,0,76.4083,-2.8000,3.1477,19.1600,35394.7523,-8.3000,3.1779,19.4000,33042.9878,0,75419.0000,
2019-01-01,2019,1,Cundinamarca,8,Electrodomesticos y muebles,1,91.8900,-2.8000,3.1477,19.1600,35394.7523,-8.3000,3.1779,19.4000,33042.9878,0,75419.0000,
2019-01-01,2019,1,Cundinamarca,9,Articulos y utensilios domesticos,0,95.6493,-2.8000,3.1477,19.1600,35394.7523,-8.3000,3.1779,19.4000,33042.9878,0,75419.0000,
2019-01-01,2019,1,Cundinamarca,10,Aseo del hogar,0,97.5194,-2.8000,3.1477,19.1600,35394.7523,-8.3000,3.1779,19.4000,33042.9878,0,75419.0000,
2019-01-01,2019,1,Cundinamarca,11,Informatica y telecomunicaciones,0,80.0703,-2.8000,3.1477,19.1600,35394.7523,-8.3000,3.1779,19.4000,33042.9878,0,75419.0000,
2019-01-01,2019,1,Cundinamarca,12,Sonido y video,0,70.3467,-2.8000,3.1477,19.1600,35394.7523,-8.3000,3.1779,19.4000,33042.9878,0,75419.0000,
2019-01-01,2019,1,Cundinamarca,14,"Ferreteria, vidrios y pinturas",0,96.3985,-2.8000,3.1477,19.1600,35394.7523,-8.3000,3.1779,19.4000,33042.9878,0,75419.0000,
2019-01-01,2019,1,Cundinamarca,15,Otras mercancias de uso domestico,0,86.0984,-2.8000,3.1477,19.1600,35394.7523,-8.3000,3.1779,19.4000,33042.9878,0,75419.0000,
2019-01-01,2019,1,Santander,4,Prendas de vestir y textiles,0,76.6049,-2.8000,3.1477,19.1600,35394.7523,-8.3000,3.1779,19.4000,33042.9878,0,33899.0000,
2019-01-01,2019,1,Santander,8,Electrodomesticos y muebles,1,91.4329,-2.8000,3.1477,19.1600,35394.7523,-8.3000,3.1779,19.4000,33042.9878,0,33899.0000,
2019-01-01,2019,1,Santander,9,Articulos y utensilios domesticos,0,96.2172,-2.8000,3.1477,19.1600,35394.7523,-8.3000,3.1779,19.4000,33042.9878,0,33899.0000,
2019-01-01,2019,1,Santander,10,Aseo del hogar,0,99.4414,-2.8000,3.1477,19.1600,35394.7523,-8.3000,3.1779,19.4000,33042.9878,0,33899.0000,
2019-01-01,2019,1,Santander,11,Informatica y telecomunicaciones,0,79.5685,-2.8000,3.1477,19.1600,35394.7523,-8.3000,3.1779,19.4000,33042.9878,0,33899.0000,
2019-01-01,2019,1,Santander,12,Sonido y video,0,68.8729,-2.8000,3.1477,19.1600,35394.7523,-8.3000,3.1779,19.4000,33042.9878,0,33899.0000,
2019-01-01,2019,1,Santander,14,"Ferreteria, vidrios y pinturas",0,91.2328,-2.8000,3.1477,19.1600,35394.7523,-8.3000,3.1779,19.4000,33042.9878,0,33899.0000,
2019-01-01,2019,1,Santander,15,Otras mercancias de uso domestico,0,88.3121,-2.8000,3.1477,19.1600,35394.7523,-8.3000,3.1779,19.4000,33042.9878,0,33899.0000,
2019-01-01,2019,1,Valle del Cauca,4,Prendas de vestir y textiles,0,79.6664,-2.8000,3.1477,19.1600,35394.7523,-8.3000,3.1779,19.4000,33042.9878,0,279828.0000,
2019-01-01,2019,1,Valle del Cauca,8,Electrodomesticos y muebles,1,95.2802,-2.8000,3.1477,19.1600,35394.7523,-8.3000,3.1779,19.4000,33042.9878,0,279828.0000,
2019-01-01,2019,1,Valle del Cauca,9,Articulos y utensilios domesticos,0,95.1121,-2.8000,3.1477,19.1600,35394.7523,-8.3000,3.1779,19.4000,33042.9878,0,279828.0000,
2019-01-01,2019,1,Valle del Cauca,10,Aseo del hogar,0,99.0584,-2.8000,3.1477,19.1600,35394.7523,-8.3000,3.1779,19.4000,33042.9878,0,279828.0000,
2019-01-01,2019,1,Valle del Cauca,11,Informatica y telecomunicaciones,0,81.0697,-2.8000,3.1477,19.1600,35394.7523,-8.3000,3.1779,19.4000,33042.9878,0,279828.0000,
2019-01-01,2019,1,Valle del Cauca,12,Sonido y video,0,71.3443,-2.8000,3.1477,19.1600,35394.7523,-8.3000,3.1779,19.4000,33042.9878,0,279828.0000,
2019-01-01,2019,1,Valle del Cauca,14,"Ferreteria, vidrios y pinturas",0,95.7184,-2.8000,3.1477,19.1600,35394.7523,-8.3000,3.1779,19.4000,33042.9878,0,279828.0000,
2019-01-01,2019,1,Valle del Cauca,15,Otras mercancias de uso domestico,0,88.8025,-2.8000,3.1477,19.1600,35394.7523,-8.3000,3.1779,19.4000,33042.9878,0,279828.0000,
2019-01-01,2019,1,Otros departamentos,4,Prendas de vestir y textiles,0,78.6805,-2.8000,3.1477,19.1600,35394.7523,-8.3000,3.1779,19.4000,33042.9878,0,381407.0000,
2019-01-01,2019,1,Otros departamentos,8,Electrodomesticos y muebles,1,93.3303,-2.8000,3.1477,19.1600,35394.7523,-8.3000,3.1779,19.4000,33042.9878,0,381407.0000,
2019-01-01,2019,1,Otros departamentos,9,Articulos y utensilios domesticos,0,95.8690,-2.8000,3.1477,19.1600,35394.7523,-8.3000,3.1779,19.4000,33042.9878,0,381407.0000,
2019-01-01,2019,1,Otros departamentos,10,Aseo del hogar,0,98.7436,-2.8000,3.1477,19.1600,35394.7523,-8.3000,3.1779,19.4000,33042.9878,0,381407.0000,
2019-01-01,2019,1,Otros departamentos,11,Informatica y telecomunicaciones,0,77.6853,-2.8000,3.1477,19.1600,35394.7523,-8.3000,3.1779,19.4000,33042.9878,0,381407.0000,
2019-01-01,2019,1,Otros departamentos,12,Sonido y video,0,69.7965,-2.8000,3.1477,19.1600,35394.7523,-8.3000,3.1779,19.4000,33042.9878,0,381407.0000,
2019-01-01,2019,1,Otros departamentos,14,"Ferreteria, vidrios y pinturas",0,92.1492,-2.8000,3.1477,19.1600,35394.7523,-8.3000,3.1779,19.4000,33042.9878,0,381407.0000,
2019-01-01,2019,1,Otros departamentos,15,Otras mercancias de uso domestico,0,86.3147,-2.8000,3.1477,19.1600,35394.7523,-8.3000,3.1779,19.4000,33042.9878,0,381407.0000,
2019-02-01,2019,2,Antioquia,4,Prendas de vestir y textiles,0,62.0979,-5.6000,3.0136,19.7000,31224.5745,-2.8000,3.1477,19.1600,35394.7523,0,335956.0000,232741.0000
2019-02-01,2019,2,Antioquia,8,Electrodomesticos y muebles,1,83.2174,-5.6000,3.0136,19.7000,31224.5745,-2.8000,3.1477,19.1600,35394.7523,0,335956.0000,232741.0000
2019-02-01,2019,2,Antioquia,9,Articulos y utensilios domesticos,0,81.6544,-5.6000,3.0136,19.7000,31224.5745,-2.8000,3.1477,19.1600,35394.7523,0,335956.0000,232741.0000
2019-02-01,2019,2,Antioquia,10,Aseo del hogar,0,89.0859,-5.6000,3.0136,19.7000,31224.5745,-2.8000,3.1477,19.1600,35394.7523,0,335956.0000,232741.0000
2019-02-01,2019,2,Antioquia,11,Informatica y telecomunicaciones,0,78.2551,-5.6000,3.0136,19.7000,31224.5745,-2.8000,3.1477,19.1600,35394.7523,0,335956.0000,232741.0000
2019-02-01,2019,2,Antioquia,12,Sonido y video,0,75.1156,-5.6000,3.0136,19.7000,31224.5745,-2.8000,3.1477,19.1600,35394.7523,0,335956.0000,232741.0000
2019-02-01,2019,2,Antioquia,14,"Ferreteria, vidrios y pinturas",0,86.8462,-5.6000,3.0136,19.7000,31224.5745,-2.8000,3.1477,19.1600,35394.7523,0,335956.0000,232741.0000
2019-02-01,2019,2,Antioquia,15,Otras mercancias de uso domestico,0,76.4860,-5.6000,3.0136,19.7000,31224.5745,-2.8000,3.1477,19.1600,35394.7523,0,335956.0000,232741.0000
2019-02-01,2019,2,Atlantico,4,Prendas de vestir y textiles,0,64.7378,-5.6000,3.0136,19.7000,31224.5745,-2.8000,3.1477,19.1600,35394.7523,0,23332.0000,142765.0000
2019-02-01,2019,2,Atlantico,8,Electrodomesticos y muebles,1,84.9603,-5.6000,3.0136,19.7000,31224.5745,-2.8000,3.1477,19.1600,35394.7523,0,23332.0000,142765.0000
2019-02-01,2019,2,Atlantico,9,Articulos y utensilios domesticos,0,84.9469,-5.6000,3.0136,19.7000,31224.5745,-2.8000,3.1477,19.1600,35394.7523,0,23332.0000,142765.0000
2019-02-01,2019,2,Atlantico,10,Aseo del hogar,0,89.5205,-5.6000,3.0136,19.7000,31224.5745,-2.8000,3.1477,19.1600,35394.7523,0,23332.0000,142765.0000
2019-02-01,2019,2,Atlantico,11,Informatica y telecomunicaciones,0,86.0167,-5.6000,3.0136,19.7000,31224.5745,-2.8000,3.1477,19.1600,35394.7523,0,23332.0000,142765.0000
2019-02-01,2019,2,Atlantico,12,Sonido y video,0,79.8531,-5.6000,3.0136,19.7000,31224.5745,-2.8000,3.1477,19.1600,35394.7523,0,23332.0000,142765.0000
2019-02-01,2019,2,Atlantico,14,"Ferreteria, vidrios y pinturas",0,87.7866,-5.6000,3.0136,19.7000,31224.5745,-2.8000,3.1477,19.1600,35394.7523,0,23332.0000,142765.0000
2019-02-01,2019,2,Atlantico,15,Otras mercancias de uso domestico,0,76.1564,-5.6000,3.0136,19.7000,31224.5745,-2.8000,3.1477,19.1600,35394.7523,0,23332.0000,142765.0000
2019-02-01,2019,2,Bogota,4,Prendas de vestir y textiles,0,61.9134,-5.6000,3.0136,19.7000,31224.5745,-2.8000,3.1477,19.1600,35394.7523,0,245045.0000,167676.0000
2019-02-01,2019,2,Bogota,8,Electrodomesticos y muebles,1,82.5191,-5.6000,3.0136,19.7000,31224.5745,-2.8000,3.1477,19.1600,35394.7523,0,245045.0000,167676.0000
2019-02-01,2019,2,Bogota,9,Articulos y utensilios domesticos,0,83.6573,-5.6000,3.0136,19.7000,31224.5745,-2.8000,3.1477,19.1600,35394.7523,0,245045.0000,167676.0000
2019-02-01,2019,2,Bogota,10,Aseo del hogar,0,88.2201,-5.6000,3.0136,19.7000,31224.5745,-2.8000,3.1477,19.1600,35394.7523,0,245045.0000,167676.0000
2019-02-01,2019,2,Bogota,11,Informatica y telecomunicaciones,0,82.0905,-5.6000,3.0136,19.7000,31224.5745,-2.8000,3.1477,19.1600,35394.7523,0,245045.0000,167676.0000
2019-02-01,2019,2,Bogota,12,Sonido y video,0,76.7799,-5.6000,3.0136,19.7000,31224.5745,-2.8000,3.1477,19.1600,35394.7523,0,245045.0000,167676.0000
2019-02-01,2019,2,Bogota,14,"Ferreteria, vidrios y pinturas",0,89.2325,-5.6000,3.0136,19.7000,31224.5745,-2.8000,3.1477,19.1600,35394.7523,0,245045.0000,167676.0000
2019-02-01,2019,2,Bogota,15,Otras mercancias de uso domestico,0,76.0419,-5.6000,3.0136,19.7000,31224.5745,-2.8000,3.1477,19.1600,35394.7523,0,245045.0000,167676.0000
2019-02-01,2019,2,Cundinamarca,4,Prendas de vestir y textiles,0,62.7942,-5.6000,3.0136,19.7000,31224.5745,-2.8000,3.1477,19.1600,35394.7523,0,120218.0000,75419.0000
2019-02-01,2019,2,Cundinamarca,8,Electrodomesticos y muebles,1,81.7312,-5.6000,3.0136,19.7000,31224.5745,-2.8000,3.1477,19.1600,35394.7523,0,120218.0000,75419.0000
2019-02-01,2019,2,Cundinamarca,9,Articulos y utensilios domesticos,0,82.7776,-5.6000,3.0136,19.7000,31224.5745,-2.8000,3.1477,19.1600,35394.7523,0,120218.0000,75419.0000
2019-02-01,2019,2,Cundinamarca,10,Aseo del hogar,0,87.2986,-5.6000,3.0136,19.7000,31224.5745,-2.8000,3.1477,19.1600,35394.7523,0,120218.0000,75419.0000
2019-02-01,2019,2,Cundinamarca,11,Informatica y telecomunicaciones,0,81.8073,-5.6000,3.0136,19.7000,31224.5745,-2.8000,3.1477,19.1600,35394.7523,0,120218.0000,75419.0000
2019-02-01,2019,2,Cundinamarca,12,Sonido y video,0,78.3519,-5.6000,3.0136,19.7000,31224.5745,-2.8000,3.1477,19.1600,35394.7523,0,120218.0000,75419.0000
2019-02-01,2019,2,Cundinamarca,14,"Ferreteria, vidrios y pinturas",0,88.8034,-5.6000,3.0136,19.7000,31224.5745,-2.8000,3.1477,19.1600,35394.7523,0,120218.0000,75419.0000
2019-02-01,2019,2,Cundinamarca,15,Otras mercancias de uso domestico,0,76.3312,-5.6000,3.0136,19.7000,31224.5745,-2.8000,3.1477,19.1600,35394.7523,0,120218.0000,75419.0000
2019-02-01,2019,2,Santander,4,Prendas de vestir y textiles,0,67.4001,-5.6000,3.0136,19.7000,31224.5745,-2.8000,3.1477,19.1600,35394.7523,0,49704.0000,33899.0000
2019-02-01,2019,2,Santander,8,Electrodomesticos y muebles,1,88.8580,-5.6000,3.0136,19.7000,31224.5745,-2.8000,3.1477,19.1600,35394.7523,0,49704.0000,33899.0000
2019-02-01,2019,2,Santander,9,Articulos y utensilios domesticos,0,90.4706,-5.6000,3.0136,19.7000,31224.5745,-2.8000,3.1477,19.1600,35394.7523,0,49704.0000,33899.0000
2019-02-01,2019,2,Santander,10,Aseo del hogar,0,95.0533,-5.6000,3.0136,19.7000,31224.5745,-2.8000,3.1477,19.1600,35394.7523,0,49704.0000,33899.0000
2019-02-01,2019,2,Santander,11,Informatica y telecomunicaciones,0,88.3950,-5.6000,3.0136,19.7000,31224.5745,-2.8000,3.1477,19.1600,35394.7523,0,49704.0000,33899.0000
2019-02-01,2019,2,Santander,12,Sonido y video,0,82.1297,-5.6000,3.0136,19.7000,31224.5745,-2.8000,3.1477,19.1600,35394.7523,0,49704.0000,33899.0000
2019-02-01,2019,2,Santander,14,"Ferreteria, vidrios y pinturas",0,90.2653,-5.6000,3.0136,19.7000,31224.5745,-2.8000,3.1477,19.1600,35394.7523,0,49704.0000,33899.0000
2019-02-01,2019,2,Santander,15,Otras mercancias de uso domestico,0,81.1112,-5.6000,3.0136,19.7000,31224.5745,-2.8000,3.1477,19.1600,35394.7523,0,49704.0000,33899.0000
2019-02-01,2019,2,Valle del Cauca,4,Prendas de vestir y textiles,0,65.9081,-5.6000,3.0136,19.7000,31224.5745,-2.8000,3.1477,19.1600,35394.7523,0,186642.0000,279828.0000
2019-02-01,2019,2,Valle del Cauca,8,Electrodomesticos y muebles,1,87.4990,-5.6000,3.0136,19.7000,31224.5745,-2.8000,3.1477,19.1600,35394.7523,0,186642.0000,279828.0000
2019-02-01,2019,2,Valle del Cauca,9,Articulos y utensilios domesticos,0,87.9530,-5.6000,3.0136,19.7000,31224.5745,-2.8000,3.1477,19.1600,35394.7523,0,186642.0000,279828.0000
2019-02-01,2019,2,Valle del Cauca,10,Aseo del hogar,0,92.0349,-5.6000,3.0136,19.7000,31224.5745,-2.8000,3.1477,19.1600,35394.7523,0,186642.0000,279828.0000
2019-02-01,2019,2,Valle del Cauca,11,Informatica y telecomunicaciones,0,87.9448,-5.6000,3.0136,19.7000,31224.5745,-2.8000,3.1477,19.1600,35394.7523,0,186642.0000,279828.0000
2019-02-01,2019,2,Valle del Cauca,12,Sonido y video,0,84.3077,-5.6000,3.0136,19.7000,31224.5745,-2.8000,3.1477,19.1600,35394.7523,0,186642.0000,279828.0000
2019-02-01,2019,2,Valle del Cauca,14,"Ferreteria, vidrios y pinturas",0,93.2987,-5.6000,3.0136,19.7000,31224.5745,-2.8000,3.1477,19.1600,35394.7523,0,186642.0000,279828.0000
2019-02-01,2019,2,Valle del Cauca,15,Otras mercancias de uso domestico,0,82.8519,-5.6000,3.0136,19.7000,31224.5745,-2.8000,3.1477,19.1600,35394.7523,0,186642.0000,279828.0000
2019-02-01,2019,2,Otros departamentos,4,Prendas de vestir y textiles,0,65.0521,-5.6000,3.0136,19.7000,31224.5745,-2.8000,3.1477,19.1600,35394.7523,0,459221.0000,381407.0000
2019-02-01,2019,2,Otros departamentos,8,Electrodomesticos y muebles,1,86.4929,-5.6000,3.0136,19.7000,31224.5745,-2.8000,3.1477,19.1600,35394.7523,0,459221.0000,381407.0000
2019-02-01,2019,2,Otros departamentos,9,Articulos y utensilios domesticos,0,85.4673,-5.6000,3.0136,19.7000,31224.5745,-2.8000,3.1477,19.1600,35394.7523,0,459221.0000,381407.0000
2019-02-01,2019,2,Otros departamentos,10,Aseo del hogar,0,91.6057,-5.6000,3.0136,19.7000,31224.5745,-2.8000,3.1477,19.1600,35394.7523,0,459221.0000,381407.0000
2019-02-01,2019,2,Otros departamentos,11,Informatica y telecomunicaciones,0,86.3831,-5.6000,3.0136,19.7000,31224.5745,-2.8000,3.1477,19.1600,35394.7523,0,459221.0000,381407.0000
2019-02-01,2019,2,Otros departamentos,12,Sonido y video,0,78.3402,-5.6000,3.0136,19.7000,31224.5745,-2.8000,3.1477,19.1600,35394.7523,0,459221.0000,381407.0000
2019-02-01,2019,2,Otros departamentos,14,"Ferreteria, vidrios y pinturas",0,91.2705,-5.6000,3.0136,19.7000,31224.5745,-2.8000,3.1477,19.1600,35394.7523,0,459221.0000,381407.0000
2019-02-01,2019,2,Otros departamentos,15,Otras mercancias de uso domestico,0,79.8525,-5.6000,3.0136,19.7000,31224.5745,-2.8000,3.1477,19.1600,35394.7523,0,459221.0000,381407.0000
2019-03-01,2019,3,Antioquia,4,Prendas de vestir y textiles,0,78.0355,1.2000,3.2199,19.3700,31509.3750,-5.6000,3.0136,19.7000,31224.5745,0,291196.0000,335956.0000
2019-03-01,2019,3,Antioquia,8,Electrodomesticos y muebles,1,98.8998,1.2000,3.2199,19.3700,31509.3750,-5.6000,3.0136,19.7000,31224.5745,0,291196.0000,335956.0000
2019-03-01,2019,3,Antioquia,9,Articulos y utensilios domesticos,0,98.2036,1.2000,3.2199,19.3700,31509.3750,-5.6000,3.0136,19.7000,31224.5745,0,291196.0000,335956.0000
2019-03-01,2019,3,Antioquia,10,Aseo del hogar,0,104.5222,1.2000,3.2199,19.3700,31509.3750,-5.6000,3.0136,19.7000,31224.5745,0,291196.0000,335956.0000
2019-03-01,2019,3,Antioquia,11,Informatica y telecomunicaciones,0,93.9490,1.2000,3.2199,19.3700,31509.3750,-5.6000,3.0136,19.7000,31224.5745,0,291196.0000,335956.0000
2019-03-01,2019,3,Antioquia,12,Sonido y video,0,95.5072,1.2000,3.2199,19.3700,31509.3750,-5.6000,3.0136,19.7000,31224.5745,0,291196.0000,335956.0000
2019-03-01,2019,3,Antioquia,14,"Ferreteria, vidrios y pinturas",0,101.8934,1.2000,3.2199,19.3700,31509.3750,-5.6000,3.0136,19.7000,31224.5745,0,291196.0000,335956.0000
2019-03-01,2019,3,Antioquia,15,Otras mercancias de uso domestico,0,89.4784,1.2000,3.2199,19.3700,31509.3750,-5.6000,3.0136,19.7000,31224.5745,0,291196.0000,335956.0000
2019-03-01,2019,3,Atlantico,4,Prendas de vestir y textiles,0,72.9688,1.2000,3.2199,19.3700,31509.3750,-5.6000,3.0136,19.7000,31224.5745,0,90257.0000,23332.0000
2019-03-01,2019,3,Atlantico,8,Electrodomesticos y muebles,1,94.3779,1.2000,3.2199,19.3700,31509.3750,-5.6000,3.0136,19.7000,31224.5745,0,90257.0000,23332.0000
2019-03-01,2019,3,Atlantico,9,Articulos y utensilios domesticos,0,92.5625,1.2000,3.2199,19.3700,31509.3750,-5.6000,3.0136,19.7000,31224.5745,0,90257.0000,23332.0000
2019-03-01,2019,3,Atlantico,10,Aseo del hogar,0,99.2156,1.2000,3.2199,19.3700,31509.3750,-5.6000,3.0136,19.7000,31224.5745,0,90257.0000,23332.0000
2019-03-01,2019,3,Atlantico,11,Informatica y telecomunicaciones,0,92.1935,1.2000,3.2199,19.3700,31509.3750,-5.6000,3.0136,19.7000,31224.5745,0,90257.0000,23332.0000
2019-03-01,2019,3,Atlantico,12,Sonido y video,0,91.4704,1.2000,3.2199,19.3700,31509.3750,-5.6000,3.0136,19.7000,31224.5745,0,90257.0000,23332.0000
2019-03-01,2019,3,Atlantico,14,"Ferreteria, vidrios y pinturas",0,93.9658,1.2000,3.2199,19.3700,31509.3750,-5.6000,3.0136,19.7000,31224.5745,0,90257.0000,23332.0000
2019-03-01,2019,3,Atlantico,15,Otras mercancias de uso domestico,0,80.7189,1.2000,3.2199,19.3700,31509.3750,-5.6000,3.0136,19.7000,31224.5745,0,90257.0000,23332.0000
2019-03-01,2019,3,Bogota,4,Prendas de vestir y textiles,0,76.7379,1.2000,3.2199,19.3700,31509.3750,-5.6000,3.0136,19.7000,31224.5745,0,325930.0000,245045.0000
2019-03-01,2019,3,Bogota,8,Electrodomesticos y muebles,1,97.8180,1.2000,3.2199,19.3700,31509.3750,-5.6000,3.0136,19.7000,31224.5745,0,325930.0000,245045.0000
2019-03-01,2019,3,Bogota,9,Articulos y utensilios domesticos,0,97.5083,1.2000,3.2199,19.3700,31509.3750,-5.6000,3.0136,19.7000,31224.5745,0,325930.0000,245045.0000
2019-03-01,2019,3,Bogota,10,Aseo del hogar,0,101.0617,1.2000,3.2199,19.3700,31509.3750,-5.6000,3.0136,19.7000,31224.5745,0,325930.0000,245045.0000
2019-03-01,2019,3,Bogota,11,Informatica y telecomunicaciones,0,95.9327,1.2000,3.2199,19.3700,31509.3750,-5.6000,3.0136,19.7000,31224.5745,0,325930.0000,245045.0000
2019-03-01,2019,3,Bogota,12,Sonido y video,0,95.0299,1.2000,3.2199,19.3700,31509.3750,-5.6000,3.0136,19.7000,31224.5745,0,325930.0000,245045.0000
2019-03-01,2019,3,Bogota,14,"Ferreteria, vidrios y pinturas",0,97.2004,1.2000,3.2199,19.3700,31509.3750,-5.6000,3.0136,19.7000,31224.5745,0,325930.0000,245045.0000
2019-03-01,2019,3,Bogota,15,Otras mercancias de uso domestico,0,86.8194,1.2000,3.2199,19.3700,31509.3750,-5.6000,3.0136,19.7000,31224.5745,0,325930.0000,245045.0000
2019-03-01,2019,3,Cundinamarca,4,Prendas de vestir y textiles,0,78.6151,1.2000,3.2199,19.3700,31509.3750,-5.6000,3.0136,19.7000,31224.5745,0,96575.0000,120218.0000
2019-03-01,2019,3,Cundinamarca,8,Electrodomesticos y muebles,1,100.0859,1.2000,3.2199,19.3700,31509.3750,-5.6000,3.0136,19.7000,31224.5745,0,96575.0000,120218.0000
2019-03-01,2019,3,Cundinamarca,9,Articulos y utensilios domesticos,0,100.7075,1.2000,3.2199,19.3700,31509.3750,-5.6000,3.0136,19.7000,31224.5745,0,96575.0000,120218.0000
2019-03-01,2019,3,Cundinamarca,10,Aseo del hogar,0,107.6107,1.2000,3.2199,19.3700,31509.3750,-5.6000,3.0136,19.7000,31224.5745,0,96575.0000,120218.0000
2019-03-01,2019,3,Cundinamarca,11,Informatica y telecomunicaciones,0,95.4386,1.2000,3.2199,19.3700,31509.3750,-5.6000,3.0136,19.7000,31224.5745,0,96575.0000,120218.0000
2019-03-01,2019,3,Cundinamarca,12,Sonido y video,0,95.0607,1.2000,3.2199,19.3700,31509.3750,-5.6000,3.0136,19.7000,31224.5745,0,96575.0000,120218.0000
2019-03-01,2019,3,Cundinamarca,14,"Ferreteria, vidrios y pinturas",0,95.9421,1.2000,3.2199,19.3700,31509.3750,-5.6000,3.0136,19.7000,31224.5745,0,96575.0000,120218.0000
2019-03-01,2019,3,Cundinamarca,15,Otras mercancias de uso domestico,0,88.8618,1.2000,3.2199,19.3700,31509.3750,-5.6000,3.0136,19.7000,31224.5745,0,96575.0000,120218.0000
2019-03-01,2019,3,Santander,4,Prendas de vestir y textiles,0,77.6574,1.2000,3.2199,19.3700,31509.3750,-5.6000,3.0136,19.7000,31224.5745,0,84976.0000,49704.0000
2019-03-01,2019,3,Santander,8,Electrodomesticos y muebles,1,99.4277,1.2000,3.2199,19.3700,31509.3750,-5.6000,3.0136,19.7000,31224.5745,0,84976.0000,49704.0000
2019-03-01,2019,3,Santander,9,Articulos y utensilios domesticos,0,98.2087,1.2000,3.2199,19.3700,31509.3750,-5.6000,3.0136,19.7000,31224.5745,0,84976.0000,49704.0000
2019-03-01,2019,3,Santander,10,Aseo del hogar,0,103.9597,1.2000,3.2199,19.3700,31509.3750,-5.6000,3.0136,19.7000,31224.5745,0,84976.0000,49704.0000
2019-03-01,2019,3,Santander,11,Informatica y telecomunicaciones,0,97.3851,1.2000,3.2199,19.3700,31509.3750,-5.6000,3.0136,19.7000,31224.5745,0,84976.0000,49704.0000
2019-03-01,2019,3,Santander,12,Sonido y video,0,96.0059,1.2000,3.2199,19.3700,31509.3750,-5.6000,3.0136,19.7000,31224.5745,0,84976.0000,49704.0000
2019-03-01,2019,3,Santander,14,"Ferreteria, vidrios y pinturas",0,96.3908,1.2000,3.2199,19.3700,31509.3750,-5.6000,3.0136,19.7000,31224.5745,0,84976.0000,49704.0000
2019-03-01,2019,3,Santander,15,Otras mercancias de uso domestico,0,87.0051,1.2000,3.2199,19.3700,31509.3750,-5.6000,3.0136,19.7000,31224.5745,0,84976.0000,49704.0000
2019-03-01,2019,3,Valle del Cauca,4,Prendas de vestir y textiles,0,73.5623,1.2000,3.2199,19.3700,31509.3750,-5.6000,3.0136,19.7000,31224.5745,0,102741.0000,186642.0000
2019-03-01,2019,3,Valle del Cauca,8,Electrodomesticos y muebles,1,95.7836,1.2000,3.2199,19.3700,31509.3750,-5.6000,3.0136,19.7000,31224.5745,0,102741.0000,186642.0000
2019-03-01,2019,3,Valle del Cauca,9,Articulos y utensilios domesticos,0,94.8349,1.2000,3.2199,19.3700,31509.3750,-5.6000,3.0136,19.7000,31224.5745,0,102741.0000,186642.0000
2019-03-01,2019,3,Valle del Cauca,10,Aseo del hogar,0,102.3322,1.2000,3.2199,19.3700,31509.3750,-5.6000,3.0136,19.7000,31224.5745,0,102741.0000,186642.0000
2019-03-01,2019,3,Valle del Cauca,11,Informatica y telecomunicaciones,0,93.1007,1.2000,3.2199,19.3700,31509.3750,-5.6000,3.0136,19.7000,31224.5745,0,102741.0000,186642.0000
2019-03-01,2019,3,Valle del Cauca,12,Sonido y video,0,96.1942,1.2000,3.2199,19.3700,31509.3750,-5.6000,3.0136,19.7000,31224.5745,0,102741.0000,186642.0000
2019-03-01,2019,3,Valle del Cauca,14,"Ferreteria, vidrios y pinturas",0,95.1863,1.2000,3.2199,19.3700,31509.3750,-5.6000,3.0136,19.7000,31224.5745,0,102741.0000,186642.0000
2019-03-01,2019,3,Valle del Cauca,15,Otras mercancias de uso domestico,0,85.5724,1.2000,3.2199,19.3700,31509.3750,-5.6000,3.0136,19.7000,31224.5745,0,102741.0000,186642.0000
2019-03-01,2019,3,Otros departamentos,4,Prendas de vestir y textiles,0,73.9869,1.2000,3.2199,19.3700,31509.3750,-5.6000,3.0136,19.7000,31224.5745,0,630148.0000,459221.0000
2019-03-01,2019,3,Otros departamentos,8,Electrodomesticos y muebles,1,94.9716,1.2000,3.2199,19.3700,31509.3750,-5.6000,3.0136,19.7000,31224.5745,0,630148.0000,459221.0000
2019-03-01,2019,3,Otros departamentos,9,Articulos y utensilios domesticos,0,96.7472,1.2000,3.2199,19.3700,31509.3750,-5.6000,3.0136,19.7000,31224.5745,0,630148.0000,459221.0000
2019-03-01,2019,3,Otros departamentos,10,Aseo del hogar,0,98.1247,1.2000,3.2199,19.3700,31509.3750,-5.6000,3.0136,19.7000,31224.5745,0,630148.0000,459221.0000
2019-03-01,2019,3,Otros departamentos,11,Informatica y telecomunicaciones,0,93.3645,1.2000,3.2199,19.3700,31509.3750,-5.6000,3.0136,19.7000,31224.5745,0,630148.0000,459221.0000
2019-03-01,2019,3,Otros departamentos,12,Sonido y video,0,89.5144,1.2000,3.2199,19.3700,31509.3750,-5.6000,3.0136,19.7000,31224.5745,0,630148.0000,459221.0000
2019-03-01,2019,3,Otros departamentos,14,"Ferreteria, vidrios y pinturas",0,96.3311,1.2000,3.2199,19.3700,31509.3750,-5.6000,3.0136,19.7000,31224.5745,0,630148.0000,459221.0000
2019-03-01,2019,3,Otros departamentos,15,Otras mercancias de uso domestico,0,86.0221,1.2000,3.2199,19.3700,31509.3750,-5.6000,3.0136,19.7000,31224.5745,0,630148.0000,459221.0000
2019-04-01,2019,4,Antioquia,4,Prendas de vestir y textiles,0,71.5576,-9.6000,3.2454,19.3200,28112.0651,1.2000,3.2199,19.3700,31509.3750,0,277712.0000,291196.0000
2019-04-01,2019,4,Antioquia,8,Electrodomesticos y muebles,1,86.1287,-9.6000,3.2454,19.3200,28112.0651,1.2000,3.2199,19.3700,31509.3750,0,277712.0000,291196.0000
2019-04-01,2019,4,Antioquia,9,Articulos y utensilios domesticos,0,83.3125,-9.6000,3.2454,19.3200,28112.0651,1.2000,3.2199,19.3700,31509.3750,0,277712.0000,291196.0000
2019-04-01,2019,4,Antioquia,10,Aseo del hogar,0,95.6762,-9.6000,3.2454,19.3200,28112.0651,1.2000,3.2199,19.3700,31509.3750,0,277712.0000,291196.0000
2019-04-01,2019,4,Antioquia,11,Informatica y telecomunicaciones,0,81.0528,-9.6000,3.2454,19.3200,28112.0651,1.2000,3.2199,19.3700,31509.3750,0,277712.0000,291196.0000
2019-04-01,2019,4,Antioquia,12,Sonido y video,0,79.2548,-9.6000,3.2454,19.3200,28112.0651,1.2000,3.2199,19.3700,31509.3750,0,277712.0000,291196.0000
2019-04-01,2019,4,Antioquia,14,"Ferreteria, vidrios y pinturas",0,91.7642,-9.6000,3.2454,19.3200,28112.0651,1.2000,3.2199,19.3700,31509.3750,0,277712.0000,291196.0000
2019-04-01,2019,4,Antioquia,15,Otras mercancias de uso domestico,0,87.2965,-9.6000,3.2454,19.3200,28112.0651,1.2000,3.2199,19.3700,31509.3750,0,277712.0000,291196.0000
2019-04-01,2019,4,Atlantico,4,Prendas de vestir y textiles,0,75.3133,-9.6000,3.2454,19.3200,28112.0651,1.2000,3.2199,19.3700,31509.3750,0,42760.0000,90257.0000
2019-04-01,2019,4,Atlantico,8,Electrodomesticos y muebles,1,89.5356,-9.6000,3.2454,19.3200,28112.0651,1.2000,3.2199,19.3700,31509.3750,0,42760.0000,90257.0000
2019-04-01,2019,4,Atlantico,9,Articulos y utensilios domesticos,0,86.4308,-9.6000,3.2454,19.3200,28112.0651,1.2000,3.2199,19.3700,31509.3750,0,42760.0000,90257.0000
2019-04-01,2019,4,Atlantico,10,Aseo del hogar,0,98.5737,-9.6000,3.2454,19.3200,28112.0651,1.2000,3.2199,19.3700,31509.3750,0,42760.0000,90257.0000
2019-04-01,2019,4,Atlantico,11,Informatica y telecomunicaciones,0,87.8491,-9.6000,3.2454,19.3200,28112.0651,1.2000,3.2199,19.3700,31509.3750,0,42760.0000,90257.0000
2019-04-01,2019,4,Atlantico,12,Sonido y video,0,84.2289,-9.6000,3.2454,19.3200,28112.0651,1.2000,3.2199,19.3700,31509.3750,0,42760.0000,90257.0000
2019-04-01,2019,4,Atlantico,14,"Ferreteria, vidrios y pinturas",0,94.4584,-9.6000,3.2454,19.3200,28112.0651,1.2000,3.2199,19.3700,31509.3750,0,42760.0000,90257.0000
2019-04-01,2019,4,Atlantico,15,Otras mercancias de uso domestico,0,88.7743,-9.6000,3.2454,19.3200,28112.0651,1.2000,3.2199,19.3700,31509.3750,0,42760.0000,90257.0000
2019-04-01,2019,4,Bogota,4,Prendas de vestir y textiles,0,66.8888,-9.6000,3.2454,19.3200,28112.0651,1.2000,3.2199,19.3700,31509.3750,0,192199.0000,325930.0000
2019-04-01,2019,4,Bogota,8,Electrodomesticos y muebles,1,82.0798,-9.6000,3.2454,19.3200,28112.0651,1.2000,3.2199,19.3700,31509.3750,0,192199.0000,325930.0000
2019-04-01,2019,4,Bogota,9,Articulos y utensilios domesticos,0,78.6469,-9.6000,3.2454,19.3200,28112.0651,1.2000,3.2199,19.3700,31509.3750,0,192199.0000,325930.0000
2019-04-01,2019,4,Bogota,10,Aseo del hogar,0,85.3930,-9.6000,3.2454,19.3200,28112.0651,1.2000,3.2199,19.3700,31509.3750,0,192199.0000,325930.0000
2019-04-01,2019,4,Bogota,11,Informatica y telecomunicaciones,0,75.6601,-9.6000,3.2454,19.3200,28112.0651,1.2000,3.2199,19.3700,31509.3750,0,192199.0000,325930.0000
2019-04-01,2019,4,Bogota,12,Sonido y video,0,77.3941,-9.6000,3.2454,19.3200,28112.0651,1.2000,3.2199,19.3700,31509.3750,0,192199.0000,325930.0000
2019-04-01,2019,4,Bogota,14,"Ferreteria, vidrios y pinturas",0,87.5475,-9.6000,3.2454,19.3200,28112.0651,1.2000,3.2199,19.3700,31509.3750,0,192199.0000,325930.0000
2019-04-01,2019,4,Bogota,15,Otras mercancias de uso domestico,0,79.7423,-9.6000,3.2454,19.3200,28112.0651,1.2000,3.2199,19.3700,31509.3750,0,192199.0000,325930.0000
2019-04-01,2019,4,Cundinamarca,4,Prendas de vestir y textiles,0,71.3252,-9.6000,3.2454,19.3200,28112.0651,1.2000,3.2199,19.3700,31509.3750,0,249146.0000,96575.0000
2019-04-01,2019,4,Cundinamarca,8,Electrodomesticos y muebles,1,88.4966,-9.6000,3.2454,19.3200,28112.0651,1.2000,3.2199,19.3700,31509.3750,0,249146.0000,96575.0000
2019-04-01,2019,4,Cundinamarca,9,Articulos y utensilios domesticos,0,83.6300,-9.6000,3.2454,19.3200,28112.0651,1.2000,3.2199,19.3700,31509.3750,0,249146.0000,96575.0000
2019-04-01,2019,4,Cundinamarca,10,Aseo del hogar,0,94.9093,-9.6000,3.2454,19.3200,28112.0651,1.2000,3.2199,19.3700,31509.3750,0,249146.0000,96575.0000
2019-04-01,2019,4,Cundinamarca,11,Informatica y telecomunicaciones,0,82.9340,-9.6000,3.2454,19.3200,28112.0651,1.2000,3.2199,19.3700,31509.3750,0,249146.0000,96575.0000
2019-04-01,2019,4,Cundinamarca,12,Sonido y video,0,79.7650,-9.6000,3.2454,19.3200,28112.0651,1.2000,3.2199,19.3700,31509.3750,0,249146.0000,96575.0000
2019-04-01,2019,4,Cundinamarca,14,"Ferreteria, vidrios y pinturas",0,89.9642,-9.6000,3.2454,19.3200,28112.0651,1.2000,3.2199,19.3700,31509.3750,0,249146.0000,96575.0000
2019-04-01,2019,4,Cundinamarca,15,Otras mercancias de uso domestico,0,86.1179,-9.6000,3.2454,19.3200,28112.0651,1.2000,3.2199,19.3700,31509.3750,0,249146.0000,96575.0000
2019-04-01,2019,4,Santander,4,Prendas de vestir y textiles,0,74.3507,-9.6000,3.2454,19.3200,28112.0651,1.2000,3.2199,19.3700,31509.3750,0,100116.0000,84976.0000
2019-04-01,2019,4,Santander,8,Electrodomesticos y muebles,1,91.4238,-9.6000,3.2454,19.3200,28112.0651,1.2000,3.2199,19.3700,31509.3750,0,100116.0000,84976.0000
2019-04-01,2019,4,Santander,9,Articulos y utensilios domesticos,0,87.1694,-9.6000,3.2454,19.3200,28112.0651,1.2000,3.2199,19.3700,31509.3750,0,100116.0000,84976.0000
2019-04-01,2019,4,Santander,10,Aseo del hogar,0,98.9085,-9.6000,3.2454,19.3200,28112.0651,1.2000,3.2199,19.3700,31509.3750,0,100116.0000,84976.0000
2019-04-01,2019,4,Santander,11,Informatica y telecomunicaciones,0,83.4650,-9.6000,3.2454,19.3200,28112.0651,1.2000,3.2199,19.3700,31509.3750,0,100116.0000,84976.0000
2019-04-01,2019,4,Santander,12,Sonido y video,0,83.7571,-9.6000,3.2454,19.3200,28112.0651,1.2000,3.2199,19.3700,31509.3750,0,100116.0000,84976.0000
2019-04-01,2019,4,Santander,14,"Ferreteria, vidrios y pinturas",0,92.4036,-9.6000,3.2454,19.3200,28112.0651,1.2000,3.2199,19.3700,31509.3750,0,100116.0000,84976.0000
2019-04-01,2019,4,Santander,15,Otras mercancias de uso domestico,0,86.7931,-9.6000,3.2454,19.3200,28112.0651,1.2000,3.2199,19.3700,31509.3750,0,100116.0000,84976.0000
2019-04-01,2019,4,Valle del Cauca,4,Prendas de vestir y textiles,0,66.9089,-9.6000,3.2454,19.3200,28112.0651,1.2000,3.2199,19.3700,31509.3750,0,228884.0000,102741.0000
2019-04-01,2019,4,Valle del Cauca,8,Electrodomesticos y muebles,1,82.4121,-9.6000,3.2454,19.3200,28112.0651,1.2000,3.2199,19.3700,31509.3750,0,228884.0000,102741.0000
2019-04-01,2019,4,Valle del Cauca,9,Articulos y utensilios domesticos,0,81.9886,-9.6000,3.2454,19.3200,28112.0651,1.2000,3.2199,19.3700,31509.3750,0,228884.0000,102741.0000
2019-04-01,2019,4,Valle del Cauca,10,Aseo del hogar,0,89.9900,-9.6000,3.2454,19.3200,28112.0651,1.2000,3.2199,19.3700,31509.3750,0,228884.0000,102741.0000
2019-04-01,2019,4,Valle del Cauca,11,Informatica y telecomunicaciones,0,79.6165,-9.6000,3.2454,19.3200,28112.0651,1.2000,3.2199,19.3700,31509.3750,0,228884.0000,102741.0000
2019-04-01,2019,4,Valle del Cauca,12,Sonido y video,0,78.9350,-9.6000,3.2454,19.3200,28112.0651,1.2000,3.2199,19.3700,31509.3750,0,228884.0000,102741.0000
2019-04-01,2019,4,Valle del Cauca,14,"Ferreteria, vidrios y pinturas",0,87.6512,-9.6000,3.2454,19.3200,28112.0651,1.2000,3.2199,19.3700,31509.3750,0,228884.0000,102741.0000
2019-04-01,2019,4,Valle del Cauca,15,Otras mercancias de uso domestico,0,84.4032,-9.6000,3.2454,19.3200,28112.0651,1.2000,3.2199,19.3700,31509.3750,0,228884.0000,102741.0000
2019-04-01,2019,4,Otros departamentos,4,Prendas de vestir y textiles,0,72.7070,-9.6000,3.2454,19.3200,28112.0651,1.2000,3.2199,19.3700,31509.3750,0,422305.0000,630148.0000
2019-04-01,2019,4,Otros departamentos,8,Electrodomesticos y muebles,1,89.1536,-9.6000,3.2454,19.3200,28112.0651,1.2000,3.2199,19.3700,31509.3750,0,422305.0000,630148.0000
2019-04-01,2019,4,Otros departamentos,9,Articulos y utensilios domesticos,0,86.3512,-9.6000,3.2454,19.3200,28112.0651,1.2000,3.2199,19.3700,31509.3750,0,422305.0000,630148.0000
2019-04-01,2019,4,Otros departamentos,10,Aseo del hogar,0,93.8395,-9.6000,3.2454,19.3200,28112.0651,1.2000,3.2199,19.3700,31509.3750,0,422305.0000,630148.0000
2019-04-01,2019,4,Otros departamentos,11,Informatica y telecomunicaciones,0,84.0859,-9.6000,3.2454,19.3200,28112.0651,1.2000,3.2199,19.3700,31509.3750,0,422305.0000,630148.0000
2019-04-01,2019,4,Otros departamentos,12,Sonido y video,0,80.9686,-9.6000,3.2454,19.3200,28112.0651,1.2000,3.2199,19.3700,31509.3750,0,422305.0000,630148.0000
2019-04-01,2019,4,Otros departamentos,14,"Ferreteria, vidrios y pinturas",0,94.2168,-9.6000,3.2454,19.3200,28112.0651,1.2000,3.2199,19.3700,31509.3750,0,422305.0000,630148.0000
2019-04-01,2019,4,Otros departamentos,15,Otras mercancias de uso domestico,0,86.6908,-9.6000,3.2454,19.3200,28112.0651,1.2000,3.2199,19.3700,31509.3750,0,422305.0000,630148.0000
2019-05-01,2019,5,Antioquia,4,Prendas de vestir y textiles,0,84.6460,-5.0000,3.3078,19.3400,30511.9727,-9.6000,3.2454,19.3200,28112.0651,0,221195.0000,277712.0000
2019-05-01,2019,5,Antioquia,8,Electrodomesticos y muebles,1,96.5355,-5.0000,3.3078,19.3400,30511.9727,-9.6000,3.2454,19.3200,28112.0651,0,221195.0000,277712.0000
2019-05-01,2019,5,Antioquia,9,Articulos y utensilios domesticos,0,89.1679,-5.0000,3.3078,19.3400,30511.9727,-9.6000,3.2454,19.3200,28112.0651,0,221195.0000,277712.0000
2019-05-01,2019,5,Antioquia,10,Aseo del hogar,0,101.1439,-5.0000,3.3078,19.3400,30511.9727,-9.6000,3.2454,19.3200,28112.0651,0,221195.0000,277712.0000
2019-05-01,2019,5,Antioquia,11,Informatica y telecomunicaciones,0,90.5045,-5.0000,3.3078,19.3400,30511.9727,-9.6000,3.2454,19.3200,28112.0651,0,221195.0000,277712.0000
2019-05-01,2019,5,Antioquia,12,Sonido y video,0,94.8629,-5.0000,3.3078,19.3400,30511.9727,-9.6000,3.2454,19.3200,28112.0651,0,221195.0000,277712.0000
2019-05-01,2019,5,Antioquia,14,"Ferreteria, vidrios y pinturas",0,96.6416,-5.0000,3.3078,19.3400,30511.9727,-9.6000,3.2454,19.3200,28112.0651,0,221195.0000,277712.0000
2019-05-01,2019,5,Antioquia,15,Otras mercancias de uso domestico,0,90.4438,-5.0000,3.3078,19.3400,30511.9727,-9.6000,3.2454,19.3200,28112.0651,0,221195.0000,277712.0000
2019-05-01,2019,5,Atlantico,4,Prendas de vestir y textiles,0,86.1711,-5.0000,3.3078,19.3400,30511.9727,-9.6000,3.2454,19.3200,28112.0651,0,62500.0000,42760.0000
2019-05-01,2019,5,Atlantico,8,Electrodomesticos y muebles,1,98.7303,-5.0000,3.3078,19.3400,30511.9727,-9.6000,3.2454,19.3200,28112.0651,0,62500.0000,42760.0000
2019-05-01,2019,5,Atlantico,9,Articulos y utensilios domesticos,0,85.1306,-5.0000,3.3078,19.3400,30511.9727,-9.6000,3.2454,19.3200,28112.0651,0,62500.0000,42760.0000
2019-05-01,2019,5,Atlantico,10,Aseo del hogar,0,97.2721,-5.0000,3.3078,19.3400,30511.9727,-9.6000,3.2454,19.3200,28112.0651,0,62500.0000,42760.0000
2019-05-01,2019,5,Atlantico,11,Informatica y telecomunicaciones,0,91.5211,-5.0000,3.3078,19.3400,30511.9727,-9.6000,3.2454,19.3200,28112.0651,0,62500.0000,42760.0000
2019-05-01,2019,5,Atlantico,12,Sonido y video,0,96.9808,-5.0000,3.3078,19.3400,30511.9727,-9.6000,3.2454,19.3200,28112.0651,0,62500.0000,42760.0000
2019-05-01,2019,5,Atlantico,14,"Ferreteria, vidrios y pinturas",0,97.3537,-5.0000,3.3078,19.3400,30511.9727,-9.6000,3.2454,19.3200,28112.0651,0,62500.0000,42760.0000
2019-05-01,2019,5,Atlantico,15,Otras mercancias de uso domestico,0,89.9581,-5.0000,3.3078,19.3400,30511.9727,-9.6000,3.2454,19.3200,28112.0651,0,62500.0000,42760.0000
2019-05-01,2019,5,Bogota,4,Prendas de vestir y textiles,0,82.3347,-5.0000,3.3078,19.3400,30511.9727,-9.6000,3.2454,19.3200,28112.0651,0,323605.0000,192199.0000
2019-05-01,2019,5,Bogota,8,Electrodomesticos y muebles,1,95.9797,-5.0000,3.3078,19.3400,30511.9727,-9.6000,3.2454,19.3200,28112.0651,0,323605.0000,192199.0000
2019-05-01,2019,5,Bogota,9,Articulos y utensilios domesticos,0,82.7493,-5.0000,3.3078,19.3400,30511.9727,-9.6000,3.2454,19.3200,28112.0651,0,323605.0000,192199.0000
2019-05-01,2019,5,Bogota,10,Aseo del hogar,0,92.1202,-5.0000,3.3078,19.3400,30511.9727,-9.6000,3.2454,19.3200,28112.0651,0,323605.0000,192199.0000
2019-05-01,2019,5,Bogota,11,Informatica y telecomunicaciones,0,93.6988,-5.0000,3.3078,19.3400,30511.9727,-9.6000,3.2454,19.3200,28112.0651,0,323605.0000,192199.0000
2019-05-01,2019,5,Bogota,12,Sonido y video,0,94.6753,-5.0000,3.3078,19.3400,30511.9727,-9.6000,3.2454,19.3200,28112.0651,0,323605.0000,192199.0000
2019-05-01,2019,5,Bogota,14,"Ferreteria, vidrios y pinturas",0,97.2152,-5.0000,3.3078,19.3400,30511.9727,-9.6000,3.2454,19.3200,28112.0651,0,323605.0000,192199.0000
2019-05-01,2019,5,Bogota,15,Otras mercancias de uso domestico,0,91.6100,-5.0000,3.3078,19.3400,30511.9727,-9.6000,3.2454,19.3200,28112.0651,0,323605.0000,192199.0000
2019-05-01,2019,5,Cundinamarca,4,Prendas de vestir y textiles,0,89.4039,-5.0000,3.3078,19.3400,30511.9727,-9.6000,3.2454,19.3200,28112.0651,0,217689.0000,249146.0000
2019-05-01,2019,5,Cundinamarca,8,Electrodomesticos y muebles,1,97.0660,-5.0000,3.3078,19.3400,30511.9727,-9.6000,3.2454,19.3200,28112.0651,0,217689.0000,249146.0000
2019-05-01,2019,5,Cundinamarca,9,Articulos y utensilios domesticos,0,86.3351,-5.0000,3.3078,19.3400,30511.9727,-9.6000,3.2454,19.3200,28112.0651,0,217689.0000,249146.0000
2019-05-01,2019,5,Cundinamarca,10,Aseo del hogar,0,99.3606,-5.0000,3.3078,19.3400,30511.9727,-9.6000,3.2454,19.3200,28112.0651,0,217689.0000,249146.0000
2019-05-01,2019,5,Cundinamarca,11,Informatica y telecomunicaciones,0,96.7453,-5.0000,3.3078,19.3400,30511.9727,-9.6000,3.2454,19.3200,28112.0651,0,217689.0000,249146.0000
2019-05-01,2019,5,Cundinamarca,12,Sonido y video,0,95.2682,-5.0000,3.3078,19.3400,30511.9727,-9.6000,3.2454,19.3200,28112.0651,0,217689.0000,249146.0000
2019-05-01,2019,5,Cundinamarca,14,"Ferreteria, vidrios y pinturas",0,98.5159,-5.0000,3.3078,19.3400,30511.9727,-9.6000,3.2454,19.3200,28112.0651,0,217689.0000,249146.0000
2019-05-01,2019,5,Cundinamarca,15,Otras mercancias de uso domestico,0,92.7647,-5.0000,3.3078,19.3400,30511.9727,-9.6000,3.2454,19.3200,28112.0651,0,217689.0000,249146.0000
2019-05-01,2019,5,Santander,4,Prendas de vestir y textiles,0,87.5176,-5.0000,3.3078,19.3400,30511.9727,-9.6000,3.2454,19.3200,28112.0651,0,87903.0000,100116.0000
2019-05-01,2019,5,Santander,8,Electrodomesticos y muebles,1,99.5758,-5.0000,3.3078,19.3400,30511.9727,-9.6000,3.2454,19.3200,28112.0651,0,87903.0000,100116.0000
2019-05-01,2019,5,Santander,9,Articulos y utensilios domesticos,0,88.2465,-5.0000,3.3078,19.3400,30511.9727,-9.6000,3.2454,19.3200,28112.0651,0,87903.0000,100116.0000
2019-05-01,2019,5,Santander,10,Aseo del hogar,0,98.4286,-5.0000,3.3078,19.3400,30511.9727,-9.6000,3.2454,19.3200,28112.0651,0,87903.0000,100116.0000
2019-05-01,2019,5,Santander,11,Informatica y telecomunicaciones,0,93.4771,-5.0000,3.3078,19.3400,30511.9727,-9.6000,3.2454,19.3200,28112.0651,0,87903.0000,100116.0000
2019-05-01,2019,5,Santander,12,Sonido y video,0,98.5733,-5.0000,3.3078,19.3400,30511.9727,-9.6000,3.2454,19.3200,28112.0651,0,87903.0000,100116.0000
2019-05-01,2019,5,Santander,14,"Ferreteria, vidrios y pinturas",0,100.2018,-5.0000,3.3078,19.3400,30511.9727,-9.6000,3.2454,19.3200,28112.0651,0,87903.0000,100116.0000
2019-05-01,2019,5,Santander,15,Otras mercancias de uso domestico,0,90.6228,-5.0000,3.3078,19.3400,30511.9727,-9.6000,3.2454,19.3200,28112.0651,0,87903.0000,100116.0000
2019-05-01,2019,5,Valle del Cauca,4,Prendas de vestir y textiles,0,83.1935,-5.0000,3.3078,19.3400,30511.9727,-9.6000,3.2454,19.3200,28112.0651,0,151513.0000,228884.0000
2019-05-01,2019,5,Valle del Cauca,8,Electrodomesticos y muebles,1,96.8239,-5.0000,3.3078,19.3400,30511.9727,-9.6000,3.2454,19.3200,28112.0651,0,151513.0000,228884.0000
2019-05-01,2019,5,Valle del Cauca,9,Articulos y utensilios domesticos,0,86.4888,-5.0000,3.3078,19.3400,30511.9727,-9.6000,3.2454,19.3200,28112.0651,0,151513.0000,228884.0000
2019-05-01,2019,5,Valle del Cauca,10,Aseo del hogar,0,96.7642,-5.0000,3.3078,19.3400,30511.9727,-9.6000,3.2454,19.3200,28112.0651,0,151513.0000,228884.0000
2019-05-01,2019,5,Valle del Cauca,11,Informatica y telecomunicaciones,0,92.3949,-5.0000,3.3078,19.3400,30511.9727,-9.6000,3.2454,19.3200,28112.0651,0,151513.0000,228884.0000
2019-05-01,2019,5,Valle del Cauca,12,Sonido y video,0,96.6894,-5.0000,3.3078,19.3400,30511.9727,-9.6000,3.2454,19.3200,28112.0651,0,151513.0000,228884.0000
2019-05-01,2019,5,Valle del Cauca,14,"Ferreteria, vidrios y pinturas",0,96.7628,-5.0000,3.3078,19.3400,30511.9727,-9.6000,3.2454,19.3200,28112.0651,0,151513.0000,228884.0000
2019-05-01,2019,5,Valle del Cauca,15,Otras mercancias de uso domestico,0,91.4616,-5.0000,3.3078,19.3400,30511.9727,-9.6000,3.2454,19.3200,28112.0651,0,151513.0000,228884.0000
2019-05-01,2019,5,Otros departamentos,4,Prendas de vestir y textiles,0,85.7697,-5.0000,3.3078,19.3400,30511.9727,-9.6000,3.2454,19.3200,28112.0651,0,669047.0000,422305.0000
2019-05-01,2019,5,Otros departamentos,8,Electrodomesticos y muebles,1,102.2164,-5.0000,3.3078,19.3400,30511.9727,-9.6000,3.2454,19.3200,28112.0651,0,669047.0000,422305.0000
2019-05-01,2019,5,Otros departamentos,9,Articulos y utensilios domesticos,0,90.3365,-5.0000,3.3078,19.3400,30511.9727,-9.6000,3.2454,19.3200,28112.0651,0,669047.0000,422305.0000
2019-05-01,2019,5,Otros departamentos,10,Aseo del hogar,0,98.2671,-5.0000,3.3078,19.3400,30511.9727,-9.6000,3.2454,19.3200,28112.0651,0,669047.0000,422305.0000
2019-05-01,2019,5,Otros departamentos,11,Informatica y telecomunicaciones,0,93.2717,-5.0000,3.3078,19.3400,30511.9727,-9.6000,3.2454,19.3200,28112.0651,0,669047.0000,422305.0000
2019-05-01,2019,5,Otros departamentos,12,Sonido y video,0,95.4593,-5.0000,3.3078,19.3400,30511.9727,-9.6000,3.2454,19.3200,28112.0651,0,669047.0000,422305.0000
2019-05-01,2019,5,Otros departamentos,14,"Ferreteria, vidrios y pinturas",0,103.1248,-5.0000,3.3078,19.3400,30511.9727,-9.6000,3.2454,19.3200,28112.0651,0,669047.0000,422305.0000
2019-05-01,2019,5,Otros departamentos,15,Otras mercancias de uso domestico,0,91.9127,-5.0000,3.3078,19.3400,30511.9727,-9.6000,3.2454,19.3200,28112.0651,0,669047.0000,422305.0000
2019-06-01,2019,6,Antioquia,4,Prendas de vestir y textiles,0,98.8384,-6.3000,3.4236,19.3000,33746.0760,-5.0000,3.3078,19.3400,30511.9727,0,270708.0000,221195.0000
2019-06-01,2019,6,Antioquia,8,Electrodomesticos y muebles,1,94.6444,-6.3000,3.4236,19.3000,33746.0760,-5.0000,3.3078,19.3400,30511.9727,0,270708.0000,221195.0000
2019-06-01,2019,6,Antioquia,9,Articulos y utensilios domesticos,0,92.4854,-6.3000,3.4236,19.3000,33746.0760,-5.0000,3.3078,19.3400,30511.9727,0,270708.0000,221195.0000
2019-06-01,2019,6,Antioquia,10,Aseo del hogar,0,102.6464,-6.3000,3.4236,19.3000,33746.0760,-5.0000,3.3078,19.3400,30511.9727,0,270708.0000,221195.0000
2019-06-01,2019,6,Antioquia,11,Informatica y telecomunicaciones,0,86.1234,-6.3000,3.4236,19.3000,33746.0760,-5.0000,3.3078,19.3400,30511.9727,0,270708.0000,221195.0000
2019-06-01,2019,6,Antioquia,12,Sonido y video,0,112.2138,-6.3000,3.4236,19.3000,33746.0760,-5.0000,3.3078,19.3400,30511.9727,0,270708.0000,221195.0000
2019-06-01,2019,6,Antioquia,14,"Ferreteria, vidrios y pinturas",0,92.1156,-6.3000,3.4236,19.3000,33746.0760,-5.0000,3.3078,19.3400,30511.9727,0,270708.0000,221195.0000
2019-06-01,2019,6,Antioquia,15,Otras mercancias de uso domestico,0,92.1644,-6.3000,3.4236,19.3000,33746.0760,-5.0000,3.3078,19.3400,30511.9727,0,270708.0000,221195.0000
2019-06-01,2019,6,Atlantico,4,Prendas de vestir y textiles,0,98.0063,-6.3000,3.4236,19.3000,33746.0760,-5.0000,3.3078,19.3400,30511.9727,0,34658.0000,62500.0000
2019-06-01,2019,6,Atlantico,8,Electrodomesticos y muebles,1,97.8133,-6.3000,3.4236,19.3000,33746.0760,-5.0000,3.3078,19.3400,30511.9727,0,34658.0000,62500.0000
2019-06-01,2019,6,Atlantico,9,Articulos y utensilios domesticos,0,87.6688,-6.3000,3.4236,19.3000,33746.0760,-5.0000,3.3078,19.3400,30511.9727,0,34658.0000,62500.0000
2019-06-01,2019,6,Atlantico,10,Aseo del hogar,0,99.1099,-6.3000,3.4236,19.3000,33746.0760,-5.0000,3.3078,19.3400,30511.9727,0,34658.0000,62500.0000
2019-06-01,2019,6,Atlantico,11,Informatica y telecomunicaciones,0,89.7458,-6.3000,3.4236,19.3000,33746.0760,-5.0000,3.3078,19.3400,30511.9727,0,34658.0000,62500.0000
2019-06-01,2019,6,Atlantico,12,Sonido y video,0,109.2151,-6.3000,3.4236,19.3000,33746.0760,-5.0000,3.3078,19.3400,30511.9727,0,34658.0000,62500.0000
2019-06-01,2019,6,Atlantico,14,"Ferreteria, vidrios y pinturas",0,91.1611,-6.3000,3.4236,19.3000,33746.0760,-5.0000,3.3078,19.3400,30511.9727,0,34658.0000,62500.0000
2019-06-01,2019,6,Atlantico,15,Otras mercancias de uso domestico,0,91.4247,-6.3000,3.4236,19.3000,33746.0760,-5.0000,3.3078,19.3400,30511.9727,0,34658.0000,62500.0000
2019-06-01,2019,6,Bogota,4,Prendas de vestir y textiles,0,99.2119,-6.3000,3.4236,19.3000,33746.0760,-5.0000,3.3078,19.3400,30511.9727,0,264947.0000,323605.0000
2019-06-01,2019,6,Bogota,8,Electrodomesticos y muebles,1,98.6870,-6.3000,3.4236,19.3000,33746.0760,-5.0000,3.3078,19.3400,30511.9727,0,264947.0000,323605.0000
2019-06-01,2019,6,Bogota,9,Articulos y utensilios domesticos,0,86.7135,-6.3000,3.4236,19.3000,33746.0760,-5.0000,3.3078,19.3400,30511.9727,0,264947.0000,323605.0000
2019-06-01,2019,6,Bogota,10,Aseo del hogar,0,99.1393,-6.3000,3.4236,19.3000,33746.0760,-5.0000,3.3078,19.3400,30511.9727,0,264947.0000,323605.0000
2019-06-01,2019,6,Bogota,11,Informatica y telecomunicaciones,0,94.1911,-6.3000,3.4236,19.3000,33746.0760,-5.0000,3.3078,19.3400,30511.9727,0,264947.0000,323605.0000
2019-06-01,2019,6,Bogota,12,Sonido y video,0,112.7925,-6.3000,3.4236,19.3000,33746.0760,-5.0000,3.3078,19.3400,30511.9727,0,264947.0000,323605.0000
2019-06-01,2019,6,Bogota,14,"Ferreteria, vidrios y pinturas",0,95.5382,-6.3000,3.4236,19.3000,33746.0760,-5.0000,3.3078,19.3400,30511.9727,0,264947.0000,323605.0000
2019-06-01,2019,6,Bogota,15,Otras mercancias de uso domestico,0,94.4900,-6.3000,3.4236,19.3000,33746.0760,-5.0000,3.3078,19.3400,30511.9727,0,264947.0000,323605.0000
2019-06-01,2019,6,Cundinamarca,4,Prendas de vestir y textiles,0,100.4718,-6.3000,3.4236,19.3000,33746.0760,-5.0000,3.3078,19.3400,30511.9727,0,306072.0000,217689.0000
2019-06-01,2019,6,Cundinamarca,8,Electrodomesticos y muebles,1,95.2708,-6.3000,3.4236,19.3000,33746.0760,-5.0000,3.3078,19.3400,30511.9727,0,306072.0000,217689.0000
2019-06-01,2019,6,Cundinamarca,9,Articulos y utensilios domesticos,0,88.2109,-6.3000,3.4236,19.3000,33746.0760,-5.0000,3.3078,19.3400,30511.9727,0,306072.0000,217689.0000
2019-06-01,2019,6,Cundinamarca,10,Aseo del hogar,0,102.1446,-6.3000,3.4236,19.3000,33746.0760,-5.0000,3.3078,19.3400,30511.9727,0,306072.0000,217689.0000
2019-06-01,2019,6,Cundinamarca,11,Informatica y telecomunicaciones,0,91.3887,-6.3000,3.4236,19.3000,33746.0760,-5.0000,3.3078,19.3400,30511.9727,0,306072.0000,217689.0000
2019-06-01,2019,6,Cundinamarca,12,Sonido y video,0,115.6383,-6.3000,3.4236,19.3000,33746.0760,-5.0000,3.3078,19.3400,30511.9727,0,306072.0000,217689.0000
2019-06-01,2019,6,Cundinamarca,14,"Ferreteria, vidrios y pinturas",0,93.8249,-6.3000,3.4236,19.3000,33746.0760,-5.0000,3.3078,19.3400,30511.9727,0,306072.0000,217689.0000
2019-06-01,2019,6,Cundinamarca,15,Otras mercancias de uso domestico,0,93.4292,-6.3000,3.4236,19.3000,33746.0760,-5.0000,3.3078,19.3400,30511.9727,0,306072.0000,217689.0000
2019-06-01,2019,6,Santander,4,Prendas de vestir y textiles,0,99.4624,-6.3000,3.4236,19.3000,33746.0760,-5.0000,3.3078,19.3400,30511.9727,0,74298.0000,87903.0000
2019-06-01,2019,6,Santander,8,Electrodomesticos y muebles,1,96.5174,-6.3000,3.4236,19.3000,33746.0760,-5.0000,3.3078,19.3400,30511.9727,0,74298.0000,87903.0000
2019-06-01,2019,6,Santander,9,Articulos y utensilios domesticos,0,88.7019,-6.3000,3.4236,19.3000,33746.0760,-5.0000,3.3078,19.3400,30511.9727,0,74298.0000,87903.0000
2019-06-01,2019,6,Santander,10,Aseo del hogar,0,96.4478,-6.3000,3.4236,19.3000,33746.0760,-5.0000,3.3078,19.3400,30511.9727,0,74298.0000,87903.0000
2019-06-01,2019,6,Santander,11,Informatica y telecomunicaciones,0,86.4925,-6.3000,3.4236,19.3000,33746.0760,-5.0000,3.3078,19.3400,30511.9727,0,74298.0000,87903.0000
2019-06-01,2019,6,Santander,12,Sonido y video,0,110.5941,-6.3000,3.4236,19.3000,33746.0760,-5.0000,3.3078,19.3400,30511.9727,0,74298.0000,87903.0000
2019-06-01,2019,6,Santander,14,"Ferreteria, vidrios y pinturas",0,92.0580,-6.3000,3.4236,19.3000,33746.0760,-5.0000,3.3078,19.3400,30511.9727,0,74298.0000,87903.0000
2019-06-01,2019,6,Santander,15,Otras mercancias de uso domestico,0,87.4548,-6.3000,3.4236,19.3000,33746.0760,-5.0000,3.3078,19.3400,30511.9727,0,74298.0000,87903.0000
2019-06-01,2019,6,Valle del Cauca,4,Prendas de vestir y textiles,0,97.5025,-6.3000,3.4236,19.3000,33746.0760,-5.0000,3.3078,19.3400,30511.9727,0,144989.0000,151513.0000
2019-06-01,2019,6,Valle del Cauca,8,Electrodomesticos y muebles,1,96.4207,-6.3000,3.4236,19.3000,33746.0760,-5.0000,3.3078,19.3400,30511.9727,0,144989.0000,151513.0000
2019-06-01,2019,6,Valle del Cauca,9,Articulos y utensilios domesticos,0,90.4311,-6.3000,3.4236,19.3000,33746.0760,-5.0000,3.3078,19.3400,30511.9727,0,144989.0000,151513.0000
2019-06-01,2019,6,Valle del Cauca,10,Aseo del hogar,0,99.6251,-6.3000,3.4236,19.3000,33746.0760,-5.0000,3.3078,19.3400,30511.9727,0,144989.0000,151513.0000
2019-06-01,2019,6,Valle del Cauca,11,Informatica y telecomunicaciones,0,90.6515,-6.3000,3.4236,19.3000,33746.0760,-5.0000,3.3078,19.3400,30511.9727,0,144989.0000,151513.0000
2019-06-01,2019,6,Valle del Cauca,12,Sonido y video,0,114.7810,-6.3000,3.4236,19.3000,33746.0760,-5.0000,3.3078,19.3400,30511.9727,0,144989.0000,151513.0000
2019-06-01,2019,6,Valle del Cauca,14,"Ferreteria, vidrios y pinturas",0,88.7981,-6.3000,3.4236,19.3000,33746.0760,-5.0000,3.3078,19.3400,30511.9727,0,144989.0000,151513.0000
2019-06-01,2019,6,Valle del Cauca,15,Otras mercancias de uso domestico,0,91.8648,-6.3000,3.4236,19.3000,33746.0760,-5.0000,3.3078,19.3400,30511.9727,0,144989.0000,151513.0000
2019-06-01,2019,6,Otros departamentos,4,Prendas de vestir y textiles,0,97.3051,-6.3000,3.4236,19.3000,33746.0760,-5.0000,3.3078,19.3400,30511.9727,0,410928.0000,669047.0000
2019-06-01,2019,6,Otros departamentos,8,Electrodomesticos y muebles,1,100.1774,-6.3000,3.4236,19.3000,33746.0760,-5.0000,3.3078,19.3400,30511.9727,0,410928.0000,669047.0000
2019-06-01,2019,6,Otros departamentos,9,Articulos y utensilios domesticos,0,94.3574,-6.3000,3.4236,19.3000,33746.0760,-5.0000,3.3078,19.3400,30511.9727,0,410928.0000,669047.0000
2019-06-01,2019,6,Otros departamentos,10,Aseo del hogar,0,101.4731,-6.3000,3.4236,19.3000,33746.0760,-5.0000,3.3078,19.3400,30511.9727,0,410928.0000,669047.0000
2019-06-01,2019,6,Otros departamentos,11,Informatica y telecomunicaciones,0,88.5283,-6.3000,3.4236,19.3000,33746.0760,-5.0000,3.3078,19.3400,30511.9727,0,410928.0000,669047.0000
2019-06-01,2019,6,Otros departamentos,12,Sonido y video,0,111.9864,-6.3000,3.4236,19.3000,33746.0760,-5.0000,3.3078,19.3400,30511.9727,0,410928.0000,669047.0000
2019-06-01,2019,6,Otros departamentos,14,"Ferreteria, vidrios y pinturas",0,95.6977,-6.3000,3.4236,19.3000,33746.0760,-5.0000,3.3078,19.3400,30511.9727,0,410928.0000,669047.0000
2019-06-01,2019,6,Otros departamentos,15,Otras mercancias de uso domestico,0,91.4527,-6.3000,3.4236,19.3000,33746.0760,-5.0000,3.3078,19.3400,30511.9727,0,410928.0000,669047.0000
2019-07-01,2019,7,Antioquia,4,Prendas de vestir y textiles,0,92.9326,-5.1000,3.7911,19.2800,34408.8733,-6.3000,3.4236,19.3000,33746.0760,0,239582.0000,270708.0000
2019-07-01,2019,7,Antioquia,8,Electrodomesticos y muebles,1,105.2973,-5.1000,3.7911,19.2800,34408.8733,-6.3000,3.4236,19.3000,33746.0760,0,239582.0000,270708.0000
2019-07-01,2019,7,Antioquia,9,Articulos y utensilios domesticos,0,104.6589,-5.1000,3.7911,19.2800,34408.8733,-6.3000,3.4236,19.3000,33746.0760,0,239582.0000,270708.0000
2019-07-01,2019,7,Antioquia,10,Aseo del hogar,0,107.0034,-5.1000,3.7911,19.2800,34408.8733,-6.3000,3.4236,19.3000,33746.0760,0,239582.0000,270708.0000
2019-07-01,2019,7,Antioquia,11,Informatica y telecomunicaciones,0,89.5498,-5.1000,3.7911,19.2800,34408.8733,-6.3000,3.4236,19.3000,33746.0760,0,239582.0000,270708.0000
2019-07-01,2019,7,Antioquia,12,Sonido y video,0,98.7536,-5.1000,3.7911,19.2800,34408.8733,-6.3000,3.4236,19.3000,33746.0760,0,239582.0000,270708.0000
2019-07-01,2019,7,Antioquia,14,"Ferreteria, vidrios y pinturas",0,106.0926,-5.1000,3.7911,19.2800,34408.8733,-6.3000,3.4236,19.3000,33746.0760,0,239582.0000,270708.0000
2019-07-01,2019,7,Antioquia,15,Otras mercancias de uso domestico,0,93.6129,-5.1000,3.7911,19.2800,34408.8733,-6.3000,3.4236,19.3000,33746.0760,0,239582.0000,270708.0000
2019-07-01,2019,7,Atlantico,4,Prendas de vestir y textiles,0,94.2217,-5.1000,3.7911,19.2800,34408.8733,-6.3000,3.4236,19.3000,33746.0760,0,93611.0000,34658.0000
2019-07-01,2019,7,Atlantico,8,Electrodomesticos y muebles,1,101.5748,-5.1000,3.7911,19.2800,34408.8733,-6.3000,3.4236,19.3000,33746.0760,0,93611.0000,34658.0000
2019-07-01,2019,7,Atlantico,9,Articulos y utensilios domesticos,0,96.8269,-5.1000,3.7911,19.2800,34408.8733,-6.3000,3.4236,19.3000,33746.0760,0,93611.0000,34658.0000
2019-07-01,2019,7,Atlantico,10,Aseo del hogar,0,102.9032,-5.1000,3.7911,19.2800,34408.8733,-6.3000,3.4236,19.3000,33746.0760,0,93611.0000,34658.0000
2019-07-01,2019,7,Atlantico,11,Informatica y telecomunicaciones,0,91.2060,-5.1000,3.7911,19.2800,34408.8733,-6.3000,3.4236,19.3000,33746.0760,0,93611.0000,34658.0000
2019-07-01,2019,7,Atlantico,12,Sonido y video,0,97.2585,-5.1000,3.7911,19.2800,34408.8733,-6.3000,3.4236,19.3000,33746.0760,0,93611.0000,34658.0000
2019-07-01,2019,7,Atlantico,14,"Ferreteria, vidrios y pinturas",0,104.0690,-5.1000,3.7911,19.2800,34408.8733,-6.3000,3.4236,19.3000,33746.0760,0,93611.0000,34658.0000
2019-07-01,2019,7,Atlantico,15,Otras mercancias de uso domestico,0,92.1582,-5.1000,3.7911,19.2800,34408.8733,-6.3000,3.4236,19.3000,33746.0760,0,93611.0000,34658.0000
2019-07-01,2019,7,Bogota,4,Prendas de vestir y textiles,0,88.9856,-5.1000,3.7911,19.2800,34408.8733,-6.3000,3.4236,19.3000,33746.0760,0,325154.0000,264947.0000
2019-07-01,2019,7,Bogota,8,Electrodomesticos y muebles,1,103.8187,-5.1000,3.7911,19.2800,34408.8733,-6.3000,3.4236,19.3000,33746.0760,0,325154.0000,264947.0000
2019-07-01,2019,7,Bogota,9,Articulos y utensilios domesticos,0,95.9077,-5.1000,3.7911,19.2800,34408.8733,-6.3000,3.4236,19.3000,33746.0760,0,325154.0000,264947.0000
2019-07-01,2019,7,Bogota,10,Aseo del hogar,0,99.3572,-5.1000,3.7911,19.2800,34408.8733,-6.3000,3.4236,19.3000,33746.0760,0,325154.0000,264947.0000
2019-07-01,2019,7,Bogota,11,Informatica y telecomunicaciones,0,93.8470,-5.1000,3.7911,19.2800,34408.8733,-6.3000,3.4236,19.3000,33746.0760,0,325154.0000,264947.0000
2019-07-01,2019,7,Bogota,12,Sonido y video,0,94.4343,-5.1000,3.7911,19.2800,34408.8733,-6.3000,3.4236,19.3000,33746.0760,0,325154.0000,264947.0000
2019-07-01,2019,7,Bogota,14,"Ferreteria, vidrios y pinturas",0,101.8977,-5.1000,3.7911,19.2800,34408.8733,-6.3000,3.4236,19.3000,33746.0760,0,325154.0000,264947.0000
2019-07-01,2019,7,Bogota,15,Otras mercancias de uso domestico,0,89.8257,-5.1000,3.7911,19.2800,34408.8733,-6.3000,3.4236,19.3000,33746.0760,0,325154.0000,264947.0000
2019-07-01,2019,7,Cundinamarca,4,Prendas de vestir y textiles,0,90.4038,-5.1000,3.7911,19.2800,34408.8733,-6.3000,3.4236,19.3000,33746.0760,0,278199.0000,306072.0000
2019-07-01,2019,7,Cundinamarca,8,Electrodomesticos y muebles,1,101.1059,-5.1000,3.7911,19.2800,34408.8733,-6.3000,3.4236,19.3000,33746.0760,0,278199.0000,306072.0000
2019-07-01,2019,7,Cundinamarca,9,Articulos y utensilios domesticos,0,96.9415,-5.1000,3.7911,19.2800,34408.8733,-6.3000,3.4236,19.3000,33746.0760,0,278199.0000,306072.0000
2019-07-01,2019,7,Cundinamarca,10,Aseo del hogar,0,99.2382,-5.1000,3.7911,19.2800,34408.8733,-6.3000,3.4236,19.3000,33746.0760,0,278199.0000,306072.0000
2019-07-01,2019,7,Cundinamarca,11,Informatica y telecomunicaciones,0,91.7749,-5.1000,3.7911,19.2800,34408.8733,-6.3000,3.4236,19.3000,33746.0760,0,278199.0000,306072.0000
2019-07-01,2019,7,Cundinamarca,12,Sonido y video,0,97.8835,-5.1000,3.7911,19.2800,34408.8733,-6.3000,3.4236,19.3000,33746.0760,0,278199.0000,306072.0000
2019-07-01,2019,7,Cundinamarca,14,"Ferreteria, vidrios y pinturas",0,101.1469,-5.1000,3.7911,19.2800,34408.8733,-6.3000,3.4236,19.3000,33746.0760,0,278199.0000,306072.0000
2019-07-01,2019,7,Cundinamarca,15,Otras mercancias de uso domestico,0,88.3979,-5.1000,3.7911,19.2800,34408.8733,-6.3000,3.4236,19.3000,33746.0760,0,278199.0000,306072.0000
2019-07-01,2019,7,Santander,4,Prendas de vestir y textiles,0,93.7585,-5.1000,3.7911,19.2800,34408.8733,-6.3000,3.4236,19.3000,33746.0760,0,57574.0000,74298.0000
2019-07-01,2019,7,Santander,8,Electrodomesticos y muebles,1,106.5017,-5.1000,3.7911,19.2800,34408.8733,-6.3000,3.4236,19.3000,33746.0760,0,57574.0000,74298.0000
2019-07-01,2019,7,Santander,9,Articulos y utensilios domesticos,0,99.3292,-5.1000,3.7911,19.2800,34408.8733,-6.3000,3.4236,19.3000,33746.0760,0,57574.0000,74298.0000
2019-07-01,2019,7,Santander,10,Aseo del hogar,0,103.3485,-5.1000,3.7911,19.2800,34408.8733,-6.3000,3.4236,19.3000,33746.0760,0,57574.0000,74298.0000
2019-07-01,2019,7,Santander,11,Informatica y telecomunicaciones,0,93.5809,-5.1000,3.7911,19.2800,34408.8733,-6.3000,3.4236,19.3000,33746.0760,0,57574.0000,74298.0000
2019-07-01,2019,7,Santander,12,Sonido y video,0,97.8661,-5.1000,3.7911,19.2800,34408.8733,-6.3000,3.4236,19.3000,33746.0760,0,57574.0000,74298.0000
2019-07-01,2019,7,Santander,14,"Ferreteria, vidrios y pinturas",0,105.9267,-5.1000,3.7911,19.2800,34408.8733,-6.3000,3.4236,19.3000,33746.0760,0,57574.0000,74298.0000
2019-07-01,2019,7,Santander,15,Otras mercancias de uso domestico,0,92.7042,-5.1000,3.7911,19.2800,34408.8733,-6.3000,3.4236,19.3000,33746.0760,0,57574.0000,74298.0000
2019-07-01,2019,7,Valle del Cauca,4,Prendas de vestir y textiles,0,91.7197,-5.1000,3.7911,19.2800,34408.8733,-6.3000,3.4236,19.3000,33746.0760,0,92985.0000,144989.0000
2019-07-01,2019,7,Valle del Cauca,8,Electrodomesticos y muebles,1,101.3386,-5.1000,3.7911,19.2800,34408.8733,-6.3000,3.4236,19.3000,33746.0760,0,92985.0000,144989.0000
2019-07-01,2019,7,Valle del Cauca,9,Articulos y utensilios domesticos,0,102.7177,-5.1000,3.7911,19.2800,34408.8733,-6.3000,3.4236,19.3000,33746.0760,0,92985.0000,144989.0000
2019-07-01,2019,7,Valle del Cauca,10,Aseo del hogar,0,102.0480,-5.1000,3.7911,19.2800,34408.8733,-6.3000,3.4236,19.3000,33746.0760,0,92985.0000,144989.0000
2019-07-01,2019,7,Valle del Cauca,11,Informatica y telecomunicaciones,0,94.7742,-5.1000,3.7911,19.2800,34408.8733,-6.3000,3.4236,19.3000,33746.0760,0,92985.0000,144989.0000
2019-07-01,2019,7,Valle del Cauca,12,Sonido y video,0,100.4696,-5.1000,3.7911,19.2800,34408.8733,-6.3000,3.4236,19.3000,33746.0760,0,92985.0000,144989.0000
2019-07-01,2019,7,Valle del Cauca,14,"Ferreteria, vidrios y pinturas",0,99.7920,-5.1000,3.7911,19.2800,34408.8733,-6.3000,3.4236,19.3000,33746.0760,0,92985.0000,144989.0000
2019-07-01,2019,7,Valle del Cauca,15,Otras mercancias de uso domestico,0,89.8496,-5.1000,3.7911,19.2800,34408.8733,-6.3000,3.4236,19.3000,33746.0760,0,92985.0000,144989.0000
2019-07-01,2019,7,Otros departamentos,4,Prendas de vestir y textiles,0,88.8622,-5.1000,3.7911,19.2800,34408.8733,-6.3000,3.4236,19.3000,33746.0760,0,680328.0000,410928.0000
2019-07-01,2019,7,Otros departamentos,8,Electrodomesticos y muebles,1,104.8630,-5.1000,3.7911,19.2800,34408.8733,-6.3000,3.4236,19.3000,33746.0760,0,680328.0000,410928.0000
2019-07-01,2019,7,Otros departamentos,9,Articulos y utensilios domesticos,0,102.5915,-5.1000,3.7911,19.2800,34408.8733,-6.3000,3.4236,19.3000,33746.0760,0,680328.0000,410928.0000
2019-07-01,2019,7,Otros departamentos,10,Aseo del hogar,0,103.9682,-5.1000,3.7911,19.2800,34408.8733,-6.3000,3.4236,19.3000,33746.0760,0,680328.0000,410928.0000
2019-07-01,2019,7,Otros departamentos,11,Informatica y telecomunicaciones,0,92.9327,-5.1000,3.7911,19.2800,34408.8733,-6.3000,3.4236,19.3000,33746.0760,0,680328.0000,410928.0000
2019-07-01,2019,7,Otros departamentos,12,Sonido y video,0,94.0111,-5.1000,3.7911,19.2800,34408.8733,-6.3000,3.4236,19.3000,33746.0760,0,680328.0000,410928.0000
2019-07-01,2019,7,Otros departamentos,14,"Ferreteria, vidrios y pinturas",0,102.3669,-5.1000,3.7911,19.2800,34408.8733,-6.3000,3.4236,19.3000,33746.0760,0,680328.0000,410928.0000
2019-07-01,2019,7,Otros departamentos,15,Otras mercancias de uso domestico,0,90.7619,-5.1000,3.7911,19.2800,34408.8733,-6.3000,3.4236,19.3000,33746.0760,0,680328.0000,410928.0000
2019-08-01,2019,8,Antioquia,4,Prendas de vestir y textiles,0,85.5558,-11.8000,3.7563,19.3200,37648.3168,-5.1000,3.7911,19.2800,34408.8733,0,385746.0000,239582.0000
2019-08-01,2019,8,Antioquia,8,Electrodomesticos y muebles,1,110.7093,-11.8000,3.7563,19.3200,37648.3168,-5.1000,3.7911,19.2800,34408.8733,0,385746.0000,239582.0000
2019-08-01,2019,8,Antioquia,9,Articulos y utensilios domesticos,0,103.5698,-11.8000,3.7563,19.3200,37648.3168,-5.1000,3.7911,19.2800,34408.8733,0,385746.0000,239582.0000
2019-08-01,2019,8,Antioquia,10,Aseo del hogar,0,103.1188,-11.8000,3.7563,19.3200,37648.3168,-5.1000,3.7911,19.2800,34408.8733,0,385746.0000,239582.0000
2019-08-01,2019,8,Antioquia,11,Informatica y telecomunicaciones,0,105.8558,-11.8000,3.7563,19.3200,37648.3168,-5.1000,3.7911,19.2800,34408.8733,0,385746.0000,239582.0000
2019-08-01,2019,8,Antioquia,12,Sonido y video,0,104.7312,-11.8000,3.7563,19.3200,37648.3168,-5.1000,3.7911,19.2800,34408.8733,0,385746.0000,239582.0000
2019-08-01,2019,8,Antioquia,14,"Ferreteria, vidrios y pinturas",0,105.6166,-11.8000,3.7563,19.3200,37648.3168,-5.1000,3.7911,19.2800,34408.8733,0,385746.0000,239582.0000
2019-08-01,2019,8,Antioquia,15,Otras mercancias de uso domestico,0,94.8703,-11.8000,3.7563,19.3200,37648.3168,-5.1000,3.7911,19.2800,34408.8733,0,385746.0000,239582.0000
2019-08-01,2019,8,Atlantico,4,Prendas de vestir y textiles,0,88.6289,-11.8000,3.7563,19.3200,37648.3168,-5.1000,3.7911,19.2800,34408.8733,0,67426.0000,93611.0000
2019-08-01,2019,8,Atlantico,8,Electrodomesticos y muebles,1,110.3282,-11.8000,3.7563,19.3200,37648.3168,-5.1000,3.7911,19.2800,34408.8733,0,67426.0000,93611.0000
2019-08-01,2019,8,Atlantico,9,Articulos y utensilios domesticos,0,101.2733,-11.8000,3.7563,19.3200,37648.3168,-5.1000,3.7911,19.2800,34408.8733,0,67426.0000,93611.0000
2019-08-01,2019,8,Atlantico,10,Aseo del hogar,0,102.1330,-11.8000,3.7563,19.3200,37648.3168,-5.1000,3.7911,19.2800,34408.8733,0,67426.0000,93611.0000
2019-08-01,2019,8,Atlantico,11,Informatica y telecomunicaciones,0,109.0274,-11.8000,3.7563,19.3200,37648.3168,-5.1000,3.7911,19.2800,34408.8733,0,67426.0000,93611.0000
2019-08-01,2019,8,Atlantico,12,Sonido y video,0,105.2851,-11.8000,3.7563,19.3200,37648.3168,-5.1000,3.7911,19.2800,34408.8733,0,67426.0000,93611.0000
2019-08-01,2019,8,Atlantico,14,"Ferreteria, vidrios y pinturas",0,105.6623,-11.8000,3.7563,19.3200,37648.3168,-5.1000,3.7911,19.2800,34408.8733,0,67426.0000,93611.0000
2019-08-01,2019,8,Atlantico,15,Otras mercancias de uso domestico,0,98.4955,-11.8000,3.7563,19.3200,37648.3168,-5.1000,3.7911,19.2800,34408.8733,0,67426.0000,93611.0000
2019-08-01,2019,8,Bogota,4,Prendas de vestir y textiles,0,85.6946,-11.8000,3.7563,19.3200,37648.3168,-5.1000,3.7911,19.2800,34408.8733,0,305668.0000,325154.0000
2019-08-01,2019,8,Bogota,8,Electrodomesticos y muebles,1,112.4299,-11.8000,3.7563,19.3200,37648.3168,-5.1000,3.7911,19.2800,34408.8733,0,305668.0000,325154.0000
2019-08-01,2019,8,Bogota,9,Articulos y utensilios domesticos,0,99.9739,-11.8000,3.7563,19.3200,37648.3168,-5.1000,3.7911,19.2800,34408.8733,0,305668.0000,325154.0000
2019-08-01,2019,8,Bogota,10,Aseo del hogar,0,99.8681,-11.8000,3.7563,19.3200,37648.3168,-5.1000,3.7911,19.2800,34408.8733,0,305668.0000,325154.0000
2019-08-01,2019,8,Bogota,11,Informatica y telecomunicaciones,0,112.0772,-11.8000,3.7563,19.3200,37648.3168,-5.1000,3.7911,19.2800,34408.8733,0,305668.0000,325154.0000
2019-08-01,2019,8,Bogota,12,Sonido y video,0,108.2981,-11.8000,3.7563,19.3200,37648.3168,-5.1000,3.7911,19.2800,34408.8733,0,305668.0000,325154.0000
2019-08-01,2019,8,Bogota,14,"Ferreteria, vidrios y pinturas",0,107.1867,-11.8000,3.7563,19.3200,37648.3168,-5.1000,3.7911,19.2800,34408.8733,0,305668.0000,325154.0000
2019-08-01,2019,8,Bogota,15,Otras mercancias de uso domestico,0,98.9063,-11.8000,3.7563,19.3200,37648.3168,-5.1000,3.7911,19.2800,34408.8733,0,305668.0000,325154.0000
2019-08-01,2019,8,Cundinamarca,4,Prendas de vestir y textiles,0,86.3913,-11.8000,3.7563,19.3200,37648.3168,-5.1000,3.7911,19.2800,34408.8733,0,115036.0000,278199.0000
2019-08-01,2019,8,Cundinamarca,8,Electrodomesticos y muebles,1,109.6973,-11.8000,3.7563,19.3200,37648.3168,-5.1000,3.7911,19.2800,34408.8733,0,115036.0000,278199.0000
2019-08-01,2019,8,Cundinamarca,9,Articulos y utensilios domesticos,0,97.8313,-11.8000,3.7563,19.3200,37648.3168,-5.1000,3.7911,19.2800,34408.8733,0,115036.0000,278199.0000
2019-08-01,2019,8,Cundinamarca,10,Aseo del hogar,0,100.6269,-11.8000,3.7563,19.3200,37648.3168,-5.1000,3.7911,19.2800,34408.8733,0,115036.0000,278199.0000
2019-08-01,2019,8,Cundinamarca,11,Informatica y telecomunicaciones,0,106.4220,-11.8000,3.7563,19.3200,37648.3168,-5.1000,3.7911,19.2800,34408.8733,0,115036.0000,278199.0000
2019-08-01,2019,8,Cundinamarca,12,Sonido y video,0,102.5465,-11.8000,3.7563,19.3200,37648.3168,-5.1000,3.7911,19.2800,34408.8733,0,115036.0000,278199.0000
2019-08-01,2019,8,Cundinamarca,14,"Ferreteria, vidrios y pinturas",0,100.9350,-11.8000,3.7563,19.3200,37648.3168,-5.1000,3.7911,19.2800,34408.8733,0,115036.0000,278199.0000
2019-08-01,2019,8,Cundinamarca,15,Otras mercancias de uso domestico,0,90.6495,-11.8000,3.7563,19.3200,37648.3168,-5.1000,3.7911,19.2800,34408.8733,0,115036.0000,278199.0000
2019-08-01,2019,8,Santander,4,Prendas de vestir y textiles,0,85.9912,-11.8000,3.7563,19.3200,37648.3168,-5.1000,3.7911,19.2800,34408.8733,0,30518.0000,57574.0000
2019-08-01,2019,8,Santander,8,Electrodomesticos y muebles,1,110.7286,-11.8000,3.7563,19.3200,37648.3168,-5.1000,3.7911,19.2800,34408.8733,0,30518.0000,57574.0000
2019-08-01,2019,8,Santander,9,Articulos y utensilios domesticos,0,101.1840,-11.8000,3.7563,19.3200,37648.3168,-5.1000,3.7911,19.2800,34408.8733,0,30518.0000,57574.0000
2019-08-01,2019,8,Santander,10,Aseo del hogar,0,104.2487,-11.8000,3.7563,19.3200,37648.3168,-5.1000,3.7911,19.2800,34408.8733,0,30518.0000,57574.0000
2019-08-01,2019,8,Santander,11,Informatica y telecomunicaciones,0,105.7047,-11.8000,3.7563,19.3200,37648.3168,-5.1000,3.7911,19.2800,34408.8733,0,30518.0000,57574.0000
2019-08-01,2019,8,Santander,12,Sonido y video,0,105.1121,-11.8000,3.7563,19.3200,37648.3168,-5.1000,3.7911,19.2800,34408.8733,0,30518.0000,57574.0000
2019-08-01,2019,8,Santander,14,"Ferreteria, vidrios y pinturas",0,103.5626,-11.8000,3.7563,19.3200,37648.3168,-5.1000,3.7911,19.2800,34408.8733,0,30518.0000,57574.0000
2019-08-01,2019,8,Santander,15,Otras mercancias de uso domestico,0,96.7333,-11.8000,3.7563,19.3200,37648.3168,-5.1000,3.7911,19.2800,34408.8733,0,30518.0000,57574.0000
2019-08-01,2019,8,Valle del Cauca,4,Prendas de vestir y textiles,0,89.8383,-11.8000,3.7563,19.3200,37648.3168,-5.1000,3.7911,19.2800,34408.8733,0,147816.0000,92985.0000
2019-08-01,2019,8,Valle del Cauca,8,Electrodomesticos y muebles,1,109.7873,-11.8000,3.7563,19.3200,37648.3168,-5.1000,3.7911,19.2800,34408.8733,0,147816.0000,92985.0000
2019-08-01,2019,8,Valle del Cauca,9,Articulos y utensilios domesticos,0,108.1920,-11.8000,3.7563,19.3200,37648.3168,-5.1000,3.7911,19.2800,34408.8733,0,147816.0000,92985.0000
2019-08-01,2019,8,Valle del Cauca,10,Aseo del hogar,0,104.2522,-11.8000,3.7563,19.3200,37648.3168,-5.1000,3.7911,19.2800,34408.8733,0,147816.0000,92985.0000
2019-08-01,2019,8,Valle del Cauca,11,Informatica y telecomunicaciones,0,112.9188,-11.8000,3.7563,19.3200,37648.3168,-5.1000,3.7911,19.2800,34408.8733,0,147816.0000,92985.0000
2019-08-01,2019,8,Valle del Cauca,12,Sonido y video,0,109.0955,-11.8000,3.7563,19.3200,37648.3168,-5.1000,3.7911,19.2800,34408.8733,0,147816.0000,92985.0000
2019-08-01,2019,8,Valle del Cauca,14,"Ferreteria, vidrios y pinturas",0,105.1519,-11.8000,3.7563,19.3200,37648.3168,-5.1000,3.7911,19.2800,34408.8733,0,147816.0000,92985.0000
2019-08-01,2019,8,Valle del Cauca,15,Otras mercancias de uso domestico,0,99.2148,-11.8000,3.7563,19.3200,37648.3168,-5.1000,3.7911,19.2800,34408.8733,0,147816.0000,92985.0000
2019-08-01,2019,8,Otros departamentos,4,Prendas de vestir y textiles,0,83.7724,-11.8000,3.7563,19.3200,37648.3168,-5.1000,3.7911,19.2800,34408.8733,0,438939.0000,680328.0000
2019-08-01,2019,8,Otros departamentos,8,Electrodomesticos y muebles,1,110.3462,-11.8000,3.7563,19.3200,37648.3168,-5.1000,3.7911,19.2800,34408.8733,0,438939.0000,680328.0000
2019-08-01,2019,8,Otros departamentos,9,Articulos y utensilios domesticos,0,101.9131,-11.8000,3.7563,19.3200,37648.3168,-5.1000,3.7911,19.2800,34408.8733,0,438939.0000,680328.0000
2019-08-01,2019,8,Otros departamentos,10,Aseo del hogar,0,103.4224,-11.8000,3.7563,19.3200,37648.3168,-5.1000,3.7911,19.2800,34408.8733,0,438939.0000,680328.0000
2019-08-01,2019,8,Otros departamentos,11,Informatica y telecomunicaciones,0,106.4810,-11.8000,3.7563,19.3200,37648.3168,-5.1000,3.7911,19.2800,34408.8733,0,438939.0000,680328.0000
2019-08-01,2019,8,Otros departamentos,12,Sonido y video,0,99.0730,-11.8000,3.7563,19.3200,37648.3168,-5.1000,3.7911,19.2800,34408.8733,0,438939.0000,680328.0000
2019-08-01,2019,8,Otros departamentos,14,"Ferreteria, vidrios y pinturas",0,104.4019,-11.8000,3.7563,19.3200,37648.3168,-5.1000,3.7911,19.2800,34408.8733,0,438939.0000,680328.0000
2019-08-01,2019,8,Otros departamentos,15,Otras mercancias de uso domestico,0,93.8043,-11.8000,3.7563,19.3200,37648.3168,-5.1000,3.7911,19.2800,34408.8733,0,438939.0000,680328.0000
2019-09-01,2019,9,Antioquia,4,Prendas de vestir y textiles,0,90.2986,-10.7000,3.8102,19.3200,33155.6416,-11.8000,3.7563,19.3200,37648.3168,0,287866.0000,385746.0000
2019-09-01,2019,9,Antioquia,8,Electrodomesticos y muebles,1,99.4517,-10.7000,3.8102,19.3200,33155.6416,-11.8000,3.7563,19.3200,37648.3168,0,287866.0000,385746.0000
2019-09-01,2019,9,Antioquia,9,Articulos y utensilios domesticos,0,96.2372,-10.7000,3.8102,19.3200,33155.6416,-11.8000,3.7563,19.3200,37648.3168,0,287866.0000,385746.0000
2019-09-01,2019,9,Antioquia,10,Aseo del hogar,0,102.4357,-10.7000,3.8102,19.3200,33155.6416,-11.8000,3.7563,19.3200,37648.3168,0,287866.0000,385746.0000
2019-09-01,2019,9,Antioquia,11,Informatica y telecomunicaciones,0,92.4628,-10.7000,3.8102,19.3200,33155.6416,-11.8000,3.7563,19.3200,37648.3168,0,287866.0000,385746.0000
2019-09-01,2019,9,Antioquia,12,Sonido y video,0,98.2617,-10.7000,3.8102,19.3200,33155.6416,-11.8000,3.7563,19.3200,37648.3168,0,287866.0000,385746.0000
2019-09-01,2019,9,Antioquia,14,"Ferreteria, vidrios y pinturas",0,104.2323,-10.7000,3.8102,19.3200,33155.6416,-11.8000,3.7563,19.3200,37648.3168,0,287866.0000,385746.0000
2019-09-01,2019,9,Antioquia,15,Otras mercancias de uso domestico,0,93.9523,-10.7000,3.8102,19.3200,33155.6416,-11.8000,3.7563,19.3200,37648.3168,0,287866.0000,385746.0000
2019-09-01,2019,9,Atlantico,4,Prendas de vestir y textiles,0,90.5662,-10.7000,3.8102,19.3200,33155.6416,-11.8000,3.7563,19.3200,37648.3168,0,60868.0000,67426.0000
2019-09-01,2019,9,Atlantico,8,Electrodomesticos y muebles,1,95.6158,-10.7000,3.8102,19.3200,33155.6416,-11.8000,3.7563,19.3200,37648.3168,0,60868.0000,67426.0000
2019-09-01,2019,9,Atlantico,9,Articulos y utensilios domesticos,0,93.9900,-10.7000,3.8102,19.3200,33155.6416,-11.8000,3.7563,19.3200,37648.3168,0,60868.0000,67426.0000
2019-09-01,2019,9,Atlantico,10,Aseo del hogar,0,99.4721,-10.7000,3.8102,19.3200,33155.6416,-11.8000,3.7563,19.3200,37648.3168,0,60868.0000,67426.0000
2019-09-01,2019,9,Atlantico,11,Informatica y telecomunicaciones,0,90.0824,-10.7000,3.8102,19.3200,33155.6416,-11.8000,3.7563,19.3200,37648.3168,0,60868.0000,67426.0000
2019-09-01,2019,9,Atlantico,12,Sonido y video,0,92.4468,-10.7000,3.8102,19.3200,33155.6416,-11.8000,3.7563,19.3200,37648.3168,0,60868.0000,67426.0000
2019-09-01,2019,9,Atlantico,14,"Ferreteria, vidrios y pinturas",0,99.7571,-10.7000,3.8102,19.3200,33155.6416,-11.8000,3.7563,19.3200,37648.3168,0,60868.0000,67426.0000
2019-09-01,2019,9,Atlantico,15,Otras mercancias de uso domestico,0,91.0998,-10.7000,3.8102,19.3200,33155.6416,-11.8000,3.7563,19.3200,37648.3168,0,60868.0000,67426.0000
2019-09-01,2019,9,Bogota,4,Prendas de vestir y textiles,0,86.1605,-10.7000,3.8102,19.3200,33155.6416,-11.8000,3.7563,19.3200,37648.3168,0,170637.0000,305668.0000
2019-09-01,2019,9,Bogota,8,Electrodomesticos y muebles,1,97.8349,-10.7000,3.8102,19.3200,33155.6416,-11.8000,3.7563,19.3200,37648.3168,0,170637.0000,305668.0000
2019-09-01,2019,9,Bogota,9,Articulos y utensilios domesticos,0,92.8374,-10.7000,3.8102,19.3200,33155.6416,-11.8000,3.7563,19.3200,37648.3168,0,170637.0000,305668.0000
2019-09-01,2019,9,Bogota,10,Aseo del hogar,0,101.8255,-10.7000,3.8102,19.3200,33155.6416,-11.8000,3.7563,19.3200,37648.3168,0,170637.0000,305668.0000
2019-09-01,2019,9,Bogota,11,Informatica y telecomunicaciones,0,93.2590,-10.7000,3.8102,19.3200,33155.6416,-11.8000,3.7563,19.3200,37648.3168,0,170637.0000,305668.0000
2019-09-01,2019,9,Bogota,12,Sonido y video,0,94.3426,-10.7000,3.8102,19.3200,33155.6416,-11.8000,3.7563,19.3200,37648.3168,0,170637.0000,305668.0000
2019-09-01,2019,9,Bogota,14,"Ferreteria, vidrios y pinturas",0,104.3507,-10.7000,3.8102,19.3200,33155.6416,-11.8000,3.7563,19.3200,37648.3168,0,170637.0000,305668.0000
2019-09-01,2019,9,Bogota,15,Otras mercancias de uso domestico,0,94.3053,-10.7000,3.8102,19.3200,33155.6416,-11.8000,3.7563,19.3200,37648.3168,0,170637.0000,305668.0000
2019-09-01,2019,9,Cundinamarca,4,Prendas de vestir y textiles,0,85.2225,-10.7000,3.8102,19.3200,33155.6416,-11.8000,3.7563,19.3200,37648.3168,0,217619.0000,115036.0000
2019-09-01,2019,9,Cundinamarca,8,Electrodomesticos y muebles,1,94.6029,-10.7000,3.8102,19.3200,33155.6416,-11.8000,3.7563,19.3200,37648.3168,0,217619.0000,115036.0000
2019-09-01,2019,9,Cundinamarca,9,Articulos y utensilios domesticos,0,90.3160,-10.7000,3.8102,19.3200,33155.6416,-11.8000,3.7563,19.3200,37648.3168,0,217619.0000,115036.0000
2019-09-01,2019,9,Cundinamarca,10,Aseo del hogar,0,95.7983,-10.7000,3.8102,19.3200,33155.6416,-11.8000,3.7563,19.3200,37648.3168,0,217619.0000,115036.0000
2019-09-01,2019,9,Cundinamarca,11,Informatica y telecomunicaciones,0,87.7513,-10.7000,3.8102,19.3200,33155.6416,-11.8000,3.7563,19.3200,37648.3168,0,217619.0000,115036.0000
2019-09-01,2019,9,Cundinamarca,12,Sonido y video,0,88.4271,-10.7000,3.8102,19.3200,33155.6416,-11.8000,3.7563,19.3200,37648.3168,0,217619.0000,115036.0000
2019-09-01,2019,9,Cundinamarca,14,"Ferreteria, vidrios y pinturas",0,97.2325,-10.7000,3.8102,19.3200,33155.6416,-11.8000,3.7563,19.3200,37648.3168,0,217619.0000,115036.0000
2019-09-01,2019,9,Cundinamarca,15,Otras mercancias de uso domestico,0,91.2110,-10.7000,3.8102,19.3200,33155.6416,-11.8000,3.7563,19.3200,37648.3168,0,217619.0000,115036.0000
2019-09-01,2019,9,Santander,4,Prendas de vestir y textiles,0,85.8263,-10.7000,3.8102,19.3200,33155.6416,-11.8000,3.7563,19.3200,37648.3168,0,37924.0000,30518.0000
2019-09-01,2019,9,Santander,8,Electrodomesticos y muebles,1,97.2219,-10.7000,3.8102,19.3200,33155.6416,-11.8000,3.7563,19.3200,37648.3168,0,37924.0000,30518.0000
2019-09-01,2019,9,Santander,9,Articulos y utensilios domesticos,0,91.5438,-10.7000,3.8102,19.3200,33155.6416,-11.8000,3.7563,19.3200,37648.3168,0,37924.0000,30518.0000
2019-09-01,2019,9,Santander,10,Aseo del hogar,0,99.4751,-10.7000,3.8102,19.3200,33155.6416,-11.8000,3.7563,19.3200,37648.3168,0,37924.0000,30518.0000
2019-09-01,2019,9,Santander,11,Informatica y telecomunicaciones,0,85.9913,-10.7000,3.8102,19.3200,33155.6416,-11.8000,3.7563,19.3200,37648.3168,0,37924.0000,30518.0000
2019-09-01,2019,9,Santander,12,Sonido y video,0,91.3115,-10.7000,3.8102,19.3200,33155.6416,-11.8000,3.7563,19.3200,37648.3168,0,37924.0000,30518.0000
2019-09-01,2019,9,Santander,14,"Ferreteria, vidrios y pinturas",0,97.6782,-10.7000,3.8102,19.3200,33155.6416,-11.8000,3.7563,19.3200,37648.3168,0,37924.0000,30518.0000
2019-09-01,2019,9,Santander,15,Otras mercancias de uso domestico,0,91.7621,-10.7000,3.8102,19.3200,33155.6416,-11.8000,3.7563,19.3200,37648.3168,0,37924.0000,30518.0000
2019-09-01,2019,9,Valle del Cauca,4,Prendas de vestir y textiles,0,91.0034,-10.7000,3.8102,19.3200,33155.6416,-11.8000,3.7563,19.3200,37648.3168,0,152566.0000,147816.0000
2019-09-01,2019,9,Valle del Cauca,8,Electrodomesticos y muebles,1,100.3935,-10.7000,3.8102,19.3200,33155.6416,-11.8000,3.7563,19.3200,37648.3168,0,152566.0000,147816.0000
2019-09-01,2019,9,Valle del Cauca,9,Articulos y utensilios domesticos,0,101.7382,-10.7000,3.8102,19.3200,33155.6416,-11.8000,3.7563,19.3200,37648.3168,0,152566.0000,147816.0000
2019-09-01,2019,9,Valle del Cauca,10,Aseo del hogar,0,104.1681,-10.7000,3.8102,19.3200,33155.6416,-11.8000,3.7563,19.3200,37648.3168,0,152566.0000,147816.0000
2019-09-01,2019,9,Valle del Cauca,11,Informatica y telecomunicaciones,0,93.6620,-10.7000,3.8102,19.3200,33155.6416,-11.8000,3.7563,19.3200,37648.3168,0,152566.0000,147816.0000
2019-09-01,2019,9,Valle del Cauca,12,Sonido y video,0,99.0961,-10.7000,3.8102,19.3200,33155.6416,-11.8000,3.7563,19.3200,37648.3168,0,152566.0000,147816.0000
2019-09-01,2019,9,Valle del Cauca,14,"Ferreteria, vidrios y pinturas",0,104.3608,-10.7000,3.8102,19.3200,33155.6416,-11.8000,3.7563,19.3200,37648.3168,0,152566.0000,147816.0000
2019-09-01,2019,9,Valle del Cauca,15,Otras mercancias de uso domestico,0,98.6903,-10.7000,3.8102,19.3200,33155.6416,-11.8000,3.7563,19.3200,37648.3168,0,152566.0000,147816.0000
2019-09-01,2019,9,Otros departamentos,4,Prendas de vestir y textiles,0,83.1763,-10.7000,3.8102,19.3200,33155.6416,-11.8000,3.7563,19.3200,37648.3168,0,497984.0000,438939.0000
2019-09-01,2019,9,Otros departamentos,8,Electrodomesticos y muebles,1,95.9487,-10.7000,3.8102,19.3200,33155.6416,-11.8000,3.7563,19.3200,37648.3168,0,497984.0000,438939.0000
2019-09-01,2019,9,Otros departamentos,9,Articulos y utensilios domesticos,0,90.4685,-10.7000,3.8102,19.3200,33155.6416,-11.8000,3.7563,19.3200,37648.3168,0,497984.0000,438939.0000
2019-09-01,2019,9,Otros departamentos,10,Aseo del hogar,0,97.4280,-10.7000,3.8102,19.3200,33155.6416,-11.8000,3.7563,19.3200,37648.3168,0,497984.0000,438939.0000
2019-09-01,2019,9,Otros departamentos,11,Informatica y telecomunicaciones,0,89.8876,-10.7000,3.8102,19.3200,33155.6416,-11.8000,3.7563,19.3200,37648.3168,0,497984.0000,438939.0000
2019-09-01,2019,9,Otros departamentos,12,Sonido y video,0,91.1966,-10.7000,3.8102,19.3200,33155.6416,-11.8000,3.7563,19.3200,37648.3168,0,497984.0000,438939.0000
2019-09-01,2019,9,Otros departamentos,14,"Ferreteria, vidrios y pinturas",0,99.9505,-10.7000,3.8102,19.3200,33155.6416,-11.8000,3.7563,19.3200,37648.3168,0,497984.0000,438939.0000
2019-09-01,2019,9,Otros departamentos,15,Otras mercancias de uso domestico,0,88.8563,-10.7000,3.8102,19.3200,33155.6416,-11.8000,3.7563,19.3200,37648.3168,0,497984.0000,438939.0000
2019-10-01,2019,10,Antioquia,4,Prendas de vestir y textiles,0,88.1438,-9.8000,3.8558,19.1000,35234.2208,-10.7000,3.8102,19.3200,33155.6416,0,236082.0000,287866.0000
2019-10-01,2019,10,Antioquia,8,Electrodomesticos y muebles,1,94.0477,-9.8000,3.8558,19.1000,35234.2208,-10.7000,3.8102,19.3200,33155.6416,0,236082.0000,287866.0000
2019-10-01,2019,10,Antioquia,9,Articulos y utensilios domesticos,0,107.5616,-9.8000,3.8558,19.1000,35234.2208,-10.7000,3.8102,19.3200,33155.6416,0,236082.0000,287866.0000
2019-10-01,2019,10,Antioquia,10,Aseo del hogar,0,100.3797,-9.8000,3.8558,19.1000,35234.2208,-10.7000,3.8102,19.3200,33155.6416,0,236082.0000,287866.0000
2019-10-01,2019,10,Antioquia,11,Informatica y telecomunicaciones,0,96.1908,-9.8000,3.8558,19.1000,35234.2208,-10.7000,3.8102,19.3200,33155.6416,0,236082.0000,287866.0000
2019-10-01,2019,10,Antioquia,12,Sonido y video,0,94.1870,-9.8000,3.8558,19.1000,35234.2208,-10.7000,3.8102,19.3200,33155.6416,0,236082.0000,287866.0000
2019-10-01,2019,10,Antioquia,14,"Ferreteria, vidrios y pinturas",0,104.5395,-9.8000,3.8558,19.1000,35234.2208,-10.7000,3.8102,19.3200,33155.6416,0,236082.0000,287866.0000
2019-10-01,2019,10,Antioquia,15,Otras mercancias de uso domestico,0,98.9629,-9.8000,3.8558,19.1000,35234.2208,-10.7000,3.8102,19.3200,33155.6416,0,236082.0000,287866.0000
2019-10-01,2019,10,Atlantico,4,Prendas de vestir y textiles,0,94.0175,-9.8000,3.8558,19.1000,35234.2208,-10.7000,3.8102,19.3200,33155.6416,0,76149.0000,60868.0000
2019-10-01,2019,10,Atlantico,8,Electrodomesticos y muebles,1,93.8063,-9.8000,3.8558,19.1000,35234.2208,-10.7000,3.8102,19.3200,33155.6416,0,76149.0000,60868.0000
2019-10-01,2019,10,Atlantico,9,Articulos y utensilios domesticos,0,104.7446,-9.8000,3.8558,19.1000,35234.2208,-10.7000,3.8102,19.3200,33155.6416,0,76149.0000,60868.0000
2019-10-01,2019,10,Atlantico,10,Aseo del hogar,0,99.8443,-9.8000,3.8558,19.1000,35234.2208,-10.7000,3.8102,19.3200,33155.6416,0,76149.0000,60868.0000
2019-10-01,2019,10,Atlantico,11,Informatica y telecomunicaciones,0,97.9094,-9.8000,3.8558,19.1000,35234.2208,-10.7000,3.8102,19.3200,33155.6416,0,76149.0000,60868.0000
2019-10-01,2019,10,Atlantico,12,Sonido y video,0,90.3723,-9.8000,3.8558,19.1000,35234.2208,-10.7000,3.8102,19.3200,33155.6416,0,76149.0000,60868.0000
2019-10-01,2019,10,Atlantico,14,"Ferreteria, vidrios y pinturas",0,107.3706,-9.8000,3.8558,19.1000,35234.2208,-10.7000,3.8102,19.3200,33155.6416,0,76149.0000,60868.0000
2019-10-01,2019,10,Atlantico,15,Otras mercancias de uso domestico,0,101.5730,-9.8000,3.8558,19.1000,35234.2208,-10.7000,3.8102,19.3200,33155.6416,0,76149.0000,60868.0000
2019-10-01,2019,10,Bogota,4,Prendas de vestir y textiles,0,95.6676,-9.8000,3.8558,19.1000,35234.2208,-10.7000,3.8102,19.3200,33155.6416,0,204983.0000,170637.0000
2019-10-01,2019,10,Bogota,8,Electrodomesticos y muebles,1,100.1438,-9.8000,3.8558,19.1000,35234.2208,-10.7000,3.8102,19.3200,33155.6416,0,204983.0000,170637.0000
2019-10-01,2019,10,Bogota,9,Articulos y utensilios domesticos,0,111.8631,-9.8000,3.8558,19.1000,35234.2208,-10.7000,3.8102,19.3200,33155.6416,0,204983.0000,170637.0000
2019-10-01,2019,10,Bogota,10,Aseo del hogar,0,107.0720,-9.8000,3.8558,19.1000,35234.2208,-10.7000,3.8102,19.3200,33155.6416,0,204983.0000,170637.0000
2019-10-01,2019,10,Bogota,11,Informatica y telecomunicaciones,0,107.8821,-9.8000,3.8558,19.1000,35234.2208,-10.7000,3.8102,19.3200,33155.6416,0,204983.0000,170637.0000
2019-10-01,2019,10,Bogota,12,Sonido y video,0,97.9528,-9.8000,3.8558,19.1000,35234.2208,-10.7000,3.8102,19.3200,33155.6416,0,204983.0000,170637.0000
2019-10-01,2019,10,Bogota,14,"Ferreteria, vidrios y pinturas",0,118.7059,-9.8000,3.8558,19.1000,35234.2208,-10.7000,3.8102,19.3200,33155.6416,0,204983.0000,170637.0000
2019-10-01,2019,10,Bogota,15,Otras mercancias de uso domestico,0,107.9861,-9.8000,3.8558,19.1000,35234.2208,-10.7000,3.8102,19.3200,33155.6416,0,204983.0000,170637.0000
2019-10-01,2019,10,Cundinamarca,4,Prendas de vestir y textiles,0,88.4193,-9.8000,3.8558,19.1000,35234.2208,-10.7000,3.8102,19.3200,33155.6416,0,276187.0000,217619.0000
2019-10-01,2019,10,Cundinamarca,8,Electrodomesticos y muebles,1,93.1131,-9.8000,3.8558,19.1000,35234.2208,-10.7000,3.8102,19.3200,33155.6416,0,276187.0000,217619.0000
2019-10-01,2019,10,Cundinamarca,9,Articulos y utensilios domesticos,0,97.6822,-9.8000,3.8558,19.1000,35234.2208,-10.7000,3.8102,19.3200,33155.6416,0,276187.0000,217619.0000
2019-10-01,2019,10,Cundinamarca,10,Aseo del hogar,0,93.0392,-9.8000,3.8558,19.1000,35234.2208,-10.7000,3.8102,19.3200,33155.6416,0,276187.0000,217619.0000
2019-10-01,2019,10,Cundinamarca,11,Informatica y telecomunicaciones,0,92.1117,-9.8000,3.8558,19.1000,35234.2208,-10.7000,3.8102,19.3200,33155.6416,0,276187.0000,217619.0000
2019-10-01,2019,10,Cundinamarca,12,Sonido y video,0,87.1888,-9.8000,3.8558,19.1000,35234.2208,-10.7000,3.8102,19.3200,33155.6416,0,276187.0000,217619.0000
2019-10-01,2019,10,Cundinamarca,14,"Ferreteria, vidrios y pinturas",0,98.8941,-9.8000,3.8558,19.1000,35234.2208,-10.7000,3.8102,19.3200,33155.6416,0,276187.0000,217619.0000
2019-10-01,2019,10,Cundinamarca,15,Otras mercancias de uso domestico,0,97.3397,-9.8000,3.8558,19.1000,35234.2208,-10.7000,3.8102,19.3200,33155.6416,0,276187.0000,217619.0000
2019-10-01,2019,10,Santander,4,Prendas de vestir y textiles,0,89.8960,-9.8000,3.8558,19.1000,35234.2208,-10.7000,3.8102,19.3200,33155.6416,0,48353.0000,37924.0000
2019-10-01,2019,10,Santander,8,Electrodomesticos y muebles,1,96.4098,-9.8000,3.8558,19.1000,35234.2208,-10.7000,3.8102,19.3200,33155.6416,0,48353.0000,37924.0000
2019-10-01,2019,10,Santander,9,Articulos y utensilios domesticos,0,97.7467,-9.8000,3.8558,19.1000,35234.2208,-10.7000,3.8102,19.3200,33155.6416,0,48353.0000,37924.0000
2019-10-01,2019,10,Santander,10,Aseo del hogar,0,97.8240,-9.8000,3.8558,19.1000,35234.2208,-10.7000,3.8102,19.3200,33155.6416,0,48353.0000,37924.0000
2019-10-01,2019,10,Santander,11,Informatica y telecomunicaciones,0,91.4797,-9.8000,3.8558,19.1000,35234.2208,-10.7000,3.8102,19.3200,33155.6416,0,48353.0000,37924.0000
2019-10-01,2019,10,Santander,12,Sonido y video,0,89.2960,-9.8000,3.8558,19.1000,35234.2208,-10.7000,3.8102,19.3200,33155.6416,0,48353.0000,37924.0000
2019-10-01,2019,10,Santander,14,"Ferreteria, vidrios y pinturas",0,104.6778,-9.8000,3.8558,19.1000,35234.2208,-10.7000,3.8102,19.3200,33155.6416,0,48353.0000,37924.0000
2019-10-01,2019,10,Santander,15,Otras mercancias de uso domestico,0,98.8726,-9.8000,3.8558,19.1000,35234.2208,-10.7000,3.8102,19.3200,33155.6416,0,48353.0000,37924.0000
2019-10-01,2019,10,Valle del Cauca,4,Prendas de vestir y textiles,0,94.7942,-9.8000,3.8558,19.1000,35234.2208,-10.7000,3.8102,19.3200,33155.6416,0,196532.0000,152566.0000
2019-10-01,2019,10,Valle del Cauca,8,Electrodomesticos y muebles,1,97.5439,-9.8000,3.8558,19.1000,35234.2208,-10.7000,3.8102,19.3200,33155.6416,0,196532.0000,152566.0000
2019-10-01,2019,10,Valle del Cauca,9,Articulos y utensilios domesticos,0,110.0175,-9.8000,3.8558,19.1000,35234.2208,-10.7000,3.8102,19.3200,33155.6416,0,196532.0000,152566.0000
2019-10-01,2019,10,Valle del Cauca,10,Aseo del hogar,0,101.5573,-9.8000,3.8558,19.1000,35234.2208,-10.7000,3.8102,19.3200,33155.6416,0,196532.0000,152566.0000
2019-10-01,2019,10,Valle del Cauca,11,Informatica y telecomunicaciones,0,101.3950,-9.8000,3.8558,19.1000,35234.2208,-10.7000,3.8102,19.3200,33155.6416,0,196532.0000,152566.0000
2019-10-01,2019,10,Valle del Cauca,12,Sonido y video,0,97.3402,-9.8000,3.8558,19.1000,35234.2208,-10.7000,3.8102,19.3200,33155.6416,0,196532.0000,152566.0000
2019-10-01,2019,10,Valle del Cauca,14,"Ferreteria, vidrios y pinturas",0,110.6240,-9.8000,3.8558,19.1000,35234.2208,-10.7000,3.8102,19.3200,33155.6416,0,196532.0000,152566.0000
2019-10-01,2019,10,Valle del Cauca,15,Otras mercancias de uso domestico,0,105.9135,-9.8000,3.8558,19.1000,35234.2208,-10.7000,3.8102,19.3200,33155.6416,0,196532.0000,152566.0000
2019-10-01,2019,10,Otros departamentos,4,Prendas de vestir y textiles,0,88.4803,-9.8000,3.8558,19.1000,35234.2208,-10.7000,3.8102,19.3200,33155.6416,0,477018.0000,497984.0000
2019-10-01,2019,10,Otros departamentos,8,Electrodomesticos y muebles,1,96.0122,-9.8000,3.8558,19.1000,35234.2208,-10.7000,3.8102,19.3200,33155.6416,0,477018.0000,497984.0000
2019-10-01,2019,10,Otros departamentos,9,Articulos y utensilios domesticos,0,99.6622,-9.8000,3.8558,19.1000,35234.2208,-10.7000,3.8102,19.3200,33155.6416,0,477018.0000,497984.0000
2019-10-01,2019,10,Otros departamentos,10,Aseo del hogar,0,96.3460,-9.8000,3.8558,19.1000,35234.2208,-10.7000,3.8102,19.3200,33155.6416,0,477018.0000,497984.0000
2019-10-01,2019,10,Otros departamentos,11,Informatica y telecomunicaciones,0,94.3691,-9.8000,3.8558,19.1000,35234.2208,-10.7000,3.8102,19.3200,33155.6416,0,477018.0000,497984.0000
2019-10-01,2019,10,Otros departamentos,12,Sonido y video,0,88.0131,-9.8000,3.8558,19.1000,35234.2208,-10.7000,3.8102,19.3200,33155.6416,0,477018.0000,497984.0000
2019-10-01,2019,10,Otros departamentos,14,"Ferreteria, vidrios y pinturas",0,102.5542,-9.8000,3.8558,19.1000,35234.2208,-10.7000,3.8102,19.3200,33155.6416,0,477018.0000,497984.0000
2019-10-01,2019,10,Otros departamentos,15,Otras mercancias de uso domestico,0,94.8932,-9.8000,3.8558,19.1000,35234.2208,-10.7000,3.8102,19.3200,33155.6416,0,477018.0000,497984.0000
2019-11-01,2019,11,Antioquia,4,Prendas de vestir y textiles,0,113.9290,-14.4000,3.8516,19.0300,33942.1425,-9.8000,3.8558,19.1000,35234.2208,0,411620.0000,236082.0000
2019-11-01,2019,11,Antioquia,8,Electrodomesticos y muebles,1,112.5202,-14.4000,3.8516,19.0300,33942.1425,-9.8000,3.8558,19.1000,35234.2208,0,411620.0000,236082.0000
2019-11-01,2019,11,Antioquia,9,Articulos y utensilios domesticos,0,113.9168,-14.4000,3.8516,19.0300,33942.1425,-9.8000,3.8558,19.1000,35234.2208,0,411620.0000,236082.0000
2019-11-01,2019,11,Antioquia,10,Aseo del hogar,0,99.4230,-14.4000,3.8516,19.0300,33942.1425,-9.8000,3.8558,19.1000,35234.2208,0,411620.0000,236082.0000
2019-11-01,2019,11,Antioquia,11,Informatica y telecomunicaciones,0,127.8406,-14.4000,3.8516,19.0300,33942.1425,-9.8000,3.8558,19.1000,35234.2208,0,411620.0000,236082.0000
2019-11-01,2019,11,Antioquia,12,Sonido y video,0,139.9245,-14.4000,3.8516,19.0300,33942.1425,-9.8000,3.8558,19.1000,35234.2208,0,411620.0000,236082.0000
2019-11-01,2019,11,Antioquia,14,"Ferreteria, vidrios y pinturas",0,108.1660,-14.4000,3.8516,19.0300,33942.1425,-9.8000,3.8558,19.1000,35234.2208,0,411620.0000,236082.0000
2019-11-01,2019,11,Antioquia,15,Otras mercancias de uso domestico,0,125.9159,-14.4000,3.8516,19.0300,33942.1425,-9.8000,3.8558,19.1000,35234.2208,0,411620.0000,236082.0000
2019-11-01,2019,11,Atlantico,4,Prendas de vestir y textiles,0,125.9302,-14.4000,3.8516,19.0300,33942.1425,-9.8000,3.8558,19.1000,35234.2208,0,14753.0000,76149.0000
2019-11-01,2019,11,Atlantico,8,Electrodomesticos y muebles,1,118.0123,-14.4000,3.8516,19.0300,33942.1425,-9.8000,3.8558,19.1000,35234.2208,0,14753.0000,76149.0000
2019-11-01,2019,11,Atlantico,9,Articulos y utensilios domesticos,0,115.2492,-14.4000,3.8516,19.0300,33942.1425,-9.8000,3.8558,19.1000,35234.2208,0,14753.0000,76149.0000
2019-11-01,2019,11,Atlantico,10,Aseo del hogar,0,105.5174,-14.4000,3.8516,19.0300,33942.1425,-9.8000,3.8558,19.1000,35234.2208,0,14753.0000,76149.0000
2019-11-01,2019,11,Atlantico,11,Informatica y telecomunicaciones,0,134.6581,-14.4000,3.8516,19.0300,33942.1425,-9.8000,3.8558,19.1000,35234.2208,0,14753.0000,76149.0000
2019-11-01,2019,11,Atlantico,12,Sonido y video,0,139.9955,-14.4000,3.8516,19.0300,33942.1425,-9.8000,3.8558,19.1000,35234.2208,0,14753.0000,76149.0000
2019-11-01,2019,11,Atlantico,14,"Ferreteria, vidrios y pinturas",0,116.3766,-14.4000,3.8516,19.0300,33942.1425,-9.8000,3.8558,19.1000,35234.2208,0,14753.0000,76149.0000
2019-11-01,2019,11,Atlantico,15,Otras mercancias de uso domestico,0,132.9460,-14.4000,3.8516,19.0300,33942.1425,-9.8000,3.8558,19.1000,35234.2208,0,14753.0000,76149.0000
2019-11-01,2019,11,Bogota,4,Prendas de vestir y textiles,0,121.6233,-14.4000,3.8516,19.0300,33942.1425,-9.8000,3.8558,19.1000,35234.2208,0,172217.0000,204983.0000
2019-11-01,2019,11,Bogota,8,Electrodomesticos y muebles,1,117.8168,-14.4000,3.8516,19.0300,33942.1425,-9.8000,3.8558,19.1000,35234.2208,0,172217.0000,204983.0000
2019-11-01,2019,11,Bogota,9,Articulos y utensilios domesticos,0,115.3342,-14.4000,3.8516,19.0300,33942.1425,-9.8000,3.8558,19.1000,35234.2208,0,172217.0000,204983.0000
2019-11-01,2019,11,Bogota,10,Aseo del hogar,0,104.5713,-14.4000,3.8516,19.0300,33942.1425,-9.8000,3.8558,19.1000,35234.2208,0,172217.0000,204983.0000
2019-11-01,2019,11,Bogota,11,Informatica y telecomunicaciones,0,129.0684,-14.4000,3.8516,19.0300,33942.1425,-9.8000,3.8558,19.1000,35234.2208,0,172217.0000,204983.0000
2019-11-01,2019,11,Bogota,12,Sonido y video,0,138.1016,-14.4000,3.8516,19.0300,33942.1425,-9.8000,3.8558,19.1000,35234.2208,0,172217.0000,204983.0000
2019-11-01,2019,11,Bogota,14,"Ferreteria, vidrios y pinturas",0,115.7541,-14.4000,3.8516,19.0300,33942.1425,-9.8000,3.8558,19.1000,35234.2208,0,172217.0000,204983.0000
2019-11-01,2019,11,Bogota,15,Otras mercancias de uso domestico,0,130.9687,-14.4000,3.8516,19.0300,33942.1425,-9.8000,3.8558,19.1000,35234.2208,0,172217.0000,204983.0000
2019-11-01,2019,11,Cundinamarca,4,Prendas de vestir y textiles,0,134.7352,-14.4000,3.8516,19.0300,33942.1425,-9.8000,3.8558,19.1000,35234.2208,0,291081.0000,276187.0000
2019-11-01,2019,11,Cundinamarca,8,Electrodomesticos y muebles,1,133.8942,-14.4000,3.8516,19.0300,33942.1425,-9.8000,3.8558,19.1000,35234.2208,0,291081.0000,276187.0000
2019-11-01,2019,11,Cundinamarca,9,Articulos y utensilios domesticos,0,122.8936,-14.4000,3.8516,19.0300,33942.1425,-9.8000,3.8558,19.1000,35234.2208,0,291081.0000,276187.0000
2019-11-01,2019,11,Cundinamarca,10,Aseo del hogar,0,110.6057,-14.4000,3.8516,19.0300,33942.1425,-9.8000,3.8558,19.1000,35234.2208,0,291081.0000,276187.0000
2019-11-01,2019,11,Cundinamarca,11,Informatica y telecomunicaciones,0,143.6602,-14.4000,3.8516,19.0300,33942.1425,-9.8000,3.8558,19.1000,35234.2208,0,291081.0000,276187.0000
2019-11-01,2019,11,Cundinamarca,12,Sonido y video,0,157.9105,-14.4000,3.8516,19.0300,33942.1425,-9.8000,3.8558,19.1000,35234.2208,0,291081.0000,276187.0000
2019-11-01,2019,11,Cundinamarca,14,"Ferreteria, vidrios y pinturas",0,119.8997,-14.4000,3.8516,19.0300,33942.1425,-9.8000,3.8558,19.1000,35234.2208,0,291081.0000,276187.0000
2019-11-01,2019,11,Cundinamarca,15,Otras mercancias de uso domestico,0,147.4404,-14.4000,3.8516,19.0300,33942.1425,-9.8000,3.8558,19.1000,35234.2208,0,291081.0000,276187.0000
2019-11-01,2019,11,Santander,4,Prendas de vestir y textiles,0,116.8719,-14.4000,3.8516,19.0300,33942.1425,-9.8000,3.8558,19.1000,35234.2208,0,49616.0000,48353.0000
2019-11-01,2019,11,Santander,8,Electrodomesticos y muebles,1,108.8161,-14.4000,3.8516,19.0300,33942.1425,-9.8000,3.8558,19.1000,35234.2208,0,49616.0000,48353.0000
2019-11-01,2019,11,Santander,9,Articulos y utensilios domesticos,0,103.5612,-14.4000,3.8516,19.0300,33942.1425,-9.8000,3.8558,19.1000,35234.2208,0,49616.0000,48353.0000
2019-11-01,2019,11,Santander,10,Aseo del hogar,0,96.8150,-14.4000,3.8516,19.0300,33942.1425,-9.8000,3.8558,19.1000,35234.2208,0,49616.0000,48353.0000
2019-11-01,2019,11,Santander,11,Informatica y telecomunicaciones,0,119.2644,-14.4000,3.8516,19.0300,33942.1425,-9.8000,3.8558,19.1000,35234.2208,0,49616.0000,48353.0000
2019-11-01,2019,11,Santander,12,Sonido y video,0,133.4463,-14.4000,3.8516,19.0300,33942.1425,-9.8000,3.8558,19.1000,35234.2208,0,49616.0000,48353.0000
2019-11-01,2019,11,Santander,14,"Ferreteria, vidrios y pinturas",0,107.1577,-14.4000,3.8516,19.0300,33942.1425,-9.8000,3.8558,19.1000,35234.2208,0,49616.0000,48353.0000
2019-11-01,2019,11,Santander,15,Otras mercancias de uso domestico,0,121.5754,-14.4000,3.8516,19.0300,33942.1425,-9.8000,3.8558,19.1000,35234.2208,0,49616.0000,48353.0000
2019-11-01,2019,11,Valle del Cauca,4,Prendas de vestir y textiles,0,117.9502,-14.4000,3.8516,19.0300,33942.1425,-9.8000,3.8558,19.1000,35234.2208,0,104267.0000,196532.0000
2019-11-01,2019,11,Valle del Cauca,8,Electrodomesticos y muebles,1,111.2866,-14.4000,3.8516,19.0300,33942.1425,-9.8000,3.8558,19.1000,35234.2208,0,104267.0000,196532.0000
2019-11-01,2019,11,Valle del Cauca,9,Articulos y utensilios domesticos,0,115.6135,-14.4000,3.8516,19.0300,33942.1425,-9.8000,3.8558,19.1000,35234.2208,0,104267.0000,196532.0000
2019-11-01,2019,11,Valle del Cauca,10,Aseo del hogar,0,98.5196,-14.4000,3.8516,19.0300,33942.1425,-9.8000,3.8558,19.1000,35234.2208,0,104267.0000,196532.0000
2019-11-01,2019,11,Valle del Cauca,11,Informatica y telecomunicaciones,0,126.4030,-14.4000,3.8516,19.0300,33942.1425,-9.8000,3.8558,19.1000,35234.2208,0,104267.0000,196532.0000
2019-11-01,2019,11,Valle del Cauca,12,Sonido y video,0,139.6801,-14.4000,3.8516,19.0300,33942.1425,-9.8000,3.8558,19.1000,35234.2208,0,104267.0000,196532.0000
2019-11-01,2019,11,Valle del Cauca,14,"Ferreteria, vidrios y pinturas",0,111.5014,-14.4000,3.8516,19.0300,33942.1425,-9.8000,3.8558,19.1000,35234.2208,0,104267.0000,196532.0000
2019-11-01,2019,11,Valle del Cauca,15,Otras mercancias de uso domestico,0,131.0558,-14.4000,3.8516,19.0300,33942.1425,-9.8000,3.8558,19.1000,35234.2208,0,104267.0000,196532.0000
2019-11-01,2019,11,Otros departamentos,4,Prendas de vestir y textiles,0,113.4082,-14.4000,3.8516,19.0300,33942.1425,-9.8000,3.8558,19.1000,35234.2208,0,695462.0000,477018.0000
2019-11-01,2019,11,Otros departamentos,8,Electrodomesticos y muebles,1,116.4854,-14.4000,3.8516,19.0300,33942.1425,-9.8000,3.8558,19.1000,35234.2208,0,695462.0000,477018.0000
2019-11-01,2019,11,Otros departamentos,9,Articulos y utensilios domesticos,0,108.9953,-14.4000,3.8516,19.0300,33942.1425,-9.8000,3.8558,19.1000,35234.2208,0,695462.0000,477018.0000
2019-11-01,2019,11,Otros departamentos,10,Aseo del hogar,0,100.4599,-14.4000,3.8516,19.0300,33942.1425,-9.8000,3.8558,19.1000,35234.2208,0,695462.0000,477018.0000
2019-11-01,2019,11,Otros departamentos,11,Informatica y telecomunicaciones,0,124.1015,-14.4000,3.8516,19.0300,33942.1425,-9.8000,3.8558,19.1000,35234.2208,0,695462.0000,477018.0000
2019-11-01,2019,11,Otros departamentos,12,Sonido y video,0,136.2792,-14.4000,3.8516,19.0300,33942.1425,-9.8000,3.8558,19.1000,35234.2208,0,695462.0000,477018.0000
2019-11-01,2019,11,Otros departamentos,14,"Ferreteria, vidrios y pinturas",0,107.8544,-14.4000,3.8516,19.0300,33942.1425,-9.8000,3.8558,19.1000,35234.2208,0,695462.0000,477018.0000
2019-11-01,2019,11,Otros departamentos,15,Otras mercancias de uso domestico,0,123.8800,-14.4000,3.8516,19.0300,33942.1425,-9.8000,3.8558,19.1000,35234.2208,0,695462.0000,477018.0000
2019-12-01,2019,12,Antioquia,4,Prendas de vestir y textiles,0,264.4268,-9.5000,3.8000,18.9100,37163.6911,-14.4000,3.8516,19.0300,33942.1425,0,615502.0000,411620.0000
2019-12-01,2019,12,Antioquia,8,Electrodomesticos y muebles,1,123.6295,-9.5000,3.8000,18.9100,37163.6911,-14.4000,3.8516,19.0300,33942.1425,0,615502.0000,411620.0000
2019-12-01,2019,12,Antioquia,9,Articulos y utensilios domesticos,0,152.6856,-9.5000,3.8000,18.9100,37163.6911,-14.4000,3.8516,19.0300,33942.1425,0,615502.0000,411620.0000
2019-12-01,2019,12,Antioquia,10,Aseo del hogar,0,118.4679,-9.5000,3.8000,18.9100,37163.6911,-14.4000,3.8516,19.0300,33942.1425,0,615502.0000,411620.0000
2019-12-01,2019,12,Antioquia,11,Informatica y telecomunicaciones,0,167.5952,-9.5000,3.8000,18.9100,37163.6911,-14.4000,3.8516,19.0300,33942.1425,0,615502.0000,411620.0000
2019-12-01,2019,12,Antioquia,12,Sonido y video,0,154.6883,-9.5000,3.8000,18.9100,37163.6911,-14.4000,3.8516,19.0300,33942.1425,0,615502.0000,411620.0000
2019-12-01,2019,12,Antioquia,14,"Ferreteria, vidrios y pinturas",0,109.2607,-9.5000,3.8000,18.9100,37163.6911,-14.4000,3.8516,19.0300,33942.1425,0,615502.0000,411620.0000
2019-12-01,2019,12,Antioquia,15,Otras mercancias de uso domestico,0,174.0395,-9.5000,3.8000,18.9100,37163.6911,-14.4000,3.8516,19.0300,33942.1425,0,615502.0000,411620.0000
2019-12-01,2019,12,Atlantico,4,Prendas de vestir y textiles,0,267.4045,-9.5000,3.8000,18.9100,37163.6911,-14.4000,3.8516,19.0300,33942.1425,0,94265.0000,14753.0000
2019-12-01,2019,12,Atlantico,8,Electrodomesticos y muebles,1,120.1176,-9.5000,3.8000,18.9100,37163.6911,-14.4000,3.8516,19.0300,33942.1425,0,94265.0000,14753.0000
2019-12-01,2019,12,Atlantico,9,Articulos y utensilios domesticos,0,147.4641,-9.5000,3.8000,18.9100,37163.6911,-14.4000,3.8516,19.0300,33942.1425,0,94265.0000,14753.0000
2019-12-01,2019,12,Atlantico,10,Aseo del hogar,0,117.2033,-9.5000,3.8000,18.9100,37163.6911,-14.4000,3.8516,19.0300,33942.1425,0,94265.0000,14753.0000
2019-12-01,2019,12,Atlantico,11,Informatica y telecomunicaciones,0,163.7130,-9.5000,3.8000,18.9100,37163.6911,-14.4000,3.8516,19.0300,33942.1425,0,94265.0000,14753.0000
2019-12-01,2019,12,Atlantico,12,Sonido y video,0,142.2502,-9.5000,3.8000,18.9100,37163.6911,-14.4000,3.8516,19.0300,33942.1425,0,94265.0000,14753.0000
2019-12-01,2019,12,Atlantico,14,"Ferreteria, vidrios y pinturas",0,111.5081,-9.5000,3.8000,18.9100,37163.6911,-14.4000,3.8516,19.0300,33942.1425,0,94265.0000,14753.0000
2019-12-01,2019,12,Atlantico,15,Otras mercancias de uso domestico,0,180.8328,-9.5000,3.8000,18.9100,37163.6911,-14.4000,3.8516,19.0300,33942.1425,0,94265.0000,14753.0000
2019-12-01,2019,12,Bogota,4,Prendas de vestir y textiles,0,259.1461,-9.5000,3.8000,18.9100,37163.6911,-14.4000,3.8516,19.0300,33942.1425,0,558267.0000,172217.0000
2019-12-01,2019,12,Bogota,8,Electrodomesticos y muebles,1,117.7489,-9.5000,3.8000,18.9100,37163.6911,-14.4000,3.8516,19.0300,33942.1425,0,558267.0000,172217.0000
2019-12-01,2019,12,Bogota,9,Articulos y utensilios domesticos,0,148.2911,-9.5000,3.8000,18.9100,37163.6911,-14.4000,3.8516,19.0300,33942.1425,0,558267.0000,172217.0000
2019-12-01,2019,12,Bogota,10,Aseo del hogar,0,113.9382,-9.5000,3.8000,18.9100,37163.6911,-14.4000,3.8516,19.0300,33942.1425,0,558267.0000,172217.0000
2019-12-01,2019,12,Bogota,11,Informatica y telecomunicaciones,0,162.3606,-9.5000,3.8000,18.9100,37163.6911,-14.4000,3.8516,19.0300,33942.1425,0,558267.0000,172217.0000
2019-12-01,2019,12,Bogota,12,Sonido y video,0,144.5662,-9.5000,3.8000,18.9100,37163.6911,-14.4000,3.8516,19.0300,33942.1425,0,558267.0000,172217.0000
2019-12-01,2019,12,Bogota,14,"Ferreteria, vidrios y pinturas",0,109.7175,-9.5000,3.8000,18.9100,37163.6911,-14.4000,3.8516,19.0300,33942.1425,0,558267.0000,172217.0000
2019-12-01,2019,12,Bogota,15,Otras mercancias de uso domestico,0,174.1151,-9.5000,3.8000,18.9100,37163.6911,-14.4000,3.8516,19.0300,33942.1425,0,558267.0000,172217.0000
2019-12-01,2019,12,Cundinamarca,4,Prendas de vestir y textiles,0,266.9747,-9.5000,3.8000,18.9100,37163.6911,-14.4000,3.8516,19.0300,33942.1425,0,940710.0000,291081.0000
2019-12-01,2019,12,Cundinamarca,8,Electrodomesticos y muebles,1,130.7439,-9.5000,3.8000,18.9100,37163.6911,-14.4000,3.8516,19.0300,33942.1425,0,940710.0000,291081.0000
2019-12-01,2019,12,Cundinamarca,9,Articulos y utensilios domesticos,0,157.7225,-9.5000,3.8000,18.9100,37163.6911,-14.4000,3.8516,19.0300,33942.1425,0,940710.0000,291081.0000
2019-12-01,2019,12,Cundinamarca,10,Aseo del hogar,0,117.0272,-9.5000,3.8000,18.9100,37163.6911,-14.4000,3.8516,19.0300,33942.1425,0,940710.0000,291081.0000
2019-12-01,2019,12,Cundinamarca,11,Informatica y telecomunicaciones,0,170.2869,-9.5000,3.8000,18.9100,37163.6911,-14.4000,3.8516,19.0300,33942.1425,0,940710.0000,291081.0000
2019-12-01,2019,12,Cundinamarca,12,Sonido y video,0,156.8768,-9.5000,3.8000,18.9100,37163.6911,-14.4000,3.8516,19.0300,33942.1425,0,940710.0000,291081.0000
2019-12-01,2019,12,Cundinamarca,14,"Ferreteria, vidrios y pinturas",0,110.5371,-9.5000,3.8000,18.9100,37163.6911,-14.4000,3.8516,19.0300,33942.1425,0,940710.0000,291081.0000
2019-12-01,2019,12,Cundinamarca,15,Otras mercancias de uso domestico,0,177.7666,-9.5000,3.8000,18.9100,37163.6911,-14.4000,3.8516,19.0300,33942.1425,0,940710.0000,291081.0000
2019-12-01,2019,12,Santander,4,Prendas de vestir y textiles,0,268.3124,-9.5000,3.8000,18.9100,37163.6911,-14.4000,3.8516,19.0300,33942.1425,0,116201.0000,49616.0000
2019-12-01,2019,12,Santander,8,Electrodomesticos y muebles,1,120.9248,-9.5000,3.8000,18.9100,37163.6911,-14.4000,3.8516,19.0300,33942.1425,0,116201.0000,49616.0000
2019-12-01,2019,12,Santander,9,Articulos y utensilios domesticos,0,151.2090,-9.5000,3.8000,18.9100,37163.6911,-14.4000,3.8516,19.0300,33942.1425,0,116201.0000,49616.0000
2019-12-01,2019,12,Santander,10,Aseo del hogar,0,114.5216,-9.5000,3.8000,18.9100,37163.6911,-14.4000,3.8516,19.0300,33942.1425,0,116201.0000,49616.0000
2019-12-01,2019,12,Santander,11,Informatica y telecomunicaciones,0,167.6201,-9.5000,3.8000,18.9100,37163.6911,-14.4000,3.8516,19.0300,33942.1425,0,116201.0000,49616.0000
2019-12-01,2019,12,Santander,12,Sonido y video,0,148.8402,-9.5000,3.8000,18.9100,37163.6911,-14.4000,3.8516,19.0300,33942.1425,0,116201.0000,49616.0000
2019-12-01,2019,12,Santander,14,"Ferreteria, vidrios y pinturas",0,110.0889,-9.5000,3.8000,18.9100,37163.6911,-14.4000,3.8516,19.0300,33942.1425,0,116201.0000,49616.0000
2019-12-01,2019,12,Santander,15,Otras mercancias de uso domestico,0,174.3973,-9.5000,3.8000,18.9100,37163.6911,-14.4000,3.8516,19.0300,33942.1425,0,116201.0000,49616.0000
2019-12-01,2019,12,Valle del Cauca,4,Prendas de vestir y textiles,0,237.1141,-9.5000,3.8000,18.9100,37163.6911,-14.4000,3.8516,19.0300,33942.1425,0,339757.0000,104267.0000
2019-12-01,2019,12,Valle del Cauca,8,Electrodomesticos y muebles,1,110.5135,-9.5000,3.8000,18.9100,37163.6911,-14.4000,3.8516,19.0300,33942.1425,0,339757.0000,104267.0000
2019-12-01,2019,12,Valle del Cauca,9,Articulos y utensilios domesticos,0,142.8744,-9.5000,3.8000,18.9100,37163.6911,-14.4000,3.8516,19.0300,33942.1425,0,339757.0000,104267.0000
2019-12-01,2019,12,Valle del Cauca,10,Aseo del hogar,0,103.1574,-9.5000,3.8000,18.9100,37163.6911,-14.4000,3.8516,19.0300,33942.1425,0,339757.0000,104267.0000
2019-12-01,2019,12,Valle del Cauca,11,Informatica y telecomunicaciones,0,146.9712,-9.5000,3.8000,18.9100,37163.6911,-14.4000,3.8516,19.0300,33942.1425,0,339757.0000,104267.0000
2019-12-01,2019,12,Valle del Cauca,12,Sonido y video,0,139.0813,-9.5000,3.8000,18.9100,37163.6911,-14.4000,3.8516,19.0300,33942.1425,0,339757.0000,104267.0000
2019-12-01,2019,12,Valle del Cauca,14,"Ferreteria, vidrios y pinturas",0,98.3673,-9.5000,3.8000,18.9100,37163.6911,-14.4000,3.8516,19.0300,33942.1425,0,339757.0000,104267.0000
2019-12-01,2019,12,Valle del Cauca,15,Otras mercancias de uso domestico,0,161.2918,-9.5000,3.8000,18.9100,37163.6911,-14.4000,3.8516,19.0300,33942.1425,0,339757.0000,104267.0000
2019-12-01,2019,12,Otros departamentos,4,Prendas de vestir y textiles,0,257.6792,-9.5000,3.8000,18.9100,37163.6911,-14.4000,3.8516,19.0300,33942.1425,0,1022441.0000,695462.0000
2019-12-01,2019,12,Otros departamentos,8,Electrodomesticos y muebles,1,121.0907,-9.5000,3.8000,18.9100,37163.6911,-14.4000,3.8516,19.0300,33942.1425,0,1022441.0000,695462.0000
2019-12-01,2019,12,Otros departamentos,9,Articulos y utensilios domesticos,0,144.8186,-9.5000,3.8000,18.9100,37163.6911,-14.4000,3.8516,19.0300,33942.1425,0,1022441.0000,695462.0000
2019-12-01,2019,12,Otros departamentos,10,Aseo del hogar,0,116.1622,-9.5000,3.8000,18.9100,37163.6911,-14.4000,3.8516,19.0300,33942.1425,0,1022441.0000,695462.0000
2019-12-01,2019,12,Otros departamentos,11,Informatica y telecomunicaciones,0,162.7239,-9.5000,3.8000,18.9100,37163.6911,-14.4000,3.8516,19.0300,33942.1425,0,1022441.0000,695462.0000
2019-12-01,2019,12,Otros departamentos,12,Sonido y video,0,144.5536,-9.5000,3.8000,18.9100,37163.6911,-14.4000,3.8516,19.0300,33942.1425,0,1022441.0000,695462.0000
2019-12-01,2019,12,Otros departamentos,14,"Ferreteria, vidrios y pinturas",0,108.8409,-9.5000,3.8000,18.9100,37163.6911,-14.4000,3.8516,19.0300,33942.1425,0,1022441.0000,695462.0000
2019-12-01,2019,12,Otros departamentos,15,Otras mercancias de uso domestico,0,173.0189,-9.5000,3.8000,18.9100,37163.6911,-14.4000,3.8516,19.0300,33942.1425,0,1022441.0000,695462.0000
2020-01-01,2020,1,Antioquia,4,Prendas de vestir y textiles,0,84.4997,-1.2000,3.6183,18.7700,30472.2406,-9.5000,3.8000,18.9100,37163.6911,0,150719.0000,615502.0000
2020-01-01,2020,1,Antioquia,8,Electrodomesticos y muebles,1,103.0535,-1.2000,3.6183,18.7700,30472.2406,-9.5000,3.8000,18.9100,37163.6911,0,150719.0000,615502.0000
2020-01-01,2020,1,Antioquia,9,Articulos y utensilios domesticos,0,105.1302,-1.2000,3.6183,18.7700,30472.2406,-9.5000,3.8000,18.9100,37163.6911,0,150719.0000,615502.0000
2020-01-01,2020,1,Antioquia,10,Aseo del hogar,0,110.5852,-1.2000,3.6183,18.7700,30472.2406,-9.5000,3.8000,18.9100,37163.6911,0,150719.0000,615502.0000
2020-01-01,2020,1,Antioquia,11,Informatica y telecomunicaciones,0,103.8378,-1.2000,3.6183,18.7700,30472.2406,-9.5000,3.8000,18.9100,37163.6911,0,150719.0000,615502.0000
2020-01-01,2020,1,Antioquia,12,Sonido y video,0,88.3014,-1.2000,3.6183,18.7700,30472.2406,-9.5000,3.8000,18.9100,37163.6911,0,150719.0000,615502.0000
2020-01-01,2020,1,Antioquia,14,"Ferreteria, vidrios y pinturas",0,96.9807,-1.2000,3.6183,18.7700,30472.2406,-9.5000,3.8000,18.9100,37163.6911,0,150719.0000,615502.0000
2020-01-01,2020,1,Antioquia,15,Otras mercancias de uso domestico,0,86.2621,-1.2000,3.6183,18.7700,30472.2406,-9.5000,3.8000,18.9100,37163.6911,0,150719.0000,615502.0000
2020-01-01,2020,1,Atlantico,4,Prendas de vestir y textiles,0,88.4618,-1.2000,3.6183,18.7700,30472.2406,-9.5000,3.8000,18.9100,37163.6911,0,80576.0000,94265.0000
2020-01-01,2020,1,Atlantico,8,Electrodomesticos y muebles,1,106.0215,-1.2000,3.6183,18.7700,30472.2406,-9.5000,3.8000,18.9100,37163.6911,0,80576.0000,94265.0000
2020-01-01,2020,1,Atlantico,9,Articulos y utensilios domesticos,0,105.1713,-1.2000,3.6183,18.7700,30472.2406,-9.5000,3.8000,18.9100,37163.6911,0,80576.0000,94265.0000
2020-01-01,2020,1,Atlantico,10,Aseo del hogar,0,109.9505,-1.2000,3.6183,18.7700,30472.2406,-9.5000,3.8000,18.9100,37163.6911,0,80576.0000,94265.0000
2020-01-01,2020,1,Atlantico,11,Informatica y telecomunicaciones,0,99.3147,-1.2000,3.6183,18.7700,30472.2406,-9.5000,3.8000,18.9100,37163.6911,0,80576.0000,94265.0000
2020-01-01,2020,1,Atlantico,12,Sonido y video,0,83.9890,-1.2000,3.6183,18.7700,30472.2406,-9.5000,3.8000,18.9100,37163.6911,0,80576.0000,94265.0000
2020-01-01,2020,1,Atlantico,14,"Ferreteria, vidrios y pinturas",0,100.2625,-1.2000,3.6183,18.7700,30472.2406,-9.5000,3.8000,18.9100,37163.6911,0,80576.0000,94265.0000
2020-01-01,2020,1,Atlantico,15,Otras mercancias de uso domestico,0,91.9847,-1.2000,3.6183,18.7700,30472.2406,-9.5000,3.8000,18.9100,37163.6911,0,80576.0000,94265.0000
2020-01-01,2020,1,Bogota,4,Prendas de vestir y textiles,0,80.9843,-1.2000,3.6183,18.7700,30472.2406,-9.5000,3.8000,18.9100,37163.6911,0,313306.0000,558267.0000
2020-01-01,2020,1,Bogota,8,Electrodomesticos y muebles,1,98.0826,-1.2000,3.6183,18.7700,30472.2406,-9.5000,3.8000,18.9100,37163.6911,0,313306.0000,558267.0000
2020-01-01,2020,1,Bogota,9,Articulos y utensilios domesticos,0,98.9742,-1.2000,3.6183,18.7700,30472.2406,-9.5000,3.8000,18.9100,37163.6911,0,313306.0000,558267.0000
2020-01-01,2020,1,Bogota,10,Aseo del hogar,0,103.3791,-1.2000,3.6183,18.7700,30472.2406,-9.5000,3.8000,18.9100,37163.6911,0,313306.0000,558267.0000
2020-01-01,2020,1,Bogota,11,Informatica y telecomunicaciones,0,96.2002,-1.2000,3.6183,18.7700,30472.2406,-9.5000,3.8000,18.9100,37163.6911,0,313306.0000,558267.0000
2020-01-01,2020,1,Bogota,12,Sonido y video,0,78.4867,-1.2000,3.6183,18.7700,30472.2406,-9.5000,3.8000,18.9100,37163.6911,0,313306.0000,558267.0000
2020-01-01,2020,1,Bogota,14,"Ferreteria, vidrios y pinturas",0,92.1221,-1.2000,3.6183,18.7700,30472.2406,-9.5000,3.8000,18.9100,37163.6911,0,313306.0000,558267.0000
2020-01-01,2020,1,Bogota,15,Otras mercancias de uso domestico,0,82.5441,-1.2000,3.6183,18.7700,30472.2406,-9.5000,3.8000,18.9100,37163.6911,0,313306.0000,558267.0000
2020-01-01,2020,1,Cundinamarca,4,Prendas de vestir y textiles,0,91.4340,-1.2000,3.6183,18.7700,30472.2406,-9.5000,3.8000,18.9100,37163.6911,0,192830.0000,940710.0000
2020-01-01,2020,1,Cundinamarca,8,Electrodomesticos y muebles,1,118.3077,-1.2000,3.6183,18.7700,30472.2406,-9.5000,3.8000,18.9100,37163.6911,0,192830.0000,940710.0000
2020-01-01,2020,1,Cundinamarca,9,Articulos y utensilios domesticos,0,115.0626,-1.2000,3.6183,18.7700,30472.2406,-9.5000,3.8000,18.9100,37163.6911,0,192830.0000,940710.0000
2020-01-01,2020,1,Cundinamarca,10,Aseo del hogar,0,120.1158,-1.2000,3.6183,18.7700,30472.2406,-9.5000,3.8000,18.9100,37163.6911,0,192830.0000,940710.0000
2020-01-01,2020,1,Cundinamarca,11,Informatica y telecomunicaciones,0,113.3969,-1.2000,3.6183,18.7700,30472.2406,-9.5000,3.8000,18.9100,37163.6911,0,192830.0000,940710.0000
2020-01-01,2020,1,Cundinamarca,12,Sonido y video,0,97.2573,-1.2000,3.6183,18.7700,30472.2406,-9.5000,3.8000,18.9100,37163.6911,0,192830.0000,940710.0000
2020-01-01,2020,1,Cundinamarca,14,"Ferreteria, vidrios y pinturas",0,105.3832,-1.2000,3.6183,18.7700,30472.2406,-9.5000,3.8000,18.9100,37163.6911,0,192830.0000,940710.0000
2020-01-01,2020,1,Cundinamarca,15,Otras mercancias de uso domestico,0,96.6100,-1.2000,3.6183,18.7700,30472.2406,-9.5000,3.8000,18.9100,37163.6911,0,192830.0000,940710.0000
2020-01-01,2020,1,Santander,4,Prendas de vestir y textiles,0,85.5969,-1.2000,3.6183,18.7700,30472.2406,-9.5000,3.8000,18.9100,37163.6911,0,156404.0000,116201.0000
2020-01-01,2020,1,Santander,8,Electrodomesticos y muebles,1,99.8201,-1.2000,3.6183,18.7700,30472.2406,-9.5000,3.8000,18.9100,37163.6911,0,156404.0000,116201.0000
2020-01-01,2020,1,Santander,9,Articulos y utensilios domesticos,0,99.2227,-1.2000,3.6183,18.7700,30472.2406,-9.5000,3.8000,18.9100,37163.6911,0,156404.0000,116201.0000
2020-01-01,2020,1,Santander,10,Aseo del hogar,0,106.1386,-1.2000,3.6183,18.7700,30472.2406,-9.5000,3.8000,18.9100,37163.6911,0,156404.0000,116201.0000
2020-01-01,2020,1,Santander,11,Informatica y telecomunicaciones,0,97.2410,-1.2000,3.6183,18.7700,30472.2406,-9.5000,3.8000,18.9100,37163.6911,0,156404.0000,116201.0000
2020-01-01,2020,1,Santander,12,Sonido y video,0,84.5386,-1.2000,3.6183,18.7700,30472.2406,-9.5000,3.8000,18.9100,37163.6911,0,156404.0000,116201.0000
2020-01-01,2020,1,Santander,14,"Ferreteria, vidrios y pinturas",0,94.4963,-1.2000,3.6183,18.7700,30472.2406,-9.5000,3.8000,18.9100,37163.6911,0,156404.0000,116201.0000
2020-01-01,2020,1,Santander,15,Otras mercancias de uso domestico,0,85.4951,-1.2000,3.6183,18.7700,30472.2406,-9.5000,3.8000,18.9100,37163.6911,0,156404.0000,116201.0000
2020-01-01,2020,1,Valle del Cauca,4,Prendas de vestir y textiles,0,80.0579,-1.2000,3.6183,18.7700,30472.2406,-9.5000,3.8000,18.9100,37163.6911,0,162536.0000,339757.0000
2020-01-01,2020,1,Valle del Cauca,8,Electrodomesticos y muebles,1,100.0218,-1.2000,3.6183,18.7700,30472.2406,-9.5000,3.8000,18.9100,37163.6911,0,162536.0000,339757.0000
2020-01-01,2020,1,Valle del Cauca,9,Articulos y utensilios domesticos,0,101.0041,-1.2000,3.6183,18.7700,30472.2406,-9.5000,3.8000,18.9100,37163.6911,0,162536.0000,339757.0000
2020-01-01,2020,1,Valle del Cauca,10,Aseo del hogar,0,100.9137,-1.2000,3.6183,18.7700,30472.2406,-9.5000,3.8000,18.9100,37163.6911,0,162536.0000,339757.0000
2020-01-01,2020,1,Valle del Cauca,11,Informatica y telecomunicaciones,0,91.6025,-1.2000,3.6183,18.7700,30472.2406,-9.5000,3.8000,18.9100,37163.6911,0,162536.0000,339757.0000
2020-01-01,2020,1,Valle del Cauca,12,Sonido y video,0,84.5842,-1.2000,3.6183,18.7700,30472.2406,-9.5000,3.8000,18.9100,37163.6911,0,162536.0000,339757.0000
2020-01-01,2020,1,Valle del Cauca,14,"Ferreteria, vidrios y pinturas",0,91.4901,-1.2000,3.6183,18.7700,30472.2406,-9.5000,3.8000,18.9100,37163.6911,0,162536.0000,339757.0000
2020-01-01,2020,1,Valle del Cauca,15,Otras mercancias de uso domestico,0,82.6503,-1.2000,3.6183,18.7700,30472.2406,-9.5000,3.8000,18.9100,37163.6911,0,162536.0000,339757.0000
2020-01-01,2020,1,Otros departamentos,4,Prendas de vestir y textiles,0,83.4512,-1.2000,3.6183,18.7700,30472.2406,-9.5000,3.8000,18.9100,37163.6911,0,453665.0000,1022441.0000
2020-01-01,2020,1,Otros departamentos,8,Electrodomesticos y muebles,1,105.1152,-1.2000,3.6183,18.7700,30472.2406,-9.5000,3.8000,18.9100,37163.6911,0,453665.0000,1022441.0000
2020-01-01,2020,1,Otros departamentos,9,Articulos y utensilios domesticos,0,96.2295,-1.2000,3.6183,18.7700,30472.2406,-9.5000,3.8000,18.9100,37163.6911,0,453665.0000,1022441.0000
2020-01-01,2020,1,Otros departamentos,10,Aseo del hogar,0,105.3827,-1.2000,3.6183,18.7700,30472.2406,-9.5000,3.8000,18.9100,37163.6911,0,453665.0000,1022441.0000
2020-01-01,2020,1,Otros departamentos,11,Informatica y telecomunicaciones,0,96.0995,-1.2000,3.6183,18.7700,30472.2406,-9.5000,3.8000,18.9100,37163.6911,0,453665.0000,1022441.0000
2020-01-01,2020,1,Otros departamentos,12,Sonido y video,0,85.6179,-1.2000,3.6183,18.7700,30472.2406,-9.5000,3.8000,18.9100,37163.6911,0,453665.0000,1022441.0000
2020-01-01,2020,1,Otros departamentos,14,"Ferreteria, vidrios y pinturas",0,95.9340,-1.2000,3.6183,18.7700,30472.2406,-9.5000,3.8000,18.9100,37163.6911,0,453665.0000,1022441.0000
2020-01-01,2020,1,Otros departamentos,15,Otras mercancias de uso domestico,0,86.6563,-1.2000,3.6183,18.7700,30472.2406,-9.5000,3.8000,18.9100,37163.6911,0,453665.0000,1022441.0000
2020-02-01,2020,2,Antioquia,4,Prendas de vestir y textiles,0,72.5422,-11.2000,3.7161,19.0600,23143.2071,-1.2000,3.6183,18.7700,30472.2406,0,261030.0000,150719.0000
2020-02-01,2020,2,Antioquia,8,Electrodomesticos y muebles,1,102.3724,-11.2000,3.7161,19.0600,23143.2071,-1.2000,3.6183,18.7700,30472.2406,0,261030.0000,150719.0000
2020-02-01,2020,2,Antioquia,9,Articulos y utensilios domesticos,0,98.5263,-11.2000,3.7161,19.0600,23143.2071,-1.2000,3.6183,18.7700,30472.2406,0,261030.0000,150719.0000
2020-02-01,2020,2,Antioquia,10,Aseo del hogar,0,107.8674,-11.2000,3.7161,19.0600,23143.2071,-1.2000,3.6183,18.7700,30472.2406,0,261030.0000,150719.0000
2020-02-01,2020,2,Antioquia,11,Informatica y telecomunicaciones,0,113.3361,-11.2000,3.7161,19.0600,23143.2071,-1.2000,3.6183,18.7700,30472.2406,0,261030.0000,150719.0000
2020-02-01,2020,2,Antioquia,12,Sonido y video,0,100.8034,-11.2000,3.7161,19.0600,23143.2071,-1.2000,3.6183,18.7700,30472.2406,0,261030.0000,150719.0000
2020-02-01,2020,2,Antioquia,14,"Ferreteria, vidrios y pinturas",0,100.1154,-11.2000,3.7161,19.0600,23143.2071,-1.2000,3.6183,18.7700,30472.2406,0,261030.0000,150719.0000
2020-02-01,2020,2,Antioquia,15,Otras mercancias de uso domestico,0,84.1324,-11.2000,3.7161,19.0600,23143.2071,-1.2000,3.6183,18.7700,30472.2406,0,261030.0000,150719.0000
2020-02-01,2020,2,Atlantico,4,Prendas de vestir y textiles,0,72.7779,-11.2000,3.7161,19.0600,23143.2071,-1.2000,3.6183,18.7700,30472.2406,0,78214.0000,80576.0000
2020-02-01,2020,2,Atlantico,8,Electrodomesticos y muebles,1,101.6505,-11.2000,3.7161,19.0600,23143.2071,-1.2000,3.6183,18.7700,30472.2406,0,78214.0000,80576.0000
2020-02-01,2020,2,Atlantico,9,Articulos y utensilios domesticos,0,90.2458,-11.2000,3.7161,19.0600,23143.2071,-1.2000,3.6183,18.7700,30472.2406,0,78214.0000,80576.0000
2020-02-01,2020,2,Atlantico,10,Aseo del hogar,0,98.0643,-11.2000,3.7161,19.0600,23143.2071,-1.2000,3.6183,18.7700,30472.2406,0,78214.0000,80576.0000
2020-02-01,2020,2,Atlantico,11,Informatica y telecomunicaciones,0,105.2088,-11.2000,3.7161,19.0600,23143.2071,-1.2000,3.6183,18.7700,30472.2406,0,78214.0000,80576.0000
2020-02-01,2020,2,Atlantico,12,Sonido y video,0,94.6513,-11.2000,3.7161,19.0600,23143.2071,-1.2000,3.6183,18.7700,30472.2406,0,78214.0000,80576.0000
2020-02-01,2020,2,Atlantico,14,"Ferreteria, vidrios y pinturas",0,94.6867,-11.2000,3.7161,19.0600,23143.2071,-1.2000,3.6183,18.7700,30472.2406,0,78214.0000,80576.0000
2020-02-01,2020,2,Atlantico,15,Otras mercancias de uso domestico,0,80.1345,-11.2000,3.7161,19.0600,23143.2071,-1.2000,3.6183,18.7700,30472.2406,0,78214.0000,80576.0000
2020-02-01,2020,2,Bogota,4,Prendas de vestir y textiles,0,73.9806,-11.2000,3.7161,19.0600,23143.2071,-1.2000,3.6183,18.7700,30472.2406,0,233935.0000,313306.0000
2020-02-01,2020,2,Bogota,8,Electrodomesticos y muebles,1,105.3263,-11.2000,3.7161,19.0600,23143.2071,-1.2000,3.6183,18.7700,30472.2406,0,233935.0000,313306.0000
2020-02-01,2020,2,Bogota,9,Articulos y utensilios domesticos,0,99.5857,-11.2000,3.7161,19.0600,23143.2071,-1.2000,3.6183,18.7700,30472.2406,0,233935.0000,313306.0000
2020-02-01,2020,2,Bogota,10,Aseo del hogar,0,107.0295,-11.2000,3.7161,19.0600,23143.2071,-1.2000,3.6183,18.7700,30472.2406,0,233935.0000,313306.0000
2020-02-01,2020,2,Bogota,11,Informatica y telecomunicaciones,0,109.4091,-11.2000,3.7161,19.0600,23143.2071,-1.2000,3.6183,18.7700,30472.2406,0,233935.0000,313306.0000
2020-02-01,2020,2,Bogota,12,Sonido y video,0,95.2488,-11.2000,3.7161,19.0600,23143.2071,-1.2000,3.6183,18.7700,30472.2406,0,233935.0000,313306.0000
2020-02-01,2020,2,Bogota,14,"Ferreteria, vidrios y pinturas",0,99.1388,-11.2000,3.7161,19.0600,23143.2071,-1.2000,3.6183,18.7700,30472.2406,0,233935.0000,313306.0000
2020-02-01,2020,2,Bogota,15,Otras mercancias de uso domestico,0,83.4245,-11.2000,3.7161,19.0600,23143.2071,-1.2000,3.6183,18.7700,30472.2406,0,233935.0000,313306.0000
2020-02-01,2020,2,Cundinamarca,4,Prendas de vestir y textiles,0,79.7923,-11.2000,3.7161,19.0600,23143.2071,-1.2000,3.6183,18.7700,30472.2406,0,185352.0000,192830.0000
2020-02-01,2020,2,Cundinamarca,8,Electrodomesticos y muebles,1,122.4950,-11.2000,3.7161,19.0600,23143.2071,-1.2000,3.6183,18.7700,30472.2406,0,185352.0000,192830.0000
2020-02-01,2020,2,Cundinamarca,9,Articulos y utensilios domesticos,0,111.2549,-11.2000,3.7161,19.0600,23143.2071,-1.2000,3.6183,18.7700,30472.2406,0,185352.0000,192830.0000
2020-02-01,2020,2,Cundinamarca,10,Aseo del hogar,0,120.7456,-11.2000,3.7161,19.0600,23143.2071,-1.2000,3.6183,18.7700,30472.2406,0,185352.0000,192830.0000
2020-02-01,2020,2,Cundinamarca,11,Informatica y telecomunicaciones,0,122.1951,-11.2000,3.7161,19.0600,23143.2071,-1.2000,3.6183,18.7700,30472.2406,0,185352.0000,192830.0000
2020-02-01,2020,2,Cundinamarca,12,Sonido y video,0,113.7217,-11.2000,3.7161,19.0600,23143.2071,-1.2000,3.6183,18.7700,30472.2406,0,185352.0000,192830.0000
2020-02-01,2020,2,Cundinamarca,14,"Ferreteria, vidrios y pinturas",0,110.8190,-11.2000,3.7161,19.0600,23143.2071,-1.2000,3.6183,18.7700,30472.2406,0,185352.0000,192830.0000
2020-02-01,2020,2,Cundinamarca,15,Otras mercancias de uso domestico,0,94.7132,-11.2000,3.7161,19.0600,23143.2071,-1.2000,3.6183,18.7700,30472.2406,0,185352.0000,192830.0000
2020-02-01,2020,2,Santander,4,Prendas de vestir y textiles,0,80.5197,-11.2000,3.7161,19.0600,23143.2071,-1.2000,3.6183,18.7700,30472.2406,0,44561.0000,156404.0000
2020-02-01,2020,2,Santander,8,Electrodomesticos y muebles,1,109.5000,-11.2000,3.7161,19.0600,23143.2071,-1.2000,3.6183,18.7700,30472.2406,0,44561.0000,156404.0000
2020-02-01,2020,2,Santander,9,Articulos y utensilios domesticos,0,101.3576,-11.2000,3.7161,19.0600,23143.2071,-1.2000,3.6183,18.7700,30472.2406,0,44561.0000,156404.0000
2020-02-01,2020,2,Santander,10,Aseo del hogar,0,112.6058,-11.2000,3.7161,19.0600,23143.2071,-1.2000,3.6183,18.7700,30472.2406,0,44561.0000,156404.0000
2020-02-01,2020,2,Santander,11,Informatica y telecomunicaciones,0,115.1233,-11.2000,3.7161,19.0600,23143.2071,-1.2000,3.6183,18.7700,30472.2406,0,44561.0000,156404.0000
2020-02-01,2020,2,Santander,12,Sonido y video,0,101.4803,-11.2000,3.7161,19.0600,23143.2071,-1.2000,3.6183,18.7700,30472.2406,0,44561.0000,156404.0000
2020-02-01,2020,2,Santander,14,"Ferreteria, vidrios y pinturas",0,104.1671,-11.2000,3.7161,19.0600,23143.2071,-1.2000,3.6183,18.7700,30472.2406,0,44561.0000,156404.0000
2020-02-01,2020,2,Santander,15,Otras mercancias de uso domestico,0,87.7034,-11.2000,3.7161,19.0600,23143.2071,-1.2000,3.6183,18.7700,30472.2406,0,44561.0000,156404.0000
2020-02-01,2020,2,Valle del Cauca,4,Prendas de vestir y textiles,0,71.9235,-11.2000,3.7161,19.0600,23143.2071,-1.2000,3.6183,18.7700,30472.2406,0,85788.0000,162536.0000
2020-02-01,2020,2,Valle del Cauca,8,Electrodomesticos y muebles,1,107.9417,-11.2000,3.7161,19.0600,23143.2071,-1.2000,3.6183,18.7700,30472.2406,0,85788.0000,162536.0000
2020-02-01,2020,2,Valle del Cauca,9,Articulos y utensilios domesticos,0,100.7727,-11.2000,3.7161,19.0600,23143.2071,-1.2000,3.6183,18.7700,30472.2406,0,85788.0000,162536.0000
2020-02-01,2020,2,Valle del Cauca,10,Aseo del hogar,0,107.0048,-11.2000,3.7161,19.0600,23143.2071,-1.2000,3.6183,18.7700,30472.2406,0,85788.0000,162536.0000
2020-02-01,2020,2,Valle del Cauca,11,Informatica y telecomunicaciones,0,107.3942,-11.2000,3.7161,19.0600,23143.2071,-1.2000,3.6183,18.7700,30472.2406,0,85788.0000,162536.0000
2020-02-01,2020,2,Valle del Cauca,12,Sonido y video,0,103.3425,-11.2000,3.7161,19.0600,23143.2071,-1.2000,3.6183,18.7700,30472.2406,0,85788.0000,162536.0000
2020-02-01,2020,2,Valle del Cauca,14,"Ferreteria, vidrios y pinturas",0,98.8067,-11.2000,3.7161,19.0600,23143.2071,-1.2000,3.6183,18.7700,30472.2406,0,85788.0000,162536.0000
2020-02-01,2020,2,Valle del Cauca,15,Otras mercancias de uso domestico,0,84.2267,-11.2000,3.7161,19.0600,23143.2071,-1.2000,3.6183,18.7700,30472.2406,0,85788.0000,162536.0000
2020-02-01,2020,2,Otros departamentos,4,Prendas de vestir y textiles,0,71.1183,-11.2000,3.7161,19.0600,23143.2071,-1.2000,3.6183,18.7700,30472.2406,0,574772.0000,453665.0000
2020-02-01,2020,2,Otros departamentos,8,Electrodomesticos y muebles,1,104.7617,-11.2000,3.7161,19.0600,23143.2071,-1.2000,3.6183,18.7700,30472.2406,0,574772.0000,453665.0000
2020-02-01,2020,2,Otros departamentos,9,Articulos y utensilios domesticos,0,91.6491,-11.2000,3.7161,19.0600,23143.2071,-1.2000,3.6183,18.7700,30472.2406,0,574772.0000,453665.0000
2020-02-01,2020,2,Otros departamentos,10,Aseo del hogar,0,101.2038,-11.2000,3.7161,19.0600,23143.2071,-1.2000,3.6183,18.7700,30472.2406,0,574772.0000,453665.0000
2020-02-01,2020,2,Otros departamentos,11,Informatica y telecomunicaciones,0,105.7642,-11.2000,3.7161,19.0600,23143.2071,-1.2000,3.6183,18.7700,30472.2406,0,574772.0000,453665.0000
2020-02-01,2020,2,Otros departamentos,12,Sonido y video,0,97.8371,-11.2000,3.7161,19.0600,23143.2071,-1.2000,3.6183,18.7700,30472.2406,0,574772.0000,453665.0000
2020-02-01,2020,2,Otros departamentos,14,"Ferreteria, vidrios y pinturas",0,100.5892,-11.2000,3.7161,19.0600,23143.2071,-1.2000,3.6183,18.7700,30472.2406,0,574772.0000,453665.0000
2020-02-01,2020,2,Otros departamentos,15,Otras mercancias de uso domestico,0,84.2532,-11.2000,3.7161,19.0600,23143.2071,-1.2000,3.6183,18.7700,30472.2406,0,574772.0000,453665.0000
2020-03-01,2020,3,Antioquia,4,Prendas de vestir y textiles,0,45.2202,-23.8000,3.8477,18.9500,22264.9845,-11.2000,3.7161,19.0600,23143.2071,0,154375.0000,261030.0000
2020-03-01,2020,3,Antioquia,8,Electrodomesticos y muebles,1,77.2034,-23.8000,3.8477,18.9500,22264.9845,-11.2000,3.7161,19.0600,23143.2071,0,154375.0000,261030.0000
2020-03-01,2020,3,Antioquia,9,Articulos y utensilios domesticos,0,72.8863,-23.8000,3.8477,18.9500,22264.9845,-11.2000,3.7161,19.0600,23143.2071,0,154375.0000,261030.0000
2020-03-01,2020,3,Antioquia,10,Aseo del hogar,0,137.6476,-23.8000,3.8477,18.9500,22264.9845,-11.2000,3.7161,19.0600,23143.2071,0,154375.0000,261030.0000
2020-03-01,2020,3,Antioquia,11,Informatica y telecomunicaciones,0,89.8280,-23.8000,3.8477,18.9500,22264.9845,-11.2000,3.7161,19.0600,23143.2071,0,154375.0000,261030.0000
2020-03-01,2020,3,Antioquia,12,Sonido y video,0,82.0411,-23.8000,3.8477,18.9500,22264.9845,-11.2000,3.7161,19.0600,23143.2071,0,154375.0000,261030.0000
2020-03-01,2020,3,Antioquia,14,"Ferreteria, vidrios y pinturas",0,71.9872,-23.8000,3.8477,18.9500,22264.9845,-11.2000,3.7161,19.0600,23143.2071,0,154375.0000,261030.0000
2020-03-01,2020,3,Antioquia,15,Otras mercancias de uso domestico,0,78.0666,-23.8000,3.8477,18.9500,22264.9845,-11.2000,3.7161,19.0600,23143.2071,0,154375.0000,261030.0000
2020-03-01,2020,3,Atlantico,4,Prendas de vestir y textiles,0,45.6109,-23.8000,3.8477,18.9500,22264.9845,-11.2000,3.7161,19.0600,23143.2071,0,137391.0000,78214.0000
2020-03-01,2020,3,Atlantico,8,Electrodomesticos y muebles,1,76.9485,-23.8000,3.8477,18.9500,22264.9845,-11.2000,3.7161,19.0600,23143.2071,0,137391.0000,78214.0000
2020-03-01,2020,3,Atlantico,9,Articulos y utensilios domesticos,0,67.0605,-23.8000,3.8477,18.9500,22264.9845,-11.2000,3.7161,19.0600,23143.2071,0,137391.0000,78214.0000
2020-03-01,2020,3,Atlantico,10,Aseo del hogar,0,129.9919,-23.8000,3.8477,18.9500,22264.9845,-11.2000,3.7161,19.0600,23143.2071,0,137391.0000,78214.0000
2020-03-01,2020,3,Atlantico,11,Informatica y telecomunicaciones,0,88.6911,-23.8000,3.8477,18.9500,22264.9845,-11.2000,3.7161,19.0600,23143.2071,0,137391.0000,78214.0000
2020-03-01,2020,3,Atlantico,12,Sonido y video,0,80.4359,-23.8000,3.8477,18.9500,22264.9845,-11.2000,3.7161,19.0600,23143.2071,0,137391.0000,78214.0000
2020-03-01,2020,3,Atlantico,14,"Ferreteria, vidrios y pinturas",0,71.5251,-23.8000,3.8477,18.9500,22264.9845,-11.2000,3.7161,19.0600,23143.2071,0,137391.0000,78214.0000
2020-03-01,2020,3,Atlantico,15,Otras mercancias de uso domestico,0,77.2957,-23.8000,3.8477,18.9500,22264.9845,-11.2000,3.7161,19.0600,23143.2071,0,137391.0000,78214.0000
2020-03-01,2020,3,Bogota,4,Prendas de vestir y textiles,0,44.8754,-23.8000,3.8477,18.9500,22264.9845,-11.2000,3.7161,19.0600,23143.2071,0,158737.0000,233935.0000
2020-03-01,2020,3,Bogota,8,Electrodomesticos y muebles,1,76.4365,-23.8000,3.8477,18.9500,22264.9845,-11.2000,3.7161,19.0600,23143.2071,0,158737.0000,233935.0000
2020-03-01,2020,3,Bogota,9,Articulos y utensilios domesticos,0,73.2878,-23.8000,3.8477,18.9500,22264.9845,-11.2000,3.7161,19.0600,23143.2071,0,158737.0000,233935.0000
2020-03-01,2020,3,Bogota,10,Aseo del hogar,0,137.4970,-23.8000,3.8477,18.9500,22264.9845,-11.2000,3.7161,19.0600,23143.2071,0,158737.0000,233935.0000
2020-03-01,2020,3,Bogota,11,Informatica y telecomunicaciones,0,90.8241,-23.8000,3.8477,18.9500,22264.9845,-11.2000,3.7161,19.0600,23143.2071,0,158737.0000,233935.0000
2020-03-01,2020,3,Bogota,12,Sonido y video,0,80.4389,-23.8000,3.8477,18.9500,22264.9845,-11.2000,3.7161,19.0600,23143.2071,0,158737.0000,233935.0000
2020-03-01,2020,3,Bogota,14,"Ferreteria, vidrios y pinturas",0,71.8584,-23.8000,3.8477,18.9500,22264.9845,-11.2000,3.7161,19.0600,23143.2071,0,158737.0000,233935.0000
2020-03-01,2020,3,Bogota,15,Otras mercancias de uso domestico,0,77.2356,-23.8000,3.8477,18.9500,22264.9845,-11.2000,3.7161,19.0600,23143.2071,0,158737.0000,233935.0000
2020-03-01,2020,3,Cundinamarca,4,Prendas de vestir y textiles,0,49.9854,-23.8000,3.8477,18.9500,22264.9845,-11.2000,3.7161,19.0600,23143.2071,0,48384.0000,185352.0000
2020-03-01,2020,3,Cundinamarca,8,Electrodomesticos y muebles,1,90.1911,-23.8000,3.8477,18.9500,22264.9845,-11.2000,3.7161,19.0600,23143.2071,0,48384.0000,185352.0000
2020-03-01,2020,3,Cundinamarca,9,Articulos y utensilios domesticos,0,81.9559,-23.8000,3.8477,18.9500,22264.9845,-11.2000,3.7161,19.0600,23143.2071,0,48384.0000,185352.0000
2020-03-01,2020,3,Cundinamarca,10,Aseo del hogar,0,153.6516,-23.8000,3.8477,18.9500,22264.9845,-11.2000,3.7161,19.0600,23143.2071,0,48384.0000,185352.0000
2020-03-01,2020,3,Cundinamarca,11,Informatica y telecomunicaciones,0,100.7598,-23.8000,3.8477,18.9500,22264.9845,-11.2000,3.7161,19.0600,23143.2071,0,48384.0000,185352.0000
2020-03-01,2020,3,Cundinamarca,12,Sonido y video,0,92.0418,-23.8000,3.8477,18.9500,22264.9845,-11.2000,3.7161,19.0600,23143.2071,0,48384.0000,185352.0000
2020-03-01,2020,3,Cundinamarca,14,"Ferreteria, vidrios y pinturas",0,80.4505,-23.8000,3.8477,18.9500,22264.9845,-11.2000,3.7161,19.0600,23143.2071,0,48384.0000,185352.0000
2020-03-01,2020,3,Cundinamarca,15,Otras mercancias de uso domestico,0,90.1928,-23.8000,3.8477,18.9500,22264.9845,-11.2000,3.7161,19.0600,23143.2071,0,48384.0000,185352.0000
2020-03-01,2020,3,Santander,4,Prendas de vestir y textiles,0,46.2738,-23.8000,3.8477,18.9500,22264.9845,-11.2000,3.7161,19.0600,23143.2071,0,18350.0000,44561.0000
2020-03-01,2020,3,Santander,8,Electrodomesticos y muebles,1,77.7734,-23.8000,3.8477,18.9500,22264.9845,-11.2000,3.7161,19.0600,23143.2071,0,18350.0000,44561.0000
2020-03-01,2020,3,Santander,9,Articulos y utensilios domesticos,0,71.9961,-23.8000,3.8477,18.9500,22264.9845,-11.2000,3.7161,19.0600,23143.2071,0,18350.0000,44561.0000
2020-03-01,2020,3,Santander,10,Aseo del hogar,0,134.6332,-23.8000,3.8477,18.9500,22264.9845,-11.2000,3.7161,19.0600,23143.2071,0,18350.0000,44561.0000
2020-03-01,2020,3,Santander,11,Informatica y telecomunicaciones,0,88.5840,-23.8000,3.8477,18.9500,22264.9845,-11.2000,3.7161,19.0600,23143.2071,0,18350.0000,44561.0000
2020-03-01,2020,3,Santander,12,Sonido y video,0,81.7531,-23.8000,3.8477,18.9500,22264.9845,-11.2000,3.7161,19.0600,23143.2071,0,18350.0000,44561.0000
2020-03-01,2020,3,Santander,14,"Ferreteria, vidrios y pinturas",0,70.8584,-23.8000,3.8477,18.9500,22264.9845,-11.2000,3.7161,19.0600,23143.2071,0,18350.0000,44561.0000
2020-03-01,2020,3,Santander,15,Otras mercancias de uso domestico,0,76.3776,-23.8000,3.8477,18.9500,22264.9845,-11.2000,3.7161,19.0600,23143.2071,0,18350.0000,44561.0000
2020-03-01,2020,3,Valle del Cauca,4,Prendas de vestir y textiles,0,42.1233,-23.8000,3.8477,18.9500,22264.9845,-11.2000,3.7161,19.0600,23143.2071,0,44574.0000,85788.0000
2020-03-01,2020,3,Valle del Cauca,8,Electrodomesticos y muebles,1,76.6218,-23.8000,3.8477,18.9500,22264.9845,-11.2000,3.7161,19.0600,23143.2071,0,44574.0000,85788.0000
2020-03-01,2020,3,Valle del Cauca,9,Articulos y utensilios domesticos,0,71.2635,-23.8000,3.8477,18.9500,22264.9845,-11.2000,3.7161,19.0600,23143.2071,0,44574.0000,85788.0000
2020-03-01,2020,3,Valle del Cauca,10,Aseo del hogar,0,132.3452,-23.8000,3.8477,18.9500,22264.9845,-11.2000,3.7161,19.0600,23143.2071,0,44574.0000,85788.0000
2020-03-01,2020,3,Valle del Cauca,11,Informatica y telecomunicaciones,0,87.0517,-23.8000,3.8477,18.9500,22264.9845,-11.2000,3.7161,19.0600,23143.2071,0,44574.0000,85788.0000
2020-03-01,2020,3,Valle del Cauca,12,Sonido y video,0,77.1666,-23.8000,3.8477,18.9500,22264.9845,-11.2000,3.7161,19.0600,23143.2071,0,44574.0000,85788.0000
2020-03-01,2020,3,Valle del Cauca,14,"Ferreteria, vidrios y pinturas",0,70.1781,-23.8000,3.8477,18.9500,22264.9845,-11.2000,3.7161,19.0600,23143.2071,0,44574.0000,85788.0000
2020-03-01,2020,3,Valle del Cauca,15,Otras mercancias de uso domestico,0,78.8378,-23.8000,3.8477,18.9500,22264.9845,-11.2000,3.7161,19.0600,23143.2071,0,44574.0000,85788.0000
2020-03-01,2020,3,Otros departamentos,4,Prendas de vestir y textiles,0,43.2306,-23.8000,3.8477,18.9500,22264.9845,-11.2000,3.7161,19.0600,23143.2071,0,339666.0000,574772.0000
2020-03-01,2020,3,Otros departamentos,8,Electrodomesticos y muebles,1,76.3520,-23.8000,3.8477,18.9500,22264.9845,-11.2000,3.7161,19.0600,23143.2071,0,339666.0000,574772.0000
2020-03-01,2020,3,Otros departamentos,9,Articulos y utensilios domesticos,0,67.8881,-23.8000,3.8477,18.9500,22264.9845,-11.2000,3.7161,19.0600,23143.2071,0,339666.0000,574772.0000
2020-03-01,2020,3,Otros departamentos,10,Aseo del hogar,0,129.0887,-23.8000,3.8477,18.9500,22264.9845,-11.2000,3.7161,19.0600,23143.2071,0,339666.0000,574772.0000
2020-03-01,2020,3,Otros departamentos,11,Informatica y telecomunicaciones,0,85.9387,-23.8000,3.8477,18.9500,22264.9845,-11.2000,3.7161,19.0600,23143.2071,0,339666.0000,574772.0000
2020-03-01,2020,3,Otros departamentos,12,Sonido y video,0,81.4249,-23.8000,3.8477,18.9500,22264.9845,-11.2000,3.7161,19.0600,23143.2071,0,339666.0000,574772.0000
2020-03-01,2020,3,Otros departamentos,14,"Ferreteria, vidrios y pinturas",0,74.1272,-23.8000,3.8477,18.9500,22264.9845,-11.2000,3.7161,19.0600,23143.2071,0,339666.0000,574772.0000
2020-03-01,2020,3,Otros departamentos,15,Otras mercancias de uso domestico,0,78.1148,-23.8000,3.8477,18.9500,22264.9845,-11.2000,3.7161,19.0600,23143.2071,0,339666.0000,574772.0000
2020-04-01,2020,4,Antioquia,4,Prendas de vestir y textiles,0,8.1631,-41.3000,3.5057,18.6900,15156.2465,-23.8000,3.8477,18.9500,22264.9845,1,45960.0000,154375.0000
2020-04-01,2020,4,Antioquia,8,Electrodomesticos y muebles,1,34.9049,-41.3000,3.5057,18.6900,15156.2465,-23.8000,3.8477,18.9500,22264.9845,1,45960.0000,154375.0000
2020-04-01,2020,4,Antioquia,9,Articulos y utensilios domesticos,0,35.7549,-41.3000,3.5057,18.6900,15156.2465,-23.8000,3.8477,18.9500,22264.9845,1,45960.0000,154375.0000
2020-04-01,2020,4,Antioquia,10,Aseo del hogar,0,83.1697,-41.3000,3.5057,18.6900,15156.2465,-23.8000,3.8477,18.9500,22264.9845,1,45960.0000,154375.0000
2020-04-01,2020,4,Antioquia,11,Informatica y telecomunicaciones,0,65.1334,-41.3000,3.5057,18.6900,15156.2465,-23.8000,3.8477,18.9500,22264.9845,1,45960.0000,154375.0000
2020-04-01,2020,4,Antioquia,12,Sonido y video,0,40.3832,-41.3000,3.5057,18.6900,15156.2465,-23.8000,3.8477,18.9500,22264.9845,1,45960.0000,154375.0000
2020-04-01,2020,4,Antioquia,14,"Ferreteria, vidrios y pinturas",0,22.2799,-41.3000,3.5057,18.6900,15156.2465,-23.8000,3.8477,18.9500,22264.9845,1,45960.0000,154375.0000
2020-04-01,2020,4,Antioquia,15,Otras mercancias de uso domestico,0,44.7162,-41.3000,3.5057,18.6900,15156.2465,-23.8000,3.8477,18.9500,22264.9845,1,45960.0000,154375.0000
2020-04-01,2020,4,Atlantico,4,Prendas de vestir y textiles,0,6.1938,-41.3000,3.5057,18.6900,15156.2465,-23.8000,3.8477,18.9500,22264.9845,1,34415.0000,137391.0000
2020-04-01,2020,4,Atlantico,8,Electrodomesticos y muebles,1,27.8308,-41.3000,3.5057,18.6900,15156.2465,-23.8000,3.8477,18.9500,22264.9845,1,34415.0000,137391.0000
2020-04-01,2020,4,Atlantico,9,Articulos y utensilios domesticos,0,25.8787,-41.3000,3.5057,18.6900,15156.2465,-23.8000,3.8477,18.9500,22264.9845,1,34415.0000,137391.0000
2020-04-01,2020,4,Atlantico,10,Aseo del hogar,0,62.8512,-41.3000,3.5057,18.6900,15156.2465,-23.8000,3.8477,18.9500,22264.9845,1,34415.0000,137391.0000
2020-04-01,2020,4,Atlantico,11,Informatica y telecomunicaciones,0,51.5112,-41.3000,3.5057,18.6900,15156.2465,-23.8000,3.8477,18.9500,22264.9845,1,34415.0000,137391.0000
2020-04-01,2020,4,Atlantico,12,Sonido y video,0,31.2423,-41.3000,3.5057,18.6900,15156.2465,-23.8000,3.8477,18.9500,22264.9845,1,34415.0000,137391.0000
2020-04-01,2020,4,Atlantico,14,"Ferreteria, vidrios y pinturas",0,16.6762,-41.3000,3.5057,18.6900,15156.2465,-23.8000,3.8477,18.9500,22264.9845,1,34415.0000,137391.0000
2020-04-01,2020,4,Atlantico,15,Otras mercancias de uso domestico,0,34.5204,-41.3000,3.5057,18.6900,15156.2465,-23.8000,3.8477,18.9500,22264.9845,1,34415.0000,137391.0000
2020-04-01,2020,4,Bogota,4,Prendas de vestir y textiles,0,13.6636,-41.3000,3.5057,18.6900,15156.2465,-23.8000,3.8477,18.9500,22264.9845,1,53067.0000,158737.0000
2020-04-01,2020,4,Bogota,8,Electrodomesticos y muebles,1,60.1998,-41.3000,3.5057,18.6900,15156.2465,-23.8000,3.8477,18.9500,22264.9845,1,53067.0000,158737.0000
2020-04-01,2020,4,Bogota,9,Articulos y utensilios domesticos,0,58.3077,-41.3000,3.5057,18.6900,15156.2465,-23.8000,3.8477,18.9500,22264.9845,1,53067.0000,158737.0000
2020-04-01,2020,4,Bogota,10,Aseo del hogar,0,145.0656,-41.3000,3.5057,18.6900,15156.2465,-23.8000,3.8477,18.9500,22264.9845,1,53067.0000,158737.0000
2020-04-01,2020,4,Bogota,11,Informatica y telecomunicaciones,0,111.0573,-41.3000,3.5057,18.6900,15156.2465,-23.8000,3.8477,18.9500,22264.9845,1,53067.0000,158737.0000
2020-04-01,2020,4,Bogota,12,Sonido y video,0,66.8504,-41.3000,3.5057,18.6900,15156.2465,-23.8000,3.8477,18.9500,22264.9845,1,53067.0000,158737.0000
2020-04-01,2020,4,Bogota,14,"Ferreteria, vidrios y pinturas",0,36.4381,-41.3000,3.5057,18.6900,15156.2465,-23.8000,3.8477,18.9500,22264.9845,1,53067.0000,158737.0000
2020-04-01,2020,4,Bogota,15,Otras mercancias de uso domestico,0,75.6744,-41.3000,3.5057,18.6900,15156.2465,-23.8000,3.8477,18.9500,22264.9845,1,53067.0000,158737.0000
2020-04-01,2020,4,Cundinamarca,4,Prendas de vestir y textiles,0,9.3575,-41.3000,3.5057,18.6900,15156.2465,-23.8000,3.8477,18.9500,22264.9845,1,13153.0000,48384.0000
2020-04-01,2020,4,Cundinamarca,8,Electrodomesticos y muebles,1,43.6702,-41.3000,3.5057,18.6900,15156.2465,-23.8000,3.8477,18.9500,22264.9845,1,13153.0000,48384.0000
2020-04-01,2020,4,Cundinamarca,9,Articulos y utensilios domesticos,0,41.0808,-41.3000,3.5057,18.6900,15156.2465,-23.8000,3.8477,18.9500,22264.9845,1,13153.0000,48384.0000
2020-04-01,2020,4,Cundinamarca,10,Aseo del hogar,0,99.4722,-41.3000,3.5057,18.6900,15156.2465,-23.8000,3.8477,18.9500,22264.9845,1,13153.0000,48384.0000
2020-04-01,2020,4,Cundinamarca,11,Informatica y telecomunicaciones,0,77.6263,-41.3000,3.5057,18.6900,15156.2465,-23.8000,3.8477,18.9500,22264.9845,1,13153.0000,48384.0000
2020-04-01,2020,4,Cundinamarca,12,Sonido y video,0,48.3687,-41.3000,3.5057,18.6900,15156.2465,-23.8000,3.8477,18.9500,22264.9845,1,13153.0000,48384.0000
2020-04-01,2020,4,Cundinamarca,14,"Ferreteria, vidrios y pinturas",0,25.5847,-41.3000,3.5057,18.6900,15156.2465,-23.8000,3.8477,18.9500,22264.9845,1,13153.0000,48384.0000
2020-04-01,2020,4,Cundinamarca,15,Otras mercancias de uso domestico,0,53.2629,-41.3000,3.5057,18.6900,15156.2465,-23.8000,3.8477,18.9500,22264.9845,1,13153.0000,48384.0000
2020-04-01,2020,4,Santander,4,Prendas de vestir y textiles,0,9.6347,-41.3000,3.5057,18.6900,15156.2465,-23.8000,3.8477,18.9500,22264.9845,1,37971.0000,18350.0000
2020-04-01,2020,4,Santander,8,Electrodomesticos y muebles,1,41.6084,-41.3000,3.5057,18.6900,15156.2465,-23.8000,3.8477,18.9500,22264.9845,1,37971.0000,18350.0000
2020-04-01,2020,4,Santander,9,Articulos y utensilios domesticos,0,39.7180,-41.3000,3.5057,18.6900,15156.2465,-23.8000,3.8477,18.9500,22264.9845,1,37971.0000,18350.0000
2020-04-01,2020,4,Santander,10,Aseo del hogar,0,94.4977,-41.3000,3.5057,18.6900,15156.2465,-23.8000,3.8477,18.9500,22264.9845,1,37971.0000,18350.0000
2020-04-01,2020,4,Santander,11,Informatica y telecomunicaciones,0,76.4470,-41.3000,3.5057,18.6900,15156.2465,-23.8000,3.8477,18.9500,22264.9845,1,37971.0000,18350.0000
2020-04-01,2020,4,Santander,12,Sonido y video,0,47.3584,-41.3000,3.5057,18.6900,15156.2465,-23.8000,3.8477,18.9500,22264.9845,1,37971.0000,18350.0000
2020-04-01,2020,4,Santander,14,"Ferreteria, vidrios y pinturas",0,24.8413,-41.3000,3.5057,18.6900,15156.2465,-23.8000,3.8477,18.9500,22264.9845,1,37971.0000,18350.0000
2020-04-01,2020,4,Santander,15,Otras mercancias de uso domestico,0,51.6230,-41.3000,3.5057,18.6900,15156.2465,-23.8000,3.8477,18.9500,22264.9845,1,37971.0000,18350.0000
2020-04-01,2020,4,Valle del Cauca,4,Prendas de vestir y textiles,0,6.9498,-41.3000,3.5057,18.6900,15156.2465,-23.8000,3.8477,18.9500,22264.9845,1,15290.0000,44574.0000
2020-04-01,2020,4,Valle del Cauca,8,Electrodomesticos y muebles,1,32.1757,-41.3000,3.5057,18.6900,15156.2465,-23.8000,3.8477,18.9500,22264.9845,1,15290.0000,44574.0000
2020-04-01,2020,4,Valle del Cauca,9,Articulos y utensilios domesticos,0,30.7493,-41.3000,3.5057,18.6900,15156.2465,-23.8000,3.8477,18.9500,22264.9845,1,15290.0000,44574.0000
2020-04-01,2020,4,Valle del Cauca,10,Aseo del hogar,0,72.8631,-41.3000,3.5057,18.6900,15156.2465,-23.8000,3.8477,18.9500,22264.9845,1,15290.0000,44574.0000
2020-04-01,2020,4,Valle del Cauca,11,Informatica y telecomunicaciones,0,57.1991,-41.3000,3.5057,18.6900,15156.2465,-23.8000,3.8477,18.9500,22264.9845,1,15290.0000,44574.0000
2020-04-01,2020,4,Valle del Cauca,12,Sonido y video,0,35.4798,-41.3000,3.5057,18.6900,15156.2465,-23.8000,3.8477,18.9500,22264.9845,1,15290.0000,44574.0000
2020-04-01,2020,4,Valle del Cauca,14,"Ferreteria, vidrios y pinturas",0,19.4141,-41.3000,3.5057,18.6900,15156.2465,-23.8000,3.8477,18.9500,22264.9845,1,15290.0000,44574.0000
2020-04-01,2020,4,Valle del Cauca,15,Otras mercancias de uso domestico,0,40.2150,-41.3000,3.5057,18.6900,15156.2465,-23.8000,3.8477,18.9500,22264.9845,1,15290.0000,44574.0000
2020-04-01,2020,4,Otros departamentos,4,Prendas de vestir y textiles,0,8.1328,-41.3000,3.5057,18.6900,15156.2465,-23.8000,3.8477,18.9500,22264.9845,1,106743.0000,339666.0000
2020-04-01,2020,4,Otros departamentos,8,Electrodomesticos y muebles,1,37.0374,-41.3000,3.5057,18.6900,15156.2465,-23.8000,3.8477,18.9500,22264.9845,1,106743.0000,339666.0000
2020-04-01,2020,4,Otros departamentos,9,Articulos y utensilios domesticos,0,36.1061,-41.3000,3.5057,18.6900,15156.2465,-23.8000,3.8477,18.9500,22264.9845,1,106743.0000,339666.0000
2020-04-01,2020,4,Otros departamentos,10,Aseo del hogar,0,87.2451,-41.3000,3.5057,18.6900,15156.2465,-23.8000,3.8477,18.9500,22264.9845,1,106743.0000,339666.0000
2020-04-01,2020,4,Otros departamentos,11,Informatica y telecomunicaciones,0,69.0641,-41.3000,3.5057,18.6900,15156.2465,-23.8000,3.8477,18.9500,22264.9845,1,106743.0000,339666.0000
2020-04-01,2020,4,Otros departamentos,12,Sonido y video,0,43.9234,-41.3000,3.5057,18.6900,15156.2465,-23.8000,3.8477,18.9500,22264.9845,1,106743.0000,339666.0000
2020-04-01,2020,4,Otros departamentos,14,"Ferreteria, vidrios y pinturas",0,23.5517,-41.3000,3.5057,18.6900,15156.2465,-23.8000,3.8477,18.9500,22264.9845,1,106743.0000,339666.0000
2020-04-01,2020,4,Otros departamentos,15,Otras mercancias de uso domestico,0,49.2871,-41.3000,3.5057,18.6900,15156.2465,-23.8000,3.8477,18.9500,22264.9845,1,106743.0000,339666.0000
2020-05-01,2020,5,Antioquia,4,Prendas de vestir y textiles,0,24.4597,-34.0000,2.8504,18.1900,15069.8339,-41.3000,3.5057,18.6900,15156.2465,1,139568.0000,45960.0000
2020-05-01,2020,5,Antioquia,8,Electrodomesticos y muebles,1,87.7268,-34.0000,2.8504,18.1900,15069.8339,-41.3000,3.5057,18.6900,15156.2465,1,139568.0000,45960.0000
2020-05-01,2020,5,Antioquia,9,Articulos y utensilios domesticos,0,78.5267,-34.0000,2.8504,18.1900,15069.8339,-41.3000,3.5057,18.6900,15156.2465,1,139568.0000,45960.0000
2020-05-01,2020,5,Antioquia,10,Aseo del hogar,0,119.3562,-34.0000,2.8504,18.1900,15069.8339,-41.3000,3.5057,18.6900,15156.2465,1,139568.0000,45960.0000
2020-05-01,2020,5,Antioquia,11,Informatica y telecomunicaciones,0,116.9648,-34.0000,2.8504,18.1900,15069.8339,-41.3000,3.5057,18.6900,15156.2465,1,139568.0000,45960.0000
2020-05-01,2020,5,Antioquia,12,Sonido y video,0,87.4301,-34.0000,2.8504,18.1900,15069.8339,-41.3000,3.5057,18.6900,15156.2465,1,139568.0000,45960.0000
2020-05-01,2020,5,Antioquia,14,"Ferreteria, vidrios y pinturas",0,69.7971,-34.0000,2.8504,18.1900,15069.8339,-41.3000,3.5057,18.6900,15156.2465,1,139568.0000,45960.0000
2020-05-01,2020,5,Antioquia,15,Otras mercancias de uso domestico,0,67.9717,-34.0000,2.8504,18.1900,15069.8339,-41.3000,3.5057,18.6900,15156.2465,1,139568.0000,45960.0000
2020-05-01,2020,5,Atlantico,4,Prendas de vestir y textiles,0,18.6866,-34.0000,2.8504,18.1900,15069.8339,-41.3000,3.5057,18.6900,15156.2465,1,16022.0000,34415.0000
2020-05-01,2020,5,Atlantico,8,Electrodomesticos y muebles,1,72.2882,-34.0000,2.8504,18.1900,15069.8339,-41.3000,3.5057,18.6900,15156.2465,1,16022.0000,34415.0000
2020-05-01,2020,5,Atlantico,9,Articulos y utensilios domesticos,0,57.6144,-34.0000,2.8504,18.1900,15069.8339,-41.3000,3.5057,18.6900,15156.2465,1,16022.0000,34415.0000
2020-05-01,2020,5,Atlantico,10,Aseo del hogar,0,91.2629,-34.0000,2.8504,18.1900,15069.8339,-41.3000,3.5057,18.6900,15156.2465,1,16022.0000,34415.0000
2020-05-01,2020,5,Atlantico,11,Informatica y telecomunicaciones,0,91.0616,-34.0000,2.8504,18.1900,15069.8339,-41.3000,3.5057,18.6900,15156.2465,1,16022.0000,34415.0000
2020-05-01,2020,5,Atlantico,12,Sonido y video,0,66.2580,-34.0000,2.8504,18.1900,15069.8339,-41.3000,3.5057,18.6900,15156.2465,1,16022.0000,34415.0000
2020-05-01,2020,5,Atlantico,14,"Ferreteria, vidrios y pinturas",0,52.3349,-34.0000,2.8504,18.1900,15069.8339,-41.3000,3.5057,18.6900,15156.2465,1,16022.0000,34415.0000
2020-05-01,2020,5,Atlantico,15,Otras mercancias de uso domestico,0,51.4351,-34.0000,2.8504,18.1900,15069.8339,-41.3000,3.5057,18.6900,15156.2465,1,16022.0000,34415.0000
2020-05-01,2020,5,Bogota,4,Prendas de vestir y textiles,0,31.3485,-34.0000,2.8504,18.1900,15069.8339,-41.3000,3.5057,18.6900,15156.2465,1,121438.0000,53067.0000
2020-05-01,2020,5,Bogota,8,Electrodomesticos y muebles,1,112.6701,-34.0000,2.8504,18.1900,15069.8339,-41.3000,3.5057,18.6900,15156.2465,1,121438.0000,53067.0000
2020-05-01,2020,5,Bogota,9,Articulos y utensilios domesticos,0,97.9417,-34.0000,2.8504,18.1900,15069.8339,-41.3000,3.5057,18.6900,15156.2465,1,121438.0000,53067.0000
2020-05-01,2020,5,Bogota,10,Aseo del hogar,0,160.5096,-34.0000,2.8504,18.1900,15069.8339,-41.3000,3.5057,18.6900,15156.2465,1,121438.0000,53067.0000
2020-05-01,2020,5,Bogota,11,Informatica y telecomunicaciones,0,151.1319,-34.0000,2.8504,18.1900,15069.8339,-41.3000,3.5057,18.6900,15156.2465,1,121438.0000,53067.0000
2020-05-01,2020,5,Bogota,12,Sonido y video,0,109.8883,-34.0000,2.8504,18.1900,15069.8339,-41.3000,3.5057,18.6900,15156.2465,1,121438.0000,53067.0000
2020-05-01,2020,5,Bogota,14,"Ferreteria, vidrios y pinturas",0,88.6144,-34.0000,2.8504,18.1900,15069.8339,-41.3000,3.5057,18.6900,15156.2465,1,121438.0000,53067.0000
2020-05-01,2020,5,Bogota,15,Otras mercancias de uso domestico,0,81.3382,-34.0000,2.8504,18.1900,15069.8339,-41.3000,3.5057,18.6900,15156.2465,1,121438.0000,53067.0000
2020-05-01,2020,5,Cundinamarca,4,Prendas de vestir y textiles,0,21.7905,-34.0000,2.8504,18.1900,15069.8339,-41.3000,3.5057,18.6900,15156.2465,1,38565.0000,13153.0000
2020-05-01,2020,5,Cundinamarca,8,Electrodomesticos y muebles,1,81.8890,-34.0000,2.8504,18.1900,15069.8339,-41.3000,3.5057,18.6900,15156.2465,1,38565.0000,13153.0000
2020-05-01,2020,5,Cundinamarca,9,Articulos y utensilios domesticos,0,69.2543,-34.0000,2.8504,18.1900,15069.8339,-41.3000,3.5057,18.6900,15156.2465,1,38565.0000,13153.0000
2020-05-01,2020,5,Cundinamarca,10,Aseo del hogar,0,110.1371,-34.0000,2.8504,18.1900,15069.8339,-41.3000,3.5057,18.6900,15156.2465,1,38565.0000,13153.0000
2020-05-01,2020,5,Cundinamarca,11,Informatica y telecomunicaciones,0,105.1145,-34.0000,2.8504,18.1900,15069.8339,-41.3000,3.5057,18.6900,15156.2465,1,38565.0000,13153.0000
2020-05-01,2020,5,Cundinamarca,12,Sonido y video,0,81.8073,-34.0000,2.8504,18.1900,15069.8339,-41.3000,3.5057,18.6900,15156.2465,1,38565.0000,13153.0000
2020-05-01,2020,5,Cundinamarca,14,"Ferreteria, vidrios y pinturas",0,61.8686,-34.0000,2.8504,18.1900,15069.8339,-41.3000,3.5057,18.6900,15156.2465,1,38565.0000,13153.0000
2020-05-01,2020,5,Cundinamarca,15,Otras mercancias de uso domestico,0,60.4629,-34.0000,2.8504,18.1900,15069.8339,-41.3000,3.5057,18.6900,15156.2465,1,38565.0000,13153.0000
2020-05-01,2020,5,Santander,4,Prendas de vestir y textiles,0,20.2809,-34.0000,2.8504,18.1900,15069.8339,-41.3000,3.5057,18.6900,15156.2465,1,64314.0000,37971.0000
2020-05-01,2020,5,Santander,8,Electrodomesticos y muebles,1,73.7547,-34.0000,2.8504,18.1900,15069.8339,-41.3000,3.5057,18.6900,15156.2465,1,64314.0000,37971.0000
2020-05-01,2020,5,Santander,9,Articulos y utensilios domesticos,0,61.8708,-34.0000,2.8504,18.1900,15069.8339,-41.3000,3.5057,18.6900,15156.2465,1,64314.0000,37971.0000
2020-05-01,2020,5,Santander,10,Aseo del hogar,0,99.1442,-34.0000,2.8504,18.1900,15069.8339,-41.3000,3.5057,18.6900,15156.2465,1,64314.0000,37971.0000
2020-05-01,2020,5,Santander,11,Informatica y telecomunicaciones,0,97.1720,-34.0000,2.8504,18.1900,15069.8339,-41.3000,3.5057,18.6900,15156.2465,1,64314.0000,37971.0000
2020-05-01,2020,5,Santander,12,Sonido y video,0,73.4980,-34.0000,2.8504,18.1900,15069.8339,-41.3000,3.5057,18.6900,15156.2465,1,64314.0000,37971.0000
2020-05-01,2020,5,Santander,14,"Ferreteria, vidrios y pinturas",0,55.9413,-34.0000,2.8504,18.1900,15069.8339,-41.3000,3.5057,18.6900,15156.2465,1,64314.0000,37971.0000
2020-05-01,2020,5,Santander,15,Otras mercancias de uso domestico,0,54.3472,-34.0000,2.8504,18.1900,15069.8339,-41.3000,3.5057,18.6900,15156.2465,1,64314.0000,37971.0000
2020-05-01,2020,5,Valle del Cauca,4,Prendas de vestir y textiles,0,19.9102,-34.0000,2.8504,18.1900,15069.8339,-41.3000,3.5057,18.6900,15156.2465,1,134060.0000,15290.0000
2020-05-01,2020,5,Valle del Cauca,8,Electrodomesticos y muebles,1,76.4105,-34.0000,2.8504,18.1900,15069.8339,-41.3000,3.5057,18.6900,15156.2465,1,134060.0000,15290.0000
2020-05-01,2020,5,Valle del Cauca,9,Articulos y utensilios domesticos,0,65.2797,-34.0000,2.8504,18.1900,15069.8339,-41.3000,3.5057,18.6900,15156.2465,1,134060.0000,15290.0000
2020-05-01,2020,5,Valle del Cauca,10,Aseo del hogar,0,103.4935,-34.0000,2.8504,18.1900,15069.8339,-41.3000,3.5057,18.6900,15156.2465,1,134060.0000,15290.0000
2020-05-01,2020,5,Valle del Cauca,11,Informatica y telecomunicaciones,0,97.4593,-34.0000,2.8504,18.1900,15069.8339,-41.3000,3.5057,18.6900,15156.2465,1,134060.0000,15290.0000
2020-05-01,2020,5,Valle del Cauca,12,Sonido y video,0,73.9998,-34.0000,2.8504,18.1900,15069.8339,-41.3000,3.5057,18.6900,15156.2465,1,134060.0000,15290.0000
2020-05-01,2020,5,Valle del Cauca,14,"Ferreteria, vidrios y pinturas",0,58.6474,-34.0000,2.8504,18.1900,15069.8339,-41.3000,3.5057,18.6900,15156.2465,1,134060.0000,15290.0000
2020-05-01,2020,5,Valle del Cauca,15,Otras mercancias de uso domestico,0,57.2585,-34.0000,2.8504,18.1900,15069.8339,-41.3000,3.5057,18.6900,15156.2465,1,134060.0000,15290.0000
2020-05-01,2020,5,Otros departamentos,4,Prendas de vestir y textiles,0,20.7728,-34.0000,2.8504,18.1900,15069.8339,-41.3000,3.5057,18.6900,15156.2465,1,301596.0000,106743.0000
2020-05-01,2020,5,Otros departamentos,8,Electrodomesticos y muebles,1,76.8087,-34.0000,2.8504,18.1900,15069.8339,-41.3000,3.5057,18.6900,15156.2465,1,301596.0000,106743.0000
2020-05-01,2020,5,Otros departamentos,9,Articulos y utensilios domesticos,0,66.0505,-34.0000,2.8504,18.1900,15069.8339,-41.3000,3.5057,18.6900,15156.2465,1,301596.0000,106743.0000
2020-05-01,2020,5,Otros departamentos,10,Aseo del hogar,0,100.6753,-34.0000,2.8504,18.1900,15069.8339,-41.3000,3.5057,18.6900,15156.2465,1,301596.0000,106743.0000
2020-05-01,2020,5,Otros departamentos,11,Informatica y telecomunicaciones,0,101.5272,-34.0000,2.8504,18.1900,15069.8339,-41.3000,3.5057,18.6900,15156.2465,1,301596.0000,106743.0000
2020-05-01,2020,5,Otros departamentos,12,Sonido y video,0,72.5770,-34.0000,2.8504,18.1900,15069.8339,-41.3000,3.5057,18.6900,15156.2465,1,301596.0000,106743.0000
2020-05-01,2020,5,Otros departamentos,14,"Ferreteria, vidrios y pinturas",0,58.9735,-34.0000,2.8504,18.1900,15069.8339,-41.3000,3.5057,18.6900,15156.2465,1,301596.0000,106743.0000
2020-05-01,2020,5,Otros departamentos,15,Otras mercancias de uso domestico,0,59.3057,-34.0000,2.8504,18.1900,15069.8339,-41.3000,3.5057,18.6900,15156.2465,1,301596.0000,106743.0000
2020-06-01,2020,6,Antioquia,4,Prendas de vestir y textiles,0,54.0192,-33.1000,2.2004,18.1200,19363.2478,-34.0000,2.8504,18.1900,15069.8339,1,163615.0000,139568.0000
2020-06-01,2020,6,Antioquia,8,Electrodomesticos y muebles,1,140.5627,-33.1000,2.2004,18.1200,19363.2478,-34.0000,2.8504,18.1900,15069.8339,1,163615.0000,139568.0000
2020-06-01,2020,6,Antioquia,9,Articulos y utensilios domesticos,0,104.8399,-33.1000,2.2004,18.1200,19363.2478,-34.0000,2.8504,18.1900,15069.8339,1,163615.0000,139568.0000
2020-06-01,2020,6,Antioquia,10,Aseo del hogar,0,135.0772,-33.1000,2.2004,18.1200,19363.2478,-34.0000,2.8504,18.1900,15069.8339,1,163615.0000,139568.0000
2020-06-01,2020,6,Antioquia,11,Informatica y telecomunicaciones,0,156.5313,-33.1000,2.2004,18.1200,19363.2478,-34.0000,2.8504,18.1900,15069.8339,1,163615.0000,139568.0000
2020-06-01,2020,6,Antioquia,12,Sonido y video,0,170.4700,-33.1000,2.2004,18.1200,19363.2478,-34.0000,2.8504,18.1900,15069.8339,1,163615.0000,139568.0000
2020-06-01,2020,6,Antioquia,14,"Ferreteria, vidrios y pinturas",0,95.6736,-33.1000,2.2004,18.1200,19363.2478,-34.0000,2.8504,18.1900,15069.8339,1,163615.0000,139568.0000
2020-06-01,2020,6,Antioquia,15,Otras mercancias de uso domestico,0,86.2048,-33.1000,2.2004,18.1200,19363.2478,-34.0000,2.8504,18.1900,15069.8339,1,163615.0000,139568.0000
2020-06-01,2020,6,Atlantico,4,Prendas de vestir y textiles,0,32.8366,-33.1000,2.2004,18.1200,19363.2478,-34.0000,2.8504,18.1900,15069.8339,1,111329.0000,16022.0000
2020-06-01,2020,6,Atlantico,8,Electrodomesticos y muebles,1,89.6322,-33.1000,2.2004,18.1200,19363.2478,-34.0000,2.8504,18.1900,15069.8339,1,111329.0000,16022.0000
2020-06-01,2020,6,Atlantico,9,Articulos y utensilios domesticos,0,60.7942,-33.1000,2.2004,18.1200,19363.2478,-34.0000,2.8504,18.1900,15069.8339,1,111329.0000,16022.0000
2020-06-01,2020,6,Atlantico,10,Aseo del hogar,0,78.7790,-33.1000,2.2004,18.1200,19363.2478,-34.0000,2.8504,18.1900,15069.8339,1,111329.0000,16022.0000
2020-06-01,2020,6,Atlantico,11,Informatica y telecomunicaciones,0,95.1766,-33.1000,2.2004,18.1200,19363.2478,-34.0000,2.8504,18.1900,15069.8339,1,111329.0000,16022.0000
2020-06-01,2020,6,Atlantico,12,Sonido y video,0,95.5808,-33.1000,2.2004,18.1200,19363.2478,-34.0000,2.8504,18.1900,15069.8339,1,111329.0000,16022.0000
2020-06-01,2020,6,Atlantico,14,"Ferreteria, vidrios y pinturas",0,56.2400,-33.1000,2.2004,18.1200,19363.2478,-34.0000,2.8504,18.1900,15069.8339,1,111329.0000,16022.0000
2020-06-01,2020,6,Atlantico,15,Otras mercancias de uso domestico,0,50.2277,-33.1000,2.2004,18.1200,19363.2478,-34.0000,2.8504,18.1900,15069.8339,1,111329.0000,16022.0000
2020-06-01,2020,6,Bogota,4,Prendas de vestir y textiles,0,55.0409,-33.1000,2.2004,18.1200,19363.2478,-34.0000,2.8504,18.1900,15069.8339,1,196677.0000,121438.0000
2020-06-01,2020,6,Bogota,8,Electrodomesticos y muebles,1,145.1328,-33.1000,2.2004,18.1200,19363.2478,-34.0000,2.8504,18.1900,15069.8339,1,196677.0000,121438.0000
2020-06-01,2020,6,Bogota,9,Articulos y utensilios domesticos,0,105.0634,-33.1000,2.2004,18.1200,19363.2478,-34.0000,2.8504,18.1900,15069.8339,1,196677.0000,121438.0000
2020-06-01,2020,6,Bogota,10,Aseo del hogar,0,137.3682,-33.1000,2.2004,18.1200,19363.2478,-34.0000,2.8504,18.1900,15069.8339,1,196677.0000,121438.0000
2020-06-01,2020,6,Bogota,11,Informatica y telecomunicaciones,0,160.9413,-33.1000,2.2004,18.1200,19363.2478,-34.0000,2.8504,18.1900,15069.8339,1,196677.0000,121438.0000
2020-06-01,2020,6,Bogota,12,Sonido y video,0,166.0714,-33.1000,2.2004,18.1200,19363.2478,-34.0000,2.8504,18.1900,15069.8339,1,196677.0000,121438.0000
2020-06-01,2020,6,Bogota,14,"Ferreteria, vidrios y pinturas",0,94.7176,-33.1000,2.2004,18.1200,19363.2478,-34.0000,2.8504,18.1900,15069.8339,1,196677.0000,121438.0000
2020-06-01,2020,6,Bogota,15,Otras mercancias de uso domestico,0,81.7731,-33.1000,2.2004,18.1200,19363.2478,-34.0000,2.8504,18.1900,15069.8339,1,196677.0000,121438.0000
2020-06-01,2020,6,Cundinamarca,4,Prendas de vestir y textiles,0,44.4288,-33.1000,2.2004,18.1200,19363.2478,-34.0000,2.8504,18.1900,15069.8339,1,62917.0000,38565.0000
2020-06-01,2020,6,Cundinamarca,8,Electrodomesticos y muebles,1,119.1258,-33.1000,2.2004,18.1200,19363.2478,-34.0000,2.8504,18.1900,15069.8339,1,62917.0000,38565.0000
2020-06-01,2020,6,Cundinamarca,9,Articulos y utensilios domesticos,0,83.8986,-33.1000,2.2004,18.1200,19363.2478,-34.0000,2.8504,18.1900,15069.8339,1,62917.0000,38565.0000
2020-06-01,2020,6,Cundinamarca,10,Aseo del hogar,0,110.6784,-33.1000,2.2004,18.1200,19363.2478,-34.0000,2.8504,18.1900,15069.8339,1,62917.0000,38565.0000
2020-06-01,2020,6,Cundinamarca,11,Informatica y telecomunicaciones,0,130.0818,-33.1000,2.2004,18.1200,19363.2478,-34.0000,2.8504,18.1900,15069.8339,1,62917.0000,38565.0000
2020-06-01,2020,6,Cundinamarca,12,Sonido y video,0,134.5774,-33.1000,2.2004,18.1200,19363.2478,-34.0000,2.8504,18.1900,15069.8339,1,62917.0000,38565.0000
2020-06-01,2020,6,Cundinamarca,14,"Ferreteria, vidrios y pinturas",0,77.9555,-33.1000,2.2004,18.1200,19363.2478,-34.0000,2.8504,18.1900,15069.8339,1,62917.0000,38565.0000
2020-06-01,2020,6,Cundinamarca,15,Otras mercancias de uso domestico,0,70.4972,-33.1000,2.2004,18.1200,19363.2478,-34.0000,2.8504,18.1900,15069.8339,1,62917.0000,38565.0000
2020-06-01,2020,6,Santander,4,Prendas de vestir y textiles,0,44.6799,-33.1000,2.2004,18.1200,19363.2478,-34.0000,2.8504,18.1900,15069.8339,1,19043.0000,64314.0000
2020-06-01,2020,6,Santander,8,Electrodomesticos y muebles,1,120.8458,-33.1000,2.2004,18.1200,19363.2478,-34.0000,2.8504,18.1900,15069.8339,1,19043.0000,64314.0000
2020-06-01,2020,6,Santander,9,Articulos y utensilios domesticos,0,83.3098,-33.1000,2.2004,18.1200,19363.2478,-34.0000,2.8504,18.1900,15069.8339,1,19043.0000,64314.0000
2020-06-01,2020,6,Santander,10,Aseo del hogar,0,110.1819,-33.1000,2.2004,18.1200,19363.2478,-34.0000,2.8504,18.1900,15069.8339,1,19043.0000,64314.0000
2020-06-01,2020,6,Santander,11,Informatica y telecomunicaciones,0,130.2123,-33.1000,2.2004,18.1200,19363.2478,-34.0000,2.8504,18.1900,15069.8339,1,19043.0000,64314.0000
2020-06-01,2020,6,Santander,12,Sonido y video,0,136.3248,-33.1000,2.2004,18.1200,19363.2478,-34.0000,2.8504,18.1900,15069.8339,1,19043.0000,64314.0000
2020-06-01,2020,6,Santander,14,"Ferreteria, vidrios y pinturas",0,78.7572,-33.1000,2.2004,18.1200,19363.2478,-34.0000,2.8504,18.1900,15069.8339,1,19043.0000,64314.0000
2020-06-01,2020,6,Santander,15,Otras mercancias de uso domestico,0,71.0859,-33.1000,2.2004,18.1200,19363.2478,-34.0000,2.8504,18.1900,15069.8339,1,19043.0000,64314.0000
2020-06-01,2020,6,Valle del Cauca,4,Prendas de vestir y textiles,0,42.5225,-33.1000,2.2004,18.1200,19363.2478,-34.0000,2.8504,18.1900,15069.8339,1,86354.0000,134060.0000
2020-06-01,2020,6,Valle del Cauca,8,Electrodomesticos y muebles,1,117.3928,-33.1000,2.2004,18.1200,19363.2478,-34.0000,2.8504,18.1900,15069.8339,1,86354.0000,134060.0000
2020-06-01,2020,6,Valle del Cauca,9,Articulos y utensilios domesticos,0,82.6254,-33.1000,2.2004,18.1200,19363.2478,-34.0000,2.8504,18.1900,15069.8339,1,86354.0000,134060.0000
2020-06-01,2020,6,Valle del Cauca,10,Aseo del hogar,0,106.3887,-33.1000,2.2004,18.1200,19363.2478,-34.0000,2.8504,18.1900,15069.8339,1,86354.0000,134060.0000
2020-06-01,2020,6,Valle del Cauca,11,Informatica y telecomunicaciones,0,124.8243,-33.1000,2.2004,18.1200,19363.2478,-34.0000,2.8504,18.1900,15069.8339,1,86354.0000,134060.0000
2020-06-01,2020,6,Valle del Cauca,12,Sonido y video,0,130.0144,-33.1000,2.2004,18.1200,19363.2478,-34.0000,2.8504,18.1900,15069.8339,1,86354.0000,134060.0000
2020-06-01,2020,6,Valle del Cauca,14,"Ferreteria, vidrios y pinturas",0,75.3192,-33.1000,2.2004,18.1200,19363.2478,-34.0000,2.8504,18.1900,15069.8339,1,86354.0000,134060.0000
2020-06-01,2020,6,Valle del Cauca,15,Otras mercancias de uso domestico,0,68.2767,-33.1000,2.2004,18.1200,19363.2478,-34.0000,2.8504,18.1900,15069.8339,1,86354.0000,134060.0000
2020-06-01,2020,6,Otros departamentos,4,Prendas de vestir y textiles,0,43.5470,-33.1000,2.2004,18.1200,19363.2478,-34.0000,2.8504,18.1900,15069.8339,1,423415.0000,301596.0000
2020-06-01,2020,6,Otros departamentos,8,Electrodomesticos y muebles,1,117.2086,-33.1000,2.2004,18.1200,19363.2478,-34.0000,2.8504,18.1900,15069.8339,1,423415.0000,301596.0000
2020-06-01,2020,6,Otros departamentos,9,Articulos y utensilios domesticos,0,85.1574,-33.1000,2.2004,18.1200,19363.2478,-34.0000,2.8504,18.1900,15069.8339,1,423415.0000,301596.0000
2020-06-01,2020,6,Otros departamentos,10,Aseo del hogar,0,108.0993,-33.1000,2.2004,18.1200,19363.2478,-34.0000,2.8504,18.1900,15069.8339,1,423415.0000,301596.0000
2020-06-01,2020,6,Otros departamentos,11,Informatica y telecomunicaciones,0,129.9615,-33.1000,2.2004,18.1200,19363.2478,-34.0000,2.8504,18.1900,15069.8339,1,423415.0000,301596.0000
2020-06-01,2020,6,Otros departamentos,12,Sonido y video,0,132.6241,-33.1000,2.2004,18.1200,19363.2478,-34.0000,2.8504,18.1900,15069.8339,1,423415.0000,301596.0000
2020-06-01,2020,6,Otros departamentos,14,"Ferreteria, vidrios y pinturas",0,78.3910,-33.1000,2.2004,18.1200,19363.2478,-34.0000,2.8504,18.1900,15069.8339,1,423415.0000,301596.0000
2020-06-01,2020,6,Otros departamentos,15,Otras mercancias de uso domestico,0,70.3503,-33.1000,2.2004,18.1200,19363.2478,-34.0000,2.8504,18.1900,15069.8339,1,423415.0000,301596.0000
2020-07-01,2020,7,Antioquia,4,Prendas de vestir y textiles,0,48.7469,-32.7000,1.9720,18.1200,26459.6666,-33.1000,2.2004,18.1200,19363.2478,1,177064.0000,163615.0000
2020-07-01,2020,7,Antioquia,8,Electrodomesticos y muebles,1,122.3218,-32.7000,1.9720,18.1200,26459.6666,-33.1000,2.2004,18.1200,19363.2478,1,177064.0000,163615.0000
2020-07-01,2020,7,Antioquia,9,Articulos y utensilios domesticos,0,91.1170,-32.7000,1.9720,18.1200,26459.6666,-33.1000,2.2004,18.1200,19363.2478,1,177064.0000,163615.0000
2020-07-01,2020,7,Antioquia,10,Aseo del hogar,0,122.3012,-32.7000,1.9720,18.1200,26459.6666,-33.1000,2.2004,18.1200,19363.2478,1,177064.0000,163615.0000
2020-07-01,2020,7,Antioquia,11,Informatica y telecomunicaciones,0,138.8143,-32.7000,1.9720,18.1200,26459.6666,-33.1000,2.2004,18.1200,19363.2478,1,177064.0000,163615.0000
2020-07-01,2020,7,Antioquia,12,Sonido y video,0,125.3704,-32.7000,1.9720,18.1200,26459.6666,-33.1000,2.2004,18.1200,19363.2478,1,177064.0000,163615.0000
2020-07-01,2020,7,Antioquia,14,"Ferreteria, vidrios y pinturas",0,90.5548,-32.7000,1.9720,18.1200,26459.6666,-33.1000,2.2004,18.1200,19363.2478,1,177064.0000,163615.0000
2020-07-01,2020,7,Antioquia,15,Otras mercancias de uso domestico,0,74.0855,-32.7000,1.9720,18.1200,26459.6666,-33.1000,2.2004,18.1200,19363.2478,1,177064.0000,163615.0000
2020-07-01,2020,7,Atlantico,4,Prendas de vestir y textiles,0,34.4741,-32.7000,1.9720,18.1200,26459.6666,-33.1000,2.2004,18.1200,19363.2478,1,48135.0000,111329.0000
2020-07-01,2020,7,Atlantico,8,Electrodomesticos y muebles,1,89.1001,-32.7000,1.9720,18.1200,26459.6666,-33.1000,2.2004,18.1200,19363.2478,1,48135.0000,111329.0000
2020-07-01,2020,7,Atlantico,9,Articulos y utensilios domesticos,0,64.2679,-32.7000,1.9720,18.1200,26459.6666,-33.1000,2.2004,18.1200,19363.2478,1,48135.0000,111329.0000
2020-07-01,2020,7,Atlantico,10,Aseo del hogar,0,84.2102,-32.7000,1.9720,18.1200,26459.6666,-33.1000,2.2004,18.1200,19363.2478,1,48135.0000,111329.0000
2020-07-01,2020,7,Atlantico,11,Informatica y telecomunicaciones,0,100.6436,-32.7000,1.9720,18.1200,26459.6666,-33.1000,2.2004,18.1200,19363.2478,1,48135.0000,111329.0000
2020-07-01,2020,7,Atlantico,12,Sonido y video,0,88.1615,-32.7000,1.9720,18.1200,26459.6666,-33.1000,2.2004,18.1200,19363.2478,1,48135.0000,111329.0000
2020-07-01,2020,7,Atlantico,14,"Ferreteria, vidrios y pinturas",0,64.9719,-32.7000,1.9720,18.1200,26459.6666,-33.1000,2.2004,18.1200,19363.2478,1,48135.0000,111329.0000
2020-07-01,2020,7,Atlantico,15,Otras mercancias de uso domestico,0,53.0285,-32.7000,1.9720,18.1200,26459.6666,-33.1000,2.2004,18.1200,19363.2478,1,48135.0000,111329.0000
2020-07-01,2020,7,Bogota,4,Prendas de vestir y textiles,0,56.7098,-32.7000,1.9720,18.1200,26459.6666,-33.1000,2.2004,18.1200,19363.2478,1,249318.0000,196677.0000
2020-07-01,2020,7,Bogota,8,Electrodomesticos y muebles,1,148.3912,-32.7000,1.9720,18.1200,26459.6666,-33.1000,2.2004,18.1200,19363.2478,1,249318.0000,196677.0000
2020-07-01,2020,7,Bogota,9,Articulos y utensilios domesticos,0,108.2223,-32.7000,1.9720,18.1200,26459.6666,-33.1000,2.2004,18.1200,19363.2478,1,249318.0000,196677.0000
2020-07-01,2020,7,Bogota,10,Aseo del hogar,0,145.4699,-32.7000,1.9720,18.1200,26459.6666,-33.1000,2.2004,18.1200,19363.2478,1,249318.0000,196677.0000
2020-07-01,2020,7,Bogota,11,Informatica y telecomunicaciones,0,171.3377,-32.7000,1.9720,18.1200,26459.6666,-33.1000,2.2004,18.1200,19363.2478,1,249318.0000,196677.0000
2020-07-01,2020,7,Bogota,12,Sonido y video,0,155.1961,-32.7000,1.9720,18.1200,26459.6666,-33.1000,2.2004,18.1200,19363.2478,1,249318.0000,196677.0000
2020-07-01,2020,7,Bogota,14,"Ferreteria, vidrios y pinturas",0,112.3415,-32.7000,1.9720,18.1200,26459.6666,-33.1000,2.2004,18.1200,19363.2478,1,249318.0000,196677.0000
2020-07-01,2020,7,Bogota,15,Otras mercancias de uso domestico,0,88.1487,-32.7000,1.9720,18.1200,26459.6666,-33.1000,2.2004,18.1200,19363.2478,1,249318.0000,196677.0000
2020-07-01,2020,7,Cundinamarca,4,Prendas de vestir y textiles,0,52.5571,-32.7000,1.9720,18.1200,26459.6666,-33.1000,2.2004,18.1200,19363.2478,1,81000.0000,62917.0000
2020-07-01,2020,7,Cundinamarca,8,Electrodomesticos y muebles,1,137.2369,-32.7000,1.9720,18.1200,26459.6666,-33.1000,2.2004,18.1200,19363.2478,1,81000.0000,62917.0000
2020-07-01,2020,7,Cundinamarca,9,Articulos y utensilios domesticos,0,99.7229,-32.7000,1.9720,18.1200,26459.6666,-33.1000,2.2004,18.1200,19363.2478,1,81000.0000,62917.0000
2020-07-01,2020,7,Cundinamarca,10,Aseo del hogar,0,131.1698,-32.7000,1.9720,18.1200,26459.6666,-33.1000,2.2004,18.1200,19363.2478,1,81000.0000,62917.0000
2020-07-01,2020,7,Cundinamarca,11,Informatica y telecomunicaciones,0,157.3555,-32.7000,1.9720,18.1200,26459.6666,-33.1000,2.2004,18.1200,19363.2478,1,81000.0000,62917.0000
2020-07-01,2020,7,Cundinamarca,12,Sonido y video,0,136.9497,-32.7000,1.9720,18.1200,26459.6666,-33.1000,2.2004,18.1200,19363.2478,1,81000.0000,62917.0000
2020-07-01,2020,7,Cundinamarca,14,"Ferreteria, vidrios y pinturas",0,102.0354,-32.7000,1.9720,18.1200,26459.6666,-33.1000,2.2004,18.1200,19363.2478,1,81000.0000,62917.0000
2020-07-01,2020,7,Cundinamarca,15,Otras mercancias de uso domestico,0,83.4576,-32.7000,1.9720,18.1200,26459.6666,-33.1000,2.2004,18.1200,19363.2478,1,81000.0000,62917.0000
2020-07-01,2020,7,Santander,4,Prendas de vestir y textiles,0,49.4272,-32.7000,1.9720,18.1200,26459.6666,-33.1000,2.2004,18.1200,19363.2478,1,38772.0000,19043.0000
2020-07-01,2020,7,Santander,8,Electrodomesticos y muebles,1,131.7124,-32.7000,1.9720,18.1200,26459.6666,-33.1000,2.2004,18.1200,19363.2478,1,38772.0000,19043.0000
2020-07-01,2020,7,Santander,9,Articulos y utensilios domesticos,0,95.6107,-32.7000,1.9720,18.1200,26459.6666,-33.1000,2.2004,18.1200,19363.2478,1,38772.0000,19043.0000
2020-07-01,2020,7,Santander,10,Aseo del hogar,0,123.7099,-32.7000,1.9720,18.1200,26459.6666,-33.1000,2.2004,18.1200,19363.2478,1,38772.0000,19043.0000
2020-07-01,2020,7,Santander,11,Informatica y telecomunicaciones,0,144.5499,-32.7000,1.9720,18.1200,26459.6666,-33.1000,2.2004,18.1200,19363.2478,1,38772.0000,19043.0000
2020-07-01,2020,7,Santander,12,Sonido y video,0,129.6739,-32.7000,1.9720,18.1200,26459.6666,-33.1000,2.2004,18.1200,19363.2478,1,38772.0000,19043.0000
2020-07-01,2020,7,Santander,14,"Ferreteria, vidrios y pinturas",0,94.8651,-32.7000,1.9720,18.1200,26459.6666,-33.1000,2.2004,18.1200,19363.2478,1,38772.0000,19043.0000
2020-07-01,2020,7,Santander,15,Otras mercancias de uso domestico,0,79.0169,-32.7000,1.9720,18.1200,26459.6666,-33.1000,2.2004,18.1200,19363.2478,1,38772.0000,19043.0000
2020-07-01,2020,7,Valle del Cauca,4,Prendas de vestir y textiles,0,47.1714,-32.7000,1.9720,18.1200,26459.6666,-33.1000,2.2004,18.1200,19363.2478,1,111455.0000,86354.0000
2020-07-01,2020,7,Valle del Cauca,8,Electrodomesticos y muebles,1,126.1709,-32.7000,1.9720,18.1200,26459.6666,-33.1000,2.2004,18.1200,19363.2478,1,111455.0000,86354.0000
2020-07-01,2020,7,Valle del Cauca,9,Articulos y utensilios domesticos,0,90.6752,-32.7000,1.9720,18.1200,26459.6666,-33.1000,2.2004,18.1200,19363.2478,1,111455.0000,86354.0000
2020-07-01,2020,7,Valle del Cauca,10,Aseo del hogar,0,118.5123,-32.7000,1.9720,18.1200,26459.6666,-33.1000,2.2004,18.1200,19363.2478,1,111455.0000,86354.0000
2020-07-01,2020,7,Valle del Cauca,11,Informatica y telecomunicaciones,0,140.5010,-32.7000,1.9720,18.1200,26459.6666,-33.1000,2.2004,18.1200,19363.2478,1,111455.0000,86354.0000
2020-07-01,2020,7,Valle del Cauca,12,Sonido y video,0,130.6404,-32.7000,1.9720,18.1200,26459.6666,-33.1000,2.2004,18.1200,19363.2478,1,111455.0000,86354.0000
2020-07-01,2020,7,Valle del Cauca,14,"Ferreteria, vidrios y pinturas",0,89.5892,-32.7000,1.9720,18.1200,26459.6666,-33.1000,2.2004,18.1200,19363.2478,1,111455.0000,86354.0000
2020-07-01,2020,7,Valle del Cauca,15,Otras mercancias de uso domestico,0,76.9637,-32.7000,1.9720,18.1200,26459.6666,-33.1000,2.2004,18.1200,19363.2478,1,111455.0000,86354.0000
2020-07-01,2020,7,Otros departamentos,4,Prendas de vestir y textiles,0,48.7155,-32.7000,1.9720,18.1200,26459.6666,-33.1000,2.2004,18.1200,19363.2478,1,469974.0000,423415.0000
2020-07-01,2020,7,Otros departamentos,8,Electrodomesticos y muebles,1,126.0291,-32.7000,1.9720,18.1200,26459.6666,-33.1000,2.2004,18.1200,19363.2478,1,469974.0000,423415.0000
2020-07-01,2020,7,Otros departamentos,9,Articulos y utensilios domesticos,0,94.3862,-32.7000,1.9720,18.1200,26459.6666,-33.1000,2.2004,18.1200,19363.2478,1,469974.0000,423415.0000
2020-07-01,2020,7,Otros departamentos,10,Aseo del hogar,0,120.9293,-32.7000,1.9720,18.1200,26459.6666,-33.1000,2.2004,18.1200,19363.2478,1,469974.0000,423415.0000
2020-07-01,2020,7,Otros departamentos,11,Informatica y telecomunicaciones,0,143.3714,-32.7000,1.9720,18.1200,26459.6666,-33.1000,2.2004,18.1200,19363.2478,1,469974.0000,423415.0000
2020-07-01,2020,7,Otros departamentos,12,Sonido y video,0,130.1586,-32.7000,1.9720,18.1200,26459.6666,-33.1000,2.2004,18.1200,19363.2478,1,469974.0000,423415.0000
2020-07-01,2020,7,Otros departamentos,14,"Ferreteria, vidrios y pinturas",0,93.1481,-32.7000,1.9720,18.1200,26459.6666,-33.1000,2.2004,18.1200,19363.2478,1,469974.0000,423415.0000
2020-07-01,2020,7,Otros departamentos,15,Otras mercancias de uso domestico,0,77.9515,-32.7000,1.9720,18.1200,26459.6666,-33.1000,2.2004,18.1200,19363.2478,1,469974.0000,423415.0000
2020-08-01,2020,8,Antioquia,4,Prendas de vestir y textiles,0,49.0935,-25.4000,1.8732,18.2900,26127.4221,-32.7000,1.9720,18.1200,26459.6666,1,185117.0000,177064.0000
2020-08-01,2020,8,Antioquia,8,Electrodomesticos y muebles,1,108.9676,-25.4000,1.8732,18.2900,26127.4221,-32.7000,1.9720,18.1200,26459.6666,1,185117.0000,177064.0000
2020-08-01,2020,8,Antioquia,9,Articulos y utensilios domesticos,0,89.1351,-25.4000,1.8732,18.2900,26127.4221,-32.7000,1.9720,18.1200,26459.6666,1,185117.0000,177064.0000
2020-08-01,2020,8,Antioquia,10,Aseo del hogar,0,122.2628,-25.4000,1.8732,18.2900,26127.4221,-32.7000,1.9720,18.1200,26459.6666,1,185117.0000,177064.0000
2020-08-01,2020,8,Antioquia,11,Informatica y telecomunicaciones,0,146.1189,-25.4000,1.8732,18.2900,26127.4221,-32.7000,1.9720,18.1200,26459.6666,1,185117.0000,177064.0000
2020-08-01,2020,8,Antioquia,12,Sonido y video,0,105.7842,-25.4000,1.8732,18.2900,26127.4221,-32.7000,1.9720,18.1200,26459.6666,1,185117.0000,177064.0000
2020-08-01,2020,8,Antioquia,14,"Ferreteria, vidrios y pinturas",0,93.7373,-25.4000,1.8732,18.2900,26127.4221,-32.7000,1.9720,18.1200,26459.6666,1,185117.0000,177064.0000
2020-08-01,2020,8,Antioquia,15,Otras mercancias de uso domestico,0,77.4165,-25.4000,1.8732,18.2900,26127.4221,-32.7000,1.9720,18.1200,26459.6666,1,185117.0000,177064.0000
2020-08-01,2020,8,Atlantico,4,Prendas de vestir y textiles,0,47.2784,-25.4000,1.8732,18.2900,26127.4221,-32.7000,1.9720,18.1200,26459.6666,1,27486.0000,48135.0000
2020-08-01,2020,8,Atlantico,8,Electrodomesticos y muebles,1,103.5379,-25.4000,1.8732,18.2900,26127.4221,-32.7000,1.9720,18.1200,26459.6666,1,27486.0000,48135.0000
2020-08-01,2020,8,Atlantico,9,Articulos y utensilios domesticos,0,85.3527,-25.4000,1.8732,18.2900,26127.4221,-32.7000,1.9720,18.1200,26459.6666,1,27486.0000,48135.0000
2020-08-01,2020,8,Atlantico,10,Aseo del hogar,0,114.6820,-25.4000,1.8732,18.2900,26127.4221,-32.7000,1.9720,18.1200,26459.6666,1,27486.0000,48135.0000
2020-08-01,2020,8,Atlantico,11,Informatica y telecomunicaciones,0,141.6014,-25.4000,1.8732,18.2900,26127.4221,-32.7000,1.9720,18.1200,26459.6666,1,27486.0000,48135.0000
2020-08-01,2020,8,Atlantico,12,Sonido y video,0,105.6223,-25.4000,1.8732,18.2900,26127.4221,-32.7000,1.9720,18.1200,26459.6666,1,27486.0000,48135.0000
2020-08-01,2020,8,Atlantico,14,"Ferreteria, vidrios y pinturas",0,89.8917,-25.4000,1.8732,18.2900,26127.4221,-32.7000,1.9720,18.1200,26459.6666,1,27486.0000,48135.0000
2020-08-01,2020,8,Atlantico,15,Otras mercancias de uso domestico,0,77.7042,-25.4000,1.8732,18.2900,26127.4221,-32.7000,1.9720,18.1200,26459.6666,1,27486.0000,48135.0000
2020-08-01,2020,8,Bogota,4,Prendas de vestir y textiles,0,53.1209,-25.4000,1.8732,18.2900,26127.4221,-32.7000,1.9720,18.1200,26459.6666,1,188057.0000,249318.0000
2020-08-01,2020,8,Bogota,8,Electrodomesticos y muebles,1,119.0286,-25.4000,1.8732,18.2900,26127.4221,-32.7000,1.9720,18.1200,26459.6666,1,188057.0000,249318.0000
2020-08-01,2020,8,Bogota,9,Articulos y utensilios domesticos,0,98.6229,-25.4000,1.8732,18.2900,26127.4221,-32.7000,1.9720,18.1200,26459.6666,1,188057.0000,249318.0000
2020-08-01,2020,8,Bogota,10,Aseo del hogar,0,131.3444,-25.4000,1.8732,18.2900,26127.4221,-32.7000,1.9720,18.1200,26459.6666,1,188057.0000,249318.0000
2020-08-01,2020,8,Bogota,11,Informatica y telecomunicaciones,0,158.0981,-25.4000,1.8732,18.2900,26127.4221,-32.7000,1.9720,18.1200,26459.6666,1,188057.0000,249318.0000
2020-08-01,2020,8,Bogota,12,Sonido y video,0,116.5134,-25.4000,1.8732,18.2900,26127.4221,-32.7000,1.9720,18.1200,26459.6666,1,188057.0000,249318.0000
2020-08-01,2020,8,Bogota,14,"Ferreteria, vidrios y pinturas",0,101.9497,-25.4000,1.8732,18.2900,26127.4221,-32.7000,1.9720,18.1200,26459.6666,1,188057.0000,249318.0000
2020-08-01,2020,8,Bogota,15,Otras mercancias de uso domestico,0,83.1354,-25.4000,1.8732,18.2900,26127.4221,-32.7000,1.9720,18.1200,26459.6666,1,188057.0000,249318.0000
2020-08-01,2020,8,Cundinamarca,4,Prendas de vestir y textiles,0,56.9435,-25.4000,1.8732,18.2900,26127.4221,-32.7000,1.9720,18.1200,26459.6666,1,104032.0000,81000.0000
2020-08-01,2020,8,Cundinamarca,8,Electrodomesticos y muebles,1,126.3474,-25.4000,1.8732,18.2900,26127.4221,-32.7000,1.9720,18.1200,26459.6666,1,104032.0000,81000.0000
2020-08-01,2020,8,Cundinamarca,9,Articulos y utensilios domesticos,0,102.9593,-25.4000,1.8732,18.2900,26127.4221,-32.7000,1.9720,18.1200,26459.6666,1,104032.0000,81000.0000
2020-08-01,2020,8,Cundinamarca,10,Aseo del hogar,0,137.4758,-25.4000,1.8732,18.2900,26127.4221,-32.7000,1.9720,18.1200,26459.6666,1,104032.0000,81000.0000
2020-08-01,2020,8,Cundinamarca,11,Informatica y telecomunicaciones,0,169.2972,-25.4000,1.8732,18.2900,26127.4221,-32.7000,1.9720,18.1200,26459.6666,1,104032.0000,81000.0000
2020-08-01,2020,8,Cundinamarca,12,Sonido y video,0,121.6254,-25.4000,1.8732,18.2900,26127.4221,-32.7000,1.9720,18.1200,26459.6666,1,104032.0000,81000.0000
2020-08-01,2020,8,Cundinamarca,14,"Ferreteria, vidrios y pinturas",0,108.5471,-25.4000,1.8732,18.2900,26127.4221,-32.7000,1.9720,18.1200,26459.6666,1,104032.0000,81000.0000
2020-08-01,2020,8,Cundinamarca,15,Otras mercancias de uso domestico,0,93.7416,-25.4000,1.8732,18.2900,26127.4221,-32.7000,1.9720,18.1200,26459.6666,1,104032.0000,81000.0000
2020-08-01,2020,8,Santander,4,Prendas de vestir y textiles,0,44.7675,-25.4000,1.8732,18.2900,26127.4221,-32.7000,1.9720,18.1200,26459.6666,1,58327.0000,38772.0000
2020-08-01,2020,8,Santander,8,Electrodomesticos y muebles,1,100.3006,-25.4000,1.8732,18.2900,26127.4221,-32.7000,1.9720,18.1200,26459.6666,1,58327.0000,38772.0000
2020-08-01,2020,8,Santander,9,Articulos y utensilios domesticos,0,82.7341,-25.4000,1.8732,18.2900,26127.4221,-32.7000,1.9720,18.1200,26459.6666,1,58327.0000,38772.0000
2020-08-01,2020,8,Santander,10,Aseo del hogar,0,108.7987,-25.4000,1.8732,18.2900,26127.4221,-32.7000,1.9720,18.1200,26459.6666,1,58327.0000,38772.0000
2020-08-01,2020,8,Santander,11,Informatica y telecomunicaciones,0,130.0004,-25.4000,1.8732,18.2900,26127.4221,-32.7000,1.9720,18.1200,26459.6666,1,58327.0000,38772.0000
2020-08-01,2020,8,Santander,12,Sonido y video,0,95.2570,-25.4000,1.8732,18.2900,26127.4221,-32.7000,1.9720,18.1200,26459.6666,1,58327.0000,38772.0000
2020-08-01,2020,8,Santander,14,"Ferreteria, vidrios y pinturas",0,85.1986,-25.4000,1.8732,18.2900,26127.4221,-32.7000,1.9720,18.1200,26459.6666,1,58327.0000,38772.0000
2020-08-01,2020,8,Santander,15,Otras mercancias de uso domestico,0,72.0873,-25.4000,1.8732,18.2900,26127.4221,-32.7000,1.9720,18.1200,26459.6666,1,58327.0000,38772.0000
2020-08-01,2020,8,Valle del Cauca,4,Prendas de vestir y textiles,0,48.1170,-25.4000,1.8732,18.2900,26127.4221,-32.7000,1.9720,18.1200,26459.6666,1,103167.0000,111455.0000
2020-08-01,2020,8,Valle del Cauca,8,Electrodomesticos y muebles,1,113.1466,-25.4000,1.8732,18.2900,26127.4221,-32.7000,1.9720,18.1200,26459.6666,1,103167.0000,111455.0000
2020-08-01,2020,8,Valle del Cauca,9,Articulos y utensilios domesticos,0,89.0826,-25.4000,1.8732,18.2900,26127.4221,-32.7000,1.9720,18.1200,26459.6666,1,103167.0000,111455.0000
2020-08-01,2020,8,Valle del Cauca,10,Aseo del hogar,0,118.4114,-25.4000,1.8732,18.2900,26127.4221,-32.7000,1.9720,18.1200,26459.6666,1,103167.0000,111455.0000
2020-08-01,2020,8,Valle del Cauca,11,Informatica y telecomunicaciones,0,147.8607,-25.4000,1.8732,18.2900,26127.4221,-32.7000,1.9720,18.1200,26459.6666,1,103167.0000,111455.0000
2020-08-01,2020,8,Valle del Cauca,12,Sonido y video,0,110.7922,-25.4000,1.8732,18.2900,26127.4221,-32.7000,1.9720,18.1200,26459.6666,1,103167.0000,111455.0000
2020-08-01,2020,8,Valle del Cauca,14,"Ferreteria, vidrios y pinturas",0,96.3397,-25.4000,1.8732,18.2900,26127.4221,-32.7000,1.9720,18.1200,26459.6666,1,103167.0000,111455.0000
2020-08-01,2020,8,Valle del Cauca,15,Otras mercancias de uso domestico,0,80.8362,-25.4000,1.8732,18.2900,26127.4221,-32.7000,1.9720,18.1200,26459.6666,1,103167.0000,111455.0000
2020-08-01,2020,8,Otros departamentos,4,Prendas de vestir y textiles,0,45.8795,-25.4000,1.8732,18.2900,26127.4221,-32.7000,1.9720,18.1200,26459.6666,1,443810.0000,469974.0000
2020-08-01,2020,8,Otros departamentos,8,Electrodomesticos y muebles,1,104.2599,-25.4000,1.8732,18.2900,26127.4221,-32.7000,1.9720,18.1200,26459.6666,1,443810.0000,469974.0000
2020-08-01,2020,8,Otros departamentos,9,Articulos y utensilios domesticos,0,87.4347,-25.4000,1.8732,18.2900,26127.4221,-32.7000,1.9720,18.1200,26459.6666,1,443810.0000,469974.0000
2020-08-01,2020,8,Otros departamentos,10,Aseo del hogar,0,113.7716,-25.4000,1.8732,18.2900,26127.4221,-32.7000,1.9720,18.1200,26459.6666,1,443810.0000,469974.0000
2020-08-01,2020,8,Otros departamentos,11,Informatica y telecomunicaciones,0,139.7176,-25.4000,1.8732,18.2900,26127.4221,-32.7000,1.9720,18.1200,26459.6666,1,443810.0000,469974.0000
2020-08-01,2020,8,Otros departamentos,12,Sonido y video,0,101.5095,-25.4000,1.8732,18.2900,26127.4221,-32.7000,1.9720,18.1200,26459.6666,1,443810.0000,469974.0000
2020-08-01,2020,8,Otros departamentos,14,"Ferreteria, vidrios y pinturas",0,90.6517,-25.4000,1.8732,18.2900,26127.4221,-32.7000,1.9720,18.1200,26459.6666,1,443810.0000,469974.0000
2020-08-01,2020,8,Otros departamentos,15,Otras mercancias de uso domestico,0,75.3799,-25.4000,1.8732,18.2900,26127.4221,-32.7000,1.9720,18.1200,26459.6666,1,443810.0000,469974.0000
2020-09-01,2020,9,Antioquia,4,Prendas de vestir y textiles,0,82.9934,-21.6000,1.9659,18.3500,24298.2257,-25.4000,1.8732,18.2900,26127.4221,0,266230.0000,185117.0000
2020-09-01,2020,9,Antioquia,8,Electrodomesticos y muebles,1,124.9217,-21.6000,1.9659,18.3500,24298.2257,-25.4000,1.8732,18.2900,26127.4221,0,266230.0000,185117.0000
2020-09-01,2020,9,Antioquia,9,Articulos y utensilios domesticos,0,113.7170,-21.6000,1.9659,18.3500,24298.2257,-25.4000,1.8732,18.2900,26127.4221,0,266230.0000,185117.0000
2020-09-01,2020,9,Antioquia,10,Aseo del hogar,0,136.6107,-21.6000,1.9659,18.3500,24298.2257,-25.4000,1.8732,18.2900,26127.4221,0,266230.0000,185117.0000
2020-09-01,2020,9,Antioquia,11,Informatica y telecomunicaciones,0,147.2197,-21.6000,1.9659,18.3500,24298.2257,-25.4000,1.8732,18.2900,26127.4221,0,266230.0000,185117.0000
2020-09-01,2020,9,Antioquia,12,Sonido y video,0,118.0528,-21.6000,1.9659,18.3500,24298.2257,-25.4000,1.8732,18.2900,26127.4221,0,266230.0000,185117.0000
2020-09-01,2020,9,Antioquia,14,"Ferreteria, vidrios y pinturas",0,121.6900,-21.6000,1.9659,18.3500,24298.2257,-25.4000,1.8732,18.2900,26127.4221,0,266230.0000,185117.0000
2020-09-01,2020,9,Antioquia,15,Otras mercancias de uso domestico,0,96.3547,-21.6000,1.9659,18.3500,24298.2257,-25.4000,1.8732,18.2900,26127.4221,0,266230.0000,185117.0000
2020-09-01,2020,9,Atlantico,4,Prendas de vestir y textiles,0,71.7735,-21.6000,1.9659,18.3500,24298.2257,-25.4000,1.8732,18.2900,26127.4221,0,72863.0000,27486.0000
2020-09-01,2020,9,Atlantico,8,Electrodomesticos y muebles,1,104.7814,-21.6000,1.9659,18.3500,24298.2257,-25.4000,1.8732,18.2900,26127.4221,0,72863.0000,27486.0000
2020-09-01,2020,9,Atlantico,9,Articulos y utensilios domesticos,0,98.8745,-21.6000,1.9659,18.3500,24298.2257,-25.4000,1.8732,18.2900,26127.4221,0,72863.0000,27486.0000
2020-09-01,2020,9,Atlantico,10,Aseo del hogar,0,117.5377,-21.6000,1.9659,18.3500,24298.2257,-25.4000,1.8732,18.2900,26127.4221,0,72863.0000,27486.0000
2020-09-01,2020,9,Atlantico,11,Informatica y telecomunicaciones,0,128.1911,-21.6000,1.9659,18.3500,24298.2257,-25.4000,1.8732,18.2900,26127.4221,0,72863.0000,27486.0000
2020-09-01,2020,9,Atlantico,12,Sonido y video,0,108.3219,-21.6000,1.9659,18.3500,24298.2257,-25.4000,1.8732,18.2900,26127.4221,0,72863.0000,27486.0000
2020-09-01,2020,9,Atlantico,14,"Ferreteria, vidrios y pinturas",0,102.9072,-21.6000,1.9659,18.3500,24298.2257,-25.4000,1.8732,18.2900,26127.4221,0,72863.0000,27486.0000
2020-09-01,2020,9,Atlantico,15,Otras mercancias de uso domestico,0,88.3156,-21.6000,1.9659,18.3500,24298.2257,-25.4000,1.8732,18.2900,26127.4221,0,72863.0000,27486.0000
2020-09-01,2020,9,Bogota,4,Prendas de vestir y textiles,0,78.6395,-21.6000,1.9659,18.3500,24298.2257,-25.4000,1.8732,18.2900,26127.4221,0,245395.0000,188057.0000
2020-09-01,2020,9,Bogota,8,Electrodomesticos y muebles,1,119.8505,-21.6000,1.9659,18.3500,24298.2257,-25.4000,1.8732,18.2900,26127.4221,0,245395.0000,188057.0000
2020-09-01,2020,9,Bogota,9,Articulos y utensilios domesticos,0,111.0525,-21.6000,1.9659,18.3500,24298.2257,-25.4000,1.8732,18.2900,26127.4221,0,245395.0000,188057.0000
2020-09-01,2020,9,Bogota,10,Aseo del hogar,0,130.1886,-21.6000,1.9659,18.3500,24298.2257,-25.4000,1.8732,18.2900,26127.4221,0,245395.0000,188057.0000
2020-09-01,2020,9,Bogota,11,Informatica y telecomunicaciones,0,144.7017,-21.6000,1.9659,18.3500,24298.2257,-25.4000,1.8732,18.2900,26127.4221,0,245395.0000,188057.0000
2020-09-01,2020,9,Bogota,12,Sonido y video,0,110.0933,-21.6000,1.9659,18.3500,24298.2257,-25.4000,1.8732,18.2900,26127.4221,0,245395.0000,188057.0000
2020-09-01,2020,9,Bogota,14,"Ferreteria, vidrios y pinturas",0,109.5658,-21.6000,1.9659,18.3500,24298.2257,-25.4000,1.8732,18.2900,26127.4221,0,245395.0000,188057.0000
2020-09-01,2020,9,Bogota,15,Otras mercancias de uso domestico,0,90.8043,-21.6000,1.9659,18.3500,24298.2257,-25.4000,1.8732,18.2900,26127.4221,0,245395.0000,188057.0000
2020-09-01,2020,9,Cundinamarca,4,Prendas de vestir y textiles,0,88.2074,-21.6000,1.9659,18.3500,24298.2257,-25.4000,1.8732,18.2900,26127.4221,0,61417.0000,104032.0000
2020-09-01,2020,9,Cundinamarca,8,Electrodomesticos y muebles,1,135.1482,-21.6000,1.9659,18.3500,24298.2257,-25.4000,1.8732,18.2900,26127.4221,0,61417.0000,104032.0000
2020-09-01,2020,9,Cundinamarca,9,Articulos y utensilios domesticos,0,123.8028,-21.6000,1.9659,18.3500,24298.2257,-25.4000,1.8732,18.2900,26127.4221,0,61417.0000,104032.0000
2020-09-01,2020,9,Cundinamarca,10,Aseo del hogar,0,143.1693,-21.6000,1.9659,18.3500,24298.2257,-25.4000,1.8732,18.2900,26127.4221,0,61417.0000,104032.0000
2020-09-01,2020,9,Cundinamarca,11,Informatica y telecomunicaciones,0,160.5203,-21.6000,1.9659,18.3500,24298.2257,-25.4000,1.8732,18.2900,26127.4221,0,61417.0000,104032.0000
2020-09-01,2020,9,Cundinamarca,12,Sonido y video,0,128.3250,-21.6000,1.9659,18.3500,24298.2257,-25.4000,1.8732,18.2900,26127.4221,0,61417.0000,104032.0000
2020-09-01,2020,9,Cundinamarca,14,"Ferreteria, vidrios y pinturas",0,126.8487,-21.6000,1.9659,18.3500,24298.2257,-25.4000,1.8732,18.2900,26127.4221,0,61417.0000,104032.0000
2020-09-01,2020,9,Cundinamarca,15,Otras mercancias de uso domestico,0,107.6323,-21.6000,1.9659,18.3500,24298.2257,-25.4000,1.8732,18.2900,26127.4221,0,61417.0000,104032.0000
2020-09-01,2020,9,Santander,4,Prendas de vestir y textiles,0,76.6688,-21.6000,1.9659,18.3500,24298.2257,-25.4000,1.8732,18.2900,26127.4221,0,29223.0000,58327.0000
2020-09-01,2020,9,Santander,8,Electrodomesticos y muebles,1,115.3358,-21.6000,1.9659,18.3500,24298.2257,-25.4000,1.8732,18.2900,26127.4221,0,29223.0000,58327.0000
2020-09-01,2020,9,Santander,9,Articulos y utensilios domesticos,0,108.9712,-21.6000,1.9659,18.3500,24298.2257,-25.4000,1.8732,18.2900,26127.4221,0,29223.0000,58327.0000
2020-09-01,2020,9,Santander,10,Aseo del hogar,0,125.4110,-21.6000,1.9659,18.3500,24298.2257,-25.4000,1.8732,18.2900,26127.4221,0,29223.0000,58327.0000
2020-09-01,2020,9,Santander,11,Informatica y telecomunicaciones,0,134.7857,-21.6000,1.9659,18.3500,24298.2257,-25.4000,1.8732,18.2900,26127.4221,0,29223.0000,58327.0000
2020-09-01,2020,9,Santander,12,Sonido y video,0,111.6144,-21.6000,1.9659,18.3500,24298.2257,-25.4000,1.8732,18.2900,26127.4221,0,29223.0000,58327.0000
2020-09-01,2020,9,Santander,14,"Ferreteria, vidrios y pinturas",0,105.1656,-21.6000,1.9659,18.3500,24298.2257,-25.4000,1.8732,18.2900,26127.4221,0,29223.0000,58327.0000
2020-09-01,2020,9,Santander,15,Otras mercancias de uso domestico,0,88.5048,-21.6000,1.9659,18.3500,24298.2257,-25.4000,1.8732,18.2900,26127.4221,0,29223.0000,58327.0000
2020-09-01,2020,9,Valle del Cauca,4,Prendas de vestir y textiles,0,73.9865,-21.6000,1.9659,18.3500,24298.2257,-25.4000,1.8732,18.2900,26127.4221,0,238704.0000,103167.0000
2020-09-01,2020,9,Valle del Cauca,8,Electrodomesticos y muebles,1,117.6578,-21.6000,1.9659,18.3500,24298.2257,-25.4000,1.8732,18.2900,26127.4221,0,238704.0000,103167.0000
2020-09-01,2020,9,Valle del Cauca,9,Articulos y utensilios domesticos,0,106.1292,-21.6000,1.9659,18.3500,24298.2257,-25.4000,1.8732,18.2900,26127.4221,0,238704.0000,103167.0000
2020-09-01,2020,9,Valle del Cauca,10,Aseo del hogar,0,121.6273,-21.6000,1.9659,18.3500,24298.2257,-25.4000,1.8732,18.2900,26127.4221,0,238704.0000,103167.0000
2020-09-01,2020,9,Valle del Cauca,11,Informatica y telecomunicaciones,0,135.5844,-21.6000,1.9659,18.3500,24298.2257,-25.4000,1.8732,18.2900,26127.4221,0,238704.0000,103167.0000
2020-09-01,2020,9,Valle del Cauca,12,Sonido y video,0,111.3645,-21.6000,1.9659,18.3500,24298.2257,-25.4000,1.8732,18.2900,26127.4221,0,238704.0000,103167.0000
2020-09-01,2020,9,Valle del Cauca,14,"Ferreteria, vidrios y pinturas",0,115.8457,-21.6000,1.9659,18.3500,24298.2257,-25.4000,1.8732,18.2900,26127.4221,0,238704.0000,103167.0000
2020-09-01,2020,9,Valle del Cauca,15,Otras mercancias de uso domestico,0,94.4196,-21.6000,1.9659,18.3500,24298.2257,-25.4000,1.8732,18.2900,26127.4221,0,238704.0000,103167.0000
2020-09-01,2020,9,Otros departamentos,4,Prendas de vestir y textiles,0,69.0158,-21.6000,1.9659,18.3500,24298.2257,-25.4000,1.8732,18.2900,26127.4221,0,693446.0000,443810.0000
2020-09-01,2020,9,Otros departamentos,8,Electrodomesticos y muebles,1,106.1989,-21.6000,1.9659,18.3500,24298.2257,-25.4000,1.8732,18.2900,26127.4221,0,693446.0000,443810.0000
2020-09-01,2020,9,Otros departamentos,9,Articulos y utensilios domesticos,0,98.0774,-21.6000,1.9659,18.3500,24298.2257,-25.4000,1.8732,18.2900,26127.4221,0,693446.0000,443810.0000
2020-09-01,2020,9,Otros departamentos,10,Aseo del hogar,0,111.8526,-21.6000,1.9659,18.3500,24298.2257,-25.4000,1.8732,18.2900,26127.4221,0,693446.0000,443810.0000
2020-09-01,2020,9,Otros departamentos,11,Informatica y telecomunicaciones,0,125.9790,-21.6000,1.9659,18.3500,24298.2257,-25.4000,1.8732,18.2900,26127.4221,0,693446.0000,443810.0000
2020-09-01,2020,9,Otros departamentos,12,Sonido y video,0,99.9560,-21.6000,1.9659,18.3500,24298.2257,-25.4000,1.8732,18.2900,26127.4221,0,693446.0000,443810.0000
2020-09-01,2020,9,Otros departamentos,14,"Ferreteria, vidrios y pinturas",0,101.6653,-21.6000,1.9659,18.3500,24298.2257,-25.4000,1.8732,18.2900,26127.4221,0,693446.0000,443810.0000
2020-09-01,2020,9,Otros departamentos,15,Otras mercancias de uso domestico,0,81.2884,-21.6000,1.9659,18.3500,24298.2257,-25.4000,1.8732,18.2900,26127.4221,0,693446.0000,443810.0000
2020-10-01,2020,10,Antioquia,4,Prendas de vestir y textiles,0,91.7783,-18.6000,1.7403,18.0900,25461.0347,-21.6000,1.9659,18.3500,24298.2257,0,254552.0000,266230.0000
2020-10-01,2020,10,Antioquia,8,Electrodomesticos y muebles,1,127.0054,-18.6000,1.7403,18.0900,25461.0347,-21.6000,1.9659,18.3500,24298.2257,0,254552.0000,266230.0000
2020-10-01,2020,10,Antioquia,9,Articulos y utensilios domesticos,0,119.0290,-18.6000,1.7403,18.0900,25461.0347,-21.6000,1.9659,18.3500,24298.2257,0,254552.0000,266230.0000
2020-10-01,2020,10,Antioquia,10,Aseo del hogar,0,136.0669,-18.6000,1.7403,18.0900,25461.0347,-21.6000,1.9659,18.3500,24298.2257,0,254552.0000,266230.0000
2020-10-01,2020,10,Antioquia,11,Informatica y telecomunicaciones,0,130.0170,-18.6000,1.7403,18.0900,25461.0347,-21.6000,1.9659,18.3500,24298.2257,0,254552.0000,266230.0000
2020-10-01,2020,10,Antioquia,12,Sonido y video,0,127.2626,-18.6000,1.7403,18.0900,25461.0347,-21.6000,1.9659,18.3500,24298.2257,0,254552.0000,266230.0000
2020-10-01,2020,10,Antioquia,14,"Ferreteria, vidrios y pinturas",0,121.6643,-18.6000,1.7403,18.0900,25461.0347,-21.6000,1.9659,18.3500,24298.2257,0,254552.0000,266230.0000
2020-10-01,2020,10,Antioquia,15,Otras mercancias de uso domestico,0,105.1242,-18.6000,1.7403,18.0900,25461.0347,-21.6000,1.9659,18.3500,24298.2257,0,254552.0000,266230.0000
2020-10-01,2020,10,Atlantico,4,Prendas de vestir y textiles,0,86.2756,-18.6000,1.7403,18.0900,25461.0347,-21.6000,1.9659,18.3500,24298.2257,0,127397.0000,72863.0000
2020-10-01,2020,10,Atlantico,8,Electrodomesticos y muebles,1,113.0284,-18.6000,1.7403,18.0900,25461.0347,-21.6000,1.9659,18.3500,24298.2257,0,127397.0000,72863.0000
2020-10-01,2020,10,Atlantico,9,Articulos y utensilios domesticos,0,109.7087,-18.6000,1.7403,18.0900,25461.0347,-21.6000,1.9659,18.3500,24298.2257,0,127397.0000,72863.0000
2020-10-01,2020,10,Atlantico,10,Aseo del hogar,0,125.8869,-18.6000,1.7403,18.0900,25461.0347,-21.6000,1.9659,18.3500,24298.2257,0,127397.0000,72863.0000
2020-10-01,2020,10,Atlantico,11,Informatica y telecomunicaciones,0,125.0677,-18.6000,1.7403,18.0900,25461.0347,-21.6000,1.9659,18.3500,24298.2257,0,127397.0000,72863.0000
2020-10-01,2020,10,Atlantico,12,Sonido y video,0,120.5427,-18.6000,1.7403,18.0900,25461.0347,-21.6000,1.9659,18.3500,24298.2257,0,127397.0000,72863.0000
2020-10-01,2020,10,Atlantico,14,"Ferreteria, vidrios y pinturas",0,115.7328,-18.6000,1.7403,18.0900,25461.0347,-21.6000,1.9659,18.3500,24298.2257,0,127397.0000,72863.0000
2020-10-01,2020,10,Atlantico,15,Otras mercancias de uso domestico,0,101.7138,-18.6000,1.7403,18.0900,25461.0347,-21.6000,1.9659,18.3500,24298.2257,0,127397.0000,72863.0000
2020-10-01,2020,10,Bogota,4,Prendas de vestir y textiles,0,94.4086,-18.6000,1.7403,18.0900,25461.0347,-21.6000,1.9659,18.3500,24298.2257,0,243449.0000,245395.0000
2020-10-01,2020,10,Bogota,8,Electrodomesticos y muebles,1,131.8271,-18.6000,1.7403,18.0900,25461.0347,-21.6000,1.9659,18.3500,24298.2257,0,243449.0000,245395.0000
2020-10-01,2020,10,Bogota,9,Articulos y utensilios domesticos,0,126.8146,-18.6000,1.7403,18.0900,25461.0347,-21.6000,1.9659,18.3500,24298.2257,0,243449.0000,245395.0000
2020-10-01,2020,10,Bogota,10,Aseo del hogar,0,142.8003,-18.6000,1.7403,18.0900,25461.0347,-21.6000,1.9659,18.3500,24298.2257,0,243449.0000,245395.0000
2020-10-01,2020,10,Bogota,11,Informatica y telecomunicaciones,0,135.8156,-18.6000,1.7403,18.0900,25461.0347,-21.6000,1.9659,18.3500,24298.2257,0,243449.0000,245395.0000
2020-10-01,2020,10,Bogota,12,Sonido y video,0,125.0075,-18.6000,1.7403,18.0900,25461.0347,-21.6000,1.9659,18.3500,24298.2257,0,243449.0000,245395.0000
2020-10-01,2020,10,Bogota,14,"Ferreteria, vidrios y pinturas",0,124.8808,-18.6000,1.7403,18.0900,25461.0347,-21.6000,1.9659,18.3500,24298.2257,0,243449.0000,245395.0000
2020-10-01,2020,10,Bogota,15,Otras mercancias de uso domestico,0,104.0624,-18.6000,1.7403,18.0900,25461.0347,-21.6000,1.9659,18.3500,24298.2257,0,243449.0000,245395.0000
2020-10-01,2020,10,Cundinamarca,4,Prendas de vestir y textiles,0,99.9750,-18.6000,1.7403,18.0900,25461.0347,-21.6000,1.9659,18.3500,24298.2257,0,64615.0000,61417.0000
2020-10-01,2020,10,Cundinamarca,8,Electrodomesticos y muebles,1,139.6639,-18.6000,1.7403,18.0900,25461.0347,-21.6000,1.9659,18.3500,24298.2257,0,64615.0000,61417.0000
2020-10-01,2020,10,Cundinamarca,9,Articulos y utensilios domesticos,0,132.8437,-18.6000,1.7403,18.0900,25461.0347,-21.6000,1.9659,18.3500,24298.2257,0,64615.0000,61417.0000
2020-10-01,2020,10,Cundinamarca,10,Aseo del hogar,0,147.0716,-18.6000,1.7403,18.0900,25461.0347,-21.6000,1.9659,18.3500,24298.2257,0,64615.0000,61417.0000
2020-10-01,2020,10,Cundinamarca,11,Informatica y telecomunicaciones,0,146.6775,-18.6000,1.7403,18.0900,25461.0347,-21.6000,1.9659,18.3500,24298.2257,0,64615.0000,61417.0000
2020-10-01,2020,10,Cundinamarca,12,Sonido y video,0,138.3527,-18.6000,1.7403,18.0900,25461.0347,-21.6000,1.9659,18.3500,24298.2257,0,64615.0000,61417.0000
2020-10-01,2020,10,Cundinamarca,14,"Ferreteria, vidrios y pinturas",0,132.3616,-18.6000,1.7403,18.0900,25461.0347,-21.6000,1.9659,18.3500,24298.2257,0,64615.0000,61417.0000
2020-10-01,2020,10,Cundinamarca,15,Otras mercancias de uso domestico,0,116.1998,-18.6000,1.7403,18.0900,25461.0347,-21.6000,1.9659,18.3500,24298.2257,0,64615.0000,61417.0000
2020-10-01,2020,10,Santander,4,Prendas de vestir y textiles,0,90.9784,-18.6000,1.7403,18.0900,25461.0347,-21.6000,1.9659,18.3500,24298.2257,0,47667.0000,29223.0000
2020-10-01,2020,10,Santander,8,Electrodomesticos y muebles,1,120.1591,-18.6000,1.7403,18.0900,25461.0347,-21.6000,1.9659,18.3500,24298.2257,0,47667.0000,29223.0000
2020-10-01,2020,10,Santander,9,Articulos y utensilios domesticos,0,115.8420,-18.6000,1.7403,18.0900,25461.0347,-21.6000,1.9659,18.3500,24298.2257,0,47667.0000,29223.0000
2020-10-01,2020,10,Santander,10,Aseo del hogar,0,126.1443,-18.6000,1.7403,18.0900,25461.0347,-21.6000,1.9659,18.3500,24298.2257,0,47667.0000,29223.0000
2020-10-01,2020,10,Santander,11,Informatica y telecomunicaciones,0,124.3353,-18.6000,1.7403,18.0900,25461.0347,-21.6000,1.9659,18.3500,24298.2257,0,47667.0000,29223.0000
2020-10-01,2020,10,Santander,12,Sonido y video,0,118.8212,-18.6000,1.7403,18.0900,25461.0347,-21.6000,1.9659,18.3500,24298.2257,0,47667.0000,29223.0000
2020-10-01,2020,10,Santander,14,"Ferreteria, vidrios y pinturas",0,107.1453,-18.6000,1.7403,18.0900,25461.0347,-21.6000,1.9659,18.3500,24298.2257,0,47667.0000,29223.0000
2020-10-01,2020,10,Santander,15,Otras mercancias de uso domestico,0,95.7835,-18.6000,1.7403,18.0900,25461.0347,-21.6000,1.9659,18.3500,24298.2257,0,47667.0000,29223.0000
2020-10-01,2020,10,Valle del Cauca,4,Prendas de vestir y textiles,0,85.7525,-18.6000,1.7403,18.0900,25461.0347,-21.6000,1.9659,18.3500,24298.2257,0,154098.0000,238704.0000
2020-10-01,2020,10,Valle del Cauca,8,Electrodomesticos y muebles,1,120.0256,-18.6000,1.7403,18.0900,25461.0347,-21.6000,1.9659,18.3500,24298.2257,0,154098.0000,238704.0000
2020-10-01,2020,10,Valle del Cauca,9,Articulos y utensilios domesticos,0,113.3798,-18.6000,1.7403,18.0900,25461.0347,-21.6000,1.9659,18.3500,24298.2257,0,154098.0000,238704.0000
2020-10-01,2020,10,Valle del Cauca,10,Aseo del hogar,0,131.0732,-18.6000,1.7403,18.0900,25461.0347,-21.6000,1.9659,18.3500,24298.2257,0,154098.0000,238704.0000
2020-10-01,2020,10,Valle del Cauca,11,Informatica y telecomunicaciones,0,128.5706,-18.6000,1.7403,18.0900,25461.0347,-21.6000,1.9659,18.3500,24298.2257,0,154098.0000,238704.0000
2020-10-01,2020,10,Valle del Cauca,12,Sonido y video,0,125.9679,-18.6000,1.7403,18.0900,25461.0347,-21.6000,1.9659,18.3500,24298.2257,0,154098.0000,238704.0000
2020-10-01,2020,10,Valle del Cauca,14,"Ferreteria, vidrios y pinturas",0,122.5977,-18.6000,1.7403,18.0900,25461.0347,-21.6000,1.9659,18.3500,24298.2257,0,154098.0000,238704.0000
2020-10-01,2020,10,Valle del Cauca,15,Otras mercancias de uso domestico,0,105.9704,-18.6000,1.7403,18.0900,25461.0347,-21.6000,1.9659,18.3500,24298.2257,0,154098.0000,238704.0000
2020-10-01,2020,10,Otros departamentos,4,Prendas de vestir y textiles,0,82.7341,-18.6000,1.7403,18.0900,25461.0347,-21.6000,1.9659,18.3500,24298.2257,0,503672.0000,693446.0000
2020-10-01,2020,10,Otros departamentos,8,Electrodomesticos y muebles,1,116.9732,-18.6000,1.7403,18.0900,25461.0347,-21.6000,1.9659,18.3500,24298.2257,0,503672.0000,693446.0000
2020-10-01,2020,10,Otros departamentos,9,Articulos y utensilios domesticos,0,110.5567,-18.6000,1.7403,18.0900,25461.0347,-21.6000,1.9659,18.3500,24298.2257,0,503672.0000,693446.0000
2020-10-01,2020,10,Otros departamentos,10,Aseo del hogar,0,119.8694,-18.6000,1.7403,18.0900,25461.0347,-21.6000,1.9659,18.3500,24298.2257,0,503672.0000,693446.0000
2020-10-01,2020,10,Otros departamentos,11,Informatica y telecomunicaciones,0,123.1489,-18.6000,1.7403,18.0900,25461.0347,-21.6000,1.9659,18.3500,24298.2257,0,503672.0000,693446.0000
2020-10-01,2020,10,Otros departamentos,12,Sonido y video,0,115.6918,-18.6000,1.7403,18.0900,25461.0347,-21.6000,1.9659,18.3500,24298.2257,0,503672.0000,693446.0000
2020-10-01,2020,10,Otros departamentos,14,"Ferreteria, vidrios y pinturas",0,110.6682,-18.6000,1.7403,18.0900,25461.0347,-21.6000,1.9659,18.3500,24298.2257,0,503672.0000,693446.0000
2020-10-01,2020,10,Otros departamentos,15,Otras mercancias de uso domestico,0,93.1460,-18.6000,1.7403,18.0900,25461.0347,-21.6000,1.9659,18.3500,24298.2257,0,503672.0000,693446.0000
2020-11-01,2020,11,Antioquia,4,Prendas de vestir y textiles,0,121.9159,-13.6000,1.4873,17.8400,28967.3042,-18.6000,1.7403,18.0900,25461.0347,0,184990.0000,254552.0000
2020-11-01,2020,11,Antioquia,8,Electrodomesticos y muebles,1,169.0576,-13.6000,1.4873,17.8400,28967.3042,-18.6000,1.7403,18.0900,25461.0347,0,184990.0000,254552.0000
2020-11-01,2020,11,Antioquia,9,Articulos y utensilios domesticos,0,133.2732,-13.6000,1.4873,17.8400,28967.3042,-18.6000,1.7403,18.0900,25461.0347,0,184990.0000,254552.0000
2020-11-01,2020,11,Antioquia,10,Aseo del hogar,0,129.8774,-13.6000,1.4873,17.8400,28967.3042,-18.6000,1.7403,18.0900,25461.0347,0,184990.0000,254552.0000
2020-11-01,2020,11,Antioquia,11,Informatica y telecomunicaciones,0,183.6970,-13.6000,1.4873,17.8400,28967.3042,-18.6000,1.7403,18.0900,25461.0347,0,184990.0000,254552.0000
2020-11-01,2020,11,Antioquia,12,Sonido y video,0,219.2545,-13.6000,1.4873,17.8400,28967.3042,-18.6000,1.7403,18.0900,25461.0347,0,184990.0000,254552.0000
2020-11-01,2020,11,Antioquia,14,"Ferreteria, vidrios y pinturas",0,127.7942,-13.6000,1.4873,17.8400,28967.3042,-18.6000,1.7403,18.0900,25461.0347,0,184990.0000,254552.0000
2020-11-01,2020,11,Antioquia,15,Otras mercancias de uso domestico,0,133.3681,-13.6000,1.4873,17.8400,28967.3042,-18.6000,1.7403,18.0900,25461.0347,0,184990.0000,254552.0000
2020-11-01,2020,11,Atlantico,4,Prendas de vestir y textiles,0,124.3048,-13.6000,1.4873,17.8400,28967.3042,-18.6000,1.7403,18.0900,25461.0347,0,48620.0000,127397.0000
2020-11-01,2020,11,Atlantico,8,Electrodomesticos y muebles,1,157.5915,-13.6000,1.4873,17.8400,28967.3042,-18.6000,1.7403,18.0900,25461.0347,0,48620.0000,127397.0000
2020-11-01,2020,11,Atlantico,9,Articulos y utensilios domesticos,0,131.9349,-13.6000,1.4873,17.8400,28967.3042,-18.6000,1.7403,18.0900,25461.0347,0,48620.0000,127397.0000
2020-11-01,2020,11,Atlantico,10,Aseo del hogar,0,126.6267,-13.6000,1.4873,17.8400,28967.3042,-18.6000,1.7403,18.0900,25461.0347,0,48620.0000,127397.0000
2020-11-01,2020,11,Atlantico,11,Informatica y telecomunicaciones,0,185.5676,-13.6000,1.4873,17.8400,28967.3042,-18.6000,1.7403,18.0900,25461.0347,0,48620.0000,127397.0000
2020-11-01,2020,11,Atlantico,12,Sonido y video,0,214.1696,-13.6000,1.4873,17.8400,28967.3042,-18.6000,1.7403,18.0900,25461.0347,0,48620.0000,127397.0000
2020-11-01,2020,11,Atlantico,14,"Ferreteria, vidrios y pinturas",0,124.0981,-13.6000,1.4873,17.8400,28967.3042,-18.6000,1.7403,18.0900,25461.0347,0,48620.0000,127397.0000
2020-11-01,2020,11,Atlantico,15,Otras mercancias de uso domestico,0,126.0523,-13.6000,1.4873,17.8400,28967.3042,-18.6000,1.7403,18.0900,25461.0347,0,48620.0000,127397.0000
2020-11-01,2020,11,Bogota,4,Prendas de vestir y textiles,0,140.1821,-13.6000,1.4873,17.8400,28967.3042,-18.6000,1.7403,18.0900,25461.0347,0,197129.0000,243449.0000
2020-11-01,2020,11,Bogota,8,Electrodomesticos y muebles,1,187.3013,-13.6000,1.4873,17.8400,28967.3042,-18.6000,1.7403,18.0900,25461.0347,0,197129.0000,243449.0000
2020-11-01,2020,11,Bogota,9,Articulos y utensilios domesticos,0,155.5733,-13.6000,1.4873,17.8400,28967.3042,-18.6000,1.7403,18.0900,25461.0347,0,197129.0000,243449.0000
2020-11-01,2020,11,Bogota,10,Aseo del hogar,0,154.3120,-13.6000,1.4873,17.8400,28967.3042,-18.6000,1.7403,18.0900,25461.0347,0,197129.0000,243449.0000
2020-11-01,2020,11,Bogota,11,Informatica y telecomunicaciones,0,207.0059,-13.6000,1.4873,17.8400,28967.3042,-18.6000,1.7403,18.0900,25461.0347,0,197129.0000,243449.0000
2020-11-01,2020,11,Bogota,12,Sonido y video,0,240.2463,-13.6000,1.4873,17.8400,28967.3042,-18.6000,1.7403,18.0900,25461.0347,0,197129.0000,243449.0000
2020-11-01,2020,11,Bogota,14,"Ferreteria, vidrios y pinturas",0,141.3214,-13.6000,1.4873,17.8400,28967.3042,-18.6000,1.7403,18.0900,25461.0347,0,197129.0000,243449.0000
2020-11-01,2020,11,Bogota,15,Otras mercancias de uso domestico,0,142.3932,-13.6000,1.4873,17.8400,28967.3042,-18.6000,1.7403,18.0900,25461.0347,0,197129.0000,243449.0000
2020-11-01,2020,11,Cundinamarca,4,Prendas de vestir y textiles,0,130.0822,-13.6000,1.4873,17.8400,28967.3042,-18.6000,1.7403,18.0900,25461.0347,0,216238.0000,64615.0000
2020-11-01,2020,11,Cundinamarca,8,Electrodomesticos y muebles,1,175.4607,-13.6000,1.4873,17.8400,28967.3042,-18.6000,1.7403,18.0900,25461.0347,0,216238.0000,64615.0000
2020-11-01,2020,11,Cundinamarca,9,Articulos y utensilios domesticos,0,143.0304,-13.6000,1.4873,17.8400,28967.3042,-18.6000,1.7403,18.0900,25461.0347,0,216238.0000,64615.0000
2020-11-01,2020,11,Cundinamarca,10,Aseo del hogar,0,134.3422,-13.6000,1.4873,17.8400,28967.3042,-18.6000,1.7403,18.0900,25461.0347,0,216238.0000,64615.0000
2020-11-01,2020,11,Cundinamarca,11,Informatica y telecomunicaciones,0,197.0318,-13.6000,1.4873,17.8400,28967.3042,-18.6000,1.7403,18.0900,25461.0347,0,216238.0000,64615.0000
2020-11-01,2020,11,Cundinamarca,12,Sonido y video,0,224.7449,-13.6000,1.4873,17.8400,28967.3042,-18.6000,1.7403,18.0900,25461.0347,0,216238.0000,64615.0000
2020-11-01,2020,11,Cundinamarca,14,"Ferreteria, vidrios y pinturas",0,132.4224,-13.6000,1.4873,17.8400,28967.3042,-18.6000,1.7403,18.0900,25461.0347,0,216238.0000,64615.0000
2020-11-01,2020,11,Cundinamarca,15,Otras mercancias de uso domestico,0,134.7472,-13.6000,1.4873,17.8400,28967.3042,-18.6000,1.7403,18.0900,25461.0347,0,216238.0000,64615.0000
2020-11-01,2020,11,Santander,4,Prendas de vestir y textiles,0,123.2335,-13.6000,1.4873,17.8400,28967.3042,-18.6000,1.7403,18.0900,25461.0347,0,37435.0000,47667.0000
2020-11-01,2020,11,Santander,8,Electrodomesticos y muebles,1,162.6513,-13.6000,1.4873,17.8400,28967.3042,-18.6000,1.7403,18.0900,25461.0347,0,37435.0000,47667.0000
2020-11-01,2020,11,Santander,9,Articulos y utensilios domesticos,0,128.4265,-13.6000,1.4873,17.8400,28967.3042,-18.6000,1.7403,18.0900,25461.0347,0,37435.0000,47667.0000
2020-11-01,2020,11,Santander,10,Aseo del hogar,0,126.7582,-13.6000,1.4873,17.8400,28967.3042,-18.6000,1.7403,18.0900,25461.0347,0,37435.0000,47667.0000
2020-11-01,2020,11,Santander,11,Informatica y telecomunicaciones,0,180.2429,-13.6000,1.4873,17.8400,28967.3042,-18.6000,1.7403,18.0900,25461.0347,0,37435.0000,47667.0000
2020-11-01,2020,11,Santander,12,Sonido y video,0,210.0342,-13.6000,1.4873,17.8400,28967.3042,-18.6000,1.7403,18.0900,25461.0347,0,37435.0000,47667.0000
2020-11-01,2020,11,Santander,14,"Ferreteria, vidrios y pinturas",0,119.9078,-13.6000,1.4873,17.8400,28967.3042,-18.6000,1.7403,18.0900,25461.0347,0,37435.0000,47667.0000
2020-11-01,2020,11,Santander,15,Otras mercancias de uso domestico,0,125.6487,-13.6000,1.4873,17.8400,28967.3042,-18.6000,1.7403,18.0900,25461.0347,0,37435.0000,47667.0000
2020-11-01,2020,11,Valle del Cauca,4,Prendas de vestir y textiles,0,113.4958,-13.6000,1.4873,17.8400,28967.3042,-18.6000,1.7403,18.0900,25461.0347,0,110826.0000,154098.0000
2020-11-01,2020,11,Valle del Cauca,8,Electrodomesticos y muebles,1,157.1410,-13.6000,1.4873,17.8400,28967.3042,-18.6000,1.7403,18.0900,25461.0347,0,110826.0000,154098.0000
2020-11-01,2020,11,Valle del Cauca,9,Articulos y utensilios domesticos,0,122.0280,-13.6000,1.4873,17.8400,28967.3042,-18.6000,1.7403,18.0900,25461.0347,0,110826.0000,154098.0000
2020-11-01,2020,11,Valle del Cauca,10,Aseo del hogar,0,123.1551,-13.6000,1.4873,17.8400,28967.3042,-18.6000,1.7403,18.0900,25461.0347,0,110826.0000,154098.0000
2020-11-01,2020,11,Valle del Cauca,11,Informatica y telecomunicaciones,0,172.9129,-13.6000,1.4873,17.8400,28967.3042,-18.6000,1.7403,18.0900,25461.0347,0,110826.0000,154098.0000
2020-11-01,2020,11,Valle del Cauca,12,Sonido y video,0,212.1140,-13.6000,1.4873,17.8400,28967.3042,-18.6000,1.7403,18.0900,25461.0347,0,110826.0000,154098.0000
2020-11-01,2020,11,Valle del Cauca,14,"Ferreteria, vidrios y pinturas",0,122.3847,-13.6000,1.4873,17.8400,28967.3042,-18.6000,1.7403,18.0900,25461.0347,0,110826.0000,154098.0000
2020-11-01,2020,11,Valle del Cauca,15,Otras mercancias de uso domestico,0,124.6910,-13.6000,1.4873,17.8400,28967.3042,-18.6000,1.7403,18.0900,25461.0347,0,110826.0000,154098.0000
2020-11-01,2020,11,Otros departamentos,4,Prendas de vestir y textiles,0,115.2858,-13.6000,1.4873,17.8400,28967.3042,-18.6000,1.7403,18.0900,25461.0347,0,638086.0000,503672.0000
2020-11-01,2020,11,Otros departamentos,8,Electrodomesticos y muebles,1,150.3612,-13.6000,1.4873,17.8400,28967.3042,-18.6000,1.7403,18.0900,25461.0347,0,638086.0000,503672.0000
2020-11-01,2020,11,Otros departamentos,9,Articulos y utensilios domesticos,0,118.9764,-13.6000,1.4873,17.8400,28967.3042,-18.6000,1.7403,18.0900,25461.0347,0,638086.0000,503672.0000
2020-11-01,2020,11,Otros departamentos,10,Aseo del hogar,0,119.6109,-13.6000,1.4873,17.8400,28967.3042,-18.6000,1.7403,18.0900,25461.0347,0,638086.0000,503672.0000
2020-11-01,2020,11,Otros departamentos,11,Informatica y telecomunicaciones,0,172.3543,-13.6000,1.4873,17.8400,28967.3042,-18.6000,1.7403,18.0900,25461.0347,0,638086.0000,503672.0000
2020-11-01,2020,11,Otros departamentos,12,Sonido y video,0,199.5777,-13.6000,1.4873,17.8400,28967.3042,-18.6000,1.7403,18.0900,25461.0347,0,638086.0000,503672.0000
2020-11-01,2020,11,Otros departamentos,14,"Ferreteria, vidrios y pinturas",0,113.3812,-13.6000,1.4873,17.8400,28967.3042,-18.6000,1.7403,18.0900,25461.0347,0,638086.0000,503672.0000
2020-11-01,2020,11,Otros departamentos,15,Otras mercancias de uso domestico,0,117.1683,-13.6000,1.4873,17.8400,28967.3042,-18.6000,1.7403,18.0900,25461.0347,0,638086.0000,503672.0000
2020-12-01,2020,12,Antioquia,4,Prendas de vestir y textiles,0,217.8393,-10.4000,1.6185,17.4600,28195.8461,-13.6000,1.4873,17.8400,28967.3042,0,387205.0000,184990.0000
2020-12-01,2020,12,Antioquia,8,Electrodomesticos y muebles,1,126.3423,-10.4000,1.6185,17.4600,28195.8461,-13.6000,1.4873,17.8400,28967.3042,0,387205.0000,184990.0000
2020-12-01,2020,12,Antioquia,9,Articulos y utensilios domesticos,0,139.9558,-10.4000,1.6185,17.4600,28195.8461,-13.6000,1.4873,17.8400,28967.3042,0,387205.0000,184990.0000
2020-12-01,2020,12,Antioquia,10,Aseo del hogar,0,136.4821,-10.4000,1.6185,17.4600,28195.8461,-13.6000,1.4873,17.8400,28967.3042,0,387205.0000,184990.0000
2020-12-01,2020,12,Antioquia,11,Informatica y telecomunicaciones,0,169.0073,-10.4000,1.6185,17.4600,28195.8461,-13.6000,1.4873,17.8400,28967.3042,0,387205.0000,184990.0000
2020-12-01,2020,12,Antioquia,12,Sonido y video,0,129.0168,-10.4000,1.6185,17.4600,28195.8461,-13.6000,1.4873,17.8400,28967.3042,0,387205.0000,184990.0000
2020-12-01,2020,12,Antioquia,14,"Ferreteria, vidrios y pinturas",0,113.1136,-10.4000,1.6185,17.4600,28195.8461,-13.6000,1.4873,17.8400,28967.3042,0,387205.0000,184990.0000
2020-12-01,2020,12,Antioquia,15,Otras mercancias de uso domestico,0,159.2452,-10.4000,1.6185,17.4600,28195.8461,-13.6000,1.4873,17.8400,28967.3042,0,387205.0000,184990.0000
2020-12-01,2020,12,Atlantico,4,Prendas de vestir y textiles,0,217.9219,-10.4000,1.6185,17.4600,28195.8461,-13.6000,1.4873,17.8400,28967.3042,0,97155.0000,48620.0000
2020-12-01,2020,12,Atlantico,8,Electrodomesticos y muebles,1,123.8519,-10.4000,1.6185,17.4600,28195.8461,-13.6000,1.4873,17.8400,28967.3042,0,97155.0000,48620.0000
2020-12-01,2020,12,Atlantico,9,Articulos y utensilios domesticos,0,142.5992,-10.4000,1.6185,17.4600,28195.8461,-13.6000,1.4873,17.8400,28967.3042,0,97155.0000,48620.0000
2020-12-01,2020,12,Atlantico,10,Aseo del hogar,0,139.5700,-10.4000,1.6185,17.4600,28195.8461,-13.6000,1.4873,17.8400,28967.3042,0,97155.0000,48620.0000
2020-12-01,2020,12,Atlantico,11,Informatica y telecomunicaciones,0,179.3236,-10.4000,1.6185,17.4600,28195.8461,-13.6000,1.4873,17.8400,28967.3042,0,97155.0000,48620.0000
2020-12-01,2020,12,Atlantico,12,Sonido y video,0,133.2974,-10.4000,1.6185,17.4600,28195.8461,-13.6000,1.4873,17.8400,28967.3042,0,97155.0000,48620.0000
2020-12-01,2020,12,Atlantico,14,"Ferreteria, vidrios y pinturas",0,117.0372,-10.4000,1.6185,17.4600,28195.8461,-13.6000,1.4873,17.8400,28967.3042,0,97155.0000,48620.0000
2020-12-01,2020,12,Atlantico,15,Otras mercancias de uso domestico,0,160.9561,-10.4000,1.6185,17.4600,28195.8461,-13.6000,1.4873,17.8400,28967.3042,0,97155.0000,48620.0000
2020-12-01,2020,12,Bogota,4,Prendas de vestir y textiles,0,227.7735,-10.4000,1.6185,17.4600,28195.8461,-13.6000,1.4873,17.8400,28967.3042,0,217645.0000,197129.0000
2020-12-01,2020,12,Bogota,8,Electrodomesticos y muebles,1,127.0404,-10.4000,1.6185,17.4600,28195.8461,-13.6000,1.4873,17.8400,28967.3042,0,217645.0000,197129.0000
2020-12-01,2020,12,Bogota,9,Articulos y utensilios domesticos,0,150.2649,-10.4000,1.6185,17.4600,28195.8461,-13.6000,1.4873,17.8400,28967.3042,0,217645.0000,197129.0000
2020-12-01,2020,12,Bogota,10,Aseo del hogar,0,154.9771,-10.4000,1.6185,17.4600,28195.8461,-13.6000,1.4873,17.8400,28967.3042,0,217645.0000,197129.0000
2020-12-01,2020,12,Bogota,11,Informatica y telecomunicaciones,0,174.2314,-10.4000,1.6185,17.4600,28195.8461,-13.6000,1.4873,17.8400,28967.3042,0,217645.0000,197129.0000
2020-12-01,2020,12,Bogota,12,Sonido y video,0,139.7996,-10.4000,1.6185,17.4600,28195.8461,-13.6000,1.4873,17.8400,28967.3042,0,217645.0000,197129.0000
2020-12-01,2020,12,Bogota,14,"Ferreteria, vidrios y pinturas",0,117.0570,-10.4000,1.6185,17.4600,28195.8461,-13.6000,1.4873,17.8400,28967.3042,0,217645.0000,197129.0000
2020-12-01,2020,12,Bogota,15,Otras mercancias de uso domestico,0,165.0056,-10.4000,1.6185,17.4600,28195.8461,-13.6000,1.4873,17.8400,28967.3042,0,217645.0000,197129.0000
2020-12-01,2020,12,Cundinamarca,4,Prendas de vestir y textiles,0,236.6272,-10.4000,1.6185,17.4600,28195.8461,-13.6000,1.4873,17.8400,28967.3042,0,327065.0000,216238.0000
2020-12-01,2020,12,Cundinamarca,8,Electrodomesticos y muebles,1,139.9467,-10.4000,1.6185,17.4600,28195.8461,-13.6000,1.4873,17.8400,28967.3042,0,327065.0000,216238.0000
2020-12-01,2020,12,Cundinamarca,9,Articulos y utensilios domesticos,0,160.2504,-10.4000,1.6185,17.4600,28195.8461,-13.6000,1.4873,17.8400,28967.3042,0,327065.0000,216238.0000
2020-12-01,2020,12,Cundinamarca,10,Aseo del hogar,0,157.5216,-10.4000,1.6185,17.4600,28195.8461,-13.6000,1.4873,17.8400,28967.3042,0,327065.0000,216238.0000
2020-12-01,2020,12,Cundinamarca,11,Informatica y telecomunicaciones,0,192.8167,-10.4000,1.6185,17.4600,28195.8461,-13.6000,1.4873,17.8400,28967.3042,0,327065.0000,216238.0000
2020-12-01,2020,12,Cundinamarca,12,Sonido y video,0,148.6436,-10.4000,1.6185,17.4600,28195.8461,-13.6000,1.4873,17.8400,28967.3042,0,327065.0000,216238.0000
2020-12-01,2020,12,Cundinamarca,14,"Ferreteria, vidrios y pinturas",0,122.5526,-10.4000,1.6185,17.4600,28195.8461,-13.6000,1.4873,17.8400,28967.3042,0,327065.0000,216238.0000
2020-12-01,2020,12,Cundinamarca,15,Otras mercancias de uso domestico,0,175.7077,-10.4000,1.6185,17.4600,28195.8461,-13.6000,1.4873,17.8400,28967.3042,0,327065.0000,216238.0000
2020-12-01,2020,12,Santander,4,Prendas de vestir y textiles,0,209.2755,-10.4000,1.6185,17.4600,28195.8461,-13.6000,1.4873,17.8400,28967.3042,0,69251.0000,37435.0000
2020-12-01,2020,12,Santander,8,Electrodomesticos y muebles,1,120.4609,-10.4000,1.6185,17.4600,28195.8461,-13.6000,1.4873,17.8400,28967.3042,0,69251.0000,37435.0000
2020-12-01,2020,12,Santander,9,Articulos y utensilios domesticos,0,136.1418,-10.4000,1.6185,17.4600,28195.8461,-13.6000,1.4873,17.8400,28967.3042,0,69251.0000,37435.0000
2020-12-01,2020,12,Santander,10,Aseo del hogar,0,131.8012,-10.4000,1.6185,17.4600,28195.8461,-13.6000,1.4873,17.8400,28967.3042,0,69251.0000,37435.0000
2020-12-01,2020,12,Santander,11,Informatica y telecomunicaciones,0,168.3752,-10.4000,1.6185,17.4600,28195.8461,-13.6000,1.4873,17.8400,28967.3042,0,69251.0000,37435.0000
2020-12-01,2020,12,Santander,12,Sonido y video,0,131.8125,-10.4000,1.6185,17.4600,28195.8461,-13.6000,1.4873,17.8400,28967.3042,0,69251.0000,37435.0000
2020-12-01,2020,12,Santander,14,"Ferreteria, vidrios y pinturas",0,108.6799,-10.4000,1.6185,17.4600,28195.8461,-13.6000,1.4873,17.8400,28967.3042,0,69251.0000,37435.0000
2020-12-01,2020,12,Santander,15,Otras mercancias de uso domestico,0,147.4353,-10.4000,1.6185,17.4600,28195.8461,-13.6000,1.4873,17.8400,28967.3042,0,69251.0000,37435.0000
2020-12-01,2020,12,Valle del Cauca,4,Prendas de vestir y textiles,0,194.0930,-10.4000,1.6185,17.4600,28195.8461,-13.6000,1.4873,17.8400,28967.3042,0,247367.0000,110826.0000
2020-12-01,2020,12,Valle del Cauca,8,Electrodomesticos y muebles,1,116.2077,-10.4000,1.6185,17.4600,28195.8461,-13.6000,1.4873,17.8400,28967.3042,0,247367.0000,110826.0000
2020-12-01,2020,12,Valle del Cauca,9,Articulos y utensilios domesticos,0,123.6221,-10.4000,1.6185,17.4600,28195.8461,-13.6000,1.4873,17.8400,28967.3042,0,247367.0000,110826.0000
2020-12-01,2020,12,Valle del Cauca,10,Aseo del hogar,0,125.9255,-10.4000,1.6185,17.4600,28195.8461,-13.6000,1.4873,17.8400,28967.3042,0,247367.0000,110826.0000
2020-12-01,2020,12,Valle del Cauca,11,Informatica y telecomunicaciones,0,160.0580,-10.4000,1.6185,17.4600,28195.8461,-13.6000,1.4873,17.8400,28967.3042,0,247367.0000,110826.0000
2020-12-01,2020,12,Valle del Cauca,12,Sonido y video,0,126.4722,-10.4000,1.6185,17.4600,28195.8461,-13.6000,1.4873,17.8400,28967.3042,0,247367.0000,110826.0000
2020-12-01,2020,12,Valle del Cauca,14,"Ferreteria, vidrios y pinturas",0,106.3215,-10.4000,1.6185,17.4600,28195.8461,-13.6000,1.4873,17.8400,28967.3042,0,247367.0000,110826.0000
2020-12-01,2020,12,Valle del Cauca,15,Otras mercancias de uso domestico,0,149.5845,-10.4000,1.6185,17.4600,28195.8461,-13.6000,1.4873,17.8400,28967.3042,0,247367.0000,110826.0000
2020-12-01,2020,12,Otros departamentos,4,Prendas de vestir y textiles,0,218.3892,-10.4000,1.6185,17.4600,28195.8461,-13.6000,1.4873,17.8400,28967.3042,0,896533.0000,638086.0000
2020-12-01,2020,12,Otros departamentos,8,Electrodomesticos y muebles,1,124.7916,-10.4000,1.6185,17.4600,28195.8461,-13.6000,1.4873,17.8400,28967.3042,0,896533.0000,638086.0000
2020-12-01,2020,12,Otros departamentos,9,Articulos y utensilios domesticos,0,144.6806,-10.4000,1.6185,17.4600,28195.8461,-13.6000,1.4873,17.8400,28967.3042,0,896533.0000,638086.0000
2020-12-01,2020,12,Otros departamentos,10,Aseo del hogar,0,138.5207,-10.4000,1.6185,17.4600,28195.8461,-13.6000,1.4873,17.8400,28967.3042,0,896533.0000,638086.0000
2020-12-01,2020,12,Otros departamentos,11,Informatica y telecomunicaciones,0,171.7223,-10.4000,1.6185,17.4600,28195.8461,-13.6000,1.4873,17.8400,28967.3042,0,896533.0000,638086.0000
2020-12-01,2020,12,Otros departamentos,12,Sonido y video,0,134.9720,-10.4000,1.6185,17.4600,28195.8461,-13.6000,1.4873,17.8400,28967.3042,0,896533.0000,638086.0000
2020-12-01,2020,12,Otros departamentos,14,"Ferreteria, vidrios y pinturas",0,112.1824,-10.4000,1.6185,17.4600,28195.8461,-13.6000,1.4873,17.8400,28967.3042,0,896533.0000,638086.0000
2020-12-01,2020,12,Otros departamentos,15,Otras mercancias de uso domestico,0,153.1503,-10.4000,1.6185,17.4600,28195.8461,-13.6000,1.4873,17.8400,28967.3042,0,896533.0000,638086.0000
2021-01-01,2021,1,Antioquia,4,Prendas de vestir y textiles,0,61.5739,-20.8000,1.6021,17.3200,24386.7469,-10.4000,1.6185,17.4600,28195.8461,0,233458.0000,387205.0000
2021-01-01,2021,1,Antioquia,8,Electrodomesticos y muebles,1,116.5096,-20.8000,1.6021,17.3200,24386.7469,-10.4000,1.6185,17.4600,28195.8461,0,233458.0000,387205.0000
2021-01-01,2021,1,Antioquia,9,Articulos y utensilios domesticos,0,96.5149,-20.8000,1.6021,17.3200,24386.7469,-10.4000,1.6185,17.4600,28195.8461,0,233458.0000,387205.0000
2021-01-01,2021,1,Antioquia,10,Aseo del hogar,0,136.1942,-20.8000,1.6021,17.3200,24386.7469,-10.4000,1.6185,17.4600,28195.8461,0,233458.0000,387205.0000
2021-01-01,2021,1,Antioquia,11,Informatica y telecomunicaciones,0,149.6118,-20.8000,1.6021,17.3200,24386.7469,-10.4000,1.6185,17.4600,28195.8461,0,233458.0000,387205.0000
2021-01-01,2021,1,Antioquia,12,Sonido y video,0,91.9536,-20.8000,1.6021,17.3200,24386.7469,-10.4000,1.6185,17.4600,28195.8461,0,233458.0000,387205.0000
2021-01-01,2021,1,Antioquia,14,"Ferreteria, vidrios y pinturas",0,104.3822,-20.8000,1.6021,17.3200,24386.7469,-10.4000,1.6185,17.4600,28195.8461,0,233458.0000,387205.0000
2021-01-01,2021,1,Antioquia,15,Otras mercancias de uso domestico,0,89.5700,-20.8000,1.6021,17.3200,24386.7469,-10.4000,1.6185,17.4600,28195.8461,0,233458.0000,387205.0000
2021-01-01,2021,1,Atlantico,4,Prendas de vestir y textiles,0,64.8483,-20.8000,1.6021,17.3200,24386.7469,-10.4000,1.6185,17.4600,28195.8461,0,69849.0000,97155.0000
2021-01-01,2021,1,Atlantico,8,Electrodomesticos y muebles,1,117.9724,-20.8000,1.6021,17.3200,24386.7469,-10.4000,1.6185,17.4600,28195.8461,0,69849.0000,97155.0000
2021-01-01,2021,1,Atlantico,9,Articulos y utensilios domesticos,0,105.8517,-20.8000,1.6021,17.3200,24386.7469,-10.4000,1.6185,17.4600,28195.8461,0,69849.0000,97155.0000
2021-01-01,2021,1,Atlantico,10,Aseo del hogar,0,148.7725,-20.8000,1.6021,17.3200,24386.7469,-10.4000,1.6185,17.4600,28195.8461,0,69849.0000,97155.0000
2021-01-01,2021,1,Atlantico,11,Informatica y telecomunicaciones,0,160.5583,-20.8000,1.6021,17.3200,24386.7469,-10.4000,1.6185,17.4600,28195.8461,0,69849.0000,97155.0000
2021-01-01,2021,1,Atlantico,12,Sonido y video,0,98.5179,-20.8000,1.6021,17.3200,24386.7469,-10.4000,1.6185,17.4600,28195.8461,0,69849.0000,97155.0000
2021-01-01,2021,1,Atlantico,14,"Ferreteria, vidrios y pinturas",0,112.3632,-20.8000,1.6021,17.3200,24386.7469,-10.4000,1.6185,17.4600,28195.8461,0,69849.0000,97155.0000
2021-01-01,2021,1,Atlantico,15,Otras mercancias de uso domestico,0,94.0766,-20.8000,1.6021,17.3200,24386.7469,-10.4000,1.6185,17.4600,28195.8461,0,69849.0000,97155.0000
2021-01-01,2021,1,Bogota,4,Prendas de vestir y textiles,0,47.3969,-20.8000,1.6021,17.3200,24386.7469,-10.4000,1.6185,17.4600,28195.8461,0,131799.0000,217645.0000
2021-01-01,2021,1,Bogota,8,Electrodomesticos y muebles,1,84.7812,-20.8000,1.6021,17.3200,24386.7469,-10.4000,1.6185,17.4600,28195.8461,0,131799.0000,217645.0000
2021-01-01,2021,1,Bogota,9,Articulos y utensilios domesticos,0,72.2744,-20.8000,1.6021,17.3200,24386.7469,-10.4000,1.6185,17.4600,28195.8461,0,131799.0000,217645.0000
2021-01-01,2021,1,Bogota,10,Aseo del hogar,0,111.8245,-20.8000,1.6021,17.3200,24386.7469,-10.4000,1.6185,17.4600,28195.8461,0,131799.0000,217645.0000
2021-01-01,2021,1,Bogota,11,Informatica y telecomunicaciones,0,110.6829,-20.8000,1.6021,17.3200,24386.7469,-10.4000,1.6185,17.4600,28195.8461,0,131799.0000,217645.0000
2021-01-01,2021,1,Bogota,12,Sonido y video,0,72.1186,-20.8000,1.6021,17.3200,24386.7469,-10.4000,1.6185,17.4600,28195.8461,0,131799.0000,217645.0000
2021-01-01,2021,1,Bogota,14,"Ferreteria, vidrios y pinturas",0,77.9232,-20.8000,1.6021,17.3200,24386.7469,-10.4000,1.6185,17.4600,28195.8461,0,131799.0000,217645.0000
2021-01-01,2021,1,Bogota,15,Otras mercancias de uso domestico,0,68.6961,-20.8000,1.6021,17.3200,24386.7469,-10.4000,1.6185,17.4600,28195.8461,0,131799.0000,217645.0000
2021-01-01,2021,1,Cundinamarca,4,Prendas de vestir y textiles,0,70.1051,-20.8000,1.6021,17.3200,24386.7469,-10.4000,1.6185,17.4600,28195.8461,0,70138.0000,327065.0000
2021-01-01,2021,1,Cundinamarca,8,Electrodomesticos y muebles,1,126.6469,-20.8000,1.6021,17.3200,24386.7469,-10.4000,1.6185,17.4600,28195.8461,0,70138.0000,327065.0000
2021-01-01,2021,1,Cundinamarca,9,Articulos y utensilios domesticos,0,106.1817,-20.8000,1.6021,17.3200,24386.7469,-10.4000,1.6185,17.4600,28195.8461,0,70138.0000,327065.0000
2021-01-01,2021,1,Cundinamarca,10,Aseo del hogar,0,158.9769,-20.8000,1.6021,17.3200,24386.7469,-10.4000,1.6185,17.4600,28195.8461,0,70138.0000,327065.0000
2021-01-01,2021,1,Cundinamarca,11,Informatica y telecomunicaciones,0,167.7741,-20.8000,1.6021,17.3200,24386.7469,-10.4000,1.6185,17.4600,28195.8461,0,70138.0000,327065.0000
2021-01-01,2021,1,Cundinamarca,12,Sonido y video,0,102.1032,-20.8000,1.6021,17.3200,24386.7469,-10.4000,1.6185,17.4600,28195.8461,0,70138.0000,327065.0000
2021-01-01,2021,1,Cundinamarca,14,"Ferreteria, vidrios y pinturas",0,114.8329,-20.8000,1.6021,17.3200,24386.7469,-10.4000,1.6185,17.4600,28195.8461,0,70138.0000,327065.0000
2021-01-01,2021,1,Cundinamarca,15,Otras mercancias de uso domestico,0,98.9441,-20.8000,1.6021,17.3200,24386.7469,-10.4000,1.6185,17.4600,28195.8461,0,70138.0000,327065.0000
2021-01-01,2021,1,Santander,4,Prendas de vestir y textiles,0,58.0845,-20.8000,1.6021,17.3200,24386.7469,-10.4000,1.6185,17.4600,28195.8461,0,70734.0000,69251.0000
2021-01-01,2021,1,Santander,8,Electrodomesticos y muebles,1,103.0858,-20.8000,1.6021,17.3200,24386.7469,-10.4000,1.6185,17.4600,28195.8461,0,70734.0000,69251.0000
2021-01-01,2021,1,Santander,9,Articulos y utensilios domesticos,0,89.3767,-20.8000,1.6021,17.3200,24386.7469,-10.4000,1.6185,17.4600,28195.8461,0,70734.0000,69251.0000
2021-01-01,2021,1,Santander,10,Aseo del hogar,0,130.1578,-20.8000,1.6021,17.3200,24386.7469,-10.4000,1.6185,17.4600,28195.8461,0,70734.0000,69251.0000
2021-01-01,2021,1,Santander,11,Informatica y telecomunicaciones,0,141.3258,-20.8000,1.6021,17.3200,24386.7469,-10.4000,1.6185,17.4600,28195.8461,0,70734.0000,69251.0000
2021-01-01,2021,1,Santander,12,Sonido y video,0,83.9592,-20.8000,1.6021,17.3200,24386.7469,-10.4000,1.6185,17.4600,28195.8461,0,70734.0000,69251.0000
2021-01-01,2021,1,Santander,14,"Ferreteria, vidrios y pinturas",0,95.9037,-20.8000,1.6021,17.3200,24386.7469,-10.4000,1.6185,17.4600,28195.8461,0,70734.0000,69251.0000
2021-01-01,2021,1,Santander,15,Otras mercancias de uso domestico,0,79.6360,-20.8000,1.6021,17.3200,24386.7469,-10.4000,1.6185,17.4600,28195.8461,0,70734.0000,69251.0000
2021-01-01,2021,1,Valle del Cauca,4,Prendas de vestir y textiles,0,53.3419,-20.8000,1.6021,17.3200,24386.7469,-10.4000,1.6185,17.4600,28195.8461,0,127856.0000,247367.0000
2021-01-01,2021,1,Valle del Cauca,8,Electrodomesticos y muebles,1,100.4446,-20.8000,1.6021,17.3200,24386.7469,-10.4000,1.6185,17.4600,28195.8461,0,127856.0000,247367.0000
2021-01-01,2021,1,Valle del Cauca,9,Articulos y utensilios domesticos,0,85.3911,-20.8000,1.6021,17.3200,24386.7469,-10.4000,1.6185,17.4600,28195.8461,0,127856.0000,247367.0000
2021-01-01,2021,1,Valle del Cauca,10,Aseo del hogar,0,121.1906,-20.8000,1.6021,17.3200,24386.7469,-10.4000,1.6185,17.4600,28195.8461,0,127856.0000,247367.0000
2021-01-01,2021,1,Valle del Cauca,11,Informatica y telecomunicaciones,0,134.7446,-20.8000,1.6021,17.3200,24386.7469,-10.4000,1.6185,17.4600,28195.8461,0,127856.0000,247367.0000
2021-01-01,2021,1,Valle del Cauca,12,Sonido y video,0,84.2407,-20.8000,1.6021,17.3200,24386.7469,-10.4000,1.6185,17.4600,28195.8461,0,127856.0000,247367.0000
2021-01-01,2021,1,Valle del Cauca,14,"Ferreteria, vidrios y pinturas",0,93.8269,-20.8000,1.6021,17.3200,24386.7469,-10.4000,1.6185,17.4600,28195.8461,0,127856.0000,247367.0000
2021-01-01,2021,1,Valle del Cauca,15,Otras mercancias de uso domestico,0,82.2172,-20.8000,1.6021,17.3200,24386.7469,-10.4000,1.6185,17.4600,28195.8461,0,127856.0000,247367.0000
2021-01-01,2021,1,Otros departamentos,4,Prendas de vestir y textiles,0,60.7540,-20.8000,1.6021,17.3200,24386.7469,-10.4000,1.6185,17.4600,28195.8461,0,581553.0000,896533.0000
2021-01-01,2021,1,Otros departamentos,8,Electrodomesticos y muebles,1,109.7547,-20.8000,1.6021,17.3200,24386.7469,-10.4000,1.6185,17.4600,28195.8461,0,581553.0000,896533.0000
2021-01-01,2021,1,Otros departamentos,9,Articulos y utensilios domesticos,0,92.9160,-20.8000,1.6021,17.3200,24386.7469,-10.4000,1.6185,17.4600,28195.8461,0,581553.0000,896533.0000
2021-01-01,2021,1,Otros departamentos,10,Aseo del hogar,0,140.0133,-20.8000,1.6021,17.3200,24386.7469,-10.4000,1.6185,17.4600,28195.8461,0,581553.0000,896533.0000
2021-01-01,2021,1,Otros departamentos,11,Informatica y telecomunicaciones,0,146.9129,-20.8000,1.6021,17.3200,24386.7469,-10.4000,1.6185,17.4600,28195.8461,0,581553.0000,896533.0000
2021-01-01,2021,1,Otros departamentos,12,Sonido y video,0,92.2435,-20.8000,1.6021,17.3200,24386.7469,-10.4000,1.6185,17.4600,28195.8461,0,581553.0000,896533.0000
2021-01-01,2021,1,Otros departamentos,14,"Ferreteria, vidrios y pinturas",0,102.8838,-20.8000,1.6021,17.3200,24386.7469,-10.4000,1.6185,17.4600,28195.8461,0,581553.0000,896533.0000
2021-01-01,2021,1,Otros departamentos,15,Otras mercancias de uso domestico,0,82.8721,-20.8000,1.6021,17.3200,24386.7469,-10.4000,1.6185,17.4600,28195.8461,0,581553.0000,896533.0000
2021-02-01,2021,2,Antioquia,4,Prendas de vestir y textiles,0,68.5646,-14.6000,1.5628,17.5400,30274.5702,-20.8000,1.6021,17.3200,24386.7469,0,329963.0000,233458.0000
2021-02-01,2021,2,Antioquia,8,Electrodomesticos y muebles,1,120.2696,-14.6000,1.5628,17.5400,30274.5702,-20.8000,1.6021,17.3200,24386.7469,0,329963.0000,233458.0000
2021-02-01,2021,2,Antioquia,9,Articulos y utensilios domesticos,0,103.8926,-14.6000,1.5628,17.5400,30274.5702,-20.8000,1.6021,17.3200,24386.7469,0,329963.0000,233458.0000
2021-02-01,2021,2,Antioquia,10,Aseo del hogar,0,125.4167,-14.6000,1.5628,17.5400,30274.5702,-20.8000,1.6021,17.3200,24386.7469,0,329963.0000,233458.0000
2021-02-01,2021,2,Antioquia,11,Informatica y telecomunicaciones,0,170.1267,-14.6000,1.5628,17.5400,30274.5702,-20.8000,1.6021,17.3200,24386.7469,0,329963.0000,233458.0000
2021-02-01,2021,2,Antioquia,12,Sonido y video,0,94.3149,-14.6000,1.5628,17.5400,30274.5702,-20.8000,1.6021,17.3200,24386.7469,0,329963.0000,233458.0000
2021-02-01,2021,2,Antioquia,14,"Ferreteria, vidrios y pinturas",0,117.8116,-14.6000,1.5628,17.5400,30274.5702,-20.8000,1.6021,17.3200,24386.7469,0,329963.0000,233458.0000
2021-02-01,2021,2,Antioquia,15,Otras mercancias de uso domestico,0,90.0108,-14.6000,1.5628,17.5400,30274.5702,-20.8000,1.6021,17.3200,24386.7469,0,329963.0000,233458.0000
2021-02-01,2021,2,Atlantico,4,Prendas de vestir y textiles,0,65.0729,-14.6000,1.5628,17.5400,30274.5702,-20.8000,1.6021,17.3200,24386.7469,0,76720.0000,69849.0000
2021-02-01,2021,2,Atlantico,8,Electrodomesticos y muebles,1,115.1599,-14.6000,1.5628,17.5400,30274.5702,-20.8000,1.6021,17.3200,24386.7469,0,76720.0000,69849.0000
2021-02-01,2021,2,Atlantico,9,Articulos y utensilios domesticos,0,102.6198,-14.6000,1.5628,17.5400,30274.5702,-20.8000,1.6021,17.3200,24386.7469,0,76720.0000,69849.0000
2021-02-01,2021,2,Atlantico,10,Aseo del hogar,0,129.5271,-14.6000,1.5628,17.5400,30274.5702,-20.8000,1.6021,17.3200,24386.7469,0,76720.0000,69849.0000
2021-02-01,2021,2,Atlantico,11,Informatica y telecomunicaciones,0,163.8283,-14.6000,1.5628,17.5400,30274.5702,-20.8000,1.6021,17.3200,24386.7469,0,76720.0000,69849.0000
2021-02-01,2021,2,Atlantico,12,Sonido y video,0,93.0164,-14.6000,1.5628,17.5400,30274.5702,-20.8000,1.6021,17.3200,24386.7469,0,76720.0000,69849.0000
2021-02-01,2021,2,Atlantico,14,"Ferreteria, vidrios y pinturas",0,117.5412,-14.6000,1.5628,17.5400,30274.5702,-20.8000,1.6021,17.3200,24386.7469,0,76720.0000,69849.0000
2021-02-01,2021,2,Atlantico,15,Otras mercancias de uso domestico,0,84.8619,-14.6000,1.5628,17.5400,30274.5702,-20.8000,1.6021,17.3200,24386.7469,0,76720.0000,69849.0000
2021-02-01,2021,2,Bogota,4,Prendas de vestir y textiles,0,70.5056,-14.6000,1.5628,17.5400,30274.5702,-20.8000,1.6021,17.3200,24386.7469,0,305739.0000,131799.0000
2021-02-01,2021,2,Bogota,8,Electrodomesticos y muebles,1,120.0949,-14.6000,1.5628,17.5400,30274.5702,-20.8000,1.6021,17.3200,24386.7469,0,305739.0000,131799.0000
2021-02-01,2021,2,Bogota,9,Articulos y utensilios domesticos,0,105.2986,-14.6000,1.5628,17.5400,30274.5702,-20.8000,1.6021,17.3200,24386.7469,0,305739.0000,131799.0000
2021-02-01,2021,2,Bogota,10,Aseo del hogar,0,132.9324,-14.6000,1.5628,17.5400,30274.5702,-20.8000,1.6021,17.3200,24386.7469,0,305739.0000,131799.0000
2021-02-01,2021,2,Bogota,11,Informatica y telecomunicaciones,0,168.9678,-14.6000,1.5628,17.5400,30274.5702,-20.8000,1.6021,17.3200,24386.7469,0,305739.0000,131799.0000
2021-02-01,2021,2,Bogota,12,Sonido y video,0,95.0654,-14.6000,1.5628,17.5400,30274.5702,-20.8000,1.6021,17.3200,24386.7469,0,305739.0000,131799.0000
2021-02-01,2021,2,Bogota,14,"Ferreteria, vidrios y pinturas",0,117.2156,-14.6000,1.5628,17.5400,30274.5702,-20.8000,1.6021,17.3200,24386.7469,0,305739.0000,131799.0000
2021-02-01,2021,2,Bogota,15,Otras mercancias de uso domestico,0,91.9182,-14.6000,1.5628,17.5400,30274.5702,-20.8000,1.6021,17.3200,24386.7469,0,305739.0000,131799.0000
2021-02-01,2021,2,Cundinamarca,4,Prendas de vestir y textiles,0,76.2100,-14.6000,1.5628,17.5400,30274.5702,-20.8000,1.6021,17.3200,24386.7469,0,77456.0000,70138.0000
2021-02-01,2021,2,Cundinamarca,8,Electrodomesticos y muebles,1,130.8790,-14.6000,1.5628,17.5400,30274.5702,-20.8000,1.6021,17.3200,24386.7469,0,77456.0000,70138.0000
2021-02-01,2021,2,Cundinamarca,9,Articulos y utensilios domesticos,0,116.8588,-14.6000,1.5628,17.5400,30274.5702,-20.8000,1.6021,17.3200,24386.7469,0,77456.0000,70138.0000
2021-02-01,2021,2,Cundinamarca,10,Aseo del hogar,0,147.0735,-14.6000,1.5628,17.5400,30274.5702,-20.8000,1.6021,17.3200,24386.7469,0,77456.0000,70138.0000
2021-02-01,2021,2,Cundinamarca,11,Informatica y telecomunicaciones,0,194.2085,-14.6000,1.5628,17.5400,30274.5702,-20.8000,1.6021,17.3200,24386.7469,0,77456.0000,70138.0000
2021-02-01,2021,2,Cundinamarca,12,Sonido y video,0,105.0201,-14.6000,1.5628,17.5400,30274.5702,-20.8000,1.6021,17.3200,24386.7469,0,77456.0000,70138.0000
2021-02-01,2021,2,Cundinamarca,14,"Ferreteria, vidrios y pinturas",0,129.2551,-14.6000,1.5628,17.5400,30274.5702,-20.8000,1.6021,17.3200,24386.7469,0,77456.0000,70138.0000
2021-02-01,2021,2,Cundinamarca,15,Otras mercancias de uso domestico,0,97.3428,-14.6000,1.5628,17.5400,30274.5702,-20.8000,1.6021,17.3200,24386.7469,0,77456.0000,70138.0000
2021-02-01,2021,2,Santander,4,Prendas de vestir y textiles,0,62.1696,-14.6000,1.5628,17.5400,30274.5702,-20.8000,1.6021,17.3200,24386.7469,0,48252.0000,70734.0000
2021-02-01,2021,2,Santander,8,Electrodomesticos y muebles,1,106.1876,-14.6000,1.5628,17.5400,30274.5702,-20.8000,1.6021,17.3200,24386.7469,0,48252.0000,70734.0000
2021-02-01,2021,2,Santander,9,Articulos y utensilios domesticos,0,96.9519,-14.6000,1.5628,17.5400,30274.5702,-20.8000,1.6021,17.3200,24386.7469,0,48252.0000,70734.0000
2021-02-01,2021,2,Santander,10,Aseo del hogar,0,119.2087,-14.6000,1.5628,17.5400,30274.5702,-20.8000,1.6021,17.3200,24386.7469,0,48252.0000,70734.0000
2021-02-01,2021,2,Santander,11,Informatica y telecomunicaciones,0,159.8940,-14.6000,1.5628,17.5400,30274.5702,-20.8000,1.6021,17.3200,24386.7469,0,48252.0000,70734.0000
2021-02-01,2021,2,Santander,12,Sonido y video,0,81.7418,-14.6000,1.5628,17.5400,30274.5702,-20.8000,1.6021,17.3200,24386.7469,0,48252.0000,70734.0000
2021-02-01,2021,2,Santander,14,"Ferreteria, vidrios y pinturas",0,106.0711,-14.6000,1.5628,17.5400,30274.5702,-20.8000,1.6021,17.3200,24386.7469,0,48252.0000,70734.0000
2021-02-01,2021,2,Santander,15,Otras mercancias de uso domestico,0,82.0071,-14.6000,1.5628,17.5400,30274.5702,-20.8000,1.6021,17.3200,24386.7469,0,48252.0000,70734.0000
2021-02-01,2021,2,Valle del Cauca,4,Prendas de vestir y textiles,0,62.5047,-14.6000,1.5628,17.5400,30274.5702,-20.8000,1.6021,17.3200,24386.7469,0,126566.0000,127856.0000
2021-02-01,2021,2,Valle del Cauca,8,Electrodomesticos y muebles,1,113.8404,-14.6000,1.5628,17.5400,30274.5702,-20.8000,1.6021,17.3200,24386.7469,0,126566.0000,127856.0000
2021-02-01,2021,2,Valle del Cauca,9,Articulos y utensilios domesticos,0,96.9338,-14.6000,1.5628,17.5400,30274.5702,-20.8000,1.6021,17.3200,24386.7469,0,126566.0000,127856.0000
2021-02-01,2021,2,Valle del Cauca,10,Aseo del hogar,0,123.4240,-14.6000,1.5628,17.5400,30274.5702,-20.8000,1.6021,17.3200,24386.7469,0,126566.0000,127856.0000
2021-02-01,2021,2,Valle del Cauca,11,Informatica y telecomunicaciones,0,164.6562,-14.6000,1.5628,17.5400,30274.5702,-20.8000,1.6021,17.3200,24386.7469,0,126566.0000,127856.0000
2021-02-01,2021,2,Valle del Cauca,12,Sonido y video,0,90.9882,-14.6000,1.5628,17.5400,30274.5702,-20.8000,1.6021,17.3200,24386.7469,0,126566.0000,127856.0000
2021-02-01,2021,2,Valle del Cauca,14,"Ferreteria, vidrios y pinturas",0,116.9058,-14.6000,1.5628,17.5400,30274.5702,-20.8000,1.6021,17.3200,24386.7469,0,126566.0000,127856.0000
2021-02-01,2021,2,Valle del Cauca,15,Otras mercancias de uso domestico,0,88.7213,-14.6000,1.5628,17.5400,30274.5702,-20.8000,1.6021,17.3200,24386.7469,0,126566.0000,127856.0000
2021-02-01,2021,2,Otros departamentos,4,Prendas de vestir y textiles,0,64.0686,-14.6000,1.5628,17.5400,30274.5702,-20.8000,1.6021,17.3200,24386.7469,0,865696.0000,581553.0000
2021-02-01,2021,2,Otros departamentos,8,Electrodomesticos y muebles,1,111.4568,-14.6000,1.5628,17.5400,30274.5702,-20.8000,1.6021,17.3200,24386.7469,0,865696.0000,581553.0000
2021-02-01,2021,2,Otros departamentos,9,Articulos y utensilios domesticos,0,97.7740,-14.6000,1.5628,17.5400,30274.5702,-20.8000,1.6021,17.3200,24386.7469,0,865696.0000,581553.0000
2021-02-01,2021,2,Otros departamentos,10,Aseo del hogar,0,124.9989,-14.6000,1.5628,17.5400,30274.5702,-20.8000,1.6021,17.3200,24386.7469,0,865696.0000,581553.0000
2021-02-01,2021,2,Otros departamentos,11,Informatica y telecomunicaciones,0,163.5751,-14.6000,1.5628,17.5400,30274.5702,-20.8000,1.6021,17.3200,24386.7469,0,865696.0000,581553.0000
2021-02-01,2021,2,Otros departamentos,12,Sonido y video,0,89.5801,-14.6000,1.5628,17.5400,30274.5702,-20.8000,1.6021,17.3200,24386.7469,0,865696.0000,581553.0000
2021-02-01,2021,2,Otros departamentos,14,"Ferreteria, vidrios y pinturas",0,114.8741,-14.6000,1.5628,17.5400,30274.5702,-20.8000,1.6021,17.3200,24386.7469,0,865696.0000,581553.0000
2021-02-01,2021,2,Otros departamentos,15,Otras mercancias de uso domestico,0,81.8661,-14.6000,1.5628,17.5400,30274.5702,-20.8000,1.6021,17.3200,24386.7469,0,865696.0000,581553.0000
2021-03-01,2021,3,Antioquia,4,Prendas de vestir y textiles,0,84.6089,-11.4000,1.5067,17.4100,28504.5356,-14.6000,1.5628,17.5400,30274.5702,0,257491.0000,329963.0000
2021-03-01,2021,3,Antioquia,8,Electrodomesticos y muebles,1,125.9842,-11.4000,1.5067,17.4100,28504.5356,-14.6000,1.5628,17.5400,30274.5702,0,257491.0000,329963.0000
2021-03-01,2021,3,Antioquia,9,Articulos y utensilios domesticos,0,120.3313,-11.4000,1.5067,17.4100,28504.5356,-14.6000,1.5628,17.5400,30274.5702,0,257491.0000,329963.0000
2021-03-01,2021,3,Antioquia,10,Aseo del hogar,0,134.3104,-11.4000,1.5067,17.4100,28504.5356,-14.6000,1.5628,17.5400,30274.5702,0,257491.0000,329963.0000
2021-03-01,2021,3,Antioquia,11,Informatica y telecomunicaciones,0,140.4641,-11.4000,1.5067,17.4100,28504.5356,-14.6000,1.5628,17.5400,30274.5702,0,257491.0000,329963.0000
2021-03-01,2021,3,Antioquia,12,Sonido y video,0,105.6310,-11.4000,1.5067,17.4100,28504.5356,-14.6000,1.5628,17.5400,30274.5702,0,257491.0000,329963.0000
2021-03-01,2021,3,Antioquia,14,"Ferreteria, vidrios y pinturas",0,123.6468,-11.4000,1.5067,17.4100,28504.5356,-14.6000,1.5628,17.5400,30274.5702,0,257491.0000,329963.0000
2021-03-01,2021,3,Antioquia,15,Otras mercancias de uso domestico,0,99.8388,-11.4000,1.5067,17.4100,28504.5356,-14.6000,1.5628,17.5400,30274.5702,0,257491.0000,329963.0000
2021-03-01,2021,3,Atlantico,4,Prendas de vestir y textiles,0,77.7549,-11.4000,1.5067,17.4100,28504.5356,-14.6000,1.5628,17.5400,30274.5702,0,146645.0000,76720.0000
2021-03-01,2021,3,Atlantico,8,Electrodomesticos y muebles,1,118.7667,-11.4000,1.5067,17.4100,28504.5356,-14.6000,1.5628,17.5400,30274.5702,0,146645.0000,76720.0000
2021-03-01,2021,3,Atlantico,9,Articulos y utensilios domesticos,0,110.1195,-11.4000,1.5067,17.4100,28504.5356,-14.6000,1.5628,17.5400,30274.5702,0,146645.0000,76720.0000
2021-03-01,2021,3,Atlantico,10,Aseo del hogar,0,129.0090,-11.4000,1.5067,17.4100,28504.5356,-14.6000,1.5628,17.5400,30274.5702,0,146645.0000,76720.0000
2021-03-01,2021,3,Atlantico,11,Informatica y telecomunicaciones,0,127.9880,-11.4000,1.5067,17.4100,28504.5356,-14.6000,1.5628,17.5400,30274.5702,0,146645.0000,76720.0000
2021-03-01,2021,3,Atlantico,12,Sonido y video,0,99.7639,-11.4000,1.5067,17.4100,28504.5356,-14.6000,1.5628,17.5400,30274.5702,0,146645.0000,76720.0000
2021-03-01,2021,3,Atlantico,14,"Ferreteria, vidrios y pinturas",0,121.4283,-11.4000,1.5067,17.4100,28504.5356,-14.6000,1.5628,17.5400,30274.5702,0,146645.0000,76720.0000
2021-03-01,2021,3,Atlantico,15,Otras mercancias de uso domestico,0,94.3226,-11.4000,1.5067,17.4100,28504.5356,-14.6000,1.5628,17.5400,30274.5702,0,146645.0000,76720.0000
2021-03-01,2021,3,Bogota,4,Prendas de vestir y textiles,0,85.4722,-11.4000,1.5067,17.4100,28504.5356,-14.6000,1.5628,17.5400,30274.5702,0,204802.0000,305739.0000
2021-03-01,2021,3,Bogota,8,Electrodomesticos y muebles,1,124.9704,-11.4000,1.5067,17.4100,28504.5356,-14.6000,1.5628,17.5400,30274.5702,0,204802.0000,305739.0000
2021-03-01,2021,3,Bogota,9,Articulos y utensilios domesticos,0,121.1595,-11.4000,1.5067,17.4100,28504.5356,-14.6000,1.5628,17.5400,30274.5702,0,204802.0000,305739.0000
2021-03-01,2021,3,Bogota,10,Aseo del hogar,0,142.1897,-11.4000,1.5067,17.4100,28504.5356,-14.6000,1.5628,17.5400,30274.5702,0,204802.0000,305739.0000
2021-03-01,2021,3,Bogota,11,Informatica y telecomunicaciones,0,146.8470,-11.4000,1.5067,17.4100,28504.5356,-14.6000,1.5628,17.5400,30274.5702,0,204802.0000,305739.0000
2021-03-01,2021,3,Bogota,12,Sonido y video,0,108.1369,-11.4000,1.5067,17.4100,28504.5356,-14.6000,1.5628,17.5400,30274.5702,0,204802.0000,305739.0000
2021-03-01,2021,3,Bogota,14,"Ferreteria, vidrios y pinturas",0,128.0226,-11.4000,1.5067,17.4100,28504.5356,-14.6000,1.5628,17.5400,30274.5702,0,204802.0000,305739.0000
2021-03-01,2021,3,Bogota,15,Otras mercancias de uso domestico,0,106.3237,-11.4000,1.5067,17.4100,28504.5356,-14.6000,1.5628,17.5400,30274.5702,0,204802.0000,305739.0000
2021-03-01,2021,3,Cundinamarca,4,Prendas de vestir y textiles,0,94.0053,-11.4000,1.5067,17.4100,28504.5356,-14.6000,1.5628,17.5400,30274.5702,0,119459.0000,77456.0000
2021-03-01,2021,3,Cundinamarca,8,Electrodomesticos y muebles,1,143.4399,-11.4000,1.5067,17.4100,28504.5356,-14.6000,1.5628,17.5400,30274.5702,0,119459.0000,77456.0000
2021-03-01,2021,3,Cundinamarca,9,Articulos y utensilios domesticos,0,135.0383,-11.4000,1.5067,17.4100,28504.5356,-14.6000,1.5628,17.5400,30274.5702,0,119459.0000,77456.0000
2021-03-01,2021,3,Cundinamarca,10,Aseo del hogar,0,158.6604,-11.4000,1.5067,17.4100,28504.5356,-14.6000,1.5628,17.5400,30274.5702,0,119459.0000,77456.0000
2021-03-01,2021,3,Cundinamarca,11,Informatica y telecomunicaciones,0,162.8608,-11.4000,1.5067,17.4100,28504.5356,-14.6000,1.5628,17.5400,30274.5702,0,119459.0000,77456.0000
2021-03-01,2021,3,Cundinamarca,12,Sonido y video,0,120.8533,-11.4000,1.5067,17.4100,28504.5356,-14.6000,1.5628,17.5400,30274.5702,0,119459.0000,77456.0000
2021-03-01,2021,3,Cundinamarca,14,"Ferreteria, vidrios y pinturas",0,144.3492,-11.4000,1.5067,17.4100,28504.5356,-14.6000,1.5628,17.5400,30274.5702,0,119459.0000,77456.0000
2021-03-01,2021,3,Cundinamarca,15,Otras mercancias de uso domestico,0,109.1470,-11.4000,1.5067,17.4100,28504.5356,-14.6000,1.5628,17.5400,30274.5702,0,119459.0000,77456.0000
2021-03-01,2021,3,Santander,4,Prendas de vestir y textiles,0,72.7788,-11.4000,1.5067,17.4100,28504.5356,-14.6000,1.5628,17.5400,30274.5702,0,71728.0000,48252.0000
2021-03-01,2021,3,Santander,8,Electrodomesticos y muebles,1,110.2245,-11.4000,1.5067,17.4100,28504.5356,-14.6000,1.5628,17.5400,30274.5702,0,71728.0000,48252.0000
2021-03-01,2021,3,Santander,9,Articulos y utensilios domesticos,0,104.5860,-11.4000,1.5067,17.4100,28504.5356,-14.6000,1.5628,17.5400,30274.5702,0,71728.0000,48252.0000
2021-03-01,2021,3,Santander,10,Aseo del hogar,0,121.9103,-11.4000,1.5067,17.4100,28504.5356,-14.6000,1.5628,17.5400,30274.5702,0,71728.0000,48252.0000
2021-03-01,2021,3,Santander,11,Informatica y telecomunicaciones,0,124.2179,-11.4000,1.5067,17.4100,28504.5356,-14.6000,1.5628,17.5400,30274.5702,0,71728.0000,48252.0000
2021-03-01,2021,3,Santander,12,Sonido y video,0,90.7607,-11.4000,1.5067,17.4100,28504.5356,-14.6000,1.5628,17.5400,30274.5702,0,71728.0000,48252.0000
2021-03-01,2021,3,Santander,14,"Ferreteria, vidrios y pinturas",0,110.1802,-11.4000,1.5067,17.4100,28504.5356,-14.6000,1.5628,17.5400,30274.5702,0,71728.0000,48252.0000
2021-03-01,2021,3,Santander,15,Otras mercancias de uso domestico,0,86.6898,-11.4000,1.5067,17.4100,28504.5356,-14.6000,1.5628,17.5400,30274.5702,0,71728.0000,48252.0000
2021-03-01,2021,3,Valle del Cauca,4,Prendas de vestir y textiles,0,76.2877,-11.4000,1.5067,17.4100,28504.5356,-14.6000,1.5628,17.5400,30274.5702,0,176497.0000,126566.0000
2021-03-01,2021,3,Valle del Cauca,8,Electrodomesticos y muebles,1,117.5615,-11.4000,1.5067,17.4100,28504.5356,-14.6000,1.5628,17.5400,30274.5702,0,176497.0000,126566.0000
2021-03-01,2021,3,Valle del Cauca,9,Articulos y utensilios domesticos,0,111.6199,-11.4000,1.5067,17.4100,28504.5356,-14.6000,1.5628,17.5400,30274.5702,0,176497.0000,126566.0000
2021-03-01,2021,3,Valle del Cauca,10,Aseo del hogar,0,127.6823,-11.4000,1.5067,17.4100,28504.5356,-14.6000,1.5628,17.5400,30274.5702,0,176497.0000,126566.0000
2021-03-01,2021,3,Valle del Cauca,11,Informatica y telecomunicaciones,0,132.2238,-11.4000,1.5067,17.4100,28504.5356,-14.6000,1.5628,17.5400,30274.5702,0,176497.0000,126566.0000
2021-03-01,2021,3,Valle del Cauca,12,Sonido y video,0,101.8629,-11.4000,1.5067,17.4100,28504.5356,-14.6000,1.5628,17.5400,30274.5702,0,176497.0000,126566.0000
2021-03-01,2021,3,Valle del Cauca,14,"Ferreteria, vidrios y pinturas",0,125.3717,-11.4000,1.5067,17.4100,28504.5356,-14.6000,1.5628,17.5400,30274.5702,0,176497.0000,126566.0000
2021-03-01,2021,3,Valle del Cauca,15,Otras mercancias de uso domestico,0,97.1689,-11.4000,1.5067,17.4100,28504.5356,-14.6000,1.5628,17.5400,30274.5702,0,176497.0000,126566.0000
2021-03-01,2021,3,Otros departamentos,4,Prendas de vestir y textiles,0,80.3581,-11.4000,1.5067,17.4100,28504.5356,-14.6000,1.5628,17.5400,30274.5702,0,821718.0000,865696.0000
2021-03-01,2021,3,Otros departamentos,8,Electrodomesticos y muebles,1,124.7552,-11.4000,1.5067,17.4100,28504.5356,-14.6000,1.5628,17.5400,30274.5702,0,821718.0000,865696.0000
2021-03-01,2021,3,Otros departamentos,9,Articulos y utensilios domesticos,0,112.2667,-11.4000,1.5067,17.4100,28504.5356,-14.6000,1.5628,17.5400,30274.5702,0,821718.0000,865696.0000
2021-03-01,2021,3,Otros departamentos,10,Aseo del hogar,0,137.1496,-11.4000,1.5067,17.4100,28504.5356,-14.6000,1.5628,17.5400,30274.5702,0,821718.0000,865696.0000
2021-03-01,2021,3,Otros departamentos,11,Informatica y telecomunicaciones,0,143.6344,-11.4000,1.5067,17.4100,28504.5356,-14.6000,1.5628,17.5400,30274.5702,0,821718.0000,865696.0000
2021-03-01,2021,3,Otros departamentos,12,Sonido y video,0,106.9208,-11.4000,1.5067,17.4100,28504.5356,-14.6000,1.5628,17.5400,30274.5702,0,821718.0000,865696.0000
2021-03-01,2021,3,Otros departamentos,14,"Ferreteria, vidrios y pinturas",0,127.2756,-11.4000,1.5067,17.4100,28504.5356,-14.6000,1.5628,17.5400,30274.5702,0,821718.0000,865696.0000
2021-03-01,2021,3,Otros departamentos,15,Otras mercancias de uso domestico,0,97.2606,-11.4000,1.5067,17.4100,28504.5356,-14.6000,1.5628,17.5400,30274.5702,0,821718.0000,865696.0000
2021-04-01,2021,4,Antioquia,4,Prendas de vestir y textiles,0,52.4375,-34.2000,1.9489,17.3100,29445.1393,-11.4000,1.5067,17.4100,28504.5356,0,243307.0000,257491.0000
2021-04-01,2021,4,Antioquia,8,Electrodomesticos y muebles,1,90.5440,-34.2000,1.9489,17.3100,29445.1393,-11.4000,1.5067,17.4100,28504.5356,0,243307.0000,257491.0000
2021-04-01,2021,4,Antioquia,9,Articulos y utensilios domesticos,0,75.1649,-34.2000,1.9489,17.3100,29445.1393,-11.4000,1.5067,17.4100,28504.5356,0,243307.0000,257491.0000
2021-04-01,2021,4,Antioquia,10,Aseo del hogar,0,119.9910,-34.2000,1.9489,17.3100,29445.1393,-11.4000,1.5067,17.4100,28504.5356,0,243307.0000,257491.0000
2021-04-01,2021,4,Antioquia,11,Informatica y telecomunicaciones,0,103.9408,-34.2000,1.9489,17.3100,29445.1393,-11.4000,1.5067,17.4100,28504.5356,0,243307.0000,257491.0000
2021-04-01,2021,4,Antioquia,12,Sonido y video,0,75.9797,-34.2000,1.9489,17.3100,29445.1393,-11.4000,1.5067,17.4100,28504.5356,0,243307.0000,257491.0000
2021-04-01,2021,4,Antioquia,14,"Ferreteria, vidrios y pinturas",0,99.0497,-34.2000,1.9489,17.3100,29445.1393,-11.4000,1.5067,17.4100,28504.5356,0,243307.0000,257491.0000
2021-04-01,2021,4,Antioquia,15,Otras mercancias de uso domestico,0,78.3965,-34.2000,1.9489,17.3100,29445.1393,-11.4000,1.5067,17.4100,28504.5356,0,243307.0000,257491.0000
2021-04-01,2021,4,Atlantico,4,Prendas de vestir y textiles,0,43.4764,-34.2000,1.9489,17.3100,29445.1393,-11.4000,1.5067,17.4100,28504.5356,0,161540.0000,146645.0000
2021-04-01,2021,4,Atlantico,8,Electrodomesticos y muebles,1,77.9685,-34.2000,1.9489,17.3100,29445.1393,-11.4000,1.5067,17.4100,28504.5356,0,161540.0000,146645.0000
2021-04-01,2021,4,Atlantico,9,Articulos y utensilios domesticos,0,65.8611,-34.2000,1.9489,17.3100,29445.1393,-11.4000,1.5067,17.4100,28504.5356,0,161540.0000,146645.0000
2021-04-01,2021,4,Atlantico,10,Aseo del hogar,0,105.0858,-34.2000,1.9489,17.3100,29445.1393,-11.4000,1.5067,17.4100,28504.5356,0,161540.0000,146645.0000
2021-04-01,2021,4,Atlantico,11,Informatica y telecomunicaciones,0,89.1714,-34.2000,1.9489,17.3100,29445.1393,-11.4000,1.5067,17.4100,28504.5356,0,161540.0000,146645.0000
2021-04-01,2021,4,Atlantico,12,Sonido y video,0,66.0459,-34.2000,1.9489,17.3100,29445.1393,-11.4000,1.5067,17.4100,28504.5356,0,161540.0000,146645.0000
2021-04-01,2021,4,Atlantico,14,"Ferreteria, vidrios y pinturas",0,90.6385,-34.2000,1.9489,17.3100,29445.1393,-11.4000,1.5067,17.4100,28504.5356,0,161540.0000,146645.0000
2021-04-01,2021,4,Atlantico,15,Otras mercancias de uso domestico,0,70.3727,-34.2000,1.9489,17.3100,29445.1393,-11.4000,1.5067,17.4100,28504.5356,0,161540.0000,146645.0000
2021-04-01,2021,4,Bogota,4,Prendas de vestir y textiles,0,47.3615,-34.2000,1.9489,17.3100,29445.1393,-11.4000,1.5067,17.4100,28504.5356,0,134683.0000,204802.0000
2021-04-01,2021,4,Bogota,8,Electrodomesticos y muebles,1,88.5357,-34.2000,1.9489,17.3100,29445.1393,-11.4000,1.5067,17.4100,28504.5356,0,134683.0000,204802.0000
2021-04-01,2021,4,Bogota,9,Articulos y utensilios domesticos,0,73.7134,-34.2000,1.9489,17.3100,29445.1393,-11.4000,1.5067,17.4100,28504.5356,0,134683.0000,204802.0000
2021-04-01,2021,4,Bogota,10,Aseo del hogar,0,117.1892,-34.2000,1.9489,17.3100,29445.1393,-11.4000,1.5067,17.4100,28504.5356,0,134683.0000,204802.0000
2021-04-01,2021,4,Bogota,11,Informatica y telecomunicaciones,0,103.3589,-34.2000,1.9489,17.3100,29445.1393,-11.4000,1.5067,17.4100,28504.5356,0,134683.0000,204802.0000
2021-04-01,2021,4,Bogota,12,Sonido y video,0,69.7896,-34.2000,1.9489,17.3100,29445.1393,-11.4000,1.5067,17.4100,28504.5356,0,134683.0000,204802.0000
2021-04-01,2021,4,Bogota,14,"Ferreteria, vidrios y pinturas",0,98.9142,-34.2000,1.9489,17.3100,29445.1393,-11.4000,1.5067,17.4100,28504.5356,0,134683.0000,204802.0000
2021-04-01,2021,4,Bogota,15,Otras mercancias de uso domestico,0,77.9230,-34.2000,1.9489,17.3100,29445.1393,-11.4000,1.5067,17.4100,28504.5356,0,134683.0000,204802.0000
2021-04-01,2021,4,Cundinamarca,4,Prendas de vestir y textiles,0,69.1972,-34.2000,1.9489,17.3100,29445.1393,-11.4000,1.5067,17.4100,28504.5356,0,193814.0000,119459.0000
2021-04-01,2021,4,Cundinamarca,8,Electrodomesticos y muebles,1,122.1376,-34.2000,1.9489,17.3100,29445.1393,-11.4000,1.5067,17.4100,28504.5356,0,193814.0000,119459.0000
2021-04-01,2021,4,Cundinamarca,9,Articulos y utensilios domesticos,0,101.2302,-34.2000,1.9489,17.3100,29445.1393,-11.4000,1.5067,17.4100,28504.5356,0,193814.0000,119459.0000
2021-04-01,2021,4,Cundinamarca,10,Aseo del hogar,0,168.1366,-34.2000,1.9489,17.3100,29445.1393,-11.4000,1.5067,17.4100,28504.5356,0,193814.0000,119459.0000
2021-04-01,2021,4,Cundinamarca,11,Informatica y telecomunicaciones,0,142.0737,-34.2000,1.9489,17.3100,29445.1393,-11.4000,1.5067,17.4100,28504.5356,0,193814.0000,119459.0000
2021-04-01,2021,4,Cundinamarca,12,Sonido y video,0,101.5125,-34.2000,1.9489,17.3100,29445.1393,-11.4000,1.5067,17.4100,28504.5356,0,193814.0000,119459.0000
2021-04-01,2021,4,Cundinamarca,14,"Ferreteria, vidrios y pinturas",0,136.1605,-34.2000,1.9489,17.3100,29445.1393,-11.4000,1.5067,17.4100,28504.5356,0,193814.0000,119459.0000
2021-04-01,2021,4,Cundinamarca,15,Otras mercancias de uso domestico,0,105.7449,-34.2000,1.9489,17.3100,29445.1393,-11.4000,1.5067,17.4100,28504.5356,0,193814.0000,119459.0000
2021-04-01,2021,4,Santander,4,Prendas de vestir y textiles,0,55.0629,-34.2000,1.9489,17.3100,29445.1393,-11.4000,1.5067,17.4100,28504.5356,0,168528.0000,71728.0000
2021-04-01,2021,4,Santander,8,Electrodomesticos y muebles,1,98.0579,-34.2000,1.9489,17.3100,29445.1393,-11.4000,1.5067,17.4100,28504.5356,0,168528.0000,71728.0000
2021-04-01,2021,4,Santander,9,Articulos y utensilios domesticos,0,78.7042,-34.2000,1.9489,17.3100,29445.1393,-11.4000,1.5067,17.4100,28504.5356,0,168528.0000,71728.0000
2021-04-01,2021,4,Santander,10,Aseo del hogar,0,127.0792,-34.2000,1.9489,17.3100,29445.1393,-11.4000,1.5067,17.4100,28504.5356,0,168528.0000,71728.0000
2021-04-01,2021,4,Santander,11,Informatica y telecomunicaciones,0,112.3995,-34.2000,1.9489,17.3100,29445.1393,-11.4000,1.5067,17.4100,28504.5356,0,168528.0000,71728.0000
2021-04-01,2021,4,Santander,12,Sonido y video,0,77.9835,-34.2000,1.9489,17.3100,29445.1393,-11.4000,1.5067,17.4100,28504.5356,0,168528.0000,71728.0000
2021-04-01,2021,4,Santander,14,"Ferreteria, vidrios y pinturas",0,103.3514,-34.2000,1.9489,17.3100,29445.1393,-11.4000,1.5067,17.4100,28504.5356,0,168528.0000,71728.0000
2021-04-01,2021,4,Santander,15,Otras mercancias de uso domestico,0,83.7754,-34.2000,1.9489,17.3100,29445.1393,-11.4000,1.5067,17.4100,28504.5356,0,168528.0000,71728.0000
2021-04-01,2021,4,Valle del Cauca,4,Prendas de vestir y textiles,0,46.3886,-34.2000,1.9489,17.3100,29445.1393,-11.4000,1.5067,17.4100,28504.5356,0,147517.0000,176497.0000
2021-04-01,2021,4,Valle del Cauca,8,Electrodomesticos y muebles,1,85.9373,-34.2000,1.9489,17.3100,29445.1393,-11.4000,1.5067,17.4100,28504.5356,0,147517.0000,176497.0000
2021-04-01,2021,4,Valle del Cauca,9,Articulos y utensilios domesticos,0,69.5944,-34.2000,1.9489,17.3100,29445.1393,-11.4000,1.5067,17.4100,28504.5356,0,147517.0000,176497.0000
2021-04-01,2021,4,Valle del Cauca,10,Aseo del hogar,0,110.6996,-34.2000,1.9489,17.3100,29445.1393,-11.4000,1.5067,17.4100,28504.5356,0,147517.0000,176497.0000
2021-04-01,2021,4,Valle del Cauca,11,Informatica y telecomunicaciones,0,96.5938,-34.2000,1.9489,17.3100,29445.1393,-11.4000,1.5067,17.4100,28504.5356,0,147517.0000,176497.0000
2021-04-01,2021,4,Valle del Cauca,12,Sonido y video,0,71.0377,-34.2000,1.9489,17.3100,29445.1393,-11.4000,1.5067,17.4100,28504.5356,0,147517.0000,176497.0000
2021-04-01,2021,4,Valle del Cauca,14,"Ferreteria, vidrios y pinturas",0,98.0139,-34.2000,1.9489,17.3100,29445.1393,-11.4000,1.5067,17.4100,28504.5356,0,147517.0000,176497.0000
2021-04-01,2021,4,Valle del Cauca,15,Otras mercancias de uso domestico,0,76.5023,-34.2000,1.9489,17.3100,29445.1393,-11.4000,1.5067,17.4100,28504.5356,0,147517.0000,176497.0000
2021-04-01,2021,4,Otros departamentos,4,Prendas de vestir y textiles,0,55.2341,-34.2000,1.9489,17.3100,29445.1393,-11.4000,1.5067,17.4100,28504.5356,0,594736.0000,821718.0000
2021-04-01,2021,4,Otros departamentos,8,Electrodomesticos y muebles,1,103.3004,-34.2000,1.9489,17.3100,29445.1393,-11.4000,1.5067,17.4100,28504.5356,0,594736.0000,821718.0000
2021-04-01,2021,4,Otros departamentos,9,Articulos y utensilios domesticos,0,81.0772,-34.2000,1.9489,17.3100,29445.1393,-11.4000,1.5067,17.4100,28504.5356,0,594736.0000,821718.0000
2021-04-01,2021,4,Otros departamentos,10,Aseo del hogar,0,131.8603,-34.2000,1.9489,17.3100,29445.1393,-11.4000,1.5067,17.4100,28504.5356,0,594736.0000,821718.0000
2021-04-01,2021,4,Otros departamentos,11,Informatica y telecomunicaciones,0,116.4073,-34.2000,1.9489,17.3100,29445.1393,-11.4000,1.5067,17.4100,28504.5356,0,594736.0000,821718.0000
2021-04-01,2021,4,Otros departamentos,12,Sonido y video,0,82.2766,-34.2000,1.9489,17.3100,29445.1393,-11.4000,1.5067,17.4100,28504.5356,0,594736.0000,821718.0000
2021-04-01,2021,4,Otros departamentos,14,"Ferreteria, vidrios y pinturas",0,110.2656,-34.2000,1.9489,17.3100,29445.1393,-11.4000,1.5067,17.4100,28504.5356,0,594736.0000,821718.0000
2021-04-01,2021,4,Otros departamentos,15,Otras mercancias de uso domestico,0,88.5099,-34.2000,1.9489,17.3100,29445.1393,-11.4000,1.5067,17.4100,28504.5356,0,594736.0000,821718.0000
2021-05-01,2021,5,Antioquia,4,Prendas de vestir y textiles,0,81.8033,-34.3000,3.3030,17.2200,22388.7347,-34.2000,1.9489,17.3100,29445.1393,0,262138.0000,243307.0000
2021-05-01,2021,5,Antioquia,8,Electrodomesticos y muebles,1,114.2779,-34.3000,3.3030,17.2200,22388.7347,-34.2000,1.9489,17.3100,29445.1393,0,262138.0000,243307.0000
2021-05-01,2021,5,Antioquia,9,Articulos y utensilios domesticos,0,106.3964,-34.3000,3.3030,17.2200,22388.7347,-34.2000,1.9489,17.3100,29445.1393,0,262138.0000,243307.0000
2021-05-01,2021,5,Antioquia,10,Aseo del hogar,0,146.3857,-34.3000,3.3030,17.2200,22388.7347,-34.2000,1.9489,17.3100,29445.1393,0,262138.0000,243307.0000
2021-05-01,2021,5,Antioquia,11,Informatica y telecomunicaciones,0,144.0039,-34.3000,3.3030,17.2200,22388.7347,-34.2000,1.9489,17.3100,29445.1393,0,262138.0000,243307.0000
2021-05-01,2021,5,Antioquia,12,Sonido y video,0,99.4878,-34.3000,3.3030,17.2200,22388.7347,-34.2000,1.9489,17.3100,29445.1393,0,262138.0000,243307.0000
2021-05-01,2021,5,Antioquia,14,"Ferreteria, vidrios y pinturas",0,100.4442,-34.3000,3.3030,17.2200,22388.7347,-34.2000,1.9489,17.3100,29445.1393,0,262138.0000,243307.0000
2021-05-01,2021,5,Antioquia,15,Otras mercancias de uso domestico,0,91.9987,-34.3000,3.3030,17.2200,22388.7347,-34.2000,1.9489,17.3100,29445.1393,0,262138.0000,243307.0000
2021-05-01,2021,5,Atlantico,4,Prendas de vestir y textiles,0,73.0444,-34.3000,3.3030,17.2200,22388.7347,-34.2000,1.9489,17.3100,29445.1393,0,102700.0000,161540.0000
2021-05-01,2021,5,Atlantico,8,Electrodomesticos y muebles,1,110.0754,-34.3000,3.3030,17.2200,22388.7347,-34.2000,1.9489,17.3100,29445.1393,0,102700.0000,161540.0000
2021-05-01,2021,5,Atlantico,9,Articulos y utensilios domesticos,0,95.8186,-34.3000,3.3030,17.2200,22388.7347,-34.2000,1.9489,17.3100,29445.1393,0,102700.0000,161540.0000
2021-05-01,2021,5,Atlantico,10,Aseo del hogar,0,137.8419,-34.3000,3.3030,17.2200,22388.7347,-34.2000,1.9489,17.3100,29445.1393,0,102700.0000,161540.0000
2021-05-01,2021,5,Atlantico,11,Informatica y telecomunicaciones,0,134.5384,-34.3000,3.3030,17.2200,22388.7347,-34.2000,1.9489,17.3100,29445.1393,0,102700.0000,161540.0000
2021-05-01,2021,5,Atlantico,12,Sonido y video,0,92.2148,-34.3000,3.3030,17.2200,22388.7347,-34.2000,1.9489,17.3100,29445.1393,0,102700.0000,161540.0000
2021-05-01,2021,5,Atlantico,14,"Ferreteria, vidrios y pinturas",0,99.3663,-34.3000,3.3030,17.2200,22388.7347,-34.2000,1.9489,17.3100,29445.1393,0,102700.0000,161540.0000
2021-05-01,2021,5,Atlantico,15,Otras mercancias de uso domestico,0,87.9119,-34.3000,3.3030,17.2200,22388.7347,-34.2000,1.9489,17.3100,29445.1393,0,102700.0000,161540.0000
2021-05-01,2021,5,Bogota,4,Prendas de vestir y textiles,0,74.7281,-34.3000,3.3030,17.2200,22388.7347,-34.2000,1.9489,17.3100,29445.1393,0,310615.0000,134683.0000
2021-05-01,2021,5,Bogota,8,Electrodomesticos y muebles,1,110.9240,-34.3000,3.3030,17.2200,22388.7347,-34.2000,1.9489,17.3100,29445.1393,0,310615.0000,134683.0000
2021-05-01,2021,5,Bogota,9,Articulos y utensilios domesticos,0,99.6606,-34.3000,3.3030,17.2200,22388.7347,-34.2000,1.9489,17.3100,29445.1393,0,310615.0000,134683.0000
2021-05-01,2021,5,Bogota,10,Aseo del hogar,0,144.7318,-34.3000,3.3030,17.2200,22388.7347,-34.2000,1.9489,17.3100,29445.1393,0,310615.0000,134683.0000
2021-05-01,2021,5,Bogota,11,Informatica y telecomunicaciones,0,138.3047,-34.3000,3.3030,17.2200,22388.7347,-34.2000,1.9489,17.3100,29445.1393,0,310615.0000,134683.0000
2021-05-01,2021,5,Bogota,12,Sonido y video,0,92.4046,-34.3000,3.3030,17.2200,22388.7347,-34.2000,1.9489,17.3100,29445.1393,0,310615.0000,134683.0000
2021-05-01,2021,5,Bogota,14,"Ferreteria, vidrios y pinturas",0,98.8957,-34.3000,3.3030,17.2200,22388.7347,-34.2000,1.9489,17.3100,29445.1393,0,310615.0000,134683.0000
2021-05-01,2021,5,Bogota,15,Otras mercancias de uso domestico,0,90.0161,-34.3000,3.3030,17.2200,22388.7347,-34.2000,1.9489,17.3100,29445.1393,0,310615.0000,134683.0000
2021-05-01,2021,5,Cundinamarca,4,Prendas de vestir y textiles,0,88.5256,-34.3000,3.3030,17.2200,22388.7347,-34.2000,1.9489,17.3100,29445.1393,0,121457.0000,193814.0000
2021-05-01,2021,5,Cundinamarca,8,Electrodomesticos y muebles,1,128.8912,-34.3000,3.3030,17.2200,22388.7347,-34.2000,1.9489,17.3100,29445.1393,0,121457.0000,193814.0000
2021-05-01,2021,5,Cundinamarca,9,Articulos y utensilios domesticos,0,118.9225,-34.3000,3.3030,17.2200,22388.7347,-34.2000,1.9489,17.3100,29445.1393,0,121457.0000,193814.0000
2021-05-01,2021,5,Cundinamarca,10,Aseo del hogar,0,168.4177,-34.3000,3.3030,17.2200,22388.7347,-34.2000,1.9489,17.3100,29445.1393,0,121457.0000,193814.0000
2021-05-01,2021,5,Cundinamarca,11,Informatica y telecomunicaciones,0,161.4268,-34.3000,3.3030,17.2200,22388.7347,-34.2000,1.9489,17.3100,29445.1393,0,121457.0000,193814.0000
2021-05-01,2021,5,Cundinamarca,12,Sonido y video,0,110.4891,-34.3000,3.3030,17.2200,22388.7347,-34.2000,1.9489,17.3100,29445.1393,0,121457.0000,193814.0000
2021-05-01,2021,5,Cundinamarca,14,"Ferreteria, vidrios y pinturas",0,118.6358,-34.3000,3.3030,17.2200,22388.7347,-34.2000,1.9489,17.3100,29445.1393,0,121457.0000,193814.0000
2021-05-01,2021,5,Cundinamarca,15,Otras mercancias de uso domestico,0,102.6647,-34.3000,3.3030,17.2200,22388.7347,-34.2000,1.9489,17.3100,29445.1393,0,121457.0000,193814.0000
2021-05-01,2021,5,Santander,4,Prendas de vestir y textiles,0,71.1956,-34.3000,3.3030,17.2200,22388.7347,-34.2000,1.9489,17.3100,29445.1393,0,88306.0000,168528.0000
2021-05-01,2021,5,Santander,8,Electrodomesticos y muebles,1,107.1617,-34.3000,3.3030,17.2200,22388.7347,-34.2000,1.9489,17.3100,29445.1393,0,88306.0000,168528.0000
2021-05-01,2021,5,Santander,9,Articulos y utensilios domesticos,0,95.4846,-34.3000,3.3030,17.2200,22388.7347,-34.2000,1.9489,17.3100,29445.1393,0,88306.0000,168528.0000
2021-05-01,2021,5,Santander,10,Aseo del hogar,0,127.2059,-34.3000,3.3030,17.2200,22388.7347,-34.2000,1.9489,17.3100,29445.1393,0,88306.0000,168528.0000
2021-05-01,2021,5,Santander,11,Informatica y telecomunicaciones,0,127.8269,-34.3000,3.3030,17.2200,22388.7347,-34.2000,1.9489,17.3100,29445.1393,0,88306.0000,168528.0000
2021-05-01,2021,5,Santander,12,Sonido y video,0,88.4066,-34.3000,3.3030,17.2200,22388.7347,-34.2000,1.9489,17.3100,29445.1393,0,88306.0000,168528.0000
2021-05-01,2021,5,Santander,14,"Ferreteria, vidrios y pinturas",0,90.9994,-34.3000,3.3030,17.2200,22388.7347,-34.2000,1.9489,17.3100,29445.1393,0,88306.0000,168528.0000
2021-05-01,2021,5,Santander,15,Otras mercancias de uso domestico,0,83.8701,-34.3000,3.3030,17.2200,22388.7347,-34.2000,1.9489,17.3100,29445.1393,0,88306.0000,168528.0000
2021-05-01,2021,5,Valle del Cauca,4,Prendas de vestir y textiles,0,43.4606,-34.3000,3.3030,17.2200,22388.7347,-34.2000,1.9489,17.3100,29445.1393,0,148928.0000,147517.0000
2021-05-01,2021,5,Valle del Cauca,8,Electrodomesticos y muebles,1,65.5485,-34.3000,3.3030,17.2200,22388.7347,-34.2000,1.9489,17.3100,29445.1393,0,148928.0000,147517.0000
2021-05-01,2021,5,Valle del Cauca,9,Articulos y utensilios domesticos,0,59.2292,-34.3000,3.3030,17.2200,22388.7347,-34.2000,1.9489,17.3100,29445.1393,0,148928.0000,147517.0000
2021-05-01,2021,5,Valle del Cauca,10,Aseo del hogar,0,80.9315,-34.3000,3.3030,17.2200,22388.7347,-34.2000,1.9489,17.3100,29445.1393,0,148928.0000,147517.0000
2021-05-01,2021,5,Valle del Cauca,11,Informatica y telecomunicaciones,0,79.5150,-34.3000,3.3030,17.2200,22388.7347,-34.2000,1.9489,17.3100,29445.1393,0,148928.0000,147517.0000
2021-05-01,2021,5,Valle del Cauca,12,Sonido y video,0,55.5555,-34.3000,3.3030,17.2200,22388.7347,-34.2000,1.9489,17.3100,29445.1393,0,148928.0000,147517.0000
2021-05-01,2021,5,Valle del Cauca,14,"Ferreteria, vidrios y pinturas",0,58.6706,-34.3000,3.3030,17.2200,22388.7347,-34.2000,1.9489,17.3100,29445.1393,0,148928.0000,147517.0000
2021-05-01,2021,5,Valle del Cauca,15,Otras mercancias de uso domestico,0,54.1656,-34.3000,3.3030,17.2200,22388.7347,-34.2000,1.9489,17.3100,29445.1393,0,148928.0000,147517.0000
2021-05-01,2021,5,Otros departamentos,4,Prendas de vestir y textiles,0,69.4306,-34.3000,3.3030,17.2200,22388.7347,-34.2000,1.9489,17.3100,29445.1393,0,609581.0000,594736.0000
2021-05-01,2021,5,Otros departamentos,8,Electrodomesticos y muebles,1,97.9601,-34.3000,3.3030,17.2200,22388.7347,-34.2000,1.9489,17.3100,29445.1393,0,609581.0000,594736.0000
2021-05-01,2021,5,Otros departamentos,9,Articulos y utensilios domesticos,0,88.8781,-34.3000,3.3030,17.2200,22388.7347,-34.2000,1.9489,17.3100,29445.1393,0,609581.0000,594736.0000
2021-05-01,2021,5,Otros departamentos,10,Aseo del hogar,0,122.0070,-34.3000,3.3030,17.2200,22388.7347,-34.2000,1.9489,17.3100,29445.1393,0,609581.0000,594736.0000
2021-05-01,2021,5,Otros departamentos,11,Informatica y telecomunicaciones,0,122.9111,-34.3000,3.3030,17.2200,22388.7347,-34.2000,1.9489,17.3100,29445.1393,0,609581.0000,594736.0000
2021-05-01,2021,5,Otros departamentos,12,Sonido y video,0,82.9835,-34.3000,3.3030,17.2200,22388.7347,-34.2000,1.9489,17.3100,29445.1393,0,609581.0000,594736.0000
2021-05-01,2021,5,Otros departamentos,14,"Ferreteria, vidrios y pinturas",0,88.1724,-34.3000,3.3030,17.2200,22388.7347,-34.2000,1.9489,17.3100,29445.1393,0,609581.0000,594736.0000
2021-05-01,2021,5,Otros departamentos,15,Otras mercancias de uso domestico,0,81.7335,-34.3000,3.3030,17.2200,22388.7347,-34.2000,1.9489,17.3100,29445.1393,0,609581.0000,594736.0000
2021-06-01,2021,6,Antioquia,4,Prendas de vestir y textiles,0,100.1843,-22.3000,3.6296,17.2100,31350.4205,-34.3000,3.3030,17.2200,22388.7347,0,287686.0000,262138.0000
2021-06-01,2021,6,Antioquia,8,Electrodomesticos y muebles,1,118.3736,-22.3000,3.6296,17.2100,31350.4205,-34.3000,3.3030,17.2200,22388.7347,0,287686.0000,262138.0000
2021-06-01,2021,6,Antioquia,9,Articulos y utensilios domesticos,0,106.1556,-22.3000,3.6296,17.2100,31350.4205,-34.3000,3.3030,17.2200,22388.7347,0,287686.0000,262138.0000
2021-06-01,2021,6,Antioquia,10,Aseo del hogar,0,136.4576,-22.3000,3.6296,17.2100,31350.4205,-34.3000,3.3030,17.2200,22388.7347,0,287686.0000,262138.0000
2021-06-01,2021,6,Antioquia,11,Informatica y telecomunicaciones,0,136.5567,-22.3000,3.6296,17.2100,31350.4205,-34.3000,3.3030,17.2200,22388.7347,0,287686.0000,262138.0000
2021-06-01,2021,6,Antioquia,12,Sonido y video,0,107.6158,-22.3000,3.6296,17.2100,31350.4205,-34.3000,3.3030,17.2200,22388.7347,0,287686.0000,262138.0000
2021-06-01,2021,6,Antioquia,14,"Ferreteria, vidrios y pinturas",0,113.8150,-22.3000,3.6296,17.2100,31350.4205,-34.3000,3.3030,17.2200,22388.7347,0,287686.0000,262138.0000
2021-06-01,2021,6,Antioquia,15,Otras mercancias de uso domestico,0,96.7607,-22.3000,3.6296,17.2100,31350.4205,-34.3000,3.3030,17.2200,22388.7347,0,287686.0000,262138.0000
2021-06-01,2021,6,Atlantico,4,Prendas de vestir y textiles,0,96.7326,-22.3000,3.6296,17.2100,31350.4205,-34.3000,3.3030,17.2200,22388.7347,0,63760.0000,102700.0000
2021-06-01,2021,6,Atlantico,8,Electrodomesticos y muebles,1,117.5203,-22.3000,3.6296,17.2100,31350.4205,-34.3000,3.3030,17.2200,22388.7347,0,63760.0000,102700.0000
2021-06-01,2021,6,Atlantico,9,Articulos y utensilios domesticos,0,107.5275,-22.3000,3.6296,17.2100,31350.4205,-34.3000,3.3030,17.2200,22388.7347,0,63760.0000,102700.0000
2021-06-01,2021,6,Atlantico,10,Aseo del hogar,0,135.0261,-22.3000,3.6296,17.2100,31350.4205,-34.3000,3.3030,17.2200,22388.7347,0,63760.0000,102700.0000
2021-06-01,2021,6,Atlantico,11,Informatica y telecomunicaciones,0,131.0178,-22.3000,3.6296,17.2100,31350.4205,-34.3000,3.3030,17.2200,22388.7347,0,63760.0000,102700.0000
2021-06-01,2021,6,Atlantico,12,Sonido y video,0,106.1641,-22.3000,3.6296,17.2100,31350.4205,-34.3000,3.3030,17.2200,22388.7347,0,63760.0000,102700.0000
2021-06-01,2021,6,Atlantico,14,"Ferreteria, vidrios y pinturas",0,119.2692,-22.3000,3.6296,17.2100,31350.4205,-34.3000,3.3030,17.2200,22388.7347,0,63760.0000,102700.0000
2021-06-01,2021,6,Atlantico,15,Otras mercancias de uso domestico,0,98.3606,-22.3000,3.6296,17.2100,31350.4205,-34.3000,3.3030,17.2200,22388.7347,0,63760.0000,102700.0000
2021-06-01,2021,6,Bogota,4,Prendas de vestir y textiles,0,95.8860,-22.3000,3.6296,17.2100,31350.4205,-34.3000,3.3030,17.2200,22388.7347,0,309879.0000,310615.0000
2021-06-01,2021,6,Bogota,8,Electrodomesticos y muebles,1,119.4563,-22.3000,3.6296,17.2100,31350.4205,-34.3000,3.3030,17.2200,22388.7347,0,309879.0000,310615.0000
2021-06-01,2021,6,Bogota,9,Articulos y utensilios domesticos,0,105.8042,-22.3000,3.6296,17.2100,31350.4205,-34.3000,3.3030,17.2200,22388.7347,0,309879.0000,310615.0000
2021-06-01,2021,6,Bogota,10,Aseo del hogar,0,138.5408,-22.3000,3.6296,17.2100,31350.4205,-34.3000,3.3030,17.2200,22388.7347,0,309879.0000,310615.0000
2021-06-01,2021,6,Bogota,11,Informatica y telecomunicaciones,0,134.2465,-22.3000,3.6296,17.2100,31350.4205,-34.3000,3.3030,17.2200,22388.7347,0,309879.0000,310615.0000
2021-06-01,2021,6,Bogota,12,Sonido y video,0,105.0990,-22.3000,3.6296,17.2100,31350.4205,-34.3000,3.3030,17.2200,22388.7347,0,309879.0000,310615.0000
2021-06-01,2021,6,Bogota,14,"Ferreteria, vidrios y pinturas",0,119.0930,-22.3000,3.6296,17.2100,31350.4205,-34.3000,3.3030,17.2200,22388.7347,0,309879.0000,310615.0000
2021-06-01,2021,6,Bogota,15,Otras mercancias de uso domestico,0,102.3313,-22.3000,3.6296,17.2100,31350.4205,-34.3000,3.3030,17.2200,22388.7347,0,309879.0000,310615.0000
2021-06-01,2021,6,Cundinamarca,4,Prendas de vestir y textiles,0,110.1915,-22.3000,3.6296,17.2100,31350.4205,-34.3000,3.3030,17.2200,22388.7347,0,101624.0000,121457.0000
2021-06-01,2021,6,Cundinamarca,8,Electrodomesticos y muebles,1,130.3977,-22.3000,3.6296,17.2100,31350.4205,-34.3000,3.3030,17.2200,22388.7347,0,101624.0000,121457.0000
2021-06-01,2021,6,Cundinamarca,9,Articulos y utensilios domesticos,0,123.3284,-22.3000,3.6296,17.2100,31350.4205,-34.3000,3.3030,17.2200,22388.7347,0,101624.0000,121457.0000
2021-06-01,2021,6,Cundinamarca,10,Aseo del hogar,0,155.8377,-22.3000,3.6296,17.2100,31350.4205,-34.3000,3.3030,17.2200,22388.7347,0,101624.0000,121457.0000
2021-06-01,2021,6,Cundinamarca,11,Informatica y telecomunicaciones,0,154.7185,-22.3000,3.6296,17.2100,31350.4205,-34.3000,3.3030,17.2200,22388.7347,0,101624.0000,121457.0000
2021-06-01,2021,6,Cundinamarca,12,Sonido y video,0,118.1366,-22.3000,3.6296,17.2100,31350.4205,-34.3000,3.3030,17.2200,22388.7347,0,101624.0000,121457.0000
2021-06-01,2021,6,Cundinamarca,14,"Ferreteria, vidrios y pinturas",0,134.8205,-22.3000,3.6296,17.2100,31350.4205,-34.3000,3.3030,17.2200,22388.7347,0,101624.0000,121457.0000
2021-06-01,2021,6,Cundinamarca,15,Otras mercancias de uso domestico,0,107.7739,-22.3000,3.6296,17.2100,31350.4205,-34.3000,3.3030,17.2200,22388.7347,0,101624.0000,121457.0000
2021-06-01,2021,6,Santander,4,Prendas de vestir y textiles,0,92.0023,-22.3000,3.6296,17.2100,31350.4205,-34.3000,3.3030,17.2200,22388.7347,0,123355.0000,88306.0000
2021-06-01,2021,6,Santander,8,Electrodomesticos y muebles,1,108.2016,-22.3000,3.6296,17.2100,31350.4205,-34.3000,3.3030,17.2200,22388.7347,0,123355.0000,88306.0000
2021-06-01,2021,6,Santander,9,Articulos y utensilios domesticos,0,104.0130,-22.3000,3.6296,17.2100,31350.4205,-34.3000,3.3030,17.2200,22388.7347,0,123355.0000,88306.0000
2021-06-01,2021,6,Santander,10,Aseo del hogar,0,121.9192,-22.3000,3.6296,17.2100,31350.4205,-34.3000,3.3030,17.2200,22388.7347,0,123355.0000,88306.0000
2021-06-01,2021,6,Santander,11,Informatica y telecomunicaciones,0,130.6379,-22.3000,3.6296,17.2100,31350.4205,-34.3000,3.3030,17.2200,22388.7347,0,123355.0000,88306.0000
2021-06-01,2021,6,Santander,12,Sonido y video,0,96.3380,-22.3000,3.6296,17.2100,31350.4205,-34.3000,3.3030,17.2200,22388.7347,0,123355.0000,88306.0000
2021-06-01,2021,6,Santander,14,"Ferreteria, vidrios y pinturas",0,108.6571,-22.3000,3.6296,17.2100,31350.4205,-34.3000,3.3030,17.2200,22388.7347,0,123355.0000,88306.0000
2021-06-01,2021,6,Santander,15,Otras mercancias de uso domestico,0,94.9926,-22.3000,3.6296,17.2100,31350.4205,-34.3000,3.3030,17.2200,22388.7347,0,123355.0000,88306.0000
2021-06-01,2021,6,Valle del Cauca,4,Prendas de vestir y textiles,0,86.4453,-22.3000,3.6296,17.2100,31350.4205,-34.3000,3.3030,17.2200,22388.7347,0,259927.0000,148928.0000
2021-06-01,2021,6,Valle del Cauca,8,Electrodomesticos y muebles,1,102.2154,-22.3000,3.6296,17.2100,31350.4205,-34.3000,3.3030,17.2200,22388.7347,0,259927.0000,148928.0000
2021-06-01,2021,6,Valle del Cauca,9,Articulos y utensilios domesticos,0,96.5962,-22.3000,3.6296,17.2100,31350.4205,-34.3000,3.3030,17.2200,22388.7347,0,259927.0000,148928.0000
2021-06-01,2021,6,Valle del Cauca,10,Aseo del hogar,0,115.7008,-22.3000,3.6296,17.2100,31350.4205,-34.3000,3.3030,17.2200,22388.7347,0,259927.0000,148928.0000
2021-06-01,2021,6,Valle del Cauca,11,Informatica y telecomunicaciones,0,118.4994,-22.3000,3.6296,17.2100,31350.4205,-34.3000,3.3030,17.2200,22388.7347,0,259927.0000,148928.0000
2021-06-01,2021,6,Valle del Cauca,12,Sonido y video,0,91.5189,-22.3000,3.6296,17.2100,31350.4205,-34.3000,3.3030,17.2200,22388.7347,0,259927.0000,148928.0000
2021-06-01,2021,6,Valle del Cauca,14,"Ferreteria, vidrios y pinturas",0,104.1737,-22.3000,3.6296,17.2100,31350.4205,-34.3000,3.3030,17.2200,22388.7347,0,259927.0000,148928.0000
2021-06-01,2021,6,Valle del Cauca,15,Otras mercancias de uso domestico,0,86.3252,-22.3000,3.6296,17.2100,31350.4205,-34.3000,3.3030,17.2200,22388.7347,0,259927.0000,148928.0000
2021-06-01,2021,6,Otros departamentos,4,Prendas de vestir y textiles,0,97.8349,-22.3000,3.6296,17.2100,31350.4205,-34.3000,3.3030,17.2200,22388.7347,0,667134.0000,609581.0000
2021-06-01,2021,6,Otros departamentos,8,Electrodomesticos y muebles,1,115.1309,-22.3000,3.6296,17.2100,31350.4205,-34.3000,3.3030,17.2200,22388.7347,0,667134.0000,609581.0000
2021-06-01,2021,6,Otros departamentos,9,Articulos y utensilios domesticos,0,106.3157,-22.3000,3.6296,17.2100,31350.4205,-34.3000,3.3030,17.2200,22388.7347,0,667134.0000,609581.0000
2021-06-01,2021,6,Otros departamentos,10,Aseo del hogar,0,125.3370,-22.3000,3.6296,17.2100,31350.4205,-34.3000,3.3030,17.2200,22388.7347,0,667134.0000,609581.0000
2021-06-01,2021,6,Otros departamentos,11,Informatica y telecomunicaciones,0,135.2477,-22.3000,3.6296,17.2100,31350.4205,-34.3000,3.3030,17.2200,22388.7347,0,667134.0000,609581.0000
2021-06-01,2021,6,Otros departamentos,12,Sonido y video,0,102.9145,-22.3000,3.6296,17.2100,31350.4205,-34.3000,3.3030,17.2200,22388.7347,0,667134.0000,609581.0000
2021-06-01,2021,6,Otros departamentos,14,"Ferreteria, vidrios y pinturas",0,114.4194,-22.3000,3.6296,17.2100,31350.4205,-34.3000,3.3030,17.2200,22388.7347,0,667134.0000,609581.0000
2021-06-01,2021,6,Otros departamentos,15,Otras mercancias de uso domestico,0,98.0657,-22.3000,3.6296,17.2100,31350.4205,-34.3000,3.3030,17.2200,22388.7347,0,667134.0000,609581.0000
2021-07-01,2021,7,Antioquia,4,Prendas de vestir y textiles,0,101.8320,-7.5000,3.9726,17.1800,37549.6166,-22.3000,3.6296,17.2100,31350.4205,0,321129.0000,287686.0000
2021-07-01,2021,7,Antioquia,8,Electrodomesticos y muebles,1,131.0781,-7.5000,3.9726,17.1800,37549.6166,-22.3000,3.6296,17.2100,31350.4205,0,321129.0000,287686.0000
2021-07-01,2021,7,Antioquia,9,Articulos y utensilios domesticos,0,115.3398,-7.5000,3.9726,17.1800,37549.6166,-22.3000,3.6296,17.2100,31350.4205,0,321129.0000,287686.0000
2021-07-01,2021,7,Antioquia,10,Aseo del hogar,0,148.5003,-7.5000,3.9726,17.1800,37549.6166,-22.3000,3.6296,17.2100,31350.4205,0,321129.0000,287686.0000
2021-07-01,2021,7,Antioquia,11,Informatica y telecomunicaciones,0,152.3298,-7.5000,3.9726,17.1800,37549.6166,-22.3000,3.6296,17.2100,31350.4205,0,321129.0000,287686.0000
2021-07-01,2021,7,Antioquia,12,Sonido y video,0,116.8934,-7.5000,3.9726,17.1800,37549.6166,-22.3000,3.6296,17.2100,31350.4205,0,321129.0000,287686.0000
2021-07-01,2021,7,Antioquia,14,"Ferreteria, vidrios y pinturas",0,120.3612,-7.5000,3.9726,17.1800,37549.6166,-22.3000,3.6296,17.2100,31350.4205,0,321129.0000,287686.0000
2021-07-01,2021,7,Antioquia,15,Otras mercancias de uso domestico,0,102.4432,-7.5000,3.9726,17.1800,37549.6166,-22.3000,3.6296,17.2100,31350.4205,0,321129.0000,287686.0000
2021-07-01,2021,7,Atlantico,4,Prendas de vestir y textiles,0,101.9349,-7.5000,3.9726,17.1800,37549.6166,-22.3000,3.6296,17.2100,31350.4205,0,115836.0000,63760.0000
2021-07-01,2021,7,Atlantico,8,Electrodomesticos y muebles,1,134.5757,-7.5000,3.9726,17.1800,37549.6166,-22.3000,3.6296,17.2100,31350.4205,0,115836.0000,63760.0000
2021-07-01,2021,7,Atlantico,9,Articulos y utensilios domesticos,0,116.2721,-7.5000,3.9726,17.1800,37549.6166,-22.3000,3.6296,17.2100,31350.4205,0,115836.0000,63760.0000
2021-07-01,2021,7,Atlantico,10,Aseo del hogar,0,141.1388,-7.5000,3.9726,17.1800,37549.6166,-22.3000,3.6296,17.2100,31350.4205,0,115836.0000,63760.0000
2021-07-01,2021,7,Atlantico,11,Informatica y telecomunicaciones,0,146.8811,-7.5000,3.9726,17.1800,37549.6166,-22.3000,3.6296,17.2100,31350.4205,0,115836.0000,63760.0000
2021-07-01,2021,7,Atlantico,12,Sonido y video,0,113.8246,-7.5000,3.9726,17.1800,37549.6166,-22.3000,3.6296,17.2100,31350.4205,0,115836.0000,63760.0000
2021-07-01,2021,7,Atlantico,14,"Ferreteria, vidrios y pinturas",0,122.4264,-7.5000,3.9726,17.1800,37549.6166,-22.3000,3.6296,17.2100,31350.4205,0,115836.0000,63760.0000
2021-07-01,2021,7,Atlantico,15,Otras mercancias de uso domestico,0,103.7562,-7.5000,3.9726,17.1800,37549.6166,-22.3000,3.6296,17.2100,31350.4205,0,115836.0000,63760.0000
2021-07-01,2021,7,Bogota,4,Prendas de vestir y textiles,0,106.4548,-7.5000,3.9726,17.1800,37549.6166,-22.3000,3.6296,17.2100,31350.4205,0,179729.0000,309879.0000
2021-07-01,2021,7,Bogota,8,Electrodomesticos y muebles,1,146.9078,-7.5000,3.9726,17.1800,37549.6166,-22.3000,3.6296,17.2100,31350.4205,0,179729.0000,309879.0000
2021-07-01,2021,7,Bogota,9,Articulos y utensilios domesticos,0,119.2048,-7.5000,3.9726,17.1800,37549.6166,-22.3000,3.6296,17.2100,31350.4205,0,179729.0000,309879.0000
2021-07-01,2021,7,Bogota,10,Aseo del hogar,0,155.6221,-7.5000,3.9726,17.1800,37549.6166,-22.3000,3.6296,17.2100,31350.4205,0,179729.0000,309879.0000
2021-07-01,2021,7,Bogota,11,Informatica y telecomunicaciones,0,157.9288,-7.5000,3.9726,17.1800,37549.6166,-22.3000,3.6296,17.2100,31350.4205,0,179729.0000,309879.0000
2021-07-01,2021,7,Bogota,12,Sonido y video,0,119.4712,-7.5000,3.9726,17.1800,37549.6166,-22.3000,3.6296,17.2100,31350.4205,0,179729.0000,309879.0000
2021-07-01,2021,7,Bogota,14,"Ferreteria, vidrios y pinturas",0,131.9894,-7.5000,3.9726,17.1800,37549.6166,-22.3000,3.6296,17.2100,31350.4205,0,179729.0000,309879.0000
2021-07-01,2021,7,Bogota,15,Otras mercancias de uso domestico,0,107.3259,-7.5000,3.9726,17.1800,37549.6166,-22.3000,3.6296,17.2100,31350.4205,0,179729.0000,309879.0000
2021-07-01,2021,7,Cundinamarca,4,Prendas de vestir y textiles,0,119.0338,-7.5000,3.9726,17.1800,37549.6166,-22.3000,3.6296,17.2100,31350.4205,0,163110.0000,101624.0000
2021-07-01,2021,7,Cundinamarca,8,Electrodomesticos y muebles,1,156.3114,-7.5000,3.9726,17.1800,37549.6166,-22.3000,3.6296,17.2100,31350.4205,0,163110.0000,101624.0000
2021-07-01,2021,7,Cundinamarca,9,Articulos y utensilios domesticos,0,135.6878,-7.5000,3.9726,17.1800,37549.6166,-22.3000,3.6296,17.2100,31350.4205,0,163110.0000,101624.0000
2021-07-01,2021,7,Cundinamarca,10,Aseo del hogar,0,170.0221,-7.5000,3.9726,17.1800,37549.6166,-22.3000,3.6296,17.2100,31350.4205,0,163110.0000,101624.0000
2021-07-01,2021,7,Cundinamarca,11,Informatica y telecomunicaciones,0,181.0471,-7.5000,3.9726,17.1800,37549.6166,-22.3000,3.6296,17.2100,31350.4205,0,163110.0000,101624.0000
2021-07-01,2021,7,Cundinamarca,12,Sonido y video,0,131.0421,-7.5000,3.9726,17.1800,37549.6166,-22.3000,3.6296,17.2100,31350.4205,0,163110.0000,101624.0000
2021-07-01,2021,7,Cundinamarca,14,"Ferreteria, vidrios y pinturas",0,142.9643,-7.5000,3.9726,17.1800,37549.6166,-22.3000,3.6296,17.2100,31350.4205,0,163110.0000,101624.0000
2021-07-01,2021,7,Cundinamarca,15,Otras mercancias de uso domestico,0,112.7040,-7.5000,3.9726,17.1800,37549.6166,-22.3000,3.6296,17.2100,31350.4205,0,163110.0000,101624.0000
2021-07-01,2021,7,Santander,4,Prendas de vestir y textiles,0,96.6357,-7.5000,3.9726,17.1800,37549.6166,-22.3000,3.6296,17.2100,31350.4205,0,81147.0000,123355.0000
2021-07-01,2021,7,Santander,8,Electrodomesticos y muebles,1,121.6266,-7.5000,3.9726,17.1800,37549.6166,-22.3000,3.6296,17.2100,31350.4205,0,81147.0000,123355.0000
2021-07-01,2021,7,Santander,9,Articulos y utensilios domesticos,0,109.1286,-7.5000,3.9726,17.1800,37549.6166,-22.3000,3.6296,17.2100,31350.4205,0,81147.0000,123355.0000
2021-07-01,2021,7,Santander,10,Aseo del hogar,0,131.6098,-7.5000,3.9726,17.1800,37549.6166,-22.3000,3.6296,17.2100,31350.4205,0,81147.0000,123355.0000
2021-07-01,2021,7,Santander,11,Informatica y telecomunicaciones,0,143.2843,-7.5000,3.9726,17.1800,37549.6166,-22.3000,3.6296,17.2100,31350.4205,0,81147.0000,123355.0000
2021-07-01,2021,7,Santander,12,Sonido y video,0,103.6084,-7.5000,3.9726,17.1800,37549.6166,-22.3000,3.6296,17.2100,31350.4205,0,81147.0000,123355.0000
2021-07-01,2021,7,Santander,14,"Ferreteria, vidrios y pinturas",0,115.0609,-7.5000,3.9726,17.1800,37549.6166,-22.3000,3.6296,17.2100,31350.4205,0,81147.0000,123355.0000
2021-07-01,2021,7,Santander,15,Otras mercancias de uso domestico,0,95.3295,-7.5000,3.9726,17.1800,37549.6166,-22.3000,3.6296,17.2100,31350.4205,0,81147.0000,123355.0000
2021-07-01,2021,7,Valle del Cauca,4,Prendas de vestir y textiles,0,98.8725,-7.5000,3.9726,17.1800,37549.6166,-22.3000,3.6296,17.2100,31350.4205,0,140565.0000,259927.0000
2021-07-01,2021,7,Valle del Cauca,8,Electrodomesticos y muebles,1,121.5126,-7.5000,3.9726,17.1800,37549.6166,-22.3000,3.6296,17.2100,31350.4205,0,140565.0000,259927.0000
2021-07-01,2021,7,Valle del Cauca,9,Articulos y utensilios domesticos,0,110.7752,-7.5000,3.9726,17.1800,37549.6166,-22.3000,3.6296,17.2100,31350.4205,0,140565.0000,259927.0000
2021-07-01,2021,7,Valle del Cauca,10,Aseo del hogar,0,138.5090,-7.5000,3.9726,17.1800,37549.6166,-22.3000,3.6296,17.2100,31350.4205,0,140565.0000,259927.0000
2021-07-01,2021,7,Valle del Cauca,11,Informatica y telecomunicaciones,0,146.5633,-7.5000,3.9726,17.1800,37549.6166,-22.3000,3.6296,17.2100,31350.4205,0,140565.0000,259927.0000
2021-07-01,2021,7,Valle del Cauca,12,Sonido y video,0,107.0832,-7.5000,3.9726,17.1800,37549.6166,-22.3000,3.6296,17.2100,31350.4205,0,140565.0000,259927.0000
2021-07-01,2021,7,Valle del Cauca,14,"Ferreteria, vidrios y pinturas",0,115.4910,-7.5000,3.9726,17.1800,37549.6166,-22.3000,3.6296,17.2100,31350.4205,0,140565.0000,259927.0000
2021-07-01,2021,7,Valle del Cauca,15,Otras mercancias de uso domestico,0,96.2204,-7.5000,3.9726,17.1800,37549.6166,-22.3000,3.6296,17.2100,31350.4205,0,140565.0000,259927.0000
2021-07-01,2021,7,Otros departamentos,4,Prendas de vestir y textiles,0,102.0122,-7.5000,3.9726,17.1800,37549.6166,-22.3000,3.6296,17.2100,31350.4205,0,620022.0000,667134.0000
2021-07-01,2021,7,Otros departamentos,8,Electrodomesticos y muebles,1,129.9251,-7.5000,3.9726,17.1800,37549.6166,-22.3000,3.6296,17.2100,31350.4205,0,620022.0000,667134.0000
2021-07-01,2021,7,Otros departamentos,9,Articulos y utensilios domesticos,0,115.2105,-7.5000,3.9726,17.1800,37549.6166,-22.3000,3.6296,17.2100,31350.4205,0,620022.0000,667134.0000
2021-07-01,2021,7,Otros departamentos,10,Aseo del hogar,0,137.0380,-7.5000,3.9726,17.1800,37549.6166,-22.3000,3.6296,17.2100,31350.4205,0,620022.0000,667134.0000
2021-07-01,2021,7,Otros departamentos,11,Informatica y telecomunicaciones,0,151.0928,-7.5000,3.9726,17.1800,37549.6166,-22.3000,3.6296,17.2100,31350.4205,0,620022.0000,667134.0000
2021-07-01,2021,7,Otros departamentos,12,Sonido y video,0,109.0678,-7.5000,3.9726,17.1800,37549.6166,-22.3000,3.6296,17.2100,31350.4205,0,620022.0000,667134.0000
2021-07-01,2021,7,Otros departamentos,14,"Ferreteria, vidrios y pinturas",0,119.6832,-7.5000,3.9726,17.1800,37549.6166,-22.3000,3.6296,17.2100,31350.4205,0,620022.0000,667134.0000
2021-07-01,2021,7,Otros departamentos,15,Otras mercancias de uso domestico,0,103.4240,-7.5000,3.9726,17.1800,37549.6166,-22.3000,3.6296,17.2100,31350.4205,0,620022.0000,667134.0000
2021-08-01,2021,8,Antioquia,4,Prendas de vestir y textiles,0,96.6610,-8.2000,4.4398,17.2400,39231.5154,-7.5000,3.9726,17.1800,37549.6166,0,389606.0000,321129.0000
2021-08-01,2021,8,Antioquia,8,Electrodomesticos y muebles,1,132.9661,-8.2000,4.4398,17.2400,39231.5154,-7.5000,3.9726,17.1800,37549.6166,0,389606.0000,321129.0000
2021-08-01,2021,8,Antioquia,9,Articulos y utensilios domesticos,0,116.7954,-8.2000,4.4398,17.2400,39231.5154,-7.5000,3.9726,17.1800,37549.6166,0,389606.0000,321129.0000
2021-08-01,2021,8,Antioquia,10,Aseo del hogar,0,148.0451,-8.2000,4.4398,17.2400,39231.5154,-7.5000,3.9726,17.1800,37549.6166,0,389606.0000,321129.0000
2021-08-01,2021,8,Antioquia,11,Informatica y telecomunicaciones,0,172.1605,-8.2000,4.4398,17.2400,39231.5154,-7.5000,3.9726,17.1800,37549.6166,0,389606.0000,321129.0000
2021-08-01,2021,8,Antioquia,12,Sonido y video,0,113.3653,-8.2000,4.4398,17.2400,39231.5154,-7.5000,3.9726,17.1800,37549.6166,0,389606.0000,321129.0000
2021-08-01,2021,8,Antioquia,14,"Ferreteria, vidrios y pinturas",0,130.2774,-8.2000,4.4398,17.2400,39231.5154,-7.5000,3.9726,17.1800,37549.6166,0,389606.0000,321129.0000
2021-08-01,2021,8,Antioquia,15,Otras mercancias de uso domestico,0,105.8053,-8.2000,4.4398,17.2400,39231.5154,-7.5000,3.9726,17.1800,37549.6166,0,389606.0000,321129.0000
2021-08-01,2021,8,Atlantico,4,Prendas de vestir y textiles,0,95.2582,-8.2000,4.4398,17.2400,39231.5154,-7.5000,3.9726,17.1800,37549.6166,0,97238.0000,115836.0000
2021-08-01,2021,8,Atlantico,8,Electrodomesticos y muebles,1,127.5712,-8.2000,4.4398,17.2400,39231.5154,-7.5000,3.9726,17.1800,37549.6166,0,97238.0000,115836.0000
2021-08-01,2021,8,Atlantico,9,Articulos y utensilios domesticos,0,112.3120,-8.2000,4.4398,17.2400,39231.5154,-7.5000,3.9726,17.1800,37549.6166,0,97238.0000,115836.0000
2021-08-01,2021,8,Atlantico,10,Aseo del hogar,0,137.3308,-8.2000,4.4398,17.2400,39231.5154,-7.5000,3.9726,17.1800,37549.6166,0,97238.0000,115836.0000
2021-08-01,2021,8,Atlantico,11,Informatica y telecomunicaciones,0,160.3028,-8.2000,4.4398,17.2400,39231.5154,-7.5000,3.9726,17.1800,37549.6166,0,97238.0000,115836.0000
2021-08-01,2021,8,Atlantico,12,Sonido y video,0,105.3663,-8.2000,4.4398,17.2400,39231.5154,-7.5000,3.9726,17.1800,37549.6166,0,97238.0000,115836.0000
2021-08-01,2021,8,Atlantico,14,"Ferreteria, vidrios y pinturas",0,122.9181,-8.2000,4.4398,17.2400,39231.5154,-7.5000,3.9726,17.1800,37549.6166,0,97238.0000,115836.0000
2021-08-01,2021,8,Atlantico,15,Otras mercancias de uso domestico,0,102.7675,-8.2000,4.4398,17.2400,39231.5154,-7.5000,3.9726,17.1800,37549.6166,0,97238.0000,115836.0000
2021-08-01,2021,8,Bogota,4,Prendas de vestir y textiles,0,100.4446,-8.2000,4.4398,17.2400,39231.5154,-7.5000,3.9726,17.1800,37549.6166,0,119603.0000,179729.0000
2021-08-01,2021,8,Bogota,8,Electrodomesticos y muebles,1,141.5780,-8.2000,4.4398,17.2400,39231.5154,-7.5000,3.9726,17.1800,37549.6166,0,119603.0000,179729.0000
2021-08-01,2021,8,Bogota,9,Articulos y utensilios domesticos,0,122.8876,-8.2000,4.4398,17.2400,39231.5154,-7.5000,3.9726,17.1800,37549.6166,0,119603.0000,179729.0000
2021-08-01,2021,8,Bogota,10,Aseo del hogar,0,153.5873,-8.2000,4.4398,17.2400,39231.5154,-7.5000,3.9726,17.1800,37549.6166,0,119603.0000,179729.0000
2021-08-01,2021,8,Bogota,11,Informatica y telecomunicaciones,0,182.0041,-8.2000,4.4398,17.2400,39231.5154,-7.5000,3.9726,17.1800,37549.6166,0,119603.0000,179729.0000
2021-08-01,2021,8,Bogota,12,Sonido y video,0,116.3629,-8.2000,4.4398,17.2400,39231.5154,-7.5000,3.9726,17.1800,37549.6166,0,119603.0000,179729.0000
2021-08-01,2021,8,Bogota,14,"Ferreteria, vidrios y pinturas",0,134.3933,-8.2000,4.4398,17.2400,39231.5154,-7.5000,3.9726,17.1800,37549.6166,0,119603.0000,179729.0000
2021-08-01,2021,8,Bogota,15,Otras mercancias de uso domestico,0,111.2767,-8.2000,4.4398,17.2400,39231.5154,-7.5000,3.9726,17.1800,37549.6166,0,119603.0000,179729.0000
2021-08-01,2021,8,Cundinamarca,4,Prendas de vestir y textiles,0,115.3590,-8.2000,4.4398,17.2400,39231.5154,-7.5000,3.9726,17.1800,37549.6166,0,113622.0000,163110.0000
2021-08-01,2021,8,Cundinamarca,8,Electrodomesticos y muebles,1,158.6079,-8.2000,4.4398,17.2400,39231.5154,-7.5000,3.9726,17.1800,37549.6166,0,113622.0000,163110.0000
2021-08-01,2021,8,Cundinamarca,9,Articulos y utensilios domesticos,0,139.9183,-8.2000,4.4398,17.2400,39231.5154,-7.5000,3.9726,17.1800,37549.6166,0,113622.0000,163110.0000
2021-08-01,2021,8,Cundinamarca,10,Aseo del hogar,0,170.7399,-8.2000,4.4398,17.2400,39231.5154,-7.5000,3.9726,17.1800,37549.6166,0,113622.0000,163110.0000
2021-08-01,2021,8,Cundinamarca,11,Informatica y telecomunicaciones,0,204.7022,-8.2000,4.4398,17.2400,39231.5154,-7.5000,3.9726,17.1800,37549.6166,0,113622.0000,163110.0000
2021-08-01,2021,8,Cundinamarca,12,Sonido y video,0,128.1674,-8.2000,4.4398,17.2400,39231.5154,-7.5000,3.9726,17.1800,37549.6166,0,113622.0000,163110.0000
2021-08-01,2021,8,Cundinamarca,14,"Ferreteria, vidrios y pinturas",0,152.2414,-8.2000,4.4398,17.2400,39231.5154,-7.5000,3.9726,17.1800,37549.6166,0,113622.0000,163110.0000
2021-08-01,2021,8,Cundinamarca,15,Otras mercancias de uso domestico,0,125.6440,-8.2000,4.4398,17.2400,39231.5154,-7.5000,3.9726,17.1800,37549.6166,0,113622.0000,163110.0000
2021-08-01,2021,8,Santander,4,Prendas de vestir y textiles,0,91.2384,-8.2000,4.4398,17.2400,39231.5154,-7.5000,3.9726,17.1800,37549.6166,0,65280.0000,81147.0000
2021-08-01,2021,8,Santander,8,Electrodomesticos y muebles,1,128.9803,-8.2000,4.4398,17.2400,39231.5154,-7.5000,3.9726,17.1800,37549.6166,0,65280.0000,81147.0000
2021-08-01,2021,8,Santander,9,Articulos y utensilios domesticos,0,109.9018,-8.2000,4.4398,17.2400,39231.5154,-7.5000,3.9726,17.1800,37549.6166,0,65280.0000,81147.0000
2021-08-01,2021,8,Santander,10,Aseo del hogar,0,133.0763,-8.2000,4.4398,17.2400,39231.5154,-7.5000,3.9726,17.1800,37549.6166,0,65280.0000,81147.0000
2021-08-01,2021,8,Santander,11,Informatica y telecomunicaciones,0,158.1703,-8.2000,4.4398,17.2400,39231.5154,-7.5000,3.9726,17.1800,37549.6166,0,65280.0000,81147.0000
2021-08-01,2021,8,Santander,12,Sonido y video,0,102.3471,-8.2000,4.4398,17.2400,39231.5154,-7.5000,3.9726,17.1800,37549.6166,0,65280.0000,81147.0000
2021-08-01,2021,8,Santander,14,"Ferreteria, vidrios y pinturas",0,123.8330,-8.2000,4.4398,17.2400,39231.5154,-7.5000,3.9726,17.1800,37549.6166,0,65280.0000,81147.0000
2021-08-01,2021,8,Santander,15,Otras mercancias de uso domestico,0,100.5486,-8.2000,4.4398,17.2400,39231.5154,-7.5000,3.9726,17.1800,37549.6166,0,65280.0000,81147.0000
2021-08-01,2021,8,Valle del Cauca,4,Prendas de vestir y textiles,0,92.7545,-8.2000,4.4398,17.2400,39231.5154,-7.5000,3.9726,17.1800,37549.6166,0,195480.0000,140565.0000
2021-08-01,2021,8,Valle del Cauca,8,Electrodomesticos y muebles,1,124.8521,-8.2000,4.4398,17.2400,39231.5154,-7.5000,3.9726,17.1800,37549.6166,0,195480.0000,140565.0000
2021-08-01,2021,8,Valle del Cauca,9,Articulos y utensilios domesticos,0,110.7712,-8.2000,4.4398,17.2400,39231.5154,-7.5000,3.9726,17.1800,37549.6166,0,195480.0000,140565.0000
2021-08-01,2021,8,Valle del Cauca,10,Aseo del hogar,0,141.6614,-8.2000,4.4398,17.2400,39231.5154,-7.5000,3.9726,17.1800,37549.6166,0,195480.0000,140565.0000
2021-08-01,2021,8,Valle del Cauca,11,Informatica y telecomunicaciones,0,167.4250,-8.2000,4.4398,17.2400,39231.5154,-7.5000,3.9726,17.1800,37549.6166,0,195480.0000,140565.0000
2021-08-01,2021,8,Valle del Cauca,12,Sonido y video,0,102.7201,-8.2000,4.4398,17.2400,39231.5154,-7.5000,3.9726,17.1800,37549.6166,0,195480.0000,140565.0000
2021-08-01,2021,8,Valle del Cauca,14,"Ferreteria, vidrios y pinturas",0,118.3792,-8.2000,4.4398,17.2400,39231.5154,-7.5000,3.9726,17.1800,37549.6166,0,195480.0000,140565.0000
2021-08-01,2021,8,Valle del Cauca,15,Otras mercancias de uso domestico,0,100.0182,-8.2000,4.4398,17.2400,39231.5154,-7.5000,3.9726,17.1800,37549.6166,0,195480.0000,140565.0000
2021-08-01,2021,8,Otros departamentos,4,Prendas de vestir y textiles,0,95.5978,-8.2000,4.4398,17.2400,39231.5154,-7.5000,3.9726,17.1800,37549.6166,0,915463.0000,620022.0000
2021-08-01,2021,8,Otros departamentos,8,Electrodomesticos y muebles,1,129.3101,-8.2000,4.4398,17.2400,39231.5154,-7.5000,3.9726,17.1800,37549.6166,0,915463.0000,620022.0000
2021-08-01,2021,8,Otros departamentos,9,Articulos y utensilios domesticos,0,115.0763,-8.2000,4.4398,17.2400,39231.5154,-7.5000,3.9726,17.1800,37549.6166,0,915463.0000,620022.0000
2021-08-01,2021,8,Otros departamentos,10,Aseo del hogar,0,131.2426,-8.2000,4.4398,17.2400,39231.5154,-7.5000,3.9726,17.1800,37549.6166,0,915463.0000,620022.0000
2021-08-01,2021,8,Otros departamentos,11,Informatica y telecomunicaciones,0,165.5974,-8.2000,4.4398,17.2400,39231.5154,-7.5000,3.9726,17.1800,37549.6166,0,915463.0000,620022.0000
2021-08-01,2021,8,Otros departamentos,12,Sonido y video,0,103.1961,-8.2000,4.4398,17.2400,39231.5154,-7.5000,3.9726,17.1800,37549.6166,0,915463.0000,620022.0000
2021-08-01,2021,8,Otros departamentos,14,"Ferreteria, vidrios y pinturas",0,119.8954,-8.2000,4.4398,17.2400,39231.5154,-7.5000,3.9726,17.1800,37549.6166,0,915463.0000,620022.0000
2021-08-01,2021,8,Otros departamentos,15,Otras mercancias de uso domestico,0,103.8722,-8.2000,4.4398,17.2400,39231.5154,-7.5000,3.9726,17.1800,37549.6166,0,915463.0000,620022.0000
2021-09-01,2021,9,Antioquia,4,Prendas de vestir y textiles,0,102.1280,-3.0000,4.5113,17.1900,42028.1853,-8.2000,4.4398,17.2400,39231.5154,0,260052.0000,389606.0000
2021-09-01,2021,9,Antioquia,8,Electrodomesticos y muebles,1,113.5912,-3.0000,4.5113,17.1900,42028.1853,-8.2000,4.4398,17.2400,39231.5154,0,260052.0000,389606.0000
2021-09-01,2021,9,Antioquia,9,Articulos y utensilios domesticos,0,110.8880,-3.0000,4.5113,17.1900,42028.1853,-8.2000,4.4398,17.2400,39231.5154,0,260052.0000,389606.0000
2021-09-01,2021,9,Antioquia,10,Aseo del hogar,0,141.2987,-3.0000,4.5113,17.1900,42028.1853,-8.2000,4.4398,17.2400,39231.5154,0,260052.0000,389606.0000
2021-09-01,2021,9,Antioquia,11,Informatica y telecomunicaciones,0,141.0858,-3.0000,4.5113,17.1900,42028.1853,-8.2000,4.4398,17.2400,39231.5154,0,260052.0000,389606.0000
2021-09-01,2021,9,Antioquia,12,Sonido y video,0,93.6735,-3.0000,4.5113,17.1900,42028.1853,-8.2000,4.4398,17.2400,39231.5154,0,260052.0000,389606.0000
2021-09-01,2021,9,Antioquia,14,"Ferreteria, vidrios y pinturas",0,126.3148,-3.0000,4.5113,17.1900,42028.1853,-8.2000,4.4398,17.2400,39231.5154,0,260052.0000,389606.0000
2021-09-01,2021,9,Antioquia,15,Otras mercancias de uso domestico,0,106.0679,-3.0000,4.5113,17.1900,42028.1853,-8.2000,4.4398,17.2400,39231.5154,0,260052.0000,389606.0000
2021-09-01,2021,9,Atlantico,4,Prendas de vestir y textiles,0,96.4089,-3.0000,4.5113,17.1900,42028.1853,-8.2000,4.4398,17.2400,39231.5154,0,48678.0000,97238.0000
2021-09-01,2021,9,Atlantico,8,Electrodomesticos y muebles,1,107.3189,-3.0000,4.5113,17.1900,42028.1853,-8.2000,4.4398,17.2400,39231.5154,0,48678.0000,97238.0000
2021-09-01,2021,9,Atlantico,9,Articulos y utensilios domesticos,0,106.2673,-3.0000,4.5113,17.1900,42028.1853,-8.2000,4.4398,17.2400,39231.5154,0,48678.0000,97238.0000
2021-09-01,2021,9,Atlantico,10,Aseo del hogar,0,129.1039,-3.0000,4.5113,17.1900,42028.1853,-8.2000,4.4398,17.2400,39231.5154,0,48678.0000,97238.0000
2021-09-01,2021,9,Atlantico,11,Informatica y telecomunicaciones,0,130.2460,-3.0000,4.5113,17.1900,42028.1853,-8.2000,4.4398,17.2400,39231.5154,0,48678.0000,97238.0000
2021-09-01,2021,9,Atlantico,12,Sonido y video,0,83.4048,-3.0000,4.5113,17.1900,42028.1853,-8.2000,4.4398,17.2400,39231.5154,0,48678.0000,97238.0000
2021-09-01,2021,9,Atlantico,14,"Ferreteria, vidrios y pinturas",0,118.7114,-3.0000,4.5113,17.1900,42028.1853,-8.2000,4.4398,17.2400,39231.5154,0,48678.0000,97238.0000
2021-09-01,2021,9,Atlantico,15,Otras mercancias de uso domestico,0,100.4680,-3.0000,4.5113,17.1900,42028.1853,-8.2000,4.4398,17.2400,39231.5154,0,48678.0000,97238.0000
2021-09-01,2021,9,Bogota,4,Prendas de vestir y textiles,0,111.4496,-3.0000,4.5113,17.1900,42028.1853,-8.2000,4.4398,17.2400,39231.5154,0,201748.0000,119603.0000
2021-09-01,2021,9,Bogota,8,Electrodomesticos y muebles,1,128.8305,-3.0000,4.5113,17.1900,42028.1853,-8.2000,4.4398,17.2400,39231.5154,0,201748.0000,119603.0000
2021-09-01,2021,9,Bogota,9,Articulos y utensilios domesticos,0,122.1772,-3.0000,4.5113,17.1900,42028.1853,-8.2000,4.4398,17.2400,39231.5154,0,201748.0000,119603.0000
2021-09-01,2021,9,Bogota,10,Aseo del hogar,0,150.5976,-3.0000,4.5113,17.1900,42028.1853,-8.2000,4.4398,17.2400,39231.5154,0,201748.0000,119603.0000
2021-09-01,2021,9,Bogota,11,Informatica y telecomunicaciones,0,157.6538,-3.0000,4.5113,17.1900,42028.1853,-8.2000,4.4398,17.2400,39231.5154,0,201748.0000,119603.0000
2021-09-01,2021,9,Bogota,12,Sonido y video,0,102.0828,-3.0000,4.5113,17.1900,42028.1853,-8.2000,4.4398,17.2400,39231.5154,0,201748.0000,119603.0000
2021-09-01,2021,9,Bogota,14,"Ferreteria, vidrios y pinturas",0,139.3839,-3.0000,4.5113,17.1900,42028.1853,-8.2000,4.4398,17.2400,39231.5154,0,201748.0000,119603.0000
2021-09-01,2021,9,Bogota,15,Otras mercancias de uso domestico,0,116.9889,-3.0000,4.5113,17.1900,42028.1853,-8.2000,4.4398,17.2400,39231.5154,0,201748.0000,119603.0000
2021-09-01,2021,9,Cundinamarca,4,Prendas de vestir y textiles,0,119.1212,-3.0000,4.5113,17.1900,42028.1853,-8.2000,4.4398,17.2400,39231.5154,0,208929.0000,113622.0000
2021-09-01,2021,9,Cundinamarca,8,Electrodomesticos y muebles,1,134.2505,-3.0000,4.5113,17.1900,42028.1853,-8.2000,4.4398,17.2400,39231.5154,0,208929.0000,113622.0000
2021-09-01,2021,9,Cundinamarca,9,Articulos y utensilios domesticos,0,133.7327,-3.0000,4.5113,17.1900,42028.1853,-8.2000,4.4398,17.2400,39231.5154,0,208929.0000,113622.0000
2021-09-01,2021,9,Cundinamarca,10,Aseo del hogar,0,160.6216,-3.0000,4.5113,17.1900,42028.1853,-8.2000,4.4398,17.2400,39231.5154,0,208929.0000,113622.0000
2021-09-01,2021,9,Cundinamarca,11,Informatica y telecomunicaciones,0,158.5900,-3.0000,4.5113,17.1900,42028.1853,-8.2000,4.4398,17.2400,39231.5154,0,208929.0000,113622.0000
2021-09-01,2021,9,Cundinamarca,12,Sonido y video,0,106.6645,-3.0000,4.5113,17.1900,42028.1853,-8.2000,4.4398,17.2400,39231.5154,0,208929.0000,113622.0000
2021-09-01,2021,9,Cundinamarca,14,"Ferreteria, vidrios y pinturas",0,148.7673,-3.0000,4.5113,17.1900,42028.1853,-8.2000,4.4398,17.2400,39231.5154,0,208929.0000,113622.0000
2021-09-01,2021,9,Cundinamarca,15,Otras mercancias de uso domestico,0,124.7304,-3.0000,4.5113,17.1900,42028.1853,-8.2000,4.4398,17.2400,39231.5154,0,208929.0000,113622.0000
2021-09-01,2021,9,Santander,4,Prendas de vestir y textiles,0,93.2536,-3.0000,4.5113,17.1900,42028.1853,-8.2000,4.4398,17.2400,39231.5154,0,108241.0000,65280.0000
2021-09-01,2021,9,Santander,8,Electrodomesticos y muebles,1,109.0853,-3.0000,4.5113,17.1900,42028.1853,-8.2000,4.4398,17.2400,39231.5154,0,108241.0000,65280.0000
2021-09-01,2021,9,Santander,9,Articulos y utensilios domesticos,0,107.5132,-3.0000,4.5113,17.1900,42028.1853,-8.2000,4.4398,17.2400,39231.5154,0,108241.0000,65280.0000
2021-09-01,2021,9,Santander,10,Aseo del hogar,0,131.5338,-3.0000,4.5113,17.1900,42028.1853,-8.2000,4.4398,17.2400,39231.5154,0,108241.0000,65280.0000
2021-09-01,2021,9,Santander,11,Informatica y telecomunicaciones,0,127.9867,-3.0000,4.5113,17.1900,42028.1853,-8.2000,4.4398,17.2400,39231.5154,0,108241.0000,65280.0000
2021-09-01,2021,9,Santander,12,Sonido y video,0,84.7246,-3.0000,4.5113,17.1900,42028.1853,-8.2000,4.4398,17.2400,39231.5154,0,108241.0000,65280.0000
2021-09-01,2021,9,Santander,14,"Ferreteria, vidrios y pinturas",0,120.4821,-3.0000,4.5113,17.1900,42028.1853,-8.2000,4.4398,17.2400,39231.5154,0,108241.0000,65280.0000
2021-09-01,2021,9,Santander,15,Otras mercancias de uso domestico,0,99.8533,-3.0000,4.5113,17.1900,42028.1853,-8.2000,4.4398,17.2400,39231.5154,0,108241.0000,65280.0000
2021-09-01,2021,9,Valle del Cauca,4,Prendas de vestir y textiles,0,97.1734,-3.0000,4.5113,17.1900,42028.1853,-8.2000,4.4398,17.2400,39231.5154,0,110117.0000,195480.0000
2021-09-01,2021,9,Valle del Cauca,8,Electrodomesticos y muebles,1,110.3386,-3.0000,4.5113,17.1900,42028.1853,-8.2000,4.4398,17.2400,39231.5154,0,110117.0000,195480.0000
2021-09-01,2021,9,Valle del Cauca,9,Articulos y utensilios domesticos,0,111.3769,-3.0000,4.5113,17.1900,42028.1853,-8.2000,4.4398,17.2400,39231.5154,0,110117.0000,195480.0000
2021-09-01,2021,9,Valle del Cauca,10,Aseo del hogar,0,138.1484,-3.0000,4.5113,17.1900,42028.1853,-8.2000,4.4398,17.2400,39231.5154,0,110117.0000,195480.0000
2021-09-01,2021,9,Valle del Cauca,11,Informatica y telecomunicaciones,0,139.5837,-3.0000,4.5113,17.1900,42028.1853,-8.2000,4.4398,17.2400,39231.5154,0,110117.0000,195480.0000
2021-09-01,2021,9,Valle del Cauca,12,Sonido y video,0,87.8967,-3.0000,4.5113,17.1900,42028.1853,-8.2000,4.4398,17.2400,39231.5154,0,110117.0000,195480.0000
2021-09-01,2021,9,Valle del Cauca,14,"Ferreteria, vidrios y pinturas",0,122.8866,-3.0000,4.5113,17.1900,42028.1853,-8.2000,4.4398,17.2400,39231.5154,0,110117.0000,195480.0000
2021-09-01,2021,9,Valle del Cauca,15,Otras mercancias de uso domestico,0,101.5232,-3.0000,4.5113,17.1900,42028.1853,-8.2000,4.4398,17.2400,39231.5154,0,110117.0000,195480.0000
2021-09-01,2021,9,Otros departamentos,4,Prendas de vestir y textiles,0,98.0434,-3.0000,4.5113,17.1900,42028.1853,-8.2000,4.4398,17.2400,39231.5154,0,759362.0000,915463.0000
2021-09-01,2021,9,Otros departamentos,8,Electrodomesticos y muebles,1,109.9981,-3.0000,4.5113,17.1900,42028.1853,-8.2000,4.4398,17.2400,39231.5154,0,759362.0000,915463.0000
2021-09-01,2021,9,Otros departamentos,9,Articulos y utensilios domesticos,0,112.4962,-3.0000,4.5113,17.1900,42028.1853,-8.2000,4.4398,17.2400,39231.5154,0,759362.0000,915463.0000
2021-09-01,2021,9,Otros departamentos,10,Aseo del hogar,0,126.3992,-3.0000,4.5113,17.1900,42028.1853,-8.2000,4.4398,17.2400,39231.5154,0,759362.0000,915463.0000
2021-09-01,2021,9,Otros departamentos,11,Informatica y telecomunicaciones,0,132.9427,-3.0000,4.5113,17.1900,42028.1853,-8.2000,4.4398,17.2400,39231.5154,0,759362.0000,915463.0000
2021-09-01,2021,9,Otros departamentos,12,Sonido y video,0,84.1658,-3.0000,4.5113,17.1900,42028.1853,-8.2000,4.4398,17.2400,39231.5154,0,759362.0000,915463.0000
2021-09-01,2021,9,Otros departamentos,14,"Ferreteria, vidrios y pinturas",0,118.8765,-3.0000,4.5113,17.1900,42028.1853,-8.2000,4.4398,17.2400,39231.5154,0,759362.0000,915463.0000
2021-09-01,2021,9,Otros departamentos,15,Otras mercancias de uso domestico,0,101.6778,-3.0000,4.5113,17.1900,42028.1853,-8.2000,4.4398,17.2400,39231.5154,0,759362.0000,915463.0000
2021-10-01,2021,10,Antioquia,4,Prendas de vestir y textiles,0,120.1825,-1.3000,4.5899,17.0800,47774.6823,-3.0000,4.5113,17.1900,42028.1853,0,278655.0000,260052.0000
2021-10-01,2021,10,Antioquia,8,Electrodomesticos y muebles,1,152.5323,-1.3000,4.5899,17.0800,47774.6823,-3.0000,4.5113,17.1900,42028.1853,0,278655.0000,260052.0000
2021-10-01,2021,10,Antioquia,9,Articulos y utensilios domesticos,0,127.9067,-1.3000,4.5899,17.0800,47774.6823,-3.0000,4.5113,17.1900,42028.1853,0,278655.0000,260052.0000
2021-10-01,2021,10,Antioquia,10,Aseo del hogar,0,146.7901,-1.3000,4.5899,17.0800,47774.6823,-3.0000,4.5113,17.1900,42028.1853,0,278655.0000,260052.0000
2021-10-01,2021,10,Antioquia,11,Informatica y telecomunicaciones,0,185.7827,-1.3000,4.5899,17.0800,47774.6823,-3.0000,4.5113,17.1900,42028.1853,0,278655.0000,260052.0000
2021-10-01,2021,10,Antioquia,12,Sonido y video,0,172.2169,-1.3000,4.5899,17.0800,47774.6823,-3.0000,4.5113,17.1900,42028.1853,0,278655.0000,260052.0000
2021-10-01,2021,10,Antioquia,14,"Ferreteria, vidrios y pinturas",0,127.4309,-1.3000,4.5899,17.0800,47774.6823,-3.0000,4.5113,17.1900,42028.1853,0,278655.0000,260052.0000
2021-10-01,2021,10,Antioquia,15,Otras mercancias de uso domestico,0,119.9563,-1.3000,4.5899,17.0800,47774.6823,-3.0000,4.5113,17.1900,42028.1853,0,278655.0000,260052.0000
2021-10-01,2021,10,Atlantico,4,Prendas de vestir y textiles,0,117.4515,-1.3000,4.5899,17.0800,47774.6823,-3.0000,4.5113,17.1900,42028.1853,0,108818.0000,48678.0000
2021-10-01,2021,10,Atlantico,8,Electrodomesticos y muebles,1,149.5380,-1.3000,4.5899,17.0800,47774.6823,-3.0000,4.5113,17.1900,42028.1853,0,108818.0000,48678.0000
2021-10-01,2021,10,Atlantico,9,Articulos y utensilios domesticos,0,127.7991,-1.3000,4.5899,17.0800,47774.6823,-3.0000,4.5113,17.1900,42028.1853,0,108818.0000,48678.0000
2021-10-01,2021,10,Atlantico,10,Aseo del hogar,0,136.5831,-1.3000,4.5899,17.0800,47774.6823,-3.0000,4.5113,17.1900,42028.1853,0,108818.0000,48678.0000
2021-10-01,2021,10,Atlantico,11,Informatica y telecomunicaciones,0,181.2773,-1.3000,4.5899,17.0800,47774.6823,-3.0000,4.5113,17.1900,42028.1853,0,108818.0000,48678.0000
2021-10-01,2021,10,Atlantico,12,Sonido y video,0,157.4516,-1.3000,4.5899,17.0800,47774.6823,-3.0000,4.5113,17.1900,42028.1853,0,108818.0000,48678.0000
2021-10-01,2021,10,Atlantico,14,"Ferreteria, vidrios y pinturas",0,125.6450,-1.3000,4.5899,17.0800,47774.6823,-3.0000,4.5113,17.1900,42028.1853,0,108818.0000,48678.0000
2021-10-01,2021,10,Atlantico,15,Otras mercancias de uso domestico,0,120.3226,-1.3000,4.5899,17.0800,47774.6823,-3.0000,4.5113,17.1900,42028.1853,0,108818.0000,48678.0000
2021-10-01,2021,10,Bogota,4,Prendas de vestir y textiles,0,137.3243,-1.3000,4.5899,17.0800,47774.6823,-3.0000,4.5113,17.1900,42028.1853,0,74804.0000,201748.0000
2021-10-01,2021,10,Bogota,8,Electrodomesticos y muebles,1,175.0342,-1.3000,4.5899,17.0800,47774.6823,-3.0000,4.5113,17.1900,42028.1853,0,74804.0000,201748.0000
2021-10-01,2021,10,Bogota,9,Articulos y utensilios domesticos,0,146.4272,-1.3000,4.5899,17.0800,47774.6823,-3.0000,4.5113,17.1900,42028.1853,0,74804.0000,201748.0000
2021-10-01,2021,10,Bogota,10,Aseo del hogar,0,164.7677,-1.3000,4.5899,17.0800,47774.6823,-3.0000,4.5113,17.1900,42028.1853,0,74804.0000,201748.0000
2021-10-01,2021,10,Bogota,11,Informatica y telecomunicaciones,0,212.7655,-1.3000,4.5899,17.0800,47774.6823,-3.0000,4.5113,17.1900,42028.1853,0,74804.0000,201748.0000
2021-10-01,2021,10,Bogota,12,Sonido y video,0,193.1539,-1.3000,4.5899,17.0800,47774.6823,-3.0000,4.5113,17.1900,42028.1853,0,74804.0000,201748.0000
2021-10-01,2021,10,Bogota,14,"Ferreteria, vidrios y pinturas",0,145.9307,-1.3000,4.5899,17.0800,47774.6823,-3.0000,4.5113,17.1900,42028.1853,0,74804.0000,201748.0000
2021-10-01,2021,10,Bogota,15,Otras mercancias de uso domestico,0,136.7487,-1.3000,4.5899,17.0800,47774.6823,-3.0000,4.5113,17.1900,42028.1853,0,74804.0000,201748.0000
2021-10-01,2021,10,Cundinamarca,4,Prendas de vestir y textiles,0,133.2872,-1.3000,4.5899,17.0800,47774.6823,-3.0000,4.5113,17.1900,42028.1853,0,218573.0000,208929.0000
2021-10-01,2021,10,Cundinamarca,8,Electrodomesticos y muebles,1,166.1345,-1.3000,4.5899,17.0800,47774.6823,-3.0000,4.5113,17.1900,42028.1853,0,218573.0000,208929.0000
2021-10-01,2021,10,Cundinamarca,9,Articulos y utensilios domesticos,0,144.2835,-1.3000,4.5899,17.0800,47774.6823,-3.0000,4.5113,17.1900,42028.1853,0,218573.0000,208929.0000
2021-10-01,2021,10,Cundinamarca,10,Aseo del hogar,0,155.6806,-1.3000,4.5899,17.0800,47774.6823,-3.0000,4.5113,17.1900,42028.1853,0,218573.0000,208929.0000
2021-10-01,2021,10,Cundinamarca,11,Informatica y telecomunicaciones,0,205.6281,-1.3000,4.5899,17.0800,47774.6823,-3.0000,4.5113,17.1900,42028.1853,0,218573.0000,208929.0000
2021-10-01,2021,10,Cundinamarca,12,Sonido y video,0,192.4276,-1.3000,4.5899,17.0800,47774.6823,-3.0000,4.5113,17.1900,42028.1853,0,218573.0000,208929.0000
2021-10-01,2021,10,Cundinamarca,14,"Ferreteria, vidrios y pinturas",0,144.8638,-1.3000,4.5899,17.0800,47774.6823,-3.0000,4.5113,17.1900,42028.1853,0,218573.0000,208929.0000
2021-10-01,2021,10,Cundinamarca,15,Otras mercancias de uso domestico,0,132.1950,-1.3000,4.5899,17.0800,47774.6823,-3.0000,4.5113,17.1900,42028.1853,0,218573.0000,208929.0000
2021-10-01,2021,10,Santander,4,Prendas de vestir y textiles,0,116.9514,-1.3000,4.5899,17.0800,47774.6823,-3.0000,4.5113,17.1900,42028.1853,0,39474.0000,108241.0000
2021-10-01,2021,10,Santander,8,Electrodomesticos y muebles,1,152.1401,-1.3000,4.5899,17.0800,47774.6823,-3.0000,4.5113,17.1900,42028.1853,0,39474.0000,108241.0000
2021-10-01,2021,10,Santander,9,Articulos y utensilios domesticos,0,127.1353,-1.3000,4.5899,17.0800,47774.6823,-3.0000,4.5113,17.1900,42028.1853,0,39474.0000,108241.0000
2021-10-01,2021,10,Santander,10,Aseo del hogar,0,141.6697,-1.3000,4.5899,17.0800,47774.6823,-3.0000,4.5113,17.1900,42028.1853,0,39474.0000,108241.0000
2021-10-01,2021,10,Santander,11,Informatica y telecomunicaciones,0,172.1412,-1.3000,4.5899,17.0800,47774.6823,-3.0000,4.5113,17.1900,42028.1853,0,39474.0000,108241.0000
2021-10-01,2021,10,Santander,12,Sonido y video,0,162.6438,-1.3000,4.5899,17.0800,47774.6823,-3.0000,4.5113,17.1900,42028.1853,0,39474.0000,108241.0000
2021-10-01,2021,10,Santander,14,"Ferreteria, vidrios y pinturas",0,122.0132,-1.3000,4.5899,17.0800,47774.6823,-3.0000,4.5113,17.1900,42028.1853,0,39474.0000,108241.0000
2021-10-01,2021,10,Santander,15,Otras mercancias de uso domestico,0,118.4754,-1.3000,4.5899,17.0800,47774.6823,-3.0000,4.5113,17.1900,42028.1853,0,39474.0000,108241.0000
2021-10-01,2021,10,Valle del Cauca,4,Prendas de vestir y textiles,0,109.6447,-1.3000,4.5899,17.0800,47774.6823,-3.0000,4.5113,17.1900,42028.1853,0,109600.0000,110117.0000
2021-10-01,2021,10,Valle del Cauca,8,Electrodomesticos y muebles,1,143.3010,-1.3000,4.5899,17.0800,47774.6823,-3.0000,4.5113,17.1900,42028.1853,0,109600.0000,110117.0000
2021-10-01,2021,10,Valle del Cauca,9,Articulos y utensilios domesticos,0,126.1532,-1.3000,4.5899,17.0800,47774.6823,-3.0000,4.5113,17.1900,42028.1853,0,109600.0000,110117.0000
2021-10-01,2021,10,Valle del Cauca,10,Aseo del hogar,0,136.4752,-1.3000,4.5899,17.0800,47774.6823,-3.0000,4.5113,17.1900,42028.1853,0,109600.0000,110117.0000
2021-10-01,2021,10,Valle del Cauca,11,Informatica y telecomunicaciones,0,174.4525,-1.3000,4.5899,17.0800,47774.6823,-3.0000,4.5113,17.1900,42028.1853,0,109600.0000,110117.0000
2021-10-01,2021,10,Valle del Cauca,12,Sonido y video,0,151.7465,-1.3000,4.5899,17.0800,47774.6823,-3.0000,4.5113,17.1900,42028.1853,0,109600.0000,110117.0000
2021-10-01,2021,10,Valle del Cauca,14,"Ferreteria, vidrios y pinturas",0,118.6406,-1.3000,4.5899,17.0800,47774.6823,-3.0000,4.5113,17.1900,42028.1853,0,109600.0000,110117.0000
2021-10-01,2021,10,Valle del Cauca,15,Otras mercancias de uso domestico,0,112.1140,-1.3000,4.5899,17.0800,47774.6823,-3.0000,4.5113,17.1900,42028.1853,0,109600.0000,110117.0000
2021-10-01,2021,10,Otros departamentos,4,Prendas de vestir y textiles,0,113.0202,-1.3000,4.5899,17.0800,47774.6823,-3.0000,4.5113,17.1900,42028.1853,0,586677.0000,759362.0000
2021-10-01,2021,10,Otros departamentos,8,Electrodomesticos y muebles,1,146.4181,-1.3000,4.5899,17.0800,47774.6823,-3.0000,4.5113,17.1900,42028.1853,0,586677.0000,759362.0000
2021-10-01,2021,10,Otros departamentos,9,Articulos y utensilios domesticos,0,127.0670,-1.3000,4.5899,17.0800,47774.6823,-3.0000,4.5113,17.1900,42028.1853,0,586677.0000,759362.0000
2021-10-01,2021,10,Otros departamentos,10,Aseo del hogar,0,132.0185,-1.3000,4.5899,17.0800,47774.6823,-3.0000,4.5113,17.1900,42028.1853,0,586677.0000,759362.0000
2021-10-01,2021,10,Otros departamentos,11,Informatica y telecomunicaciones,0,175.3059,-1.3000,4.5899,17.0800,47774.6823,-3.0000,4.5113,17.1900,42028.1853,0,586677.0000,759362.0000
2021-10-01,2021,10,Otros departamentos,12,Sonido y video,0,159.5942,-1.3000,4.5899,17.0800,47774.6823,-3.0000,4.5113,17.1900,42028.1853,0,586677.0000,759362.0000
2021-10-01,2021,10,Otros departamentos,14,"Ferreteria, vidrios y pinturas",0,120.8939,-1.3000,4.5899,17.0800,47774.6823,-3.0000,4.5113,17.1900,42028.1853,0,586677.0000,759362.0000
2021-10-01,2021,10,Otros departamentos,15,Otras mercancias de uso domestico,0,115.8695,-1.3000,4.5899,17.0800,47774.6823,-3.0000,4.5113,17.1900,42028.1853,0,586677.0000,759362.0000
2021-11-01,2021,11,Antioquia,4,Prendas de vestir y textiles,0,141.3631,-1.4000,5.2531,17.2700,50224.6199,-1.3000,4.5899,17.0800,47774.6823,0,275771.0000,278655.0000
2021-11-01,2021,11,Antioquia,8,Electrodomesticos y muebles,1,139.1409,-1.4000,5.2531,17.2700,50224.6199,-1.3000,4.5899,17.0800,47774.6823,0,275771.0000,278655.0000
2021-11-01,2021,11,Antioquia,9,Articulos y utensilios domesticos,0,135.0641,-1.4000,5.2531,17.2700,50224.6199,-1.3000,4.5899,17.0800,47774.6823,0,275771.0000,278655.0000
2021-11-01,2021,11,Antioquia,10,Aseo del hogar,0,139.8131,-1.4000,5.2531,17.2700,50224.6199,-1.3000,4.5899,17.0800,47774.6823,0,275771.0000,278655.0000
2021-11-01,2021,11,Antioquia,11,Informatica y telecomunicaciones,0,178.3453,-1.4000,5.2531,17.2700,50224.6199,-1.3000,4.5899,17.0800,47774.6823,0,275771.0000,278655.0000
2021-11-01,2021,11,Antioquia,12,Sonido y video,0,143.5520,-1.4000,5.2531,17.2700,50224.6199,-1.3000,4.5899,17.0800,47774.6823,0,275771.0000,278655.0000
2021-11-01,2021,11,Antioquia,14,"Ferreteria, vidrios y pinturas",0,130.4486,-1.4000,5.2531,17.2700,50224.6199,-1.3000,4.5899,17.0800,47774.6823,0,275771.0000,278655.0000
2021-11-01,2021,11,Antioquia,15,Otras mercancias de uso domestico,0,141.9673,-1.4000,5.2531,17.2700,50224.6199,-1.3000,4.5899,17.0800,47774.6823,0,275771.0000,278655.0000
2021-11-01,2021,11,Atlantico,4,Prendas de vestir y textiles,0,142.8425,-1.4000,5.2531,17.2700,50224.6199,-1.3000,4.5899,17.0800,47774.6823,0,30757.0000,108818.0000
2021-11-01,2021,11,Atlantico,8,Electrodomesticos y muebles,1,137.1081,-1.4000,5.2531,17.2700,50224.6199,-1.3000,4.5899,17.0800,47774.6823,0,30757.0000,108818.0000
2021-11-01,2021,11,Atlantico,9,Articulos y utensilios domesticos,0,141.0408,-1.4000,5.2531,17.2700,50224.6199,-1.3000,4.5899,17.0800,47774.6823,0,30757.0000,108818.0000
2021-11-01,2021,11,Atlantico,10,Aseo del hogar,0,130.4804,-1.4000,5.2531,17.2700,50224.6199,-1.3000,4.5899,17.0800,47774.6823,0,30757.0000,108818.0000
2021-11-01,2021,11,Atlantico,11,Informatica y telecomunicaciones,0,179.8152,-1.4000,5.2531,17.2700,50224.6199,-1.3000,4.5899,17.0800,47774.6823,0,30757.0000,108818.0000
2021-11-01,2021,11,Atlantico,12,Sonido y video,0,140.8410,-1.4000,5.2531,17.2700,50224.6199,-1.3000,4.5899,17.0800,47774.6823,0,30757.0000,108818.0000
2021-11-01,2021,11,Atlantico,14,"Ferreteria, vidrios y pinturas",0,133.6467,-1.4000,5.2531,17.2700,50224.6199,-1.3000,4.5899,17.0800,47774.6823,0,30757.0000,108818.0000
2021-11-01,2021,11,Atlantico,15,Otras mercancias de uso domestico,0,141.3287,-1.4000,5.2531,17.2700,50224.6199,-1.3000,4.5899,17.0800,47774.6823,0,30757.0000,108818.0000
2021-11-01,2021,11,Bogota,4,Prendas de vestir y textiles,0,163.8272,-1.4000,5.2531,17.2700,50224.6199,-1.3000,4.5899,17.0800,47774.6823,0,272612.0000,74804.0000
2021-11-01,2021,11,Bogota,8,Electrodomesticos y muebles,1,172.0767,-1.4000,5.2531,17.2700,50224.6199,-1.3000,4.5899,17.0800,47774.6823,0,272612.0000,74804.0000
2021-11-01,2021,11,Bogota,9,Articulos y utensilios domesticos,0,156.1019,-1.4000,5.2531,17.2700,50224.6199,-1.3000,4.5899,17.0800,47774.6823,0,272612.0000,74804.0000
2021-11-01,2021,11,Bogota,10,Aseo del hogar,0,167.3719,-1.4000,5.2531,17.2700,50224.6199,-1.3000,4.5899,17.0800,47774.6823,0,272612.0000,74804.0000
2021-11-01,2021,11,Bogota,11,Informatica y telecomunicaciones,0,214.1358,-1.4000,5.2531,17.2700,50224.6199,-1.3000,4.5899,17.0800,47774.6823,0,272612.0000,74804.0000
2021-11-01,2021,11,Bogota,12,Sonido y video,0,164.7413,-1.4000,5.2531,17.2700,50224.6199,-1.3000,4.5899,17.0800,47774.6823,0,272612.0000,74804.0000
2021-11-01,2021,11,Bogota,14,"Ferreteria, vidrios y pinturas",0,156.0781,-1.4000,5.2531,17.2700,50224.6199,-1.3000,4.5899,17.0800,47774.6823,0,272612.0000,74804.0000
2021-11-01,2021,11,Bogota,15,Otras mercancias de uso domestico,0,164.7881,-1.4000,5.2531,17.2700,50224.6199,-1.3000,4.5899,17.0800,47774.6823,0,272612.0000,74804.0000
2021-11-01,2021,11,Cundinamarca,4,Prendas de vestir y textiles,0,163.1606,-1.4000,5.2531,17.2700,50224.6199,-1.3000,4.5899,17.0800,47774.6823,0,271798.0000,218573.0000
2021-11-01,2021,11,Cundinamarca,8,Electrodomesticos y muebles,1,163.1035,-1.4000,5.2531,17.2700,50224.6199,-1.3000,4.5899,17.0800,47774.6823,0,271798.0000,218573.0000
2021-11-01,2021,11,Cundinamarca,9,Articulos y utensilios domesticos,0,152.5304,-1.4000,5.2531,17.2700,50224.6199,-1.3000,4.5899,17.0800,47774.6823,0,271798.0000,218573.0000
2021-11-01,2021,11,Cundinamarca,10,Aseo del hogar,0,155.1086,-1.4000,5.2531,17.2700,50224.6199,-1.3000,4.5899,17.0800,47774.6823,0,271798.0000,218573.0000
2021-11-01,2021,11,Cundinamarca,11,Informatica y telecomunicaciones,0,203.5018,-1.4000,5.2531,17.2700,50224.6199,-1.3000,4.5899,17.0800,47774.6823,0,271798.0000,218573.0000
2021-11-01,2021,11,Cundinamarca,12,Sonido y video,0,168.0661,-1.4000,5.2531,17.2700,50224.6199,-1.3000,4.5899,17.0800,47774.6823,0,271798.0000,218573.0000
2021-11-01,2021,11,Cundinamarca,14,"Ferreteria, vidrios y pinturas",0,150.8293,-1.4000,5.2531,17.2700,50224.6199,-1.3000,4.5899,17.0800,47774.6823,0,271798.0000,218573.0000
2021-11-01,2021,11,Cundinamarca,15,Otras mercancias de uso domestico,0,165.4634,-1.4000,5.2531,17.2700,50224.6199,-1.3000,4.5899,17.0800,47774.6823,0,271798.0000,218573.0000
2021-11-01,2021,11,Santander,4,Prendas de vestir y textiles,0,134.8746,-1.4000,5.2531,17.2700,50224.6199,-1.3000,4.5899,17.0800,47774.6823,0,79092.0000,39474.0000
2021-11-01,2021,11,Santander,8,Electrodomesticos y muebles,1,136.1462,-1.4000,5.2531,17.2700,50224.6199,-1.3000,4.5899,17.0800,47774.6823,0,79092.0000,39474.0000
2021-11-01,2021,11,Santander,9,Articulos y utensilios domesticos,0,130.3951,-1.4000,5.2531,17.2700,50224.6199,-1.3000,4.5899,17.0800,47774.6823,0,79092.0000,39474.0000
2021-11-01,2021,11,Santander,10,Aseo del hogar,0,132.1085,-1.4000,5.2531,17.2700,50224.6199,-1.3000,4.5899,17.0800,47774.6823,0,79092.0000,39474.0000
2021-11-01,2021,11,Santander,11,Informatica y telecomunicaciones,0,164.8260,-1.4000,5.2531,17.2700,50224.6199,-1.3000,4.5899,17.0800,47774.6823,0,79092.0000,39474.0000
2021-11-01,2021,11,Santander,12,Sonido y video,0,135.1973,-1.4000,5.2531,17.2700,50224.6199,-1.3000,4.5899,17.0800,47774.6823,0,79092.0000,39474.0000
2021-11-01,2021,11,Santander,14,"Ferreteria, vidrios y pinturas",0,123.6625,-1.4000,5.2531,17.2700,50224.6199,-1.3000,4.5899,17.0800,47774.6823,0,79092.0000,39474.0000
2021-11-01,2021,11,Santander,15,Otras mercancias de uso domestico,0,132.2778,-1.4000,5.2531,17.2700,50224.6199,-1.3000,4.5899,17.0800,47774.6823,0,79092.0000,39474.0000
2021-11-01,2021,11,Valle del Cauca,4,Prendas de vestir y textiles,0,136.4299,-1.4000,5.2531,17.2700,50224.6199,-1.3000,4.5899,17.0800,47774.6823,0,116642.0000,109600.0000
2021-11-01,2021,11,Valle del Cauca,8,Electrodomesticos y muebles,1,137.4524,-1.4000,5.2531,17.2700,50224.6199,-1.3000,4.5899,17.0800,47774.6823,0,116642.0000,109600.0000
2021-11-01,2021,11,Valle del Cauca,9,Articulos y utensilios domesticos,0,137.0620,-1.4000,5.2531,17.2700,50224.6199,-1.3000,4.5899,17.0800,47774.6823,0,116642.0000,109600.0000
2021-11-01,2021,11,Valle del Cauca,10,Aseo del hogar,0,136.3474,-1.4000,5.2531,17.2700,50224.6199,-1.3000,4.5899,17.0800,47774.6823,0,116642.0000,109600.0000
2021-11-01,2021,11,Valle del Cauca,11,Informatica y telecomunicaciones,0,176.8078,-1.4000,5.2531,17.2700,50224.6199,-1.3000,4.5899,17.0800,47774.6823,0,116642.0000,109600.0000
2021-11-01,2021,11,Valle del Cauca,12,Sonido y video,0,141.3640,-1.4000,5.2531,17.2700,50224.6199,-1.3000,4.5899,17.0800,47774.6823,0,116642.0000,109600.0000
2021-11-01,2021,11,Valle del Cauca,14,"Ferreteria, vidrios y pinturas",0,131.2368,-1.4000,5.2531,17.2700,50224.6199,-1.3000,4.5899,17.0800,47774.6823,0,116642.0000,109600.0000
2021-11-01,2021,11,Valle del Cauca,15,Otras mercancias de uso domestico,0,140.6562,-1.4000,5.2531,17.2700,50224.6199,-1.3000,4.5899,17.0800,47774.6823,0,116642.0000,109600.0000
2021-11-01,2021,11,Otros departamentos,4,Prendas de vestir y textiles,0,128.1999,-1.4000,5.2531,17.2700,50224.6199,-1.3000,4.5899,17.0800,47774.6823,0,582909.0000,586677.0000
2021-11-01,2021,11,Otros departamentos,8,Electrodomesticos y muebles,1,133.8213,-1.4000,5.2531,17.2700,50224.6199,-1.3000,4.5899,17.0800,47774.6823,0,582909.0000,586677.0000
2021-11-01,2021,11,Otros departamentos,9,Articulos y utensilios domesticos,0,131.9176,-1.4000,5.2531,17.2700,50224.6199,-1.3000,4.5899,17.0800,47774.6823,0,582909.0000,586677.0000
2021-11-01,2021,11,Otros departamentos,10,Aseo del hogar,0,125.8855,-1.4000,5.2531,17.2700,50224.6199,-1.3000,4.5899,17.0800,47774.6823,0,582909.0000,586677.0000
2021-11-01,2021,11,Otros departamentos,11,Informatica y telecomunicaciones,0,172.1548,-1.4000,5.2531,17.2700,50224.6199,-1.3000,4.5899,17.0800,47774.6823,0,582909.0000,586677.0000
2021-11-01,2021,11,Otros departamentos,12,Sonido y video,0,130.6168,-1.4000,5.2531,17.2700,50224.6199,-1.3000,4.5899,17.0800,47774.6823,0,582909.0000,586677.0000
2021-11-01,2021,11,Otros departamentos,14,"Ferreteria, vidrios y pinturas",0,124.5542,-1.4000,5.2531,17.2700,50224.6199,-1.3000,4.5899,17.0800,47774.6823,0,582909.0000,586677.0000
2021-11-01,2021,11,Otros departamentos,15,Otras mercancias de uso domestico,0,133.5824,-1.4000,5.2531,17.2700,50224.6199,-1.3000,4.5899,17.0800,47774.6823,0,582909.0000,586677.0000
2021-12-01,2021,12,Antioquia,4,Prendas de vestir y textiles,0,301.8192,-7.0000,5.6219,17.4600,53701.3659,-1.4000,5.2531,17.2700,50224.6199,0,441771.0000,275771.0000
2021-12-01,2021,12,Antioquia,8,Electrodomesticos y muebles,1,158.8514,-7.0000,5.6219,17.4600,53701.3659,-1.4000,5.2531,17.2700,50224.6199,0,441771.0000,275771.0000
2021-12-01,2021,12,Antioquia,9,Articulos y utensilios domesticos,0,170.9009,-7.0000,5.6219,17.4600,53701.3659,-1.4000,5.2531,17.2700,50224.6199,0,441771.0000,275771.0000
2021-12-01,2021,12,Antioquia,10,Aseo del hogar,0,158.5090,-7.0000,5.6219,17.4600,53701.3659,-1.4000,5.2531,17.2700,50224.6199,0,441771.0000,275771.0000
2021-12-01,2021,12,Antioquia,11,Informatica y telecomunicaciones,0,246.5852,-7.0000,5.6219,17.4600,53701.3659,-1.4000,5.2531,17.2700,50224.6199,0,441771.0000,275771.0000
2021-12-01,2021,12,Antioquia,12,Sonido y video,0,182.2531,-7.0000,5.6219,17.4600,53701.3659,-1.4000,5.2531,17.2700,50224.6199,0,441771.0000,275771.0000
2021-12-01,2021,12,Antioquia,14,"Ferreteria, vidrios y pinturas",0,129.5150,-7.0000,5.6219,17.4600,53701.3659,-1.4000,5.2531,17.2700,50224.6199,0,441771.0000,275771.0000
2021-12-01,2021,12,Antioquia,15,Otras mercancias de uso domestico,0,187.9114,-7.0000,5.6219,17.4600,53701.3659,-1.4000,5.2531,17.2700,50224.6199,0,441771.0000,275771.0000
2021-12-01,2021,12,Atlantico,4,Prendas de vestir y textiles,0,304.9079,-7.0000,5.6219,17.4600,53701.3659,-1.4000,5.2531,17.2700,50224.6199,0,159727.0000,30757.0000
2021-12-01,2021,12,Atlantico,8,Electrodomesticos y muebles,1,163.2990,-7.0000,5.6219,17.4600,53701.3659,-1.4000,5.2531,17.2700,50224.6199,0,159727.0000,30757.0000
2021-12-01,2021,12,Atlantico,9,Articulos y utensilios domesticos,0,177.8742,-7.0000,5.6219,17.4600,53701.3659,-1.4000,5.2531,17.2700,50224.6199,0,159727.0000,30757.0000
2021-12-01,2021,12,Atlantico,10,Aseo del hogar,0,153.9586,-7.0000,5.6219,17.4600,53701.3659,-1.4000,5.2531,17.2700,50224.6199,0,159727.0000,30757.0000
2021-12-01,2021,12,Atlantico,11,Informatica y telecomunicaciones,0,254.5532,-7.0000,5.6219,17.4600,53701.3659,-1.4000,5.2531,17.2700,50224.6199,0,159727.0000,30757.0000
2021-12-01,2021,12,Atlantico,12,Sonido y video,0,186.1947,-7.0000,5.6219,17.4600,53701.3659,-1.4000,5.2531,17.2700,50224.6199,0,159727.0000,30757.0000
2021-12-01,2021,12,Atlantico,14,"Ferreteria, vidrios y pinturas",0,129.8683,-7.0000,5.6219,17.4600,53701.3659,-1.4000,5.2531,17.2700,50224.6199,0,159727.0000,30757.0000
2021-12-01,2021,12,Atlantico,15,Otras mercancias de uso domestico,0,192.5687,-7.0000,5.6219,17.4600,53701.3659,-1.4000,5.2531,17.2700,50224.6199,0,159727.0000,30757.0000
2021-12-01,2021,12,Bogota,4,Prendas de vestir y textiles,0,318.9619,-7.0000,5.6219,17.4600,53701.3659,-1.4000,5.2531,17.2700,50224.6199,0,291599.0000,272612.0000
2021-12-01,2021,12,Bogota,8,Electrodomesticos y muebles,1,182.8819,-7.0000,5.6219,17.4600,53701.3659,-1.4000,5.2531,17.2700,50224.6199,0,291599.0000,272612.0000
2021-12-01,2021,12,Bogota,9,Articulos y utensilios domesticos,0,191.9337,-7.0000,5.6219,17.4600,53701.3659,-1.4000,5.2531,17.2700,50224.6199,0,291599.0000,272612.0000
2021-12-01,2021,12,Bogota,10,Aseo del hogar,0,178.5788,-7.0000,5.6219,17.4600,53701.3659,-1.4000,5.2531,17.2700,50224.6199,0,291599.0000,272612.0000
2021-12-01,2021,12,Bogota,11,Informatica y telecomunicaciones,0,279.1073,-7.0000,5.6219,17.4600,53701.3659,-1.4000,5.2531,17.2700,50224.6199,0,291599.0000,272612.0000
2021-12-01,2021,12,Bogota,12,Sonido y video,0,194.6008,-7.0000,5.6219,17.4600,53701.3659,-1.4000,5.2531,17.2700,50224.6199,0,291599.0000,272612.0000
2021-12-01,2021,12,Bogota,14,"Ferreteria, vidrios y pinturas",0,143.7076,-7.0000,5.6219,17.4600,53701.3659,-1.4000,5.2531,17.2700,50224.6199,0,291599.0000,272612.0000
2021-12-01,2021,12,Bogota,15,Otras mercancias de uso domestico,0,204.8891,-7.0000,5.6219,17.4600,53701.3659,-1.4000,5.2531,17.2700,50224.6199,0,291599.0000,272612.0000
2021-12-01,2021,12,Cundinamarca,4,Prendas de vestir y textiles,0,327.5828,-7.0000,5.6219,17.4600,53701.3659,-1.4000,5.2531,17.2700,50224.6199,0,491812.0000,271798.0000
2021-12-01,2021,12,Cundinamarca,8,Electrodomesticos y muebles,1,177.6817,-7.0000,5.6219,17.4600,53701.3659,-1.4000,5.2531,17.2700,50224.6199,0,491812.0000,271798.0000
2021-12-01,2021,12,Cundinamarca,9,Articulos y utensilios domesticos,0,187.2860,-7.0000,5.6219,17.4600,53701.3659,-1.4000,5.2531,17.2700,50224.6199,0,491812.0000,271798.0000
2021-12-01,2021,12,Cundinamarca,10,Aseo del hogar,0,169.1322,-7.0000,5.6219,17.4600,53701.3659,-1.4000,5.2531,17.2700,50224.6199,0,491812.0000,271798.0000
2021-12-01,2021,12,Cundinamarca,11,Informatica y telecomunicaciones,0,269.5638,-7.0000,5.6219,17.4600,53701.3659,-1.4000,5.2531,17.2700,50224.6199,0,491812.0000,271798.0000
2021-12-01,2021,12,Cundinamarca,12,Sonido y video,0,196.6730,-7.0000,5.6219,17.4600,53701.3659,-1.4000,5.2531,17.2700,50224.6199,0,491812.0000,271798.0000
2021-12-01,2021,12,Cundinamarca,14,"Ferreteria, vidrios y pinturas",0,143.2242,-7.0000,5.6219,17.4600,53701.3659,-1.4000,5.2531,17.2700,50224.6199,0,491812.0000,271798.0000
2021-12-01,2021,12,Cundinamarca,15,Otras mercancias de uso domestico,0,210.4149,-7.0000,5.6219,17.4600,53701.3659,-1.4000,5.2531,17.2700,50224.6199,0,491812.0000,271798.0000
2021-12-01,2021,12,Santander,4,Prendas de vestir y textiles,0,290.7192,-7.0000,5.6219,17.4600,53701.3659,-1.4000,5.2531,17.2700,50224.6199,0,72216.0000,79092.0000
2021-12-01,2021,12,Santander,8,Electrodomesticos y muebles,1,159.2140,-7.0000,5.6219,17.4600,53701.3659,-1.4000,5.2531,17.2700,50224.6199,0,72216.0000,79092.0000
2021-12-01,2021,12,Santander,9,Articulos y utensilios domesticos,0,166.5607,-7.0000,5.6219,17.4600,53701.3659,-1.4000,5.2531,17.2700,50224.6199,0,72216.0000,79092.0000
2021-12-01,2021,12,Santander,10,Aseo del hogar,0,153.1620,-7.0000,5.6219,17.4600,53701.3659,-1.4000,5.2531,17.2700,50224.6199,0,72216.0000,79092.0000
2021-12-01,2021,12,Santander,11,Informatica y telecomunicaciones,0,236.6696,-7.0000,5.6219,17.4600,53701.3659,-1.4000,5.2531,17.2700,50224.6199,0,72216.0000,79092.0000
2021-12-01,2021,12,Santander,12,Sonido y video,0,172.4034,-7.0000,5.6219,17.4600,53701.3659,-1.4000,5.2531,17.2700,50224.6199,0,72216.0000,79092.0000
2021-12-01,2021,12,Santander,14,"Ferreteria, vidrios y pinturas",0,122.6187,-7.0000,5.6219,17.4600,53701.3659,-1.4000,5.2531,17.2700,50224.6199,0,72216.0000,79092.0000
2021-12-01,2021,12,Santander,15,Otras mercancias de uso domestico,0,184.9423,-7.0000,5.6219,17.4600,53701.3659,-1.4000,5.2531,17.2700,50224.6199,0,72216.0000,79092.0000
2021-12-01,2021,12,Valle del Cauca,4,Prendas de vestir y textiles,0,253.8634,-7.0000,5.6219,17.4600,53701.3659,-1.4000,5.2531,17.2700,50224.6199,0,148281.0000,116642.0000
2021-12-01,2021,12,Valle del Cauca,8,Electrodomesticos y muebles,1,136.7807,-7.0000,5.6219,17.4600,53701.3659,-1.4000,5.2531,17.2700,50224.6199,0,148281.0000,116642.0000
2021-12-01,2021,12,Valle del Cauca,9,Articulos y utensilios domesticos,0,151.3074,-7.0000,5.6219,17.4600,53701.3659,-1.4000,5.2531,17.2700,50224.6199,0,148281.0000,116642.0000
2021-12-01,2021,12,Valle del Cauca,10,Aseo del hogar,0,136.5512,-7.0000,5.6219,17.4600,53701.3659,-1.4000,5.2531,17.2700,50224.6199,0,148281.0000,116642.0000
2021-12-01,2021,12,Valle del Cauca,11,Informatica y telecomunicaciones,0,210.5931,-7.0000,5.6219,17.4600,53701.3659,-1.4000,5.2531,17.2700,50224.6199,0,148281.0000,116642.0000
2021-12-01,2021,12,Valle del Cauca,12,Sonido y video,0,158.3050,-7.0000,5.6219,17.4600,53701.3659,-1.4000,5.2531,17.2700,50224.6199,0,148281.0000,116642.0000
2021-12-01,2021,12,Valle del Cauca,14,"Ferreteria, vidrios y pinturas",0,112.1941,-7.0000,5.6219,17.4600,53701.3659,-1.4000,5.2531,17.2700,50224.6199,0,148281.0000,116642.0000
2021-12-01,2021,12,Valle del Cauca,15,Otras mercancias de uso domestico,0,159.5230,-7.0000,5.6219,17.4600,53701.3659,-1.4000,5.2531,17.2700,50224.6199,0,148281.0000,116642.0000
2021-12-01,2021,12,Otros departamentos,4,Prendas de vestir y textiles,0,300.6320,-7.0000,5.6219,17.4600,53701.3659,-1.4000,5.2531,17.2700,50224.6199,0,690789.0000,582909.0000
2021-12-01,2021,12,Otros departamentos,8,Electrodomesticos y muebles,1,164.5396,-7.0000,5.6219,17.4600,53701.3659,-1.4000,5.2531,17.2700,50224.6199,0,690789.0000,582909.0000
2021-12-01,2021,12,Otros departamentos,9,Articulos y utensilios domesticos,0,172.3202,-7.0000,5.6219,17.4600,53701.3659,-1.4000,5.2531,17.2700,50224.6199,0,690789.0000,582909.0000
2021-12-01,2021,12,Otros departamentos,10,Aseo del hogar,0,159.7127,-7.0000,5.6219,17.4600,53701.3659,-1.4000,5.2531,17.2700,50224.6199,0,690789.0000,582909.0000
2021-12-01,2021,12,Otros departamentos,11,Informatica y telecomunicaciones,0,256.4964,-7.0000,5.6219,17.4600,53701.3659,-1.4000,5.2531,17.2700,50224.6199,0,690789.0000,582909.0000
2021-12-01,2021,12,Otros departamentos,12,Sonido y video,0,177.5277,-7.0000,5.6219,17.4600,53701.3659,-1.4000,5.2531,17.2700,50224.6199,0,690789.0000,582909.0000
2021-12-01,2021,12,Otros departamentos,14,"Ferreteria, vidrios y pinturas",0,133.7530,-7.0000,5.6219,17.4600,53701.3659,-1.4000,5.2531,17.2700,50224.6199,0,690789.0000,582909.0000
2021-12-01,2021,12,Otros departamentos,15,Otras mercancias de uso domestico,0,188.9954,-7.0000,5.6219,17.4600,53701.3659,-1.4000,5.2531,17.2700,50224.6199,0,690789.0000,582909.0000
2022-01-01,2022,1,Antioquia,4,Prendas de vestir y textiles,0,97.7782,-13.5000,6.9399,17.6600,44715.1749,-7.0000,5.6219,17.4600,53701.3659,0,239465.0000,441771.0000
2022-01-01,2022,1,Antioquia,8,Electrodomesticos y muebles,1,116.6387,-13.5000,6.9399,17.6600,44715.1749,-7.0000,5.6219,17.4600,53701.3659,0,239465.0000,441771.0000
2022-01-01,2022,1,Antioquia,9,Articulos y utensilios domesticos,0,124.5504,-13.5000,6.9399,17.6600,44715.1749,-7.0000,5.6219,17.4600,53701.3659,0,239465.0000,441771.0000
2022-01-01,2022,1,Antioquia,10,Aseo del hogar,0,138.8004,-13.5000,6.9399,17.6600,44715.1749,-7.0000,5.6219,17.4600,53701.3659,0,239465.0000,441771.0000
2022-01-01,2022,1,Antioquia,11,Informatica y telecomunicaciones,0,156.9402,-13.5000,6.9399,17.6600,44715.1749,-7.0000,5.6219,17.4600,53701.3659,0,239465.0000,441771.0000
2022-01-01,2022,1,Antioquia,12,Sonido y video,0,89.7247,-13.5000,6.9399,17.6600,44715.1749,-7.0000,5.6219,17.4600,53701.3659,0,239465.0000,441771.0000
2022-01-01,2022,1,Antioquia,14,"Ferreteria, vidrios y pinturas",0,113.4802,-13.5000,6.9399,17.6600,44715.1749,-7.0000,5.6219,17.4600,53701.3659,0,239465.0000,441771.0000
2022-01-01,2022,1,Antioquia,15,Otras mercancias de uso domestico,0,100.8448,-13.5000,6.9399,17.6600,44715.1749,-7.0000,5.6219,17.4600,53701.3659,0,239465.0000,441771.0000
2022-01-01,2022,1,Atlantico,4,Prendas de vestir y textiles,0,98.5655,-13.5000,6.9399,17.6600,44715.1749,-7.0000,5.6219,17.4600,53701.3659,0,105404.0000,159727.0000
2022-01-01,2022,1,Atlantico,8,Electrodomesticos y muebles,1,119.7567,-13.5000,6.9399,17.6600,44715.1749,-7.0000,5.6219,17.4600,53701.3659,0,105404.0000,159727.0000
2022-01-01,2022,1,Atlantico,9,Articulos y utensilios domesticos,0,130.4821,-13.5000,6.9399,17.6600,44715.1749,-7.0000,5.6219,17.4600,53701.3659,0,105404.0000,159727.0000
2022-01-01,2022,1,Atlantico,10,Aseo del hogar,0,132.8341,-13.5000,6.9399,17.6600,44715.1749,-7.0000,5.6219,17.4600,53701.3659,0,105404.0000,159727.0000
2022-01-01,2022,1,Atlantico,11,Informatica y telecomunicaciones,0,164.1522,-13.5000,6.9399,17.6600,44715.1749,-7.0000,5.6219,17.4600,53701.3659,0,105404.0000,159727.0000
2022-01-01,2022,1,Atlantico,12,Sonido y video,0,93.4448,-13.5000,6.9399,17.6600,44715.1749,-7.0000,5.6219,17.4600,53701.3659,0,105404.0000,159727.0000
2022-01-01,2022,1,Atlantico,14,"Ferreteria, vidrios y pinturas",0,118.4999,-13.5000,6.9399,17.6600,44715.1749,-7.0000,5.6219,17.4600,53701.3659,0,105404.0000,159727.0000
2022-01-01,2022,1,Atlantico,15,Otras mercancias de uso domestico,0,103.9895,-13.5000,6.9399,17.6600,44715.1749,-7.0000,5.6219,17.4600,53701.3659,0,105404.0000,159727.0000
2022-01-01,2022,1,Bogota,4,Prendas de vestir y textiles,0,101.6648,-13.5000,6.9399,17.6600,44715.1749,-7.0000,5.6219,17.4600,53701.3659,0,297337.0000,291599.0000
2022-01-01,2022,1,Bogota,8,Electrodomesticos y muebles,1,126.8050,-13.5000,6.9399,17.6600,44715.1749,-7.0000,5.6219,17.4600,53701.3659,0,297337.0000,291599.0000
2022-01-01,2022,1,Bogota,9,Articulos y utensilios domesticos,0,131.8537,-13.5000,6.9399,17.6600,44715.1749,-7.0000,5.6219,17.4600,53701.3659,0,297337.0000,291599.0000
2022-01-01,2022,1,Bogota,10,Aseo del hogar,0,148.9430,-13.5000,6.9399,17.6600,44715.1749,-7.0000,5.6219,17.4600,53701.3659,0,297337.0000,291599.0000
2022-01-01,2022,1,Bogota,11,Informatica y telecomunicaciones,0,166.8998,-13.5000,6.9399,17.6600,44715.1749,-7.0000,5.6219,17.4600,53701.3659,0,297337.0000,291599.0000
2022-01-01,2022,1,Bogota,12,Sonido y video,0,95.5352,-13.5000,6.9399,17.6600,44715.1749,-7.0000,5.6219,17.4600,53701.3659,0,297337.0000,291599.0000
2022-01-01,2022,1,Bogota,14,"Ferreteria, vidrios y pinturas",0,118.0222,-13.5000,6.9399,17.6600,44715.1749,-7.0000,5.6219,17.4600,53701.3659,0,297337.0000,291599.0000
2022-01-01,2022,1,Bogota,15,Otras mercancias de uso domestico,0,106.2870,-13.5000,6.9399,17.6600,44715.1749,-7.0000,5.6219,17.4600,53701.3659,0,297337.0000,291599.0000
2022-01-01,2022,1,Cundinamarca,4,Prendas de vestir y textiles,0,116.1976,-13.5000,6.9399,17.6600,44715.1749,-7.0000,5.6219,17.4600,53701.3659,0,148356.0000,491812.0000
2022-01-01,2022,1,Cundinamarca,8,Electrodomesticos y muebles,1,141.9752,-13.5000,6.9399,17.6600,44715.1749,-7.0000,5.6219,17.4600,53701.3659,0,148356.0000,491812.0000
2022-01-01,2022,1,Cundinamarca,9,Articulos y utensilios domesticos,0,149.7889,-13.5000,6.9399,17.6600,44715.1749,-7.0000,5.6219,17.4600,53701.3659,0,148356.0000,491812.0000
2022-01-01,2022,1,Cundinamarca,10,Aseo del hogar,0,157.6455,-13.5000,6.9399,17.6600,44715.1749,-7.0000,5.6219,17.4600,53701.3659,0,148356.0000,491812.0000
2022-01-01,2022,1,Cundinamarca,11,Informatica y telecomunicaciones,0,180.4137,-13.5000,6.9399,17.6600,44715.1749,-7.0000,5.6219,17.4600,53701.3659,0,148356.0000,491812.0000
2022-01-01,2022,1,Cundinamarca,12,Sonido y video,0,104.3129,-13.5000,6.9399,17.6600,44715.1749,-7.0000,5.6219,17.4600,53701.3659,0,148356.0000,491812.0000
2022-01-01,2022,1,Cundinamarca,14,"Ferreteria, vidrios y pinturas",0,135.4654,-13.5000,6.9399,17.6600,44715.1749,-7.0000,5.6219,17.4600,53701.3659,0,148356.0000,491812.0000
2022-01-01,2022,1,Cundinamarca,15,Otras mercancias de uso domestico,0,121.3602,-13.5000,6.9399,17.6600,44715.1749,-7.0000,5.6219,17.4600,53701.3659,0,148356.0000,491812.0000
2022-01-01,2022,1,Santander,4,Prendas de vestir y textiles,0,95.7661,-13.5000,6.9399,17.6600,44715.1749,-7.0000,5.6219,17.4600,53701.3659,0,67869.0000,72216.0000
2022-01-01,2022,1,Santander,8,Electrodomesticos y muebles,1,115.8911,-13.5000,6.9399,17.6600,44715.1749,-7.0000,5.6219,17.4600,53701.3659,0,67869.0000,72216.0000
2022-01-01,2022,1,Santander,9,Articulos y utensilios domesticos,0,122.9577,-13.5000,6.9399,17.6600,44715.1749,-7.0000,5.6219,17.4600,53701.3659,0,67869.0000,72216.0000
2022-01-01,2022,1,Santander,10,Aseo del hogar,0,132.2681,-13.5000,6.9399,17.6600,44715.1749,-7.0000,5.6219,17.4600,53701.3659,0,67869.0000,72216.0000
2022-01-01,2022,1,Santander,11,Informatica y telecomunicaciones,0,155.8901,-13.5000,6.9399,17.6600,44715.1749,-7.0000,5.6219,17.4600,53701.3659,0,67869.0000,72216.0000
2022-01-01,2022,1,Santander,12,Sonido y video,0,91.9618,-13.5000,6.9399,17.6600,44715.1749,-7.0000,5.6219,17.4600,53701.3659,0,67869.0000,72216.0000
2022-01-01,2022,1,Santander,14,"Ferreteria, vidrios y pinturas",0,110.1878,-13.5000,6.9399,17.6600,44715.1749,-7.0000,5.6219,17.4600,53701.3659,0,67869.0000,72216.0000
2022-01-01,2022,1,Santander,15,Otras mercancias de uso domestico,0,100.8946,-13.5000,6.9399,17.6600,44715.1749,-7.0000,5.6219,17.4600,53701.3659,0,67869.0000,72216.0000
2022-01-01,2022,1,Valle del Cauca,4,Prendas de vestir y textiles,0,87.3424,-13.5000,6.9399,17.6600,44715.1749,-7.0000,5.6219,17.4600,53701.3659,0,115395.0000,148281.0000
2022-01-01,2022,1,Valle del Cauca,8,Electrodomesticos y muebles,1,104.5137,-13.5000,6.9399,17.6600,44715.1749,-7.0000,5.6219,17.4600,53701.3659,0,115395.0000,148281.0000
2022-01-01,2022,1,Valle del Cauca,9,Articulos y utensilios domesticos,0,113.4186,-13.5000,6.9399,17.6600,44715.1749,-7.0000,5.6219,17.4600,53701.3659,0,115395.0000,148281.0000
2022-01-01,2022,1,Valle del Cauca,10,Aseo del hogar,0,123.5750,-13.5000,6.9399,17.6600,44715.1749,-7.0000,5.6219,17.4600,53701.3659,0,115395.0000,148281.0000
2022-01-01,2022,1,Valle del Cauca,11,Informatica y telecomunicaciones,0,139.2400,-13.5000,6.9399,17.6600,44715.1749,-7.0000,5.6219,17.4600,53701.3659,0,115395.0000,148281.0000
2022-01-01,2022,1,Valle del Cauca,12,Sonido y video,0,85.6963,-13.5000,6.9399,17.6600,44715.1749,-7.0000,5.6219,17.4600,53701.3659,0,115395.0000,148281.0000
2022-01-01,2022,1,Valle del Cauca,14,"Ferreteria, vidrios y pinturas",0,104.1847,-13.5000,6.9399,17.6600,44715.1749,-7.0000,5.6219,17.4600,53701.3659,0,115395.0000,148281.0000
2022-01-01,2022,1,Valle del Cauca,15,Otras mercancias de uso domestico,0,91.9178,-13.5000,6.9399,17.6600,44715.1749,-7.0000,5.6219,17.4600,53701.3659,0,115395.0000,148281.0000
2022-01-01,2022,1,Otros departamentos,4,Prendas de vestir y textiles,0,93.9279,-13.5000,6.9399,17.6600,44715.1749,-7.0000,5.6219,17.4600,53701.3659,0,449306.0000,690789.0000
2022-01-01,2022,1,Otros departamentos,8,Electrodomesticos y muebles,1,116.1259,-13.5000,6.9399,17.6600,44715.1749,-7.0000,5.6219,17.4600,53701.3659,0,449306.0000,690789.0000
2022-01-01,2022,1,Otros departamentos,9,Articulos y utensilios domesticos,0,121.8124,-13.5000,6.9399,17.6600,44715.1749,-7.0000,5.6219,17.4600,53701.3659,0,449306.0000,690789.0000
2022-01-01,2022,1,Otros departamentos,10,Aseo del hogar,0,133.7696,-13.5000,6.9399,17.6600,44715.1749,-7.0000,5.6219,17.4600,53701.3659,0,449306.0000,690789.0000
2022-01-01,2022,1,Otros departamentos,11,Informatica y telecomunicaciones,0,156.7184,-13.5000,6.9399,17.6600,44715.1749,-7.0000,5.6219,17.4600,53701.3659,0,449306.0000,690789.0000
2022-01-01,2022,1,Otros departamentos,12,Sonido y video,0,86.2434,-13.5000,6.9399,17.6600,44715.1749,-7.0000,5.6219,17.4600,53701.3659,0,449306.0000,690789.0000
2022-01-01,2022,1,Otros departamentos,14,"Ferreteria, vidrios y pinturas",0,111.0610,-13.5000,6.9399,17.6600,44715.1749,-7.0000,5.6219,17.4600,53701.3659,0,449306.0000,690789.0000
2022-01-01,2022,1,Otros departamentos,15,Otras mercancias de uso domestico,0,95.8060,-13.5000,6.9399,17.6600,44715.1749,-7.0000,5.6219,17.4600,53701.3659,0,449306.0000,690789.0000
2022-02-01,2022,2,Antioquia,4,Prendas de vestir y textiles,0,85.3192,-17.5000,8.0034,18.3000,41860.6645,-13.5000,6.9399,17.6600,44715.1749,0,285383.0000,239465.0000
2022-02-01,2022,2,Antioquia,8,Electrodomesticos y muebles,1,107.9610,-17.5000,8.0034,18.3000,41860.6645,-13.5000,6.9399,17.6600,44715.1749,0,285383.0000,239465.0000
2022-02-01,2022,2,Antioquia,9,Articulos y utensilios domesticos,0,114.6386,-17.5000,8.0034,18.3000,41860.6645,-13.5000,6.9399,17.6600,44715.1749,0,285383.0000,239465.0000
2022-02-01,2022,2,Antioquia,10,Aseo del hogar,0,122.5323,-17.5000,8.0034,18.3000,41860.6645,-13.5000,6.9399,17.6600,44715.1749,0,285383.0000,239465.0000
2022-02-01,2022,2,Antioquia,11,Informatica y telecomunicaciones,0,169.5131,-17.5000,8.0034,18.3000,41860.6645,-13.5000,6.9399,17.6600,44715.1749,0,285383.0000,239465.0000
2022-02-01,2022,2,Antioquia,12,Sonido y video,0,90.5530,-17.5000,8.0034,18.3000,41860.6645,-13.5000,6.9399,17.6600,44715.1749,0,285383.0000,239465.0000
2022-02-01,2022,2,Antioquia,14,"Ferreteria, vidrios y pinturas",0,117.5266,-17.5000,8.0034,18.3000,41860.6645,-13.5000,6.9399,17.6600,44715.1749,0,285383.0000,239465.0000
2022-02-01,2022,2,Antioquia,15,Otras mercancias de uso domestico,0,95.5503,-17.5000,8.0034,18.3000,41860.6645,-13.5000,6.9399,17.6600,44715.1749,0,285383.0000,239465.0000
2022-02-01,2022,2,Atlantico,4,Prendas de vestir y textiles,0,89.5884,-17.5000,8.0034,18.3000,41860.6645,-13.5000,6.9399,17.6600,44715.1749,0,445522.0000,105404.0000
2022-02-01,2022,2,Atlantico,8,Electrodomesticos y muebles,1,111.4784,-17.5000,8.0034,18.3000,41860.6645,-13.5000,6.9399,17.6600,44715.1749,0,445522.0000,105404.0000
2022-02-01,2022,2,Atlantico,9,Articulos y utensilios domesticos,0,116.3021,-17.5000,8.0034,18.3000,41860.6645,-13.5000,6.9399,17.6600,44715.1749,0,445522.0000,105404.0000
2022-02-01,2022,2,Atlantico,10,Aseo del hogar,0,122.8520,-17.5000,8.0034,18.3000,41860.6645,-13.5000,6.9399,17.6600,44715.1749,0,445522.0000,105404.0000
2022-02-01,2022,2,Atlantico,11,Informatica y telecomunicaciones,0,178.1547,-17.5000,8.0034,18.3000,41860.6645,-13.5000,6.9399,17.6600,44715.1749,0,445522.0000,105404.0000
2022-02-01,2022,2,Atlantico,12,Sonido y video,0,94.4186,-17.5000,8.0034,18.3000,41860.6645,-13.5000,6.9399,17.6600,44715.1749,0,445522.0000,105404.0000
2022-02-01,2022,2,Atlantico,14,"Ferreteria, vidrios y pinturas",0,125.3940,-17.5000,8.0034,18.3000,41860.6645,-13.5000,6.9399,17.6600,44715.1749,0,445522.0000,105404.0000
2022-02-01,2022,2,Atlantico,15,Otras mercancias de uso domestico,0,98.6014,-17.5000,8.0034,18.3000,41860.6645,-13.5000,6.9399,17.6600,44715.1749,0,445522.0000,105404.0000
2022-02-01,2022,2,Bogota,4,Prendas de vestir y textiles,0,92.0045,-17.5000,8.0034,18.3000,41860.6645,-13.5000,6.9399,17.6600,44715.1749,0,202799.0000,297337.0000
2022-02-01,2022,2,Bogota,8,Electrodomesticos y muebles,1,118.3987,-17.5000,8.0034,18.3000,41860.6645,-13.5000,6.9399,17.6600,44715.1749,0,202799.0000,297337.0000
2022-02-01,2022,2,Bogota,9,Articulos y utensilios domesticos,0,122.5682,-17.5000,8.0034,18.3000,41860.6645,-13.5000,6.9399,17.6600,44715.1749,0,202799.0000,297337.0000
2022-02-01,2022,2,Bogota,10,Aseo del hogar,0,135.8858,-17.5000,8.0034,18.3000,41860.6645,-13.5000,6.9399,17.6600,44715.1749,0,202799.0000,297337.0000
2022-02-01,2022,2,Bogota,11,Informatica y telecomunicaciones,0,181.8142,-17.5000,8.0034,18.3000,41860.6645,-13.5000,6.9399,17.6600,44715.1749,0,202799.0000,297337.0000
2022-02-01,2022,2,Bogota,12,Sonido y video,0,98.1308,-17.5000,8.0034,18.3000,41860.6645,-13.5000,6.9399,17.6600,44715.1749,0,202799.0000,297337.0000
2022-02-01,2022,2,Bogota,14,"Ferreteria, vidrios y pinturas",0,128.5987,-17.5000,8.0034,18.3000,41860.6645,-13.5000,6.9399,17.6600,44715.1749,0,202799.0000,297337.0000
2022-02-01,2022,2,Bogota,15,Otras mercancias de uso domestico,0,104.4661,-17.5000,8.0034,18.3000,41860.6645,-13.5000,6.9399,17.6600,44715.1749,0,202799.0000,297337.0000
2022-02-01,2022,2,Cundinamarca,4,Prendas de vestir y textiles,0,102.6419,-17.5000,8.0034,18.3000,41860.6645,-13.5000,6.9399,17.6600,44715.1749,0,256670.0000,148356.0000
2022-02-01,2022,2,Cundinamarca,8,Electrodomesticos y muebles,1,124.8036,-17.5000,8.0034,18.3000,41860.6645,-13.5000,6.9399,17.6600,44715.1749,0,256670.0000,148356.0000
2022-02-01,2022,2,Cundinamarca,9,Articulos y utensilios domesticos,0,128.8149,-17.5000,8.0034,18.3000,41860.6645,-13.5000,6.9399,17.6600,44715.1749,0,256670.0000,148356.0000
2022-02-01,2022,2,Cundinamarca,10,Aseo del hogar,0,143.4163,-17.5000,8.0034,18.3000,41860.6645,-13.5000,6.9399,17.6600,44715.1749,0,256670.0000,148356.0000
2022-02-01,2022,2,Cundinamarca,11,Informatica y telecomunicaciones,0,191.8928,-17.5000,8.0034,18.3000,41860.6645,-13.5000,6.9399,17.6600,44715.1749,0,256670.0000,148356.0000
2022-02-01,2022,2,Cundinamarca,12,Sonido y video,0,99.8580,-17.5000,8.0034,18.3000,41860.6645,-13.5000,6.9399,17.6600,44715.1749,0,256670.0000,148356.0000
2022-02-01,2022,2,Cundinamarca,14,"Ferreteria, vidrios y pinturas",0,138.6161,-17.5000,8.0034,18.3000,41860.6645,-13.5000,6.9399,17.6600,44715.1749,0,256670.0000,148356.0000
2022-02-01,2022,2,Cundinamarca,15,Otras mercancias de uso domestico,0,113.6893,-17.5000,8.0034,18.3000,41860.6645,-13.5000,6.9399,17.6600,44715.1749,0,256670.0000,148356.0000
2022-02-01,2022,2,Santander,4,Prendas de vestir y textiles,0,81.4585,-17.5000,8.0034,18.3000,41860.6645,-13.5000,6.9399,17.6600,44715.1749,0,125487.0000,67869.0000
2022-02-01,2022,2,Santander,8,Electrodomesticos y muebles,1,100.7764,-17.5000,8.0034,18.3000,41860.6645,-13.5000,6.9399,17.6600,44715.1749,0,125487.0000,67869.0000
2022-02-01,2022,2,Santander,9,Articulos y utensilios domesticos,0,109.3522,-17.5000,8.0034,18.3000,41860.6645,-13.5000,6.9399,17.6600,44715.1749,0,125487.0000,67869.0000
2022-02-01,2022,2,Santander,10,Aseo del hogar,0,112.4235,-17.5000,8.0034,18.3000,41860.6645,-13.5000,6.9399,17.6600,44715.1749,0,125487.0000,67869.0000
2022-02-01,2022,2,Santander,11,Informatica y telecomunicaciones,0,156.9118,-17.5000,8.0034,18.3000,41860.6645,-13.5000,6.9399,17.6600,44715.1749,0,125487.0000,67869.0000
2022-02-01,2022,2,Santander,12,Sonido y video,0,86.6810,-17.5000,8.0034,18.3000,41860.6645,-13.5000,6.9399,17.6600,44715.1749,0,125487.0000,67869.0000
2022-02-01,2022,2,Santander,14,"Ferreteria, vidrios y pinturas",0,113.1533,-17.5000,8.0034,18.3000,41860.6645,-13.5000,6.9399,17.6600,44715.1749,0,125487.0000,67869.0000
2022-02-01,2022,2,Santander,15,Otras mercancias de uso domestico,0,91.9766,-17.5000,8.0034,18.3000,41860.6645,-13.5000,6.9399,17.6600,44715.1749,0,125487.0000,67869.0000
2022-02-01,2022,2,Valle del Cauca,4,Prendas de vestir y textiles,0,79.3962,-17.5000,8.0034,18.3000,41860.6645,-13.5000,6.9399,17.6600,44715.1749,0,159160.0000,115395.0000
2022-02-01,2022,2,Valle del Cauca,8,Electrodomesticos y muebles,1,96.8169,-17.5000,8.0034,18.3000,41860.6645,-13.5000,6.9399,17.6600,44715.1749,0,159160.0000,115395.0000
2022-02-01,2022,2,Valle del Cauca,9,Articulos y utensilios domesticos,0,103.7602,-17.5000,8.0034,18.3000,41860.6645,-13.5000,6.9399,17.6600,44715.1749,0,159160.0000,115395.0000
2022-02-01,2022,2,Valle del Cauca,10,Aseo del hogar,0,110.4583,-17.5000,8.0034,18.3000,41860.6645,-13.5000,6.9399,17.6600,44715.1749,0,159160.0000,115395.0000
2022-02-01,2022,2,Valle del Cauca,11,Informatica y telecomunicaciones,0,150.2398,-17.5000,8.0034,18.3000,41860.6645,-13.5000,6.9399,17.6600,44715.1749,0,159160.0000,115395.0000
2022-02-01,2022,2,Valle del Cauca,12,Sonido y video,0,83.8292,-17.5000,8.0034,18.3000,41860.6645,-13.5000,6.9399,17.6600,44715.1749,0,159160.0000,115395.0000
2022-02-01,2022,2,Valle del Cauca,14,"Ferreteria, vidrios y pinturas",0,110.2633,-17.5000,8.0034,18.3000,41860.6645,-13.5000,6.9399,17.6600,44715.1749,0,159160.0000,115395.0000
2022-02-01,2022,2,Valle del Cauca,15,Otras mercancias de uso domestico,0,88.2867,-17.5000,8.0034,18.3000,41860.6645,-13.5000,6.9399,17.6600,44715.1749,0,159160.0000,115395.0000
2022-02-01,2022,2,Otros departamentos,4,Prendas de vestir y textiles,0,84.8717,-17.5000,8.0034,18.3000,41860.6645,-13.5000,6.9399,17.6600,44715.1749,0,415430.0000,449306.0000
2022-02-01,2022,2,Otros departamentos,8,Electrodomesticos y muebles,1,105.8833,-17.5000,8.0034,18.3000,41860.6645,-13.5000,6.9399,17.6600,44715.1749,0,415430.0000,449306.0000
2022-02-01,2022,2,Otros departamentos,9,Articulos y utensilios domesticos,0,109.1711,-17.5000,8.0034,18.3000,41860.6645,-13.5000,6.9399,17.6600,44715.1749,0,415430.0000,449306.0000
2022-02-01,2022,2,Otros departamentos,10,Aseo del hogar,0,119.8455,-17.5000,8.0034,18.3000,41860.6645,-13.5000,6.9399,17.6600,44715.1749,0,415430.0000,449306.0000
2022-02-01,2022,2,Otros departamentos,11,Informatica y telecomunicaciones,0,165.7539,-17.5000,8.0034,18.3000,41860.6645,-13.5000,6.9399,17.6600,44715.1749,0,415430.0000,449306.0000
2022-02-01,2022,2,Otros departamentos,12,Sonido y video,0,86.7250,-17.5000,8.0034,18.3000,41860.6645,-13.5000,6.9399,17.6600,44715.1749,0,415430.0000,449306.0000
2022-02-01,2022,2,Otros departamentos,14,"Ferreteria, vidrios y pinturas",0,121.7360,-17.5000,8.0034,18.3000,41860.6645,-13.5000,6.9399,17.6600,44715.1749,0,415430.0000,449306.0000
2022-02-01,2022,2,Otros departamentos,15,Otras mercancias de uso domestico,0,91.2387,-17.5000,8.0034,18.3000,41860.6645,-13.5000,6.9399,17.6600,44715.1749,0,415430.0000,449306.0000
2022-03-01,2022,3,Antioquia,4,Prendas de vestir y textiles,0,102.9779,-17.8000,8.5325,18.4700,39679.6592,-17.5000,8.0034,18.3000,41860.6645,0,332546.0000,285383.0000
2022-03-01,2022,3,Antioquia,8,Electrodomesticos y muebles,1,159.4733,-17.8000,8.5325,18.4700,39679.6592,-17.5000,8.0034,18.3000,41860.6645,0,332546.0000,285383.0000
2022-03-01,2022,3,Antioquia,9,Articulos y utensilios domesticos,0,120.5817,-17.8000,8.5325,18.4700,39679.6592,-17.5000,8.0034,18.3000,41860.6645,0,332546.0000,285383.0000
2022-03-01,2022,3,Antioquia,10,Aseo del hogar,0,131.3554,-17.8000,8.5325,18.4700,39679.6592,-17.5000,8.0034,18.3000,41860.6645,0,332546.0000,285383.0000
2022-03-01,2022,3,Antioquia,11,Informatica y telecomunicaciones,0,212.9856,-17.8000,8.5325,18.4700,39679.6592,-17.5000,8.0034,18.3000,41860.6645,0,332546.0000,285383.0000
2022-03-01,2022,3,Antioquia,12,Sonido y video,0,169.7789,-17.8000,8.5325,18.4700,39679.6592,-17.5000,8.0034,18.3000,41860.6645,0,332546.0000,285383.0000
2022-03-01,2022,3,Antioquia,14,"Ferreteria, vidrios y pinturas",0,126.8085,-17.8000,8.5325,18.4700,39679.6592,-17.5000,8.0034,18.3000,41860.6645,0,332546.0000,285383.0000
2022-03-01,2022,3,Antioquia,15,Otras mercancias de uso domestico,0,106.8171,-17.8000,8.5325,18.4700,39679.6592,-17.5000,8.0034,18.3000,41860.6645,0,332546.0000,285383.0000
2022-03-01,2022,3,Atlantico,4,Prendas de vestir y textiles,0,103.0104,-17.8000,8.5325,18.4700,39679.6592,-17.5000,8.0034,18.3000,41860.6645,0,82204.0000,445522.0000
2022-03-01,2022,3,Atlantico,8,Electrodomesticos y muebles,1,157.8038,-17.8000,8.5325,18.4700,39679.6592,-17.5000,8.0034,18.3000,41860.6645,0,82204.0000,445522.0000
2022-03-01,2022,3,Atlantico,9,Articulos y utensilios domesticos,0,118.9024,-17.8000,8.5325,18.4700,39679.6592,-17.5000,8.0034,18.3000,41860.6645,0,82204.0000,445522.0000
2022-03-01,2022,3,Atlantico,10,Aseo del hogar,0,125.9651,-17.8000,8.5325,18.4700,39679.6592,-17.5000,8.0034,18.3000,41860.6645,0,82204.0000,445522.0000
2022-03-01,2022,3,Atlantico,11,Informatica y telecomunicaciones,0,214.7299,-17.8000,8.5325,18.4700,39679.6592,-17.5000,8.0034,18.3000,41860.6645,0,82204.0000,445522.0000
2022-03-01,2022,3,Atlantico,12,Sonido y video,0,167.8167,-17.8000,8.5325,18.4700,39679.6592,-17.5000,8.0034,18.3000,41860.6645,0,82204.0000,445522.0000
2022-03-01,2022,3,Atlantico,14,"Ferreteria, vidrios y pinturas",0,135.8286,-17.8000,8.5325,18.4700,39679.6592,-17.5000,8.0034,18.3000,41860.6645,0,82204.0000,445522.0000
2022-03-01,2022,3,Atlantico,15,Otras mercancias de uso domestico,0,107.3080,-17.8000,8.5325,18.4700,39679.6592,-17.5000,8.0034,18.3000,41860.6645,0,82204.0000,445522.0000
2022-03-01,2022,3,Bogota,4,Prendas de vestir y textiles,0,120.6974,-17.8000,8.5325,18.4700,39679.6592,-17.5000,8.0034,18.3000,41860.6645,0,240347.0000,202799.0000
2022-03-01,2022,3,Bogota,8,Electrodomesticos y muebles,1,186.9466,-17.8000,8.5325,18.4700,39679.6592,-17.5000,8.0034,18.3000,41860.6645,0,240347.0000,202799.0000
2022-03-01,2022,3,Bogota,9,Articulos y utensilios domesticos,0,140.8344,-17.8000,8.5325,18.4700,39679.6592,-17.5000,8.0034,18.3000,41860.6645,0,240347.0000,202799.0000
2022-03-01,2022,3,Bogota,10,Aseo del hogar,0,155.9177,-17.8000,8.5325,18.4700,39679.6592,-17.5000,8.0034,18.3000,41860.6645,0,240347.0000,202799.0000
2022-03-01,2022,3,Bogota,11,Informatica y telecomunicaciones,0,253.4722,-17.8000,8.5325,18.4700,39679.6592,-17.5000,8.0034,18.3000,41860.6645,0,240347.0000,202799.0000
2022-03-01,2022,3,Bogota,12,Sonido y video,0,202.6229,-17.8000,8.5325,18.4700,39679.6592,-17.5000,8.0034,18.3000,41860.6645,0,240347.0000,202799.0000
2022-03-01,2022,3,Bogota,14,"Ferreteria, vidrios y pinturas",0,154.5070,-17.8000,8.5325,18.4700,39679.6592,-17.5000,8.0034,18.3000,41860.6645,0,240347.0000,202799.0000
2022-03-01,2022,3,Bogota,15,Otras mercancias de uso domestico,0,130.8105,-17.8000,8.5325,18.4700,39679.6592,-17.5000,8.0034,18.3000,41860.6645,0,240347.0000,202799.0000
2022-03-01,2022,3,Cundinamarca,4,Prendas de vestir y textiles,0,118.6069,-17.8000,8.5325,18.4700,39679.6592,-17.5000,8.0034,18.3000,41860.6645,0,119943.0000,256670.0000
2022-03-01,2022,3,Cundinamarca,8,Electrodomesticos y muebles,1,176.8410,-17.8000,8.5325,18.4700,39679.6592,-17.5000,8.0034,18.3000,41860.6645,0,119943.0000,256670.0000
2022-03-01,2022,3,Cundinamarca,9,Articulos y utensilios domesticos,0,136.3193,-17.8000,8.5325,18.4700,39679.6592,-17.5000,8.0034,18.3000,41860.6645,0,119943.0000,256670.0000
2022-03-01,2022,3,Cundinamarca,10,Aseo del hogar,0,147.7083,-17.8000,8.5325,18.4700,39679.6592,-17.5000,8.0034,18.3000,41860.6645,0,119943.0000,256670.0000
2022-03-01,2022,3,Cundinamarca,11,Informatica y telecomunicaciones,0,244.1283,-17.8000,8.5325,18.4700,39679.6592,-17.5000,8.0034,18.3000,41860.6645,0,119943.0000,256670.0000
2022-03-01,2022,3,Cundinamarca,12,Sonido y video,0,185.9996,-17.8000,8.5325,18.4700,39679.6592,-17.5000,8.0034,18.3000,41860.6645,0,119943.0000,256670.0000
2022-03-01,2022,3,Cundinamarca,14,"Ferreteria, vidrios y pinturas",0,150.8100,-17.8000,8.5325,18.4700,39679.6592,-17.5000,8.0034,18.3000,41860.6645,0,119943.0000,256670.0000
2022-03-01,2022,3,Cundinamarca,15,Otras mercancias de uso domestico,0,123.9436,-17.8000,8.5325,18.4700,39679.6592,-17.5000,8.0034,18.3000,41860.6645,0,119943.0000,256670.0000
2022-03-01,2022,3,Santander,4,Prendas de vestir y textiles,0,103.2424,-17.8000,8.5325,18.4700,39679.6592,-17.5000,8.0034,18.3000,41860.6645,0,64757.0000,125487.0000
2022-03-01,2022,3,Santander,8,Electrodomesticos y muebles,1,155.0594,-17.8000,8.5325,18.4700,39679.6592,-17.5000,8.0034,18.3000,41860.6645,0,64757.0000,125487.0000
2022-03-01,2022,3,Santander,9,Articulos y utensilios domesticos,0,125.0484,-17.8000,8.5325,18.4700,39679.6592,-17.5000,8.0034,18.3000,41860.6645,0,64757.0000,125487.0000
2022-03-01,2022,3,Santander,10,Aseo del hogar,0,127.0302,-17.8000,8.5325,18.4700,39679.6592,-17.5000,8.0034,18.3000,41860.6645,0,64757.0000,125487.0000
2022-03-01,2022,3,Santander,11,Informatica y telecomunicaciones,0,216.1678,-17.8000,8.5325,18.4700,39679.6592,-17.5000,8.0034,18.3000,41860.6645,0,64757.0000,125487.0000
2022-03-01,2022,3,Santander,12,Sonido y video,0,175.6504,-17.8000,8.5325,18.4700,39679.6592,-17.5000,8.0034,18.3000,41860.6645,0,64757.0000,125487.0000
2022-03-01,2022,3,Santander,14,"Ferreteria, vidrios y pinturas",0,137.4359,-17.8000,8.5325,18.4700,39679.6592,-17.5000,8.0034,18.3000,41860.6645,0,64757.0000,125487.0000
2022-03-01,2022,3,Santander,15,Otras mercancias de uso domestico,0,106.9084,-17.8000,8.5325,18.4700,39679.6592,-17.5000,8.0034,18.3000,41860.6645,0,64757.0000,125487.0000
2022-03-01,2022,3,Valle del Cauca,4,Prendas de vestir y textiles,0,94.1702,-17.8000,8.5325,18.4700,39679.6592,-17.5000,8.0034,18.3000,41860.6645,0,204473.0000,159160.0000
2022-03-01,2022,3,Valle del Cauca,8,Electrodomesticos y muebles,1,141.4410,-17.8000,8.5325,18.4700,39679.6592,-17.5000,8.0034,18.3000,41860.6645,0,204473.0000,159160.0000
2022-03-01,2022,3,Valle del Cauca,9,Articulos y utensilios domesticos,0,108.8156,-17.8000,8.5325,18.4700,39679.6592,-17.5000,8.0034,18.3000,41860.6645,0,204473.0000,159160.0000
2022-03-01,2022,3,Valle del Cauca,10,Aseo del hogar,0,113.6755,-17.8000,8.5325,18.4700,39679.6592,-17.5000,8.0034,18.3000,41860.6645,0,204473.0000,159160.0000
2022-03-01,2022,3,Valle del Cauca,11,Informatica y telecomunicaciones,0,192.9420,-17.8000,8.5325,18.4700,39679.6592,-17.5000,8.0034,18.3000,41860.6645,0,204473.0000,159160.0000
2022-03-01,2022,3,Valle del Cauca,12,Sonido y video,0,153.8353,-17.8000,8.5325,18.4700,39679.6592,-17.5000,8.0034,18.3000,41860.6645,0,204473.0000,159160.0000
2022-03-01,2022,3,Valle del Cauca,14,"Ferreteria, vidrios y pinturas",0,120.8890,-17.8000,8.5325,18.4700,39679.6592,-17.5000,8.0034,18.3000,41860.6645,0,204473.0000,159160.0000
2022-03-01,2022,3,Valle del Cauca,15,Otras mercancias de uso domestico,0,99.7294,-17.8000,8.5325,18.4700,39679.6592,-17.5000,8.0034,18.3000,41860.6645,0,204473.0000,159160.0000
2022-03-01,2022,3,Otros departamentos,4,Prendas de vestir y textiles,0,105.5163,-17.8000,8.5325,18.4700,39679.6592,-17.5000,8.0034,18.3000,41860.6645,0,910295.0000,415430.0000
2022-03-01,2022,3,Otros departamentos,8,Electrodomesticos y muebles,1,160.4226,-17.8000,8.5325,18.4700,39679.6592,-17.5000,8.0034,18.3000,41860.6645,0,910295.0000,415430.0000
2022-03-01,2022,3,Otros departamentos,9,Articulos y utensilios domesticos,0,121.2256,-17.8000,8.5325,18.4700,39679.6592,-17.5000,8.0034,18.3000,41860.6645,0,910295.0000,415430.0000
2022-03-01,2022,3,Otros departamentos,10,Aseo del hogar,0,127.4585,-17.8000,8.5325,18.4700,39679.6592,-17.5000,8.0034,18.3000,41860.6645,0,910295.0000,415430.0000
2022-03-01,2022,3,Otros departamentos,11,Informatica y telecomunicaciones,0,224.6003,-17.8000,8.5325,18.4700,39679.6592,-17.5000,8.0034,18.3000,41860.6645,0,910295.0000,415430.0000
2022-03-01,2022,3,Otros departamentos,12,Sonido y video,0,169.6458,-17.8000,8.5325,18.4700,39679.6592,-17.5000,8.0034,18.3000,41860.6645,0,910295.0000,415430.0000
2022-03-01,2022,3,Otros departamentos,14,"Ferreteria, vidrios y pinturas",0,130.7568,-17.8000,8.5325,18.4700,39679.6592,-17.5000,8.0034,18.3000,41860.6645,0,910295.0000,415430.0000
2022-03-01,2022,3,Otros departamentos,15,Otras mercancias de uso domestico,0,105.5903,-17.8000,8.5325,18.4700,39679.6592,-17.5000,8.0034,18.3000,41860.6645,0,910295.0000,415430.0000
2022-04-01,2022,4,Antioquia,4,Prendas de vestir y textiles,0,101.3107,-17.5000,9.2335,19.0500,31337.4358,-17.8000,8.5325,18.4700,39679.6592,0,368836.0000,332546.0000
2022-04-01,2022,4,Antioquia,8,Electrodomesticos y muebles,1,111.2730,-17.5000,9.2335,19.0500,31337.4358,-17.8000,8.5325,18.4700,39679.6592,0,368836.0000,332546.0000
2022-04-01,2022,4,Antioquia,9,Articulos y utensilios domesticos,0,118.4698,-17.5000,9.2335,19.0500,31337.4358,-17.8000,8.5325,18.4700,39679.6592,0,368836.0000,332546.0000
2022-04-01,2022,4,Antioquia,10,Aseo del hogar,0,129.0144,-17.5000,9.2335,19.0500,31337.4358,-17.8000,8.5325,18.4700,39679.6592,0,368836.0000,332546.0000
2022-04-01,2022,4,Antioquia,11,Informatica y telecomunicaciones,0,160.9807,-17.5000,9.2335,19.0500,31337.4358,-17.8000,8.5325,18.4700,39679.6592,0,368836.0000,332546.0000
2022-04-01,2022,4,Antioquia,12,Sonido y video,0,93.5732,-17.5000,9.2335,19.0500,31337.4358,-17.8000,8.5325,18.4700,39679.6592,0,368836.0000,332546.0000
2022-04-01,2022,4,Antioquia,14,"Ferreteria, vidrios y pinturas",0,119.4851,-17.5000,9.2335,19.0500,31337.4358,-17.8000,8.5325,18.4700,39679.6592,0,368836.0000,332546.0000
2022-04-01,2022,4,Antioquia,15,Otras mercancias de uso domestico,0,105.7366,-17.5000,9.2335,19.0500,31337.4358,-17.8000,8.5325,18.4700,39679.6592,0,368836.0000,332546.0000
2022-04-01,2022,4,Atlantico,4,Prendas de vestir y textiles,0,103.8615,-17.5000,9.2335,19.0500,31337.4358,-17.8000,8.5325,18.4700,39679.6592,0,165584.0000,82204.0000
2022-04-01,2022,4,Atlantico,8,Electrodomesticos y muebles,1,112.0336,-17.5000,9.2335,19.0500,31337.4358,-17.8000,8.5325,18.4700,39679.6592,0,165584.0000,82204.0000
2022-04-01,2022,4,Atlantico,9,Articulos y utensilios domesticos,0,119.5548,-17.5000,9.2335,19.0500,31337.4358,-17.8000,8.5325,18.4700,39679.6592,0,165584.0000,82204.0000
2022-04-01,2022,4,Atlantico,10,Aseo del hogar,0,124.6353,-17.5000,9.2335,19.0500,31337.4358,-17.8000,8.5325,18.4700,39679.6592,0,165584.0000,82204.0000
2022-04-01,2022,4,Atlantico,11,Informatica y telecomunicaciones,0,158.2117,-17.5000,9.2335,19.0500,31337.4358,-17.8000,8.5325,18.4700,39679.6592,0,165584.0000,82204.0000
2022-04-01,2022,4,Atlantico,12,Sonido y video,0,93.3192,-17.5000,9.2335,19.0500,31337.4358,-17.8000,8.5325,18.4700,39679.6592,0,165584.0000,82204.0000
2022-04-01,2022,4,Atlantico,14,"Ferreteria, vidrios y pinturas",0,124.2352,-17.5000,9.2335,19.0500,31337.4358,-17.8000,8.5325,18.4700,39679.6592,0,165584.0000,82204.0000
2022-04-01,2022,4,Atlantico,15,Otras mercancias de uso domestico,0,107.5978,-17.5000,9.2335,19.0500,31337.4358,-17.8000,8.5325,18.4700,39679.6592,0,165584.0000,82204.0000
2022-04-01,2022,4,Bogota,4,Prendas de vestir y textiles,0,103.3350,-17.5000,9.2335,19.0500,31337.4358,-17.8000,8.5325,18.4700,39679.6592,0,532443.0000,240347.0000
2022-04-01,2022,4,Bogota,8,Electrodomesticos y muebles,1,111.0025,-17.5000,9.2335,19.0500,31337.4358,-17.8000,8.5325,18.4700,39679.6592,0,532443.0000,240347.0000
2022-04-01,2022,4,Bogota,9,Articulos y utensilios domesticos,0,118.6904,-17.5000,9.2335,19.0500,31337.4358,-17.8000,8.5325,18.4700,39679.6592,0,532443.0000,240347.0000
2022-04-01,2022,4,Bogota,10,Aseo del hogar,0,132.3241,-17.5000,9.2335,19.0500,31337.4358,-17.8000,8.5325,18.4700,39679.6592,0,532443.0000,240347.0000
2022-04-01,2022,4,Bogota,11,Informatica y telecomunicaciones,0,160.1524,-17.5000,9.2335,19.0500,31337.4358,-17.8000,8.5325,18.4700,39679.6592,0,532443.0000,240347.0000
2022-04-01,2022,4,Bogota,12,Sonido y video,0,93.3789,-17.5000,9.2335,19.0500,31337.4358,-17.8000,8.5325,18.4700,39679.6592,0,532443.0000,240347.0000
2022-04-01,2022,4,Bogota,14,"Ferreteria, vidrios y pinturas",0,120.0751,-17.5000,9.2335,19.0500,31337.4358,-17.8000,8.5325,18.4700,39679.6592,0,532443.0000,240347.0000
2022-04-01,2022,4,Bogota,15,Otras mercancias de uso domestico,0,111.0227,-17.5000,9.2335,19.0500,31337.4358,-17.8000,8.5325,18.4700,39679.6592,0,532443.0000,240347.0000
2022-04-01,2022,4,Cundinamarca,4,Prendas de vestir y textiles,0,123.6198,-17.5000,9.2335,19.0500,31337.4358,-17.8000,8.5325,18.4700,39679.6592,0,314143.0000,119943.0000
2022-04-01,2022,4,Cundinamarca,8,Electrodomesticos y muebles,1,126.9005,-17.5000,9.2335,19.0500,31337.4358,-17.8000,8.5325,18.4700,39679.6592,0,314143.0000,119943.0000
2022-04-01,2022,4,Cundinamarca,9,Articulos y utensilios domesticos,0,139.6966,-17.5000,9.2335,19.0500,31337.4358,-17.8000,8.5325,18.4700,39679.6592,0,314143.0000,119943.0000
2022-04-01,2022,4,Cundinamarca,10,Aseo del hogar,0,152.9497,-17.5000,9.2335,19.0500,31337.4358,-17.8000,8.5325,18.4700,39679.6592,0,314143.0000,119943.0000
2022-04-01,2022,4,Cundinamarca,11,Informatica y telecomunicaciones,0,186.4709,-17.5000,9.2335,19.0500,31337.4358,-17.8000,8.5325,18.4700,39679.6592,0,314143.0000,119943.0000
2022-04-01,2022,4,Cundinamarca,12,Sonido y video,0,108.8292,-17.5000,9.2335,19.0500,31337.4358,-17.8000,8.5325,18.4700,39679.6592,0,314143.0000,119943.0000
2022-04-01,2022,4,Cundinamarca,14,"Ferreteria, vidrios y pinturas",0,139.5376,-17.5000,9.2335,19.0500,31337.4358,-17.8000,8.5325,18.4700,39679.6592,0,314143.0000,119943.0000
2022-04-01,2022,4,Cundinamarca,15,Otras mercancias de uso domestico,0,126.7115,-17.5000,9.2335,19.0500,31337.4358,-17.8000,8.5325,18.4700,39679.6592,0,314143.0000,119943.0000
2022-04-01,2022,4,Santander,4,Prendas de vestir y textiles,0,99.5984,-17.5000,9.2335,19.0500,31337.4358,-17.8000,8.5325,18.4700,39679.6592,0,46148.0000,64757.0000
2022-04-01,2022,4,Santander,8,Electrodomesticos y muebles,1,104.2390,-17.5000,9.2335,19.0500,31337.4358,-17.8000,8.5325,18.4700,39679.6592,0,46148.0000,64757.0000
2022-04-01,2022,4,Santander,9,Articulos y utensilios domesticos,0,114.5979,-17.5000,9.2335,19.0500,31337.4358,-17.8000,8.5325,18.4700,39679.6592,0,46148.0000,64757.0000
2022-04-01,2022,4,Santander,10,Aseo del hogar,0,118.7414,-17.5000,9.2335,19.0500,31337.4358,-17.8000,8.5325,18.4700,39679.6592,0,46148.0000,64757.0000
2022-04-01,2022,4,Santander,11,Informatica y telecomunicaciones,0,150.3367,-17.5000,9.2335,19.0500,31337.4358,-17.8000,8.5325,18.4700,39679.6592,0,46148.0000,64757.0000
2022-04-01,2022,4,Santander,12,Sonido y video,0,89.2511,-17.5000,9.2335,19.0500,31337.4358,-17.8000,8.5325,18.4700,39679.6592,0,46148.0000,64757.0000
2022-04-01,2022,4,Santander,14,"Ferreteria, vidrios y pinturas",0,118.4659,-17.5000,9.2335,19.0500,31337.4358,-17.8000,8.5325,18.4700,39679.6592,0,46148.0000,64757.0000
2022-04-01,2022,4,Santander,15,Otras mercancias de uso domestico,0,101.1944,-17.5000,9.2335,19.0500,31337.4358,-17.8000,8.5325,18.4700,39679.6592,0,46148.0000,64757.0000
2022-04-01,2022,4,Valle del Cauca,4,Prendas de vestir y textiles,0,92.3836,-17.5000,9.2335,19.0500,31337.4358,-17.8000,8.5325,18.4700,39679.6592,0,121172.0000,204473.0000
2022-04-01,2022,4,Valle del Cauca,8,Electrodomesticos y muebles,1,98.9497,-17.5000,9.2335,19.0500,31337.4358,-17.8000,8.5325,18.4700,39679.6592,0,121172.0000,204473.0000
2022-04-01,2022,4,Valle del Cauca,9,Articulos y utensilios domesticos,0,106.5451,-17.5000,9.2335,19.0500,31337.4358,-17.8000,8.5325,18.4700,39679.6592,0,121172.0000,204473.0000
2022-04-01,2022,4,Valle del Cauca,10,Aseo del hogar,0,114.5605,-17.5000,9.2335,19.0500,31337.4358,-17.8000,8.5325,18.4700,39679.6592,0,121172.0000,204473.0000
2022-04-01,2022,4,Valle del Cauca,11,Informatica y telecomunicaciones,0,144.8839,-17.5000,9.2335,19.0500,31337.4358,-17.8000,8.5325,18.4700,39679.6592,0,121172.0000,204473.0000
2022-04-01,2022,4,Valle del Cauca,12,Sonido y video,0,83.6281,-17.5000,9.2335,19.0500,31337.4358,-17.8000,8.5325,18.4700,39679.6592,0,121172.0000,204473.0000
2022-04-01,2022,4,Valle del Cauca,14,"Ferreteria, vidrios y pinturas",0,110.1456,-17.5000,9.2335,19.0500,31337.4358,-17.8000,8.5325,18.4700,39679.6592,0,121172.0000,204473.0000
2022-04-01,2022,4,Valle del Cauca,15,Otras mercancias de uso domestico,0,96.4055,-17.5000,9.2335,19.0500,31337.4358,-17.8000,8.5325,18.4700,39679.6592,0,121172.0000,204473.0000
2022-04-01,2022,4,Otros departamentos,4,Prendas de vestir y textiles,0,102.2199,-17.5000,9.2335,19.0500,31337.4358,-17.8000,8.5325,18.4700,39679.6592,0,468415.0000,910295.0000
2022-04-01,2022,4,Otros departamentos,8,Electrodomesticos y muebles,1,113.0310,-17.5000,9.2335,19.0500,31337.4358,-17.8000,8.5325,18.4700,39679.6592,0,468415.0000,910295.0000
2022-04-01,2022,4,Otros departamentos,9,Articulos y utensilios domesticos,0,115.8264,-17.5000,9.2335,19.0500,31337.4358,-17.8000,8.5325,18.4700,39679.6592,0,468415.0000,910295.0000
2022-04-01,2022,4,Otros departamentos,10,Aseo del hogar,0,123.9294,-17.5000,9.2335,19.0500,31337.4358,-17.8000,8.5325,18.4700,39679.6592,0,468415.0000,910295.0000
2022-04-01,2022,4,Otros departamentos,11,Informatica y telecomunicaciones,0,158.7624,-17.5000,9.2335,19.0500,31337.4358,-17.8000,8.5325,18.4700,39679.6592,0,468415.0000,910295.0000
2022-04-01,2022,4,Otros departamentos,12,Sonido y video,0,91.3879,-17.5000,9.2335,19.0500,31337.4358,-17.8000,8.5325,18.4700,39679.6592,0,468415.0000,910295.0000
2022-04-01,2022,4,Otros departamentos,14,"Ferreteria, vidrios y pinturas",0,117.0495,-17.5000,9.2335,19.0500,31337.4358,-17.8000,8.5325,18.4700,39679.6592,0,468415.0000,910295.0000
2022-04-01,2022,4,Otros departamentos,15,Otras mercancias de uso domestico,0,104.7005,-17.5000,9.2335,19.0500,31337.4358,-17.8000,8.5325,18.4700,39679.6592,0,468415.0000,910295.0000
2022-05-01,2022,5,Antioquia,4,Prendas de vestir y textiles,0,112.5990,-14.7000,9.0592,19.7100,32500.1678,-17.5000,9.2335,19.0500,31337.4358,0,353461.0000,368836.0000
2022-05-01,2022,5,Antioquia,8,Electrodomesticos y muebles,1,115.8755,-14.7000,9.0592,19.7100,32500.1678,-17.5000,9.2335,19.0500,31337.4358,0,353461.0000,368836.0000
2022-05-01,2022,5,Antioquia,9,Articulos y utensilios domesticos,0,118.0481,-14.7000,9.0592,19.7100,32500.1678,-17.5000,9.2335,19.0500,31337.4358,0,353461.0000,368836.0000
2022-05-01,2022,5,Antioquia,10,Aseo del hogar,0,135.5486,-14.7000,9.0592,19.7100,32500.1678,-17.5000,9.2335,19.0500,31337.4358,0,353461.0000,368836.0000
2022-05-01,2022,5,Antioquia,11,Informatica y telecomunicaciones,0,183.3718,-14.7000,9.0592,19.7100,32500.1678,-17.5000,9.2335,19.0500,31337.4358,0,353461.0000,368836.0000
2022-05-01,2022,5,Antioquia,12,Sonido y video,0,99.2442,-14.7000,9.0592,19.7100,32500.1678,-17.5000,9.2335,19.0500,31337.4358,0,353461.0000,368836.0000
2022-05-01,2022,5,Antioquia,14,"Ferreteria, vidrios y pinturas",0,118.3193,-14.7000,9.0592,19.7100,32500.1678,-17.5000,9.2335,19.0500,31337.4358,0,353461.0000,368836.0000
2022-05-01,2022,5,Antioquia,15,Otras mercancias de uso domestico,0,109.4000,-14.7000,9.0592,19.7100,32500.1678,-17.5000,9.2335,19.0500,31337.4358,0,353461.0000,368836.0000
2022-05-01,2022,5,Atlantico,4,Prendas de vestir y textiles,0,108.9606,-14.7000,9.0592,19.7100,32500.1678,-17.5000,9.2335,19.0500,31337.4358,0,64753.0000,165584.0000
2022-05-01,2022,5,Atlantico,8,Electrodomesticos y muebles,1,116.8544,-14.7000,9.0592,19.7100,32500.1678,-17.5000,9.2335,19.0500,31337.4358,0,64753.0000,165584.0000
2022-05-01,2022,5,Atlantico,9,Articulos y utensilios domesticos,0,116.1700,-14.7000,9.0592,19.7100,32500.1678,-17.5000,9.2335,19.0500,31337.4358,0,64753.0000,165584.0000
2022-05-01,2022,5,Atlantico,10,Aseo del hogar,0,127.0977,-14.7000,9.0592,19.7100,32500.1678,-17.5000,9.2335,19.0500,31337.4358,0,64753.0000,165584.0000
2022-05-01,2022,5,Atlantico,11,Informatica y telecomunicaciones,0,177.1168,-14.7000,9.0592,19.7100,32500.1678,-17.5000,9.2335,19.0500,31337.4358,0,64753.0000,165584.0000
2022-05-01,2022,5,Atlantico,12,Sonido y video,0,93.7432,-14.7000,9.0592,19.7100,32500.1678,-17.5000,9.2335,19.0500,31337.4358,0,64753.0000,165584.0000
2022-05-01,2022,5,Atlantico,14,"Ferreteria, vidrios y pinturas",0,122.9050,-14.7000,9.0592,19.7100,32500.1678,-17.5000,9.2335,19.0500,31337.4358,0,64753.0000,165584.0000
2022-05-01,2022,5,Atlantico,15,Otras mercancias de uso domestico,0,106.8317,-14.7000,9.0592,19.7100,32500.1678,-17.5000,9.2335,19.0500,31337.4358,0,64753.0000,165584.0000
2022-05-01,2022,5,Bogota,4,Prendas de vestir y textiles,0,116.4467,-14.7000,9.0592,19.7100,32500.1678,-17.5000,9.2335,19.0500,31337.4358,0,218124.0000,532443.0000
2022-05-01,2022,5,Bogota,8,Electrodomesticos y muebles,1,121.9958,-14.7000,9.0592,19.7100,32500.1678,-17.5000,9.2335,19.0500,31337.4358,0,218124.0000,532443.0000
2022-05-01,2022,5,Bogota,9,Articulos y utensilios domesticos,0,127.4787,-14.7000,9.0592,19.7100,32500.1678,-17.5000,9.2335,19.0500,31337.4358,0,218124.0000,532443.0000
2022-05-01,2022,5,Bogota,10,Aseo del hogar,0,141.7903,-14.7000,9.0592,19.7100,32500.1678,-17.5000,9.2335,19.0500,31337.4358,0,218124.0000,532443.0000
2022-05-01,2022,5,Bogota,11,Informatica y telecomunicaciones,0,181.0178,-14.7000,9.0592,19.7100,32500.1678,-17.5000,9.2335,19.0500,31337.4358,0,218124.0000,532443.0000
2022-05-01,2022,5,Bogota,12,Sonido y video,0,102.4932,-14.7000,9.0592,19.7100,32500.1678,-17.5000,9.2335,19.0500,31337.4358,0,218124.0000,532443.0000
2022-05-01,2022,5,Bogota,14,"Ferreteria, vidrios y pinturas",0,126.4638,-14.7000,9.0592,19.7100,32500.1678,-17.5000,9.2335,19.0500,31337.4358,0,218124.0000,532443.0000
2022-05-01,2022,5,Bogota,15,Otras mercancias de uso domestico,0,117.8207,-14.7000,9.0592,19.7100,32500.1678,-17.5000,9.2335,19.0500,31337.4358,0,218124.0000,532443.0000
2022-05-01,2022,5,Cundinamarca,4,Prendas de vestir y textiles,0,133.0357,-14.7000,9.0592,19.7100,32500.1678,-17.5000,9.2335,19.0500,31337.4358,0,318525.0000,314143.0000
2022-05-01,2022,5,Cundinamarca,8,Electrodomesticos y muebles,1,136.4958,-14.7000,9.0592,19.7100,32500.1678,-17.5000,9.2335,19.0500,31337.4358,0,318525.0000,314143.0000
2022-05-01,2022,5,Cundinamarca,9,Articulos y utensilios domesticos,0,142.7960,-14.7000,9.0592,19.7100,32500.1678,-17.5000,9.2335,19.0500,31337.4358,0,318525.0000,314143.0000
2022-05-01,2022,5,Cundinamarca,10,Aseo del hogar,0,156.3868,-14.7000,9.0592,19.7100,32500.1678,-17.5000,9.2335,19.0500,31337.4358,0,318525.0000,314143.0000
2022-05-01,2022,5,Cundinamarca,11,Informatica y telecomunicaciones,0,204.7303,-14.7000,9.0592,19.7100,32500.1678,-17.5000,9.2335,19.0500,31337.4358,0,318525.0000,314143.0000
2022-05-01,2022,5,Cundinamarca,12,Sonido y video,0,115.6128,-14.7000,9.0592,19.7100,32500.1678,-17.5000,9.2335,19.0500,31337.4358,0,318525.0000,314143.0000
2022-05-01,2022,5,Cundinamarca,14,"Ferreteria, vidrios y pinturas",0,142.2876,-14.7000,9.0592,19.7100,32500.1678,-17.5000,9.2335,19.0500,31337.4358,0,318525.0000,314143.0000
2022-05-01,2022,5,Cundinamarca,15,Otras mercancias de uso domestico,0,128.6965,-14.7000,9.0592,19.7100,32500.1678,-17.5000,9.2335,19.0500,31337.4358,0,318525.0000,314143.0000
2022-05-01,2022,5,Santander,4,Prendas de vestir y textiles,0,110.1747,-14.7000,9.0592,19.7100,32500.1678,-17.5000,9.2335,19.0500,31337.4358,0,56769.0000,46148.0000
2022-05-01,2022,5,Santander,8,Electrodomesticos y muebles,1,114.2966,-14.7000,9.0592,19.7100,32500.1678,-17.5000,9.2335,19.0500,31337.4358,0,56769.0000,46148.0000
2022-05-01,2022,5,Santander,9,Articulos y utensilios domesticos,0,118.3345,-14.7000,9.0592,19.7100,32500.1678,-17.5000,9.2335,19.0500,31337.4358,0,56769.0000,46148.0000
2022-05-01,2022,5,Santander,10,Aseo del hogar,0,120.7200,-14.7000,9.0592,19.7100,32500.1678,-17.5000,9.2335,19.0500,31337.4358,0,56769.0000,46148.0000
2022-05-01,2022,5,Santander,11,Informatica y telecomunicaciones,0,170.7459,-14.7000,9.0592,19.7100,32500.1678,-17.5000,9.2335,19.0500,31337.4358,0,56769.0000,46148.0000
2022-05-01,2022,5,Santander,12,Sonido y video,0,100.2180,-14.7000,9.0592,19.7100,32500.1678,-17.5000,9.2335,19.0500,31337.4358,0,56769.0000,46148.0000
2022-05-01,2022,5,Santander,14,"Ferreteria, vidrios y pinturas",0,119.4440,-14.7000,9.0592,19.7100,32500.1678,-17.5000,9.2335,19.0500,31337.4358,0,56769.0000,46148.0000
2022-05-01,2022,5,Santander,15,Otras mercancias de uso domestico,0,104.2577,-14.7000,9.0592,19.7100,32500.1678,-17.5000,9.2335,19.0500,31337.4358,0,56769.0000,46148.0000
2022-05-01,2022,5,Valle del Cauca,4,Prendas de vestir y textiles,0,101.8836,-14.7000,9.0592,19.7100,32500.1678,-17.5000,9.2335,19.0500,31337.4358,0,190083.0000,121172.0000
2022-05-01,2022,5,Valle del Cauca,8,Electrodomesticos y muebles,1,104.6321,-14.7000,9.0592,19.7100,32500.1678,-17.5000,9.2335,19.0500,31337.4358,0,190083.0000,121172.0000
2022-05-01,2022,5,Valle del Cauca,9,Articulos y utensilios domesticos,0,110.2406,-14.7000,9.0592,19.7100,32500.1678,-17.5000,9.2335,19.0500,31337.4358,0,190083.0000,121172.0000
2022-05-01,2022,5,Valle del Cauca,10,Aseo del hogar,0,119.4188,-14.7000,9.0592,19.7100,32500.1678,-17.5000,9.2335,19.0500,31337.4358,0,190083.0000,121172.0000
2022-05-01,2022,5,Valle del Cauca,11,Informatica y telecomunicaciones,0,164.5171,-14.7000,9.0592,19.7100,32500.1678,-17.5000,9.2335,19.0500,31337.4358,0,190083.0000,121172.0000
2022-05-01,2022,5,Valle del Cauca,12,Sonido y video,0,90.1207,-14.7000,9.0592,19.7100,32500.1678,-17.5000,9.2335,19.0500,31337.4358,0,190083.0000,121172.0000
2022-05-01,2022,5,Valle del Cauca,14,"Ferreteria, vidrios y pinturas",0,111.7515,-14.7000,9.0592,19.7100,32500.1678,-17.5000,9.2335,19.0500,31337.4358,0,190083.0000,121172.0000
2022-05-01,2022,5,Valle del Cauca,15,Otras mercancias de uso domestico,0,103.8742,-14.7000,9.0592,19.7100,32500.1678,-17.5000,9.2335,19.0500,31337.4358,0,190083.0000,121172.0000
2022-05-01,2022,5,Otros departamentos,4,Prendas de vestir y textiles,0,110.4235,-14.7000,9.0592,19.7100,32500.1678,-17.5000,9.2335,19.0500,31337.4358,0,580586.0000,468415.0000
2022-05-01,2022,5,Otros departamentos,8,Electrodomesticos y muebles,1,113.1591,-14.7000,9.0592,19.7100,32500.1678,-17.5000,9.2335,19.0500,31337.4358,0,580586.0000,468415.0000
2022-05-01,2022,5,Otros departamentos,9,Articulos y utensilios domesticos,0,117.4792,-14.7000,9.0592,19.7100,32500.1678,-17.5000,9.2335,19.0500,31337.4358,0,580586.0000,468415.0000
2022-05-01,2022,5,Otros departamentos,10,Aseo del hogar,0,130.0148,-14.7000,9.0592,19.7100,32500.1678,-17.5000,9.2335,19.0500,31337.4358,0,580586.0000,468415.0000
2022-05-01,2022,5,Otros departamentos,11,Informatica y telecomunicaciones,0,180.1554,-14.7000,9.0592,19.7100,32500.1678,-17.5000,9.2335,19.0500,31337.4358,0,580586.0000,468415.0000
2022-05-01,2022,5,Otros departamentos,12,Sonido y video,0,96.1366,-14.7000,9.0592,19.7100,32500.1678,-17.5000,9.2335,19.0500,31337.4358,0,580586.0000,468415.0000
2022-05-01,2022,5,Otros departamentos,14,"Ferreteria, vidrios y pinturas",0,119.6112,-14.7000,9.0592,19.7100,32500.1678,-17.5000,9.2335,19.0500,31337.4358,0,580586.0000,468415.0000
2022-05-01,2022,5,Otros departamentos,15,Otras mercancias de uso domestico,0,109.4123,-14.7000,9.0592,19.7100,32500.1678,-17.5000,9.2335,19.0500,31337.4358,0,580586.0000,468415.0000
2022-06-01,2022,6,Antioquia,4,Prendas de vestir y textiles,0,131.8677,2.9000,9.6801,20.4000,34020.8791,-14.7000,9.0592,19.7100,32500.1678,0,393314.0000,353461.0000
2022-06-01,2022,6,Antioquia,8,Electrodomesticos y muebles,1,173.4647,2.9000,9.6801,20.4000,34020.8791,-14.7000,9.0592,19.7100,32500.1678,0,393314.0000,353461.0000
2022-06-01,2022,6,Antioquia,9,Articulos y utensilios domesticos,0,118.7211,2.9000,9.6801,20.4000,34020.8791,-14.7000,9.0592,19.7100,32500.1678,0,393314.0000,353461.0000
2022-06-01,2022,6,Antioquia,10,Aseo del hogar,0,122.2375,2.9000,9.6801,20.4000,34020.8791,-14.7000,9.0592,19.7100,32500.1678,0,393314.0000,353461.0000
2022-06-01,2022,6,Antioquia,11,Informatica y telecomunicaciones,0,225.0251,2.9000,9.6801,20.4000,34020.8791,-14.7000,9.0592,19.7100,32500.1678,0,393314.0000,353461.0000
2022-06-01,2022,6,Antioquia,12,Sonido y video,0,206.9050,2.9000,9.6801,20.4000,34020.8791,-14.7000,9.0592,19.7100,32500.1678,0,393314.0000,353461.0000
2022-06-01,2022,6,Antioquia,14,"Ferreteria, vidrios y pinturas",0,115.9676,2.9000,9.6801,20.4000,34020.8791,-14.7000,9.0592,19.7100,32500.1678,0,393314.0000,353461.0000
2022-06-01,2022,6,Antioquia,15,Otras mercancias de uso domestico,0,109.3195,2.9000,9.6801,20.4000,34020.8791,-14.7000,9.0592,19.7100,32500.1678,0,393314.0000,353461.0000
2022-06-01,2022,6,Atlantico,4,Prendas de vestir y textiles,0,134.7942,2.9000,9.6801,20.4000,34020.8791,-14.7000,9.0592,19.7100,32500.1678,0,202627.0000,64753.0000
2022-06-01,2022,6,Atlantico,8,Electrodomesticos y muebles,1,189.0550,2.9000,9.6801,20.4000,34020.8791,-14.7000,9.0592,19.7100,32500.1678,0,202627.0000,64753.0000
2022-06-01,2022,6,Atlantico,9,Articulos y utensilios domesticos,0,132.0456,2.9000,9.6801,20.4000,34020.8791,-14.7000,9.0592,19.7100,32500.1678,0,202627.0000,64753.0000
2022-06-01,2022,6,Atlantico,10,Aseo del hogar,0,127.6588,2.9000,9.6801,20.4000,34020.8791,-14.7000,9.0592,19.7100,32500.1678,0,202627.0000,64753.0000
2022-06-01,2022,6,Atlantico,11,Informatica y telecomunicaciones,0,244.8869,2.9000,9.6801,20.4000,34020.8791,-14.7000,9.0592,19.7100,32500.1678,0,202627.0000,64753.0000
2022-06-01,2022,6,Atlantico,12,Sonido y video,0,219.9448,2.9000,9.6801,20.4000,34020.8791,-14.7000,9.0592,19.7100,32500.1678,0,202627.0000,64753.0000
2022-06-01,2022,6,Atlantico,14,"Ferreteria, vidrios y pinturas",0,135.7017,2.9000,9.6801,20.4000,34020.8791,-14.7000,9.0592,19.7100,32500.1678,0,202627.0000,64753.0000
2022-06-01,2022,6,Atlantico,15,Otras mercancias de uso domestico,0,117.7251,2.9000,9.6801,20.4000,34020.8791,-14.7000,9.0592,19.7100,32500.1678,0,202627.0000,64753.0000
2022-06-01,2022,6,Bogota,4,Prendas de vestir y textiles,0,144.0233,2.9000,9.6801,20.4000,34020.8791,-14.7000,9.0592,19.7100,32500.1678,0,268531.0000,218124.0000
2022-06-01,2022,6,Bogota,8,Electrodomesticos y muebles,1,197.7545,2.9000,9.6801,20.4000,34020.8791,-14.7000,9.0592,19.7100,32500.1678,0,268531.0000,218124.0000
2022-06-01,2022,6,Bogota,9,Articulos y utensilios domesticos,0,137.8578,2.9000,9.6801,20.4000,34020.8791,-14.7000,9.0592,19.7100,32500.1678,0,268531.0000,218124.0000
2022-06-01,2022,6,Bogota,10,Aseo del hogar,0,138.5195,2.9000,9.6801,20.4000,34020.8791,-14.7000,9.0592,19.7100,32500.1678,0,268531.0000,218124.0000
2022-06-01,2022,6,Bogota,11,Informatica y telecomunicaciones,0,244.4390,2.9000,9.6801,20.4000,34020.8791,-14.7000,9.0592,19.7100,32500.1678,0,268531.0000,218124.0000
2022-06-01,2022,6,Bogota,12,Sonido y video,0,234.9993,2.9000,9.6801,20.4000,34020.8791,-14.7000,9.0592,19.7100,32500.1678,0,268531.0000,218124.0000
2022-06-01,2022,6,Bogota,14,"Ferreteria, vidrios y pinturas",0,142.6623,2.9000,9.6801,20.4000,34020.8791,-14.7000,9.0592,19.7100,32500.1678,0,268531.0000,218124.0000
2022-06-01,2022,6,Bogota,15,Otras mercancias de uso domestico,0,125.0446,2.9000,9.6801,20.4000,34020.8791,-14.7000,9.0592,19.7100,32500.1678,0,268531.0000,218124.0000
2022-06-01,2022,6,Cundinamarca,4,Prendas de vestir y textiles,0,146.6168,2.9000,9.6801,20.4000,34020.8791,-14.7000,9.0592,19.7100,32500.1678,0,388960.0000,318525.0000
2022-06-01,2022,6,Cundinamarca,8,Electrodomesticos y muebles,1,205.7715,2.9000,9.6801,20.4000,34020.8791,-14.7000,9.0592,19.7100,32500.1678,0,388960.0000,318525.0000
2022-06-01,2022,6,Cundinamarca,9,Articulos y utensilios domesticos,0,142.2713,2.9000,9.6801,20.4000,34020.8791,-14.7000,9.0592,19.7100,32500.1678,0,388960.0000,318525.0000
2022-06-01,2022,6,Cundinamarca,10,Aseo del hogar,0,139.3869,2.9000,9.6801,20.4000,34020.8791,-14.7000,9.0592,19.7100,32500.1678,0,388960.0000,318525.0000
2022-06-01,2022,6,Cundinamarca,11,Informatica y telecomunicaciones,0,242.8465,2.9000,9.6801,20.4000,34020.8791,-14.7000,9.0592,19.7100,32500.1678,0,388960.0000,318525.0000
2022-06-01,2022,6,Cundinamarca,12,Sonido y video,0,241.4752,2.9000,9.6801,20.4000,34020.8791,-14.7000,9.0592,19.7100,32500.1678,0,388960.0000,318525.0000
2022-06-01,2022,6,Cundinamarca,14,"Ferreteria, vidrios y pinturas",0,136.0580,2.9000,9.6801,20.4000,34020.8791,-14.7000,9.0592,19.7100,32500.1678,0,388960.0000,318525.0000
2022-06-01,2022,6,Cundinamarca,15,Otras mercancias de uso domestico,0,129.3624,2.9000,9.6801,20.4000,34020.8791,-14.7000,9.0592,19.7100,32500.1678,0,388960.0000,318525.0000
2022-06-01,2022,6,Santander,4,Prendas de vestir y textiles,0,130.0134,2.9000,9.6801,20.4000,34020.8791,-14.7000,9.0592,19.7100,32500.1678,0,73311.0000,56769.0000
2022-06-01,2022,6,Santander,8,Electrodomesticos y muebles,1,183.6596,2.9000,9.6801,20.4000,34020.8791,-14.7000,9.0592,19.7100,32500.1678,0,73311.0000,56769.0000
2022-06-01,2022,6,Santander,9,Articulos y utensilios domesticos,0,122.6411,2.9000,9.6801,20.4000,34020.8791,-14.7000,9.0592,19.7100,32500.1678,0,73311.0000,56769.0000
2022-06-01,2022,6,Santander,10,Aseo del hogar,0,116.0308,2.9000,9.6801,20.4000,34020.8791,-14.7000,9.0592,19.7100,32500.1678,0,73311.0000,56769.0000
2022-06-01,2022,6,Santander,11,Informatica y telecomunicaciones,0,226.5058,2.9000,9.6801,20.4000,34020.8791,-14.7000,9.0592,19.7100,32500.1678,0,73311.0000,56769.0000
2022-06-01,2022,6,Santander,12,Sonido y video,0,219.0209,2.9000,9.6801,20.4000,34020.8791,-14.7000,9.0592,19.7100,32500.1678,0,73311.0000,56769.0000
2022-06-01,2022,6,Santander,14,"Ferreteria, vidrios y pinturas",0,125.5460,2.9000,9.6801,20.4000,34020.8791,-14.7000,9.0592,19.7100,32500.1678,0,73311.0000,56769.0000
2022-06-01,2022,6,Santander,15,Otras mercancias de uso domestico,0,111.1681,2.9000,9.6801,20.4000,34020.8791,-14.7000,9.0592,19.7100,32500.1678,0,73311.0000,56769.0000
2022-06-01,2022,6,Valle del Cauca,4,Prendas de vestir y textiles,0,117.2470,2.9000,9.6801,20.4000,34020.8791,-14.7000,9.0592,19.7100,32500.1678,0,270596.0000,190083.0000
2022-06-01,2022,6,Valle del Cauca,8,Electrodomesticos y muebles,1,157.5043,2.9000,9.6801,20.4000,34020.8791,-14.7000,9.0592,19.7100,32500.1678,0,270596.0000,190083.0000
2022-06-01,2022,6,Valle del Cauca,9,Articulos y utensilios domesticos,0,109.9469,2.9000,9.6801,20.4000,34020.8791,-14.7000,9.0592,19.7100,32500.1678,0,270596.0000,190083.0000
2022-06-01,2022,6,Valle del Cauca,10,Aseo del hogar,0,108.6049,2.9000,9.6801,20.4000,34020.8791,-14.7000,9.0592,19.7100,32500.1678,0,270596.0000,190083.0000
2022-06-01,2022,6,Valle del Cauca,11,Informatica y telecomunicaciones,0,204.7915,2.9000,9.6801,20.4000,34020.8791,-14.7000,9.0592,19.7100,32500.1678,0,270596.0000,190083.0000
2022-06-01,2022,6,Valle del Cauca,12,Sonido y video,0,185.8547,2.9000,9.6801,20.4000,34020.8791,-14.7000,9.0592,19.7100,32500.1678,0,270596.0000,190083.0000
2022-06-01,2022,6,Valle del Cauca,14,"Ferreteria, vidrios y pinturas",0,106.6698,2.9000,9.6801,20.4000,34020.8791,-14.7000,9.0592,19.7100,32500.1678,0,270596.0000,190083.0000
2022-06-01,2022,6,Valle del Cauca,15,Otras mercancias de uso domestico,0,100.1311,2.9000,9.6801,20.4000,34020.8791,-14.7000,9.0592,19.7100,32500.1678,0,270596.0000,190083.0000
2022-06-01,2022,6,Otros departamentos,4,Prendas de vestir y textiles,0,128.8424,2.9000,9.6801,20.4000,34020.8791,-14.7000,9.0592,19.7100,32500.1678,0,915160.0000,580586.0000
2022-06-01,2022,6,Otros departamentos,8,Electrodomesticos y muebles,1,173.2774,2.9000,9.6801,20.4000,34020.8791,-14.7000,9.0592,19.7100,32500.1678,0,915160.0000,580586.0000
2022-06-01,2022,6,Otros departamentos,9,Articulos y utensilios domesticos,0,121.0066,2.9000,9.6801,20.4000,34020.8791,-14.7000,9.0592,19.7100,32500.1678,0,915160.0000,580586.0000
2022-06-01,2022,6,Otros departamentos,10,Aseo del hogar,0,120.4766,2.9000,9.6801,20.4000,34020.8791,-14.7000,9.0592,19.7100,32500.1678,0,915160.0000,580586.0000
2022-06-01,2022,6,Otros departamentos,11,Informatica y telecomunicaciones,0,233.7238,2.9000,9.6801,20.4000,34020.8791,-14.7000,9.0592,19.7100,32500.1678,0,915160.0000,580586.0000
2022-06-01,2022,6,Otros departamentos,12,Sonido y video,0,211.8912,2.9000,9.6801,20.4000,34020.8791,-14.7000,9.0592,19.7100,32500.1678,0,915160.0000,580586.0000
2022-06-01,2022,6,Otros departamentos,14,"Ferreteria, vidrios y pinturas",0,125.3518,2.9000,9.6801,20.4000,34020.8791,-14.7000,9.0592,19.7100,32500.1678,0,915160.0000,580586.0000
2022-06-01,2022,6,Otros departamentos,15,Otras mercancias de uso domestico,0,113.0594,2.9000,9.6801,20.4000,34020.8791,-14.7000,9.0592,19.7100,32500.1678,0,915160.0000,580586.0000
2022-07-01,2022,7,Antioquia,4,Prendas de vestir y textiles,0,123.7682,-10.4000,10.1979,21.2800,41118.8280,2.9000,9.6801,20.4000,34020.8791,0,366204.0000,393314.0000
2022-07-01,2022,7,Antioquia,8,Electrodomesticos y muebles,1,115.2322,-10.4000,10.1979,21.2800,41118.8280,2.9000,9.6801,20.4000,34020.8791,0,366204.0000,393314.0000
2022-07-01,2022,7,Antioquia,9,Articulos y utensilios domesticos,0,131.4968,-10.4000,10.1979,21.2800,41118.8280,2.9000,9.6801,20.4000,34020.8791,0,366204.0000,393314.0000
2022-07-01,2022,7,Antioquia,10,Aseo del hogar,0,133.0562,-10.4000,10.1979,21.2800,41118.8280,2.9000,9.6801,20.4000,34020.8791,0,366204.0000,393314.0000
2022-07-01,2022,7,Antioquia,11,Informatica y telecomunicaciones,0,182.2771,-10.4000,10.1979,21.2800,41118.8280,2.9000,9.6801,20.4000,34020.8791,0,366204.0000,393314.0000
2022-07-01,2022,7,Antioquia,12,Sonido y video,0,107.3457,-10.4000,10.1979,21.2800,41118.8280,2.9000,9.6801,20.4000,34020.8791,0,366204.0000,393314.0000
2022-07-01,2022,7,Antioquia,14,"Ferreteria, vidrios y pinturas",0,125.0859,-10.4000,10.1979,21.2800,41118.8280,2.9000,9.6801,20.4000,34020.8791,0,366204.0000,393314.0000
2022-07-01,2022,7,Antioquia,15,Otras mercancias de uso domestico,0,119.3561,-10.4000,10.1979,21.2800,41118.8280,2.9000,9.6801,20.4000,34020.8791,0,366204.0000,393314.0000
2022-07-01,2022,7,Atlantico,4,Prendas de vestir y textiles,0,126.0761,-10.4000,10.1979,21.2800,41118.8280,2.9000,9.6801,20.4000,34020.8791,0,486888.0000,202627.0000
2022-07-01,2022,7,Atlantico,8,Electrodomesticos y muebles,1,116.6348,-10.4000,10.1979,21.2800,41118.8280,2.9000,9.6801,20.4000,34020.8791,0,486888.0000,202627.0000
2022-07-01,2022,7,Atlantico,9,Articulos y utensilios domesticos,0,139.1734,-10.4000,10.1979,21.2800,41118.8280,2.9000,9.6801,20.4000,34020.8791,0,486888.0000,202627.0000
2022-07-01,2022,7,Atlantico,10,Aseo del hogar,0,139.6398,-10.4000,10.1979,21.2800,41118.8280,2.9000,9.6801,20.4000,34020.8791,0,486888.0000,202627.0000
2022-07-01,2022,7,Atlantico,11,Informatica y telecomunicaciones,0,195.1908,-10.4000,10.1979,21.2800,41118.8280,2.9000,9.6801,20.4000,34020.8791,0,486888.0000,202627.0000
2022-07-01,2022,7,Atlantico,12,Sonido y video,0,111.1423,-10.4000,10.1979,21.2800,41118.8280,2.9000,9.6801,20.4000,34020.8791,0,486888.0000,202627.0000
2022-07-01,2022,7,Atlantico,14,"Ferreteria, vidrios y pinturas",0,134.4834,-10.4000,10.1979,21.2800,41118.8280,2.9000,9.6801,20.4000,34020.8791,0,486888.0000,202627.0000
2022-07-01,2022,7,Atlantico,15,Otras mercancias de uso domestico,0,118.4867,-10.4000,10.1979,21.2800,41118.8280,2.9000,9.6801,20.4000,34020.8791,0,486888.0000,202627.0000
2022-07-01,2022,7,Bogota,4,Prendas de vestir y textiles,0,126.7244,-10.4000,10.1979,21.2800,41118.8280,2.9000,9.6801,20.4000,34020.8791,0,620077.0000,268531.0000
2022-07-01,2022,7,Bogota,8,Electrodomesticos y muebles,1,123.8754,-10.4000,10.1979,21.2800,41118.8280,2.9000,9.6801,20.4000,34020.8791,0,620077.0000,268531.0000
2022-07-01,2022,7,Bogota,9,Articulos y utensilios domesticos,0,141.7743,-10.4000,10.1979,21.2800,41118.8280,2.9000,9.6801,20.4000,34020.8791,0,620077.0000,268531.0000
2022-07-01,2022,7,Bogota,10,Aseo del hogar,0,145.6492,-10.4000,10.1979,21.2800,41118.8280,2.9000,9.6801,20.4000,34020.8791,0,620077.0000,268531.0000
2022-07-01,2022,7,Bogota,11,Informatica y telecomunicaciones,0,187.7623,-10.4000,10.1979,21.2800,41118.8280,2.9000,9.6801,20.4000,34020.8791,0,620077.0000,268531.0000
2022-07-01,2022,7,Bogota,12,Sonido y video,0,116.3945,-10.4000,10.1979,21.2800,41118.8280,2.9000,9.6801,20.4000,34020.8791,0,620077.0000,268531.0000
2022-07-01,2022,7,Bogota,14,"Ferreteria, vidrios y pinturas",0,135.9807,-10.4000,10.1979,21.2800,41118.8280,2.9000,9.6801,20.4000,34020.8791,0,620077.0000,268531.0000
2022-07-01,2022,7,Bogota,15,Otras mercancias de uso domestico,0,119.4399,-10.4000,10.1979,21.2800,41118.8280,2.9000,9.6801,20.4000,34020.8791,0,620077.0000,268531.0000
2022-07-01,2022,7,Cundinamarca,4,Prendas de vestir y textiles,0,145.1401,-10.4000,10.1979,21.2800,41118.8280,2.9000,9.6801,20.4000,34020.8791,0,322404.0000,388960.0000
2022-07-01,2022,7,Cundinamarca,8,Electrodomesticos y muebles,1,137.2889,-10.4000,10.1979,21.2800,41118.8280,2.9000,9.6801,20.4000,34020.8791,0,322404.0000,388960.0000
2022-07-01,2022,7,Cundinamarca,9,Articulos y utensilios domesticos,0,163.0751,-10.4000,10.1979,21.2800,41118.8280,2.9000,9.6801,20.4000,34020.8791,0,322404.0000,388960.0000
2022-07-01,2022,7,Cundinamarca,10,Aseo del hogar,0,162.4139,-10.4000,10.1979,21.2800,41118.8280,2.9000,9.6801,20.4000,34020.8791,0,322404.0000,388960.0000
2022-07-01,2022,7,Cundinamarca,11,Informatica y telecomunicaciones,0,206.7450,-10.4000,10.1979,21.2800,41118.8280,2.9000,9.6801,20.4000,34020.8791,0,322404.0000,388960.0000
2022-07-01,2022,7,Cundinamarca,12,Sonido y video,0,129.4414,-10.4000,10.1979,21.2800,41118.8280,2.9000,9.6801,20.4000,34020.8791,0,322404.0000,388960.0000
2022-07-01,2022,7,Cundinamarca,14,"Ferreteria, vidrios y pinturas",0,143.7387,-10.4000,10.1979,21.2800,41118.8280,2.9000,9.6801,20.4000,34020.8791,0,322404.0000,388960.0000
2022-07-01,2022,7,Cundinamarca,15,Otras mercancias de uso domestico,0,139.3114,-10.4000,10.1979,21.2800,41118.8280,2.9000,9.6801,20.4000,34020.8791,0,322404.0000,388960.0000
2022-07-01,2022,7,Santander,4,Prendas de vestir y textiles,0,120.9604,-10.4000,10.1979,21.2800,41118.8280,2.9000,9.6801,20.4000,34020.8791,0,130300.0000,73311.0000
2022-07-01,2022,7,Santander,8,Electrodomesticos y muebles,1,114.6906,-10.4000,10.1979,21.2800,41118.8280,2.9000,9.6801,20.4000,34020.8791,0,130300.0000,73311.0000
2022-07-01,2022,7,Santander,9,Articulos y utensilios domesticos,0,129.7623,-10.4000,10.1979,21.2800,41118.8280,2.9000,9.6801,20.4000,34020.8791,0,130300.0000,73311.0000
2022-07-01,2022,7,Santander,10,Aseo del hogar,0,131.5247,-10.4000,10.1979,21.2800,41118.8280,2.9000,9.6801,20.4000,34020.8791,0,130300.0000,73311.0000
2022-07-01,2022,7,Santander,11,Informatica y telecomunicaciones,0,181.0984,-10.4000,10.1979,21.2800,41118.8280,2.9000,9.6801,20.4000,34020.8791,0,130300.0000,73311.0000
2022-07-01,2022,7,Santander,12,Sonido y video,0,107.5875,-10.4000,10.1979,21.2800,41118.8280,2.9000,9.6801,20.4000,34020.8791,0,130300.0000,73311.0000
2022-07-01,2022,7,Santander,14,"Ferreteria, vidrios y pinturas",0,121.4989,-10.4000,10.1979,21.2800,41118.8280,2.9000,9.6801,20.4000,34020.8791,0,130300.0000,73311.0000
2022-07-01,2022,7,Santander,15,Otras mercancias de uso domestico,0,115.8546,-10.4000,10.1979,21.2800,41118.8280,2.9000,9.6801,20.4000,34020.8791,0,130300.0000,73311.0000
2022-07-01,2022,7,Valle del Cauca,4,Prendas de vestir y textiles,0,111.7291,-10.4000,10.1979,21.2800,41118.8280,2.9000,9.6801,20.4000,34020.8791,0,431828.0000,270596.0000
2022-07-01,2022,7,Valle del Cauca,8,Electrodomesticos y muebles,1,108.3054,-10.4000,10.1979,21.2800,41118.8280,2.9000,9.6801,20.4000,34020.8791,0,431828.0000,270596.0000
2022-07-01,2022,7,Valle del Cauca,9,Articulos y utensilios domesticos,0,125.4387,-10.4000,10.1979,21.2800,41118.8280,2.9000,9.6801,20.4000,34020.8791,0,431828.0000,270596.0000
2022-07-01,2022,7,Valle del Cauca,10,Aseo del hogar,0,125.2593,-10.4000,10.1979,21.2800,41118.8280,2.9000,9.6801,20.4000,34020.8791,0,431828.0000,270596.0000
2022-07-01,2022,7,Valle del Cauca,11,Informatica y telecomunicaciones,0,169.6374,-10.4000,10.1979,21.2800,41118.8280,2.9000,9.6801,20.4000,34020.8791,0,431828.0000,270596.0000
2022-07-01,2022,7,Valle del Cauca,12,Sonido y video,0,99.2557,-10.4000,10.1979,21.2800,41118.8280,2.9000,9.6801,20.4000,34020.8791,0,431828.0000,270596.0000
2022-07-01,2022,7,Valle del Cauca,14,"Ferreteria, vidrios y pinturas",0,114.8171,-10.4000,10.1979,21.2800,41118.8280,2.9000,9.6801,20.4000,34020.8791,0,431828.0000,270596.0000
2022-07-01,2022,7,Valle del Cauca,15,Otras mercancias de uso domestico,0,110.8138,-10.4000,10.1979,21.2800,41118.8280,2.9000,9.6801,20.4000,34020.8791,0,431828.0000,270596.0000
2022-07-01,2022,7,Otros departamentos,4,Prendas de vestir y textiles,0,119.4751,-10.4000,10.1979,21.2800,41118.8280,2.9000,9.6801,20.4000,34020.8791,0,1112245.0000,915160.0000
2022-07-01,2022,7,Otros departamentos,8,Electrodomesticos y muebles,1,114.8914,-10.4000,10.1979,21.2800,41118.8280,2.9000,9.6801,20.4000,34020.8791,0,1112245.0000,915160.0000
2022-07-01,2022,7,Otros departamentos,9,Articulos y utensilios domesticos,0,134.1622,-10.4000,10.1979,21.2800,41118.8280,2.9000,9.6801,20.4000,34020.8791,0,1112245.0000,915160.0000
2022-07-01,2022,7,Otros departamentos,10,Aseo del hogar,0,133.0935,-10.4000,10.1979,21.2800,41118.8280,2.9000,9.6801,20.4000,34020.8791,0,1112245.0000,915160.0000
2022-07-01,2022,7,Otros departamentos,11,Informatica y telecomunicaciones,0,180.7641,-10.4000,10.1979,21.2800,41118.8280,2.9000,9.6801,20.4000,34020.8791,0,1112245.0000,915160.0000
2022-07-01,2022,7,Otros departamentos,12,Sonido y video,0,103.9555,-10.4000,10.1979,21.2800,41118.8280,2.9000,9.6801,20.4000,34020.8791,0,1112245.0000,915160.0000
2022-07-01,2022,7,Otros departamentos,14,"Ferreteria, vidrios y pinturas",0,127.2503,-10.4000,10.1979,21.2800,41118.8280,2.9000,9.6801,20.4000,34020.8791,0,1112245.0000,915160.0000
2022-07-01,2022,7,Otros departamentos,15,Otras mercancias de uso domestico,0,116.3547,-10.4000,10.1979,21.2800,41118.8280,2.9000,9.6801,20.4000,34020.8791,0,1112245.0000,915160.0000
2022-08-01,2022,8,Antioquia,4,Prendas de vestir y textiles,0,105.8803,-2.4000,10.8374,22.2100,50580.2222,-10.4000,10.1979,21.2800,41118.8280,0,603346.0000,366204.0000
2022-08-01,2022,8,Antioquia,8,Electrodomesticos y muebles,1,120.1547,-2.4000,10.8374,22.2100,50580.2222,-10.4000,10.1979,21.2800,41118.8280,0,603346.0000,366204.0000
2022-08-01,2022,8,Antioquia,9,Articulos y utensilios domesticos,0,123.5818,-2.4000,10.8374,22.2100,50580.2222,-10.4000,10.1979,21.2800,41118.8280,0,603346.0000,366204.0000
2022-08-01,2022,8,Antioquia,10,Aseo del hogar,0,128.3177,-2.4000,10.8374,22.2100,50580.2222,-10.4000,10.1979,21.2800,41118.8280,0,603346.0000,366204.0000
2022-08-01,2022,8,Antioquia,11,Informatica y telecomunicaciones,0,192.3090,-2.4000,10.8374,22.2100,50580.2222,-10.4000,10.1979,21.2800,41118.8280,0,603346.0000,366204.0000
2022-08-01,2022,8,Antioquia,12,Sonido y video,0,113.9455,-2.4000,10.8374,22.2100,50580.2222,-10.4000,10.1979,21.2800,41118.8280,0,603346.0000,366204.0000
2022-08-01,2022,8,Antioquia,14,"Ferreteria, vidrios y pinturas",0,124.3666,-2.4000,10.8374,22.2100,50580.2222,-10.4000,10.1979,21.2800,41118.8280,0,603346.0000,366204.0000
2022-08-01,2022,8,Antioquia,15,Otras mercancias de uso domestico,0,122.5429,-2.4000,10.8374,22.2100,50580.2222,-10.4000,10.1979,21.2800,41118.8280,0,603346.0000,366204.0000
2022-08-01,2022,8,Atlantico,4,Prendas de vestir y textiles,0,105.2648,-2.4000,10.8374,22.2100,50580.2222,-10.4000,10.1979,21.2800,41118.8280,0,149042.0000,486888.0000
2022-08-01,2022,8,Atlantico,8,Electrodomesticos y muebles,1,115.7633,-2.4000,10.8374,22.2100,50580.2222,-10.4000,10.1979,21.2800,41118.8280,0,149042.0000,486888.0000
2022-08-01,2022,8,Atlantico,9,Articulos y utensilios domesticos,0,125.4958,-2.4000,10.8374,22.2100,50580.2222,-10.4000,10.1979,21.2800,41118.8280,0,149042.0000,486888.0000
2022-08-01,2022,8,Atlantico,10,Aseo del hogar,0,118.8773,-2.4000,10.8374,22.2100,50580.2222,-10.4000,10.1979,21.2800,41118.8280,0,149042.0000,486888.0000
2022-08-01,2022,8,Atlantico,11,Informatica y telecomunicaciones,0,191.4618,-2.4000,10.8374,22.2100,50580.2222,-10.4000,10.1979,21.2800,41118.8280,0,149042.0000,486888.0000
2022-08-01,2022,8,Atlantico,12,Sonido y video,0,113.5445,-2.4000,10.8374,22.2100,50580.2222,-10.4000,10.1979,21.2800,41118.8280,0,149042.0000,486888.0000
2022-08-01,2022,8,Atlantico,14,"Ferreteria, vidrios y pinturas",0,125.3095,-2.4000,10.8374,22.2100,50580.2222,-10.4000,10.1979,21.2800,41118.8280,0,149042.0000,486888.0000
2022-08-01,2022,8,Atlantico,15,Otras mercancias de uso domestico,0,113.5729,-2.4000,10.8374,22.2100,50580.2222,-10.4000,10.1979,21.2800,41118.8280,0,149042.0000,486888.0000
2022-08-01,2022,8,Bogota,4,Prendas de vestir y textiles,0,111.7019,-2.4000,10.8374,22.2100,50580.2222,-10.4000,10.1979,21.2800,41118.8280,0,610435.0000,620077.0000
2022-08-01,2022,8,Bogota,8,Electrodomesticos y muebles,1,128.8542,-2.4000,10.8374,22.2100,50580.2222,-10.4000,10.1979,21.2800,41118.8280,0,610435.0000,620077.0000
2022-08-01,2022,8,Bogota,9,Articulos y utensilios domesticos,0,135.6360,-2.4000,10.8374,22.2100,50580.2222,-10.4000,10.1979,21.2800,41118.8280,0,610435.0000,620077.0000
2022-08-01,2022,8,Bogota,10,Aseo del hogar,0,130.8588,-2.4000,10.8374,22.2100,50580.2222,-10.4000,10.1979,21.2800,41118.8280,0,610435.0000,620077.0000
2022-08-01,2022,8,Bogota,11,Informatica y telecomunicaciones,0,201.0715,-2.4000,10.8374,22.2100,50580.2222,-10.4000,10.1979,21.2800,41118.8280,0,610435.0000,620077.0000
2022-08-01,2022,8,Bogota,12,Sonido y video,0,126.0005,-2.4000,10.8374,22.2100,50580.2222,-10.4000,10.1979,21.2800,41118.8280,0,610435.0000,620077.0000
2022-08-01,2022,8,Bogota,14,"Ferreteria, vidrios y pinturas",0,125.3386,-2.4000,10.8374,22.2100,50580.2222,-10.4000,10.1979,21.2800,41118.8280,0,610435.0000,620077.0000
2022-08-01,2022,8,Bogota,15,Otras mercancias de uso domestico,0,121.9252,-2.4000,10.8374,22.2100,50580.2222,-10.4000,10.1979,21.2800,41118.8280,0,610435.0000,620077.0000
2022-08-01,2022,8,Cundinamarca,4,Prendas de vestir y textiles,0,128.5623,-2.4000,10.8374,22.2100,50580.2222,-10.4000,10.1979,21.2800,41118.8280,0,374820.0000,322404.0000
2022-08-01,2022,8,Cundinamarca,8,Electrodomesticos y muebles,1,145.6118,-2.4000,10.8374,22.2100,50580.2222,-10.4000,10.1979,21.2800,41118.8280,0,374820.0000,322404.0000
2022-08-01,2022,8,Cundinamarca,9,Articulos y utensilios domesticos,0,153.4607,-2.4000,10.8374,22.2100,50580.2222,-10.4000,10.1979,21.2800,41118.8280,0,374820.0000,322404.0000
2022-08-01,2022,8,Cundinamarca,10,Aseo del hogar,0,149.9745,-2.4000,10.8374,22.2100,50580.2222,-10.4000,10.1979,21.2800,41118.8280,0,374820.0000,322404.0000
2022-08-01,2022,8,Cundinamarca,11,Informatica y telecomunicaciones,0,226.5720,-2.4000,10.8374,22.2100,50580.2222,-10.4000,10.1979,21.2800,41118.8280,0,374820.0000,322404.0000
2022-08-01,2022,8,Cundinamarca,12,Sonido y video,0,141.5112,-2.4000,10.8374,22.2100,50580.2222,-10.4000,10.1979,21.2800,41118.8280,0,374820.0000,322404.0000
2022-08-01,2022,8,Cundinamarca,14,"Ferreteria, vidrios y pinturas",0,145.7175,-2.4000,10.8374,22.2100,50580.2222,-10.4000,10.1979,21.2800,41118.8280,0,374820.0000,322404.0000
2022-08-01,2022,8,Cundinamarca,15,Otras mercancias de uso domestico,0,141.7843,-2.4000,10.8374,22.2100,50580.2222,-10.4000,10.1979,21.2800,41118.8280,0,374820.0000,322404.0000
2022-08-01,2022,8,Santander,4,Prendas de vestir y textiles,0,104.7896,-2.4000,10.8374,22.2100,50580.2222,-10.4000,10.1979,21.2800,41118.8280,0,132447.0000,130300.0000
2022-08-01,2022,8,Santander,8,Electrodomesticos y muebles,1,117.6838,-2.4000,10.8374,22.2100,50580.2222,-10.4000,10.1979,21.2800,41118.8280,0,132447.0000,130300.0000
2022-08-01,2022,8,Santander,9,Articulos y utensilios domesticos,0,118.1724,-2.4000,10.8374,22.2100,50580.2222,-10.4000,10.1979,21.2800,41118.8280,0,132447.0000,130300.0000
2022-08-01,2022,8,Santander,10,Aseo del hogar,0,121.3313,-2.4000,10.8374,22.2100,50580.2222,-10.4000,10.1979,21.2800,41118.8280,0,132447.0000,130300.0000
2022-08-01,2022,8,Santander,11,Informatica y telecomunicaciones,0,192.4627,-2.4000,10.8374,22.2100,50580.2222,-10.4000,10.1979,21.2800,41118.8280,0,132447.0000,130300.0000
2022-08-01,2022,8,Santander,12,Sonido y video,0,117.4635,-2.4000,10.8374,22.2100,50580.2222,-10.4000,10.1979,21.2800,41118.8280,0,132447.0000,130300.0000
2022-08-01,2022,8,Santander,14,"Ferreteria, vidrios y pinturas",0,115.1616,-2.4000,10.8374,22.2100,50580.2222,-10.4000,10.1979,21.2800,41118.8280,0,132447.0000,130300.0000
2022-08-01,2022,8,Santander,15,Otras mercancias de uso domestico,0,112.8315,-2.4000,10.8374,22.2100,50580.2222,-10.4000,10.1979,21.2800,41118.8280,0,132447.0000,130300.0000
2022-08-01,2022,8,Valle del Cauca,4,Prendas de vestir y textiles,0,102.1161,-2.4000,10.8374,22.2100,50580.2222,-10.4000,10.1979,21.2800,41118.8280,0,325720.0000,431828.0000
2022-08-01,2022,8,Valle del Cauca,8,Electrodomesticos y muebles,1,115.3769,-2.4000,10.8374,22.2100,50580.2222,-10.4000,10.1979,21.2800,41118.8280,0,325720.0000,431828.0000
2022-08-01,2022,8,Valle del Cauca,9,Articulos y utensilios domesticos,0,117.8487,-2.4000,10.8374,22.2100,50580.2222,-10.4000,10.1979,21.2800,41118.8280,0,325720.0000,431828.0000
2022-08-01,2022,8,Valle del Cauca,10,Aseo del hogar,0,116.9281,-2.4000,10.8374,22.2100,50580.2222,-10.4000,10.1979,21.2800,41118.8280,0,325720.0000,431828.0000
2022-08-01,2022,8,Valle del Cauca,11,Informatica y telecomunicaciones,0,186.2016,-2.4000,10.8374,22.2100,50580.2222,-10.4000,10.1979,21.2800,41118.8280,0,325720.0000,431828.0000
2022-08-01,2022,8,Valle del Cauca,12,Sonido y video,0,107.0687,-2.4000,10.8374,22.2100,50580.2222,-10.4000,10.1979,21.2800,41118.8280,0,325720.0000,431828.0000
2022-08-01,2022,8,Valle del Cauca,14,"Ferreteria, vidrios y pinturas",0,112.4436,-2.4000,10.8374,22.2100,50580.2222,-10.4000,10.1979,21.2800,41118.8280,0,325720.0000,431828.0000
2022-08-01,2022,8,Valle del Cauca,15,Otras mercancias de uso domestico,0,112.0083,-2.4000,10.8374,22.2100,50580.2222,-10.4000,10.1979,21.2800,41118.8280,0,325720.0000,431828.0000
2022-08-01,2022,8,Otros departamentos,4,Prendas de vestir y textiles,0,111.9820,-2.4000,10.8374,22.2100,50580.2222,-10.4000,10.1979,21.2800,41118.8280,0,884719.0000,1112245.0000
2022-08-01,2022,8,Otros departamentos,8,Electrodomesticos y muebles,1,122.6361,-2.4000,10.8374,22.2100,50580.2222,-10.4000,10.1979,21.2800,41118.8280,0,884719.0000,1112245.0000
2022-08-01,2022,8,Otros departamentos,9,Articulos y utensilios domesticos,0,126.1160,-2.4000,10.8374,22.2100,50580.2222,-10.4000,10.1979,21.2800,41118.8280,0,884719.0000,1112245.0000
2022-08-01,2022,8,Otros departamentos,10,Aseo del hogar,0,124.2283,-2.4000,10.8374,22.2100,50580.2222,-10.4000,10.1979,21.2800,41118.8280,0,884719.0000,1112245.0000
2022-08-01,2022,8,Otros departamentos,11,Informatica y telecomunicaciones,0,197.2588,-2.4000,10.8374,22.2100,50580.2222,-10.4000,10.1979,21.2800,41118.8280,0,884719.0000,1112245.0000
2022-08-01,2022,8,Otros departamentos,12,Sonido y video,0,114.6446,-2.4000,10.8374,22.2100,50580.2222,-10.4000,10.1979,21.2800,41118.8280,0,884719.0000,1112245.0000
2022-08-01,2022,8,Otros departamentos,14,"Ferreteria, vidrios y pinturas",0,126.0418,-2.4000,10.8374,22.2100,50580.2222,-10.4000,10.1979,21.2800,41118.8280,0,884719.0000,1112245.0000
2022-08-01,2022,8,Otros departamentos,15,Otras mercancias de uso domestico,0,118.6017,-2.4000,10.8374,22.2100,50580.2222,-10.4000,10.1979,21.2800,41118.8280,0,884719.0000,1112245.0000
2022-09-01,2022,9,Antioquia,4,Prendas de vestir y textiles,0,107.4051,-11.5000,11.4413,23.5000,48407.6013,-2.4000,10.8374,22.2100,50580.2222,0,398829.0000,603346.0000
2022-09-01,2022,9,Antioquia,8,Electrodomesticos y muebles,1,109.2648,-11.5000,11.4413,23.5000,48407.6013,-2.4000,10.8374,22.2100,50580.2222,0,398829.0000,603346.0000
2022-09-01,2022,9,Antioquia,9,Articulos y utensilios domesticos,0,121.2680,-11.5000,11.4413,23.5000,48407.6013,-2.4000,10.8374,22.2100,50580.2222,0,398829.0000,603346.0000
2022-09-01,2022,9,Antioquia,10,Aseo del hogar,0,121.8355,-11.5000,11.4413,23.5000,48407.6013,-2.4000,10.8374,22.2100,50580.2222,0,398829.0000,603346.0000
2022-09-01,2022,9,Antioquia,11,Informatica y telecomunicaciones,0,161.5267,-11.5000,11.4413,23.5000,48407.6013,-2.4000,10.8374,22.2100,50580.2222,0,398829.0000,603346.0000
2022-09-01,2022,9,Antioquia,12,Sonido y video,0,101.9557,-11.5000,11.4413,23.5000,48407.6013,-2.4000,10.8374,22.2100,50580.2222,0,398829.0000,603346.0000
2022-09-01,2022,9,Antioquia,14,"Ferreteria, vidrios y pinturas",0,118.9174,-11.5000,11.4413,23.5000,48407.6013,-2.4000,10.8374,22.2100,50580.2222,0,398829.0000,603346.0000
2022-09-01,2022,9,Antioquia,15,Otras mercancias de uso domestico,0,115.0835,-11.5000,11.4413,23.5000,48407.6013,-2.4000,10.8374,22.2100,50580.2222,0,398829.0000,603346.0000
2022-09-01,2022,9,Atlantico,4,Prendas de vestir y textiles,0,105.4624,-11.5000,11.4413,23.5000,48407.6013,-2.4000,10.8374,22.2100,50580.2222,0,117159.0000,149042.0000
2022-09-01,2022,9,Atlantico,8,Electrodomesticos y muebles,1,105.8395,-11.5000,11.4413,23.5000,48407.6013,-2.4000,10.8374,22.2100,50580.2222,0,117159.0000,149042.0000
2022-09-01,2022,9,Atlantico,9,Articulos y utensilios domesticos,0,117.7434,-11.5000,11.4413,23.5000,48407.6013,-2.4000,10.8374,22.2100,50580.2222,0,117159.0000,149042.0000
2022-09-01,2022,9,Atlantico,10,Aseo del hogar,0,110.4985,-11.5000,11.4413,23.5000,48407.6013,-2.4000,10.8374,22.2100,50580.2222,0,117159.0000,149042.0000
2022-09-01,2022,9,Atlantico,11,Informatica y telecomunicaciones,0,149.5576,-11.5000,11.4413,23.5000,48407.6013,-2.4000,10.8374,22.2100,50580.2222,0,117159.0000,149042.0000
2022-09-01,2022,9,Atlantico,12,Sonido y video,0,98.9198,-11.5000,11.4413,23.5000,48407.6013,-2.4000,10.8374,22.2100,50580.2222,0,117159.0000,149042.0000
2022-09-01,2022,9,Atlantico,14,"Ferreteria, vidrios y pinturas",0,118.0713,-11.5000,11.4413,23.5000,48407.6013,-2.4000,10.8374,22.2100,50580.2222,0,117159.0000,149042.0000
2022-09-01,2022,9,Atlantico,15,Otras mercancias de uso domestico,0,106.8318,-11.5000,11.4413,23.5000,48407.6013,-2.4000,10.8374,22.2100,50580.2222,0,117159.0000,149042.0000
2022-09-01,2022,9,Bogota,4,Prendas de vestir y textiles,0,121.1293,-11.5000,11.4413,23.5000,48407.6013,-2.4000,10.8374,22.2100,50580.2222,0,400345.0000,610435.0000
2022-09-01,2022,9,Bogota,8,Electrodomesticos y muebles,1,119.3223,-11.5000,11.4413,23.5000,48407.6013,-2.4000,10.8374,22.2100,50580.2222,0,400345.0000,610435.0000
2022-09-01,2022,9,Bogota,9,Articulos y utensilios domesticos,0,135.9382,-11.5000,11.4413,23.5000,48407.6013,-2.4000,10.8374,22.2100,50580.2222,0,400345.0000,610435.0000
2022-09-01,2022,9,Bogota,10,Aseo del hogar,0,126.5366,-11.5000,11.4413,23.5000,48407.6013,-2.4000,10.8374,22.2100,50580.2222,0,400345.0000,610435.0000
2022-09-01,2022,9,Bogota,11,Informatica y telecomunicaciones,0,171.9212,-11.5000,11.4413,23.5000,48407.6013,-2.4000,10.8374,22.2100,50580.2222,0,400345.0000,610435.0000
2022-09-01,2022,9,Bogota,12,Sonido y video,0,113.3656,-11.5000,11.4413,23.5000,48407.6013,-2.4000,10.8374,22.2100,50580.2222,0,400345.0000,610435.0000
2022-09-01,2022,9,Bogota,14,"Ferreteria, vidrios y pinturas",0,126.4716,-11.5000,11.4413,23.5000,48407.6013,-2.4000,10.8374,22.2100,50580.2222,0,400345.0000,610435.0000
2022-09-01,2022,9,Bogota,15,Otras mercancias de uso domestico,0,122.8486,-11.5000,11.4413,23.5000,48407.6013,-2.4000,10.8374,22.2100,50580.2222,0,400345.0000,610435.0000
2022-09-01,2022,9,Cundinamarca,4,Prendas de vestir y textiles,0,133.0222,-11.5000,11.4413,23.5000,48407.6013,-2.4000,10.8374,22.2100,50580.2222,0,227630.0000,374820.0000
2022-09-01,2022,9,Cundinamarca,8,Electrodomesticos y muebles,1,132.3671,-11.5000,11.4413,23.5000,48407.6013,-2.4000,10.8374,22.2100,50580.2222,0,227630.0000,374820.0000
2022-09-01,2022,9,Cundinamarca,9,Articulos y utensilios domesticos,0,150.2316,-11.5000,11.4413,23.5000,48407.6013,-2.4000,10.8374,22.2100,50580.2222,0,227630.0000,374820.0000
2022-09-01,2022,9,Cundinamarca,10,Aseo del hogar,0,138.1050,-11.5000,11.4413,23.5000,48407.6013,-2.4000,10.8374,22.2100,50580.2222,0,227630.0000,374820.0000
2022-09-01,2022,9,Cundinamarca,11,Informatica y telecomunicaciones,0,190.3506,-11.5000,11.4413,23.5000,48407.6013,-2.4000,10.8374,22.2100,50580.2222,0,227630.0000,374820.0000
2022-09-01,2022,9,Cundinamarca,12,Sonido y video,0,122.2711,-11.5000,11.4413,23.5000,48407.6013,-2.4000,10.8374,22.2100,50580.2222,0,227630.0000,374820.0000
2022-09-01,2022,9,Cundinamarca,14,"Ferreteria, vidrios y pinturas",0,142.9472,-11.5000,11.4413,23.5000,48407.6013,-2.4000,10.8374,22.2100,50580.2222,0,227630.0000,374820.0000
2022-09-01,2022,9,Cundinamarca,15,Otras mercancias de uso domestico,0,139.7178,-11.5000,11.4413,23.5000,48407.6013,-2.4000,10.8374,22.2100,50580.2222,0,227630.0000,374820.0000
2022-09-01,2022,9,Santander,4,Prendas de vestir y textiles,0,106.8392,-11.5000,11.4413,23.5000,48407.6013,-2.4000,10.8374,22.2100,50580.2222,0,64356.0000,132447.0000
2022-09-01,2022,9,Santander,8,Electrodomesticos y muebles,1,104.6112,-11.5000,11.4413,23.5000,48407.6013,-2.4000,10.8374,22.2100,50580.2222,0,64356.0000,132447.0000
2022-09-01,2022,9,Santander,9,Articulos y utensilios domesticos,0,116.8705,-11.5000,11.4413,23.5000,48407.6013,-2.4000,10.8374,22.2100,50580.2222,0,64356.0000,132447.0000
2022-09-01,2022,9,Santander,10,Aseo del hogar,0,116.6608,-11.5000,11.4413,23.5000,48407.6013,-2.4000,10.8374,22.2100,50580.2222,0,64356.0000,132447.0000
2022-09-01,2022,9,Santander,11,Informatica y telecomunicaciones,0,159.9798,-11.5000,11.4413,23.5000,48407.6013,-2.4000,10.8374,22.2100,50580.2222,0,64356.0000,132447.0000
2022-09-01,2022,9,Santander,12,Sonido y video,0,103.3526,-11.5000,11.4413,23.5000,48407.6013,-2.4000,10.8374,22.2100,50580.2222,0,64356.0000,132447.0000
2022-09-01,2022,9,Santander,14,"Ferreteria, vidrios y pinturas",0,115.2893,-11.5000,11.4413,23.5000,48407.6013,-2.4000,10.8374,22.2100,50580.2222,0,64356.0000,132447.0000
2022-09-01,2022,9,Santander,15,Otras mercancias de uso domestico,0,110.2159,-11.5000,11.4413,23.5000,48407.6013,-2.4000,10.8374,22.2100,50580.2222,0,64356.0000,132447.0000
2022-09-01,2022,9,Valle del Cauca,4,Prendas de vestir y textiles,0,107.3170,-11.5000,11.4413,23.5000,48407.6013,-2.4000,10.8374,22.2100,50580.2222,0,310307.0000,325720.0000
2022-09-01,2022,9,Valle del Cauca,8,Electrodomesticos y muebles,1,108.4940,-11.5000,11.4413,23.5000,48407.6013,-2.4000,10.8374,22.2100,50580.2222,0,310307.0000,325720.0000
2022-09-01,2022,9,Valle del Cauca,9,Articulos y utensilios domesticos,0,120.4300,-11.5000,11.4413,23.5000,48407.6013,-2.4000,10.8374,22.2100,50580.2222,0,310307.0000,325720.0000
2022-09-01,2022,9,Valle del Cauca,10,Aseo del hogar,0,112.3538,-11.5000,11.4413,23.5000,48407.6013,-2.4000,10.8374,22.2100,50580.2222,0,310307.0000,325720.0000
2022-09-01,2022,9,Valle del Cauca,11,Informatica y telecomunicaciones,0,157.4913,-11.5000,11.4413,23.5000,48407.6013,-2.4000,10.8374,22.2100,50580.2222,0,310307.0000,325720.0000
2022-09-01,2022,9,Valle del Cauca,12,Sonido y video,0,96.7555,-11.5000,11.4413,23.5000,48407.6013,-2.4000,10.8374,22.2100,50580.2222,0,310307.0000,325720.0000
2022-09-01,2022,9,Valle del Cauca,14,"Ferreteria, vidrios y pinturas",0,110.5960,-11.5000,11.4413,23.5000,48407.6013,-2.4000,10.8374,22.2100,50580.2222,0,310307.0000,325720.0000
2022-09-01,2022,9,Valle del Cauca,15,Otras mercancias de uso domestico,0,111.7357,-11.5000,11.4413,23.5000,48407.6013,-2.4000,10.8374,22.2100,50580.2222,0,310307.0000,325720.0000
2022-09-01,2022,9,Otros departamentos,4,Prendas de vestir y textiles,0,112.3416,-11.5000,11.4413,23.5000,48407.6013,-2.4000,10.8374,22.2100,50580.2222,0,1105694.0000,884719.0000
2022-09-01,2022,9,Otros departamentos,8,Electrodomesticos y muebles,1,113.0600,-11.5000,11.4413,23.5000,48407.6013,-2.4000,10.8374,22.2100,50580.2222,0,1105694.0000,884719.0000
2022-09-01,2022,9,Otros departamentos,9,Articulos y utensilios domesticos,0,123.4488,-11.5000,11.4413,23.5000,48407.6013,-2.4000,10.8374,22.2100,50580.2222,0,1105694.0000,884719.0000
2022-09-01,2022,9,Otros departamentos,10,Aseo del hogar,0,115.5047,-11.5000,11.4413,23.5000,48407.6013,-2.4000,10.8374,22.2100,50580.2222,0,1105694.0000,884719.0000
2022-09-01,2022,9,Otros departamentos,11,Informatica y telecomunicaciones,0,161.7609,-11.5000,11.4413,23.5000,48407.6013,-2.4000,10.8374,22.2100,50580.2222,0,1105694.0000,884719.0000
2022-09-01,2022,9,Otros departamentos,12,Sonido y video,0,104.3283,-11.5000,11.4413,23.5000,48407.6013,-2.4000,10.8374,22.2100,50580.2222,0,1105694.0000,884719.0000
2022-09-01,2022,9,Otros departamentos,14,"Ferreteria, vidrios y pinturas",0,121.4295,-11.5000,11.4413,23.5000,48407.6013,-2.4000,10.8374,22.2100,50580.2222,0,1105694.0000,884719.0000
2022-09-01,2022,9,Otros departamentos,15,Otras mercancias de uso domestico,0,110.1902,-11.5000,11.4413,23.5000,48407.6013,-2.4000,10.8374,22.2100,50580.2222,0,1105694.0000,884719.0000
2022-10-01,2022,10,Antioquia,4,Prendas de vestir y textiles,0,115.2288,-19.5000,12.2206,24.6100,37980.2813,-11.5000,11.4413,23.5000,48407.6013,0,366388.0000,398829.0000
2022-10-01,2022,10,Antioquia,8,Electrodomesticos y muebles,1,113.1959,-19.5000,12.2206,24.6100,37980.2813,-11.5000,11.4413,23.5000,48407.6013,0,366388.0000,398829.0000
2022-10-01,2022,10,Antioquia,9,Articulos y utensilios domesticos,0,136.7251,-19.5000,12.2206,24.6100,37980.2813,-11.5000,11.4413,23.5000,48407.6013,0,366388.0000,398829.0000
2022-10-01,2022,10,Antioquia,10,Aseo del hogar,0,121.3058,-19.5000,12.2206,24.6100,37980.2813,-11.5000,11.4413,23.5000,48407.6013,0,366388.0000,398829.0000
2022-10-01,2022,10,Antioquia,11,Informatica y telecomunicaciones,0,164.5423,-19.5000,12.2206,24.6100,37980.2813,-11.5000,11.4413,23.5000,48407.6013,0,366388.0000,398829.0000
2022-10-01,2022,10,Antioquia,12,Sonido y video,0,118.7453,-19.5000,12.2206,24.6100,37980.2813,-11.5000,11.4413,23.5000,48407.6013,0,366388.0000,398829.0000
2022-10-01,2022,10,Antioquia,14,"Ferreteria, vidrios y pinturas",0,121.8479,-19.5000,12.2206,24.6100,37980.2813,-11.5000,11.4413,23.5000,48407.6013,0,366388.0000,398829.0000
2022-10-01,2022,10,Antioquia,15,Otras mercancias de uso domestico,0,124.2001,-19.5000,12.2206,24.6100,37980.2813,-11.5000,11.4413,23.5000,48407.6013,0,366388.0000,398829.0000
2022-10-01,2022,10,Atlantico,4,Prendas de vestir y textiles,0,115.3408,-19.5000,12.2206,24.6100,37980.2813,-11.5000,11.4413,23.5000,48407.6013,0,48713.0000,117159.0000
2022-10-01,2022,10,Atlantico,8,Electrodomesticos y muebles,1,106.0576,-19.5000,12.2206,24.6100,37980.2813,-11.5000,11.4413,23.5000,48407.6013,0,48713.0000,117159.0000
2022-10-01,2022,10,Atlantico,9,Articulos y utensilios domesticos,0,136.0782,-19.5000,12.2206,24.6100,37980.2813,-11.5000,11.4413,23.5000,48407.6013,0,48713.0000,117159.0000
2022-10-01,2022,10,Atlantico,10,Aseo del hogar,0,117.7257,-19.5000,12.2206,24.6100,37980.2813,-11.5000,11.4413,23.5000,48407.6013,0,48713.0000,117159.0000
2022-10-01,2022,10,Atlantico,11,Informatica y telecomunicaciones,0,151.6783,-19.5000,12.2206,24.6100,37980.2813,-11.5000,11.4413,23.5000,48407.6013,0,48713.0000,117159.0000
2022-10-01,2022,10,Atlantico,12,Sonido y video,0,114.5962,-19.5000,12.2206,24.6100,37980.2813,-11.5000,11.4413,23.5000,48407.6013,0,48713.0000,117159.0000
2022-10-01,2022,10,Atlantico,14,"Ferreteria, vidrios y pinturas",0,120.0576,-19.5000,12.2206,24.6100,37980.2813,-11.5000,11.4413,23.5000,48407.6013,0,48713.0000,117159.0000
2022-10-01,2022,10,Atlantico,15,Otras mercancias de uso domestico,0,120.4322,-19.5000,12.2206,24.6100,37980.2813,-11.5000,11.4413,23.5000,48407.6013,0,48713.0000,117159.0000
2022-10-01,2022,10,Bogota,4,Prendas de vestir y textiles,0,131.5825,-19.5000,12.2206,24.6100,37980.2813,-11.5000,11.4413,23.5000,48407.6013,0,464059.0000,400345.0000
2022-10-01,2022,10,Bogota,8,Electrodomesticos y muebles,1,121.3222,-19.5000,12.2206,24.6100,37980.2813,-11.5000,11.4413,23.5000,48407.6013,0,464059.0000,400345.0000
2022-10-01,2022,10,Bogota,9,Articulos y utensilios domesticos,0,159.2871,-19.5000,12.2206,24.6100,37980.2813,-11.5000,11.4413,23.5000,48407.6013,0,464059.0000,400345.0000
2022-10-01,2022,10,Bogota,10,Aseo del hogar,0,138.5047,-19.5000,12.2206,24.6100,37980.2813,-11.5000,11.4413,23.5000,48407.6013,0,464059.0000,400345.0000
2022-10-01,2022,10,Bogota,11,Informatica y telecomunicaciones,0,179.2798,-19.5000,12.2206,24.6100,37980.2813,-11.5000,11.4413,23.5000,48407.6013,0,464059.0000,400345.0000
2022-10-01,2022,10,Bogota,12,Sonido y video,0,135.2600,-19.5000,12.2206,24.6100,37980.2813,-11.5000,11.4413,23.5000,48407.6013,0,464059.0000,400345.0000
2022-10-01,2022,10,Bogota,14,"Ferreteria, vidrios y pinturas",0,135.1904,-19.5000,12.2206,24.6100,37980.2813,-11.5000,11.4413,23.5000,48407.6013,0,464059.0000,400345.0000
2022-10-01,2022,10,Bogota,15,Otras mercancias de uso domestico,0,141.2566,-19.5000,12.2206,24.6100,37980.2813,-11.5000,11.4413,23.5000,48407.6013,0,464059.0000,400345.0000
2022-10-01,2022,10,Cundinamarca,4,Prendas de vestir y textiles,0,150.0914,-19.5000,12.2206,24.6100,37980.2813,-11.5000,11.4413,23.5000,48407.6013,0,236603.0000,227630.0000
2022-10-01,2022,10,Cundinamarca,8,Electrodomesticos y muebles,1,139.9321,-19.5000,12.2206,24.6100,37980.2813,-11.5000,11.4413,23.5000,48407.6013,0,236603.0000,227630.0000
2022-10-01,2022,10,Cundinamarca,9,Articulos y utensilios domesticos,0,177.3585,-19.5000,12.2206,24.6100,37980.2813,-11.5000,11.4413,23.5000,48407.6013,0,236603.0000,227630.0000
2022-10-01,2022,10,Cundinamarca,10,Aseo del hogar,0,158.8441,-19.5000,12.2206,24.6100,37980.2813,-11.5000,11.4413,23.5000,48407.6013,0,236603.0000,227630.0000
2022-10-01,2022,10,Cundinamarca,11,Informatica y telecomunicaciones,0,195.7625,-19.5000,12.2206,24.6100,37980.2813,-11.5000,11.4413,23.5000,48407.6013,0,236603.0000,227630.0000
2022-10-01,2022,10,Cundinamarca,12,Sonido y video,0,150.8589,-19.5000,12.2206,24.6100,37980.2813,-11.5000,11.4413,23.5000,48407.6013,0,236603.0000,227630.0000
2022-10-01,2022,10,Cundinamarca,14,"Ferreteria, vidrios y pinturas",0,151.5205,-19.5000,12.2206,24.6100,37980.2813,-11.5000,11.4413,23.5000,48407.6013,0,236603.0000,227630.0000
2022-10-01,2022,10,Cundinamarca,15,Otras mercancias de uso domestico,0,160.0922,-19.5000,12.2206,24.6100,37980.2813,-11.5000,11.4413,23.5000,48407.6013,0,236603.0000,227630.0000
2022-10-01,2022,10,Santander,4,Prendas de vestir y textiles,0,112.5063,-19.5000,12.2206,24.6100,37980.2813,-11.5000,11.4413,23.5000,48407.6013,0,80410.0000,64356.0000
2022-10-01,2022,10,Santander,8,Electrodomesticos y muebles,1,101.8888,-19.5000,12.2206,24.6100,37980.2813,-11.5000,11.4413,23.5000,48407.6013,0,80410.0000,64356.0000
2022-10-01,2022,10,Santander,9,Articulos y utensilios domesticos,0,132.7157,-19.5000,12.2206,24.6100,37980.2813,-11.5000,11.4413,23.5000,48407.6013,0,80410.0000,64356.0000
2022-10-01,2022,10,Santander,10,Aseo del hogar,0,118.8372,-19.5000,12.2206,24.6100,37980.2813,-11.5000,11.4413,23.5000,48407.6013,0,80410.0000,64356.0000
2022-10-01,2022,10,Santander,11,Informatica y telecomunicaciones,0,150.8478,-19.5000,12.2206,24.6100,37980.2813,-11.5000,11.4413,23.5000,48407.6013,0,80410.0000,64356.0000
2022-10-01,2022,10,Santander,12,Sonido y video,0,117.9681,-19.5000,12.2206,24.6100,37980.2813,-11.5000,11.4413,23.5000,48407.6013,0,80410.0000,64356.0000
2022-10-01,2022,10,Santander,14,"Ferreteria, vidrios y pinturas",0,120.4238,-19.5000,12.2206,24.6100,37980.2813,-11.5000,11.4413,23.5000,48407.6013,0,80410.0000,64356.0000
2022-10-01,2022,10,Santander,15,Otras mercancias de uso domestico,0,122.5479,-19.5000,12.2206,24.6100,37980.2813,-11.5000,11.4413,23.5000,48407.6013,0,80410.0000,64356.0000
2022-10-01,2022,10,Valle del Cauca,4,Prendas de vestir y textiles,0,115.4495,-19.5000,12.2206,24.6100,37980.2813,-11.5000,11.4413,23.5000,48407.6013,0,196434.0000,310307.0000
2022-10-01,2022,10,Valle del Cauca,8,Electrodomesticos y muebles,1,108.8871,-19.5000,12.2206,24.6100,37980.2813,-11.5000,11.4413,23.5000,48407.6013,0,196434.0000,310307.0000
2022-10-01,2022,10,Valle del Cauca,9,Articulos y utensilios domesticos,0,138.6152,-19.5000,12.2206,24.6100,37980.2813,-11.5000,11.4413,23.5000,48407.6013,0,196434.0000,310307.0000
2022-10-01,2022,10,Valle del Cauca,10,Aseo del hogar,0,121.3463,-19.5000,12.2206,24.6100,37980.2813,-11.5000,11.4413,23.5000,48407.6013,0,196434.0000,310307.0000
2022-10-01,2022,10,Valle del Cauca,11,Informatica y telecomunicaciones,0,159.0239,-19.5000,12.2206,24.6100,37980.2813,-11.5000,11.4413,23.5000,48407.6013,0,196434.0000,310307.0000
2022-10-01,2022,10,Valle del Cauca,12,Sonido y video,0,111.3642,-19.5000,12.2206,24.6100,37980.2813,-11.5000,11.4413,23.5000,48407.6013,0,196434.0000,310307.0000
2022-10-01,2022,10,Valle del Cauca,14,"Ferreteria, vidrios y pinturas",0,116.3738,-19.5000,12.2206,24.6100,37980.2813,-11.5000,11.4413,23.5000,48407.6013,0,196434.0000,310307.0000
2022-10-01,2022,10,Valle del Cauca,15,Otras mercancias de uso domestico,0,122.7776,-19.5000,12.2206,24.6100,37980.2813,-11.5000,11.4413,23.5000,48407.6013,0,196434.0000,310307.0000
2022-10-01,2022,10,Otros departamentos,4,Prendas de vestir y textiles,0,116.1846,-19.5000,12.2206,24.6100,37980.2813,-11.5000,11.4413,23.5000,48407.6013,0,511872.0000,1105694.0000
2022-10-01,2022,10,Otros departamentos,8,Electrodomesticos y muebles,1,113.9100,-19.5000,12.2206,24.6100,37980.2813,-11.5000,11.4413,23.5000,48407.6013,0,511872.0000,1105694.0000
2022-10-01,2022,10,Otros departamentos,9,Articulos y utensilios domesticos,0,144.7870,-19.5000,12.2206,24.6100,37980.2813,-11.5000,11.4413,23.5000,48407.6013,0,511872.0000,1105694.0000
2022-10-01,2022,10,Otros departamentos,10,Aseo del hogar,0,122.9962,-19.5000,12.2206,24.6100,37980.2813,-11.5000,11.4413,23.5000,48407.6013,0,511872.0000,1105694.0000
2022-10-01,2022,10,Otros departamentos,11,Informatica y telecomunicaciones,0,164.7009,-19.5000,12.2206,24.6100,37980.2813,-11.5000,11.4413,23.5000,48407.6013,0,511872.0000,1105694.0000
2022-10-01,2022,10,Otros departamentos,12,Sonido y video,0,120.2533,-19.5000,12.2206,24.6100,37980.2813,-11.5000,11.4413,23.5000,48407.6013,0,511872.0000,1105694.0000
2022-10-01,2022,10,Otros departamentos,14,"Ferreteria, vidrios y pinturas",0,124.2225,-19.5000,12.2206,24.6100,37980.2813,-11.5000,11.4413,23.5000,48407.6013,0,511872.0000,1105694.0000
2022-10-01,2022,10,Otros departamentos,15,Otras mercancias de uso domestico,0,123.3068,-19.5000,12.2206,24.6100,37980.2813,-11.5000,11.4413,23.5000,48407.6013,0,511872.0000,1105694.0000
2022-11-01,2022,11,Antioquia,4,Prendas de vestir y textiles,0,136.3645,-24.8000,12.5316,25.7800,35855.1876,-19.5000,12.2206,24.6100,37980.2813,0,376329.0000,366388.0000
2022-11-01,2022,11,Antioquia,8,Electrodomesticos y muebles,1,122.9035,-24.8000,12.5316,25.7800,35855.1876,-19.5000,12.2206,24.6100,37980.2813,0,376329.0000,366388.0000
2022-11-01,2022,11,Antioquia,9,Articulos y utensilios domesticos,0,152.5506,-24.8000,12.5316,25.7800,35855.1876,-19.5000,12.2206,24.6100,37980.2813,0,376329.0000,366388.0000
2022-11-01,2022,11,Antioquia,10,Aseo del hogar,0,119.3512,-24.8000,12.5316,25.7800,35855.1876,-19.5000,12.2206,24.6100,37980.2813,0,376329.0000,366388.0000
2022-11-01,2022,11,Antioquia,11,Informatica y telecomunicaciones,0,189.0693,-24.8000,12.5316,25.7800,35855.1876,-19.5000,12.2206,24.6100,37980.2813,0,376329.0000,366388.0000
2022-11-01,2022,11,Antioquia,12,Sonido y video,0,159.7666,-24.8000,12.5316,25.7800,35855.1876,-19.5000,12.2206,24.6100,37980.2813,0,376329.0000,366388.0000
2022-11-01,2022,11,Antioquia,14,"Ferreteria, vidrios y pinturas",0,131.0478,-24.8000,12.5316,25.7800,35855.1876,-19.5000,12.2206,24.6100,37980.2813,0,376329.0000,366388.0000
2022-11-01,2022,11,Antioquia,15,Otras mercancias de uso domestico,0,141.2465,-24.8000,12.5316,25.7800,35855.1876,-19.5000,12.2206,24.6100,37980.2813,0,376329.0000,366388.0000
2022-11-01,2022,11,Atlantico,4,Prendas de vestir y textiles,0,134.3846,-24.8000,12.5316,25.7800,35855.1876,-19.5000,12.2206,24.6100,37980.2813,0,62432.0000,48713.0000
2022-11-01,2022,11,Atlantico,8,Electrodomesticos y muebles,1,117.6861,-24.8000,12.5316,25.7800,35855.1876,-19.5000,12.2206,24.6100,37980.2813,0,62432.0000,48713.0000
2022-11-01,2022,11,Atlantico,9,Articulos y utensilios domesticos,0,144.0395,-24.8000,12.5316,25.7800,35855.1876,-19.5000,12.2206,24.6100,37980.2813,0,62432.0000,48713.0000
2022-11-01,2022,11,Atlantico,10,Aseo del hogar,0,113.1908,-24.8000,12.5316,25.7800,35855.1876,-19.5000,12.2206,24.6100,37980.2813,0,62432.0000,48713.0000
2022-11-01,2022,11,Atlantico,11,Informatica y telecomunicaciones,0,177.4080,-24.8000,12.5316,25.7800,35855.1876,-19.5000,12.2206,24.6100,37980.2813,0,62432.0000,48713.0000
2022-11-01,2022,11,Atlantico,12,Sonido y video,0,150.0919,-24.8000,12.5316,25.7800,35855.1876,-19.5000,12.2206,24.6100,37980.2813,0,62432.0000,48713.0000
2022-11-01,2022,11,Atlantico,14,"Ferreteria, vidrios y pinturas",0,123.8553,-24.8000,12.5316,25.7800,35855.1876,-19.5000,12.2206,24.6100,37980.2813,0,62432.0000,48713.0000
2022-11-01,2022,11,Atlantico,15,Otras mercancias de uso domestico,0,137.7579,-24.8000,12.5316,25.7800,35855.1876,-19.5000,12.2206,24.6100,37980.2813,0,62432.0000,48713.0000
2022-11-01,2022,11,Bogota,4,Prendas de vestir y textiles,0,150.2767,-24.8000,12.5316,25.7800,35855.1876,-19.5000,12.2206,24.6100,37980.2813,0,512464.0000,464059.0000
2022-11-01,2022,11,Bogota,8,Electrodomesticos y muebles,1,131.2066,-24.8000,12.5316,25.7800,35855.1876,-19.5000,12.2206,24.6100,37980.2813,0,512464.0000,464059.0000
2022-11-01,2022,11,Bogota,9,Articulos y utensilios domesticos,0,159.1893,-24.8000,12.5316,25.7800,35855.1876,-19.5000,12.2206,24.6100,37980.2813,0,512464.0000,464059.0000
2022-11-01,2022,11,Bogota,10,Aseo del hogar,0,124.3936,-24.8000,12.5316,25.7800,35855.1876,-19.5000,12.2206,24.6100,37980.2813,0,512464.0000,464059.0000
2022-11-01,2022,11,Bogota,11,Informatica y telecomunicaciones,0,205.6535,-24.8000,12.5316,25.7800,35855.1876,-19.5000,12.2206,24.6100,37980.2813,0,512464.0000,464059.0000
2022-11-01,2022,11,Bogota,12,Sonido y video,0,170.3568,-24.8000,12.5316,25.7800,35855.1876,-19.5000,12.2206,24.6100,37980.2813,0,512464.0000,464059.0000
2022-11-01,2022,11,Bogota,14,"Ferreteria, vidrios y pinturas",0,135.0475,-24.8000,12.5316,25.7800,35855.1876,-19.5000,12.2206,24.6100,37980.2813,0,512464.0000,464059.0000
2022-11-01,2022,11,Bogota,15,Otras mercancias de uso domestico,0,153.8288,-24.8000,12.5316,25.7800,35855.1876,-19.5000,12.2206,24.6100,37980.2813,0,512464.0000,464059.0000
2022-11-01,2022,11,Cundinamarca,4,Prendas de vestir y textiles,0,158.6686,-24.8000,12.5316,25.7800,35855.1876,-19.5000,12.2206,24.6100,37980.2813,0,292004.0000,236603.0000
2022-11-01,2022,11,Cundinamarca,8,Electrodomesticos y muebles,1,143.3317,-24.8000,12.5316,25.7800,35855.1876,-19.5000,12.2206,24.6100,37980.2813,0,292004.0000,236603.0000
2022-11-01,2022,11,Cundinamarca,9,Articulos y utensilios domesticos,0,172.5159,-24.8000,12.5316,25.7800,35855.1876,-19.5000,12.2206,24.6100,37980.2813,0,292004.0000,236603.0000
2022-11-01,2022,11,Cundinamarca,10,Aseo del hogar,0,136.1411,-24.8000,12.5316,25.7800,35855.1876,-19.5000,12.2206,24.6100,37980.2813,0,292004.0000,236603.0000
2022-11-01,2022,11,Cundinamarca,11,Informatica y telecomunicaciones,0,214.7799,-24.8000,12.5316,25.7800,35855.1876,-19.5000,12.2206,24.6100,37980.2813,0,292004.0000,236603.0000
2022-11-01,2022,11,Cundinamarca,12,Sonido y video,0,176.9776,-24.8000,12.5316,25.7800,35855.1876,-19.5000,12.2206,24.6100,37980.2813,0,292004.0000,236603.0000
2022-11-01,2022,11,Cundinamarca,14,"Ferreteria, vidrios y pinturas",0,145.5289,-24.8000,12.5316,25.7800,35855.1876,-19.5000,12.2206,24.6100,37980.2813,0,292004.0000,236603.0000
2022-11-01,2022,11,Cundinamarca,15,Otras mercancias de uso domestico,0,161.2212,-24.8000,12.5316,25.7800,35855.1876,-19.5000,12.2206,24.6100,37980.2813,0,292004.0000,236603.0000
2022-11-01,2022,11,Santander,4,Prendas de vestir y textiles,0,135.2174,-24.8000,12.5316,25.7800,35855.1876,-19.5000,12.2206,24.6100,37980.2813,0,70109.0000,80410.0000
2022-11-01,2022,11,Santander,8,Electrodomesticos y muebles,1,112.3920,-24.8000,12.5316,25.7800,35855.1876,-19.5000,12.2206,24.6100,37980.2813,0,70109.0000,80410.0000
2022-11-01,2022,11,Santander,9,Articulos y utensilios domesticos,0,140.0920,-24.8000,12.5316,25.7800,35855.1876,-19.5000,12.2206,24.6100,37980.2813,0,70109.0000,80410.0000
2022-11-01,2022,11,Santander,10,Aseo del hogar,0,114.4990,-24.8000,12.5316,25.7800,35855.1876,-19.5000,12.2206,24.6100,37980.2813,0,70109.0000,80410.0000
2022-11-01,2022,11,Santander,11,Informatica y telecomunicaciones,0,176.9373,-24.8000,12.5316,25.7800,35855.1876,-19.5000,12.2206,24.6100,37980.2813,0,70109.0000,80410.0000
2022-11-01,2022,11,Santander,12,Sonido y video,0,152.5695,-24.8000,12.5316,25.7800,35855.1876,-19.5000,12.2206,24.6100,37980.2813,0,70109.0000,80410.0000
2022-11-01,2022,11,Santander,14,"Ferreteria, vidrios y pinturas",0,123.9403,-24.8000,12.5316,25.7800,35855.1876,-19.5000,12.2206,24.6100,37980.2813,0,70109.0000,80410.0000
2022-11-01,2022,11,Santander,15,Otras mercancias de uso domestico,0,135.0683,-24.8000,12.5316,25.7800,35855.1876,-19.5000,12.2206,24.6100,37980.2813,0,70109.0000,80410.0000
2022-11-01,2022,11,Valle del Cauca,4,Prendas de vestir y textiles,0,132.3145,-24.8000,12.5316,25.7800,35855.1876,-19.5000,12.2206,24.6100,37980.2813,0,191928.0000,196434.0000
2022-11-01,2022,11,Valle del Cauca,8,Electrodomesticos y muebles,1,118.4144,-24.8000,12.5316,25.7800,35855.1876,-19.5000,12.2206,24.6100,37980.2813,0,191928.0000,196434.0000
2022-11-01,2022,11,Valle del Cauca,9,Articulos y utensilios domesticos,0,142.4375,-24.8000,12.5316,25.7800,35855.1876,-19.5000,12.2206,24.6100,37980.2813,0,191928.0000,196434.0000
2022-11-01,2022,11,Valle del Cauca,10,Aseo del hogar,0,114.7322,-24.8000,12.5316,25.7800,35855.1876,-19.5000,12.2206,24.6100,37980.2813,0,191928.0000,196434.0000
2022-11-01,2022,11,Valle del Cauca,11,Informatica y telecomunicaciones,0,178.0955,-24.8000,12.5316,25.7800,35855.1876,-19.5000,12.2206,24.6100,37980.2813,0,191928.0000,196434.0000
2022-11-01,2022,11,Valle del Cauca,12,Sonido y video,0,143.2457,-24.8000,12.5316,25.7800,35855.1876,-19.5000,12.2206,24.6100,37980.2813,0,191928.0000,196434.0000
2022-11-01,2022,11,Valle del Cauca,14,"Ferreteria, vidrios y pinturas",0,125.1785,-24.8000,12.5316,25.7800,35855.1876,-19.5000,12.2206,24.6100,37980.2813,0,191928.0000,196434.0000
2022-11-01,2022,11,Valle del Cauca,15,Otras mercancias de uso domestico,0,133.9291,-24.8000,12.5316,25.7800,35855.1876,-19.5000,12.2206,24.6100,37980.2813,0,191928.0000,196434.0000
2022-11-01,2022,11,Otros departamentos,4,Prendas de vestir y textiles,0,137.0934,-24.8000,12.5316,25.7800,35855.1876,-19.5000,12.2206,24.6100,37980.2813,0,736670.0000,511872.0000
2022-11-01,2022,11,Otros departamentos,8,Electrodomesticos y muebles,1,124.4948,-24.8000,12.5316,25.7800,35855.1876,-19.5000,12.2206,24.6100,37980.2813,0,736670.0000,511872.0000
2022-11-01,2022,11,Otros departamentos,9,Articulos y utensilios domesticos,0,157.4981,-24.8000,12.5316,25.7800,35855.1876,-19.5000,12.2206,24.6100,37980.2813,0,736670.0000,511872.0000
2022-11-01,2022,11,Otros departamentos,10,Aseo del hogar,0,120.0645,-24.8000,12.5316,25.7800,35855.1876,-19.5000,12.2206,24.6100,37980.2813,0,736670.0000,511872.0000
2022-11-01,2022,11,Otros departamentos,11,Informatica y telecomunicaciones,0,188.9787,-24.8000,12.5316,25.7800,35855.1876,-19.5000,12.2206,24.6100,37980.2813,0,736670.0000,511872.0000
2022-11-01,2022,11,Otros departamentos,12,Sonido y video,0,157.7912,-24.8000,12.5316,25.7800,35855.1876,-19.5000,12.2206,24.6100,37980.2813,0,736670.0000,511872.0000
2022-11-01,2022,11,Otros departamentos,14,"Ferreteria, vidrios y pinturas",0,132.4400,-24.8000,12.5316,25.7800,35855.1876,-19.5000,12.2206,24.6100,37980.2813,0,736670.0000,511872.0000
2022-11-01,2022,11,Otros departamentos,15,Otras mercancias de uso domestico,0,137.1551,-24.8000,12.5316,25.7800,35855.1876,-19.5000,12.2206,24.6100,37980.2813,0,736670.0000,511872.0000
2022-12-01,2022,12,Antioquia,4,Prendas de vestir y textiles,0,285.3057,-22.3000,13.1227,27.6400,35908.4580,-24.8000,12.5316,25.7800,35855.1876,0,411393.0000,376329.0000
2022-12-01,2022,12,Antioquia,8,Electrodomesticos y muebles,1,118.5280,-22.3000,13.1227,27.6400,35908.4580,-24.8000,12.5316,25.7800,35855.1876,0,411393.0000,376329.0000
2022-12-01,2022,12,Antioquia,9,Articulos y utensilios domesticos,0,180.4925,-22.3000,13.1227,27.6400,35908.4580,-24.8000,12.5316,25.7800,35855.1876,0,411393.0000,376329.0000
2022-12-01,2022,12,Antioquia,10,Aseo del hogar,0,132.4680,-22.3000,13.1227,27.6400,35908.4580,-24.8000,12.5316,25.7800,35855.1876,0,411393.0000,376329.0000
2022-12-01,2022,12,Antioquia,11,Informatica y telecomunicaciones,0,220.3361,-22.3000,13.1227,27.6400,35908.4580,-24.8000,12.5316,25.7800,35855.1876,0,411393.0000,376329.0000
2022-12-01,2022,12,Antioquia,12,Sonido y video,0,149.2386,-22.3000,13.1227,27.6400,35908.4580,-24.8000,12.5316,25.7800,35855.1876,0,411393.0000,376329.0000
2022-12-01,2022,12,Antioquia,14,"Ferreteria, vidrios y pinturas",0,118.3603,-22.3000,13.1227,27.6400,35908.4580,-24.8000,12.5316,25.7800,35855.1876,0,411393.0000,376329.0000
2022-12-01,2022,12,Antioquia,15,Otras mercancias de uso domestico,0,179.7267,-22.3000,13.1227,27.6400,35908.4580,-24.8000,12.5316,25.7800,35855.1876,0,411393.0000,376329.0000
2022-12-01,2022,12,Atlantico,4,Prendas de vestir y textiles,0,307.8098,-22.3000,13.1227,27.6400,35908.4580,-24.8000,12.5316,25.7800,35855.1876,0,81712.0000,62432.0000
2022-12-01,2022,12,Atlantico,8,Electrodomesticos y muebles,1,124.2154,-22.3000,13.1227,27.6400,35908.4580,-24.8000,12.5316,25.7800,35855.1876,0,81712.0000,62432.0000
2022-12-01,2022,12,Atlantico,9,Articulos y utensilios domesticos,0,181.6128,-22.3000,13.1227,27.6400,35908.4580,-24.8000,12.5316,25.7800,35855.1876,0,81712.0000,62432.0000
2022-12-01,2022,12,Atlantico,10,Aseo del hogar,0,133.5269,-22.3000,13.1227,27.6400,35908.4580,-24.8000,12.5316,25.7800,35855.1876,0,81712.0000,62432.0000
2022-12-01,2022,12,Atlantico,11,Informatica y telecomunicaciones,0,235.0422,-22.3000,13.1227,27.6400,35908.4580,-24.8000,12.5316,25.7800,35855.1876,0,81712.0000,62432.0000
2022-12-01,2022,12,Atlantico,12,Sonido y video,0,154.9921,-22.3000,13.1227,27.6400,35908.4580,-24.8000,12.5316,25.7800,35855.1876,0,81712.0000,62432.0000
2022-12-01,2022,12,Atlantico,14,"Ferreteria, vidrios y pinturas",0,125.1945,-22.3000,13.1227,27.6400,35908.4580,-24.8000,12.5316,25.7800,35855.1876,0,81712.0000,62432.0000
2022-12-01,2022,12,Atlantico,15,Otras mercancias de uso domestico,0,190.9410,-22.3000,13.1227,27.6400,35908.4580,-24.8000,12.5316,25.7800,35855.1876,0,81712.0000,62432.0000
2022-12-01,2022,12,Bogota,4,Prendas de vestir y textiles,0,306.6474,-22.3000,13.1227,27.6400,35908.4580,-24.8000,12.5316,25.7800,35855.1876,0,565330.0000,512464.0000
2022-12-01,2022,12,Bogota,8,Electrodomesticos y muebles,1,129.1365,-22.3000,13.1227,27.6400,35908.4580,-24.8000,12.5316,25.7800,35855.1876,0,565330.0000,512464.0000
2022-12-01,2022,12,Bogota,9,Articulos y utensilios domesticos,0,180.2572,-22.3000,13.1227,27.6400,35908.4580,-24.8000,12.5316,25.7800,35855.1876,0,565330.0000,512464.0000
2022-12-01,2022,12,Bogota,10,Aseo del hogar,0,130.2929,-22.3000,13.1227,27.6400,35908.4580,-24.8000,12.5316,25.7800,35855.1876,0,565330.0000,512464.0000
2022-12-01,2022,12,Bogota,11,Informatica y telecomunicaciones,0,239.7876,-22.3000,13.1227,27.6400,35908.4580,-24.8000,12.5316,25.7800,35855.1876,0,565330.0000,512464.0000
2022-12-01,2022,12,Bogota,12,Sonido y video,0,154.8641,-22.3000,13.1227,27.6400,35908.4580,-24.8000,12.5316,25.7800,35855.1876,0,565330.0000,512464.0000
2022-12-01,2022,12,Bogota,14,"Ferreteria, vidrios y pinturas",0,120.1945,-22.3000,13.1227,27.6400,35908.4580,-24.8000,12.5316,25.7800,35855.1876,0,565330.0000,512464.0000
2022-12-01,2022,12,Bogota,15,Otras mercancias de uso domestico,0,190.7427,-22.3000,13.1227,27.6400,35908.4580,-24.8000,12.5316,25.7800,35855.1876,0,565330.0000,512464.0000
2022-12-01,2022,12,Cundinamarca,4,Prendas de vestir y textiles,0,326.6291,-22.3000,13.1227,27.6400,35908.4580,-24.8000,12.5316,25.7800,35855.1876,0,505793.0000,292004.0000
2022-12-01,2022,12,Cundinamarca,8,Electrodomesticos y muebles,1,133.1270,-22.3000,13.1227,27.6400,35908.4580,-24.8000,12.5316,25.7800,35855.1876,0,505793.0000,292004.0000
2022-12-01,2022,12,Cundinamarca,9,Articulos y utensilios domesticos,0,197.8586,-22.3000,13.1227,27.6400,35908.4580,-24.8000,12.5316,25.7800,35855.1876,0,505793.0000,292004.0000
2022-12-01,2022,12,Cundinamarca,10,Aseo del hogar,0,147.2870,-22.3000,13.1227,27.6400,35908.4580,-24.8000,12.5316,25.7800,35855.1876,0,505793.0000,292004.0000
2022-12-01,2022,12,Cundinamarca,11,Informatica y telecomunicaciones,0,244.6869,-22.3000,13.1227,27.6400,35908.4580,-24.8000,12.5316,25.7800,35855.1876,0,505793.0000,292004.0000
2022-12-01,2022,12,Cundinamarca,12,Sonido y video,0,163.7506,-22.3000,13.1227,27.6400,35908.4580,-24.8000,12.5316,25.7800,35855.1876,0,505793.0000,292004.0000
2022-12-01,2022,12,Cundinamarca,14,"Ferreteria, vidrios y pinturas",0,128.9758,-22.3000,13.1227,27.6400,35908.4580,-24.8000,12.5316,25.7800,35855.1876,0,505793.0000,292004.0000
2022-12-01,2022,12,Cundinamarca,15,Otras mercancias de uso domestico,0,199.6354,-22.3000,13.1227,27.6400,35908.4580,-24.8000,12.5316,25.7800,35855.1876,0,505793.0000,292004.0000
2022-12-01,2022,12,Santander,4,Prendas de vestir y textiles,0,281.9683,-22.3000,13.1227,27.6400,35908.4580,-24.8000,12.5316,25.7800,35855.1876,0,102953.0000,70109.0000
2022-12-01,2022,12,Santander,8,Electrodomesticos y muebles,1,112.4482,-22.3000,13.1227,27.6400,35908.4580,-24.8000,12.5316,25.7800,35855.1876,0,102953.0000,70109.0000
2022-12-01,2022,12,Santander,9,Articulos y utensilios domesticos,0,167.1859,-22.3000,13.1227,27.6400,35908.4580,-24.8000,12.5316,25.7800,35855.1876,0,102953.0000,70109.0000
2022-12-01,2022,12,Santander,10,Aseo del hogar,0,126.0842,-22.3000,13.1227,27.6400,35908.4580,-24.8000,12.5316,25.7800,35855.1876,0,102953.0000,70109.0000
2022-12-01,2022,12,Santander,11,Informatica y telecomunicaciones,0,212.6153,-22.3000,13.1227,27.6400,35908.4580,-24.8000,12.5316,25.7800,35855.1876,0,102953.0000,70109.0000
2022-12-01,2022,12,Santander,12,Sonido y video,0,144.0259,-22.3000,13.1227,27.6400,35908.4580,-24.8000,12.5316,25.7800,35855.1876,0,102953.0000,70109.0000
2022-12-01,2022,12,Santander,14,"Ferreteria, vidrios y pinturas",0,114.4201,-22.3000,13.1227,27.6400,35908.4580,-24.8000,12.5316,25.7800,35855.1876,0,102953.0000,70109.0000
2022-12-01,2022,12,Santander,15,Otras mercancias de uso domestico,0,180.5690,-22.3000,13.1227,27.6400,35908.4580,-24.8000,12.5316,25.7800,35855.1876,0,102953.0000,70109.0000
2022-12-01,2022,12,Valle del Cauca,4,Prendas de vestir y textiles,0,256.6367,-22.3000,13.1227,27.6400,35908.4580,-24.8000,12.5316,25.7800,35855.1876,0,129531.0000,191928.0000
2022-12-01,2022,12,Valle del Cauca,8,Electrodomesticos y muebles,1,107.6872,-22.3000,13.1227,27.6400,35908.4580,-24.8000,12.5316,25.7800,35855.1876,0,129531.0000,191928.0000
2022-12-01,2022,12,Valle del Cauca,9,Articulos y utensilios domesticos,0,156.2074,-22.3000,13.1227,27.6400,35908.4580,-24.8000,12.5316,25.7800,35855.1876,0,129531.0000,191928.0000
2022-12-01,2022,12,Valle del Cauca,10,Aseo del hogar,0,117.6739,-22.3000,13.1227,27.6400,35908.4580,-24.8000,12.5316,25.7800,35855.1876,0,129531.0000,191928.0000
2022-12-01,2022,12,Valle del Cauca,11,Informatica y telecomunicaciones,0,202.0120,-22.3000,13.1227,27.6400,35908.4580,-24.8000,12.5316,25.7800,35855.1876,0,129531.0000,191928.0000
2022-12-01,2022,12,Valle del Cauca,12,Sonido y video,0,130.3659,-22.3000,13.1227,27.6400,35908.4580,-24.8000,12.5316,25.7800,35855.1876,0,129531.0000,191928.0000
2022-12-01,2022,12,Valle del Cauca,14,"Ferreteria, vidrios y pinturas",0,102.1014,-22.3000,13.1227,27.6400,35908.4580,-24.8000,12.5316,25.7800,35855.1876,0,129531.0000,191928.0000
2022-12-01,2022,12,Valle del Cauca,15,Otras mercancias de uso domestico,0,163.1836,-22.3000,13.1227,27.6400,35908.4580,-24.8000,12.5316,25.7800,35855.1876,0,129531.0000,191928.0000
2022-12-01,2022,12,Otros departamentos,4,Prendas de vestir y textiles,0,326.2033,-22.3000,13.1227,27.6400,35908.4580,-24.8000,12.5316,25.7800,35855.1876,0,798278.0000,736670.0000
2022-12-01,2022,12,Otros departamentos,8,Electrodomesticos y muebles,1,132.8713,-22.3000,13.1227,27.6400,35908.4580,-24.8000,12.5316,25.7800,35855.1876,0,798278.0000,736670.0000
2022-12-01,2022,12,Otros departamentos,9,Articulos y utensilios domesticos,0,204.9303,-22.3000,13.1227,27.6400,35908.4580,-24.8000,12.5316,25.7800,35855.1876,0,798278.0000,736670.0000
2022-12-01,2022,12,Otros departamentos,10,Aseo del hogar,0,143.9837,-22.3000,13.1227,27.6400,35908.4580,-24.8000,12.5316,25.7800,35855.1876,0,798278.0000,736670.0000
2022-12-01,2022,12,Otros departamentos,11,Informatica y telecomunicaciones,0,241.4131,-22.3000,13.1227,27.6400,35908.4580,-24.8000,12.5316,25.7800,35855.1876,0,798278.0000,736670.0000
2022-12-01,2022,12,Otros departamentos,12,Sonido y video,0,166.3189,-22.3000,13.1227,27.6400,35908.4580,-24.8000,12.5316,25.7800,35855.1876,0,798278.0000,736670.0000
2022-12-01,2022,12,Otros departamentos,14,"Ferreteria, vidrios y pinturas",0,127.9303,-22.3000,13.1227,27.6400,35908.4580,-24.8000,12.5316,25.7800,35855.1876,0,798278.0000,736670.0000
2022-12-01,2022,12,Otros departamentos,15,Otras mercancias de uso domestico,0,198.2387,-22.3000,13.1227,27.6400,35908.4580,-24.8000,12.5316,25.7800,35855.1876,0,798278.0000,736670.0000
2023-01-01,2023,1,Antioquia,4,Prendas de vestir y textiles,0,103.3573,-28.6000,13.2527,28.8400,31608.4810,-22.3000,13.1227,27.6400,35908.4580,0,271948.0000,411393.0000
2023-01-01,2023,1,Antioquia,8,Electrodomesticos y muebles,1,110.4489,-28.6000,13.2527,28.8400,31608.4810,-22.3000,13.1227,27.6400,35908.4580,0,271948.0000,411393.0000
2023-01-01,2023,1,Antioquia,9,Articulos y utensilios domesticos,0,133.8219,-28.6000,13.2527,28.8400,31608.4810,-22.3000,13.1227,27.6400,35908.4580,0,271948.0000,411393.0000
2023-01-01,2023,1,Antioquia,10,Aseo del hogar,0,122.4227,-28.6000,13.2527,28.8400,31608.4810,-22.3000,13.1227,27.6400,35908.4580,0,271948.0000,411393.0000
2023-01-01,2023,1,Antioquia,11,Informatica y telecomunicaciones,0,159.3702,-28.6000,13.2527,28.8400,31608.4810,-22.3000,13.1227,27.6400,35908.4580,0,271948.0000,411393.0000
2023-01-01,2023,1,Antioquia,12,Sonido y video,0,97.9929,-28.6000,13.2527,28.8400,31608.4810,-22.3000,13.1227,27.6400,35908.4580,0,271948.0000,411393.0000
2023-01-01,2023,1,Antioquia,14,"Ferreteria, vidrios y pinturas",0,113.8156,-28.6000,13.2527,28.8400,31608.4810,-22.3000,13.1227,27.6400,35908.4580,0,271948.0000,411393.0000
2023-01-01,2023,1,Antioquia,15,Otras mercancias de uso domestico,0,106.1894,-28.6000,13.2527,28.8400,31608.4810,-22.3000,13.1227,27.6400,35908.4580,0,271948.0000,411393.0000
2023-01-01,2023,1,Atlantico,4,Prendas de vestir y textiles,0,103.6660,-28.6000,13.2527,28.8400,31608.4810,-22.3000,13.1227,27.6400,35908.4580,0,6492.0000,81712.0000
2023-01-01,2023,1,Atlantico,8,Electrodomesticos y muebles,1,113.9381,-28.6000,13.2527,28.8400,31608.4810,-22.3000,13.1227,27.6400,35908.4580,0,6492.0000,81712.0000
2023-01-01,2023,1,Atlantico,9,Articulos y utensilios domesticos,0,133.8984,-28.6000,13.2527,28.8400,31608.4810,-22.3000,13.1227,27.6400,35908.4580,0,6492.0000,81712.0000
2023-01-01,2023,1,Atlantico,10,Aseo del hogar,0,119.7100,-28.6000,13.2527,28.8400,31608.4810,-22.3000,13.1227,27.6400,35908.4580,0,6492.0000,81712.0000
2023-01-01,2023,1,Atlantico,11,Informatica y telecomunicaciones,0,163.1745,-28.6000,13.2527,28.8400,31608.4810,-22.3000,13.1227,27.6400,35908.4580,0,6492.0000,81712.0000
2023-01-01,2023,1,Atlantico,12,Sonido y video,0,96.1342,-28.6000,13.2527,28.8400,31608.4810,-22.3000,13.1227,27.6400,35908.4580,0,6492.0000,81712.0000
2023-01-01,2023,1,Atlantico,14,"Ferreteria, vidrios y pinturas",0,113.2204,-28.6000,13.2527,28.8400,31608.4810,-22.3000,13.1227,27.6400,35908.4580,0,6492.0000,81712.0000
2023-01-01,2023,1,Atlantico,15,Otras mercancias de uso domestico,0,107.2695,-28.6000,13.2527,28.8400,31608.4810,-22.3000,13.1227,27.6400,35908.4580,0,6492.0000,81712.0000
2023-01-01,2023,1,Bogota,4,Prendas de vestir y textiles,0,106.8502,-28.6000,13.2527,28.8400,31608.4810,-22.3000,13.1227,27.6400,35908.4580,0,665829.0000,565330.0000
2023-01-01,2023,1,Bogota,8,Electrodomesticos y muebles,1,120.4086,-28.6000,13.2527,28.8400,31608.4810,-22.3000,13.1227,27.6400,35908.4580,0,665829.0000,565330.0000
2023-01-01,2023,1,Bogota,9,Articulos y utensilios domesticos,0,138.3481,-28.6000,13.2527,28.8400,31608.4810,-22.3000,13.1227,27.6400,35908.4580,0,665829.0000,565330.0000
2023-01-01,2023,1,Bogota,10,Aseo del hogar,0,118.5628,-28.6000,13.2527,28.8400,31608.4810,-22.3000,13.1227,27.6400,35908.4580,0,665829.0000,565330.0000
2023-01-01,2023,1,Bogota,11,Informatica y telecomunicaciones,0,169.8656,-28.6000,13.2527,28.8400,31608.4810,-22.3000,13.1227,27.6400,35908.4580,0,665829.0000,565330.0000
2023-01-01,2023,1,Bogota,12,Sonido y video,0,101.3219,-28.6000,13.2527,28.8400,31608.4810,-22.3000,13.1227,27.6400,35908.4580,0,665829.0000,565330.0000
2023-01-01,2023,1,Bogota,14,"Ferreteria, vidrios y pinturas",0,113.0442,-28.6000,13.2527,28.8400,31608.4810,-22.3000,13.1227,27.6400,35908.4580,0,665829.0000,565330.0000
2023-01-01,2023,1,Bogota,15,Otras mercancias de uso domestico,0,110.4012,-28.6000,13.2527,28.8400,31608.4810,-22.3000,13.1227,27.6400,35908.4580,0,665829.0000,565330.0000
2023-01-01,2023,1,Cundinamarca,4,Prendas de vestir y textiles,0,117.3617,-28.6000,13.2527,28.8400,31608.4810,-22.3000,13.1227,27.6400,35908.4580,0,130671.0000,505793.0000
2023-01-01,2023,1,Cundinamarca,8,Electrodomesticos y muebles,1,128.2849,-28.6000,13.2527,28.8400,31608.4810,-22.3000,13.1227,27.6400,35908.4580,0,130671.0000,505793.0000
2023-01-01,2023,1,Cundinamarca,9,Articulos y utensilios domesticos,0,154.0894,-28.6000,13.2527,28.8400,31608.4810,-22.3000,13.1227,27.6400,35908.4580,0,130671.0000,505793.0000
2023-01-01,2023,1,Cundinamarca,10,Aseo del hogar,0,142.0805,-28.6000,13.2527,28.8400,31608.4810,-22.3000,13.1227,27.6400,35908.4580,0,130671.0000,505793.0000
2023-01-01,2023,1,Cundinamarca,11,Informatica y telecomunicaciones,0,182.1212,-28.6000,13.2527,28.8400,31608.4810,-22.3000,13.1227,27.6400,35908.4580,0,130671.0000,505793.0000
2023-01-01,2023,1,Cundinamarca,12,Sonido y video,0,111.8000,-28.6000,13.2527,28.8400,31608.4810,-22.3000,13.1227,27.6400,35908.4580,0,130671.0000,505793.0000
2023-01-01,2023,1,Cundinamarca,14,"Ferreteria, vidrios y pinturas",0,127.4920,-28.6000,13.2527,28.8400,31608.4810,-22.3000,13.1227,27.6400,35908.4580,0,130671.0000,505793.0000
2023-01-01,2023,1,Cundinamarca,15,Otras mercancias de uso domestico,0,117.1326,-28.6000,13.2527,28.8400,31608.4810,-22.3000,13.1227,27.6400,35908.4580,0,130671.0000,505793.0000
2023-01-01,2023,1,Santander,4,Prendas de vestir y textiles,0,100.6350,-28.6000,13.2527,28.8400,31608.4810,-22.3000,13.1227,27.6400,35908.4580,0,79291.0000,102953.0000
2023-01-01,2023,1,Santander,8,Electrodomesticos y muebles,1,112.4266,-28.6000,13.2527,28.8400,31608.4810,-22.3000,13.1227,27.6400,35908.4580,0,79291.0000,102953.0000
2023-01-01,2023,1,Santander,9,Articulos y utensilios domesticos,0,126.6497,-28.6000,13.2527,28.8400,31608.4810,-22.3000,13.1227,27.6400,35908.4580,0,79291.0000,102953.0000
2023-01-01,2023,1,Santander,10,Aseo del hogar,0,120.9501,-28.6000,13.2527,28.8400,31608.4810,-22.3000,13.1227,27.6400,35908.4580,0,79291.0000,102953.0000
2023-01-01,2023,1,Santander,11,Informatica y telecomunicaciones,0,154.4116,-28.6000,13.2527,28.8400,31608.4810,-22.3000,13.1227,27.6400,35908.4580,0,79291.0000,102953.0000
2023-01-01,2023,1,Santander,12,Sonido y video,0,95.7394,-28.6000,13.2527,28.8400,31608.4810,-22.3000,13.1227,27.6400,35908.4580,0,79291.0000,102953.0000
2023-01-01,2023,1,Santander,14,"Ferreteria, vidrios y pinturas",0,107.2915,-28.6000,13.2527,28.8400,31608.4810,-22.3000,13.1227,27.6400,35908.4580,0,79291.0000,102953.0000
2023-01-01,2023,1,Santander,15,Otras mercancias de uso domestico,0,104.3962,-28.6000,13.2527,28.8400,31608.4810,-22.3000,13.1227,27.6400,35908.4580,0,79291.0000,102953.0000
2023-01-01,2023,1,Valle del Cauca,4,Prendas de vestir y textiles,0,94.5654,-28.6000,13.2527,28.8400,31608.4810,-22.3000,13.1227,27.6400,35908.4580,0,119839.0000,129531.0000
2023-01-01,2023,1,Valle del Cauca,8,Electrodomesticos y muebles,1,101.8087,-28.6000,13.2527,28.8400,31608.4810,-22.3000,13.1227,27.6400,35908.4580,0,119839.0000,129531.0000
2023-01-01,2023,1,Valle del Cauca,9,Articulos y utensilios domesticos,0,118.7873,-28.6000,13.2527,28.8400,31608.4810,-22.3000,13.1227,27.6400,35908.4580,0,119839.0000,129531.0000
2023-01-01,2023,1,Valle del Cauca,10,Aseo del hogar,0,109.7139,-28.6000,13.2527,28.8400,31608.4810,-22.3000,13.1227,27.6400,35908.4580,0,119839.0000,129531.0000
2023-01-01,2023,1,Valle del Cauca,11,Informatica y telecomunicaciones,0,150.4385,-28.6000,13.2527,28.8400,31608.4810,-22.3000,13.1227,27.6400,35908.4580,0,119839.0000,129531.0000
2023-01-01,2023,1,Valle del Cauca,12,Sonido y video,0,87.1820,-28.6000,13.2527,28.8400,31608.4810,-22.3000,13.1227,27.6400,35908.4580,0,119839.0000,129531.0000
2023-01-01,2023,1,Valle del Cauca,14,"Ferreteria, vidrios y pinturas",0,98.3854,-28.6000,13.2527,28.8400,31608.4810,-22.3000,13.1227,27.6400,35908.4580,0,119839.0000,129531.0000
2023-01-01,2023,1,Valle del Cauca,15,Otras mercancias de uso domestico,0,94.7595,-28.6000,13.2527,28.8400,31608.4810,-22.3000,13.1227,27.6400,35908.4580,0,119839.0000,129531.0000
2023-01-01,2023,1,Otros departamentos,4,Prendas de vestir y textiles,0,105.9723,-28.6000,13.2527,28.8400,31608.4810,-22.3000,13.1227,27.6400,35908.4580,0,419091.0000,798278.0000
2023-01-01,2023,1,Otros departamentos,8,Electrodomesticos y muebles,1,119.1277,-28.6000,13.2527,28.8400,31608.4810,-22.3000,13.1227,27.6400,35908.4580,0,419091.0000,798278.0000
2023-01-01,2023,1,Otros departamentos,9,Articulos y utensilios domesticos,0,150.3269,-28.6000,13.2527,28.8400,31608.4810,-22.3000,13.1227,27.6400,35908.4580,0,419091.0000,798278.0000
2023-01-01,2023,1,Otros departamentos,10,Aseo del hogar,0,131.1827,-28.6000,13.2527,28.8400,31608.4810,-22.3000,13.1227,27.6400,35908.4580,0,419091.0000,798278.0000
2023-01-01,2023,1,Otros departamentos,11,Informatica y telecomunicaciones,0,162.9950,-28.6000,13.2527,28.8400,31608.4810,-22.3000,13.1227,27.6400,35908.4580,0,419091.0000,798278.0000
2023-01-01,2023,1,Otros departamentos,12,Sonido y video,0,104.2127,-28.6000,13.2527,28.8400,31608.4810,-22.3000,13.1227,27.6400,35908.4580,0,419091.0000,798278.0000
2023-01-01,2023,1,Otros departamentos,14,"Ferreteria, vidrios y pinturas",0,112.8265,-28.6000,13.2527,28.8400,31608.4810,-22.3000,13.1227,27.6400,35908.4580,0,419091.0000,798278.0000
2023-01-01,2023,1,Otros departamentos,15,Otras mercancias de uso domestico,0,105.7062,-28.6000,13.2527,28.8400,31608.4810,-22.3000,13.1227,27.6400,35908.4580,0,419091.0000,798278.0000
2023-02-01,2023,2,Antioquia,4,Prendas de vestir y textiles,0,83.7625,-27.8000,13.2829,30.1800,29343.9141,-28.6000,13.2527,28.8400,31608.4810,0,273969.0000,271948.0000
2023-02-01,2023,2,Antioquia,8,Electrodomesticos y muebles,1,103.8529,-27.8000,13.2829,30.1800,29343.9141,-28.6000,13.2527,28.8400,31608.4810,0,273969.0000,271948.0000
2023-02-01,2023,2,Antioquia,9,Articulos y utensilios domesticos,0,114.1817,-27.8000,13.2829,30.1800,29343.9141,-28.6000,13.2527,28.8400,31608.4810,0,273969.0000,271948.0000
2023-02-01,2023,2,Antioquia,10,Aseo del hogar,0,110.9061,-27.8000,13.2829,30.1800,29343.9141,-28.6000,13.2527,28.8400,31608.4810,0,273969.0000,271948.0000
2023-02-01,2023,2,Antioquia,11,Informatica y telecomunicaciones,0,177.9724,-27.8000,13.2829,30.1800,29343.9141,-28.6000,13.2527,28.8400,31608.4810,0,273969.0000,271948.0000
2023-02-01,2023,2,Antioquia,12,Sonido y video,0,98.3586,-27.8000,13.2829,30.1800,29343.9141,-28.6000,13.2527,28.8400,31608.4810,0,273969.0000,271948.0000
2023-02-01,2023,2,Antioquia,14,"Ferreteria, vidrios y pinturas",0,111.5126,-27.8000,13.2829,30.1800,29343.9141,-28.6000,13.2527,28.8400,31608.4810,0,273969.0000,271948.0000
2023-02-01,2023,2,Antioquia,15,Otras mercancias de uso domestico,0,95.1299,-27.8000,13.2829,30.1800,29343.9141,-28.6000,13.2527,28.8400,31608.4810,0,273969.0000,271948.0000
2023-02-01,2023,2,Atlantico,4,Prendas de vestir y textiles,0,73.5326,-27.8000,13.2829,30.1800,29343.9141,-28.6000,13.2527,28.8400,31608.4810,0,19433.0000,6492.0000
2023-02-01,2023,2,Atlantico,8,Electrodomesticos y muebles,1,95.1133,-27.8000,13.2829,30.1800,29343.9141,-28.6000,13.2527,28.8400,31608.4810,0,19433.0000,6492.0000
2023-02-01,2023,2,Atlantico,9,Articulos y utensilios domesticos,0,104.4630,-27.8000,13.2829,30.1800,29343.9141,-28.6000,13.2527,28.8400,31608.4810,0,19433.0000,6492.0000
2023-02-01,2023,2,Atlantico,10,Aseo del hogar,0,98.8662,-27.8000,13.2829,30.1800,29343.9141,-28.6000,13.2527,28.8400,31608.4810,0,19433.0000,6492.0000
2023-02-01,2023,2,Atlantico,11,Informatica y telecomunicaciones,0,167.1418,-27.8000,13.2829,30.1800,29343.9141,-28.6000,13.2527,28.8400,31608.4810,0,19433.0000,6492.0000
2023-02-01,2023,2,Atlantico,12,Sonido y video,0,88.2885,-27.8000,13.2829,30.1800,29343.9141,-28.6000,13.2527,28.8400,31608.4810,0,19433.0000,6492.0000
2023-02-01,2023,2,Atlantico,14,"Ferreteria, vidrios y pinturas",0,102.1969,-27.8000,13.2829,30.1800,29343.9141,-28.6000,13.2527,28.8400,31608.4810,0,19433.0000,6492.0000
2023-02-01,2023,2,Atlantico,15,Otras mercancias de uso domestico,0,89.2764,-27.8000,13.2829,30.1800,29343.9141,-28.6000,13.2527,28.8400,31608.4810,0,19433.0000,6492.0000
2023-02-01,2023,2,Bogota,4,Prendas de vestir y textiles,0,89.6279,-27.8000,13.2829,30.1800,29343.9141,-28.6000,13.2527,28.8400,31608.4810,0,330857.0000,665829.0000
2023-02-01,2023,2,Bogota,8,Electrodomesticos y muebles,1,112.7879,-27.8000,13.2829,30.1800,29343.9141,-28.6000,13.2527,28.8400,31608.4810,0,330857.0000,665829.0000
2023-02-01,2023,2,Bogota,9,Articulos y utensilios domesticos,0,122.4422,-27.8000,13.2829,30.1800,29343.9141,-28.6000,13.2527,28.8400,31608.4810,0,330857.0000,665829.0000
2023-02-01,2023,2,Bogota,10,Aseo del hogar,0,119.8653,-27.8000,13.2829,30.1800,29343.9141,-28.6000,13.2527,28.8400,31608.4810,0,330857.0000,665829.0000
2023-02-01,2023,2,Bogota,11,Informatica y telecomunicaciones,0,198.1560,-27.8000,13.2829,30.1800,29343.9141,-28.6000,13.2527,28.8400,31608.4810,0,330857.0000,665829.0000
2023-02-01,2023,2,Bogota,12,Sonido y video,0,105.7128,-27.8000,13.2829,30.1800,29343.9141,-28.6000,13.2527,28.8400,31608.4810,0,330857.0000,665829.0000
2023-02-01,2023,2,Bogota,14,"Ferreteria, vidrios y pinturas",0,115.5629,-27.8000,13.2829,30.1800,29343.9141,-28.6000,13.2527,28.8400,31608.4810,0,330857.0000,665829.0000
2023-02-01,2023,2,Bogota,15,Otras mercancias de uso domestico,0,108.6450,-27.8000,13.2829,30.1800,29343.9141,-28.6000,13.2527,28.8400,31608.4810,0,330857.0000,665829.0000
2023-02-01,2023,2,Cundinamarca,4,Prendas de vestir y textiles,0,90.4096,-27.8000,13.2829,30.1800,29343.9141,-28.6000,13.2527,28.8400,31608.4810,0,191466.0000,130671.0000
2023-02-01,2023,2,Cundinamarca,8,Electrodomesticos y muebles,1,113.2704,-27.8000,13.2829,30.1800,29343.9141,-28.6000,13.2527,28.8400,31608.4810,0,191466.0000,130671.0000
2023-02-01,2023,2,Cundinamarca,9,Articulos y utensilios domesticos,0,124.5088,-27.8000,13.2829,30.1800,29343.9141,-28.6000,13.2527,28.8400,31608.4810,0,191466.0000,130671.0000
2023-02-01,2023,2,Cundinamarca,10,Aseo del hogar,0,123.7177,-27.8000,13.2829,30.1800,29343.9141,-28.6000,13.2527,28.8400,31608.4810,0,191466.0000,130671.0000
2023-02-01,2023,2,Cundinamarca,11,Informatica y telecomunicaciones,0,193.1908,-27.8000,13.2829,30.1800,29343.9141,-28.6000,13.2527,28.8400,31608.4810,0,191466.0000,130671.0000
2023-02-01,2023,2,Cundinamarca,12,Sonido y video,0,105.2478,-27.8000,13.2829,30.1800,29343.9141,-28.6000,13.2527,28.8400,31608.4810,0,191466.0000,130671.0000
2023-02-01,2023,2,Cundinamarca,14,"Ferreteria, vidrios y pinturas",0,118.1958,-27.8000,13.2829,30.1800,29343.9141,-28.6000,13.2527,28.8400,31608.4810,0,191466.0000,130671.0000
2023-02-01,2023,2,Cundinamarca,15,Otras mercancias de uso domestico,0,106.2476,-27.8000,13.2829,30.1800,29343.9141,-28.6000,13.2527,28.8400,31608.4810,0,191466.0000,130671.0000
2023-02-01,2023,2,Santander,4,Prendas de vestir y textiles,0,77.9697,-27.8000,13.2829,30.1800,29343.9141,-28.6000,13.2527,28.8400,31608.4810,0,49235.0000,79291.0000
2023-02-01,2023,2,Santander,8,Electrodomesticos y muebles,1,97.4569,-27.8000,13.2829,30.1800,29343.9141,-28.6000,13.2527,28.8400,31608.4810,0,49235.0000,79291.0000
2023-02-01,2023,2,Santander,9,Articulos y utensilios domesticos,0,104.2946,-27.8000,13.2829,30.1800,29343.9141,-28.6000,13.2527,28.8400,31608.4810,0,49235.0000,79291.0000
2023-02-01,2023,2,Santander,10,Aseo del hogar,0,104.0150,-27.8000,13.2829,30.1800,29343.9141,-28.6000,13.2527,28.8400,31608.4810,0,49235.0000,79291.0000
2023-02-01,2023,2,Santander,11,Informatica y telecomunicaciones,0,170.9160,-27.8000,13.2829,30.1800,29343.9141,-28.6000,13.2527,28.8400,31608.4810,0,49235.0000,79291.0000
2023-02-01,2023,2,Santander,12,Sonido y video,0,90.3648,-27.8000,13.2829,30.1800,29343.9141,-28.6000,13.2527,28.8400,31608.4810,0,49235.0000,79291.0000
2023-02-01,2023,2,Santander,14,"Ferreteria, vidrios y pinturas",0,102.7441,-27.8000,13.2829,30.1800,29343.9141,-28.6000,13.2527,28.8400,31608.4810,0,49235.0000,79291.0000
2023-02-01,2023,2,Santander,15,Otras mercancias de uso domestico,0,91.8491,-27.8000,13.2829,30.1800,29343.9141,-28.6000,13.2527,28.8400,31608.4810,0,49235.0000,79291.0000
2023-02-01,2023,2,Valle del Cauca,4,Prendas de vestir y textiles,0,73.2377,-27.8000,13.2829,30.1800,29343.9141,-28.6000,13.2527,28.8400,31608.4810,0,57154.0000,119839.0000
2023-02-01,2023,2,Valle del Cauca,8,Electrodomesticos y muebles,1,90.5835,-27.8000,13.2829,30.1800,29343.9141,-28.6000,13.2527,28.8400,31608.4810,0,57154.0000,119839.0000
2023-02-01,2023,2,Valle del Cauca,9,Articulos y utensilios domesticos,0,97.4113,-27.8000,13.2829,30.1800,29343.9141,-28.6000,13.2527,28.8400,31608.4810,0,57154.0000,119839.0000
2023-02-01,2023,2,Valle del Cauca,10,Aseo del hogar,0,97.3932,-27.8000,13.2829,30.1800,29343.9141,-28.6000,13.2527,28.8400,31608.4810,0,57154.0000,119839.0000
2023-02-01,2023,2,Valle del Cauca,11,Informatica y telecomunicaciones,0,159.1242,-27.8000,13.2829,30.1800,29343.9141,-28.6000,13.2527,28.8400,31608.4810,0,57154.0000,119839.0000
2023-02-01,2023,2,Valle del Cauca,12,Sonido y video,0,83.8068,-27.8000,13.2829,30.1800,29343.9141,-28.6000,13.2527,28.8400,31608.4810,0,57154.0000,119839.0000
2023-02-01,2023,2,Valle del Cauca,14,"Ferreteria, vidrios y pinturas",0,96.8686,-27.8000,13.2829,30.1800,29343.9141,-28.6000,13.2527,28.8400,31608.4810,0,57154.0000,119839.0000
2023-02-01,2023,2,Valle del Cauca,15,Otras mercancias de uso domestico,0,83.1542,-27.8000,13.2829,30.1800,29343.9141,-28.6000,13.2527,28.8400,31608.4810,0,57154.0000,119839.0000
2023-02-01,2023,2,Otros departamentos,4,Prendas de vestir y textiles,0,82.3205,-27.8000,13.2829,30.1800,29343.9141,-28.6000,13.2527,28.8400,31608.4810,0,409273.0000,419091.0000
2023-02-01,2023,2,Otros departamentos,8,Electrodomesticos y muebles,1,105.4322,-27.8000,13.2829,30.1800,29343.9141,-28.6000,13.2527,28.8400,31608.4810,0,409273.0000,419091.0000
2023-02-01,2023,2,Otros departamentos,9,Articulos y utensilios domesticos,0,122.1159,-27.8000,13.2829,30.1800,29343.9141,-28.6000,13.2527,28.8400,31608.4810,0,409273.0000,419091.0000
2023-02-01,2023,2,Otros departamentos,10,Aseo del hogar,0,117.3319,-27.8000,13.2829,30.1800,29343.9141,-28.6000,13.2527,28.8400,31608.4810,0,409273.0000,419091.0000
2023-02-01,2023,2,Otros departamentos,11,Informatica y telecomunicaciones,0,181.8686,-27.8000,13.2829,30.1800,29343.9141,-28.6000,13.2527,28.8400,31608.4810,0,409273.0000,419091.0000
2023-02-01,2023,2,Otros departamentos,12,Sonido y video,0,100.0785,-27.8000,13.2829,30.1800,29343.9141,-28.6000,13.2527,28.8400,31608.4810,0,409273.0000,419091.0000
2023-02-01,2023,2,Otros departamentos,14,"Ferreteria, vidrios y pinturas",0,110.8679,-27.8000,13.2829,30.1800,29343.9141,-28.6000,13.2527,28.8400,31608.4810,0,409273.0000,419091.0000
2023-02-01,2023,2,Otros departamentos,15,Otras mercancias de uso domestico,0,94.1639,-27.8000,13.2829,30.1800,29343.9141,-28.6000,13.2527,28.8400,31608.4810,0,409273.0000,419091.0000
2023-03-01,2023,3,Antioquia,4,Prendas de vestir y textiles,0,94.6145,-28.5000,13.3408,30.8400,29982.9084,-27.8000,13.2829,30.1800,29343.9141,0,207498.0000,273969.0000
2023-03-01,2023,3,Antioquia,8,Electrodomesticos y muebles,1,112.8950,-28.5000,13.3408,30.8400,29982.9084,-27.8000,13.2829,30.1800,29343.9141,0,207498.0000,273969.0000
2023-03-01,2023,3,Antioquia,9,Articulos y utensilios domesticos,0,127.5813,-28.5000,13.3408,30.8400,29982.9084,-27.8000,13.2829,30.1800,29343.9141,0,207498.0000,273969.0000
2023-03-01,2023,3,Antioquia,10,Aseo del hogar,0,115.5023,-28.5000,13.3408,30.8400,29982.9084,-27.8000,13.2829,30.1800,29343.9141,0,207498.0000,273969.0000
2023-03-01,2023,3,Antioquia,11,Informatica y telecomunicaciones,0,177.3893,-28.5000,13.3408,30.8400,29982.9084,-27.8000,13.2829,30.1800,29343.9141,0,207498.0000,273969.0000
2023-03-01,2023,3,Antioquia,12,Sonido y video,0,109.5810,-28.5000,13.3408,30.8400,29982.9084,-27.8000,13.2829,30.1800,29343.9141,0,207498.0000,273969.0000
2023-03-01,2023,3,Antioquia,14,"Ferreteria, vidrios y pinturas",0,118.2126,-28.5000,13.3408,30.8400,29982.9084,-27.8000,13.2829,30.1800,29343.9141,0,207498.0000,273969.0000
2023-03-01,2023,3,Antioquia,15,Otras mercancias de uso domestico,0,105.5521,-28.5000,13.3408,30.8400,29982.9084,-27.8000,13.2829,30.1800,29343.9141,0,207498.0000,273969.0000
2023-03-01,2023,3,Atlantico,4,Prendas de vestir y textiles,0,89.4685,-28.5000,13.3408,30.8400,29982.9084,-27.8000,13.2829,30.1800,29343.9141,0,11570.0000,19433.0000
2023-03-01,2023,3,Atlantico,8,Electrodomesticos y muebles,1,104.5644,-28.5000,13.3408,30.8400,29982.9084,-27.8000,13.2829,30.1800,29343.9141,0,11570.0000,19433.0000
2023-03-01,2023,3,Atlantico,9,Articulos y utensilios domesticos,0,119.6851,-28.5000,13.3408,30.8400,29982.9084,-27.8000,13.2829,30.1800,29343.9141,0,11570.0000,19433.0000
2023-03-01,2023,3,Atlantico,10,Aseo del hogar,0,110.3705,-28.5000,13.3408,30.8400,29982.9084,-27.8000,13.2829,30.1800,29343.9141,0,11570.0000,19433.0000
2023-03-01,2023,3,Atlantico,11,Informatica y telecomunicaciones,0,174.3836,-28.5000,13.3408,30.8400,29982.9084,-27.8000,13.2829,30.1800,29343.9141,0,11570.0000,19433.0000
2023-03-01,2023,3,Atlantico,12,Sonido y video,0,103.0485,-28.5000,13.3408,30.8400,29982.9084,-27.8000,13.2829,30.1800,29343.9141,0,11570.0000,19433.0000
2023-03-01,2023,3,Atlantico,14,"Ferreteria, vidrios y pinturas",0,110.6379,-28.5000,13.3408,30.8400,29982.9084,-27.8000,13.2829,30.1800,29343.9141,0,11570.0000,19433.0000
2023-03-01,2023,3,Atlantico,15,Otras mercancias de uso domestico,0,105.2994,-28.5000,13.3408,30.8400,29982.9084,-27.8000,13.2829,30.1800,29343.9141,0,11570.0000,19433.0000
2023-03-01,2023,3,Bogota,4,Prendas de vestir y textiles,0,98.9215,-28.5000,13.3408,30.8400,29982.9084,-27.8000,13.2829,30.1800,29343.9141,0,218431.0000,330857.0000
2023-03-01,2023,3,Bogota,8,Electrodomesticos y muebles,1,121.0365,-28.5000,13.3408,30.8400,29982.9084,-27.8000,13.2829,30.1800,29343.9141,0,218431.0000,330857.0000
2023-03-01,2023,3,Bogota,9,Articulos y utensilios domesticos,0,135.8937,-28.5000,13.3408,30.8400,29982.9084,-27.8000,13.2829,30.1800,29343.9141,0,218431.0000,330857.0000
2023-03-01,2023,3,Bogota,10,Aseo del hogar,0,127.5178,-28.5000,13.3408,30.8400,29982.9084,-27.8000,13.2829,30.1800,29343.9141,0,218431.0000,330857.0000
2023-03-01,2023,3,Bogota,11,Informatica y telecomunicaciones,0,191.5199,-28.5000,13.3408,30.8400,29982.9084,-27.8000,13.2829,30.1800,29343.9141,0,218431.0000,330857.0000
2023-03-01,2023,3,Bogota,12,Sonido y video,0,117.4631,-28.5000,13.3408,30.8400,29982.9084,-27.8000,13.2829,30.1800,29343.9141,0,218431.0000,330857.0000
2023-03-01,2023,3,Bogota,14,"Ferreteria, vidrios y pinturas",0,121.5397,-28.5000,13.3408,30.8400,29982.9084,-27.8000,13.2829,30.1800,29343.9141,0,218431.0000,330857.0000
2023-03-01,2023,3,Bogota,15,Otras mercancias de uso domestico,0,118.6541,-28.5000,13.3408,30.8400,29982.9084,-27.8000,13.2829,30.1800,29343.9141,0,218431.0000,330857.0000
2023-03-01,2023,3,Cundinamarca,4,Prendas de vestir y textiles,0,113.5662,-28.5000,13.3408,30.8400,29982.9084,-27.8000,13.2829,30.1800,29343.9141,0,216266.0000,191466.0000
2023-03-01,2023,3,Cundinamarca,8,Electrodomesticos y muebles,1,133.4355,-28.5000,13.3408,30.8400,29982.9084,-27.8000,13.2829,30.1800,29343.9141,0,216266.0000,191466.0000
2023-03-01,2023,3,Cundinamarca,9,Articulos y utensilios domesticos,0,155.8115,-28.5000,13.3408,30.8400,29982.9084,-27.8000,13.2829,30.1800,29343.9141,0,216266.0000,191466.0000
2023-03-01,2023,3,Cundinamarca,10,Aseo del hogar,0,147.5017,-28.5000,13.3408,30.8400,29982.9084,-27.8000,13.2829,30.1800,29343.9141,0,216266.0000,191466.0000
2023-03-01,2023,3,Cundinamarca,11,Informatica y telecomunicaciones,0,209.9964,-28.5000,13.3408,30.8400,29982.9084,-27.8000,13.2829,30.1800,29343.9141,0,216266.0000,191466.0000
2023-03-01,2023,3,Cundinamarca,12,Sonido y video,0,135.3551,-28.5000,13.3408,30.8400,29982.9084,-27.8000,13.2829,30.1800,29343.9141,0,216266.0000,191466.0000
2023-03-01,2023,3,Cundinamarca,14,"Ferreteria, vidrios y pinturas",0,133.9680,-28.5000,13.3408,30.8400,29982.9084,-27.8000,13.2829,30.1800,29343.9141,0,216266.0000,191466.0000
2023-03-01,2023,3,Cundinamarca,15,Otras mercancias de uso domestico,0,134.8707,-28.5000,13.3408,30.8400,29982.9084,-27.8000,13.2829,30.1800,29343.9141,0,216266.0000,191466.0000
2023-03-01,2023,3,Santander,4,Prendas de vestir y textiles,0,90.6536,-28.5000,13.3408,30.8400,29982.9084,-27.8000,13.2829,30.1800,29343.9141,0,63883.0000,49235.0000
2023-03-01,2023,3,Santander,8,Electrodomesticos y muebles,1,103.2778,-28.5000,13.3408,30.8400,29982.9084,-27.8000,13.2829,30.1800,29343.9141,0,63883.0000,49235.0000
2023-03-01,2023,3,Santander,9,Articulos y utensilios domesticos,0,117.7856,-28.5000,13.3408,30.8400,29982.9084,-27.8000,13.2829,30.1800,29343.9141,0,63883.0000,49235.0000
2023-03-01,2023,3,Santander,10,Aseo del hogar,0,110.5362,-28.5000,13.3408,30.8400,29982.9084,-27.8000,13.2829,30.1800,29343.9141,0,63883.0000,49235.0000
2023-03-01,2023,3,Santander,11,Informatica y telecomunicaciones,0,173.6744,-28.5000,13.3408,30.8400,29982.9084,-27.8000,13.2829,30.1800,29343.9141,0,63883.0000,49235.0000
2023-03-01,2023,3,Santander,12,Sonido y video,0,102.3407,-28.5000,13.3408,30.8400,29982.9084,-27.8000,13.2829,30.1800,29343.9141,0,63883.0000,49235.0000
2023-03-01,2023,3,Santander,14,"Ferreteria, vidrios y pinturas",0,109.4449,-28.5000,13.3408,30.8400,29982.9084,-27.8000,13.2829,30.1800,29343.9141,0,63883.0000,49235.0000
2023-03-01,2023,3,Santander,15,Otras mercancias de uso domestico,0,104.6429,-28.5000,13.3408,30.8400,29982.9084,-27.8000,13.2829,30.1800,29343.9141,0,63883.0000,49235.0000
2023-03-01,2023,3,Valle del Cauca,4,Prendas de vestir y textiles,0,83.4122,-28.5000,13.3408,30.8400,29982.9084,-27.8000,13.2829,30.1800,29343.9141,0,90993.0000,57154.0000
2023-03-01,2023,3,Valle del Cauca,8,Electrodomesticos y muebles,1,99.4384,-28.5000,13.3408,30.8400,29982.9084,-27.8000,13.2829,30.1800,29343.9141,0,90993.0000,57154.0000
2023-03-01,2023,3,Valle del Cauca,9,Articulos y utensilios domesticos,0,110.1480,-28.5000,13.3408,30.8400,29982.9084,-27.8000,13.2829,30.1800,29343.9141,0,90993.0000,57154.0000
2023-03-01,2023,3,Valle del Cauca,10,Aseo del hogar,0,104.7771,-28.5000,13.3408,30.8400,29982.9084,-27.8000,13.2829,30.1800,29343.9141,0,90993.0000,57154.0000
2023-03-01,2023,3,Valle del Cauca,11,Informatica y telecomunicaciones,0,158.7479,-28.5000,13.3408,30.8400,29982.9084,-27.8000,13.2829,30.1800,29343.9141,0,90993.0000,57154.0000
2023-03-01,2023,3,Valle del Cauca,12,Sonido y video,0,93.2439,-28.5000,13.3408,30.8400,29982.9084,-27.8000,13.2829,30.1800,29343.9141,0,90993.0000,57154.0000
2023-03-01,2023,3,Valle del Cauca,14,"Ferreteria, vidrios y pinturas",0,99.9225,-28.5000,13.3408,30.8400,29982.9084,-27.8000,13.2829,30.1800,29343.9141,0,90993.0000,57154.0000
2023-03-01,2023,3,Valle del Cauca,15,Otras mercancias de uso domestico,0,94.8478,-28.5000,13.3408,30.8400,29982.9084,-27.8000,13.2829,30.1800,29343.9141,0,90993.0000,57154.0000
2023-03-01,2023,3,Otros departamentos,4,Prendas de vestir y textiles,0,95.2919,-28.5000,13.3408,30.8400,29982.9084,-27.8000,13.2829,30.1800,29343.9141,0,547698.0000,409273.0000
2023-03-01,2023,3,Otros departamentos,8,Electrodomesticos y muebles,1,114.0267,-28.5000,13.3408,30.8400,29982.9084,-27.8000,13.2829,30.1800,29343.9141,0,547698.0000,409273.0000
2023-03-01,2023,3,Otros departamentos,9,Articulos y utensilios domesticos,0,130.7662,-28.5000,13.3408,30.8400,29982.9084,-27.8000,13.2829,30.1800,29343.9141,0,547698.0000,409273.0000
2023-03-01,2023,3,Otros departamentos,10,Aseo del hogar,0,124.2766,-28.5000,13.3408,30.8400,29982.9084,-27.8000,13.2829,30.1800,29343.9141,0,547698.0000,409273.0000
2023-03-01,2023,3,Otros departamentos,11,Informatica y telecomunicaciones,0,186.3719,-28.5000,13.3408,30.8400,29982.9084,-27.8000,13.2829,30.1800,29343.9141,0,547698.0000,409273.0000
2023-03-01,2023,3,Otros departamentos,12,Sonido y video,0,111.0566,-28.5000,13.3408,30.8400,29982.9084,-27.8000,13.2829,30.1800,29343.9141,0,547698.0000,409273.0000
2023-03-01,2023,3,Otros departamentos,14,"Ferreteria, vidrios y pinturas",0,113.1888,-28.5000,13.3408,30.8400,29982.9084,-27.8000,13.2829,30.1800,29343.9141,0,547698.0000,409273.0000
2023-03-01,2023,3,Otros departamentos,15,Otras mercancias de uso domestico,0,111.0250,-28.5000,13.3408,30.8400,29982.9084,-27.8000,13.2829,30.1800,29343.9141,0,547698.0000,409273.0000
2023-04-01,2023,4,Antioquia,4,Prendas de vestir y textiles,0,97.0855,-28.8000,12.8196,31.3900,30702.9339,-28.5000,13.3408,30.8400,29982.9084,0,171273.0000,207498.0000
2023-04-01,2023,4,Antioquia,8,Electrodomesticos y muebles,1,102.4205,-28.8000,12.8196,31.3900,30702.9339,-28.5000,13.3408,30.8400,29982.9084,0,171273.0000,207498.0000
2023-04-01,2023,4,Antioquia,9,Articulos y utensilios domesticos,0,126.2364,-28.8000,12.8196,31.3900,30702.9339,-28.5000,13.3408,30.8400,29982.9084,0,171273.0000,207498.0000
2023-04-01,2023,4,Antioquia,10,Aseo del hogar,0,118.2152,-28.8000,12.8196,31.3900,30702.9339,-28.5000,13.3408,30.8400,29982.9084,0,171273.0000,207498.0000
2023-04-01,2023,4,Antioquia,11,Informatica y telecomunicaciones,0,157.8278,-28.8000,12.8196,31.3900,30702.9339,-28.5000,13.3408,30.8400,29982.9084,0,171273.0000,207498.0000
2023-04-01,2023,4,Antioquia,12,Sonido y video,0,104.3634,-28.8000,12.8196,31.3900,30702.9339,-28.5000,13.3408,30.8400,29982.9084,0,171273.0000,207498.0000
2023-04-01,2023,4,Antioquia,14,"Ferreteria, vidrios y pinturas",0,101.4435,-28.8000,12.8196,31.3900,30702.9339,-28.5000,13.3408,30.8400,29982.9084,0,171273.0000,207498.0000
2023-04-01,2023,4,Antioquia,15,Otras mercancias de uso domestico,0,107.1353,-28.8000,12.8196,31.3900,30702.9339,-28.5000,13.3408,30.8400,29982.9084,0,171273.0000,207498.0000
2023-04-01,2023,4,Atlantico,4,Prendas de vestir y textiles,0,87.5841,-28.8000,12.8196,31.3900,30702.9339,-28.5000,13.3408,30.8400,29982.9084,0,10405.0000,11570.0000
2023-04-01,2023,4,Atlantico,8,Electrodomesticos y muebles,1,90.7329,-28.8000,12.8196,31.3900,30702.9339,-28.5000,13.3408,30.8400,29982.9084,0,10405.0000,11570.0000
2023-04-01,2023,4,Atlantico,9,Articulos y utensilios domesticos,0,116.7904,-28.8000,12.8196,31.3900,30702.9339,-28.5000,13.3408,30.8400,29982.9084,0,10405.0000,11570.0000
2023-04-01,2023,4,Atlantico,10,Aseo del hogar,0,113.3983,-28.8000,12.8196,31.3900,30702.9339,-28.5000,13.3408,30.8400,29982.9084,0,10405.0000,11570.0000
2023-04-01,2023,4,Atlantico,11,Informatica y telecomunicaciones,0,151.8276,-28.8000,12.8196,31.3900,30702.9339,-28.5000,13.3408,30.8400,29982.9084,0,10405.0000,11570.0000
2023-04-01,2023,4,Atlantico,12,Sonido y video,0,95.2966,-28.8000,12.8196,31.3900,30702.9339,-28.5000,13.3408,30.8400,29982.9084,0,10405.0000,11570.0000
2023-04-01,2023,4,Atlantico,14,"Ferreteria, vidrios y pinturas",0,90.9008,-28.8000,12.8196,31.3900,30702.9339,-28.5000,13.3408,30.8400,29982.9084,0,10405.0000,11570.0000
2023-04-01,2023,4,Atlantico,15,Otras mercancias de uso domestico,0,95.5667,-28.8000,12.8196,31.3900,30702.9339,-28.5000,13.3408,30.8400,29982.9084,0,10405.0000,11570.0000
2023-04-01,2023,4,Bogota,4,Prendas de vestir y textiles,0,95.0184,-28.8000,12.8196,31.3900,30702.9339,-28.5000,13.3408,30.8400,29982.9084,0,176182.0000,218431.0000
2023-04-01,2023,4,Bogota,8,Electrodomesticos y muebles,1,100.1329,-28.8000,12.8196,31.3900,30702.9339,-28.5000,13.3408,30.8400,29982.9084,0,176182.0000,218431.0000
2023-04-01,2023,4,Bogota,9,Articulos y utensilios domesticos,0,127.9071,-28.8000,12.8196,31.3900,30702.9339,-28.5000,13.3408,30.8400,29982.9084,0,176182.0000,218431.0000
2023-04-01,2023,4,Bogota,10,Aseo del hogar,0,118.8911,-28.8000,12.8196,31.3900,30702.9339,-28.5000,13.3408,30.8400,29982.9084,0,176182.0000,218431.0000
2023-04-01,2023,4,Bogota,11,Informatica y telecomunicaciones,0,160.4216,-28.8000,12.8196,31.3900,30702.9339,-28.5000,13.3408,30.8400,29982.9084,0,176182.0000,218431.0000
2023-04-01,2023,4,Bogota,12,Sonido y video,0,103.4207,-28.8000,12.8196,31.3900,30702.9339,-28.5000,13.3408,30.8400,29982.9084,0,176182.0000,218431.0000
2023-04-01,2023,4,Bogota,14,"Ferreteria, vidrios y pinturas",0,99.8192,-28.8000,12.8196,31.3900,30702.9339,-28.5000,13.3408,30.8400,29982.9084,0,176182.0000,218431.0000
2023-04-01,2023,4,Bogota,15,Otras mercancias de uso domestico,0,106.6612,-28.8000,12.8196,31.3900,30702.9339,-28.5000,13.3408,30.8400,29982.9084,0,176182.0000,218431.0000
2023-04-01,2023,4,Cundinamarca,4,Prendas de vestir y textiles,0,109.6679,-28.8000,12.8196,31.3900,30702.9339,-28.5000,13.3408,30.8400,29982.9084,0,183589.0000,216266.0000
2023-04-01,2023,4,Cundinamarca,8,Electrodomesticos y muebles,1,115.3671,-28.8000,12.8196,31.3900,30702.9339,-28.5000,13.3408,30.8400,29982.9084,0,183589.0000,216266.0000
2023-04-01,2023,4,Cundinamarca,9,Articulos y utensilios domesticos,0,145.7683,-28.8000,12.8196,31.3900,30702.9339,-28.5000,13.3408,30.8400,29982.9084,0,183589.0000,216266.0000
2023-04-01,2023,4,Cundinamarca,10,Aseo del hogar,0,142.3346,-28.8000,12.8196,31.3900,30702.9339,-28.5000,13.3408,30.8400,29982.9084,0,183589.0000,216266.0000
2023-04-01,2023,4,Cundinamarca,11,Informatica y telecomunicaciones,0,179.9489,-28.8000,12.8196,31.3900,30702.9339,-28.5000,13.3408,30.8400,29982.9084,0,183589.0000,216266.0000
2023-04-01,2023,4,Cundinamarca,12,Sonido y video,0,118.6059,-28.8000,12.8196,31.3900,30702.9339,-28.5000,13.3408,30.8400,29982.9084,0,183589.0000,216266.0000
2023-04-01,2023,4,Cundinamarca,14,"Ferreteria, vidrios y pinturas",0,112.3642,-28.8000,12.8196,31.3900,30702.9339,-28.5000,13.3408,30.8400,29982.9084,0,183589.0000,216266.0000
2023-04-01,2023,4,Cundinamarca,15,Otras mercancias de uso domestico,0,119.2150,-28.8000,12.8196,31.3900,30702.9339,-28.5000,13.3408,30.8400,29982.9084,0,183589.0000,216266.0000
2023-04-01,2023,4,Santander,4,Prendas de vestir y textiles,0,91.3782,-28.8000,12.8196,31.3900,30702.9339,-28.5000,13.3408,30.8400,29982.9084,0,47797.0000,63883.0000
2023-04-01,2023,4,Santander,8,Electrodomesticos y muebles,1,93.5767,-28.8000,12.8196,31.3900,30702.9339,-28.5000,13.3408,30.8400,29982.9084,0,47797.0000,63883.0000
2023-04-01,2023,4,Santander,9,Articulos y utensilios domesticos,0,115.9350,-28.8000,12.8196,31.3900,30702.9339,-28.5000,13.3408,30.8400,29982.9084,0,47797.0000,63883.0000
2023-04-01,2023,4,Santander,10,Aseo del hogar,0,114.1569,-28.8000,12.8196,31.3900,30702.9339,-28.5000,13.3408,30.8400,29982.9084,0,47797.0000,63883.0000
2023-04-01,2023,4,Santander,11,Informatica y telecomunicaciones,0,154.6637,-28.8000,12.8196,31.3900,30702.9339,-28.5000,13.3408,30.8400,29982.9084,0,47797.0000,63883.0000
2023-04-01,2023,4,Santander,12,Sonido y video,0,95.2574,-28.8000,12.8196,31.3900,30702.9339,-28.5000,13.3408,30.8400,29982.9084,0,47797.0000,63883.0000
2023-04-01,2023,4,Santander,14,"Ferreteria, vidrios y pinturas",0,94.2222,-28.8000,12.8196,31.3900,30702.9339,-28.5000,13.3408,30.8400,29982.9084,0,47797.0000,63883.0000
2023-04-01,2023,4,Santander,15,Otras mercancias de uso domestico,0,96.6442,-28.8000,12.8196,31.3900,30702.9339,-28.5000,13.3408,30.8400,29982.9084,0,47797.0000,63883.0000
2023-04-01,2023,4,Valle del Cauca,4,Prendas de vestir y textiles,0,84.5962,-28.8000,12.8196,31.3900,30702.9339,-28.5000,13.3408,30.8400,29982.9084,0,116271.0000,90993.0000
2023-04-01,2023,4,Valle del Cauca,8,Electrodomesticos y muebles,1,87.6580,-28.8000,12.8196,31.3900,30702.9339,-28.5000,13.3408,30.8400,29982.9084,0,116271.0000,90993.0000
2023-04-01,2023,4,Valle del Cauca,9,Articulos y utensilios domesticos,0,105.9425,-28.8000,12.8196,31.3900,30702.9339,-28.5000,13.3408,30.8400,29982.9084,0,116271.0000,90993.0000
2023-04-01,2023,4,Valle del Cauca,10,Aseo del hogar,0,105.8980,-28.8000,12.8196,31.3900,30702.9339,-28.5000,13.3408,30.8400,29982.9084,0,116271.0000,90993.0000
2023-04-01,2023,4,Valle del Cauca,11,Informatica y telecomunicaciones,0,138.4746,-28.8000,12.8196,31.3900,30702.9339,-28.5000,13.3408,30.8400,29982.9084,0,116271.0000,90993.0000
2023-04-01,2023,4,Valle del Cauca,12,Sonido y video,0,84.7454,-28.8000,12.8196,31.3900,30702.9339,-28.5000,13.3408,30.8400,29982.9084,0,116271.0000,90993.0000
2023-04-01,2023,4,Valle del Cauca,14,"Ferreteria, vidrios y pinturas",0,87.2512,-28.8000,12.8196,31.3900,30702.9339,-28.5000,13.3408,30.8400,29982.9084,0,116271.0000,90993.0000
2023-04-01,2023,4,Valle del Cauca,15,Otras mercancias de uso domestico,0,87.6768,-28.8000,12.8196,31.3900,30702.9339,-28.5000,13.3408,30.8400,29982.9084,0,116271.0000,90993.0000
2023-04-01,2023,4,Otros departamentos,4,Prendas de vestir y textiles,0,96.5891,-28.8000,12.8196,31.3900,30702.9339,-28.5000,13.3408,30.8400,29982.9084,0,465250.0000,547698.0000
2023-04-01,2023,4,Otros departamentos,8,Electrodomesticos y muebles,1,102.5008,-28.8000,12.8196,31.3900,30702.9339,-28.5000,13.3408,30.8400,29982.9084,0,465250.0000,547698.0000
2023-04-01,2023,4,Otros departamentos,9,Articulos y utensilios domesticos,0,130.6896,-28.8000,12.8196,31.3900,30702.9339,-28.5000,13.3408,30.8400,29982.9084,0,465250.0000,547698.0000
2023-04-01,2023,4,Otros departamentos,10,Aseo del hogar,0,124.8552,-28.8000,12.8196,31.3900,30702.9339,-28.5000,13.3408,30.8400,29982.9084,0,465250.0000,547698.0000
2023-04-01,2023,4,Otros departamentos,11,Informatica y telecomunicaciones,0,162.6523,-28.8000,12.8196,31.3900,30702.9339,-28.5000,13.3408,30.8400,29982.9084,0,465250.0000,547698.0000
2023-04-01,2023,4,Otros departamentos,12,Sonido y video,0,104.6520,-28.8000,12.8196,31.3900,30702.9339,-28.5000,13.3408,30.8400,29982.9084,0,465250.0000,547698.0000
2023-04-01,2023,4,Otros departamentos,14,"Ferreteria, vidrios y pinturas",0,98.9267,-28.8000,12.8196,31.3900,30702.9339,-28.5000,13.3408,30.8400,29982.9084,0,465250.0000,547698.0000
2023-04-01,2023,4,Otros departamentos,15,Otras mercancias de uso domestico,0,107.9682,-28.8000,12.8196,31.3900,30702.9339,-28.5000,13.3408,30.8400,29982.9084,0,465250.0000,547698.0000
2023-05-01,2023,5,Antioquia,4,Prendas de vestir y textiles,0,107.8295,-22.8000,12.3673,30.2700,29112.9677,-28.8000,12.8196,31.3900,30702.9339,0,186846.0000,171273.0000
2023-05-01,2023,5,Antioquia,8,Electrodomesticos y muebles,1,117.7598,-22.8000,12.3673,30.2700,29112.9677,-28.8000,12.8196,31.3900,30702.9339,0,186846.0000,171273.0000
2023-05-01,2023,5,Antioquia,9,Articulos y utensilios domesticos,0,123.7658,-22.8000,12.3673,30.2700,29112.9677,-28.8000,12.8196,31.3900,30702.9339,0,186846.0000,171273.0000
2023-05-01,2023,5,Antioquia,10,Aseo del hogar,0,123.1739,-22.8000,12.3673,30.2700,29112.9677,-28.8000,12.8196,31.3900,30702.9339,0,186846.0000,171273.0000
2023-05-01,2023,5,Antioquia,11,Informatica y telecomunicaciones,0,165.6077,-22.8000,12.3673,30.2700,29112.9677,-28.8000,12.8196,31.3900,30702.9339,0,186846.0000,171273.0000
2023-05-01,2023,5,Antioquia,12,Sonido y video,0,108.2362,-22.8000,12.3673,30.2700,29112.9677,-28.8000,12.8196,31.3900,30702.9339,0,186846.0000,171273.0000
2023-05-01,2023,5,Antioquia,14,"Ferreteria, vidrios y pinturas",0,105.7834,-22.8000,12.3673,30.2700,29112.9677,-28.8000,12.8196,31.3900,30702.9339,0,186846.0000,171273.0000
2023-05-01,2023,5,Antioquia,15,Otras mercancias de uso domestico,0,112.5464,-22.8000,12.3673,30.2700,29112.9677,-28.8000,12.8196,31.3900,30702.9339,0,186846.0000,171273.0000
2023-05-01,2023,5,Atlantico,4,Prendas de vestir y textiles,0,97.7551,-22.8000,12.3673,30.2700,29112.9677,-28.8000,12.8196,31.3900,30702.9339,0,293618.0000,10405.0000
2023-05-01,2023,5,Atlantico,8,Electrodomesticos y muebles,1,111.1121,-22.8000,12.3673,30.2700,29112.9677,-28.8000,12.8196,31.3900,30702.9339,0,293618.0000,10405.0000
2023-05-01,2023,5,Atlantico,9,Articulos y utensilios domesticos,0,112.2675,-22.8000,12.3673,30.2700,29112.9677,-28.8000,12.8196,31.3900,30702.9339,0,293618.0000,10405.0000
2023-05-01,2023,5,Atlantico,10,Aseo del hogar,0,112.4441,-22.8000,12.3673,30.2700,29112.9677,-28.8000,12.8196,31.3900,30702.9339,0,293618.0000,10405.0000
2023-05-01,2023,5,Atlantico,11,Informatica y telecomunicaciones,0,152.2578,-22.8000,12.3673,30.2700,29112.9677,-28.8000,12.8196,31.3900,30702.9339,0,293618.0000,10405.0000
2023-05-01,2023,5,Atlantico,12,Sonido y video,0,98.5052,-22.8000,12.3673,30.2700,29112.9677,-28.8000,12.8196,31.3900,30702.9339,0,293618.0000,10405.0000
2023-05-01,2023,5,Atlantico,14,"Ferreteria, vidrios y pinturas",0,99.4768,-22.8000,12.3673,30.2700,29112.9677,-28.8000,12.8196,31.3900,30702.9339,0,293618.0000,10405.0000
2023-05-01,2023,5,Atlantico,15,Otras mercancias de uso domestico,0,101.4821,-22.8000,12.3673,30.2700,29112.9677,-28.8000,12.8196,31.3900,30702.9339,0,293618.0000,10405.0000
2023-05-01,2023,5,Bogota,4,Prendas de vestir y textiles,0,104.9379,-22.8000,12.3673,30.2700,29112.9677,-28.8000,12.8196,31.3900,30702.9339,0,174214.0000,176182.0000
2023-05-01,2023,5,Bogota,8,Electrodomesticos y muebles,1,120.6854,-22.8000,12.3673,30.2700,29112.9677,-28.8000,12.8196,31.3900,30702.9339,0,174214.0000,176182.0000
2023-05-01,2023,5,Bogota,9,Articulos y utensilios domesticos,0,123.4632,-22.8000,12.3673,30.2700,29112.9677,-28.8000,12.8196,31.3900,30702.9339,0,174214.0000,176182.0000
2023-05-01,2023,5,Bogota,10,Aseo del hogar,0,122.3809,-22.8000,12.3673,30.2700,29112.9677,-28.8000,12.8196,31.3900,30702.9339,0,174214.0000,176182.0000
2023-05-01,2023,5,Bogota,11,Informatica y telecomunicaciones,0,167.3951,-22.8000,12.3673,30.2700,29112.9677,-28.8000,12.8196,31.3900,30702.9339,0,174214.0000,176182.0000
2023-05-01,2023,5,Bogota,12,Sonido y video,0,107.1036,-22.8000,12.3673,30.2700,29112.9677,-28.8000,12.8196,31.3900,30702.9339,0,174214.0000,176182.0000
2023-05-01,2023,5,Bogota,14,"Ferreteria, vidrios y pinturas",0,105.9810,-22.8000,12.3673,30.2700,29112.9677,-28.8000,12.8196,31.3900,30702.9339,0,174214.0000,176182.0000
2023-05-01,2023,5,Bogota,15,Otras mercancias de uso domestico,0,106.6547,-22.8000,12.3673,30.2700,29112.9677,-28.8000,12.8196,31.3900,30702.9339,0,174214.0000,176182.0000
2023-05-01,2023,5,Cundinamarca,4,Prendas de vestir y textiles,0,112.8561,-22.8000,12.3673,30.2700,29112.9677,-28.8000,12.8196,31.3900,30702.9339,0,223963.0000,183589.0000
2023-05-01,2023,5,Cundinamarca,8,Electrodomesticos y muebles,1,134.1917,-22.8000,12.3673,30.2700,29112.9677,-28.8000,12.8196,31.3900,30702.9339,0,223963.0000,183589.0000
2023-05-01,2023,5,Cundinamarca,9,Articulos y utensilios domesticos,0,133.3886,-22.8000,12.3673,30.2700,29112.9677,-28.8000,12.8196,31.3900,30702.9339,0,223963.0000,183589.0000
2023-05-01,2023,5,Cundinamarca,10,Aseo del hogar,0,131.9697,-22.8000,12.3673,30.2700,29112.9677,-28.8000,12.8196,31.3900,30702.9339,0,223963.0000,183589.0000
2023-05-01,2023,5,Cundinamarca,11,Informatica y telecomunicaciones,0,179.4841,-22.8000,12.3673,30.2700,29112.9677,-28.8000,12.8196,31.3900,30702.9339,0,223963.0000,183589.0000
2023-05-01,2023,5,Cundinamarca,12,Sonido y video,0,115.8985,-22.8000,12.3673,30.2700,29112.9677,-28.8000,12.8196,31.3900,30702.9339,0,223963.0000,183589.0000
2023-05-01,2023,5,Cundinamarca,14,"Ferreteria, vidrios y pinturas",0,114.4505,-22.8000,12.3673,30.2700,29112.9677,-28.8000,12.8196,31.3900,30702.9339,0,223963.0000,183589.0000
2023-05-01,2023,5,Cundinamarca,15,Otras mercancias de uso domestico,0,117.7866,-22.8000,12.3673,30.2700,29112.9677,-28.8000,12.8196,31.3900,30702.9339,0,223963.0000,183589.0000
2023-05-01,2023,5,Santander,4,Prendas de vestir y textiles,0,96.2311,-22.8000,12.3673,30.2700,29112.9677,-28.8000,12.8196,31.3900,30702.9339,0,134916.0000,47797.0000
2023-05-01,2023,5,Santander,8,Electrodomesticos y muebles,1,107.6093,-22.8000,12.3673,30.2700,29112.9677,-28.8000,12.8196,31.3900,30702.9339,0,134916.0000,47797.0000
2023-05-01,2023,5,Santander,9,Articulos y utensilios domesticos,0,111.2573,-22.8000,12.3673,30.2700,29112.9677,-28.8000,12.8196,31.3900,30702.9339,0,134916.0000,47797.0000
2023-05-01,2023,5,Santander,10,Aseo del hogar,0,109.1727,-22.8000,12.3673,30.2700,29112.9677,-28.8000,12.8196,31.3900,30702.9339,0,134916.0000,47797.0000
2023-05-01,2023,5,Santander,11,Informatica y telecomunicaciones,0,149.6831,-22.8000,12.3673,30.2700,29112.9677,-28.8000,12.8196,31.3900,30702.9339,0,134916.0000,47797.0000
2023-05-01,2023,5,Santander,12,Sonido y video,0,94.0285,-22.8000,12.3673,30.2700,29112.9677,-28.8000,12.8196,31.3900,30702.9339,0,134916.0000,47797.0000
2023-05-01,2023,5,Santander,14,"Ferreteria, vidrios y pinturas",0,93.6285,-22.8000,12.3673,30.2700,29112.9677,-28.8000,12.8196,31.3900,30702.9339,0,134916.0000,47797.0000
2023-05-01,2023,5,Santander,15,Otras mercancias de uso domestico,0,97.8722,-22.8000,12.3673,30.2700,29112.9677,-28.8000,12.8196,31.3900,30702.9339,0,134916.0000,47797.0000
2023-05-01,2023,5,Valle del Cauca,4,Prendas de vestir y textiles,0,93.3135,-22.8000,12.3673,30.2700,29112.9677,-28.8000,12.8196,31.3900,30702.9339,0,88890.0000,116271.0000
2023-05-01,2023,5,Valle del Cauca,8,Electrodomesticos y muebles,1,100.8358,-22.8000,12.3673,30.2700,29112.9677,-28.8000,12.8196,31.3900,30702.9339,0,88890.0000,116271.0000
2023-05-01,2023,5,Valle del Cauca,9,Articulos y utensilios domesticos,0,101.1087,-22.8000,12.3673,30.2700,29112.9677,-28.8000,12.8196,31.3900,30702.9339,0,88890.0000,116271.0000
2023-05-01,2023,5,Valle del Cauca,10,Aseo del hogar,0,103.8456,-22.8000,12.3673,30.2700,29112.9677,-28.8000,12.8196,31.3900,30702.9339,0,88890.0000,116271.0000
2023-05-01,2023,5,Valle del Cauca,11,Informatica y telecomunicaciones,0,142.1874,-22.8000,12.3673,30.2700,29112.9677,-28.8000,12.8196,31.3900,30702.9339,0,88890.0000,116271.0000
2023-05-01,2023,5,Valle del Cauca,12,Sonido y video,0,87.7625,-22.8000,12.3673,30.2700,29112.9677,-28.8000,12.8196,31.3900,30702.9339,0,88890.0000,116271.0000
2023-05-01,2023,5,Valle del Cauca,14,"Ferreteria, vidrios y pinturas",0,93.0338,-22.8000,12.3673,30.2700,29112.9677,-28.8000,12.8196,31.3900,30702.9339,0,88890.0000,116271.0000
2023-05-01,2023,5,Valle del Cauca,15,Otras mercancias de uso domestico,0,95.8184,-22.8000,12.3673,30.2700,29112.9677,-28.8000,12.8196,31.3900,30702.9339,0,88890.0000,116271.0000
2023-05-01,2023,5,Otros departamentos,4,Prendas de vestir y textiles,0,109.1969,-22.8000,12.3673,30.2700,29112.9677,-28.8000,12.8196,31.3900,30702.9339,0,564609.0000,465250.0000
2023-05-01,2023,5,Otros departamentos,8,Electrodomesticos y muebles,1,126.5205,-22.8000,12.3673,30.2700,29112.9677,-28.8000,12.8196,31.3900,30702.9339,0,564609.0000,465250.0000
2023-05-01,2023,5,Otros departamentos,9,Articulos y utensilios domesticos,0,130.8838,-22.8000,12.3673,30.2700,29112.9677,-28.8000,12.8196,31.3900,30702.9339,0,564609.0000,465250.0000
2023-05-01,2023,5,Otros departamentos,10,Aseo del hogar,0,126.4007,-22.8000,12.3673,30.2700,29112.9677,-28.8000,12.8196,31.3900,30702.9339,0,564609.0000,465250.0000
2023-05-01,2023,5,Otros departamentos,11,Informatica y telecomunicaciones,0,170.5265,-22.8000,12.3673,30.2700,29112.9677,-28.8000,12.8196,31.3900,30702.9339,0,564609.0000,465250.0000
2023-05-01,2023,5,Otros departamentos,12,Sonido y video,0,106.3827,-22.8000,12.3673,30.2700,29112.9677,-28.8000,12.8196,31.3900,30702.9339,0,564609.0000,465250.0000
2023-05-01,2023,5,Otros departamentos,14,"Ferreteria, vidrios y pinturas",0,112.2984,-22.8000,12.3673,30.2700,29112.9677,-28.8000,12.8196,31.3900,30702.9339,0,564609.0000,465250.0000
2023-05-01,2023,5,Otros departamentos,15,Otras mercancias de uso domestico,0,114.2600,-22.8000,12.3673,30.2700,29112.9677,-28.8000,12.8196,31.3900,30702.9339,0,564609.0000,465250.0000
2023-06-01,2023,6,Antioquia,4,Prendas de vestir y textiles,0,127.0419,-14.1000,12.1281,29.7600,37784.3027,-22.8000,12.3673,30.2700,29112.9677,0,186816.0000,186846.0000
2023-06-01,2023,6,Antioquia,8,Electrodomesticos y muebles,1,111.8736,-14.1000,12.1281,29.7600,37784.3027,-22.8000,12.3673,30.2700,29112.9677,0,186816.0000,186846.0000
2023-06-01,2023,6,Antioquia,9,Articulos y utensilios domesticos,0,126.5663,-14.1000,12.1281,29.7600,37784.3027,-22.8000,12.3673,30.2700,29112.9677,0,186816.0000,186846.0000
2023-06-01,2023,6,Antioquia,10,Aseo del hogar,0,121.7910,-14.1000,12.1281,29.7600,37784.3027,-22.8000,12.3673,30.2700,29112.9677,0,186816.0000,186846.0000
2023-06-01,2023,6,Antioquia,11,Informatica y telecomunicaciones,0,147.8527,-14.1000,12.1281,29.7600,37784.3027,-22.8000,12.3673,30.2700,29112.9677,0,186816.0000,186846.0000
2023-06-01,2023,6,Antioquia,12,Sonido y video,0,115.7115,-14.1000,12.1281,29.7600,37784.3027,-22.8000,12.3673,30.2700,29112.9677,0,186816.0000,186846.0000
2023-06-01,2023,6,Antioquia,14,"Ferreteria, vidrios y pinturas",0,101.5178,-14.1000,12.1281,29.7600,37784.3027,-22.8000,12.3673,30.2700,29112.9677,0,186816.0000,186846.0000
2023-06-01,2023,6,Antioquia,15,Otras mercancias de uso domestico,0,107.3647,-14.1000,12.1281,29.7600,37784.3027,-22.8000,12.3673,30.2700,29112.9677,0,186816.0000,186846.0000
2023-06-01,2023,6,Atlantico,4,Prendas de vestir y textiles,0,115.5238,-14.1000,12.1281,29.7600,37784.3027,-22.8000,12.3673,30.2700,29112.9677,0,24625.0000,293618.0000
2023-06-01,2023,6,Atlantico,8,Electrodomesticos y muebles,1,108.8407,-14.1000,12.1281,29.7600,37784.3027,-22.8000,12.3673,30.2700,29112.9677,0,24625.0000,293618.0000
2023-06-01,2023,6,Atlantico,9,Articulos y utensilios domesticos,0,117.3210,-14.1000,12.1281,29.7600,37784.3027,-22.8000,12.3673,30.2700,29112.9677,0,24625.0000,293618.0000
2023-06-01,2023,6,Atlantico,10,Aseo del hogar,0,120.7994,-14.1000,12.1281,29.7600,37784.3027,-22.8000,12.3673,30.2700,29112.9677,0,24625.0000,293618.0000
2023-06-01,2023,6,Atlantico,11,Informatica y telecomunicaciones,0,141.6992,-14.1000,12.1281,29.7600,37784.3027,-22.8000,12.3673,30.2700,29112.9677,0,24625.0000,293618.0000
2023-06-01,2023,6,Atlantico,12,Sonido y video,0,114.1492,-14.1000,12.1281,29.7600,37784.3027,-22.8000,12.3673,30.2700,29112.9677,0,24625.0000,293618.0000
2023-06-01,2023,6,Atlantico,14,"Ferreteria, vidrios y pinturas",0,98.2170,-14.1000,12.1281,29.7600,37784.3027,-22.8000,12.3673,30.2700,29112.9677,0,24625.0000,293618.0000
2023-06-01,2023,6,Atlantico,15,Otras mercancias de uso domestico,0,101.7038,-14.1000,12.1281,29.7600,37784.3027,-22.8000,12.3673,30.2700,29112.9677,0,24625.0000,293618.0000
2023-06-01,2023,6,Bogota,4,Prendas de vestir y textiles,0,119.5319,-14.1000,12.1281,29.7600,37784.3027,-22.8000,12.3673,30.2700,29112.9677,0,215502.0000,174214.0000
2023-06-01,2023,6,Bogota,8,Electrodomesticos y muebles,1,113.8043,-14.1000,12.1281,29.7600,37784.3027,-22.8000,12.3673,30.2700,29112.9677,0,215502.0000,174214.0000
2023-06-01,2023,6,Bogota,9,Articulos y utensilios domesticos,0,125.8685,-14.1000,12.1281,29.7600,37784.3027,-22.8000,12.3673,30.2700,29112.9677,0,215502.0000,174214.0000
2023-06-01,2023,6,Bogota,10,Aseo del hogar,0,125.6727,-14.1000,12.1281,29.7600,37784.3027,-22.8000,12.3673,30.2700,29112.9677,0,215502.0000,174214.0000
2023-06-01,2023,6,Bogota,11,Informatica y telecomunicaciones,0,150.7649,-14.1000,12.1281,29.7600,37784.3027,-22.8000,12.3673,30.2700,29112.9677,0,215502.0000,174214.0000
2023-06-01,2023,6,Bogota,12,Sonido y video,0,119.7365,-14.1000,12.1281,29.7600,37784.3027,-22.8000,12.3673,30.2700,29112.9677,0,215502.0000,174214.0000
2023-06-01,2023,6,Bogota,14,"Ferreteria, vidrios y pinturas",0,103.4120,-14.1000,12.1281,29.7600,37784.3027,-22.8000,12.3673,30.2700,29112.9677,0,215502.0000,174214.0000
2023-06-01,2023,6,Bogota,15,Otras mercancias de uso domestico,0,107.1191,-14.1000,12.1281,29.7600,37784.3027,-22.8000,12.3673,30.2700,29112.9677,0,215502.0000,174214.0000
2023-06-01,2023,6,Cundinamarca,4,Prendas de vestir y textiles,0,134.1420,-14.1000,12.1281,29.7600,37784.3027,-22.8000,12.3673,30.2700,29112.9677,0,236449.0000,223963.0000
2023-06-01,2023,6,Cundinamarca,8,Electrodomesticos y muebles,1,133.6198,-14.1000,12.1281,29.7600,37784.3027,-22.8000,12.3673,30.2700,29112.9677,0,236449.0000,223963.0000
2023-06-01,2023,6,Cundinamarca,9,Articulos y utensilios domesticos,0,137.2727,-14.1000,12.1281,29.7600,37784.3027,-22.8000,12.3673,30.2700,29112.9677,0,236449.0000,223963.0000
2023-06-01,2023,6,Cundinamarca,10,Aseo del hogar,0,133.3229,-14.1000,12.1281,29.7600,37784.3027,-22.8000,12.3673,30.2700,29112.9677,0,236449.0000,223963.0000
2023-06-01,2023,6,Cundinamarca,11,Informatica y telecomunicaciones,0,161.7608,-14.1000,12.1281,29.7600,37784.3027,-22.8000,12.3673,30.2700,29112.9677,0,236449.0000,223963.0000
2023-06-01,2023,6,Cundinamarca,12,Sonido y video,0,134.1922,-14.1000,12.1281,29.7600,37784.3027,-22.8000,12.3673,30.2700,29112.9677,0,236449.0000,223963.0000
2023-06-01,2023,6,Cundinamarca,14,"Ferreteria, vidrios y pinturas",0,114.3406,-14.1000,12.1281,29.7600,37784.3027,-22.8000,12.3673,30.2700,29112.9677,0,236449.0000,223963.0000
2023-06-01,2023,6,Cundinamarca,15,Otras mercancias de uso domestico,0,116.0007,-14.1000,12.1281,29.7600,37784.3027,-22.8000,12.3673,30.2700,29112.9677,0,236449.0000,223963.0000
2023-06-01,2023,6,Santander,4,Prendas de vestir y textiles,0,116.3974,-14.1000,12.1281,29.7600,37784.3027,-22.8000,12.3673,30.2700,29112.9677,0,98939.0000,134916.0000
2023-06-01,2023,6,Santander,8,Electrodomesticos y muebles,1,106.4951,-14.1000,12.1281,29.7600,37784.3027,-22.8000,12.3673,30.2700,29112.9677,0,98939.0000,134916.0000
2023-06-01,2023,6,Santander,9,Articulos y utensilios domesticos,0,119.7181,-14.1000,12.1281,29.7600,37784.3027,-22.8000,12.3673,30.2700,29112.9677,0,98939.0000,134916.0000
2023-06-01,2023,6,Santander,10,Aseo del hogar,0,109.8687,-14.1000,12.1281,29.7600,37784.3027,-22.8000,12.3673,30.2700,29112.9677,0,98939.0000,134916.0000
2023-06-01,2023,6,Santander,11,Informatica y telecomunicaciones,0,137.7021,-14.1000,12.1281,29.7600,37784.3027,-22.8000,12.3673,30.2700,29112.9677,0,98939.0000,134916.0000
2023-06-01,2023,6,Santander,12,Sonido y video,0,105.8375,-14.1000,12.1281,29.7600,37784.3027,-22.8000,12.3673,30.2700,29112.9677,0,98939.0000,134916.0000
2023-06-01,2023,6,Santander,14,"Ferreteria, vidrios y pinturas",0,90.6318,-14.1000,12.1281,29.7600,37784.3027,-22.8000,12.3673,30.2700,29112.9677,0,98939.0000,134916.0000
2023-06-01,2023,6,Santander,15,Otras mercancias de uso domestico,0,99.2437,-14.1000,12.1281,29.7600,37784.3027,-22.8000,12.3673,30.2700,29112.9677,0,98939.0000,134916.0000
2023-06-01,2023,6,Valle del Cauca,4,Prendas de vestir y textiles,0,109.5234,-14.1000,12.1281,29.7600,37784.3027,-22.8000,12.3673,30.2700,29112.9677,0,56193.0000,88890.0000
2023-06-01,2023,6,Valle del Cauca,8,Electrodomesticos y muebles,1,100.6685,-14.1000,12.1281,29.7600,37784.3027,-22.8000,12.3673,30.2700,29112.9677,0,56193.0000,88890.0000
2023-06-01,2023,6,Valle del Cauca,9,Articulos y utensilios domesticos,0,111.7160,-14.1000,12.1281,29.7600,37784.3027,-22.8000,12.3673,30.2700,29112.9677,0,56193.0000,88890.0000
2023-06-01,2023,6,Valle del Cauca,10,Aseo del hogar,0,106.7292,-14.1000,12.1281,29.7600,37784.3027,-22.8000,12.3673,30.2700,29112.9677,0,56193.0000,88890.0000
2023-06-01,2023,6,Valle del Cauca,11,Informatica y telecomunicaciones,0,130.8023,-14.1000,12.1281,29.7600,37784.3027,-22.8000,12.3673,30.2700,29112.9677,0,56193.0000,88890.0000
2023-06-01,2023,6,Valle del Cauca,12,Sonido y video,0,100.6588,-14.1000,12.1281,29.7600,37784.3027,-22.8000,12.3673,30.2700,29112.9677,0,56193.0000,88890.0000
2023-06-01,2023,6,Valle del Cauca,14,"Ferreteria, vidrios y pinturas",0,92.9692,-14.1000,12.1281,29.7600,37784.3027,-22.8000,12.3673,30.2700,29112.9677,0,56193.0000,88890.0000
2023-06-01,2023,6,Valle del Cauca,15,Otras mercancias de uso domestico,0,93.7595,-14.1000,12.1281,29.7600,37784.3027,-22.8000,12.3673,30.2700,29112.9677,0,56193.0000,88890.0000
2023-06-01,2023,6,Otros departamentos,4,Prendas de vestir y textiles,0,117.8145,-14.1000,12.1281,29.7600,37784.3027,-22.8000,12.3673,30.2700,29112.9677,0,422255.0000,564609.0000
2023-06-01,2023,6,Otros departamentos,8,Electrodomesticos y muebles,1,114.1473,-14.1000,12.1281,29.7600,37784.3027,-22.8000,12.3673,30.2700,29112.9677,0,422255.0000,564609.0000
2023-06-01,2023,6,Otros departamentos,9,Articulos y utensilios domesticos,0,124.4071,-14.1000,12.1281,29.7600,37784.3027,-22.8000,12.3673,30.2700,29112.9677,0,422255.0000,564609.0000
2023-06-01,2023,6,Otros departamentos,10,Aseo del hogar,0,115.0758,-14.1000,12.1281,29.7600,37784.3027,-22.8000,12.3673,30.2700,29112.9677,0,422255.0000,564609.0000
2023-06-01,2023,6,Otros departamentos,11,Informatica y telecomunicaciones,0,141.7826,-14.1000,12.1281,29.7600,37784.3027,-22.8000,12.3673,30.2700,29112.9677,0,422255.0000,564609.0000
2023-06-01,2023,6,Otros departamentos,12,Sonido y video,0,113.7191,-14.1000,12.1281,29.7600,37784.3027,-22.8000,12.3673,30.2700,29112.9677,0,422255.0000,564609.0000
2023-06-01,2023,6,Otros departamentos,14,"Ferreteria, vidrios y pinturas",0,101.5194,-14.1000,12.1281,29.7600,37784.3027,-22.8000,12.3673,30.2700,29112.9677,0,422255.0000,564609.0000
2023-06-01,2023,6,Otros departamentos,15,Otras mercancias de uso domestico,0,102.2731,-14.1000,12.1281,29.7600,37784.3027,-22.8000,12.3673,30.2700,29112.9677,0,422255.0000,564609.0000
2023-07-01,2023,7,Antioquia,4,Prendas de vestir y textiles,0,121.4936,-17.4000,11.7901,29.3600,30392.8678,-14.1000,12.1281,29.7600,37784.3027,0,193748.0000,186816.0000
2023-07-01,2023,7,Antioquia,8,Electrodomesticos y muebles,1,121.7880,-17.4000,11.7901,29.3600,30392.8678,-14.1000,12.1281,29.7600,37784.3027,0,193748.0000,186816.0000
2023-07-01,2023,7,Antioquia,9,Articulos y utensilios domesticos,0,139.0982,-17.4000,11.7901,29.3600,30392.8678,-14.1000,12.1281,29.7600,37784.3027,0,193748.0000,186816.0000
2023-07-01,2023,7,Antioquia,10,Aseo del hogar,0,129.4519,-17.4000,11.7901,29.3600,30392.8678,-14.1000,12.1281,29.7600,37784.3027,0,193748.0000,186816.0000
2023-07-01,2023,7,Antioquia,11,Informatica y telecomunicaciones,0,156.2744,-17.4000,11.7901,29.3600,30392.8678,-14.1000,12.1281,29.7600,37784.3027,0,193748.0000,186816.0000
2023-07-01,2023,7,Antioquia,12,Sonido y video,0,125.2307,-17.4000,11.7901,29.3600,30392.8678,-14.1000,12.1281,29.7600,37784.3027,0,193748.0000,186816.0000
2023-07-01,2023,7,Antioquia,14,"Ferreteria, vidrios y pinturas",0,104.7097,-17.4000,11.7901,29.3600,30392.8678,-14.1000,12.1281,29.7600,37784.3027,0,193748.0000,186816.0000
2023-07-01,2023,7,Antioquia,15,Otras mercancias de uso domestico,0,106.9879,-17.4000,11.7901,29.3600,30392.8678,-14.1000,12.1281,29.7600,37784.3027,0,193748.0000,186816.0000
2023-07-01,2023,7,Atlantico,4,Prendas de vestir y textiles,0,110.5454,-17.4000,11.7901,29.3600,30392.8678,-14.1000,12.1281,29.7600,37784.3027,0,7107.0000,24625.0000
2023-07-01,2023,7,Atlantico,8,Electrodomesticos y muebles,1,118.0170,-17.4000,11.7901,29.3600,30392.8678,-14.1000,12.1281,29.7600,37784.3027,0,7107.0000,24625.0000
2023-07-01,2023,7,Atlantico,9,Articulos y utensilios domesticos,0,130.9607,-17.4000,11.7901,29.3600,30392.8678,-14.1000,12.1281,29.7600,37784.3027,0,7107.0000,24625.0000
2023-07-01,2023,7,Atlantico,10,Aseo del hogar,0,129.9904,-17.4000,11.7901,29.3600,30392.8678,-14.1000,12.1281,29.7600,37784.3027,0,7107.0000,24625.0000
2023-07-01,2023,7,Atlantico,11,Informatica y telecomunicaciones,0,151.6118,-17.4000,11.7901,29.3600,30392.8678,-14.1000,12.1281,29.7600,37784.3027,0,7107.0000,24625.0000
2023-07-01,2023,7,Atlantico,12,Sonido y video,0,120.9811,-17.4000,11.7901,29.3600,30392.8678,-14.1000,12.1281,29.7600,37784.3027,0,7107.0000,24625.0000
2023-07-01,2023,7,Atlantico,14,"Ferreteria, vidrios y pinturas",0,99.3982,-17.4000,11.7901,29.3600,30392.8678,-14.1000,12.1281,29.7600,37784.3027,0,7107.0000,24625.0000
2023-07-01,2023,7,Atlantico,15,Otras mercancias de uso domestico,0,100.4287,-17.4000,11.7901,29.3600,30392.8678,-14.1000,12.1281,29.7600,37784.3027,0,7107.0000,24625.0000
2023-07-01,2023,7,Bogota,4,Prendas de vestir y textiles,0,121.7048,-17.4000,11.7901,29.3600,30392.8678,-14.1000,12.1281,29.7600,37784.3027,0,91210.0000,215502.0000
2023-07-01,2023,7,Bogota,8,Electrodomesticos y muebles,1,124.6921,-17.4000,11.7901,29.3600,30392.8678,-14.1000,12.1281,29.7600,37784.3027,0,91210.0000,215502.0000
2023-07-01,2023,7,Bogota,9,Articulos y utensilios domesticos,0,137.1767,-17.4000,11.7901,29.3600,30392.8678,-14.1000,12.1281,29.7600,37784.3027,0,91210.0000,215502.0000
2023-07-01,2023,7,Bogota,10,Aseo del hogar,0,135.8302,-17.4000,11.7901,29.3600,30392.8678,-14.1000,12.1281,29.7600,37784.3027,0,91210.0000,215502.0000
2023-07-01,2023,7,Bogota,11,Informatica y telecomunicaciones,0,163.2693,-17.4000,11.7901,29.3600,30392.8678,-14.1000,12.1281,29.7600,37784.3027,0,91210.0000,215502.0000
2023-07-01,2023,7,Bogota,12,Sonido y video,0,128.4764,-17.4000,11.7901,29.3600,30392.8678,-14.1000,12.1281,29.7600,37784.3027,0,91210.0000,215502.0000
2023-07-01,2023,7,Bogota,14,"Ferreteria, vidrios y pinturas",0,108.5338,-17.4000,11.7901,29.3600,30392.8678,-14.1000,12.1281,29.7600,37784.3027,0,91210.0000,215502.0000
2023-07-01,2023,7,Bogota,15,Otras mercancias de uso domestico,0,108.4156,-17.4000,11.7901,29.3600,30392.8678,-14.1000,12.1281,29.7600,37784.3027,0,91210.0000,215502.0000
2023-07-01,2023,7,Cundinamarca,4,Prendas de vestir y textiles,0,131.7733,-17.4000,11.7901,29.3600,30392.8678,-14.1000,12.1281,29.7600,37784.3027,0,171821.0000,236449.0000
2023-07-01,2023,7,Cundinamarca,8,Electrodomesticos y muebles,1,143.0318,-17.4000,11.7901,29.3600,30392.8678,-14.1000,12.1281,29.7600,37784.3027,0,171821.0000,236449.0000
2023-07-01,2023,7,Cundinamarca,9,Articulos y utensilios domesticos,0,151.3668,-17.4000,11.7901,29.3600,30392.8678,-14.1000,12.1281,29.7600,37784.3027,0,171821.0000,236449.0000
2023-07-01,2023,7,Cundinamarca,10,Aseo del hogar,0,142.0269,-17.4000,11.7901,29.3600,30392.8678,-14.1000,12.1281,29.7600,37784.3027,0,171821.0000,236449.0000
2023-07-01,2023,7,Cundinamarca,11,Informatica y telecomunicaciones,0,170.0676,-17.4000,11.7901,29.3600,30392.8678,-14.1000,12.1281,29.7600,37784.3027,0,171821.0000,236449.0000
2023-07-01,2023,7,Cundinamarca,12,Sonido y video,0,140.4883,-17.4000,11.7901,29.3600,30392.8678,-14.1000,12.1281,29.7600,37784.3027,0,171821.0000,236449.0000
2023-07-01,2023,7,Cundinamarca,14,"Ferreteria, vidrios y pinturas",0,115.4204,-17.4000,11.7901,29.3600,30392.8678,-14.1000,12.1281,29.7600,37784.3027,0,171821.0000,236449.0000
2023-07-01,2023,7,Cundinamarca,15,Otras mercancias de uso domestico,0,112.5517,-17.4000,11.7901,29.3600,30392.8678,-14.1000,12.1281,29.7600,37784.3027,0,171821.0000,236449.0000
2023-07-01,2023,7,Santander,4,Prendas de vestir y textiles,0,112.0116,-17.4000,11.7901,29.3600,30392.8678,-14.1000,12.1281,29.7600,37784.3027,0,76642.0000,98939.0000
2023-07-01,2023,7,Santander,8,Electrodomesticos y muebles,1,114.4915,-17.4000,11.7901,29.3600,30392.8678,-14.1000,12.1281,29.7600,37784.3027,0,76642.0000,98939.0000
2023-07-01,2023,7,Santander,9,Articulos y utensilios domesticos,0,128.3638,-17.4000,11.7901,29.3600,30392.8678,-14.1000,12.1281,29.7600,37784.3027,0,76642.0000,98939.0000
2023-07-01,2023,7,Santander,10,Aseo del hogar,0,120.7548,-17.4000,11.7901,29.3600,30392.8678,-14.1000,12.1281,29.7600,37784.3027,0,76642.0000,98939.0000
2023-07-01,2023,7,Santander,11,Informatica y telecomunicaciones,0,150.9328,-17.4000,11.7901,29.3600,30392.8678,-14.1000,12.1281,29.7600,37784.3027,0,76642.0000,98939.0000
2023-07-01,2023,7,Santander,12,Sonido y video,0,115.7053,-17.4000,11.7901,29.3600,30392.8678,-14.1000,12.1281,29.7600,37784.3027,0,76642.0000,98939.0000
2023-07-01,2023,7,Santander,14,"Ferreteria, vidrios y pinturas",0,99.4710,-17.4000,11.7901,29.3600,30392.8678,-14.1000,12.1281,29.7600,37784.3027,0,76642.0000,98939.0000
2023-07-01,2023,7,Santander,15,Otras mercancias de uso domestico,0,98.9572,-17.4000,11.7901,29.3600,30392.8678,-14.1000,12.1281,29.7600,37784.3027,0,76642.0000,98939.0000
2023-07-01,2023,7,Valle del Cauca,4,Prendas de vestir y textiles,0,106.5229,-17.4000,11.7901,29.3600,30392.8678,-14.1000,12.1281,29.7600,37784.3027,0,60077.0000,56193.0000
2023-07-01,2023,7,Valle del Cauca,8,Electrodomesticos y muebles,1,109.7555,-17.4000,11.7901,29.3600,30392.8678,-14.1000,12.1281,29.7600,37784.3027,0,60077.0000,56193.0000
2023-07-01,2023,7,Valle del Cauca,9,Articulos y utensilios domesticos,0,122.9858,-17.4000,11.7901,29.3600,30392.8678,-14.1000,12.1281,29.7600,37784.3027,0,60077.0000,56193.0000
2023-07-01,2023,7,Valle del Cauca,10,Aseo del hogar,0,118.1836,-17.4000,11.7901,29.3600,30392.8678,-14.1000,12.1281,29.7600,37784.3027,0,60077.0000,56193.0000
2023-07-01,2023,7,Valle del Cauca,11,Informatica y telecomunicaciones,0,146.0894,-17.4000,11.7901,29.3600,30392.8678,-14.1000,12.1281,29.7600,37784.3027,0,60077.0000,56193.0000
2023-07-01,2023,7,Valle del Cauca,12,Sonido y video,0,108.6452,-17.4000,11.7901,29.3600,30392.8678,-14.1000,12.1281,29.7600,37784.3027,0,60077.0000,56193.0000
2023-07-01,2023,7,Valle del Cauca,14,"Ferreteria, vidrios y pinturas",0,96.8530,-17.4000,11.7901,29.3600,30392.8678,-14.1000,12.1281,29.7600,37784.3027,0,60077.0000,56193.0000
2023-07-01,2023,7,Valle del Cauca,15,Otras mercancias de uso domestico,0,94.1633,-17.4000,11.7901,29.3600,30392.8678,-14.1000,12.1281,29.7600,37784.3027,0,60077.0000,56193.0000
2023-07-01,2023,7,Otros departamentos,4,Prendas de vestir y textiles,0,116.3700,-17.4000,11.7901,29.3600,30392.8678,-14.1000,12.1281,29.7600,37784.3027,0,500672.0000,422255.0000
2023-07-01,2023,7,Otros departamentos,8,Electrodomesticos y muebles,1,127.8735,-17.4000,11.7901,29.3600,30392.8678,-14.1000,12.1281,29.7600,37784.3027,0,500672.0000,422255.0000
2023-07-01,2023,7,Otros departamentos,9,Articulos y utensilios domesticos,0,142.2995,-17.4000,11.7901,29.3600,30392.8678,-14.1000,12.1281,29.7600,37784.3027,0,500672.0000,422255.0000
2023-07-01,2023,7,Otros departamentos,10,Aseo del hogar,0,129.2651,-17.4000,11.7901,29.3600,30392.8678,-14.1000,12.1281,29.7600,37784.3027,0,500672.0000,422255.0000
2023-07-01,2023,7,Otros departamentos,11,Informatica y telecomunicaciones,0,158.2761,-17.4000,11.7901,29.3600,30392.8678,-14.1000,12.1281,29.7600,37784.3027,0,500672.0000,422255.0000
2023-07-01,2023,7,Otros departamentos,12,Sonido y video,0,123.0181,-17.4000,11.7901,29.3600,30392.8678,-14.1000,12.1281,29.7600,37784.3027,0,500672.0000,422255.0000
2023-07-01,2023,7,Otros departamentos,14,"Ferreteria, vidrios y pinturas",0,105.3435,-17.4000,11.7901,29.3600,30392.8678,-14.1000,12.1281,29.7600,37784.3027,0,500672.0000,422255.0000
2023-07-01,2023,7,Otros departamentos,15,Otras mercancias de uso domestico,0,107.3131,-17.4000,11.7901,29.3600,30392.8678,-14.1000,12.1281,29.7600,37784.3027,0,500672.0000,422255.0000
2023-08-01,2023,8,Antioquia,4,Prendas de vestir y textiles,0,100.8525,-18.8000,11.4321,28.7500,31961.2262,-17.4000,11.7901,29.3600,30392.8678,0,263316.0000,193748.0000
2023-08-01,2023,8,Antioquia,8,Electrodomesticos y muebles,1,117.0136,-18.8000,11.4321,28.7500,31961.2262,-17.4000,11.7901,29.3600,30392.8678,0,263316.0000,193748.0000
2023-08-01,2023,8,Antioquia,9,Articulos y utensilios domesticos,0,125.2226,-18.8000,11.4321,28.7500,31961.2262,-17.4000,11.7901,29.3600,30392.8678,0,263316.0000,193748.0000
2023-08-01,2023,8,Antioquia,10,Aseo del hogar,0,119.8978,-18.8000,11.4321,28.7500,31961.2262,-17.4000,11.7901,29.3600,30392.8678,0,263316.0000,193748.0000
2023-08-01,2023,8,Antioquia,11,Informatica y telecomunicaciones,0,161.1605,-18.8000,11.4321,28.7500,31961.2262,-17.4000,11.7901,29.3600,30392.8678,0,263316.0000,193748.0000
2023-08-01,2023,8,Antioquia,12,Sonido y video,0,119.5475,-18.8000,11.4321,28.7500,31961.2262,-17.4000,11.7901,29.3600,30392.8678,0,263316.0000,193748.0000
2023-08-01,2023,8,Antioquia,14,"Ferreteria, vidrios y pinturas",0,105.6087,-18.8000,11.4321,28.7500,31961.2262,-17.4000,11.7901,29.3600,30392.8678,0,263316.0000,193748.0000
2023-08-01,2023,8,Antioquia,15,Otras mercancias de uso domestico,0,101.6109,-18.8000,11.4321,28.7500,31961.2262,-17.4000,11.7901,29.3600,30392.8678,0,263316.0000,193748.0000
2023-08-01,2023,8,Atlantico,4,Prendas de vestir y textiles,0,93.2104,-18.8000,11.4321,28.7500,31961.2262,-17.4000,11.7901,29.3600,30392.8678,0,47540.0000,7107.0000
2023-08-01,2023,8,Atlantico,8,Electrodomesticos y muebles,1,114.9622,-18.8000,11.4321,28.7500,31961.2262,-17.4000,11.7901,29.3600,30392.8678,0,47540.0000,7107.0000
2023-08-01,2023,8,Atlantico,9,Articulos y utensilios domesticos,0,118.8658,-18.8000,11.4321,28.7500,31961.2262,-17.4000,11.7901,29.3600,30392.8678,0,47540.0000,7107.0000
2023-08-01,2023,8,Atlantico,10,Aseo del hogar,0,116.1382,-18.8000,11.4321,28.7500,31961.2262,-17.4000,11.7901,29.3600,30392.8678,0,47540.0000,7107.0000
2023-08-01,2023,8,Atlantico,11,Informatica y telecomunicaciones,0,156.7561,-18.8000,11.4321,28.7500,31961.2262,-17.4000,11.7901,29.3600,30392.8678,0,47540.0000,7107.0000
2023-08-01,2023,8,Atlantico,12,Sonido y video,0,110.6706,-18.8000,11.4321,28.7500,31961.2262,-17.4000,11.7901,29.3600,30392.8678,0,47540.0000,7107.0000
2023-08-01,2023,8,Atlantico,14,"Ferreteria, vidrios y pinturas",0,103.9849,-18.8000,11.4321,28.7500,31961.2262,-17.4000,11.7901,29.3600,30392.8678,0,47540.0000,7107.0000
2023-08-01,2023,8,Atlantico,15,Otras mercancias de uso domestico,0,94.3932,-18.8000,11.4321,28.7500,31961.2262,-17.4000,11.7901,29.3600,30392.8678,0,47540.0000,7107.0000
2023-08-01,2023,8,Bogota,4,Prendas de vestir y textiles,0,109.9086,-18.8000,11.4321,28.7500,31961.2262,-17.4000,11.7901,29.3600,30392.8678,0,287310.0000,91210.0000
2023-08-01,2023,8,Bogota,8,Electrodomesticos y muebles,1,126.4563,-18.8000,11.4321,28.7500,31961.2262,-17.4000,11.7901,29.3600,30392.8678,0,287310.0000,91210.0000
2023-08-01,2023,8,Bogota,9,Articulos y utensilios domesticos,0,135.1678,-18.8000,11.4321,28.7500,31961.2262,-17.4000,11.7901,29.3600,30392.8678,0,287310.0000,91210.0000
2023-08-01,2023,8,Bogota,10,Aseo del hogar,0,132.8933,-18.8000,11.4321,28.7500,31961.2262,-17.4000,11.7901,29.3600,30392.8678,0,287310.0000,91210.0000
2023-08-01,2023,8,Bogota,11,Informatica y telecomunicaciones,0,173.5004,-18.8000,11.4321,28.7500,31961.2262,-17.4000,11.7901,29.3600,30392.8678,0,287310.0000,91210.0000
2023-08-01,2023,8,Bogota,12,Sonido y video,0,125.8526,-18.8000,11.4321,28.7500,31961.2262,-17.4000,11.7901,29.3600,30392.8678,0,287310.0000,91210.0000
2023-08-01,2023,8,Bogota,14,"Ferreteria, vidrios y pinturas",0,117.7518,-18.8000,11.4321,28.7500,31961.2262,-17.4000,11.7901,29.3600,30392.8678,0,287310.0000,91210.0000
2023-08-01,2023,8,Bogota,15,Otras mercancias de uso domestico,0,111.7945,-18.8000,11.4321,28.7500,31961.2262,-17.4000,11.7901,29.3600,30392.8678,0,287310.0000,91210.0000
2023-08-01,2023,8,Cundinamarca,4,Prendas de vestir y textiles,0,109.6335,-18.8000,11.4321,28.7500,31961.2262,-17.4000,11.7901,29.3600,30392.8678,0,312809.0000,171821.0000
2023-08-01,2023,8,Cundinamarca,8,Electrodomesticos y muebles,1,135.0488,-18.8000,11.4321,28.7500,31961.2262,-17.4000,11.7901,29.3600,30392.8678,0,312809.0000,171821.0000
2023-08-01,2023,8,Cundinamarca,9,Articulos y utensilios domesticos,0,136.6865,-18.8000,11.4321,28.7500,31961.2262,-17.4000,11.7901,29.3600,30392.8678,0,312809.0000,171821.0000
2023-08-01,2023,8,Cundinamarca,10,Aseo del hogar,0,131.7823,-18.8000,11.4321,28.7500,31961.2262,-17.4000,11.7901,29.3600,30392.8678,0,312809.0000,171821.0000
2023-08-01,2023,8,Cundinamarca,11,Informatica y telecomunicaciones,0,172.1570,-18.8000,11.4321,28.7500,31961.2262,-17.4000,11.7901,29.3600,30392.8678,0,312809.0000,171821.0000
2023-08-01,2023,8,Cundinamarca,12,Sonido y video,0,128.5447,-18.8000,11.4321,28.7500,31961.2262,-17.4000,11.7901,29.3600,30392.8678,0,312809.0000,171821.0000
2023-08-01,2023,8,Cundinamarca,14,"Ferreteria, vidrios y pinturas",0,117.7948,-18.8000,11.4321,28.7500,31961.2262,-17.4000,11.7901,29.3600,30392.8678,0,312809.0000,171821.0000
2023-08-01,2023,8,Cundinamarca,15,Otras mercancias de uso domestico,0,111.4886,-18.8000,11.4321,28.7500,31961.2262,-17.4000,11.7901,29.3600,30392.8678,0,312809.0000,171821.0000
2023-08-01,2023,8,Santander,4,Prendas de vestir y textiles,0,97.1878,-18.8000,11.4321,28.7500,31961.2262,-17.4000,11.7901,29.3600,30392.8678,0,42634.0000,76642.0000
2023-08-01,2023,8,Santander,8,Electrodomesticos y muebles,1,113.7335,-18.8000,11.4321,28.7500,31961.2262,-17.4000,11.7901,29.3600,30392.8678,0,42634.0000,76642.0000
2023-08-01,2023,8,Santander,9,Articulos y utensilios domesticos,0,116.8924,-18.8000,11.4321,28.7500,31961.2262,-17.4000,11.7901,29.3600,30392.8678,0,42634.0000,76642.0000
2023-08-01,2023,8,Santander,10,Aseo del hogar,0,114.8554,-18.8000,11.4321,28.7500,31961.2262,-17.4000,11.7901,29.3600,30392.8678,0,42634.0000,76642.0000
2023-08-01,2023,8,Santander,11,Informatica y telecomunicaciones,0,153.9798,-18.8000,11.4321,28.7500,31961.2262,-17.4000,11.7901,29.3600,30392.8678,0,42634.0000,76642.0000
2023-08-01,2023,8,Santander,12,Sonido y video,0,109.9900,-18.8000,11.4321,28.7500,31961.2262,-17.4000,11.7901,29.3600,30392.8678,0,42634.0000,76642.0000
2023-08-01,2023,8,Santander,14,"Ferreteria, vidrios y pinturas",0,100.7629,-18.8000,11.4321,28.7500,31961.2262,-17.4000,11.7901,29.3600,30392.8678,0,42634.0000,76642.0000
2023-08-01,2023,8,Santander,15,Otras mercancias de uso domestico,0,94.3737,-18.8000,11.4321,28.7500,31961.2262,-17.4000,11.7901,29.3600,30392.8678,0,42634.0000,76642.0000
2023-08-01,2023,8,Valle del Cauca,4,Prendas de vestir y textiles,0,93.4985,-18.8000,11.4321,28.7500,31961.2262,-17.4000,11.7901,29.3600,30392.8678,0,177091.0000,60077.0000
2023-08-01,2023,8,Valle del Cauca,8,Electrodomesticos y muebles,1,111.1600,-18.8000,11.4321,28.7500,31961.2262,-17.4000,11.7901,29.3600,30392.8678,0,177091.0000,60077.0000
2023-08-01,2023,8,Valle del Cauca,9,Articulos y utensilios domesticos,0,116.0411,-18.8000,11.4321,28.7500,31961.2262,-17.4000,11.7901,29.3600,30392.8678,0,177091.0000,60077.0000
2023-08-01,2023,8,Valle del Cauca,10,Aseo del hogar,0,114.3749,-18.8000,11.4321,28.7500,31961.2262,-17.4000,11.7901,29.3600,30392.8678,0,177091.0000,60077.0000
2023-08-01,2023,8,Valle del Cauca,11,Informatica y telecomunicaciones,0,155.0529,-18.8000,11.4321,28.7500,31961.2262,-17.4000,11.7901,29.3600,30392.8678,0,177091.0000,60077.0000
2023-08-01,2023,8,Valle del Cauca,12,Sonido y video,0,108.4117,-18.8000,11.4321,28.7500,31961.2262,-17.4000,11.7901,29.3600,30392.8678,0,177091.0000,60077.0000
2023-08-01,2023,8,Valle del Cauca,14,"Ferreteria, vidrios y pinturas",0,101.6195,-18.8000,11.4321,28.7500,31961.2262,-17.4000,11.7901,29.3600,30392.8678,0,177091.0000,60077.0000
2023-08-01,2023,8,Valle del Cauca,15,Otras mercancias de uso domestico,0,95.2037,-18.8000,11.4321,28.7500,31961.2262,-17.4000,11.7901,29.3600,30392.8678,0,177091.0000,60077.0000
2023-08-01,2023,8,Otros departamentos,4,Prendas de vestir y textiles,0,97.6757,-18.8000,11.4321,28.7500,31961.2262,-17.4000,11.7901,29.3600,30392.8678,0,493552.0000,500672.0000
2023-08-01,2023,8,Otros departamentos,8,Electrodomesticos y muebles,1,123.1255,-18.8000,11.4321,28.7500,31961.2262,-17.4000,11.7901,29.3600,30392.8678,0,493552.0000,500672.0000
2023-08-01,2023,8,Otros departamentos,9,Articulos y utensilios domesticos,0,127.5833,-18.8000,11.4321,28.7500,31961.2262,-17.4000,11.7901,29.3600,30392.8678,0,493552.0000,500672.0000
2023-08-01,2023,8,Otros departamentos,10,Aseo del hogar,0,119.2734,-18.8000,11.4321,28.7500,31961.2262,-17.4000,11.7901,29.3600,30392.8678,0,493552.0000,500672.0000
2023-08-01,2023,8,Otros departamentos,11,Informatica y telecomunicaciones,0,163.4327,-18.8000,11.4321,28.7500,31961.2262,-17.4000,11.7901,29.3600,30392.8678,0,493552.0000,500672.0000
2023-08-01,2023,8,Otros departamentos,12,Sonido y video,0,115.4934,-18.8000,11.4321,28.7500,31961.2262,-17.4000,11.7901,29.3600,30392.8678,0,493552.0000,500672.0000
2023-08-01,2023,8,Otros departamentos,14,"Ferreteria, vidrios y pinturas",0,106.8607,-18.8000,11.4321,28.7500,31961.2262,-17.4000,11.7901,29.3600,30392.8678,0,493552.0000,500672.0000
2023-08-01,2023,8,Otros departamentos,15,Otras mercancias de uso domestico,0,101.2366,-18.8000,11.4321,28.7500,31961.2262,-17.4000,11.7901,29.3600,30392.8678,0,493552.0000,500672.0000
2023-09-01,2023,9,Antioquia,4,Prendas de vestir y textiles,0,107.1862,-17.9000,10.9924,28.0300,30656.4849,-18.8000,11.4321,28.7500,31961.2262,0,249627.0000,263316.0000
2023-09-01,2023,9,Antioquia,8,Electrodomesticos y muebles,1,108.6140,-17.9000,10.9924,28.0300,30656.4849,-18.8000,11.4321,28.7500,31961.2262,0,249627.0000,263316.0000
2023-09-01,2023,9,Antioquia,9,Articulos y utensilios domesticos,0,124.7800,-17.9000,10.9924,28.0300,30656.4849,-18.8000,11.4321,28.7500,31961.2262,0,249627.0000,263316.0000
2023-09-01,2023,9,Antioquia,10,Aseo del hogar,0,121.3708,-17.9000,10.9924,28.0300,30656.4849,-18.8000,11.4321,28.7500,31961.2262,0,249627.0000,263316.0000
2023-09-01,2023,9,Antioquia,11,Informatica y telecomunicaciones,0,141.0332,-17.9000,10.9924,28.0300,30656.4849,-18.8000,11.4321,28.7500,31961.2262,0,249627.0000,263316.0000
2023-09-01,2023,9,Antioquia,12,Sonido y video,0,116.7621,-17.9000,10.9924,28.0300,30656.4849,-18.8000,11.4321,28.7500,31961.2262,0,249627.0000,263316.0000
2023-09-01,2023,9,Antioquia,14,"Ferreteria, vidrios y pinturas",0,102.6546,-17.9000,10.9924,28.0300,30656.4849,-18.8000,11.4321,28.7500,31961.2262,0,249627.0000,263316.0000
2023-09-01,2023,9,Antioquia,15,Otras mercancias de uso domestico,0,105.8785,-17.9000,10.9924,28.0300,30656.4849,-18.8000,11.4321,28.7500,31961.2262,0,249627.0000,263316.0000
2023-09-01,2023,9,Atlantico,4,Prendas de vestir y textiles,0,96.6062,-17.9000,10.9924,28.0300,30656.4849,-18.8000,11.4321,28.7500,31961.2262,0,15611.0000,47540.0000
2023-09-01,2023,9,Atlantico,8,Electrodomesticos y muebles,1,103.1379,-17.9000,10.9924,28.0300,30656.4849,-18.8000,11.4321,28.7500,31961.2262,0,15611.0000,47540.0000
2023-09-01,2023,9,Atlantico,9,Articulos y utensilios domesticos,0,117.9235,-17.9000,10.9924,28.0300,30656.4849,-18.8000,11.4321,28.7500,31961.2262,0,15611.0000,47540.0000
2023-09-01,2023,9,Atlantico,10,Aseo del hogar,0,111.7573,-17.9000,10.9924,28.0300,30656.4849,-18.8000,11.4321,28.7500,31961.2262,0,15611.0000,47540.0000
2023-09-01,2023,9,Atlantico,11,Informatica y telecomunicaciones,0,138.9060,-17.9000,10.9924,28.0300,30656.4849,-18.8000,11.4321,28.7500,31961.2262,0,15611.0000,47540.0000
2023-09-01,2023,9,Atlantico,12,Sonido y video,0,103.4548,-17.9000,10.9924,28.0300,30656.4849,-18.8000,11.4321,28.7500,31961.2262,0,15611.0000,47540.0000
2023-09-01,2023,9,Atlantico,14,"Ferreteria, vidrios y pinturas",0,99.4856,-17.9000,10.9924,28.0300,30656.4849,-18.8000,11.4321,28.7500,31961.2262,0,15611.0000,47540.0000
2023-09-01,2023,9,Atlantico,15,Otras mercancias de uso domestico,0,96.4889,-17.9000,10.9924,28.0300,30656.4849,-18.8000,11.4321,28.7500,31961.2262,0,15611.0000,47540.0000
2023-09-01,2023,9,Bogota,4,Prendas de vestir y textiles,0,121.7821,-17.9000,10.9924,28.0300,30656.4849,-18.8000,11.4321,28.7500,31961.2262,0,304937.0000,287310.0000
2023-09-01,2023,9,Bogota,8,Electrodomesticos y muebles,1,122.0947,-17.9000,10.9924,28.0300,30656.4849,-18.8000,11.4321,28.7500,31961.2262,0,304937.0000,287310.0000
2023-09-01,2023,9,Bogota,9,Articulos y utensilios domesticos,0,140.2888,-17.9000,10.9924,28.0300,30656.4849,-18.8000,11.4321,28.7500,31961.2262,0,304937.0000,287310.0000
2023-09-01,2023,9,Bogota,10,Aseo del hogar,0,135.1308,-17.9000,10.9924,28.0300,30656.4849,-18.8000,11.4321,28.7500,31961.2262,0,304937.0000,287310.0000
2023-09-01,2023,9,Bogota,11,Informatica y telecomunicaciones,0,168.7919,-17.9000,10.9924,28.0300,30656.4849,-18.8000,11.4321,28.7500,31961.2262,0,304937.0000,287310.0000
2023-09-01,2023,9,Bogota,12,Sonido y video,0,124.9459,-17.9000,10.9924,28.0300,30656.4849,-18.8000,11.4321,28.7500,31961.2262,0,304937.0000,287310.0000
2023-09-01,2023,9,Bogota,14,"Ferreteria, vidrios y pinturas",0,117.5224,-17.9000,10.9924,28.0300,30656.4849,-18.8000,11.4321,28.7500,31961.2262,0,304937.0000,287310.0000
2023-09-01,2023,9,Bogota,15,Otras mercancias de uso domestico,0,120.7802,-17.9000,10.9924,28.0300,30656.4849,-18.8000,11.4321,28.7500,31961.2262,0,304937.0000,287310.0000
2023-09-01,2023,9,Cundinamarca,4,Prendas de vestir y textiles,0,121.8464,-17.9000,10.9924,28.0300,30656.4849,-18.8000,11.4321,28.7500,31961.2262,0,208773.0000,312809.0000
2023-09-01,2023,9,Cundinamarca,8,Electrodomesticos y muebles,1,129.6301,-17.9000,10.9924,28.0300,30656.4849,-18.8000,11.4321,28.7500,31961.2262,0,208773.0000,312809.0000
2023-09-01,2023,9,Cundinamarca,9,Articulos y utensilios domesticos,0,145.2663,-17.9000,10.9924,28.0300,30656.4849,-18.8000,11.4321,28.7500,31961.2262,0,208773.0000,312809.0000
2023-09-01,2023,9,Cundinamarca,10,Aseo del hogar,0,138.9353,-17.9000,10.9924,28.0300,30656.4849,-18.8000,11.4321,28.7500,31961.2262,0,208773.0000,312809.0000
2023-09-01,2023,9,Cundinamarca,11,Informatica y telecomunicaciones,0,160.8529,-17.9000,10.9924,28.0300,30656.4849,-18.8000,11.4321,28.7500,31961.2262,0,208773.0000,312809.0000
2023-09-01,2023,9,Cundinamarca,12,Sonido y video,0,128.9978,-17.9000,10.9924,28.0300,30656.4849,-18.8000,11.4321,28.7500,31961.2262,0,208773.0000,312809.0000
2023-09-01,2023,9,Cundinamarca,14,"Ferreteria, vidrios y pinturas",0,119.7847,-17.9000,10.9924,28.0300,30656.4849,-18.8000,11.4321,28.7500,31961.2262,0,208773.0000,312809.0000
2023-09-01,2023,9,Cundinamarca,15,Otras mercancias de uso domestico,0,121.8924,-17.9000,10.9924,28.0300,30656.4849,-18.8000,11.4321,28.7500,31961.2262,0,208773.0000,312809.0000
2023-09-01,2023,9,Santander,4,Prendas de vestir y textiles,0,99.4449,-17.9000,10.9924,28.0300,30656.4849,-18.8000,11.4321,28.7500,31961.2262,0,65064.0000,42634.0000
2023-09-01,2023,9,Santander,8,Electrodomesticos y muebles,1,101.1755,-17.9000,10.9924,28.0300,30656.4849,-18.8000,11.4321,28.7500,31961.2262,0,65064.0000,42634.0000
2023-09-01,2023,9,Santander,9,Articulos y utensilios domesticos,0,118.6120,-17.9000,10.9924,28.0300,30656.4849,-18.8000,11.4321,28.7500,31961.2262,0,65064.0000,42634.0000
2023-09-01,2023,9,Santander,10,Aseo del hogar,0,113.8309,-17.9000,10.9924,28.0300,30656.4849,-18.8000,11.4321,28.7500,31961.2262,0,65064.0000,42634.0000
2023-09-01,2023,9,Santander,11,Informatica y telecomunicaciones,0,137.3433,-17.9000,10.9924,28.0300,30656.4849,-18.8000,11.4321,28.7500,31961.2262,0,65064.0000,42634.0000
2023-09-01,2023,9,Santander,12,Sonido y video,0,104.0056,-17.9000,10.9924,28.0300,30656.4849,-18.8000,11.4321,28.7500,31961.2262,0,65064.0000,42634.0000
2023-09-01,2023,9,Santander,14,"Ferreteria, vidrios y pinturas",0,99.6274,-17.9000,10.9924,28.0300,30656.4849,-18.8000,11.4321,28.7500,31961.2262,0,65064.0000,42634.0000
2023-09-01,2023,9,Santander,15,Otras mercancias de uso domestico,0,96.3393,-17.9000,10.9924,28.0300,30656.4849,-18.8000,11.4321,28.7500,31961.2262,0,65064.0000,42634.0000
2023-09-01,2023,9,Valle del Cauca,4,Prendas de vestir y textiles,0,95.3123,-17.9000,10.9924,28.0300,30656.4849,-18.8000,11.4321,28.7500,31961.2262,0,222072.0000,177091.0000
2023-09-01,2023,9,Valle del Cauca,8,Electrodomesticos y muebles,1,97.2470,-17.9000,10.9924,28.0300,30656.4849,-18.8000,11.4321,28.7500,31961.2262,0,222072.0000,177091.0000
2023-09-01,2023,9,Valle del Cauca,9,Articulos y utensilios domesticos,0,111.8054,-17.9000,10.9924,28.0300,30656.4849,-18.8000,11.4321,28.7500,31961.2262,0,222072.0000,177091.0000
2023-09-01,2023,9,Valle del Cauca,10,Aseo del hogar,0,107.7208,-17.9000,10.9924,28.0300,30656.4849,-18.8000,11.4321,28.7500,31961.2262,0,222072.0000,177091.0000
2023-09-01,2023,9,Valle del Cauca,11,Informatica y telecomunicaciones,0,127.4231,-17.9000,10.9924,28.0300,30656.4849,-18.8000,11.4321,28.7500,31961.2262,0,222072.0000,177091.0000
2023-09-01,2023,9,Valle del Cauca,12,Sonido y video,0,95.9145,-17.9000,10.9924,28.0300,30656.4849,-18.8000,11.4321,28.7500,31961.2262,0,222072.0000,177091.0000
2023-09-01,2023,9,Valle del Cauca,14,"Ferreteria, vidrios y pinturas",0,93.2213,-17.9000,10.9924,28.0300,30656.4849,-18.8000,11.4321,28.7500,31961.2262,0,222072.0000,177091.0000
2023-09-01,2023,9,Valle del Cauca,15,Otras mercancias de uso domestico,0,95.8354,-17.9000,10.9924,28.0300,30656.4849,-18.8000,11.4321,28.7500,31961.2262,0,222072.0000,177091.0000
2023-09-01,2023,9,Otros departamentos,4,Prendas de vestir y textiles,0,102.4943,-17.9000,10.9924,28.0300,30656.4849,-18.8000,11.4321,28.7500,31961.2262,0,612820.0000,493552.0000
2023-09-01,2023,9,Otros departamentos,8,Electrodomesticos y muebles,1,105.9604,-17.9000,10.9924,28.0300,30656.4849,-18.8000,11.4321,28.7500,31961.2262,0,612820.0000,493552.0000
2023-09-01,2023,9,Otros departamentos,9,Articulos y utensilios domesticos,0,121.1605,-17.9000,10.9924,28.0300,30656.4849,-18.8000,11.4321,28.7500,31961.2262,0,612820.0000,493552.0000
2023-09-01,2023,9,Otros departamentos,10,Aseo del hogar,0,114.0053,-17.9000,10.9924,28.0300,30656.4849,-18.8000,11.4321,28.7500,31961.2262,0,612820.0000,493552.0000
2023-09-01,2023,9,Otros departamentos,11,Informatica y telecomunicaciones,0,139.5414,-17.9000,10.9924,28.0300,30656.4849,-18.8000,11.4321,28.7500,31961.2262,0,612820.0000,493552.0000
2023-09-01,2023,9,Otros departamentos,12,Sonido y video,0,104.8773,-17.9000,10.9924,28.0300,30656.4849,-18.8000,11.4321,28.7500,31961.2262,0,612820.0000,493552.0000
2023-09-01,2023,9,Otros departamentos,14,"Ferreteria, vidrios y pinturas",0,99.7816,-17.9000,10.9924,28.0300,30656.4849,-18.8000,11.4321,28.7500,31961.2262,0,612820.0000,493552.0000
2023-09-01,2023,9,Otros departamentos,15,Otras mercancias de uso domestico,0,102.1559,-17.9000,10.9924,28.0300,30656.4849,-18.8000,11.4321,28.7500,31961.2262,0,612820.0000,493552.0000
2023-10-01,2023,10,Antioquia,4,Prendas de vestir y textiles,0,101.2106,-14.0000,10.4769,26.5300,33499.4737,-17.9000,10.9924,28.0300,30656.4849,0,327501.0000,249627.0000
2023-10-01,2023,10,Antioquia,8,Electrodomesticos y muebles,1,102.9866,-14.0000,10.4769,26.5300,33499.4737,-17.9000,10.9924,28.0300,30656.4849,0,327501.0000,249627.0000
2023-10-01,2023,10,Antioquia,9,Articulos y utensilios domesticos,0,128.3757,-14.0000,10.4769,26.5300,33499.4737,-17.9000,10.9924,28.0300,30656.4849,0,327501.0000,249627.0000
2023-10-01,2023,10,Antioquia,10,Aseo del hogar,0,117.3482,-14.0000,10.4769,26.5300,33499.4737,-17.9000,10.9924,28.0300,30656.4849,0,327501.0000,249627.0000
2023-10-01,2023,10,Antioquia,11,Informatica y telecomunicaciones,0,131.3573,-14.0000,10.4769,26.5300,33499.4737,-17.9000,10.9924,28.0300,30656.4849,0,327501.0000,249627.0000
2023-10-01,2023,10,Antioquia,12,Sonido y video,0,109.8902,-14.0000,10.4769,26.5300,33499.4737,-17.9000,10.9924,28.0300,30656.4849,0,327501.0000,249627.0000
2023-10-01,2023,10,Antioquia,14,"Ferreteria, vidrios y pinturas",0,101.1238,-14.0000,10.4769,26.5300,33499.4737,-17.9000,10.9924,28.0300,30656.4849,0,327501.0000,249627.0000
2023-10-01,2023,10,Antioquia,15,Otras mercancias de uso domestico,0,107.9281,-14.0000,10.4769,26.5300,33499.4737,-17.9000,10.9924,28.0300,30656.4849,0,327501.0000,249627.0000
2023-10-01,2023,10,Atlantico,4,Prendas de vestir y textiles,0,95.6788,-14.0000,10.4769,26.5300,33499.4737,-17.9000,10.9924,28.0300,30656.4849,0,101663.0000,15611.0000
2023-10-01,2023,10,Atlantico,8,Electrodomesticos y muebles,1,105.4009,-14.0000,10.4769,26.5300,33499.4737,-17.9000,10.9924,28.0300,30656.4849,0,101663.0000,15611.0000
2023-10-01,2023,10,Atlantico,9,Articulos y utensilios domesticos,0,125.8024,-14.0000,10.4769,26.5300,33499.4737,-17.9000,10.9924,28.0300,30656.4849,0,101663.0000,15611.0000
2023-10-01,2023,10,Atlantico,10,Aseo del hogar,0,113.6445,-14.0000,10.4769,26.5300,33499.4737,-17.9000,10.9924,28.0300,30656.4849,0,101663.0000,15611.0000
2023-10-01,2023,10,Atlantico,11,Informatica y telecomunicaciones,0,136.0743,-14.0000,10.4769,26.5300,33499.4737,-17.9000,10.9924,28.0300,30656.4849,0,101663.0000,15611.0000
2023-10-01,2023,10,Atlantico,12,Sonido y video,0,103.6899,-14.0000,10.4769,26.5300,33499.4737,-17.9000,10.9924,28.0300,30656.4849,0,101663.0000,15611.0000
2023-10-01,2023,10,Atlantico,14,"Ferreteria, vidrios y pinturas",0,100.0348,-14.0000,10.4769,26.5300,33499.4737,-17.9000,10.9924,28.0300,30656.4849,0,101663.0000,15611.0000
2023-10-01,2023,10,Atlantico,15,Otras mercancias de uso domestico,0,105.0330,-14.0000,10.4769,26.5300,33499.4737,-17.9000,10.9924,28.0300,30656.4849,0,101663.0000,15611.0000
2023-10-01,2023,10,Bogota,4,Prendas de vestir y textiles,0,126.1880,-14.0000,10.4769,26.5300,33499.4737,-17.9000,10.9924,28.0300,30656.4849,0,354896.0000,304937.0000
2023-10-01,2023,10,Bogota,8,Electrodomesticos y muebles,1,126.9673,-14.0000,10.4769,26.5300,33499.4737,-17.9000,10.9924,28.0300,30656.4849,0,354896.0000,304937.0000
2023-10-01,2023,10,Bogota,9,Articulos y utensilios domesticos,0,157.0840,-14.0000,10.4769,26.5300,33499.4737,-17.9000,10.9924,28.0300,30656.4849,0,354896.0000,304937.0000
2023-10-01,2023,10,Bogota,10,Aseo del hogar,0,139.8649,-14.0000,10.4769,26.5300,33499.4737,-17.9000,10.9924,28.0300,30656.4849,0,354896.0000,304937.0000
2023-10-01,2023,10,Bogota,11,Informatica y telecomunicaciones,0,171.8866,-14.0000,10.4769,26.5300,33499.4737,-17.9000,10.9924,28.0300,30656.4849,0,354896.0000,304937.0000
2023-10-01,2023,10,Bogota,12,Sonido y video,0,128.5148,-14.0000,10.4769,26.5300,33499.4737,-17.9000,10.9924,28.0300,30656.4849,0,354896.0000,304937.0000
2023-10-01,2023,10,Bogota,14,"Ferreteria, vidrios y pinturas",0,124.7601,-14.0000,10.4769,26.5300,33499.4737,-17.9000,10.9924,28.0300,30656.4849,0,354896.0000,304937.0000
2023-10-01,2023,10,Bogota,15,Otras mercancias de uso domestico,0,134.7800,-14.0000,10.4769,26.5300,33499.4737,-17.9000,10.9924,28.0300,30656.4849,0,354896.0000,304937.0000
2023-10-01,2023,10,Cundinamarca,4,Prendas de vestir y textiles,0,117.7269,-14.0000,10.4769,26.5300,33499.4737,-17.9000,10.9924,28.0300,30656.4849,0,125923.0000,208773.0000
2023-10-01,2023,10,Cundinamarca,8,Electrodomesticos y muebles,1,131.0593,-14.0000,10.4769,26.5300,33499.4737,-17.9000,10.9924,28.0300,30656.4849,0,125923.0000,208773.0000
2023-10-01,2023,10,Cundinamarca,9,Articulos y utensilios domesticos,0,160.8494,-14.0000,10.4769,26.5300,33499.4737,-17.9000,10.9924,28.0300,30656.4849,0,125923.0000,208773.0000
2023-10-01,2023,10,Cundinamarca,10,Aseo del hogar,0,140.0545,-14.0000,10.4769,26.5300,33499.4737,-17.9000,10.9924,28.0300,30656.4849,0,125923.0000,208773.0000
2023-10-01,2023,10,Cundinamarca,11,Informatica y telecomunicaciones,0,163.5595,-14.0000,10.4769,26.5300,33499.4737,-17.9000,10.9924,28.0300,30656.4849,0,125923.0000,208773.0000
2023-10-01,2023,10,Cundinamarca,12,Sonido y video,0,129.1073,-14.0000,10.4769,26.5300,33499.4737,-17.9000,10.9924,28.0300,30656.4849,0,125923.0000,208773.0000
2023-10-01,2023,10,Cundinamarca,14,"Ferreteria, vidrios y pinturas",0,117.0568,-14.0000,10.4769,26.5300,33499.4737,-17.9000,10.9924,28.0300,30656.4849,0,125923.0000,208773.0000
2023-10-01,2023,10,Cundinamarca,15,Otras mercancias de uso domestico,0,126.4515,-14.0000,10.4769,26.5300,33499.4737,-17.9000,10.9924,28.0300,30656.4849,0,125923.0000,208773.0000
2023-10-01,2023,10,Santander,4,Prendas de vestir y textiles,0,97.2832,-14.0000,10.4769,26.5300,33499.4737,-17.9000,10.9924,28.0300,30656.4849,0,101329.0000,65064.0000
2023-10-01,2023,10,Santander,8,Electrodomesticos y muebles,1,99.8981,-14.0000,10.4769,26.5300,33499.4737,-17.9000,10.9924,28.0300,30656.4849,0,101329.0000,65064.0000
2023-10-01,2023,10,Santander,9,Articulos y utensilios domesticos,0,123.2807,-14.0000,10.4769,26.5300,33499.4737,-17.9000,10.9924,28.0300,30656.4849,0,101329.0000,65064.0000
2023-10-01,2023,10,Santander,10,Aseo del hogar,0,111.2102,-14.0000,10.4769,26.5300,33499.4737,-17.9000,10.9924,28.0300,30656.4849,0,101329.0000,65064.0000
2023-10-01,2023,10,Santander,11,Informatica y telecomunicaciones,0,133.6723,-14.0000,10.4769,26.5300,33499.4737,-17.9000,10.9924,28.0300,30656.4849,0,101329.0000,65064.0000
2023-10-01,2023,10,Santander,12,Sonido y video,0,100.7684,-14.0000,10.4769,26.5300,33499.4737,-17.9000,10.9924,28.0300,30656.4849,0,101329.0000,65064.0000
2023-10-01,2023,10,Santander,14,"Ferreteria, vidrios y pinturas",0,97.2716,-14.0000,10.4769,26.5300,33499.4737,-17.9000,10.9924,28.0300,30656.4849,0,101329.0000,65064.0000
2023-10-01,2023,10,Santander,15,Otras mercancias de uso domestico,0,105.4636,-14.0000,10.4769,26.5300,33499.4737,-17.9000,10.9924,28.0300,30656.4849,0,101329.0000,65064.0000
2023-10-01,2023,10,Valle del Cauca,4,Prendas de vestir y textiles,0,94.4654,-14.0000,10.4769,26.5300,33499.4737,-17.9000,10.9924,28.0300,30656.4849,0,63579.0000,222072.0000
2023-10-01,2023,10,Valle del Cauca,8,Electrodomesticos y muebles,1,101.6096,-14.0000,10.4769,26.5300,33499.4737,-17.9000,10.9924,28.0300,30656.4849,0,63579.0000,222072.0000
2023-10-01,2023,10,Valle del Cauca,9,Articulos y utensilios domesticos,0,121.9052,-14.0000,10.4769,26.5300,33499.4737,-17.9000,10.9924,28.0300,30656.4849,0,63579.0000,222072.0000
2023-10-01,2023,10,Valle del Cauca,10,Aseo del hogar,0,110.5444,-14.0000,10.4769,26.5300,33499.4737,-17.9000,10.9924,28.0300,30656.4849,0,63579.0000,222072.0000
2023-10-01,2023,10,Valle del Cauca,11,Informatica y telecomunicaciones,0,131.0367,-14.0000,10.4769,26.5300,33499.4737,-17.9000,10.9924,28.0300,30656.4849,0,63579.0000,222072.0000
2023-10-01,2023,10,Valle del Cauca,12,Sonido y video,0,101.1594,-14.0000,10.4769,26.5300,33499.4737,-17.9000,10.9924,28.0300,30656.4849,0,63579.0000,222072.0000
2023-10-01,2023,10,Valle del Cauca,14,"Ferreteria, vidrios y pinturas",0,97.1951,-14.0000,10.4769,26.5300,33499.4737,-17.9000,10.9924,28.0300,30656.4849,0,63579.0000,222072.0000
2023-10-01,2023,10,Valle del Cauca,15,Otras mercancias de uso domestico,0,102.5137,-14.0000,10.4769,26.5300,33499.4737,-17.9000,10.9924,28.0300,30656.4849,0,63579.0000,222072.0000
2023-10-01,2023,10,Otros departamentos,4,Prendas de vestir y textiles,0,103.1190,-14.0000,10.4769,26.5300,33499.4737,-17.9000,10.9924,28.0300,30656.4849,0,520504.0000,612820.0000
2023-10-01,2023,10,Otros departamentos,8,Electrodomesticos y muebles,1,105.0149,-14.0000,10.4769,26.5300,33499.4737,-17.9000,10.9924,28.0300,30656.4849,0,520504.0000,612820.0000
2023-10-01,2023,10,Otros departamentos,9,Articulos y utensilios domesticos,0,130.6344,-14.0000,10.4769,26.5300,33499.4737,-17.9000,10.9924,28.0300,30656.4849,0,520504.0000,612820.0000
2023-10-01,2023,10,Otros departamentos,10,Aseo del hogar,0,114.8785,-14.0000,10.4769,26.5300,33499.4737,-17.9000,10.9924,28.0300,30656.4849,0,520504.0000,612820.0000
2023-10-01,2023,10,Otros departamentos,11,Informatica y telecomunicaciones,0,138.2728,-14.0000,10.4769,26.5300,33499.4737,-17.9000,10.9924,28.0300,30656.4849,0,520504.0000,612820.0000
2023-10-01,2023,10,Otros departamentos,12,Sonido y video,0,107.0039,-14.0000,10.4769,26.5300,33499.4737,-17.9000,10.9924,28.0300,30656.4849,0,520504.0000,612820.0000
2023-10-01,2023,10,Otros departamentos,14,"Ferreteria, vidrios y pinturas",0,99.3366,-14.0000,10.4769,26.5300,33499.4737,-17.9000,10.9924,28.0300,30656.4849,0,520504.0000,612820.0000
2023-10-01,2023,10,Otros departamentos,15,Otras mercancias de uso domestico,0,107.1449,-14.0000,10.4769,26.5300,33499.4737,-17.9000,10.9924,28.0300,30656.4849,0,520504.0000,612820.0000
2023-11-01,2023,11,Antioquia,4,Prendas de vestir y textiles,0,130.0186,-20.9000,10.1478,25.5200,35429.2260,-14.0000,10.4769,26.5300,33499.4737,0,326796.0000,327501.0000
2023-11-01,2023,11,Antioquia,8,Electrodomesticos y muebles,1,123.4112,-20.9000,10.1478,25.5200,35429.2260,-14.0000,10.4769,26.5300,33499.4737,0,326796.0000,327501.0000
2023-11-01,2023,11,Antioquia,9,Articulos y utensilios domesticos,0,153.6425,-20.9000,10.1478,25.5200,35429.2260,-14.0000,10.4769,26.5300,33499.4737,0,326796.0000,327501.0000
2023-11-01,2023,11,Antioquia,10,Aseo del hogar,0,114.3579,-20.9000,10.1478,25.5200,35429.2260,-14.0000,10.4769,26.5300,33499.4737,0,326796.0000,327501.0000
2023-11-01,2023,11,Antioquia,11,Informatica y telecomunicaciones,0,161.1768,-20.9000,10.1478,25.5200,35429.2260,-14.0000,10.4769,26.5300,33499.4737,0,326796.0000,327501.0000
2023-11-01,2023,11,Antioquia,12,Sonido y video,0,154.4446,-20.9000,10.1478,25.5200,35429.2260,-14.0000,10.4769,26.5300,33499.4737,0,326796.0000,327501.0000
2023-11-01,2023,11,Antioquia,14,"Ferreteria, vidrios y pinturas",0,106.8441,-20.9000,10.1478,25.5200,35429.2260,-14.0000,10.4769,26.5300,33499.4737,0,326796.0000,327501.0000
2023-11-01,2023,11,Antioquia,15,Otras mercancias de uso domestico,0,125.7041,-20.9000,10.1478,25.5200,35429.2260,-14.0000,10.4769,26.5300,33499.4737,0,326796.0000,327501.0000
2023-11-01,2023,11,Atlantico,4,Prendas de vestir y textiles,0,125.9502,-20.9000,10.1478,25.5200,35429.2260,-14.0000,10.4769,26.5300,33499.4737,0,78702.0000,101663.0000
2023-11-01,2023,11,Atlantico,8,Electrodomesticos y muebles,1,131.5005,-20.9000,10.1478,25.5200,35429.2260,-14.0000,10.4769,26.5300,33499.4737,0,78702.0000,101663.0000
2023-11-01,2023,11,Atlantico,9,Articulos y utensilios domesticos,0,150.8543,-20.9000,10.1478,25.5200,35429.2260,-14.0000,10.4769,26.5300,33499.4737,0,78702.0000,101663.0000
2023-11-01,2023,11,Atlantico,10,Aseo del hogar,0,114.6240,-20.9000,10.1478,25.5200,35429.2260,-14.0000,10.4769,26.5300,33499.4737,0,78702.0000,101663.0000
2023-11-01,2023,11,Atlantico,11,Informatica y telecomunicaciones,0,173.1437,-20.9000,10.1478,25.5200,35429.2260,-14.0000,10.4769,26.5300,33499.4737,0,78702.0000,101663.0000
2023-11-01,2023,11,Atlantico,12,Sonido y video,0,148.1619,-20.9000,10.1478,25.5200,35429.2260,-14.0000,10.4769,26.5300,33499.4737,0,78702.0000,101663.0000
2023-11-01,2023,11,Atlantico,14,"Ferreteria, vidrios y pinturas",0,110.2046,-20.9000,10.1478,25.5200,35429.2260,-14.0000,10.4769,26.5300,33499.4737,0,78702.0000,101663.0000
2023-11-01,2023,11,Atlantico,15,Otras mercancias de uso domestico,0,129.5651,-20.9000,10.1478,25.5200,35429.2260,-14.0000,10.4769,26.5300,33499.4737,0,78702.0000,101663.0000
2023-11-01,2023,11,Bogota,4,Prendas de vestir y textiles,0,157.7235,-20.9000,10.1478,25.5200,35429.2260,-14.0000,10.4769,26.5300,33499.4737,0,334998.0000,354896.0000
2023-11-01,2023,11,Bogota,8,Electrodomesticos y muebles,1,152.4898,-20.9000,10.1478,25.5200,35429.2260,-14.0000,10.4769,26.5300,33499.4737,0,334998.0000,354896.0000
2023-11-01,2023,11,Bogota,9,Articulos y utensilios domesticos,0,176.9679,-20.9000,10.1478,25.5200,35429.2260,-14.0000,10.4769,26.5300,33499.4737,0,334998.0000,354896.0000
2023-11-01,2023,11,Bogota,10,Aseo del hogar,0,138.0165,-20.9000,10.1478,25.5200,35429.2260,-14.0000,10.4769,26.5300,33499.4737,0,334998.0000,354896.0000
2023-11-01,2023,11,Bogota,11,Informatica y telecomunicaciones,0,209.3387,-20.9000,10.1478,25.5200,35429.2260,-14.0000,10.4769,26.5300,33499.4737,0,334998.0000,354896.0000
2023-11-01,2023,11,Bogota,12,Sonido y video,0,179.0827,-20.9000,10.1478,25.5200,35429.2260,-14.0000,10.4769,26.5300,33499.4737,0,334998.0000,354896.0000
2023-11-01,2023,11,Bogota,14,"Ferreteria, vidrios y pinturas",0,134.7280,-20.9000,10.1478,25.5200,35429.2260,-14.0000,10.4769,26.5300,33499.4737,0,334998.0000,354896.0000
2023-11-01,2023,11,Bogota,15,Otras mercancias de uso domestico,0,154.3426,-20.9000,10.1478,25.5200,35429.2260,-14.0000,10.4769,26.5300,33499.4737,0,334998.0000,354896.0000
2023-11-01,2023,11,Cundinamarca,4,Prendas de vestir y textiles,0,144.3592,-20.9000,10.1478,25.5200,35429.2260,-14.0000,10.4769,26.5300,33499.4737,0,244050.0000,125923.0000
2023-11-01,2023,11,Cundinamarca,8,Electrodomesticos y muebles,1,145.7466,-20.9000,10.1478,25.5200,35429.2260,-14.0000,10.4769,26.5300,33499.4737,0,244050.0000,125923.0000
2023-11-01,2023,11,Cundinamarca,9,Articulos y utensilios domesticos,0,172.7076,-20.9000,10.1478,25.5200,35429.2260,-14.0000,10.4769,26.5300,33499.4737,0,244050.0000,125923.0000
2023-11-01,2023,11,Cundinamarca,10,Aseo del hogar,0,128.8687,-20.9000,10.1478,25.5200,35429.2260,-14.0000,10.4769,26.5300,33499.4737,0,244050.0000,125923.0000
2023-11-01,2023,11,Cundinamarca,11,Informatica y telecomunicaciones,0,196.8893,-20.9000,10.1478,25.5200,35429.2260,-14.0000,10.4769,26.5300,33499.4737,0,244050.0000,125923.0000
2023-11-01,2023,11,Cundinamarca,12,Sonido y video,0,167.0079,-20.9000,10.1478,25.5200,35429.2260,-14.0000,10.4769,26.5300,33499.4737,0,244050.0000,125923.0000
2023-11-01,2023,11,Cundinamarca,14,"Ferreteria, vidrios y pinturas",0,119.5280,-20.9000,10.1478,25.5200,35429.2260,-14.0000,10.4769,26.5300,33499.4737,0,244050.0000,125923.0000
2023-11-01,2023,11,Cundinamarca,15,Otras mercancias de uso domestico,0,140.8682,-20.9000,10.1478,25.5200,35429.2260,-14.0000,10.4769,26.5300,33499.4737,0,244050.0000,125923.0000
2023-11-01,2023,11,Santander,4,Prendas de vestir y textiles,0,125.8448,-20.9000,10.1478,25.5200,35429.2260,-14.0000,10.4769,26.5300,33499.4737,0,78335.0000,101329.0000
2023-11-01,2023,11,Santander,8,Electrodomesticos y muebles,1,119.5525,-20.9000,10.1478,25.5200,35429.2260,-14.0000,10.4769,26.5300,33499.4737,0,78335.0000,101329.0000
2023-11-01,2023,11,Santander,9,Articulos y utensilios domesticos,0,142.6229,-20.9000,10.1478,25.5200,35429.2260,-14.0000,10.4769,26.5300,33499.4737,0,78335.0000,101329.0000
2023-11-01,2023,11,Santander,10,Aseo del hogar,0,110.5939,-20.9000,10.1478,25.5200,35429.2260,-14.0000,10.4769,26.5300,33499.4737,0,78335.0000,101329.0000
2023-11-01,2023,11,Santander,11,Informatica y telecomunicaciones,0,160.9022,-20.9000,10.1478,25.5200,35429.2260,-14.0000,10.4769,26.5300,33499.4737,0,78335.0000,101329.0000
2023-11-01,2023,11,Santander,12,Sonido y video,0,143.4099,-20.9000,10.1478,25.5200,35429.2260,-14.0000,10.4769,26.5300,33499.4737,0,78335.0000,101329.0000
2023-11-01,2023,11,Santander,14,"Ferreteria, vidrios y pinturas",0,100.4270,-20.9000,10.1478,25.5200,35429.2260,-14.0000,10.4769,26.5300,33499.4737,0,78335.0000,101329.0000
2023-11-01,2023,11,Santander,15,Otras mercancias de uso domestico,0,122.6027,-20.9000,10.1478,25.5200,35429.2260,-14.0000,10.4769,26.5300,33499.4737,0,78335.0000,101329.0000
2023-11-01,2023,11,Valle del Cauca,4,Prendas de vestir y textiles,0,117.4220,-20.9000,10.1478,25.5200,35429.2260,-14.0000,10.4769,26.5300,33499.4737,0,272382.0000,63579.0000
2023-11-01,2023,11,Valle del Cauca,8,Electrodomesticos y muebles,1,115.3475,-20.9000,10.1478,25.5200,35429.2260,-14.0000,10.4769,26.5300,33499.4737,0,272382.0000,63579.0000
2023-11-01,2023,11,Valle del Cauca,9,Articulos y utensilios domesticos,0,140.0036,-20.9000,10.1478,25.5200,35429.2260,-14.0000,10.4769,26.5300,33499.4737,0,272382.0000,63579.0000
2023-11-01,2023,11,Valle del Cauca,10,Aseo del hogar,0,106.5467,-20.9000,10.1478,25.5200,35429.2260,-14.0000,10.4769,26.5300,33499.4737,0,272382.0000,63579.0000
2023-11-01,2023,11,Valle del Cauca,11,Informatica y telecomunicaciones,0,156.8887,-20.9000,10.1478,25.5200,35429.2260,-14.0000,10.4769,26.5300,33499.4737,0,272382.0000,63579.0000
2023-11-01,2023,11,Valle del Cauca,12,Sonido y video,0,140.2608,-20.9000,10.1478,25.5200,35429.2260,-14.0000,10.4769,26.5300,33499.4737,0,272382.0000,63579.0000
2023-11-01,2023,11,Valle del Cauca,14,"Ferreteria, vidrios y pinturas",0,99.8959,-20.9000,10.1478,25.5200,35429.2260,-14.0000,10.4769,26.5300,33499.4737,0,272382.0000,63579.0000
2023-11-01,2023,11,Valle del Cauca,15,Otras mercancias de uso domestico,0,117.6174,-20.9000,10.1478,25.5200,35429.2260,-14.0000,10.4769,26.5300,33499.4737,0,272382.0000,63579.0000
2023-11-01,2023,11,Otros departamentos,4,Prendas de vestir y textiles,0,132.8679,-20.9000,10.1478,25.5200,35429.2260,-14.0000,10.4769,26.5300,33499.4737,0,630790.0000,520504.0000
2023-11-01,2023,11,Otros departamentos,8,Electrodomesticos y muebles,1,126.5488,-20.9000,10.1478,25.5200,35429.2260,-14.0000,10.4769,26.5300,33499.4737,0,630790.0000,520504.0000
2023-11-01,2023,11,Otros departamentos,9,Articulos y utensilios domesticos,0,154.0064,-20.9000,10.1478,25.5200,35429.2260,-14.0000,10.4769,26.5300,33499.4737,0,630790.0000,520504.0000
2023-11-01,2023,11,Otros departamentos,10,Aseo del hogar,0,115.2453,-20.9000,10.1478,25.5200,35429.2260,-14.0000,10.4769,26.5300,33499.4737,0,630790.0000,520504.0000
2023-11-01,2023,11,Otros departamentos,11,Informatica y telecomunicaciones,0,174.5001,-20.9000,10.1478,25.5200,35429.2260,-14.0000,10.4769,26.5300,33499.4737,0,630790.0000,520504.0000
2023-11-01,2023,11,Otros departamentos,12,Sonido y video,0,157.3934,-20.9000,10.1478,25.5200,35429.2260,-14.0000,10.4769,26.5300,33499.4737,0,630790.0000,520504.0000
2023-11-01,2023,11,Otros departamentos,14,"Ferreteria, vidrios y pinturas",0,109.8352,-20.9000,10.1478,25.5200,35429.2260,-14.0000,10.4769,26.5300,33499.4737,0,630790.0000,520504.0000
2023-11-01,2023,11,Otros departamentos,15,Otras mercancias de uso domestico,0,128.6450,-20.9000,10.1478,25.5200,35429.2260,-14.0000,10.4769,26.5300,33499.4737,0,630790.0000,520504.0000
2023-12-01,2023,12,Antioquia,4,Prendas de vestir y textiles,0,289.2982,-17.3000,9.2756,25.0400,35736.3028,-20.9000,10.1478,25.5200,35429.2260,0,564405.0000,326796.0000
2023-12-01,2023,12,Antioquia,8,Electrodomesticos y muebles,1,119.3181,-17.3000,9.2756,25.0400,35736.3028,-20.9000,10.1478,25.5200,35429.2260,0,564405.0000,326796.0000
2023-12-01,2023,12,Antioquia,9,Articulos y utensilios domesticos,0,187.6549,-17.3000,9.2756,25.0400,35736.3028,-20.9000,10.1478,25.5200,35429.2260,0,564405.0000,326796.0000
2023-12-01,2023,12,Antioquia,10,Aseo del hogar,0,134.5296,-17.3000,9.2756,25.0400,35736.3028,-20.9000,10.1478,25.5200,35429.2260,0,564405.0000,326796.0000
2023-12-01,2023,12,Antioquia,11,Informatica y telecomunicaciones,0,197.7196,-17.3000,9.2756,25.0400,35736.3028,-20.9000,10.1478,25.5200,35429.2260,0,564405.0000,326796.0000
2023-12-01,2023,12,Antioquia,12,Sonido y video,0,149.5295,-17.3000,9.2756,25.0400,35736.3028,-20.9000,10.1478,25.5200,35429.2260,0,564405.0000,326796.0000
2023-12-01,2023,12,Antioquia,14,"Ferreteria, vidrios y pinturas",0,104.3299,-17.3000,9.2756,25.0400,35736.3028,-20.9000,10.1478,25.5200,35429.2260,0,564405.0000,326796.0000
2023-12-01,2023,12,Antioquia,15,Otras mercancias de uso domestico,0,163.8704,-17.3000,9.2756,25.0400,35736.3028,-20.9000,10.1478,25.5200,35429.2260,0,564405.0000,326796.0000
2023-12-01,2023,12,Atlantico,4,Prendas de vestir y textiles,0,272.3927,-17.3000,9.2756,25.0400,35736.3028,-20.9000,10.1478,25.5200,35429.2260,0,109681.0000,78702.0000
2023-12-01,2023,12,Atlantico,8,Electrodomesticos y muebles,1,124.5748,-17.3000,9.2756,25.0400,35736.3028,-20.9000,10.1478,25.5200,35429.2260,0,109681.0000,78702.0000
2023-12-01,2023,12,Atlantico,9,Articulos y utensilios domesticos,0,189.4879,-17.3000,9.2756,25.0400,35736.3028,-20.9000,10.1478,25.5200,35429.2260,0,109681.0000,78702.0000
2023-12-01,2023,12,Atlantico,10,Aseo del hogar,0,136.5634,-17.3000,9.2756,25.0400,35736.3028,-20.9000,10.1478,25.5200,35429.2260,0,109681.0000,78702.0000
2023-12-01,2023,12,Atlantico,11,Informatica y telecomunicaciones,0,211.5459,-17.3000,9.2756,25.0400,35736.3028,-20.9000,10.1478,25.5200,35429.2260,0,109681.0000,78702.0000
2023-12-01,2023,12,Atlantico,12,Sonido y video,0,146.9398,-17.3000,9.2756,25.0400,35736.3028,-20.9000,10.1478,25.5200,35429.2260,0,109681.0000,78702.0000
2023-12-01,2023,12,Atlantico,14,"Ferreteria, vidrios y pinturas",0,110.3289,-17.3000,9.2756,25.0400,35736.3028,-20.9000,10.1478,25.5200,35429.2260,0,109681.0000,78702.0000
2023-12-01,2023,12,Atlantico,15,Otras mercancias de uso domestico,0,169.0700,-17.3000,9.2756,25.0400,35736.3028,-20.9000,10.1478,25.5200,35429.2260,0,109681.0000,78702.0000
2023-12-01,2023,12,Bogota,4,Prendas de vestir y textiles,0,293.3358,-17.3000,9.2756,25.0400,35736.3028,-20.9000,10.1478,25.5200,35429.2260,0,298966.0000,334998.0000
2023-12-01,2023,12,Bogota,8,Electrodomesticos y muebles,1,130.1320,-17.3000,9.2756,25.0400,35736.3028,-20.9000,10.1478,25.5200,35429.2260,0,298966.0000,334998.0000
2023-12-01,2023,12,Bogota,9,Articulos y utensilios domesticos,0,197.8242,-17.3000,9.2756,25.0400,35736.3028,-20.9000,10.1478,25.5200,35429.2260,0,298966.0000,334998.0000
2023-12-01,2023,12,Bogota,10,Aseo del hogar,0,146.7723,-17.3000,9.2756,25.0400,35736.3028,-20.9000,10.1478,25.5200,35429.2260,0,298966.0000,334998.0000
2023-12-01,2023,12,Bogota,11,Informatica y telecomunicaciones,0,232.1775,-17.3000,9.2756,25.0400,35736.3028,-20.9000,10.1478,25.5200,35429.2260,0,298966.0000,334998.0000
2023-12-01,2023,12,Bogota,12,Sonido y video,0,160.9386,-17.3000,9.2756,25.0400,35736.3028,-20.9000,10.1478,25.5200,35429.2260,0,298966.0000,334998.0000
2023-12-01,2023,12,Bogota,14,"Ferreteria, vidrios y pinturas",0,118.7748,-17.3000,9.2756,25.0400,35736.3028,-20.9000,10.1478,25.5200,35429.2260,0,298966.0000,334998.0000
2023-12-01,2023,12,Bogota,15,Otras mercancias de uso domestico,0,178.7456,-17.3000,9.2756,25.0400,35736.3028,-20.9000,10.1478,25.5200,35429.2260,0,298966.0000,334998.0000
2023-12-01,2023,12,Cundinamarca,4,Prendas de vestir y textiles,0,288.4038,-17.3000,9.2756,25.0400,35736.3028,-20.9000,10.1478,25.5200,35429.2260,0,675151.0000,244050.0000
2023-12-01,2023,12,Cundinamarca,8,Electrodomesticos y muebles,1,129.4755,-17.3000,9.2756,25.0400,35736.3028,-20.9000,10.1478,25.5200,35429.2260,0,675151.0000,244050.0000
2023-12-01,2023,12,Cundinamarca,9,Articulos y utensilios domesticos,0,198.6733,-17.3000,9.2756,25.0400,35736.3028,-20.9000,10.1478,25.5200,35429.2260,0,675151.0000,244050.0000
2023-12-01,2023,12,Cundinamarca,10,Aseo del hogar,0,142.0199,-17.3000,9.2756,25.0400,35736.3028,-20.9000,10.1478,25.5200,35429.2260,0,675151.0000,244050.0000
2023-12-01,2023,12,Cundinamarca,11,Informatica y telecomunicaciones,0,218.5977,-17.3000,9.2756,25.0400,35736.3028,-20.9000,10.1478,25.5200,35429.2260,0,675151.0000,244050.0000
2023-12-01,2023,12,Cundinamarca,12,Sonido y video,0,155.9422,-17.3000,9.2756,25.0400,35736.3028,-20.9000,10.1478,25.5200,35429.2260,0,675151.0000,244050.0000
2023-12-01,2023,12,Cundinamarca,14,"Ferreteria, vidrios y pinturas",0,111.9653,-17.3000,9.2756,25.0400,35736.3028,-20.9000,10.1478,25.5200,35429.2260,0,675151.0000,244050.0000
2023-12-01,2023,12,Cundinamarca,15,Otras mercancias de uso domestico,0,171.8933,-17.3000,9.2756,25.0400,35736.3028,-20.9000,10.1478,25.5200,35429.2260,0,675151.0000,244050.0000
2023-12-01,2023,12,Santander,4,Prendas de vestir y textiles,0,255.4644,-17.3000,9.2756,25.0400,35736.3028,-20.9000,10.1478,25.5200,35429.2260,0,290782.0000,78335.0000
2023-12-01,2023,12,Santander,8,Electrodomesticos y muebles,1,111.1469,-17.3000,9.2756,25.0400,35736.3028,-20.9000,10.1478,25.5200,35429.2260,0,290782.0000,78335.0000
2023-12-01,2023,12,Santander,9,Articulos y utensilios domesticos,0,166.2511,-17.3000,9.2756,25.0400,35736.3028,-20.9000,10.1478,25.5200,35429.2260,0,290782.0000,78335.0000
2023-12-01,2023,12,Santander,10,Aseo del hogar,0,120.6577,-17.3000,9.2756,25.0400,35736.3028,-20.9000,10.1478,25.5200,35429.2260,0,290782.0000,78335.0000
2023-12-01,2023,12,Santander,11,Informatica y telecomunicaciones,0,189.6094,-17.3000,9.2756,25.0400,35736.3028,-20.9000,10.1478,25.5200,35429.2260,0,290782.0000,78335.0000
2023-12-01,2023,12,Santander,12,Sonido y video,0,138.5058,-17.3000,9.2756,25.0400,35736.3028,-20.9000,10.1478,25.5200,35429.2260,0,290782.0000,78335.0000
2023-12-01,2023,12,Santander,14,"Ferreteria, vidrios y pinturas",0,98.8952,-17.3000,9.2756,25.0400,35736.3028,-20.9000,10.1478,25.5200,35429.2260,0,290782.0000,78335.0000
2023-12-01,2023,12,Santander,15,Otras mercancias de uso domestico,0,153.6699,-17.3000,9.2756,25.0400,35736.3028,-20.9000,10.1478,25.5200,35429.2260,0,290782.0000,78335.0000
2023-12-01,2023,12,Valle del Cauca,4,Prendas de vestir y textiles,0,222.4802,-17.3000,9.2756,25.0400,35736.3028,-20.9000,10.1478,25.5200,35429.2260,0,356878.0000,272382.0000
2023-12-01,2023,12,Valle del Cauca,8,Electrodomesticos y muebles,1,99.5546,-17.3000,9.2756,25.0400,35736.3028,-20.9000,10.1478,25.5200,35429.2260,0,356878.0000,272382.0000
2023-12-01,2023,12,Valle del Cauca,9,Articulos y utensilios domesticos,0,155.4945,-17.3000,9.2756,25.0400,35736.3028,-20.9000,10.1478,25.5200,35429.2260,0,356878.0000,272382.0000
2023-12-01,2023,12,Valle del Cauca,10,Aseo del hogar,0,112.4312,-17.3000,9.2756,25.0400,35736.3028,-20.9000,10.1478,25.5200,35429.2260,0,356878.0000,272382.0000
2023-12-01,2023,12,Valle del Cauca,11,Informatica y telecomunicaciones,0,175.3656,-17.3000,9.2756,25.0400,35736.3028,-20.9000,10.1478,25.5200,35429.2260,0,356878.0000,272382.0000
2023-12-01,2023,12,Valle del Cauca,12,Sonido y video,0,123.1687,-17.3000,9.2756,25.0400,35736.3028,-20.9000,10.1478,25.5200,35429.2260,0,356878.0000,272382.0000
2023-12-01,2023,12,Valle del Cauca,14,"Ferreteria, vidrios y pinturas",0,88.9239,-17.3000,9.2756,25.0400,35736.3028,-20.9000,10.1478,25.5200,35429.2260,0,356878.0000,272382.0000
2023-12-01,2023,12,Valle del Cauca,15,Otras mercancias de uso domestico,0,137.9614,-17.3000,9.2756,25.0400,35736.3028,-20.9000,10.1478,25.5200,35429.2260,0,356878.0000,272382.0000
2023-12-01,2023,12,Otros departamentos,4,Prendas de vestir y textiles,0,307.7596,-17.3000,9.2756,25.0400,35736.3028,-20.9000,10.1478,25.5200,35429.2260,0,964386.0000,630790.0000
2023-12-01,2023,12,Otros departamentos,8,Electrodomesticos y muebles,1,129.1235,-17.3000,9.2756,25.0400,35736.3028,-20.9000,10.1478,25.5200,35429.2260,0,964386.0000,630790.0000
2023-12-01,2023,12,Otros departamentos,9,Articulos y utensilios domesticos,0,201.9068,-17.3000,9.2756,25.0400,35736.3028,-20.9000,10.1478,25.5200,35429.2260,0,964386.0000,630790.0000
2023-12-01,2023,12,Otros departamentos,10,Aseo del hogar,0,139.3455,-17.3000,9.2756,25.0400,35736.3028,-20.9000,10.1478,25.5200,35429.2260,0,964386.0000,630790.0000
2023-12-01,2023,12,Otros departamentos,11,Informatica y telecomunicaciones,0,227.1847,-17.3000,9.2756,25.0400,35736.3028,-20.9000,10.1478,25.5200,35429.2260,0,964386.0000,630790.0000
2023-12-01,2023,12,Otros departamentos,12,Sonido y video,0,164.4511,-17.3000,9.2756,25.0400,35736.3028,-20.9000,10.1478,25.5200,35429.2260,0,964386.0000,630790.0000
2023-12-01,2023,12,Otros departamentos,14,"Ferreteria, vidrios y pinturas",0,114.5452,-17.3000,9.2756,25.0400,35736.3028,-20.9000,10.1478,25.5200,35429.2260,0,964386.0000,630790.0000
2023-12-01,2023,12,Otros departamentos,15,Otras mercancias de uso domestico,0,179.5223,-17.3000,9.2756,25.0400,35736.3028,-20.9000,10.1478,25.5200,35429.2260,0,964386.0000,630790.0000
2024-01-01,2024,1,Antioquia,4,Prendas de vestir y textiles,0,89.2666,-7.9000,8.3496,23.3200,34833.1347,-17.3000,9.2756,25.0400,35736.3028,0,259205.0000,564405.0000
2024-01-01,2024,1,Antioquia,8,Electrodomesticos y muebles,1,118.4826,-7.9000,8.3496,23.3200,34833.1347,-17.3000,9.2756,25.0400,35736.3028,0,259205.0000,564405.0000
2024-01-01,2024,1,Antioquia,9,Articulos y utensilios domesticos,0,138.2145,-7.9000,8.3496,23.3200,34833.1347,-17.3000,9.2756,25.0400,35736.3028,0,259205.0000,564405.0000
2024-01-01,2024,1,Antioquia,10,Aseo del hogar,0,126.2759,-7.9000,8.3496,23.3200,34833.1347,-17.3000,9.2756,25.0400,35736.3028,0,259205.0000,564405.0000
2024-01-01,2024,1,Antioquia,11,Informatica y telecomunicaciones,0,147.9475,-7.9000,8.3496,23.3200,34833.1347,-17.3000,9.2756,25.0400,35736.3028,0,259205.0000,564405.0000
2024-01-01,2024,1,Antioquia,12,Sonido y video,0,99.1963,-7.9000,8.3496,23.3200,34833.1347,-17.3000,9.2756,25.0400,35736.3028,0,259205.0000,564405.0000
2024-01-01,2024,1,Antioquia,14,"Ferreteria, vidrios y pinturas",0,100.1318,-7.9000,8.3496,23.3200,34833.1347,-17.3000,9.2756,25.0400,35736.3028,0,259205.0000,564405.0000
2024-01-01,2024,1,Antioquia,15,Otras mercancias de uso domestico,0,101.0530,-7.9000,8.3496,23.3200,34833.1347,-17.3000,9.2756,25.0400,35736.3028,0,259205.0000,564405.0000
2024-01-01,2024,1,Atlantico,4,Prendas de vestir y textiles,0,76.7240,-7.9000,8.3496,23.3200,34833.1347,-17.3000,9.2756,25.0400,35736.3028,0,19569.0000,109681.0000
2024-01-01,2024,1,Atlantico,8,Electrodomesticos y muebles,1,111.9159,-7.9000,8.3496,23.3200,34833.1347,-17.3000,9.2756,25.0400,35736.3028,0,19569.0000,109681.0000
2024-01-01,2024,1,Atlantico,9,Articulos y utensilios domesticos,0,122.2513,-7.9000,8.3496,23.3200,34833.1347,-17.3000,9.2756,25.0400,35736.3028,0,19569.0000,109681.0000
2024-01-01,2024,1,Atlantico,10,Aseo del hogar,0,111.8004,-7.9000,8.3496,23.3200,34833.1347,-17.3000,9.2756,25.0400,35736.3028,0,19569.0000,109681.0000
2024-01-01,2024,1,Atlantico,11,Informatica y telecomunicaciones,0,132.2873,-7.9000,8.3496,23.3200,34833.1347,-17.3000,9.2756,25.0400,35736.3028,0,19569.0000,109681.0000
2024-01-01,2024,1,Atlantico,12,Sonido y video,0,87.9489,-7.9000,8.3496,23.3200,34833.1347,-17.3000,9.2756,25.0400,35736.3028,0,19569.0000,109681.0000
2024-01-01,2024,1,Atlantico,14,"Ferreteria, vidrios y pinturas",0,91.6878,-7.9000,8.3496,23.3200,34833.1347,-17.3000,9.2756,25.0400,35736.3028,0,19569.0000,109681.0000
2024-01-01,2024,1,Atlantico,15,Otras mercancias de uso domestico,0,90.7543,-7.9000,8.3496,23.3200,34833.1347,-17.3000,9.2756,25.0400,35736.3028,0,19569.0000,109681.0000
2024-01-01,2024,1,Bogota,4,Prendas de vestir y textiles,0,89.5215,-7.9000,8.3496,23.3200,34833.1347,-17.3000,9.2756,25.0400,35736.3028,0,174669.0000,298966.0000
2024-01-01,2024,1,Bogota,8,Electrodomesticos y muebles,1,126.7398,-7.9000,8.3496,23.3200,34833.1347,-17.3000,9.2756,25.0400,35736.3028,0,174669.0000,298966.0000
2024-01-01,2024,1,Bogota,9,Articulos y utensilios domesticos,0,137.7195,-7.9000,8.3496,23.3200,34833.1347,-17.3000,9.2756,25.0400,35736.3028,0,174669.0000,298966.0000
2024-01-01,2024,1,Bogota,10,Aseo del hogar,0,132.2598,-7.9000,8.3496,23.3200,34833.1347,-17.3000,9.2756,25.0400,35736.3028,0,174669.0000,298966.0000
2024-01-01,2024,1,Bogota,11,Informatica y telecomunicaciones,0,159.6091,-7.9000,8.3496,23.3200,34833.1347,-17.3000,9.2756,25.0400,35736.3028,0,174669.0000,298966.0000
2024-01-01,2024,1,Bogota,12,Sonido y video,0,104.6438,-7.9000,8.3496,23.3200,34833.1347,-17.3000,9.2756,25.0400,35736.3028,0,174669.0000,298966.0000
2024-01-01,2024,1,Bogota,14,"Ferreteria, vidrios y pinturas",0,109.6727,-7.9000,8.3496,23.3200,34833.1347,-17.3000,9.2756,25.0400,35736.3028,0,174669.0000,298966.0000
2024-01-01,2024,1,Bogota,15,Otras mercancias de uso domestico,0,104.0885,-7.9000,8.3496,23.3200,34833.1347,-17.3000,9.2756,25.0400,35736.3028,0,174669.0000,298966.0000
2024-01-01,2024,1,Cundinamarca,4,Prendas de vestir y textiles,0,103.6394,-7.9000,8.3496,23.3200,34833.1347,-17.3000,9.2756,25.0400,35736.3028,0,66025.0000,675151.0000
2024-01-01,2024,1,Cundinamarca,8,Electrodomesticos y muebles,1,151.1358,-7.9000,8.3496,23.3200,34833.1347,-17.3000,9.2756,25.0400,35736.3028,0,66025.0000,675151.0000
2024-01-01,2024,1,Cundinamarca,9,Articulos y utensilios domesticos,0,165.7774,-7.9000,8.3496,23.3200,34833.1347,-17.3000,9.2756,25.0400,35736.3028,0,66025.0000,675151.0000
2024-01-01,2024,1,Cundinamarca,10,Aseo del hogar,0,152.8184,-7.9000,8.3496,23.3200,34833.1347,-17.3000,9.2756,25.0400,35736.3028,0,66025.0000,675151.0000
2024-01-01,2024,1,Cundinamarca,11,Informatica y telecomunicaciones,0,176.9657,-7.9000,8.3496,23.3200,34833.1347,-17.3000,9.2756,25.0400,35736.3028,0,66025.0000,675151.0000
2024-01-01,2024,1,Cundinamarca,12,Sonido y video,0,119.8283,-7.9000,8.3496,23.3200,34833.1347,-17.3000,9.2756,25.0400,35736.3028,0,66025.0000,675151.0000
2024-01-01,2024,1,Cundinamarca,14,"Ferreteria, vidrios y pinturas",0,119.4185,-7.9000,8.3496,23.3200,34833.1347,-17.3000,9.2756,25.0400,35736.3028,0,66025.0000,675151.0000
2024-01-01,2024,1,Cundinamarca,15,Otras mercancias de uso domestico,0,118.2329,-7.9000,8.3496,23.3200,34833.1347,-17.3000,9.2756,25.0400,35736.3028,0,66025.0000,675151.0000
2024-01-01,2024,1,Santander,4,Prendas de vestir y textiles,0,80.2198,-7.9000,8.3496,23.3200,34833.1347,-17.3000,9.2756,25.0400,35736.3028,0,65002.0000,290782.0000
2024-01-01,2024,1,Santander,8,Electrodomesticos y muebles,1,113.4315,-7.9000,8.3496,23.3200,34833.1347,-17.3000,9.2756,25.0400,35736.3028,0,65002.0000,290782.0000
2024-01-01,2024,1,Santander,9,Articulos y utensilios domesticos,0,126.6768,-7.9000,8.3496,23.3200,34833.1347,-17.3000,9.2756,25.0400,35736.3028,0,65002.0000,290782.0000
2024-01-01,2024,1,Santander,10,Aseo del hogar,0,118.7770,-7.9000,8.3496,23.3200,34833.1347,-17.3000,9.2756,25.0400,35736.3028,0,65002.0000,290782.0000
2024-01-01,2024,1,Santander,11,Informatica y telecomunicaciones,0,138.2547,-7.9000,8.3496,23.3200,34833.1347,-17.3000,9.2756,25.0400,35736.3028,0,65002.0000,290782.0000
2024-01-01,2024,1,Santander,12,Sonido y video,0,94.3585,-7.9000,8.3496,23.3200,34833.1347,-17.3000,9.2756,25.0400,35736.3028,0,65002.0000,290782.0000
2024-01-01,2024,1,Santander,14,"Ferreteria, vidrios y pinturas",0,92.1834,-7.9000,8.3496,23.3200,34833.1347,-17.3000,9.2756,25.0400,35736.3028,0,65002.0000,290782.0000
2024-01-01,2024,1,Santander,15,Otras mercancias de uso domestico,0,94.9459,-7.9000,8.3496,23.3200,34833.1347,-17.3000,9.2756,25.0400,35736.3028,0,65002.0000,290782.0000
2024-01-01,2024,1,Valle del Cauca,4,Prendas de vestir y textiles,0,72.1880,-7.9000,8.3496,23.3200,34833.1347,-17.3000,9.2756,25.0400,35736.3028,0,128359.0000,356878.0000
2024-01-01,2024,1,Valle del Cauca,8,Electrodomesticos y muebles,1,104.9412,-7.9000,8.3496,23.3200,34833.1347,-17.3000,9.2756,25.0400,35736.3028,0,128359.0000,356878.0000
2024-01-01,2024,1,Valle del Cauca,9,Articulos y utensilios domesticos,0,114.3303,-7.9000,8.3496,23.3200,34833.1347,-17.3000,9.2756,25.0400,35736.3028,0,128359.0000,356878.0000
2024-01-01,2024,1,Valle del Cauca,10,Aseo del hogar,0,109.9940,-7.9000,8.3496,23.3200,34833.1347,-17.3000,9.2756,25.0400,35736.3028,0,128359.0000,356878.0000
2024-01-01,2024,1,Valle del Cauca,11,Informatica y telecomunicaciones,0,125.3097,-7.9000,8.3496,23.3200,34833.1347,-17.3000,9.2756,25.0400,35736.3028,0,128359.0000,356878.0000
2024-01-01,2024,1,Valle del Cauca,12,Sonido y video,0,83.0318,-7.9000,8.3496,23.3200,34833.1347,-17.3000,9.2756,25.0400,35736.3028,0,128359.0000,356878.0000
2024-01-01,2024,1,Valle del Cauca,14,"Ferreteria, vidrios y pinturas",0,86.4386,-7.9000,8.3496,23.3200,34833.1347,-17.3000,9.2756,25.0400,35736.3028,0,128359.0000,356878.0000
2024-01-01,2024,1,Valle del Cauca,15,Otras mercancias de uso domestico,0,88.3751,-7.9000,8.3496,23.3200,34833.1347,-17.3000,9.2756,25.0400,35736.3028,0,128359.0000,356878.0000
2024-01-01,2024,1,Otros departamentos,4,Prendas de vestir y textiles,0,90.5413,-7.9000,8.3496,23.3200,34833.1347,-17.3000,9.2756,25.0400,35736.3028,0,452656.0000,964386.0000
2024-01-01,2024,1,Otros departamentos,8,Electrodomesticos y muebles,1,124.7018,-7.9000,8.3496,23.3200,34833.1347,-17.3000,9.2756,25.0400,35736.3028,0,452656.0000,964386.0000
2024-01-01,2024,1,Otros departamentos,9,Articulos y utensilios domesticos,0,134.6162,-7.9000,8.3496,23.3200,34833.1347,-17.3000,9.2756,25.0400,35736.3028,0,452656.0000,964386.0000
2024-01-01,2024,1,Otros departamentos,10,Aseo del hogar,0,122.7731,-7.9000,8.3496,23.3200,34833.1347,-17.3000,9.2756,25.0400,35736.3028,0,452656.0000,964386.0000
2024-01-01,2024,1,Otros departamentos,11,Informatica y telecomunicaciones,0,154.8995,-7.9000,8.3496,23.3200,34833.1347,-17.3000,9.2756,25.0400,35736.3028,0,452656.0000,964386.0000
2024-01-01,2024,1,Otros departamentos,12,Sonido y video,0,103.2574,-7.9000,8.3496,23.3200,34833.1347,-17.3000,9.2756,25.0400,35736.3028,0,452656.0000,964386.0000
2024-01-01,2024,1,Otros departamentos,14,"Ferreteria, vidrios y pinturas",0,100.7489,-7.9000,8.3496,23.3200,34833.1347,-17.3000,9.2756,25.0400,35736.3028,0,452656.0000,964386.0000
2024-01-01,2024,1,Otros departamentos,15,Otras mercancias de uso domestico,0,103.9832,-7.9000,8.3496,23.3200,34833.1347,-17.3000,9.2756,25.0400,35736.3028,0,452656.0000,964386.0000
2024-02-01,2024,2,Antioquia,4,Prendas de vestir y textiles,0,74.2262,-9.4000,7.7377,23.3100,32558.6629,-7.9000,8.3496,23.3200,34833.1347,0,138824.0000,259205.0000
2024-02-01,2024,2,Antioquia,8,Electrodomesticos y muebles,1,110.9873,-9.4000,7.7377,23.3100,32558.6629,-7.9000,8.3496,23.3200,34833.1347,0,138824.0000,259205.0000
2024-02-01,2024,2,Antioquia,9,Articulos y utensilios domesticos,0,126.3897,-9.4000,7.7377,23.3100,32558.6629,-7.9000,8.3496,23.3200,34833.1347,0,138824.0000,259205.0000
2024-02-01,2024,2,Antioquia,10,Aseo del hogar,0,124.5291,-9.4000,7.7377,23.3100,32558.6629,-7.9000,8.3496,23.3200,34833.1347,0,138824.0000,259205.0000
2024-02-01,2024,2,Antioquia,11,Informatica y telecomunicaciones,0,155.8484,-9.4000,7.7377,23.3100,32558.6629,-7.9000,8.3496,23.3200,34833.1347,0,138824.0000,259205.0000
2024-02-01,2024,2,Antioquia,12,Sonido y video,0,102.5563,-9.4000,7.7377,23.3100,32558.6629,-7.9000,8.3496,23.3200,34833.1347,0,138824.0000,259205.0000
2024-02-01,2024,2,Antioquia,14,"Ferreteria, vidrios y pinturas",0,104.0277,-9.4000,7.7377,23.3100,32558.6629,-7.9000,8.3496,23.3200,34833.1347,0,138824.0000,259205.0000
2024-02-01,2024,2,Antioquia,15,Otras mercancias de uso domestico,0,95.2639,-9.4000,7.7377,23.3100,32558.6629,-7.9000,8.3496,23.3200,34833.1347,0,138824.0000,259205.0000
2024-02-01,2024,2,Atlantico,4,Prendas de vestir y textiles,0,67.5517,-9.4000,7.7377,23.3100,32558.6629,-7.9000,8.3496,23.3200,34833.1347,0,18091.0000,19569.0000
2024-02-01,2024,2,Atlantico,8,Electrodomesticos y muebles,1,101.4466,-9.4000,7.7377,23.3100,32558.6629,-7.9000,8.3496,23.3200,34833.1347,0,18091.0000,19569.0000
2024-02-01,2024,2,Atlantico,9,Articulos y utensilios domesticos,0,112.5138,-9.4000,7.7377,23.3100,32558.6629,-7.9000,8.3496,23.3200,34833.1347,0,18091.0000,19569.0000
2024-02-01,2024,2,Atlantico,10,Aseo del hogar,0,109.2533,-9.4000,7.7377,23.3100,32558.6629,-7.9000,8.3496,23.3200,34833.1347,0,18091.0000,19569.0000
2024-02-01,2024,2,Atlantico,11,Informatica y telecomunicaciones,0,143.3223,-9.4000,7.7377,23.3100,32558.6629,-7.9000,8.3496,23.3200,34833.1347,0,18091.0000,19569.0000
2024-02-01,2024,2,Atlantico,12,Sonido y video,0,92.4035,-9.4000,7.7377,23.3100,32558.6629,-7.9000,8.3496,23.3200,34833.1347,0,18091.0000,19569.0000
2024-02-01,2024,2,Atlantico,14,"Ferreteria, vidrios y pinturas",0,90.2446,-9.4000,7.7377,23.3100,32558.6629,-7.9000,8.3496,23.3200,34833.1347,0,18091.0000,19569.0000
2024-02-01,2024,2,Atlantico,15,Otras mercancias de uso domestico,0,88.5620,-9.4000,7.7377,23.3100,32558.6629,-7.9000,8.3496,23.3200,34833.1347,0,18091.0000,19569.0000
2024-02-01,2024,2,Bogota,4,Prendas de vestir y textiles,0,75.0060,-9.4000,7.7377,23.3100,32558.6629,-7.9000,8.3496,23.3200,34833.1347,0,183212.0000,174669.0000
2024-02-01,2024,2,Bogota,8,Electrodomesticos y muebles,1,115.8711,-9.4000,7.7377,23.3100,32558.6629,-7.9000,8.3496,23.3200,34833.1347,0,183212.0000,174669.0000
2024-02-01,2024,2,Bogota,9,Articulos y utensilios domesticos,0,125.2862,-9.4000,7.7377,23.3100,32558.6629,-7.9000,8.3496,23.3200,34833.1347,0,183212.0000,174669.0000
2024-02-01,2024,2,Bogota,10,Aseo del hogar,0,128.6531,-9.4000,7.7377,23.3100,32558.6629,-7.9000,8.3496,23.3200,34833.1347,0,183212.0000,174669.0000
2024-02-01,2024,2,Bogota,11,Informatica y telecomunicaciones,0,164.0043,-9.4000,7.7377,23.3100,32558.6629,-7.9000,8.3496,23.3200,34833.1347,0,183212.0000,174669.0000
2024-02-01,2024,2,Bogota,12,Sonido y video,0,107.9829,-9.4000,7.7377,23.3100,32558.6629,-7.9000,8.3496,23.3200,34833.1347,0,183212.0000,174669.0000
2024-02-01,2024,2,Bogota,14,"Ferreteria, vidrios y pinturas",0,109.2597,-9.4000,7.7377,23.3100,32558.6629,-7.9000,8.3496,23.3200,34833.1347,0,183212.0000,174669.0000
2024-02-01,2024,2,Bogota,15,Otras mercancias de uso domestico,0,103.2239,-9.4000,7.7377,23.3100,32558.6629,-7.9000,8.3496,23.3200,34833.1347,0,183212.0000,174669.0000
2024-02-01,2024,2,Cundinamarca,4,Prendas de vestir y textiles,0,86.1067,-9.4000,7.7377,23.3100,32558.6629,-7.9000,8.3496,23.3200,34833.1347,0,146267.0000,66025.0000
2024-02-01,2024,2,Cundinamarca,8,Electrodomesticos y muebles,1,130.3364,-9.4000,7.7377,23.3100,32558.6629,-7.9000,8.3496,23.3200,34833.1347,0,146267.0000,66025.0000
2024-02-01,2024,2,Cundinamarca,9,Articulos y utensilios domesticos,0,144.9420,-9.4000,7.7377,23.3100,32558.6629,-7.9000,8.3496,23.3200,34833.1347,0,146267.0000,66025.0000
2024-02-01,2024,2,Cundinamarca,10,Aseo del hogar,0,140.1061,-9.4000,7.7377,23.3100,32558.6629,-7.9000,8.3496,23.3200,34833.1347,0,146267.0000,66025.0000
2024-02-01,2024,2,Cundinamarca,11,Informatica y telecomunicaciones,0,181.8047,-9.4000,7.7377,23.3100,32558.6629,-7.9000,8.3496,23.3200,34833.1347,0,146267.0000,66025.0000
2024-02-01,2024,2,Cundinamarca,12,Sonido y video,0,117.8475,-9.4000,7.7377,23.3100,32558.6629,-7.9000,8.3496,23.3200,34833.1347,0,146267.0000,66025.0000
2024-02-01,2024,2,Cundinamarca,14,"Ferreteria, vidrios y pinturas",0,116.2331,-9.4000,7.7377,23.3100,32558.6629,-7.9000,8.3496,23.3200,34833.1347,0,146267.0000,66025.0000
2024-02-01,2024,2,Cundinamarca,15,Otras mercancias de uso domestico,0,111.1846,-9.4000,7.7377,23.3100,32558.6629,-7.9000,8.3496,23.3200,34833.1347,0,146267.0000,66025.0000
2024-02-01,2024,2,Santander,4,Prendas de vestir y textiles,0,68.7814,-9.4000,7.7377,23.3100,32558.6629,-7.9000,8.3496,23.3200,34833.1347,0,70914.0000,65002.0000
2024-02-01,2024,2,Santander,8,Electrodomesticos y muebles,1,106.2661,-9.4000,7.7377,23.3100,32558.6629,-7.9000,8.3496,23.3200,34833.1347,0,70914.0000,65002.0000
2024-02-01,2024,2,Santander,9,Articulos y utensilios domesticos,0,116.5091,-9.4000,7.7377,23.3100,32558.6629,-7.9000,8.3496,23.3200,34833.1347,0,70914.0000,65002.0000
2024-02-01,2024,2,Santander,10,Aseo del hogar,0,118.8432,-9.4000,7.7377,23.3100,32558.6629,-7.9000,8.3496,23.3200,34833.1347,0,70914.0000,65002.0000
2024-02-01,2024,2,Santander,11,Informatica y telecomunicaciones,0,154.0904,-9.4000,7.7377,23.3100,32558.6629,-7.9000,8.3496,23.3200,34833.1347,0,70914.0000,65002.0000
2024-02-01,2024,2,Santander,12,Sonido y video,0,100.7037,-9.4000,7.7377,23.3100,32558.6629,-7.9000,8.3496,23.3200,34833.1347,0,70914.0000,65002.0000
2024-02-01,2024,2,Santander,14,"Ferreteria, vidrios y pinturas",0,99.4623,-9.4000,7.7377,23.3100,32558.6629,-7.9000,8.3496,23.3200,34833.1347,0,70914.0000,65002.0000
2024-02-01,2024,2,Santander,15,Otras mercancias de uso domestico,0,91.8128,-9.4000,7.7377,23.3100,32558.6629,-7.9000,8.3496,23.3200,34833.1347,0,70914.0000,65002.0000
2024-02-01,2024,2,Valle del Cauca,4,Prendas de vestir y textiles,0,61.9090,-9.4000,7.7377,23.3100,32558.6629,-7.9000,8.3496,23.3200,34833.1347,0,77562.0000,128359.0000
2024-02-01,2024,2,Valle del Cauca,8,Electrodomesticos y muebles,1,94.6718,-9.4000,7.7377,23.3100,32558.6629,-7.9000,8.3496,23.3200,34833.1347,0,77562.0000,128359.0000
2024-02-01,2024,2,Valle del Cauca,9,Articulos y utensilios domesticos,0,106.0312,-9.4000,7.7377,23.3100,32558.6629,-7.9000,8.3496,23.3200,34833.1347,0,77562.0000,128359.0000
2024-02-01,2024,2,Valle del Cauca,10,Aseo del hogar,0,107.6016,-9.4000,7.7377,23.3100,32558.6629,-7.9000,8.3496,23.3200,34833.1347,0,77562.0000,128359.0000
2024-02-01,2024,2,Valle del Cauca,11,Informatica y telecomunicaciones,0,133.5886,-9.4000,7.7377,23.3100,32558.6629,-7.9000,8.3496,23.3200,34833.1347,0,77562.0000,128359.0000
2024-02-01,2024,2,Valle del Cauca,12,Sonido y video,0,85.3662,-9.4000,7.7377,23.3100,32558.6629,-7.9000,8.3496,23.3200,34833.1347,0,77562.0000,128359.0000
2024-02-01,2024,2,Valle del Cauca,14,"Ferreteria, vidrios y pinturas",0,86.6934,-9.4000,7.7377,23.3100,32558.6629,-7.9000,8.3496,23.3200,34833.1347,0,77562.0000,128359.0000
2024-02-01,2024,2,Valle del Cauca,15,Otras mercancias de uso domestico,0,82.5824,-9.4000,7.7377,23.3100,32558.6629,-7.9000,8.3496,23.3200,34833.1347,0,77562.0000,128359.0000
2024-02-01,2024,2,Otros departamentos,4,Prendas de vestir y textiles,0,74.7408,-9.4000,7.7377,23.3100,32558.6629,-7.9000,8.3496,23.3200,34833.1347,0,286017.0000,452656.0000
2024-02-01,2024,2,Otros departamentos,8,Electrodomesticos y muebles,1,115.6310,-9.4000,7.7377,23.3100,32558.6629,-7.9000,8.3496,23.3200,34833.1347,0,286017.0000,452656.0000
2024-02-01,2024,2,Otros departamentos,9,Articulos y utensilios domesticos,0,125.9063,-9.4000,7.7377,23.3100,32558.6629,-7.9000,8.3496,23.3200,34833.1347,0,286017.0000,452656.0000
2024-02-01,2024,2,Otros departamentos,10,Aseo del hogar,0,115.5903,-9.4000,7.7377,23.3100,32558.6629,-7.9000,8.3496,23.3200,34833.1347,0,286017.0000,452656.0000
2024-02-01,2024,2,Otros departamentos,11,Informatica y telecomunicaciones,0,162.6216,-9.4000,7.7377,23.3100,32558.6629,-7.9000,8.3496,23.3200,34833.1347,0,286017.0000,452656.0000
2024-02-01,2024,2,Otros departamentos,12,Sonido y video,0,106.0271,-9.4000,7.7377,23.3100,32558.6629,-7.9000,8.3496,23.3200,34833.1347,0,286017.0000,452656.0000
2024-02-01,2024,2,Otros departamentos,14,"Ferreteria, vidrios y pinturas",0,99.3821,-9.4000,7.7377,23.3100,32558.6629,-7.9000,8.3496,23.3200,34833.1347,0,286017.0000,452656.0000
2024-02-01,2024,2,Otros departamentos,15,Otras mercancias de uso domestico,0,97.2210,-9.4000,7.7377,23.3100,32558.6629,-7.9000,8.3496,23.3200,34833.1347,0,286017.0000,452656.0000
2024-03-01,2024,3,Antioquia,4,Prendas de vestir y textiles,0,88.9635,-13.0000,7.3689,22.2000,26706.5149,-9.4000,7.7377,23.3100,32558.6629,0,191218.0000,138824.0000
2024-03-01,2024,3,Antioquia,8,Electrodomesticos y muebles,1,121.6072,-13.0000,7.3689,22.2000,26706.5149,-9.4000,7.7377,23.3100,32558.6629,0,191218.0000,138824.0000
2024-03-01,2024,3,Antioquia,9,Articulos y utensilios domesticos,0,133.9965,-13.0000,7.3689,22.2000,26706.5149,-9.4000,7.7377,23.3100,32558.6629,0,191218.0000,138824.0000
2024-03-01,2024,3,Antioquia,10,Aseo del hogar,0,135.1047,-13.0000,7.3689,22.2000,26706.5149,-9.4000,7.7377,23.3100,32558.6629,0,191218.0000,138824.0000
2024-03-01,2024,3,Antioquia,11,Informatica y telecomunicaciones,0,158.4275,-13.0000,7.3689,22.2000,26706.5149,-9.4000,7.7377,23.3100,32558.6629,0,191218.0000,138824.0000
2024-03-01,2024,3,Antioquia,12,Sonido y video,0,112.3002,-13.0000,7.3689,22.2000,26706.5149,-9.4000,7.7377,23.3100,32558.6629,0,191218.0000,138824.0000
2024-03-01,2024,3,Antioquia,14,"Ferreteria, vidrios y pinturas",0,97.2145,-13.0000,7.3689,22.2000,26706.5149,-9.4000,7.7377,23.3100,32558.6629,0,191218.0000,138824.0000
2024-03-01,2024,3,Antioquia,15,Otras mercancias de uso domestico,0,107.8842,-13.0000,7.3689,22.2000,26706.5149,-9.4000,7.7377,23.3100,32558.6629,0,191218.0000,138824.0000
2024-03-01,2024,3,Atlantico,4,Prendas de vestir y textiles,0,76.5102,-13.0000,7.3689,22.2000,26706.5149,-9.4000,7.7377,23.3100,32558.6629,0,8124.0000,18091.0000
2024-03-01,2024,3,Atlantico,8,Electrodomesticos y muebles,1,108.1514,-13.0000,7.3689,22.2000,26706.5149,-9.4000,7.7377,23.3100,32558.6629,0,8124.0000,18091.0000
2024-03-01,2024,3,Atlantico,9,Articulos y utensilios domesticos,0,121.0037,-13.0000,7.3689,22.2000,26706.5149,-9.4000,7.7377,23.3100,32558.6629,0,8124.0000,18091.0000
2024-03-01,2024,3,Atlantico,10,Aseo del hogar,0,117.9145,-13.0000,7.3689,22.2000,26706.5149,-9.4000,7.7377,23.3100,32558.6629,0,8124.0000,18091.0000
2024-03-01,2024,3,Atlantico,11,Informatica y telecomunicaciones,0,147.5928,-13.0000,7.3689,22.2000,26706.5149,-9.4000,7.7377,23.3100,32558.6629,0,8124.0000,18091.0000
2024-03-01,2024,3,Atlantico,12,Sonido y video,0,100.5583,-13.0000,7.3689,22.2000,26706.5149,-9.4000,7.7377,23.3100,32558.6629,0,8124.0000,18091.0000
2024-03-01,2024,3,Atlantico,14,"Ferreteria, vidrios y pinturas",0,82.7978,-13.0000,7.3689,22.2000,26706.5149,-9.4000,7.7377,23.3100,32558.6629,0,8124.0000,18091.0000
2024-03-01,2024,3,Atlantico,15,Otras mercancias de uso domestico,0,96.7845,-13.0000,7.3689,22.2000,26706.5149,-9.4000,7.7377,23.3100,32558.6629,0,8124.0000,18091.0000
2024-03-01,2024,3,Bogota,4,Prendas de vestir y textiles,0,90.5480,-13.0000,7.3689,22.2000,26706.5149,-9.4000,7.7377,23.3100,32558.6629,0,176639.0000,183212.0000
2024-03-01,2024,3,Bogota,8,Electrodomesticos y muebles,1,126.6605,-13.0000,7.3689,22.2000,26706.5149,-9.4000,7.7377,23.3100,32558.6629,0,176639.0000,183212.0000
2024-03-01,2024,3,Bogota,9,Articulos y utensilios domesticos,0,137.2192,-13.0000,7.3689,22.2000,26706.5149,-9.4000,7.7377,23.3100,32558.6629,0,176639.0000,183212.0000
2024-03-01,2024,3,Bogota,10,Aseo del hogar,0,138.1060,-13.0000,7.3689,22.2000,26706.5149,-9.4000,7.7377,23.3100,32558.6629,0,176639.0000,183212.0000
2024-03-01,2024,3,Bogota,11,Informatica y telecomunicaciones,0,172.9617,-13.0000,7.3689,22.2000,26706.5149,-9.4000,7.7377,23.3100,32558.6629,0,176639.0000,183212.0000
2024-03-01,2024,3,Bogota,12,Sonido y video,0,119.9435,-13.0000,7.3689,22.2000,26706.5149,-9.4000,7.7377,23.3100,32558.6629,0,176639.0000,183212.0000
2024-03-01,2024,3,Bogota,14,"Ferreteria, vidrios y pinturas",0,103.4085,-13.0000,7.3689,22.2000,26706.5149,-9.4000,7.7377,23.3100,32558.6629,0,176639.0000,183212.0000
2024-03-01,2024,3,Bogota,15,Otras mercancias de uso domestico,0,116.2479,-13.0000,7.3689,22.2000,26706.5149,-9.4000,7.7377,23.3100,32558.6629,0,176639.0000,183212.0000
2024-03-01,2024,3,Cundinamarca,4,Prendas de vestir y textiles,0,107.3516,-13.0000,7.3689,22.2000,26706.5149,-9.4000,7.7377,23.3100,32558.6629,0,70385.0000,146267.0000
2024-03-01,2024,3,Cundinamarca,8,Electrodomesticos y muebles,1,149.2994,-13.0000,7.3689,22.2000,26706.5149,-9.4000,7.7377,23.3100,32558.6629,0,70385.0000,146267.0000
2024-03-01,2024,3,Cundinamarca,9,Articulos y utensilios domesticos,0,163.6136,-13.0000,7.3689,22.2000,26706.5149,-9.4000,7.7377,23.3100,32558.6629,0,70385.0000,146267.0000
2024-03-01,2024,3,Cundinamarca,10,Aseo del hogar,0,160.2577,-13.0000,7.3689,22.2000,26706.5149,-9.4000,7.7377,23.3100,32558.6629,0,70385.0000,146267.0000
2024-03-01,2024,3,Cundinamarca,11,Informatica y telecomunicaciones,0,198.0073,-13.0000,7.3689,22.2000,26706.5149,-9.4000,7.7377,23.3100,32558.6629,0,70385.0000,146267.0000
2024-03-01,2024,3,Cundinamarca,12,Sonido y video,0,138.3181,-13.0000,7.3689,22.2000,26706.5149,-9.4000,7.7377,23.3100,32558.6629,0,70385.0000,146267.0000
2024-03-01,2024,3,Cundinamarca,14,"Ferreteria, vidrios y pinturas",0,113.9459,-13.0000,7.3689,22.2000,26706.5149,-9.4000,7.7377,23.3100,32558.6629,0,70385.0000,146267.0000
2024-03-01,2024,3,Cundinamarca,15,Otras mercancias de uso domestico,0,128.3441,-13.0000,7.3689,22.2000,26706.5149,-9.4000,7.7377,23.3100,32558.6629,0,70385.0000,146267.0000
2024-03-01,2024,3,Santander,4,Prendas de vestir y textiles,0,79.1085,-13.0000,7.3689,22.2000,26706.5149,-9.4000,7.7377,23.3100,32558.6629,0,73806.0000,70914.0000
2024-03-01,2024,3,Santander,8,Electrodomesticos y muebles,1,113.9234,-13.0000,7.3689,22.2000,26706.5149,-9.4000,7.7377,23.3100,32558.6629,0,73806.0000,70914.0000
2024-03-01,2024,3,Santander,9,Articulos y utensilios domesticos,0,122.7644,-13.0000,7.3689,22.2000,26706.5149,-9.4000,7.7377,23.3100,32558.6629,0,73806.0000,70914.0000
2024-03-01,2024,3,Santander,10,Aseo del hogar,0,123.7978,-13.0000,7.3689,22.2000,26706.5149,-9.4000,7.7377,23.3100,32558.6629,0,73806.0000,70914.0000
2024-03-01,2024,3,Santander,11,Informatica y telecomunicaciones,0,155.1936,-13.0000,7.3689,22.2000,26706.5149,-9.4000,7.7377,23.3100,32558.6629,0,73806.0000,70914.0000
2024-03-01,2024,3,Santander,12,Sonido y video,0,103.5925,-13.0000,7.3689,22.2000,26706.5149,-9.4000,7.7377,23.3100,32558.6629,0,73806.0000,70914.0000
2024-03-01,2024,3,Santander,14,"Ferreteria, vidrios y pinturas",0,88.5179,-13.0000,7.3689,22.2000,26706.5149,-9.4000,7.7377,23.3100,32558.6629,0,73806.0000,70914.0000
2024-03-01,2024,3,Santander,15,Otras mercancias de uso domestico,0,97.4726,-13.0000,7.3689,22.2000,26706.5149,-9.4000,7.7377,23.3100,32558.6629,0,73806.0000,70914.0000
2024-03-01,2024,3,Valle del Cauca,4,Prendas de vestir y textiles,0,73.0913,-13.0000,7.3689,22.2000,26706.5149,-9.4000,7.7377,23.3100,32558.6629,0,54486.0000,77562.0000
2024-03-01,2024,3,Valle del Cauca,8,Electrodomesticos y muebles,1,104.9720,-13.0000,7.3689,22.2000,26706.5149,-9.4000,7.7377,23.3100,32558.6629,0,54486.0000,77562.0000
2024-03-01,2024,3,Valle del Cauca,9,Articulos y utensilios domesticos,0,116.6266,-13.0000,7.3689,22.2000,26706.5149,-9.4000,7.7377,23.3100,32558.6629,0,54486.0000,77562.0000
2024-03-01,2024,3,Valle del Cauca,10,Aseo del hogar,0,114.8511,-13.0000,7.3689,22.2000,26706.5149,-9.4000,7.7377,23.3100,32558.6629,0,54486.0000,77562.0000
2024-03-01,2024,3,Valle del Cauca,11,Informatica y telecomunicaciones,0,141.7495,-13.0000,7.3689,22.2000,26706.5149,-9.4000,7.7377,23.3100,32558.6629,0,54486.0000,77562.0000
2024-03-01,2024,3,Valle del Cauca,12,Sonido y video,0,94.9732,-13.0000,7.3689,22.2000,26706.5149,-9.4000,7.7377,23.3100,32558.6629,0,54486.0000,77562.0000
2024-03-01,2024,3,Valle del Cauca,14,"Ferreteria, vidrios y pinturas",0,80.5951,-13.0000,7.3689,22.2000,26706.5149,-9.4000,7.7377,23.3100,32558.6629,0,54486.0000,77562.0000
2024-03-01,2024,3,Valle del Cauca,15,Otras mercancias de uso domestico,0,94.2031,-13.0000,7.3689,22.2000,26706.5149,-9.4000,7.7377,23.3100,32558.6629,0,54486.0000,77562.0000
2024-03-01,2024,3,Otros departamentos,4,Prendas de vestir y textiles,0,85.2345,-13.0000,7.3689,22.2000,26706.5149,-9.4000,7.7377,23.3100,32558.6629,0,362747.0000,286017.0000
2024-03-01,2024,3,Otros departamentos,8,Electrodomesticos y muebles,1,121.4410,-13.0000,7.3689,22.2000,26706.5149,-9.4000,7.7377,23.3100,32558.6629,0,362747.0000,286017.0000
2024-03-01,2024,3,Otros departamentos,9,Articulos y utensilios domesticos,0,133.4417,-13.0000,7.3689,22.2000,26706.5149,-9.4000,7.7377,23.3100,32558.6629,0,362747.0000,286017.0000
2024-03-01,2024,3,Otros departamentos,10,Aseo del hogar,0,122.5375,-13.0000,7.3689,22.2000,26706.5149,-9.4000,7.7377,23.3100,32558.6629,0,362747.0000,286017.0000
2024-03-01,2024,3,Otros departamentos,11,Informatica y telecomunicaciones,0,162.7957,-13.0000,7.3689,22.2000,26706.5149,-9.4000,7.7377,23.3100,32558.6629,0,362747.0000,286017.0000
2024-03-01,2024,3,Otros departamentos,12,Sonido y video,0,115.8160,-13.0000,7.3689,22.2000,26706.5149,-9.4000,7.7377,23.3100,32558.6629,0,362747.0000,286017.0000
2024-03-01,2024,3,Otros departamentos,14,"Ferreteria, vidrios y pinturas",0,91.8041,-13.0000,7.3689,22.2000,26706.5149,-9.4000,7.7377,23.3100,32558.6629,0,362747.0000,286017.0000
2024-03-01,2024,3,Otros departamentos,15,Otras mercancias de uso domestico,0,105.0030,-13.0000,7.3689,22.2000,26706.5149,-9.4000,7.7377,23.3100,32558.6629,0,362747.0000,286017.0000
2024-04-01,2024,4,Antioquia,4,Prendas de vestir y textiles,0,77.7625,-11.4000,7.1687,22.0600,38078.2561,-13.0000,7.3689,22.2000,26706.5149,0,107290.0000,191218.0000
2024-04-01,2024,4,Antioquia,8,Electrodomesticos y muebles,1,108.9792,-11.4000,7.1687,22.0600,38078.2561,-13.0000,7.3689,22.2000,26706.5149,0,107290.0000,191218.0000
2024-04-01,2024,4,Antioquia,9,Articulos y utensilios domesticos,0,119.9445,-11.4000,7.1687,22.0600,38078.2561,-13.0000,7.3689,22.2000,26706.5149,0,107290.0000,191218.0000
2024-04-01,2024,4,Antioquia,10,Aseo del hogar,0,125.9255,-11.4000,7.1687,22.0600,38078.2561,-13.0000,7.3689,22.2000,26706.5149,0,107290.0000,191218.0000
2024-04-01,2024,4,Antioquia,11,Informatica y telecomunicaciones,0,155.2272,-11.4000,7.1687,22.0600,38078.2561,-13.0000,7.3689,22.2000,26706.5149,0,107290.0000,191218.0000
2024-04-01,2024,4,Antioquia,12,Sonido y video,0,100.7127,-11.4000,7.1687,22.0600,38078.2561,-13.0000,7.3689,22.2000,26706.5149,0,107290.0000,191218.0000
2024-04-01,2024,4,Antioquia,14,"Ferreteria, vidrios y pinturas",0,102.2009,-11.4000,7.1687,22.0600,38078.2561,-13.0000,7.3689,22.2000,26706.5149,0,107290.0000,191218.0000
2024-04-01,2024,4,Antioquia,15,Otras mercancias de uso domestico,0,101.1932,-11.4000,7.1687,22.0600,38078.2561,-13.0000,7.3689,22.2000,26706.5149,0,107290.0000,191218.0000
2024-04-01,2024,4,Atlantico,4,Prendas de vestir y textiles,0,66.1502,-11.4000,7.1687,22.0600,38078.2561,-13.0000,7.3689,22.2000,26706.5149,0,21932.0000,8124.0000
2024-04-01,2024,4,Atlantico,8,Electrodomesticos y muebles,1,90.5896,-11.4000,7.1687,22.0600,38078.2561,-13.0000,7.3689,22.2000,26706.5149,0,21932.0000,8124.0000
2024-04-01,2024,4,Atlantico,9,Articulos y utensilios domesticos,0,99.8600,-11.4000,7.1687,22.0600,38078.2561,-13.0000,7.3689,22.2000,26706.5149,0,21932.0000,8124.0000
2024-04-01,2024,4,Atlantico,10,Aseo del hogar,0,102.8326,-11.4000,7.1687,22.0600,38078.2561,-13.0000,7.3689,22.2000,26706.5149,0,21932.0000,8124.0000
2024-04-01,2024,4,Atlantico,11,Informatica y telecomunicaciones,0,130.7663,-11.4000,7.1687,22.0600,38078.2561,-13.0000,7.3689,22.2000,26706.5149,0,21932.0000,8124.0000
2024-04-01,2024,4,Atlantico,12,Sonido y video,0,84.3618,-11.4000,7.1687,22.0600,38078.2561,-13.0000,7.3689,22.2000,26706.5149,0,21932.0000,8124.0000
2024-04-01,2024,4,Atlantico,14,"Ferreteria, vidrios y pinturas",0,82.2473,-11.4000,7.1687,22.0600,38078.2561,-13.0000,7.3689,22.2000,26706.5149,0,21932.0000,8124.0000
2024-04-01,2024,4,Atlantico,15,Otras mercancias de uso domestico,0,87.2553,-11.4000,7.1687,22.0600,38078.2561,-13.0000,7.3689,22.2000,26706.5149,0,21932.0000,8124.0000
2024-04-01,2024,4,Bogota,4,Prendas de vestir y textiles,0,80.9537,-11.4000,7.1687,22.0600,38078.2561,-13.0000,7.3689,22.2000,26706.5149,0,333492.0000,176639.0000
2024-04-01,2024,4,Bogota,8,Electrodomesticos y muebles,1,111.7471,-11.4000,7.1687,22.0600,38078.2561,-13.0000,7.3689,22.2000,26706.5149,0,333492.0000,176639.0000
2024-04-01,2024,4,Bogota,9,Articulos y utensilios domesticos,0,122.8839,-11.4000,7.1687,22.0600,38078.2561,-13.0000,7.3689,22.2000,26706.5149,0,333492.0000,176639.0000
2024-04-01,2024,4,Bogota,10,Aseo del hogar,0,131.3530,-11.4000,7.1687,22.0600,38078.2561,-13.0000,7.3689,22.2000,26706.5149,0,333492.0000,176639.0000
2024-04-01,2024,4,Bogota,11,Informatica y telecomunicaciones,0,159.7662,-11.4000,7.1687,22.0600,38078.2561,-13.0000,7.3689,22.2000,26706.5149,0,333492.0000,176639.0000
2024-04-01,2024,4,Bogota,12,Sonido y video,0,106.1111,-11.4000,7.1687,22.0600,38078.2561,-13.0000,7.3689,22.2000,26706.5149,0,333492.0000,176639.0000
2024-04-01,2024,4,Bogota,14,"Ferreteria, vidrios y pinturas",0,104.9854,-11.4000,7.1687,22.0600,38078.2561,-13.0000,7.3689,22.2000,26706.5149,0,333492.0000,176639.0000
2024-04-01,2024,4,Bogota,15,Otras mercancias de uso domestico,0,107.0709,-11.4000,7.1687,22.0600,38078.2561,-13.0000,7.3689,22.2000,26706.5149,0,333492.0000,176639.0000
2024-04-01,2024,4,Cundinamarca,4,Prendas de vestir y textiles,0,94.6820,-11.4000,7.1687,22.0600,38078.2561,-13.0000,7.3689,22.2000,26706.5149,0,176883.0000,70385.0000
2024-04-01,2024,4,Cundinamarca,8,Electrodomesticos y muebles,1,125.4277,-11.4000,7.1687,22.0600,38078.2561,-13.0000,7.3689,22.2000,26706.5149,0,176883.0000,70385.0000
2024-04-01,2024,4,Cundinamarca,9,Articulos y utensilios domesticos,0,139.7207,-11.4000,7.1687,22.0600,38078.2561,-13.0000,7.3689,22.2000,26706.5149,0,176883.0000,70385.0000
2024-04-01,2024,4,Cundinamarca,10,Aseo del hogar,0,145.4779,-11.4000,7.1687,22.0600,38078.2561,-13.0000,7.3689,22.2000,26706.5149,0,176883.0000,70385.0000
2024-04-01,2024,4,Cundinamarca,11,Informatica y telecomunicaciones,0,180.7919,-11.4000,7.1687,22.0600,38078.2561,-13.0000,7.3689,22.2000,26706.5149,0,176883.0000,70385.0000
2024-04-01,2024,4,Cundinamarca,12,Sonido y video,0,119.2444,-11.4000,7.1687,22.0600,38078.2561,-13.0000,7.3689,22.2000,26706.5149,0,176883.0000,70385.0000
2024-04-01,2024,4,Cundinamarca,14,"Ferreteria, vidrios y pinturas",0,117.5579,-11.4000,7.1687,22.0600,38078.2561,-13.0000,7.3689,22.2000,26706.5149,0,176883.0000,70385.0000
2024-04-01,2024,4,Cundinamarca,15,Otras mercancias de uso domestico,0,118.1937,-11.4000,7.1687,22.0600,38078.2561,-13.0000,7.3689,22.2000,26706.5149,0,176883.0000,70385.0000
2024-04-01,2024,4,Santander,4,Prendas de vestir y textiles,0,75.6650,-11.4000,7.1687,22.0600,38078.2561,-13.0000,7.3689,22.2000,26706.5149,0,106818.0000,73806.0000
2024-04-01,2024,4,Santander,8,Electrodomesticos y muebles,1,105.9084,-11.4000,7.1687,22.0600,38078.2561,-13.0000,7.3689,22.2000,26706.5149,0,106818.0000,73806.0000
2024-04-01,2024,4,Santander,9,Articulos y utensilios domesticos,0,109.5517,-11.4000,7.1687,22.0600,38078.2561,-13.0000,7.3689,22.2000,26706.5149,0,106818.0000,73806.0000
2024-04-01,2024,4,Santander,10,Aseo del hogar,0,120.3605,-11.4000,7.1687,22.0600,38078.2561,-13.0000,7.3689,22.2000,26706.5149,0,106818.0000,73806.0000
2024-04-01,2024,4,Santander,11,Informatica y telecomunicaciones,0,154.5744,-11.4000,7.1687,22.0600,38078.2561,-13.0000,7.3689,22.2000,26706.5149,0,106818.0000,73806.0000
2024-04-01,2024,4,Santander,12,Sonido y video,0,98.6928,-11.4000,7.1687,22.0600,38078.2561,-13.0000,7.3689,22.2000,26706.5149,0,106818.0000,73806.0000
2024-04-01,2024,4,Santander,14,"Ferreteria, vidrios y pinturas",0,97.6725,-11.4000,7.1687,22.0600,38078.2561,-13.0000,7.3689,22.2000,26706.5149,0,106818.0000,73806.0000
2024-04-01,2024,4,Santander,15,Otras mercancias de uso domestico,0,96.1046,-11.4000,7.1687,22.0600,38078.2561,-13.0000,7.3689,22.2000,26706.5149,0,106818.0000,73806.0000
2024-04-01,2024,4,Valle del Cauca,4,Prendas de vestir y textiles,0,66.3792,-11.4000,7.1687,22.0600,38078.2561,-13.0000,7.3689,22.2000,26706.5149,0,99843.0000,54486.0000
2024-04-01,2024,4,Valle del Cauca,8,Electrodomesticos y muebles,1,94.2022,-11.4000,7.1687,22.0600,38078.2561,-13.0000,7.3689,22.2000,26706.5149,0,99843.0000,54486.0000
2024-04-01,2024,4,Valle del Cauca,9,Articulos y utensilios domesticos,0,101.2405,-11.4000,7.1687,22.0600,38078.2561,-13.0000,7.3689,22.2000,26706.5149,0,99843.0000,54486.0000
2024-04-01,2024,4,Valle del Cauca,10,Aseo del hogar,0,107.8703,-11.4000,7.1687,22.0600,38078.2561,-13.0000,7.3689,22.2000,26706.5149,0,99843.0000,54486.0000
2024-04-01,2024,4,Valle del Cauca,11,Informatica y telecomunicaciones,0,132.9787,-11.4000,7.1687,22.0600,38078.2561,-13.0000,7.3689,22.2000,26706.5149,0,99843.0000,54486.0000
2024-04-01,2024,4,Valle del Cauca,12,Sonido y video,0,84.1056,-11.4000,7.1687,22.0600,38078.2561,-13.0000,7.3689,22.2000,26706.5149,0,99843.0000,54486.0000
2024-04-01,2024,4,Valle del Cauca,14,"Ferreteria, vidrios y pinturas",0,83.4558,-11.4000,7.1687,22.0600,38078.2561,-13.0000,7.3689,22.2000,26706.5149,0,99843.0000,54486.0000
2024-04-01,2024,4,Valle del Cauca,15,Otras mercancias de uso domestico,0,85.9540,-11.4000,7.1687,22.0600,38078.2561,-13.0000,7.3689,22.2000,26706.5149,0,99843.0000,54486.0000
2024-04-01,2024,4,Otros departamentos,4,Prendas de vestir y textiles,0,79.8210,-11.4000,7.1687,22.0600,38078.2561,-13.0000,7.3689,22.2000,26706.5149,0,537462.0000,362747.0000
2024-04-01,2024,4,Otros departamentos,8,Electrodomesticos y muebles,1,111.8152,-11.4000,7.1687,22.0600,38078.2561,-13.0000,7.3689,22.2000,26706.5149,0,537462.0000,362747.0000
2024-04-01,2024,4,Otros departamentos,9,Articulos y utensilios domesticos,0,120.3280,-11.4000,7.1687,22.0600,38078.2561,-13.0000,7.3689,22.2000,26706.5149,0,537462.0000,362747.0000
2024-04-01,2024,4,Otros departamentos,10,Aseo del hogar,0,119.1565,-11.4000,7.1687,22.0600,38078.2561,-13.0000,7.3689,22.2000,26706.5149,0,537462.0000,362747.0000
2024-04-01,2024,4,Otros departamentos,11,Informatica y telecomunicaciones,0,159.5500,-11.4000,7.1687,22.0600,38078.2561,-13.0000,7.3689,22.2000,26706.5149,0,537462.0000,362747.0000
2024-04-01,2024,4,Otros departamentos,12,Sonido y video,0,107.7431,-11.4000,7.1687,22.0600,38078.2561,-13.0000,7.3689,22.2000,26706.5149,0,537462.0000,362747.0000
2024-04-01,2024,4,Otros departamentos,14,"Ferreteria, vidrios y pinturas",0,100.2872,-11.4000,7.1687,22.0600,38078.2561,-13.0000,7.3689,22.2000,26706.5149,0,537462.0000,362747.0000
2024-04-01,2024,4,Otros departamentos,15,Otras mercancias de uso domestico,0,103.8466,-11.4000,7.1687,22.0600,38078.2561,-13.0000,7.3689,22.2000,26706.5149,0,537462.0000,362747.0000
2024-05-01,2024,5,Antioquia,4,Prendas de vestir y textiles,0,93.7505,-14.1000,7.1525,21.0200,34758.4130,-11.4000,7.1687,22.0600,38078.2561,0,304116.0000,107290.0000
2024-05-01,2024,5,Antioquia,8,Electrodomesticos y muebles,1,122.1642,-14.1000,7.1525,21.0200,34758.4130,-11.4000,7.1687,22.0600,38078.2561,0,304116.0000,107290.0000
2024-05-01,2024,5,Antioquia,9,Articulos y utensilios domesticos,0,125.7107,-14.1000,7.1525,21.0200,34758.4130,-11.4000,7.1687,22.0600,38078.2561,0,304116.0000,107290.0000
2024-05-01,2024,5,Antioquia,10,Aseo del hogar,0,131.8071,-14.1000,7.1525,21.0200,34758.4130,-11.4000,7.1687,22.0600,38078.2561,0,304116.0000,107290.0000
2024-05-01,2024,5,Antioquia,11,Informatica y telecomunicaciones,0,173.5798,-14.1000,7.1525,21.0200,34758.4130,-11.4000,7.1687,22.0600,38078.2561,0,304116.0000,107290.0000
2024-05-01,2024,5,Antioquia,12,Sonido y video,0,119.5065,-14.1000,7.1525,21.0200,34758.4130,-11.4000,7.1687,22.0600,38078.2561,0,304116.0000,107290.0000
2024-05-01,2024,5,Antioquia,14,"Ferreteria, vidrios y pinturas",0,100.0806,-14.1000,7.1525,21.0200,34758.4130,-11.4000,7.1687,22.0600,38078.2561,0,304116.0000,107290.0000
2024-05-01,2024,5,Antioquia,15,Otras mercancias de uso domestico,0,110.7722,-14.1000,7.1525,21.0200,34758.4130,-11.4000,7.1687,22.0600,38078.2561,0,304116.0000,107290.0000
2024-05-01,2024,5,Atlantico,4,Prendas de vestir y textiles,0,76.8906,-14.1000,7.1525,21.0200,34758.4130,-11.4000,7.1687,22.0600,38078.2561,0,29519.0000,21932.0000
2024-05-01,2024,5,Atlantico,8,Electrodomesticos y muebles,1,94.0702,-14.1000,7.1525,21.0200,34758.4130,-11.4000,7.1687,22.0600,38078.2561,0,29519.0000,21932.0000
2024-05-01,2024,5,Atlantico,9,Articulos y utensilios domesticos,0,100.4131,-14.1000,7.1525,21.0200,34758.4130,-11.4000,7.1687,22.0600,38078.2561,0,29519.0000,21932.0000
2024-05-01,2024,5,Atlantico,10,Aseo del hogar,0,106.8400,-14.1000,7.1525,21.0200,34758.4130,-11.4000,7.1687,22.0600,38078.2561,0,29519.0000,21932.0000
2024-05-01,2024,5,Atlantico,11,Informatica y telecomunicaciones,0,139.0199,-14.1000,7.1525,21.0200,34758.4130,-11.4000,7.1687,22.0600,38078.2561,0,29519.0000,21932.0000
2024-05-01,2024,5,Atlantico,12,Sonido y video,0,94.7843,-14.1000,7.1525,21.0200,34758.4130,-11.4000,7.1687,22.0600,38078.2561,0,29519.0000,21932.0000
2024-05-01,2024,5,Atlantico,14,"Ferreteria, vidrios y pinturas",0,75.4113,-14.1000,7.1525,21.0200,34758.4130,-11.4000,7.1687,22.0600,38078.2561,0,29519.0000,21932.0000
2024-05-01,2024,5,Atlantico,15,Otras mercancias de uso domestico,0,89.5013,-14.1000,7.1525,21.0200,34758.4130,-11.4000,7.1687,22.0600,38078.2561,0,29519.0000,21932.0000
2024-05-01,2024,5,Bogota,4,Prendas de vestir y textiles,0,97.3074,-14.1000,7.1525,21.0200,34758.4130,-11.4000,7.1687,22.0600,38078.2561,0,122520.0000,333492.0000
2024-05-01,2024,5,Bogota,8,Electrodomesticos y muebles,1,125.1035,-14.1000,7.1525,21.0200,34758.4130,-11.4000,7.1687,22.0600,38078.2561,0,122520.0000,333492.0000
2024-05-01,2024,5,Bogota,9,Articulos y utensilios domesticos,0,127.1306,-14.1000,7.1525,21.0200,34758.4130,-11.4000,7.1687,22.0600,38078.2561,0,122520.0000,333492.0000
2024-05-01,2024,5,Bogota,10,Aseo del hogar,0,138.2822,-14.1000,7.1525,21.0200,34758.4130,-11.4000,7.1687,22.0600,38078.2561,0,122520.0000,333492.0000
2024-05-01,2024,5,Bogota,11,Informatica y telecomunicaciones,0,179.5413,-14.1000,7.1525,21.0200,34758.4130,-11.4000,7.1687,22.0600,38078.2561,0,122520.0000,333492.0000
2024-05-01,2024,5,Bogota,12,Sonido y video,0,126.3313,-14.1000,7.1525,21.0200,34758.4130,-11.4000,7.1687,22.0600,38078.2561,0,122520.0000,333492.0000
2024-05-01,2024,5,Bogota,14,"Ferreteria, vidrios y pinturas",0,99.3940,-14.1000,7.1525,21.0200,34758.4130,-11.4000,7.1687,22.0600,38078.2561,0,122520.0000,333492.0000
2024-05-01,2024,5,Bogota,15,Otras mercancias de uso domestico,0,115.1047,-14.1000,7.1525,21.0200,34758.4130,-11.4000,7.1687,22.0600,38078.2561,0,122520.0000,333492.0000
2024-05-01,2024,5,Cundinamarca,4,Prendas de vestir y textiles,0,114.2814,-14.1000,7.1525,21.0200,34758.4130,-11.4000,7.1687,22.0600,38078.2561,0,200853.0000,176883.0000
2024-05-01,2024,5,Cundinamarca,8,Electrodomesticos y muebles,1,138.2187,-14.1000,7.1525,21.0200,34758.4130,-11.4000,7.1687,22.0600,38078.2561,0,200853.0000,176883.0000
2024-05-01,2024,5,Cundinamarca,9,Articulos y utensilios domesticos,0,152.0973,-14.1000,7.1525,21.0200,34758.4130,-11.4000,7.1687,22.0600,38078.2561,0,200853.0000,176883.0000
2024-05-01,2024,5,Cundinamarca,10,Aseo del hogar,0,152.1258,-14.1000,7.1525,21.0200,34758.4130,-11.4000,7.1687,22.0600,38078.2561,0,200853.0000,176883.0000
2024-05-01,2024,5,Cundinamarca,11,Informatica y telecomunicaciones,0,205.1829,-14.1000,7.1525,21.0200,34758.4130,-11.4000,7.1687,22.0600,38078.2561,0,200853.0000,176883.0000
2024-05-01,2024,5,Cundinamarca,12,Sonido y video,0,142.3539,-14.1000,7.1525,21.0200,34758.4130,-11.4000,7.1687,22.0600,38078.2561,0,200853.0000,176883.0000
2024-05-01,2024,5,Cundinamarca,14,"Ferreteria, vidrios y pinturas",0,113.6799,-14.1000,7.1525,21.0200,34758.4130,-11.4000,7.1687,22.0600,38078.2561,0,200853.0000,176883.0000
2024-05-01,2024,5,Cundinamarca,15,Otras mercancias de uso domestico,0,129.6903,-14.1000,7.1525,21.0200,34758.4130,-11.4000,7.1687,22.0600,38078.2561,0,200853.0000,176883.0000
2024-05-01,2024,5,Santander,4,Prendas de vestir y textiles,0,88.7328,-14.1000,7.1525,21.0200,34758.4130,-11.4000,7.1687,22.0600,38078.2561,0,31683.0000,106818.0000
2024-05-01,2024,5,Santander,8,Electrodomesticos y muebles,1,109.0444,-14.1000,7.1525,21.0200,34758.4130,-11.4000,7.1687,22.0600,38078.2561,0,31683.0000,106818.0000
2024-05-01,2024,5,Santander,9,Articulos y utensilios domesticos,0,115.4492,-14.1000,7.1525,21.0200,34758.4130,-11.4000,7.1687,22.0600,38078.2561,0,31683.0000,106818.0000
2024-05-01,2024,5,Santander,10,Aseo del hogar,0,120.7833,-14.1000,7.1525,21.0200,34758.4130,-11.4000,7.1687,22.0600,38078.2561,0,31683.0000,106818.0000
2024-05-01,2024,5,Santander,11,Informatica y telecomunicaciones,0,167.2404,-14.1000,7.1525,21.0200,34758.4130,-11.4000,7.1687,22.0600,38078.2561,0,31683.0000,106818.0000
2024-05-01,2024,5,Santander,12,Sonido y video,0,111.8549,-14.1000,7.1525,21.0200,34758.4130,-11.4000,7.1687,22.0600,38078.2561,0,31683.0000,106818.0000
2024-05-01,2024,5,Santander,14,"Ferreteria, vidrios y pinturas",0,91.1694,-14.1000,7.1525,21.0200,34758.4130,-11.4000,7.1687,22.0600,38078.2561,0,31683.0000,106818.0000
2024-05-01,2024,5,Santander,15,Otras mercancias de uso domestico,0,101.3999,-14.1000,7.1525,21.0200,34758.4130,-11.4000,7.1687,22.0600,38078.2561,0,31683.0000,106818.0000
2024-05-01,2024,5,Valle del Cauca,4,Prendas de vestir y textiles,0,80.6547,-14.1000,7.1525,21.0200,34758.4130,-11.4000,7.1687,22.0600,38078.2561,0,71514.0000,99843.0000
2024-05-01,2024,5,Valle del Cauca,8,Electrodomesticos y muebles,1,106.5107,-14.1000,7.1525,21.0200,34758.4130,-11.4000,7.1687,22.0600,38078.2561,0,71514.0000,99843.0000
2024-05-01,2024,5,Valle del Cauca,9,Articulos y utensilios domesticos,0,109.9313,-14.1000,7.1525,21.0200,34758.4130,-11.4000,7.1687,22.0600,38078.2561,0,71514.0000,99843.0000
2024-05-01,2024,5,Valle del Cauca,10,Aseo del hogar,0,112.2677,-14.1000,7.1525,21.0200,34758.4130,-11.4000,7.1687,22.0600,38078.2561,0,71514.0000,99843.0000
2024-05-01,2024,5,Valle del Cauca,11,Informatica y telecomunicaciones,0,155.5105,-14.1000,7.1525,21.0200,34758.4130,-11.4000,7.1687,22.0600,38078.2561,0,71514.0000,99843.0000
2024-05-01,2024,5,Valle del Cauca,12,Sonido y video,0,104.0184,-14.1000,7.1525,21.0200,34758.4130,-11.4000,7.1687,22.0600,38078.2561,0,71514.0000,99843.0000
2024-05-01,2024,5,Valle del Cauca,14,"Ferreteria, vidrios y pinturas",0,85.3958,-14.1000,7.1525,21.0200,34758.4130,-11.4000,7.1687,22.0600,38078.2561,0,71514.0000,99843.0000
2024-05-01,2024,5,Valle del Cauca,15,Otras mercancias de uso domestico,0,95.3456,-14.1000,7.1525,21.0200,34758.4130,-11.4000,7.1687,22.0600,38078.2561,0,71514.0000,99843.0000
2024-05-01,2024,5,Otros departamentos,4,Prendas de vestir y textiles,0,92.0537,-14.1000,7.1525,21.0200,34758.4130,-11.4000,7.1687,22.0600,38078.2561,0,463703.0000,537462.0000
2024-05-01,2024,5,Otros departamentos,8,Electrodomesticos y muebles,1,117.6453,-14.1000,7.1525,21.0200,34758.4130,-11.4000,7.1687,22.0600,38078.2561,0,463703.0000,537462.0000
2024-05-01,2024,5,Otros departamentos,9,Articulos y utensilios domesticos,0,125.3339,-14.1000,7.1525,21.0200,34758.4130,-11.4000,7.1687,22.0600,38078.2561,0,463703.0000,537462.0000
2024-05-01,2024,5,Otros departamentos,10,Aseo del hogar,0,122.2090,-14.1000,7.1525,21.0200,34758.4130,-11.4000,7.1687,22.0600,38078.2561,0,463703.0000,537462.0000
2024-05-01,2024,5,Otros departamentos,11,Informatica y telecomunicaciones,0,174.7125,-14.1000,7.1525,21.0200,34758.4130,-11.4000,7.1687,22.0600,38078.2561,0,463703.0000,537462.0000
2024-05-01,2024,5,Otros departamentos,12,Sonido y video,0,125.8938,-14.1000,7.1525,21.0200,34758.4130,-11.4000,7.1687,22.0600,38078.2561,0,463703.0000,537462.0000
2024-05-01,2024,5,Otros departamentos,14,"Ferreteria, vidrios y pinturas",0,97.5800,-14.1000,7.1525,21.0200,34758.4130,-11.4000,7.1687,22.0600,38078.2561,0,463703.0000,537462.0000
2024-05-01,2024,5,Otros departamentos,15,Otras mercancias de uso domestico,0,105.7797,-14.1000,7.1525,21.0200,34758.4130,-11.4000,7.1687,22.0600,38078.2561,0,463703.0000,537462.0000
2024-06-01,2024,6,Antioquia,4,Prendas de vestir y textiles,0,105.9600,-12.7000,7.1760,20.5600,32379.5524,-14.1000,7.1525,21.0200,34758.4130,0,114504.0000,304116.0000
2024-06-01,2024,6,Antioquia,8,Electrodomesticos y muebles,1,122.6558,-12.7000,7.1760,20.5600,32379.5524,-14.1000,7.1525,21.0200,34758.4130,0,114504.0000,304116.0000
2024-06-01,2024,6,Antioquia,9,Articulos y utensilios domesticos,0,128.6381,-12.7000,7.1760,20.5600,32379.5524,-14.1000,7.1525,21.0200,34758.4130,0,114504.0000,304116.0000
2024-06-01,2024,6,Antioquia,10,Aseo del hogar,0,130.2662,-12.7000,7.1760,20.5600,32379.5524,-14.1000,7.1525,21.0200,34758.4130,0,114504.0000,304116.0000
2024-06-01,2024,6,Antioquia,11,Informatica y telecomunicaciones,0,165.5230,-12.7000,7.1760,20.5600,32379.5524,-14.1000,7.1525,21.0200,34758.4130,0,114504.0000,304116.0000
2024-06-01,2024,6,Antioquia,12,Sonido y video,0,144.9441,-12.7000,7.1760,20.5600,32379.5524,-14.1000,7.1525,21.0200,34758.4130,0,114504.0000,304116.0000
2024-06-01,2024,6,Antioquia,14,"Ferreteria, vidrios y pinturas",0,99.0317,-12.7000,7.1760,20.5600,32379.5524,-14.1000,7.1525,21.0200,34758.4130,0,114504.0000,304116.0000
2024-06-01,2024,6,Antioquia,15,Otras mercancias de uso domestico,0,108.6793,-12.7000,7.1760,20.5600,32379.5524,-14.1000,7.1525,21.0200,34758.4130,0,114504.0000,304116.0000
2024-06-01,2024,6,Atlantico,4,Prendas de vestir y textiles,0,93.0089,-12.7000,7.1760,20.5600,32379.5524,-14.1000,7.1525,21.0200,34758.4130,0,11115.0000,29519.0000
2024-06-01,2024,6,Atlantico,8,Electrodomesticos y muebles,1,96.4082,-12.7000,7.1760,20.5600,32379.5524,-14.1000,7.1525,21.0200,34758.4130,0,11115.0000,29519.0000
2024-06-01,2024,6,Atlantico,9,Articulos y utensilios domesticos,0,108.6704,-12.7000,7.1760,20.5600,32379.5524,-14.1000,7.1525,21.0200,34758.4130,0,11115.0000,29519.0000
2024-06-01,2024,6,Atlantico,10,Aseo del hogar,0,109.9312,-12.7000,7.1760,20.5600,32379.5524,-14.1000,7.1525,21.0200,34758.4130,0,11115.0000,29519.0000
2024-06-01,2024,6,Atlantico,11,Informatica y telecomunicaciones,0,139.1771,-12.7000,7.1760,20.5600,32379.5524,-14.1000,7.1525,21.0200,34758.4130,0,11115.0000,29519.0000
2024-06-01,2024,6,Atlantico,12,Sonido y video,0,123.2536,-12.7000,7.1760,20.5600,32379.5524,-14.1000,7.1525,21.0200,34758.4130,0,11115.0000,29519.0000
2024-06-01,2024,6,Atlantico,14,"Ferreteria, vidrios y pinturas",0,77.8392,-12.7000,7.1760,20.5600,32379.5524,-14.1000,7.1525,21.0200,34758.4130,0,11115.0000,29519.0000
2024-06-01,2024,6,Atlantico,15,Otras mercancias de uso domestico,0,91.2987,-12.7000,7.1760,20.5600,32379.5524,-14.1000,7.1525,21.0200,34758.4130,0,11115.0000,29519.0000
2024-06-01,2024,6,Bogota,4,Prendas de vestir y textiles,0,113.7548,-12.7000,7.1760,20.5600,32379.5524,-14.1000,7.1525,21.0200,34758.4130,0,172122.0000,122520.0000
2024-06-01,2024,6,Bogota,8,Electrodomesticos y muebles,1,128.3974,-12.7000,7.1760,20.5600,32379.5524,-14.1000,7.1525,21.0200,34758.4130,0,172122.0000,122520.0000
2024-06-01,2024,6,Bogota,9,Articulos y utensilios domesticos,0,131.3871,-12.7000,7.1760,20.5600,32379.5524,-14.1000,7.1525,21.0200,34758.4130,0,172122.0000,122520.0000
2024-06-01,2024,6,Bogota,10,Aseo del hogar,0,139.2476,-12.7000,7.1760,20.5600,32379.5524,-14.1000,7.1525,21.0200,34758.4130,0,172122.0000,122520.0000
2024-06-01,2024,6,Bogota,11,Informatica y telecomunicaciones,0,174.4199,-12.7000,7.1760,20.5600,32379.5524,-14.1000,7.1525,21.0200,34758.4130,0,172122.0000,122520.0000
2024-06-01,2024,6,Bogota,12,Sonido y video,0,158.7323,-12.7000,7.1760,20.5600,32379.5524,-14.1000,7.1525,21.0200,34758.4130,0,172122.0000,122520.0000
2024-06-01,2024,6,Bogota,14,"Ferreteria, vidrios y pinturas",0,98.4099,-12.7000,7.1760,20.5600,32379.5524,-14.1000,7.1525,21.0200,34758.4130,0,172122.0000,122520.0000
2024-06-01,2024,6,Bogota,15,Otras mercancias de uso domestico,0,115.6095,-12.7000,7.1760,20.5600,32379.5524,-14.1000,7.1525,21.0200,34758.4130,0,172122.0000,122520.0000
2024-06-01,2024,6,Cundinamarca,4,Prendas de vestir y textiles,0,130.3019,-12.7000,7.1760,20.5600,32379.5524,-14.1000,7.1525,21.0200,34758.4130,0,91413.0000,200853.0000
2024-06-01,2024,6,Cundinamarca,8,Electrodomesticos y muebles,1,133.9278,-12.7000,7.1760,20.5600,32379.5524,-14.1000,7.1525,21.0200,34758.4130,0,91413.0000,200853.0000
2024-06-01,2024,6,Cundinamarca,9,Articulos y utensilios domesticos,0,154.2704,-12.7000,7.1760,20.5600,32379.5524,-14.1000,7.1525,21.0200,34758.4130,0,91413.0000,200853.0000
2024-06-01,2024,6,Cundinamarca,10,Aseo del hogar,0,150.5258,-12.7000,7.1760,20.5600,32379.5524,-14.1000,7.1525,21.0200,34758.4130,0,91413.0000,200853.0000
2024-06-01,2024,6,Cundinamarca,11,Informatica y telecomunicaciones,0,190.9262,-12.7000,7.1760,20.5600,32379.5524,-14.1000,7.1525,21.0200,34758.4130,0,91413.0000,200853.0000
2024-06-01,2024,6,Cundinamarca,12,Sonido y video,0,176.4305,-12.7000,7.1760,20.5600,32379.5524,-14.1000,7.1525,21.0200,34758.4130,0,91413.0000,200853.0000
2024-06-01,2024,6,Cundinamarca,14,"Ferreteria, vidrios y pinturas",0,112.4724,-12.7000,7.1760,20.5600,32379.5524,-14.1000,7.1525,21.0200,34758.4130,0,91413.0000,200853.0000
2024-06-01,2024,6,Cundinamarca,15,Otras mercancias de uso domestico,0,129.4773,-12.7000,7.1760,20.5600,32379.5524,-14.1000,7.1525,21.0200,34758.4130,0,91413.0000,200853.0000
2024-06-01,2024,6,Santander,4,Prendas de vestir y textiles,0,105.1959,-12.7000,7.1760,20.5600,32379.5524,-14.1000,7.1525,21.0200,34758.4130,0,46909.0000,31683.0000
2024-06-01,2024,6,Santander,8,Electrodomesticos y muebles,1,107.2814,-12.7000,7.1760,20.5600,32379.5524,-14.1000,7.1525,21.0200,34758.4130,0,46909.0000,31683.0000
2024-06-01,2024,6,Santander,9,Articulos y utensilios domesticos,0,118.7925,-12.7000,7.1760,20.5600,32379.5524,-14.1000,7.1525,21.0200,34758.4130,0,46909.0000,31683.0000
2024-06-01,2024,6,Santander,10,Aseo del hogar,0,127.8564,-12.7000,7.1760,20.5600,32379.5524,-14.1000,7.1525,21.0200,34758.4130,0,46909.0000,31683.0000
2024-06-01,2024,6,Santander,11,Informatica y telecomunicaciones,0,158.5729,-12.7000,7.1760,20.5600,32379.5524,-14.1000,7.1525,21.0200,34758.4130,0,46909.0000,31683.0000
2024-06-01,2024,6,Santander,12,Sonido y video,0,142.8587,-12.7000,7.1760,20.5600,32379.5524,-14.1000,7.1525,21.0200,34758.4130,0,46909.0000,31683.0000
2024-06-01,2024,6,Santander,14,"Ferreteria, vidrios y pinturas",0,89.7945,-12.7000,7.1760,20.5600,32379.5524,-14.1000,7.1525,21.0200,34758.4130,0,46909.0000,31683.0000
2024-06-01,2024,6,Santander,15,Otras mercancias de uso domestico,0,102.9991,-12.7000,7.1760,20.5600,32379.5524,-14.1000,7.1525,21.0200,34758.4130,0,46909.0000,31683.0000
2024-06-01,2024,6,Valle del Cauca,4,Prendas de vestir y textiles,0,92.0170,-12.7000,7.1760,20.5600,32379.5524,-14.1000,7.1525,21.0200,34758.4130,0,81205.0000,71514.0000
2024-06-01,2024,6,Valle del Cauca,8,Electrodomesticos y muebles,1,103.9473,-12.7000,7.1760,20.5600,32379.5524,-14.1000,7.1525,21.0200,34758.4130,0,81205.0000,71514.0000
2024-06-01,2024,6,Valle del Cauca,9,Articulos y utensilios domesticos,0,111.5626,-12.7000,7.1760,20.5600,32379.5524,-14.1000,7.1525,21.0200,34758.4130,0,81205.0000,71514.0000
2024-06-01,2024,6,Valle del Cauca,10,Aseo del hogar,0,111.1543,-12.7000,7.1760,20.5600,32379.5524,-14.1000,7.1525,21.0200,34758.4130,0,81205.0000,71514.0000
2024-06-01,2024,6,Valle del Cauca,11,Informatica y telecomunicaciones,0,143.3320,-12.7000,7.1760,20.5600,32379.5524,-14.1000,7.1525,21.0200,34758.4130,0,81205.0000,71514.0000
2024-06-01,2024,6,Valle del Cauca,12,Sonido y video,0,128.4339,-12.7000,7.1760,20.5600,32379.5524,-14.1000,7.1525,21.0200,34758.4130,0,81205.0000,71514.0000
2024-06-01,2024,6,Valle del Cauca,14,"Ferreteria, vidrios y pinturas",0,80.8411,-12.7000,7.1760,20.5600,32379.5524,-14.1000,7.1525,21.0200,34758.4130,0,81205.0000,71514.0000
2024-06-01,2024,6,Valle del Cauca,15,Otras mercancias de uso domestico,0,94.2523,-12.7000,7.1760,20.5600,32379.5524,-14.1000,7.1525,21.0200,34758.4130,0,81205.0000,71514.0000
2024-06-01,2024,6,Otros departamentos,4,Prendas de vestir y textiles,0,110.6398,-12.7000,7.1760,20.5600,32379.5524,-14.1000,7.1525,21.0200,34758.4130,0,429417.0000,463703.0000
2024-06-01,2024,6,Otros departamentos,8,Electrodomesticos y muebles,1,117.8005,-12.7000,7.1760,20.5600,32379.5524,-14.1000,7.1525,21.0200,34758.4130,0,429417.0000,463703.0000
2024-06-01,2024,6,Otros departamentos,9,Articulos y utensilios domesticos,0,128.4320,-12.7000,7.1760,20.5600,32379.5524,-14.1000,7.1525,21.0200,34758.4130,0,429417.0000,463703.0000
2024-06-01,2024,6,Otros departamentos,10,Aseo del hogar,0,124.0226,-12.7000,7.1760,20.5600,32379.5524,-14.1000,7.1525,21.0200,34758.4130,0,429417.0000,463703.0000
2024-06-01,2024,6,Otros departamentos,11,Informatica y telecomunicaciones,0,159.7542,-12.7000,7.1760,20.5600,32379.5524,-14.1000,7.1525,21.0200,34758.4130,0,429417.0000,463703.0000
2024-06-01,2024,6,Otros departamentos,12,Sonido y video,0,148.0173,-12.7000,7.1760,20.5600,32379.5524,-14.1000,7.1525,21.0200,34758.4130,0,429417.0000,463703.0000
2024-06-01,2024,6,Otros departamentos,14,"Ferreteria, vidrios y pinturas",0,96.0888,-12.7000,7.1760,20.5600,32379.5524,-14.1000,7.1525,21.0200,34758.4130,0,429417.0000,463703.0000
2024-06-01,2024,6,Otros departamentos,15,Otras mercancias de uso domestico,0,103.7146,-12.7000,7.1760,20.5600,32379.5524,-14.1000,7.1525,21.0200,34758.4130,0,429417.0000,463703.0000
2024-07-01,2024,7,Antioquia,4,Prendas de vestir y textiles,0,94.7721,-9.0000,6.8576,19.6600,38012.8995,-12.7000,7.1760,20.5600,32379.5524,0,183413.0000,114504.0000
2024-07-01,2024,7,Antioquia,8,Electrodomesticos y muebles,1,132.2575,-9.0000,6.8576,19.6600,38012.8995,-12.7000,7.1760,20.5600,32379.5524,0,183413.0000,114504.0000
2024-07-01,2024,7,Antioquia,9,Articulos y utensilios domesticos,0,134.2874,-9.0000,6.8576,19.6600,38012.8995,-12.7000,7.1760,20.5600,32379.5524,0,183413.0000,114504.0000
2024-07-01,2024,7,Antioquia,10,Aseo del hogar,0,129.5649,-9.0000,6.8576,19.6600,38012.8995,-12.7000,7.1760,20.5600,32379.5524,0,183413.0000,114504.0000
2024-07-01,2024,7,Antioquia,11,Informatica y telecomunicaciones,0,179.2420,-9.0000,6.8576,19.6600,38012.8995,-12.7000,7.1760,20.5600,32379.5524,0,183413.0000,114504.0000
2024-07-01,2024,7,Antioquia,12,Sonido y video,0,148.5025,-9.0000,6.8576,19.6600,38012.8995,-12.7000,7.1760,20.5600,32379.5524,0,183413.0000,114504.0000
2024-07-01,2024,7,Antioquia,14,"Ferreteria, vidrios y pinturas",0,107.7724,-9.0000,6.8576,19.6600,38012.8995,-12.7000,7.1760,20.5600,32379.5524,0,183413.0000,114504.0000
2024-07-01,2024,7,Antioquia,15,Otras mercancias de uso domestico,0,109.6917,-9.0000,6.8576,19.6600,38012.8995,-12.7000,7.1760,20.5600,32379.5524,0,183413.0000,114504.0000
2024-07-01,2024,7,Atlantico,4,Prendas de vestir y textiles,0,82.6592,-9.0000,6.8576,19.6600,38012.8995,-12.7000,7.1760,20.5600,32379.5524,0,77526.0000,11115.0000
2024-07-01,2024,7,Atlantico,8,Electrodomesticos y muebles,1,105.7564,-9.0000,6.8576,19.6600,38012.8995,-12.7000,7.1760,20.5600,32379.5524,0,77526.0000,11115.0000
2024-07-01,2024,7,Atlantico,9,Articulos y utensilios domesticos,0,113.8445,-9.0000,6.8576,19.6600,38012.8995,-12.7000,7.1760,20.5600,32379.5524,0,77526.0000,11115.0000
2024-07-01,2024,7,Atlantico,10,Aseo del hogar,0,111.4362,-9.0000,6.8576,19.6600,38012.8995,-12.7000,7.1760,20.5600,32379.5524,0,77526.0000,11115.0000
2024-07-01,2024,7,Atlantico,11,Informatica y telecomunicaciones,0,149.1838,-9.0000,6.8576,19.6600,38012.8995,-12.7000,7.1760,20.5600,32379.5524,0,77526.0000,11115.0000
2024-07-01,2024,7,Atlantico,12,Sonido y video,0,125.8482,-9.0000,6.8576,19.6600,38012.8995,-12.7000,7.1760,20.5600,32379.5524,0,77526.0000,11115.0000
2024-07-01,2024,7,Atlantico,14,"Ferreteria, vidrios y pinturas",0,87.9575,-9.0000,6.8576,19.6600,38012.8995,-12.7000,7.1760,20.5600,32379.5524,0,77526.0000,11115.0000
2024-07-01,2024,7,Atlantico,15,Otras mercancias de uso domestico,0,93.5252,-9.0000,6.8576,19.6600,38012.8995,-12.7000,7.1760,20.5600,32379.5524,0,77526.0000,11115.0000
2024-07-01,2024,7,Bogota,4,Prendas de vestir y textiles,0,100.0744,-9.0000,6.8576,19.6600,38012.8995,-12.7000,7.1760,20.5600,32379.5524,0,158390.0000,172122.0000
2024-07-01,2024,7,Bogota,8,Electrodomesticos y muebles,1,136.8868,-9.0000,6.8576,19.6600,38012.8995,-12.7000,7.1760,20.5600,32379.5524,0,158390.0000,172122.0000
2024-07-01,2024,7,Bogota,9,Articulos y utensilios domesticos,0,137.0256,-9.0000,6.8576,19.6600,38012.8995,-12.7000,7.1760,20.5600,32379.5524,0,158390.0000,172122.0000
2024-07-01,2024,7,Bogota,10,Aseo del hogar,0,136.0548,-9.0000,6.8576,19.6600,38012.8995,-12.7000,7.1760,20.5600,32379.5524,0,158390.0000,172122.0000
2024-07-01,2024,7,Bogota,11,Informatica y telecomunicaciones,0,187.9692,-9.0000,6.8576,19.6600,38012.8995,-12.7000,7.1760,20.5600,32379.5524,0,158390.0000,172122.0000
2024-07-01,2024,7,Bogota,12,Sonido y video,0,160.6971,-9.0000,6.8576,19.6600,38012.8995,-12.7000,7.1760,20.5600,32379.5524,0,158390.0000,172122.0000
2024-07-01,2024,7,Bogota,14,"Ferreteria, vidrios y pinturas",0,109.7711,-9.0000,6.8576,19.6600,38012.8995,-12.7000,7.1760,20.5600,32379.5524,0,158390.0000,172122.0000
2024-07-01,2024,7,Bogota,15,Otras mercancias de uso domestico,0,116.1370,-9.0000,6.8576,19.6600,38012.8995,-12.7000,7.1760,20.5600,32379.5524,0,158390.0000,172122.0000
2024-07-01,2024,7,Cundinamarca,4,Prendas de vestir y textiles,0,116.6335,-9.0000,6.8576,19.6600,38012.8995,-12.7000,7.1760,20.5600,32379.5524,0,163017.0000,91413.0000
2024-07-01,2024,7,Cundinamarca,8,Electrodomesticos y muebles,1,151.8440,-9.0000,6.8576,19.6600,38012.8995,-12.7000,7.1760,20.5600,32379.5524,0,163017.0000,91413.0000
2024-07-01,2024,7,Cundinamarca,9,Articulos y utensilios domesticos,0,166.0880,-9.0000,6.8576,19.6600,38012.8995,-12.7000,7.1760,20.5600,32379.5524,0,163017.0000,91413.0000
2024-07-01,2024,7,Cundinamarca,10,Aseo del hogar,0,157.0684,-9.0000,6.8576,19.6600,38012.8995,-12.7000,7.1760,20.5600,32379.5524,0,163017.0000,91413.0000
2024-07-01,2024,7,Cundinamarca,11,Informatica y telecomunicaciones,0,209.5907,-9.0000,6.8576,19.6600,38012.8995,-12.7000,7.1760,20.5600,32379.5524,0,163017.0000,91413.0000
2024-07-01,2024,7,Cundinamarca,12,Sonido y video,0,186.1520,-9.0000,6.8576,19.6600,38012.8995,-12.7000,7.1760,20.5600,32379.5524,0,163017.0000,91413.0000
2024-07-01,2024,7,Cundinamarca,14,"Ferreteria, vidrios y pinturas",0,126.9067,-9.0000,6.8576,19.6600,38012.8995,-12.7000,7.1760,20.5600,32379.5524,0,163017.0000,91413.0000
2024-07-01,2024,7,Cundinamarca,15,Otras mercancias de uso domestico,0,133.8757,-9.0000,6.8576,19.6600,38012.8995,-12.7000,7.1760,20.5600,32379.5524,0,163017.0000,91413.0000
2024-07-01,2024,7,Santander,4,Prendas de vestir y textiles,0,91.6087,-9.0000,6.8576,19.6600,38012.8995,-12.7000,7.1760,20.5600,32379.5524,0,52275.0000,46909.0000
2024-07-01,2024,7,Santander,8,Electrodomesticos y muebles,1,117.4122,-9.0000,6.8576,19.6600,38012.8995,-12.7000,7.1760,20.5600,32379.5524,0,52275.0000,46909.0000
2024-07-01,2024,7,Santander,9,Articulos y utensilios domesticos,0,122.9922,-9.0000,6.8576,19.6600,38012.8995,-12.7000,7.1760,20.5600,32379.5524,0,52275.0000,46909.0000
2024-07-01,2024,7,Santander,10,Aseo del hogar,0,126.2825,-9.0000,6.8576,19.6600,38012.8995,-12.7000,7.1760,20.5600,32379.5524,0,52275.0000,46909.0000
2024-07-01,2024,7,Santander,11,Informatica y telecomunicaciones,0,174.8668,-9.0000,6.8576,19.6600,38012.8995,-12.7000,7.1760,20.5600,32379.5524,0,52275.0000,46909.0000
2024-07-01,2024,7,Santander,12,Sonido y video,0,141.8637,-9.0000,6.8576,19.6600,38012.8995,-12.7000,7.1760,20.5600,32379.5524,0,52275.0000,46909.0000
2024-07-01,2024,7,Santander,14,"Ferreteria, vidrios y pinturas",0,98.3918,-9.0000,6.8576,19.6600,38012.8995,-12.7000,7.1760,20.5600,32379.5524,0,52275.0000,46909.0000
2024-07-01,2024,7,Santander,15,Otras mercancias de uso domestico,0,102.0556,-9.0000,6.8576,19.6600,38012.8995,-12.7000,7.1760,20.5600,32379.5524,0,52275.0000,46909.0000
2024-07-01,2024,7,Valle del Cauca,4,Prendas de vestir y textiles,0,84.1527,-9.0000,6.8576,19.6600,38012.8995,-12.7000,7.1760,20.5600,32379.5524,0,78495.0000,81205.0000
2024-07-01,2024,7,Valle del Cauca,8,Electrodomesticos y muebles,1,118.5394,-9.0000,6.8576,19.6600,38012.8995,-12.7000,7.1760,20.5600,32379.5524,0,78495.0000,81205.0000
2024-07-01,2024,7,Valle del Cauca,9,Articulos y utensilios domesticos,0,119.4848,-9.0000,6.8576,19.6600,38012.8995,-12.7000,7.1760,20.5600,32379.5524,0,78495.0000,81205.0000
2024-07-01,2024,7,Valle del Cauca,10,Aseo del hogar,0,114.8309,-9.0000,6.8576,19.6600,38012.8995,-12.7000,7.1760,20.5600,32379.5524,0,78495.0000,81205.0000
2024-07-01,2024,7,Valle del Cauca,11,Informatica y telecomunicaciones,0,154.5021,-9.0000,6.8576,19.6600,38012.8995,-12.7000,7.1760,20.5600,32379.5524,0,78495.0000,81205.0000
2024-07-01,2024,7,Valle del Cauca,12,Sonido y video,0,133.3017,-9.0000,6.8576,19.6600,38012.8995,-12.7000,7.1760,20.5600,32379.5524,0,78495.0000,81205.0000
2024-07-01,2024,7,Valle del Cauca,14,"Ferreteria, vidrios y pinturas",0,90.4867,-9.0000,6.8576,19.6600,38012.8995,-12.7000,7.1760,20.5600,32379.5524,0,78495.0000,81205.0000
2024-07-01,2024,7,Valle del Cauca,15,Otras mercancias de uso domestico,0,99.2119,-9.0000,6.8576,19.6600,38012.8995,-12.7000,7.1760,20.5600,32379.5524,0,78495.0000,81205.0000
2024-07-01,2024,7,Otros departamentos,4,Prendas de vestir y textiles,0,104.4691,-9.0000,6.8576,19.6600,38012.8995,-12.7000,7.1760,20.5600,32379.5524,0,402892.0000,429417.0000
2024-07-01,2024,7,Otros departamentos,8,Electrodomesticos y muebles,1,130.6868,-9.0000,6.8576,19.6600,38012.8995,-12.7000,7.1760,20.5600,32379.5524,0,402892.0000,429417.0000
2024-07-01,2024,7,Otros departamentos,9,Articulos y utensilios domesticos,0,134.9423,-9.0000,6.8576,19.6600,38012.8995,-12.7000,7.1760,20.5600,32379.5524,0,402892.0000,429417.0000
2024-07-01,2024,7,Otros departamentos,10,Aseo del hogar,0,132.1904,-9.0000,6.8576,19.6600,38012.8995,-12.7000,7.1760,20.5600,32379.5524,0,402892.0000,429417.0000
2024-07-01,2024,7,Otros departamentos,11,Informatica y telecomunicaciones,0,176.2902,-9.0000,6.8576,19.6600,38012.8995,-12.7000,7.1760,20.5600,32379.5524,0,402892.0000,429417.0000
2024-07-01,2024,7,Otros departamentos,12,Sonido y video,0,158.1820,-9.0000,6.8576,19.6600,38012.8995,-12.7000,7.1760,20.5600,32379.5524,0,402892.0000,429417.0000
2024-07-01,2024,7,Otros departamentos,14,"Ferreteria, vidrios y pinturas",0,108.2851,-9.0000,6.8576,19.6600,38012.8995,-12.7000,7.1760,20.5600,32379.5524,0,402892.0000,429417.0000
2024-07-01,2024,7,Otros departamentos,15,Otras mercancias de uso domestico,0,108.5826,-9.0000,6.8576,19.6600,38012.8995,-12.7000,7.1760,20.5600,32379.5524,0,402892.0000,429417.0000
2024-08-01,2024,8,Antioquia,4,Prendas de vestir y textiles,0,89.3573,-15.3000,6.1157,19.4700,45150.7705,-9.0000,6.8576,19.6600,38012.8995,0,251851.0000,183413.0000
2024-08-01,2024,8,Antioquia,8,Electrodomesticos y muebles,1,140.2366,-15.3000,6.1157,19.4700,45150.7705,-9.0000,6.8576,19.6600,38012.8995,0,251851.0000,183413.0000
2024-08-01,2024,8,Antioquia,9,Articulos y utensilios domesticos,0,137.2244,-15.3000,6.1157,19.4700,45150.7705,-9.0000,6.8576,19.6600,38012.8995,0,251851.0000,183413.0000
2024-08-01,2024,8,Antioquia,10,Aseo del hogar,0,127.9663,-15.3000,6.1157,19.4700,45150.7705,-9.0000,6.8576,19.6600,38012.8995,0,251851.0000,183413.0000
2024-08-01,2024,8,Antioquia,11,Informatica y telecomunicaciones,0,220.2476,-15.3000,6.1157,19.4700,45150.7705,-9.0000,6.8576,19.6600,38012.8995,0,251851.0000,183413.0000
2024-08-01,2024,8,Antioquia,12,Sonido y video,0,142.0254,-15.3000,6.1157,19.4700,45150.7705,-9.0000,6.8576,19.6600,38012.8995,0,251851.0000,183413.0000
2024-08-01,2024,8,Antioquia,14,"Ferreteria, vidrios y pinturas",0,106.2445,-15.3000,6.1157,19.4700,45150.7705,-9.0000,6.8576,19.6600,38012.8995,0,251851.0000,183413.0000
2024-08-01,2024,8,Antioquia,15,Otras mercancias de uso domestico,0,110.6038,-15.3000,6.1157,19.4700,45150.7705,-9.0000,6.8576,19.6600,38012.8995,0,251851.0000,183413.0000
2024-08-01,2024,8,Atlantico,4,Prendas de vestir y textiles,0,76.2994,-15.3000,6.1157,19.4700,45150.7705,-9.0000,6.8576,19.6600,38012.8995,0,50750.0000,77526.0000
2024-08-01,2024,8,Atlantico,8,Electrodomesticos y muebles,1,114.1507,-15.3000,6.1157,19.4700,45150.7705,-9.0000,6.8576,19.6600,38012.8995,0,50750.0000,77526.0000
2024-08-01,2024,8,Atlantico,9,Articulos y utensilios domesticos,0,116.6696,-15.3000,6.1157,19.4700,45150.7705,-9.0000,6.8576,19.6600,38012.8995,0,50750.0000,77526.0000
2024-08-01,2024,8,Atlantico,10,Aseo del hogar,0,110.7253,-15.3000,6.1157,19.4700,45150.7705,-9.0000,6.8576,19.6600,38012.8995,0,50750.0000,77526.0000
2024-08-01,2024,8,Atlantico,11,Informatica y telecomunicaciones,0,184.0281,-15.3000,6.1157,19.4700,45150.7705,-9.0000,6.8576,19.6600,38012.8995,0,50750.0000,77526.0000
2024-08-01,2024,8,Atlantico,12,Sonido y video,0,124.4728,-15.3000,6.1157,19.4700,45150.7705,-9.0000,6.8576,19.6600,38012.8995,0,50750.0000,77526.0000
2024-08-01,2024,8,Atlantico,14,"Ferreteria, vidrios y pinturas",0,88.2890,-15.3000,6.1157,19.4700,45150.7705,-9.0000,6.8576,19.6600,38012.8995,0,50750.0000,77526.0000
2024-08-01,2024,8,Atlantico,15,Otras mercancias de uso domestico,0,96.9645,-15.3000,6.1157,19.4700,45150.7705,-9.0000,6.8576,19.6600,38012.8995,0,50750.0000,77526.0000
2024-08-01,2024,8,Bogota,4,Prendas de vestir y textiles,0,99.3338,-15.3000,6.1157,19.4700,45150.7705,-9.0000,6.8576,19.6600,38012.8995,0,167868.0000,158390.0000
2024-08-01,2024,8,Bogota,8,Electrodomesticos y muebles,1,151.3125,-15.3000,6.1157,19.4700,45150.7705,-9.0000,6.8576,19.6600,38012.8995,0,167868.0000,158390.0000
2024-08-01,2024,8,Bogota,9,Articulos y utensilios domesticos,0,146.3247,-15.3000,6.1157,19.4700,45150.7705,-9.0000,6.8576,19.6600,38012.8995,0,167868.0000,158390.0000
2024-08-01,2024,8,Bogota,10,Aseo del hogar,0,137.4183,-15.3000,6.1157,19.4700,45150.7705,-9.0000,6.8576,19.6600,38012.8995,0,167868.0000,158390.0000
2024-08-01,2024,8,Bogota,11,Informatica y telecomunicaciones,0,241.9366,-15.3000,6.1157,19.4700,45150.7705,-9.0000,6.8576,19.6600,38012.8995,0,167868.0000,158390.0000
2024-08-01,2024,8,Bogota,12,Sonido y video,0,162.0552,-15.3000,6.1157,19.4700,45150.7705,-9.0000,6.8576,19.6600,38012.8995,0,167868.0000,158390.0000
2024-08-01,2024,8,Bogota,14,"Ferreteria, vidrios y pinturas",0,114.8189,-15.3000,6.1157,19.4700,45150.7705,-9.0000,6.8576,19.6600,38012.8995,0,167868.0000,158390.0000
2024-08-01,2024,8,Bogota,15,Otras mercancias de uso domestico,0,122.6471,-15.3000,6.1157,19.4700,45150.7705,-9.0000,6.8576,19.6600,38012.8995,0,167868.0000,158390.0000
2024-08-01,2024,8,Cundinamarca,4,Prendas de vestir y textiles,0,104.0121,-15.3000,6.1157,19.4700,45150.7705,-9.0000,6.8576,19.6600,38012.8995,0,135222.0000,163017.0000
2024-08-01,2024,8,Cundinamarca,8,Electrodomesticos y muebles,1,157.6552,-15.3000,6.1157,19.4700,45150.7705,-9.0000,6.8576,19.6600,38012.8995,0,135222.0000,163017.0000
2024-08-01,2024,8,Cundinamarca,9,Articulos y utensilios domesticos,0,162.4910,-15.3000,6.1157,19.4700,45150.7705,-9.0000,6.8576,19.6600,38012.8995,0,135222.0000,163017.0000
2024-08-01,2024,8,Cundinamarca,10,Aseo del hogar,0,146.0612,-15.3000,6.1157,19.4700,45150.7705,-9.0000,6.8576,19.6600,38012.8995,0,135222.0000,163017.0000
2024-08-01,2024,8,Cundinamarca,11,Informatica y telecomunicaciones,0,253.8569,-15.3000,6.1157,19.4700,45150.7705,-9.0000,6.8576,19.6600,38012.8995,0,135222.0000,163017.0000
2024-08-01,2024,8,Cundinamarca,12,Sonido y video,0,167.5493,-15.3000,6.1157,19.4700,45150.7705,-9.0000,6.8576,19.6600,38012.8995,0,135222.0000,163017.0000
2024-08-01,2024,8,Cundinamarca,14,"Ferreteria, vidrios y pinturas",0,119.2603,-15.3000,6.1157,19.4700,45150.7705,-9.0000,6.8576,19.6600,38012.8995,0,135222.0000,163017.0000
2024-08-01,2024,8,Cundinamarca,15,Otras mercancias de uso domestico,0,136.2778,-15.3000,6.1157,19.4700,45150.7705,-9.0000,6.8576,19.6600,38012.8995,0,135222.0000,163017.0000
2024-08-01,2024,8,Santander,4,Prendas de vestir y textiles,0,88.8741,-15.3000,6.1157,19.4700,45150.7705,-9.0000,6.8576,19.6600,38012.8995,0,30335.0000,52275.0000
2024-08-01,2024,8,Santander,8,Electrodomesticos y muebles,1,124.3652,-15.3000,6.1157,19.4700,45150.7705,-9.0000,6.8576,19.6600,38012.8995,0,30335.0000,52275.0000
2024-08-01,2024,8,Santander,9,Articulos y utensilios domesticos,0,127.7623,-15.3000,6.1157,19.4700,45150.7705,-9.0000,6.8576,19.6600,38012.8995,0,30335.0000,52275.0000
2024-08-01,2024,8,Santander,10,Aseo del hogar,0,124.9486,-15.3000,6.1157,19.4700,45150.7705,-9.0000,6.8576,19.6600,38012.8995,0,30335.0000,52275.0000
2024-08-01,2024,8,Santander,11,Informatica y telecomunicaciones,0,220.1938,-15.3000,6.1157,19.4700,45150.7705,-9.0000,6.8576,19.6600,38012.8995,0,30335.0000,52275.0000
2024-08-01,2024,8,Santander,12,Sonido y video,0,137.5423,-15.3000,6.1157,19.4700,45150.7705,-9.0000,6.8576,19.6600,38012.8995,0,30335.0000,52275.0000
2024-08-01,2024,8,Santander,14,"Ferreteria, vidrios y pinturas",0,97.5168,-15.3000,6.1157,19.4700,45150.7705,-9.0000,6.8576,19.6600,38012.8995,0,30335.0000,52275.0000
2024-08-01,2024,8,Santander,15,Otras mercancias de uso domestico,0,109.8296,-15.3000,6.1157,19.4700,45150.7705,-9.0000,6.8576,19.6600,38012.8995,0,30335.0000,52275.0000
2024-08-01,2024,8,Valle del Cauca,4,Prendas de vestir y textiles,0,78.6235,-15.3000,6.1157,19.4700,45150.7705,-9.0000,6.8576,19.6600,38012.8995,0,108362.0000,78495.0000
2024-08-01,2024,8,Valle del Cauca,8,Electrodomesticos y muebles,1,124.4047,-15.3000,6.1157,19.4700,45150.7705,-9.0000,6.8576,19.6600,38012.8995,0,108362.0000,78495.0000
2024-08-01,2024,8,Valle del Cauca,9,Articulos y utensilios domesticos,0,118.8697,-15.3000,6.1157,19.4700,45150.7705,-9.0000,6.8576,19.6600,38012.8995,0,108362.0000,78495.0000
2024-08-01,2024,8,Valle del Cauca,10,Aseo del hogar,0,113.4116,-15.3000,6.1157,19.4700,45150.7705,-9.0000,6.8576,19.6600,38012.8995,0,108362.0000,78495.0000
2024-08-01,2024,8,Valle del Cauca,11,Informatica y telecomunicaciones,0,186.5584,-15.3000,6.1157,19.4700,45150.7705,-9.0000,6.8576,19.6600,38012.8995,0,108362.0000,78495.0000
2024-08-01,2024,8,Valle del Cauca,12,Sonido y video,0,126.6160,-15.3000,6.1157,19.4700,45150.7705,-9.0000,6.8576,19.6600,38012.8995,0,108362.0000,78495.0000
2024-08-01,2024,8,Valle del Cauca,14,"Ferreteria, vidrios y pinturas",0,91.3235,-15.3000,6.1157,19.4700,45150.7705,-9.0000,6.8576,19.6600,38012.8995,0,108362.0000,78495.0000
2024-08-01,2024,8,Valle del Cauca,15,Otras mercancias de uso domestico,0,101.4916,-15.3000,6.1157,19.4700,45150.7705,-9.0000,6.8576,19.6600,38012.8995,0,108362.0000,78495.0000
2024-08-01,2024,8,Otros departamentos,4,Prendas de vestir y textiles,0,95.1107,-15.3000,6.1157,19.4700,45150.7705,-9.0000,6.8576,19.6600,38012.8995,0,545485.0000,402892.0000
2024-08-01,2024,8,Otros departamentos,8,Electrodomesticos y muebles,1,136.7652,-15.3000,6.1157,19.4700,45150.7705,-9.0000,6.8576,19.6600,38012.8995,0,545485.0000,402892.0000
2024-08-01,2024,8,Otros departamentos,9,Articulos y utensilios domesticos,0,138.4975,-15.3000,6.1157,19.4700,45150.7705,-9.0000,6.8576,19.6600,38012.8995,0,545485.0000,402892.0000
2024-08-01,2024,8,Otros departamentos,10,Aseo del hogar,0,131.9966,-15.3000,6.1157,19.4700,45150.7705,-9.0000,6.8576,19.6600,38012.8995,0,545485.0000,402892.0000
2024-08-01,2024,8,Otros departamentos,11,Informatica y telecomunicaciones,0,223.6102,-15.3000,6.1157,19.4700,45150.7705,-9.0000,6.8576,19.6600,38012.8995,0,545485.0000,402892.0000
2024-08-01,2024,8,Otros departamentos,12,Sonido y video,0,145.2487,-15.3000,6.1157,19.4700,45150.7705,-9.0000,6.8576,19.6600,38012.8995,0,545485.0000,402892.0000
2024-08-01,2024,8,Otros departamentos,14,"Ferreteria, vidrios y pinturas",0,105.1237,-15.3000,6.1157,19.4700,45150.7705,-9.0000,6.8576,19.6600,38012.8995,0,545485.0000,402892.0000
2024-08-01,2024,8,Otros departamentos,15,Otras mercancias de uso domestico,0,114.1139,-15.3000,6.1157,19.4700,45150.7705,-9.0000,6.8576,19.6600,38012.8995,0,545485.0000,402892.0000
2024-09-01,2024,9,Antioquia,4,Prendas de vestir y textiles,0,90.9668,-16.0000,5.8115,19.2300,42134.5416,-15.3000,6.1157,19.4700,45150.7705,0,335610.0000,251851.0000
2024-09-01,2024,9,Antioquia,8,Electrodomesticos y muebles,1,121.4615,-16.0000,5.8115,19.2300,42134.5416,-15.3000,6.1157,19.4700,45150.7705,0,335610.0000,251851.0000
2024-09-01,2024,9,Antioquia,9,Articulos y utensilios domesticos,0,130.9514,-16.0000,5.8115,19.2300,42134.5416,-15.3000,6.1157,19.4700,45150.7705,0,335610.0000,251851.0000
2024-09-01,2024,9,Antioquia,10,Aseo del hogar,0,122.1059,-16.0000,5.8115,19.2300,42134.5416,-15.3000,6.1157,19.4700,45150.7705,0,335610.0000,251851.0000
2024-09-01,2024,9,Antioquia,11,Informatica y telecomunicaciones,0,181.1858,-16.0000,5.8115,19.2300,42134.5416,-15.3000,6.1157,19.4700,45150.7705,0,335610.0000,251851.0000
2024-09-01,2024,9,Antioquia,12,Sonido y video,0,118.5484,-16.0000,5.8115,19.2300,42134.5416,-15.3000,6.1157,19.4700,45150.7705,0,335610.0000,251851.0000
2024-09-01,2024,9,Antioquia,14,"Ferreteria, vidrios y pinturas",0,105.8257,-16.0000,5.8115,19.2300,42134.5416,-15.3000,6.1157,19.4700,45150.7705,0,335610.0000,251851.0000
2024-09-01,2024,9,Antioquia,15,Otras mercancias de uso domestico,0,107.8285,-16.0000,5.8115,19.2300,42134.5416,-15.3000,6.1157,19.4700,45150.7705,0,335610.0000,251851.0000
2024-09-01,2024,9,Atlantico,4,Prendas de vestir y textiles,0,75.3535,-16.0000,5.8115,19.2300,42134.5416,-15.3000,6.1157,19.4700,45150.7705,0,108682.0000,50750.0000
2024-09-01,2024,9,Atlantico,8,Electrodomesticos y muebles,1,97.3678,-16.0000,5.8115,19.2300,42134.5416,-15.3000,6.1157,19.4700,45150.7705,0,108682.0000,50750.0000
2024-09-01,2024,9,Atlantico,9,Articulos y utensilios domesticos,0,110.3939,-16.0000,5.8115,19.2300,42134.5416,-15.3000,6.1157,19.4700,45150.7705,0,108682.0000,50750.0000
2024-09-01,2024,9,Atlantico,10,Aseo del hogar,0,101.9048,-16.0000,5.8115,19.2300,42134.5416,-15.3000,6.1157,19.4700,45150.7705,0,108682.0000,50750.0000
2024-09-01,2024,9,Atlantico,11,Informatica y telecomunicaciones,0,151.6237,-16.0000,5.8115,19.2300,42134.5416,-15.3000,6.1157,19.4700,45150.7705,0,108682.0000,50750.0000
2024-09-01,2024,9,Atlantico,12,Sonido y video,0,102.0759,-16.0000,5.8115,19.2300,42134.5416,-15.3000,6.1157,19.4700,45150.7705,0,108682.0000,50750.0000
2024-09-01,2024,9,Atlantico,14,"Ferreteria, vidrios y pinturas",0,84.5399,-16.0000,5.8115,19.2300,42134.5416,-15.3000,6.1157,19.4700,45150.7705,0,108682.0000,50750.0000
2024-09-01,2024,9,Atlantico,15,Otras mercancias de uso domestico,0,91.4528,-16.0000,5.8115,19.2300,42134.5416,-15.3000,6.1157,19.4700,45150.7705,0,108682.0000,50750.0000
2024-09-01,2024,9,Bogota,4,Prendas de vestir y textiles,0,102.7612,-16.0000,5.8115,19.2300,42134.5416,-15.3000,6.1157,19.4700,45150.7705,0,232490.0000,167868.0000
2024-09-01,2024,9,Bogota,8,Electrodomesticos y muebles,1,133.8540,-16.0000,5.8115,19.2300,42134.5416,-15.3000,6.1157,19.4700,45150.7705,0,232490.0000,167868.0000
2024-09-01,2024,9,Bogota,9,Articulos y utensilios domesticos,0,146.1787,-16.0000,5.8115,19.2300,42134.5416,-15.3000,6.1157,19.4700,45150.7705,0,232490.0000,167868.0000
2024-09-01,2024,9,Bogota,10,Aseo del hogar,0,136.7713,-16.0000,5.8115,19.2300,42134.5416,-15.3000,6.1157,19.4700,45150.7705,0,232490.0000,167868.0000
2024-09-01,2024,9,Bogota,11,Informatica y telecomunicaciones,0,206.4714,-16.0000,5.8115,19.2300,42134.5416,-15.3000,6.1157,19.4700,45150.7705,0,232490.0000,167868.0000
2024-09-01,2024,9,Bogota,12,Sonido y video,0,134.6252,-16.0000,5.8115,19.2300,42134.5416,-15.3000,6.1157,19.4700,45150.7705,0,232490.0000,167868.0000
2024-09-01,2024,9,Bogota,14,"Ferreteria, vidrios y pinturas",0,114.0448,-16.0000,5.8115,19.2300,42134.5416,-15.3000,6.1157,19.4700,45150.7705,0,232490.0000,167868.0000
2024-09-01,2024,9,Bogota,15,Otras mercancias de uso domestico,0,127.8239,-16.0000,5.8115,19.2300,42134.5416,-15.3000,6.1157,19.4700,45150.7705,0,232490.0000,167868.0000
2024-09-01,2024,9,Cundinamarca,4,Prendas de vestir y textiles,0,109.7249,-16.0000,5.8115,19.2300,42134.5416,-15.3000,6.1157,19.4700,45150.7705,0,91363.0000,135222.0000
2024-09-01,2024,9,Cundinamarca,8,Electrodomesticos y muebles,1,140.9805,-16.0000,5.8115,19.2300,42134.5416,-15.3000,6.1157,19.4700,45150.7705,0,91363.0000,135222.0000
2024-09-01,2024,9,Cundinamarca,9,Articulos y utensilios domesticos,0,162.7920,-16.0000,5.8115,19.2300,42134.5416,-15.3000,6.1157,19.4700,45150.7705,0,91363.0000,135222.0000
2024-09-01,2024,9,Cundinamarca,10,Aseo del hogar,0,147.1213,-16.0000,5.8115,19.2300,42134.5416,-15.3000,6.1157,19.4700,45150.7705,0,91363.0000,135222.0000
2024-09-01,2024,9,Cundinamarca,11,Informatica y telecomunicaciones,0,221.4155,-16.0000,5.8115,19.2300,42134.5416,-15.3000,6.1157,19.4700,45150.7705,0,91363.0000,135222.0000
2024-09-01,2024,9,Cundinamarca,12,Sonido y video,0,144.5797,-16.0000,5.8115,19.2300,42134.5416,-15.3000,6.1157,19.4700,45150.7705,0,91363.0000,135222.0000
2024-09-01,2024,9,Cundinamarca,14,"Ferreteria, vidrios y pinturas",0,122.1538,-16.0000,5.8115,19.2300,42134.5416,-15.3000,6.1157,19.4700,45150.7705,0,91363.0000,135222.0000
2024-09-01,2024,9,Cundinamarca,15,Otras mercancias de uso domestico,0,135.9670,-16.0000,5.8115,19.2300,42134.5416,-15.3000,6.1157,19.4700,45150.7705,0,91363.0000,135222.0000
2024-09-01,2024,9,Santander,4,Prendas de vestir y textiles,0,86.8322,-16.0000,5.8115,19.2300,42134.5416,-15.3000,6.1157,19.4700,45150.7705,0,75655.0000,30335.0000
2024-09-01,2024,9,Santander,8,Electrodomesticos y muebles,1,109.6123,-16.0000,5.8115,19.2300,42134.5416,-15.3000,6.1157,19.4700,45150.7705,0,75655.0000,30335.0000
2024-09-01,2024,9,Santander,9,Articulos y utensilios domesticos,0,122.6939,-16.0000,5.8115,19.2300,42134.5416,-15.3000,6.1157,19.4700,45150.7705,0,75655.0000,30335.0000
2024-09-01,2024,9,Santander,10,Aseo del hogar,0,121.7943,-16.0000,5.8115,19.2300,42134.5416,-15.3000,6.1157,19.4700,45150.7705,0,75655.0000,30335.0000
2024-09-01,2024,9,Santander,11,Informatica y telecomunicaciones,0,178.8344,-16.0000,5.8115,19.2300,42134.5416,-15.3000,6.1157,19.4700,45150.7705,0,75655.0000,30335.0000
2024-09-01,2024,9,Santander,12,Sonido y video,0,109.9402,-16.0000,5.8115,19.2300,42134.5416,-15.3000,6.1157,19.4700,45150.7705,0,75655.0000,30335.0000
2024-09-01,2024,9,Santander,14,"Ferreteria, vidrios y pinturas",0,96.3278,-16.0000,5.8115,19.2300,42134.5416,-15.3000,6.1157,19.4700,45150.7705,0,75655.0000,30335.0000
2024-09-01,2024,9,Santander,15,Otras mercancias de uso domestico,0,110.9578,-16.0000,5.8115,19.2300,42134.5416,-15.3000,6.1157,19.4700,45150.7705,0,75655.0000,30335.0000
2024-09-01,2024,9,Valle del Cauca,4,Prendas de vestir y textiles,0,81.5153,-16.0000,5.8115,19.2300,42134.5416,-15.3000,6.1157,19.4700,45150.7705,0,184363.0000,108362.0000
2024-09-01,2024,9,Valle del Cauca,8,Electrodomesticos y muebles,1,105.6288,-16.0000,5.8115,19.2300,42134.5416,-15.3000,6.1157,19.4700,45150.7705,0,184363.0000,108362.0000
2024-09-01,2024,9,Valle del Cauca,9,Articulos y utensilios domesticos,0,115.0637,-16.0000,5.8115,19.2300,42134.5416,-15.3000,6.1157,19.4700,45150.7705,0,184363.0000,108362.0000
2024-09-01,2024,9,Valle del Cauca,10,Aseo del hogar,0,107.4563,-16.0000,5.8115,19.2300,42134.5416,-15.3000,6.1157,19.4700,45150.7705,0,184363.0000,108362.0000
2024-09-01,2024,9,Valle del Cauca,11,Informatica y telecomunicaciones,0,154.2112,-16.0000,5.8115,19.2300,42134.5416,-15.3000,6.1157,19.4700,45150.7705,0,184363.0000,108362.0000
2024-09-01,2024,9,Valle del Cauca,12,Sonido y video,0,105.2569,-16.0000,5.8115,19.2300,42134.5416,-15.3000,6.1157,19.4700,45150.7705,0,184363.0000,108362.0000
2024-09-01,2024,9,Valle del Cauca,14,"Ferreteria, vidrios y pinturas",0,90.5329,-16.0000,5.8115,19.2300,42134.5416,-15.3000,6.1157,19.4700,45150.7705,0,184363.0000,108362.0000
2024-09-01,2024,9,Valle del Cauca,15,Otras mercancias de uso domestico,0,95.8082,-16.0000,5.8115,19.2300,42134.5416,-15.3000,6.1157,19.4700,45150.7705,0,184363.0000,108362.0000
2024-09-01,2024,9,Otros departamentos,4,Prendas de vestir y textiles,0,91.4104,-16.0000,5.8115,19.2300,42134.5416,-15.3000,6.1157,19.4700,45150.7705,0,457054.0000,545485.0000
2024-09-01,2024,9,Otros departamentos,8,Electrodomesticos y muebles,1,117.0381,-16.0000,5.8115,19.2300,42134.5416,-15.3000,6.1157,19.4700,45150.7705,0,457054.0000,545485.0000
2024-09-01,2024,9,Otros departamentos,9,Articulos y utensilios domesticos,0,128.2249,-16.0000,5.8115,19.2300,42134.5416,-15.3000,6.1157,19.4700,45150.7705,0,457054.0000,545485.0000
2024-09-01,2024,9,Otros departamentos,10,Aseo del hogar,0,123.8312,-16.0000,5.8115,19.2300,42134.5416,-15.3000,6.1157,19.4700,45150.7705,0,457054.0000,545485.0000
2024-09-01,2024,9,Otros departamentos,11,Informatica y telecomunicaciones,0,178.0100,-16.0000,5.8115,19.2300,42134.5416,-15.3000,6.1157,19.4700,45150.7705,0,457054.0000,545485.0000
2024-09-01,2024,9,Otros departamentos,12,Sonido y video,0,120.1055,-16.0000,5.8115,19.2300,42134.5416,-15.3000,6.1157,19.4700,45150.7705,0,457054.0000,545485.0000
2024-09-01,2024,9,Otros departamentos,14,"Ferreteria, vidrios y pinturas",0,99.7174,-16.0000,5.8115,19.2300,42134.5416,-15.3000,6.1157,19.4700,45150.7705,0,457054.0000,545485.0000
2024-09-01,2024,9,Otros departamentos,15,Otras mercancias de uso domestico,0,112.3382,-16.0000,5.8115,19.2300,42134.5416,-15.3000,6.1157,19.4700,45150.7705,0,457054.0000,545485.0000
2024-10-01,2024,10,Antioquia,4,Prendas de vestir y textiles,0,98.9485,-3.7000,5.4086,18.7800,39459.9490,-16.0000,5.8115,19.2300,42134.5416,0,223288.0000,335610.0000
2024-10-01,2024,10,Antioquia,8,Electrodomesticos y muebles,1,124.9720,-3.7000,5.4086,18.7800,39459.9490,-16.0000,5.8115,19.2300,42134.5416,0,223288.0000,335610.0000
2024-10-01,2024,10,Antioquia,9,Articulos y utensilios domesticos,0,159.9652,-3.7000,5.4086,18.7800,39459.9490,-16.0000,5.8115,19.2300,42134.5416,0,223288.0000,335610.0000
2024-10-01,2024,10,Antioquia,10,Aseo del hogar,0,131.5150,-3.7000,5.4086,18.7800,39459.9490,-16.0000,5.8115,19.2300,42134.5416,0,223288.0000,335610.0000
2024-10-01,2024,10,Antioquia,11,Informatica y telecomunicaciones,0,191.1998,-3.7000,5.4086,18.7800,39459.9490,-16.0000,5.8115,19.2300,42134.5416,0,223288.0000,335610.0000
2024-10-01,2024,10,Antioquia,12,Sonido y video,0,131.7004,-3.7000,5.4086,18.7800,39459.9490,-16.0000,5.8115,19.2300,42134.5416,0,223288.0000,335610.0000
2024-10-01,2024,10,Antioquia,14,"Ferreteria, vidrios y pinturas",0,113.1385,-3.7000,5.4086,18.7800,39459.9490,-16.0000,5.8115,19.2300,42134.5416,0,223288.0000,335610.0000
2024-10-01,2024,10,Antioquia,15,Otras mercancias de uso domestico,0,123.5600,-3.7000,5.4086,18.7800,39459.9490,-16.0000,5.8115,19.2300,42134.5416,0,223288.0000,335610.0000
2024-10-01,2024,10,Atlantico,4,Prendas de vestir y textiles,0,79.9537,-3.7000,5.4086,18.7800,39459.9490,-16.0000,5.8115,19.2300,42134.5416,0,10489.0000,108682.0000
2024-10-01,2024,10,Atlantico,8,Electrodomesticos y muebles,1,96.9058,-3.7000,5.4086,18.7800,39459.9490,-16.0000,5.8115,19.2300,42134.5416,0,10489.0000,108682.0000
2024-10-01,2024,10,Atlantico,9,Articulos y utensilios domesticos,0,124.6583,-3.7000,5.4086,18.7800,39459.9490,-16.0000,5.8115,19.2300,42134.5416,0,10489.0000,108682.0000
2024-10-01,2024,10,Atlantico,10,Aseo del hogar,0,102.5788,-3.7000,5.4086,18.7800,39459.9490,-16.0000,5.8115,19.2300,42134.5416,0,10489.0000,108682.0000
2024-10-01,2024,10,Atlantico,11,Informatica y telecomunicaciones,0,148.9566,-3.7000,5.4086,18.7800,39459.9490,-16.0000,5.8115,19.2300,42134.5416,0,10489.0000,108682.0000
2024-10-01,2024,10,Atlantico,12,Sonido y video,0,106.3881,-3.7000,5.4086,18.7800,39459.9490,-16.0000,5.8115,19.2300,42134.5416,0,10489.0000,108682.0000
2024-10-01,2024,10,Atlantico,14,"Ferreteria, vidrios y pinturas",0,85.8826,-3.7000,5.4086,18.7800,39459.9490,-16.0000,5.8115,19.2300,42134.5416,0,10489.0000,108682.0000
2024-10-01,2024,10,Atlantico,15,Otras mercancias de uso domestico,0,101.4210,-3.7000,5.4086,18.7800,39459.9490,-16.0000,5.8115,19.2300,42134.5416,0,10489.0000,108682.0000
2024-10-01,2024,10,Bogota,4,Prendas de vestir y textiles,0,107.0139,-3.7000,5.4086,18.7800,39459.9490,-16.0000,5.8115,19.2300,42134.5416,0,144669.0000,232490.0000
2024-10-01,2024,10,Bogota,8,Electrodomesticos y muebles,1,135.9037,-3.7000,5.4086,18.7800,39459.9490,-16.0000,5.8115,19.2300,42134.5416,0,144669.0000,232490.0000
2024-10-01,2024,10,Bogota,9,Articulos y utensilios domesticos,0,168.1806,-3.7000,5.4086,18.7800,39459.9490,-16.0000,5.8115,19.2300,42134.5416,0,144669.0000,232490.0000
2024-10-01,2024,10,Bogota,10,Aseo del hogar,0,137.8129,-3.7000,5.4086,18.7800,39459.9490,-16.0000,5.8115,19.2300,42134.5416,0,144669.0000,232490.0000
2024-10-01,2024,10,Bogota,11,Informatica y telecomunicaciones,0,200.3668,-3.7000,5.4086,18.7800,39459.9490,-16.0000,5.8115,19.2300,42134.5416,0,144669.0000,232490.0000
2024-10-01,2024,10,Bogota,12,Sonido y video,0,138.9764,-3.7000,5.4086,18.7800,39459.9490,-16.0000,5.8115,19.2300,42134.5416,0,144669.0000,232490.0000
2024-10-01,2024,10,Bogota,14,"Ferreteria, vidrios y pinturas",0,114.7885,-3.7000,5.4086,18.7800,39459.9490,-16.0000,5.8115,19.2300,42134.5416,0,144669.0000,232490.0000
2024-10-01,2024,10,Bogota,15,Otras mercancias de uso domestico,0,136.2071,-3.7000,5.4086,18.7800,39459.9490,-16.0000,5.8115,19.2300,42134.5416,0,144669.0000,232490.0000
2024-10-01,2024,10,Cundinamarca,4,Prendas de vestir y textiles,0,125.2377,-3.7000,5.4086,18.7800,39459.9490,-16.0000,5.8115,19.2300,42134.5416,0,88087.0000,91363.0000
2024-10-01,2024,10,Cundinamarca,8,Electrodomesticos y muebles,1,151.9023,-3.7000,5.4086,18.7800,39459.9490,-16.0000,5.8115,19.2300,42134.5416,0,88087.0000,91363.0000
2024-10-01,2024,10,Cundinamarca,9,Articulos y utensilios domesticos,0,196.2294,-3.7000,5.4086,18.7800,39459.9490,-16.0000,5.8115,19.2300,42134.5416,0,88087.0000,91363.0000
2024-10-01,2024,10,Cundinamarca,10,Aseo del hogar,0,154.7118,-3.7000,5.4086,18.7800,39459.9490,-16.0000,5.8115,19.2300,42134.5416,0,88087.0000,91363.0000
2024-10-01,2024,10,Cundinamarca,11,Informatica y telecomunicaciones,0,228.3820,-3.7000,5.4086,18.7800,39459.9490,-16.0000,5.8115,19.2300,42134.5416,0,88087.0000,91363.0000
2024-10-01,2024,10,Cundinamarca,12,Sonido y video,0,159.7475,-3.7000,5.4086,18.7800,39459.9490,-16.0000,5.8115,19.2300,42134.5416,0,88087.0000,91363.0000
2024-10-01,2024,10,Cundinamarca,14,"Ferreteria, vidrios y pinturas",0,137.5972,-3.7000,5.4086,18.7800,39459.9490,-16.0000,5.8115,19.2300,42134.5416,0,88087.0000,91363.0000
2024-10-01,2024,10,Cundinamarca,15,Otras mercancias de uso domestico,0,155.4869,-3.7000,5.4086,18.7800,39459.9490,-16.0000,5.8115,19.2300,42134.5416,0,88087.0000,91363.0000
2024-10-01,2024,10,Santander,4,Prendas de vestir y textiles,0,96.3218,-3.7000,5.4086,18.7800,39459.9490,-16.0000,5.8115,19.2300,42134.5416,0,36377.0000,75655.0000
2024-10-01,2024,10,Santander,8,Electrodomesticos y muebles,1,122.4961,-3.7000,5.4086,18.7800,39459.9490,-16.0000,5.8115,19.2300,42134.5416,0,36377.0000,75655.0000
2024-10-01,2024,10,Santander,9,Articulos y utensilios domesticos,0,150.5744,-3.7000,5.4086,18.7800,39459.9490,-16.0000,5.8115,19.2300,42134.5416,0,36377.0000,75655.0000
2024-10-01,2024,10,Santander,10,Aseo del hogar,0,127.9372,-3.7000,5.4086,18.7800,39459.9490,-16.0000,5.8115,19.2300,42134.5416,0,36377.0000,75655.0000
2024-10-01,2024,10,Santander,11,Informatica y telecomunicaciones,0,189.8360,-3.7000,5.4086,18.7800,39459.9490,-16.0000,5.8115,19.2300,42134.5416,0,36377.0000,75655.0000
2024-10-01,2024,10,Santander,12,Sonido y video,0,125.5038,-3.7000,5.4086,18.7800,39459.9490,-16.0000,5.8115,19.2300,42134.5416,0,36377.0000,75655.0000
2024-10-01,2024,10,Santander,14,"Ferreteria, vidrios y pinturas",0,103.8550,-3.7000,5.4086,18.7800,39459.9490,-16.0000,5.8115,19.2300,42134.5416,0,36377.0000,75655.0000
2024-10-01,2024,10,Santander,15,Otras mercancias de uso domestico,0,126.7301,-3.7000,5.4086,18.7800,39459.9490,-16.0000,5.8115,19.2300,42134.5416,0,36377.0000,75655.0000
2024-10-01,2024,10,Valle del Cauca,4,Prendas de vestir y textiles,0,86.8675,-3.7000,5.4086,18.7800,39459.9490,-16.0000,5.8115,19.2300,42134.5416,0,89282.0000,184363.0000
2024-10-01,2024,10,Valle del Cauca,8,Electrodomesticos y muebles,1,113.8587,-3.7000,5.4086,18.7800,39459.9490,-16.0000,5.8115,19.2300,42134.5416,0,89282.0000,184363.0000
2024-10-01,2024,10,Valle del Cauca,9,Articulos y utensilios domesticos,0,134.1826,-3.7000,5.4086,18.7800,39459.9490,-16.0000,5.8115,19.2300,42134.5416,0,89282.0000,184363.0000
2024-10-01,2024,10,Valle del Cauca,10,Aseo del hogar,0,109.1901,-3.7000,5.4086,18.7800,39459.9490,-16.0000,5.8115,19.2300,42134.5416,0,89282.0000,184363.0000
2024-10-01,2024,10,Valle del Cauca,11,Informatica y telecomunicaciones,0,159.0080,-3.7000,5.4086,18.7800,39459.9490,-16.0000,5.8115,19.2300,42134.5416,0,89282.0000,184363.0000
2024-10-01,2024,10,Valle del Cauca,12,Sonido y video,0,111.0824,-3.7000,5.4086,18.7800,39459.9490,-16.0000,5.8115,19.2300,42134.5416,0,89282.0000,184363.0000
2024-10-01,2024,10,Valle del Cauca,14,"Ferreteria, vidrios y pinturas",0,98.5310,-3.7000,5.4086,18.7800,39459.9490,-16.0000,5.8115,19.2300,42134.5416,0,89282.0000,184363.0000
2024-10-01,2024,10,Valle del Cauca,15,Otras mercancias de uso domestico,0,113.8678,-3.7000,5.4086,18.7800,39459.9490,-16.0000,5.8115,19.2300,42134.5416,0,89282.0000,184363.0000
2024-10-01,2024,10,Otros departamentos,4,Prendas de vestir y textiles,0,98.7072,-3.7000,5.4086,18.7800,39459.9490,-16.0000,5.8115,19.2300,42134.5416,0,401892.0000,457054.0000
2024-10-01,2024,10,Otros departamentos,8,Electrodomesticos y muebles,1,118.7458,-3.7000,5.4086,18.7800,39459.9490,-16.0000,5.8115,19.2300,42134.5416,0,401892.0000,457054.0000
2024-10-01,2024,10,Otros departamentos,9,Articulos y utensilios domesticos,0,147.6231,-3.7000,5.4086,18.7800,39459.9490,-16.0000,5.8115,19.2300,42134.5416,0,401892.0000,457054.0000
2024-10-01,2024,10,Otros departamentos,10,Aseo del hogar,0,125.4371,-3.7000,5.4086,18.7800,39459.9490,-16.0000,5.8115,19.2300,42134.5416,0,401892.0000,457054.0000
2024-10-01,2024,10,Otros departamentos,11,Informatica y telecomunicaciones,0,182.6197,-3.7000,5.4086,18.7800,39459.9490,-16.0000,5.8115,19.2300,42134.5416,0,401892.0000,457054.0000
2024-10-01,2024,10,Otros departamentos,12,Sonido y video,0,126.9422,-3.7000,5.4086,18.7800,39459.9490,-16.0000,5.8115,19.2300,42134.5416,0,401892.0000,457054.0000
2024-10-01,2024,10,Otros departamentos,14,"Ferreteria, vidrios y pinturas",0,106.8046,-3.7000,5.4086,18.7800,39459.9490,-16.0000,5.8115,19.2300,42134.5416,0,401892.0000,457054.0000
2024-10-01,2024,10,Otros departamentos,15,Otras mercancias de uso domestico,0,126.3245,-3.7000,5.4086,18.7800,39459.9490,-16.0000,5.8115,19.2300,42134.5416,0,401892.0000,457054.0000
2024-11-01,2024,11,Antioquia,4,Prendas de vestir y textiles,0,128.8124,-5.7000,5.2010,18.6000,46738.1667,-3.7000,5.4086,18.7800,39459.9490,0,170926.0000,223288.0000
2024-11-01,2024,11,Antioquia,8,Electrodomesticos y muebles,1,153.0132,-5.7000,5.2010,18.6000,46738.1667,-3.7000,5.4086,18.7800,39459.9490,0,170926.0000,223288.0000
2024-11-01,2024,11,Antioquia,9,Articulos y utensilios domesticos,0,180.0093,-5.7000,5.2010,18.6000,46738.1667,-3.7000,5.4086,18.7800,39459.9490,0,170926.0000,223288.0000
2024-11-01,2024,11,Antioquia,10,Aseo del hogar,0,133.3431,-5.7000,5.2010,18.6000,46738.1667,-3.7000,5.4086,18.7800,39459.9490,0,170926.0000,223288.0000
2024-11-01,2024,11,Antioquia,11,Informatica y telecomunicaciones,0,261.9081,-5.7000,5.2010,18.6000,46738.1667,-3.7000,5.4086,18.7800,39459.9490,0,170926.0000,223288.0000
2024-11-01,2024,11,Antioquia,12,Sonido y video,0,202.8135,-5.7000,5.2010,18.6000,46738.1667,-3.7000,5.4086,18.7800,39459.9490,0,170926.0000,223288.0000
2024-11-01,2024,11,Antioquia,14,"Ferreteria, vidrios y pinturas",0,121.8616,-5.7000,5.2010,18.6000,46738.1667,-3.7000,5.4086,18.7800,39459.9490,0,170926.0000,223288.0000
2024-11-01,2024,11,Antioquia,15,Otras mercancias de uso domestico,0,147.9118,-5.7000,5.2010,18.6000,46738.1667,-3.7000,5.4086,18.7800,39459.9490,0,170926.0000,223288.0000
2024-11-01,2024,11,Atlantico,4,Prendas de vestir y textiles,0,103.6964,-5.7000,5.2010,18.6000,46738.1667,-3.7000,5.4086,18.7800,39459.9490,0,104632.0000,10489.0000
2024-11-01,2024,11,Atlantico,8,Electrodomesticos y muebles,1,122.7318,-5.7000,5.2010,18.6000,46738.1667,-3.7000,5.4086,18.7800,39459.9490,0,104632.0000,10489.0000
2024-11-01,2024,11,Atlantico,9,Articulos y utensilios domesticos,0,145.9442,-5.7000,5.2010,18.6000,46738.1667,-3.7000,5.4086,18.7800,39459.9490,0,104632.0000,10489.0000
2024-11-01,2024,11,Atlantico,10,Aseo del hogar,0,108.2433,-5.7000,5.2010,18.6000,46738.1667,-3.7000,5.4086,18.7800,39459.9490,0,104632.0000,10489.0000
2024-11-01,2024,11,Atlantico,11,Informatica y telecomunicaciones,0,213.3074,-5.7000,5.2010,18.6000,46738.1667,-3.7000,5.4086,18.7800,39459.9490,0,104632.0000,10489.0000
2024-11-01,2024,11,Atlantico,12,Sonido y video,0,168.4632,-5.7000,5.2010,18.6000,46738.1667,-3.7000,5.4086,18.7800,39459.9490,0,104632.0000,10489.0000
2024-11-01,2024,11,Atlantico,14,"Ferreteria, vidrios y pinturas",0,96.5758,-5.7000,5.2010,18.6000,46738.1667,-3.7000,5.4086,18.7800,39459.9490,0,104632.0000,10489.0000
2024-11-01,2024,11,Atlantico,15,Otras mercancias de uso domestico,0,126.8942,-5.7000,5.2010,18.6000,46738.1667,-3.7000,5.4086,18.7800,39459.9490,0,104632.0000,10489.0000
2024-11-01,2024,11,Bogota,4,Prendas de vestir y textiles,0,146.5329,-5.7000,5.2010,18.6000,46738.1667,-3.7000,5.4086,18.7800,39459.9490,0,102295.0000,144669.0000
2024-11-01,2024,11,Bogota,8,Electrodomesticos y muebles,1,174.3846,-5.7000,5.2010,18.6000,46738.1667,-3.7000,5.4086,18.7800,39459.9490,0,102295.0000,144669.0000
2024-11-01,2024,11,Bogota,9,Articulos y utensilios domesticos,0,202.2742,-5.7000,5.2010,18.6000,46738.1667,-3.7000,5.4086,18.7800,39459.9490,0,102295.0000,144669.0000
2024-11-01,2024,11,Bogota,10,Aseo del hogar,0,148.6919,-5.7000,5.2010,18.6000,46738.1667,-3.7000,5.4086,18.7800,39459.9490,0,102295.0000,144669.0000
2024-11-01,2024,11,Bogota,11,Informatica y telecomunicaciones,0,288.7571,-5.7000,5.2010,18.6000,46738.1667,-3.7000,5.4086,18.7800,39459.9490,0,102295.0000,144669.0000
2024-11-01,2024,11,Bogota,12,Sonido y video,0,219.9323,-5.7000,5.2010,18.6000,46738.1667,-3.7000,5.4086,18.7800,39459.9490,0,102295.0000,144669.0000
2024-11-01,2024,11,Bogota,14,"Ferreteria, vidrios y pinturas",0,128.1727,-5.7000,5.2010,18.6000,46738.1667,-3.7000,5.4086,18.7800,39459.9490,0,102295.0000,144669.0000
2024-11-01,2024,11,Bogota,15,Otras mercancias de uso domestico,0,173.6313,-5.7000,5.2010,18.6000,46738.1667,-3.7000,5.4086,18.7800,39459.9490,0,102295.0000,144669.0000
2024-11-01,2024,11,Cundinamarca,4,Prendas de vestir y textiles,0,155.2280,-5.7000,5.2010,18.6000,46738.1667,-3.7000,5.4086,18.7800,39459.9490,0,113818.0000,88087.0000
2024-11-01,2024,11,Cundinamarca,8,Electrodomesticos y muebles,1,178.1112,-5.7000,5.2010,18.6000,46738.1667,-3.7000,5.4086,18.7800,39459.9490,0,113818.0000,88087.0000
2024-11-01,2024,11,Cundinamarca,9,Articulos y utensilios domesticos,0,218.0456,-5.7000,5.2010,18.6000,46738.1667,-3.7000,5.4086,18.7800,39459.9490,0,113818.0000,88087.0000
2024-11-01,2024,11,Cundinamarca,10,Aseo del hogar,0,145.2948,-5.7000,5.2010,18.6000,46738.1667,-3.7000,5.4086,18.7800,39459.9490,0,113818.0000,88087.0000
2024-11-01,2024,11,Cundinamarca,11,Informatica y telecomunicaciones,0,300.0872,-5.7000,5.2010,18.6000,46738.1667,-3.7000,5.4086,18.7800,39459.9490,0,113818.0000,88087.0000
2024-11-01,2024,11,Cundinamarca,12,Sonido y video,0,231.3234,-5.7000,5.2010,18.6000,46738.1667,-3.7000,5.4086,18.7800,39459.9490,0,113818.0000,88087.0000
2024-11-01,2024,11,Cundinamarca,14,"Ferreteria, vidrios y pinturas",0,137.9085,-5.7000,5.2010,18.6000,46738.1667,-3.7000,5.4086,18.7800,39459.9490,0,113818.0000,88087.0000
2024-11-01,2024,11,Cundinamarca,15,Otras mercancias de uso domestico,0,186.0385,-5.7000,5.2010,18.6000,46738.1667,-3.7000,5.4086,18.7800,39459.9490,0,113818.0000,88087.0000
2024-11-01,2024,11,Santander,4,Prendas de vestir y textiles,0,122.9946,-5.7000,5.2010,18.6000,46738.1667,-3.7000,5.4086,18.7800,39459.9490,0,101638.0000,36377.0000
2024-11-01,2024,11,Santander,8,Electrodomesticos y muebles,1,147.4084,-5.7000,5.2010,18.6000,46738.1667,-3.7000,5.4086,18.7800,39459.9490,0,101638.0000,36377.0000
2024-11-01,2024,11,Santander,9,Articulos y utensilios domesticos,0,172.5876,-5.7000,5.2010,18.6000,46738.1667,-3.7000,5.4086,18.7800,39459.9490,0,101638.0000,36377.0000
2024-11-01,2024,11,Santander,10,Aseo del hogar,0,122.7111,-5.7000,5.2010,18.6000,46738.1667,-3.7000,5.4086,18.7800,39459.9490,0,101638.0000,36377.0000
2024-11-01,2024,11,Santander,11,Informatica y telecomunicaciones,0,251.5132,-5.7000,5.2010,18.6000,46738.1667,-3.7000,5.4086,18.7800,39459.9490,0,101638.0000,36377.0000
2024-11-01,2024,11,Santander,12,Sonido y video,0,192.6824,-5.7000,5.2010,18.6000,46738.1667,-3.7000,5.4086,18.7800,39459.9490,0,101638.0000,36377.0000
2024-11-01,2024,11,Santander,14,"Ferreteria, vidrios y pinturas",0,110.4946,-5.7000,5.2010,18.6000,46738.1667,-3.7000,5.4086,18.7800,39459.9490,0,101638.0000,36377.0000
2024-11-01,2024,11,Santander,15,Otras mercancias de uso domestico,0,148.0362,-5.7000,5.2010,18.6000,46738.1667,-3.7000,5.4086,18.7800,39459.9490,0,101638.0000,36377.0000
2024-11-01,2024,11,Valle del Cauca,4,Prendas de vestir y textiles,0,112.8700,-5.7000,5.2010,18.6000,46738.1667,-3.7000,5.4086,18.7800,39459.9490,0,352347.0000,89282.0000
2024-11-01,2024,11,Valle del Cauca,8,Electrodomesticos y muebles,1,138.5697,-5.7000,5.2010,18.6000,46738.1667,-3.7000,5.4086,18.7800,39459.9490,0,352347.0000,89282.0000
2024-11-01,2024,11,Valle del Cauca,9,Articulos y utensilios domesticos,0,155.0395,-5.7000,5.2010,18.6000,46738.1667,-3.7000,5.4086,18.7800,39459.9490,0,352347.0000,89282.0000
2024-11-01,2024,11,Valle del Cauca,10,Aseo del hogar,0,109.2456,-5.7000,5.2010,18.6000,46738.1667,-3.7000,5.4086,18.7800,39459.9490,0,352347.0000,89282.0000
2024-11-01,2024,11,Valle del Cauca,11,Informatica y telecomunicaciones,0,217.7984,-5.7000,5.2010,18.6000,46738.1667,-3.7000,5.4086,18.7800,39459.9490,0,352347.0000,89282.0000
2024-11-01,2024,11,Valle del Cauca,12,Sonido y video,0,166.2145,-5.7000,5.2010,18.6000,46738.1667,-3.7000,5.4086,18.7800,39459.9490,0,352347.0000,89282.0000
2024-11-01,2024,11,Valle del Cauca,14,"Ferreteria, vidrios y pinturas",0,101.6576,-5.7000,5.2010,18.6000,46738.1667,-3.7000,5.4086,18.7800,39459.9490,0,352347.0000,89282.0000
2024-11-01,2024,11,Valle del Cauca,15,Otras mercancias de uso domestico,0,132.1407,-5.7000,5.2010,18.6000,46738.1667,-3.7000,5.4086,18.7800,39459.9490,0,352347.0000,89282.0000
2024-11-01,2024,11,Otros departamentos,4,Prendas de vestir y textiles,0,120.0453,-5.7000,5.2010,18.6000,46738.1667,-3.7000,5.4086,18.7800,39459.9490,0,539350.0000,401892.0000
2024-11-01,2024,11,Otros departamentos,8,Electrodomesticos y muebles,1,138.9896,-5.7000,5.2010,18.6000,46738.1667,-3.7000,5.4086,18.7800,39459.9490,0,539350.0000,401892.0000
2024-11-01,2024,11,Otros departamentos,9,Articulos y utensilios domesticos,0,161.3336,-5.7000,5.2010,18.6000,46738.1667,-3.7000,5.4086,18.7800,39459.9490,0,539350.0000,401892.0000
2024-11-01,2024,11,Otros departamentos,10,Aseo del hogar,0,121.9278,-5.7000,5.2010,18.6000,46738.1667,-3.7000,5.4086,18.7800,39459.9490,0,539350.0000,401892.0000
2024-11-01,2024,11,Otros departamentos,11,Informatica y telecomunicaciones,0,242.2656,-5.7000,5.2010,18.6000,46738.1667,-3.7000,5.4086,18.7800,39459.9490,0,539350.0000,401892.0000
2024-11-01,2024,11,Otros departamentos,12,Sonido y video,0,190.4220,-5.7000,5.2010,18.6000,46738.1667,-3.7000,5.4086,18.7800,39459.9490,0,539350.0000,401892.0000
2024-11-01,2024,11,Otros departamentos,14,"Ferreteria, vidrios y pinturas",0,108.9643,-5.7000,5.2010,18.6000,46738.1667,-3.7000,5.4086,18.7800,39459.9490,0,539350.0000,401892.0000
2024-11-01,2024,11,Otros departamentos,15,Otras mercancias de uso domestico,0,145.9719,-5.7000,5.2010,18.6000,46738.1667,-3.7000,5.4086,18.7800,39459.9490,0,539350.0000,401892.0000
2024-12-01,2024,12,Antioquia,4,Prendas de vestir y textiles,0,266.9701,-3.4000,5.1990,17.5900,38354.1573,-5.7000,5.2010,18.6000,46738.1667,0,361615.0000,170926.0000
2024-12-01,2024,12,Antioquia,8,Electrodomesticos y muebles,1,151.1056,-3.4000,5.1990,17.5900,38354.1573,-5.7000,5.2010,18.6000,46738.1667,0,361615.0000,170926.0000
2024-12-01,2024,12,Antioquia,9,Articulos y utensilios domesticos,0,217.5625,-3.4000,5.1990,17.5900,38354.1573,-5.7000,5.2010,18.6000,46738.1667,0,361615.0000,170926.0000
2024-12-01,2024,12,Antioquia,10,Aseo del hogar,0,145.8078,-3.4000,5.1990,17.5900,38354.1573,-5.7000,5.2010,18.6000,46738.1667,0,361615.0000,170926.0000
2024-12-01,2024,12,Antioquia,11,Informatica y telecomunicaciones,0,310.7744,-3.4000,5.1990,17.5900,38354.1573,-5.7000,5.2010,18.6000,46738.1667,0,361615.0000,170926.0000
2024-12-01,2024,12,Antioquia,12,Sonido y video,0,196.5941,-3.4000,5.1990,17.5900,38354.1573,-5.7000,5.2010,18.6000,46738.1667,0,361615.0000,170926.0000
2024-12-01,2024,12,Antioquia,14,"Ferreteria, vidrios y pinturas",0,112.7946,-3.4000,5.1990,17.5900,38354.1573,-5.7000,5.2010,18.6000,46738.1667,0,361615.0000,170926.0000
2024-12-01,2024,12,Antioquia,15,Otras mercancias de uso domestico,0,186.1667,-3.4000,5.1990,17.5900,38354.1573,-5.7000,5.2010,18.6000,46738.1667,0,361615.0000,170926.0000
2024-12-01,2024,12,Atlantico,4,Prendas de vestir y textiles,0,232.7194,-3.4000,5.1990,17.5900,38354.1573,-5.7000,5.2010,18.6000,46738.1667,0,164148.0000,104632.0000
2024-12-01,2024,12,Atlantico,8,Electrodomesticos y muebles,1,133.0205,-3.4000,5.1990,17.5900,38354.1573,-5.7000,5.2010,18.6000,46738.1667,0,164148.0000,104632.0000
2024-12-01,2024,12,Atlantico,9,Articulos y utensilios domesticos,0,188.1900,-3.4000,5.1990,17.5900,38354.1573,-5.7000,5.2010,18.6000,46738.1667,0,164148.0000,104632.0000
2024-12-01,2024,12,Atlantico,10,Aseo del hogar,0,129.3506,-3.4000,5.1990,17.5900,38354.1573,-5.7000,5.2010,18.6000,46738.1667,0,164148.0000,104632.0000
2024-12-01,2024,12,Atlantico,11,Informatica y telecomunicaciones,0,281.6170,-3.4000,5.1990,17.5900,38354.1573,-5.7000,5.2010,18.6000,46738.1667,0,164148.0000,104632.0000
2024-12-01,2024,12,Atlantico,12,Sonido y video,0,175.9305,-3.4000,5.1990,17.5900,38354.1573,-5.7000,5.2010,18.6000,46738.1667,0,164148.0000,104632.0000
2024-12-01,2024,12,Atlantico,14,"Ferreteria, vidrios y pinturas",0,100.1850,-3.4000,5.1990,17.5900,38354.1573,-5.7000,5.2010,18.6000,46738.1667,0,164148.0000,104632.0000
2024-12-01,2024,12,Atlantico,15,Otras mercancias de uso domestico,0,172.5612,-3.4000,5.1990,17.5900,38354.1573,-5.7000,5.2010,18.6000,46738.1667,0,164148.0000,104632.0000
2024-12-01,2024,12,Bogota,4,Prendas de vestir y textiles,0,292.2771,-3.4000,5.1990,17.5900,38354.1573,-5.7000,5.2010,18.6000,46738.1667,0,327905.0000,102295.0000
2024-12-01,2024,12,Bogota,8,Electrodomesticos y muebles,1,166.0934,-3.4000,5.1990,17.5900,38354.1573,-5.7000,5.2010,18.6000,46738.1667,0,327905.0000,102295.0000
2024-12-01,2024,12,Bogota,9,Articulos y utensilios domesticos,0,238.2425,-3.4000,5.1990,17.5900,38354.1573,-5.7000,5.2010,18.6000,46738.1667,0,327905.0000,102295.0000
2024-12-01,2024,12,Bogota,10,Aseo del hogar,0,155.6340,-3.4000,5.1990,17.5900,38354.1573,-5.7000,5.2010,18.6000,46738.1667,0,327905.0000,102295.0000
2024-12-01,2024,12,Bogota,11,Informatica y telecomunicaciones,0,340.9318,-3.4000,5.1990,17.5900,38354.1573,-5.7000,5.2010,18.6000,46738.1667,0,327905.0000,102295.0000
2024-12-01,2024,12,Bogota,12,Sonido y video,0,211.2477,-3.4000,5.1990,17.5900,38354.1573,-5.7000,5.2010,18.6000,46738.1667,0,327905.0000,102295.0000
2024-12-01,2024,12,Bogota,14,"Ferreteria, vidrios y pinturas",0,118.4277,-3.4000,5.1990,17.5900,38354.1573,-5.7000,5.2010,18.6000,46738.1667,0,327905.0000,102295.0000
2024-12-01,2024,12,Bogota,15,Otras mercancias de uso domestico,0,210.1405,-3.4000,5.1990,17.5900,38354.1573,-5.7000,5.2010,18.6000,46738.1667,0,327905.0000,102295.0000
2024-12-01,2024,12,Cundinamarca,4,Prendas de vestir y textiles,0,302.0667,-3.4000,5.1990,17.5900,38354.1573,-5.7000,5.2010,18.6000,46738.1667,0,234581.0000,113818.0000
2024-12-01,2024,12,Cundinamarca,8,Electrodomesticos y muebles,1,170.7216,-3.4000,5.1990,17.5900,38354.1573,-5.7000,5.2010,18.6000,46738.1667,0,234581.0000,113818.0000
2024-12-01,2024,12,Cundinamarca,9,Articulos y utensilios domesticos,0,245.3064,-3.4000,5.1990,17.5900,38354.1573,-5.7000,5.2010,18.6000,46738.1667,0,234581.0000,113818.0000
2024-12-01,2024,12,Cundinamarca,10,Aseo del hogar,0,159.1346,-3.4000,5.1990,17.5900,38354.1573,-5.7000,5.2010,18.6000,46738.1667,0,234581.0000,113818.0000
2024-12-01,2024,12,Cundinamarca,11,Informatica y telecomunicaciones,0,347.5446,-3.4000,5.1990,17.5900,38354.1573,-5.7000,5.2010,18.6000,46738.1667,0,234581.0000,113818.0000
2024-12-01,2024,12,Cundinamarca,12,Sonido y video,0,215.2433,-3.4000,5.1990,17.5900,38354.1573,-5.7000,5.2010,18.6000,46738.1667,0,234581.0000,113818.0000
2024-12-01,2024,12,Cundinamarca,14,"Ferreteria, vidrios y pinturas",0,123.0958,-3.4000,5.1990,17.5900,38354.1573,-5.7000,5.2010,18.6000,46738.1667,0,234581.0000,113818.0000
2024-12-01,2024,12,Cundinamarca,15,Otras mercancias de uso domestico,0,222.7799,-3.4000,5.1990,17.5900,38354.1573,-5.7000,5.2010,18.6000,46738.1667,0,234581.0000,113818.0000
2024-12-01,2024,12,Santander,4,Prendas de vestir y textiles,0,252.4942,-3.4000,5.1990,17.5900,38354.1573,-5.7000,5.2010,18.6000,46738.1667,0,45052.0000,101638.0000
2024-12-01,2024,12,Santander,8,Electrodomesticos y muebles,1,149.7106,-3.4000,5.1990,17.5900,38354.1573,-5.7000,5.2010,18.6000,46738.1667,0,45052.0000,101638.0000
2024-12-01,2024,12,Santander,9,Articulos y utensilios domesticos,0,208.8245,-3.4000,5.1990,17.5900,38354.1573,-5.7000,5.2010,18.6000,46738.1667,0,45052.0000,101638.0000
2024-12-01,2024,12,Santander,10,Aseo del hogar,0,136.2548,-3.4000,5.1990,17.5900,38354.1573,-5.7000,5.2010,18.6000,46738.1667,0,45052.0000,101638.0000
2024-12-01,2024,12,Santander,11,Informatica y telecomunicaciones,0,302.1472,-3.4000,5.1990,17.5900,38354.1573,-5.7000,5.2010,18.6000,46738.1667,0,45052.0000,101638.0000
2024-12-01,2024,12,Santander,12,Sonido y video,0,194.8917,-3.4000,5.1990,17.5900,38354.1573,-5.7000,5.2010,18.6000,46738.1667,0,45052.0000,101638.0000
2024-12-01,2024,12,Santander,14,"Ferreteria, vidrios y pinturas",0,106.2363,-3.4000,5.1990,17.5900,38354.1573,-5.7000,5.2010,18.6000,46738.1667,0,45052.0000,101638.0000
2024-12-01,2024,12,Santander,15,Otras mercancias de uso domestico,0,188.2208,-3.4000,5.1990,17.5900,38354.1573,-5.7000,5.2010,18.6000,46738.1667,0,45052.0000,101638.0000
2024-12-01,2024,12,Valle del Cauca,4,Prendas de vestir y textiles,0,217.1128,-3.4000,5.1990,17.5900,38354.1573,-5.7000,5.2010,18.6000,46738.1667,0,364038.0000,352347.0000
2024-12-01,2024,12,Valle del Cauca,8,Electrodomesticos y muebles,1,125.3922,-3.4000,5.1990,17.5900,38354.1573,-5.7000,5.2010,18.6000,46738.1667,0,364038.0000,352347.0000
2024-12-01,2024,12,Valle del Cauca,9,Articulos y utensilios domesticos,0,168.8921,-3.4000,5.1990,17.5900,38354.1573,-5.7000,5.2010,18.6000,46738.1667,0,364038.0000,352347.0000
2024-12-01,2024,12,Valle del Cauca,10,Aseo del hogar,0,110.3645,-3.4000,5.1990,17.5900,38354.1573,-5.7000,5.2010,18.6000,46738.1667,0,364038.0000,352347.0000
2024-12-01,2024,12,Valle del Cauca,11,Informatica y telecomunicaciones,0,239.7787,-3.4000,5.1990,17.5900,38354.1573,-5.7000,5.2010,18.6000,46738.1667,0,364038.0000,352347.0000
2024-12-01,2024,12,Valle del Cauca,12,Sonido y video,0,152.1750,-3.4000,5.1990,17.5900,38354.1573,-5.7000,5.2010,18.6000,46738.1667,0,364038.0000,352347.0000
2024-12-01,2024,12,Valle del Cauca,14,"Ferreteria, vidrios y pinturas",0,85.9902,-3.4000,5.1990,17.5900,38354.1573,-5.7000,5.2010,18.6000,46738.1667,0,364038.0000,352347.0000
2024-12-01,2024,12,Valle del Cauca,15,Otras mercancias de uso domestico,0,149.8468,-3.4000,5.1990,17.5900,38354.1573,-5.7000,5.2010,18.6000,46738.1667,0,364038.0000,352347.0000
2024-12-01,2024,12,Otros departamentos,4,Prendas de vestir y textiles,0,275.8317,-3.4000,5.1990,17.5900,38354.1573,-5.7000,5.2010,18.6000,46738.1667,0,595510.0000,539350.0000
2024-12-01,2024,12,Otros departamentos,8,Electrodomesticos y muebles,1,154.9462,-3.4000,5.1990,17.5900,38354.1573,-5.7000,5.2010,18.6000,46738.1667,0,595510.0000,539350.0000
2024-12-01,2024,12,Otros departamentos,9,Articulos y utensilios domesticos,0,218.9195,-3.4000,5.1990,17.5900,38354.1573,-5.7000,5.2010,18.6000,46738.1667,0,595510.0000,539350.0000
2024-12-01,2024,12,Otros departamentos,10,Aseo del hogar,0,151.4857,-3.4000,5.1990,17.5900,38354.1573,-5.7000,5.2010,18.6000,46738.1667,0,595510.0000,539350.0000
2024-12-01,2024,12,Otros departamentos,11,Informatica y telecomunicaciones,0,323.2735,-3.4000,5.1990,17.5900,38354.1573,-5.7000,5.2010,18.6000,46738.1667,0,595510.0000,539350.0000
2024-12-01,2024,12,Otros departamentos,12,Sonido y video,0,209.4941,-3.4000,5.1990,17.5900,38354.1573,-5.7000,5.2010,18.6000,46738.1667,0,595510.0000,539350.0000
2024-12-01,2024,12,Otros departamentos,14,"Ferreteria, vidrios y pinturas",0,114.2889,-3.4000,5.1990,17.5900,38354.1573,-5.7000,5.2010,18.6000,46738.1667,0,595510.0000,539350.0000
2024-12-01,2024,12,Otros departamentos,15,Otras mercancias de uso domestico,0,205.8953,-3.4000,5.1990,17.5900,38354.1573,-5.7000,5.2010,18.6000,46738.1667,0,595510.0000,539350.0000
2025-01-01,2025,1,Antioquia,4,Prendas de vestir y textiles,0,90.8350,-1.1000,5.2238,16.5900,39350.4604,-3.4000,5.1990,17.5900,38354.1573,0,194348.0000,361615.0000
2025-01-01,2025,1,Antioquia,8,Electrodomesticos y muebles,1,146.4788,-1.1000,5.2238,16.5900,39350.4604,-3.4000,5.1990,17.5900,38354.1573,0,194348.0000,361615.0000
2025-01-01,2025,1,Antioquia,9,Articulos y utensilios domesticos,0,154.1920,-1.1000,5.2238,16.5900,39350.4604,-3.4000,5.1990,17.5900,38354.1573,0,194348.0000,361615.0000
2025-01-01,2025,1,Antioquia,10,Aseo del hogar,0,137.4445,-1.1000,5.2238,16.5900,39350.4604,-3.4000,5.1990,17.5900,38354.1573,0,194348.0000,361615.0000
2025-01-01,2025,1,Antioquia,11,Informatica y telecomunicaciones,0,233.8898,-1.1000,5.2238,16.5900,39350.4604,-3.4000,5.1990,17.5900,38354.1573,0,194348.0000,361615.0000
2025-01-01,2025,1,Antioquia,12,Sonido y video,0,125.5904,-1.1000,5.2238,16.5900,39350.4604,-3.4000,5.1990,17.5900,38354.1573,0,194348.0000,361615.0000
2025-01-01,2025,1,Antioquia,14,"Ferreteria, vidrios y pinturas",0,111.4421,-1.1000,5.2238,16.5900,39350.4604,-3.4000,5.1990,17.5900,38354.1573,0,194348.0000,361615.0000
2025-01-01,2025,1,Antioquia,15,Otras mercancias de uso domestico,0,119.6882,-1.1000,5.2238,16.5900,39350.4604,-3.4000,5.1990,17.5900,38354.1573,0,194348.0000,361615.0000
2025-01-01,2025,1,Atlantico,4,Prendas de vestir y textiles,0,74.6145,-1.1000,5.2238,16.5900,39350.4604,-3.4000,5.1990,17.5900,38354.1573,0,131536.0000,164148.0000
2025-01-01,2025,1,Atlantico,8,Electrodomesticos y muebles,1,120.5484,-1.1000,5.2238,16.5900,39350.4604,-3.4000,5.1990,17.5900,38354.1573,0,131536.0000,164148.0000
2025-01-01,2025,1,Atlantico,9,Articulos y utensilios domesticos,0,128.4915,-1.1000,5.2238,16.5900,39350.4604,-3.4000,5.1990,17.5900,38354.1573,0,131536.0000,164148.0000
2025-01-01,2025,1,Atlantico,10,Aseo del hogar,0,112.0869,-1.1000,5.2238,16.5900,39350.4604,-3.4000,5.1990,17.5900,38354.1573,0,131536.0000,164148.0000
2025-01-01,2025,1,Atlantico,11,Informatica y telecomunicaciones,0,188.4341,-1.1000,5.2238,16.5900,39350.4604,-3.4000,5.1990,17.5900,38354.1573,0,131536.0000,164148.0000
2025-01-01,2025,1,Atlantico,12,Sonido y video,0,105.4124,-1.1000,5.2238,16.5900,39350.4604,-3.4000,5.1990,17.5900,38354.1573,0,131536.0000,164148.0000
2025-01-01,2025,1,Atlantico,14,"Ferreteria, vidrios y pinturas",0,94.1053,-1.1000,5.2238,16.5900,39350.4604,-3.4000,5.1990,17.5900,38354.1573,0,131536.0000,164148.0000
2025-01-01,2025,1,Atlantico,15,Otras mercancias de uso domestico,0,102.1733,-1.1000,5.2238,16.5900,39350.4604,-3.4000,5.1990,17.5900,38354.1573,0,131536.0000,164148.0000
2025-01-01,2025,1,Bogota,4,Prendas de vestir y textiles,0,96.3470,-1.1000,5.2238,16.5900,39350.4604,-3.4000,5.1990,17.5900,38354.1573,0,115347.0000,327905.0000
2025-01-01,2025,1,Bogota,8,Electrodomesticos y muebles,1,156.3162,-1.1000,5.2238,16.5900,39350.4604,-3.4000,5.1990,17.5900,38354.1573,0,115347.0000,327905.0000
2025-01-01,2025,1,Bogota,9,Articulos y utensilios domesticos,0,169.9160,-1.1000,5.2238,16.5900,39350.4604,-3.4000,5.1990,17.5900,38354.1573,0,115347.0000,327905.0000
2025-01-01,2025,1,Bogota,10,Aseo del hogar,0,144.7455,-1.1000,5.2238,16.5900,39350.4604,-3.4000,5.1990,17.5900,38354.1573,0,115347.0000,327905.0000
2025-01-01,2025,1,Bogota,11,Informatica y telecomunicaciones,0,244.3064,-1.1000,5.2238,16.5900,39350.4604,-3.4000,5.1990,17.5900,38354.1573,0,115347.0000,327905.0000
2025-01-01,2025,1,Bogota,12,Sonido y video,0,132.2344,-1.1000,5.2238,16.5900,39350.4604,-3.4000,5.1990,17.5900,38354.1573,0,115347.0000,327905.0000
2025-01-01,2025,1,Bogota,14,"Ferreteria, vidrios y pinturas",0,119.0794,-1.1000,5.2238,16.5900,39350.4604,-3.4000,5.1990,17.5900,38354.1573,0,115347.0000,327905.0000
2025-01-01,2025,1,Bogota,15,Otras mercancias de uso domestico,0,132.0476,-1.1000,5.2238,16.5900,39350.4604,-3.4000,5.1990,17.5900,38354.1573,0,115347.0000,327905.0000
2025-01-01,2025,1,Cundinamarca,4,Prendas de vestir y textiles,0,106.1708,-1.1000,5.2238,16.5900,39350.4604,-3.4000,5.1990,17.5900,38354.1573,0,116247.0000,234581.0000
2025-01-01,2025,1,Cundinamarca,8,Electrodomesticos y muebles,1,170.6221,-1.1000,5.2238,16.5900,39350.4604,-3.4000,5.1990,17.5900,38354.1573,0,116247.0000,234581.0000
2025-01-01,2025,1,Cundinamarca,9,Articulos y utensilios domesticos,0,182.8498,-1.1000,5.2238,16.5900,39350.4604,-3.4000,5.1990,17.5900,38354.1573,0,116247.0000,234581.0000
2025-01-01,2025,1,Cundinamarca,10,Aseo del hogar,0,155.8628,-1.1000,5.2238,16.5900,39350.4604,-3.4000,5.1990,17.5900,38354.1573,0,116247.0000,234581.0000
2025-01-01,2025,1,Cundinamarca,11,Informatica y telecomunicaciones,0,261.9422,-1.1000,5.2238,16.5900,39350.4604,-3.4000,5.1990,17.5900,38354.1573,0,116247.0000,234581.0000
2025-01-01,2025,1,Cundinamarca,12,Sonido y video,0,145.7862,-1.1000,5.2238,16.5900,39350.4604,-3.4000,5.1990,17.5900,38354.1573,0,116247.0000,234581.0000
2025-01-01,2025,1,Cundinamarca,14,"Ferreteria, vidrios y pinturas",0,126.9814,-1.1000,5.2238,16.5900,39350.4604,-3.4000,5.1990,17.5900,38354.1573,0,116247.0000,234581.0000
2025-01-01,2025,1,Cundinamarca,15,Otras mercancias de uso domestico,0,142.9910,-1.1000,5.2238,16.5900,39350.4604,-3.4000,5.1990,17.5900,38354.1573,0,116247.0000,234581.0000
2025-01-01,2025,1,Santander,4,Prendas de vestir y textiles,0,84.7544,-1.1000,5.2238,16.5900,39350.4604,-3.4000,5.1990,17.5900,38354.1573,0,33766.0000,45052.0000
2025-01-01,2025,1,Santander,8,Electrodomesticos y muebles,1,141.0474,-1.1000,5.2238,16.5900,39350.4604,-3.4000,5.1990,17.5900,38354.1573,0,33766.0000,45052.0000
2025-01-01,2025,1,Santander,9,Articulos y utensilios domesticos,0,145.8627,-1.1000,5.2238,16.5900,39350.4604,-3.4000,5.1990,17.5900,38354.1573,0,33766.0000,45052.0000
2025-01-01,2025,1,Santander,10,Aseo del hogar,0,127.6682,-1.1000,5.2238,16.5900,39350.4604,-3.4000,5.1990,17.5900,38354.1573,0,33766.0000,45052.0000
2025-01-01,2025,1,Santander,11,Informatica y telecomunicaciones,0,215.2774,-1.1000,5.2238,16.5900,39350.4604,-3.4000,5.1990,17.5900,38354.1573,0,33766.0000,45052.0000
2025-01-01,2025,1,Santander,12,Sonido y video,0,117.1318,-1.1000,5.2238,16.5900,39350.4604,-3.4000,5.1990,17.5900,38354.1573,0,33766.0000,45052.0000
2025-01-01,2025,1,Santander,14,"Ferreteria, vidrios y pinturas",0,105.1929,-1.1000,5.2238,16.5900,39350.4604,-3.4000,5.1990,17.5900,38354.1573,0,33766.0000,45052.0000
2025-01-01,2025,1,Santander,15,Otras mercancias de uso domestico,0,117.0256,-1.1000,5.2238,16.5900,39350.4604,-3.4000,5.1990,17.5900,38354.1573,0,33766.0000,45052.0000
2025-01-01,2025,1,Valle del Cauca,4,Prendas de vestir y textiles,0,72.6598,-1.1000,5.2238,16.5900,39350.4604,-3.4000,5.1990,17.5900,38354.1573,0,237576.0000,364038.0000
2025-01-01,2025,1,Valle del Cauca,8,Electrodomesticos y muebles,1,121.6117,-1.1000,5.2238,16.5900,39350.4604,-3.4000,5.1990,17.5900,38354.1573,0,237576.0000,364038.0000
2025-01-01,2025,1,Valle del Cauca,9,Articulos y utensilios domesticos,0,120.4385,-1.1000,5.2238,16.5900,39350.4604,-3.4000,5.1990,17.5900,38354.1573,0,237576.0000,364038.0000
2025-01-01,2025,1,Valle del Cauca,10,Aseo del hogar,0,104.9071,-1.1000,5.2238,16.5900,39350.4604,-3.4000,5.1990,17.5900,38354.1573,0,237576.0000,364038.0000
2025-01-01,2025,1,Valle del Cauca,11,Informatica y telecomunicaciones,0,169.8642,-1.1000,5.2238,16.5900,39350.4604,-3.4000,5.1990,17.5900,38354.1573,0,237576.0000,364038.0000
2025-01-01,2025,1,Valle del Cauca,12,Sonido y video,0,97.9722,-1.1000,5.2238,16.5900,39350.4604,-3.4000,5.1990,17.5900,38354.1573,0,237576.0000,364038.0000
2025-01-01,2025,1,Valle del Cauca,14,"Ferreteria, vidrios y pinturas",0,87.1997,-1.1000,5.2238,16.5900,39350.4604,-3.4000,5.1990,17.5900,38354.1573,0,237576.0000,364038.0000
2025-01-01,2025,1,Valle del Cauca,15,Otras mercancias de uso domestico,0,95.7777,-1.1000,5.2238,16.5900,39350.4604,-3.4000,5.1990,17.5900,38354.1573,0,237576.0000,364038.0000
2025-01-01,2025,1,Otros departamentos,4,Prendas de vestir y textiles,0,93.2761,-1.1000,5.2238,16.5900,39350.4604,-3.4000,5.1990,17.5900,38354.1573,0,481213.0000,595510.0000
2025-01-01,2025,1,Otros departamentos,8,Electrodomesticos y muebles,1,149.1259,-1.1000,5.2238,16.5900,39350.4604,-3.4000,5.1990,17.5900,38354.1573,0,481213.0000,595510.0000
2025-01-01,2025,1,Otros departamentos,9,Articulos y utensilios domesticos,0,156.5488,-1.1000,5.2238,16.5900,39350.4604,-3.4000,5.1990,17.5900,38354.1573,0,481213.0000,595510.0000
2025-01-01,2025,1,Otros departamentos,10,Aseo del hogar,0,139.2436,-1.1000,5.2238,16.5900,39350.4604,-3.4000,5.1990,17.5900,38354.1573,0,481213.0000,595510.0000
2025-01-01,2025,1,Otros departamentos,11,Informatica y telecomunicaciones,0,234.7090,-1.1000,5.2238,16.5900,39350.4604,-3.4000,5.1990,17.5900,38354.1573,0,481213.0000,595510.0000
2025-01-01,2025,1,Otros departamentos,12,Sonido y video,0,130.2850,-1.1000,5.2238,16.5900,39350.4604,-3.4000,5.1990,17.5900,38354.1573,0,481213.0000,595510.0000
2025-01-01,2025,1,Otros departamentos,14,"Ferreteria, vidrios y pinturas",0,111.9441,-1.1000,5.2238,16.5900,39350.4604,-3.4000,5.1990,17.5900,38354.1573,0,481213.0000,595510.0000
2025-01-01,2025,1,Otros departamentos,15,Otras mercancias de uso domestico,0,123.8716,-1.1000,5.2238,16.5900,39350.4604,-3.4000,5.1990,17.5900,38354.1573,0,481213.0000,595510.0000
2025-02-01,2025,2,Antioquia,4,Prendas de vestir y textiles,0,76.0093,-12.0000,5.2744,17.5300,41251.7897,-1.1000,5.2238,16.5900,39350.4604,0,354882.0000,194348.0000
2025-02-01,2025,2,Antioquia,8,Electrodomesticos y muebles,1,134.3896,-12.0000,5.2744,17.5300,41251.7897,-1.1000,5.2238,16.5900,39350.4604,0,354882.0000,194348.0000
2025-02-01,2025,2,Antioquia,9,Articulos y utensilios domesticos,0,143.9849,-12.0000,5.2744,17.5300,41251.7897,-1.1000,5.2238,16.5900,39350.4604,0,354882.0000,194348.0000
2025-02-01,2025,2,Antioquia,10,Aseo del hogar,0,126.8923,-12.0000,5.2744,17.5300,41251.7897,-1.1000,5.2238,16.5900,39350.4604,0,354882.0000,194348.0000
2025-02-01,2025,2,Antioquia,11,Informatica y telecomunicaciones,0,230.7399,-12.0000,5.2744,17.5300,41251.7897,-1.1000,5.2238,16.5900,39350.4604,0,354882.0000,194348.0000
2025-02-01,2025,2,Antioquia,12,Sonido y video,0,124.8410,-12.0000,5.2744,17.5300,41251.7897,-1.1000,5.2238,16.5900,39350.4604,0,354882.0000,194348.0000
2025-02-01,2025,2,Antioquia,14,"Ferreteria, vidrios y pinturas",0,108.1040,-12.0000,5.2744,17.5300,41251.7897,-1.1000,5.2238,16.5900,39350.4604,0,354882.0000,194348.0000
2025-02-01,2025,2,Antioquia,15,Otras mercancias de uso domestico,0,108.4438,-12.0000,5.2744,17.5300,41251.7897,-1.1000,5.2238,16.5900,39350.4604,0,354882.0000,194348.0000
2025-02-01,2025,2,Atlantico,4,Prendas de vestir y textiles,0,63.6305,-12.0000,5.2744,17.5300,41251.7897,-1.1000,5.2238,16.5900,39350.4604,0,195014.0000,131536.0000
2025-02-01,2025,2,Atlantico,8,Electrodomesticos y muebles,1,110.9689,-12.0000,5.2744,17.5300,41251.7897,-1.1000,5.2238,16.5900,39350.4604,0,195014.0000,131536.0000
2025-02-01,2025,2,Atlantico,9,Articulos y utensilios domesticos,0,116.1937,-12.0000,5.2744,17.5300,41251.7897,-1.1000,5.2238,16.5900,39350.4604,0,195014.0000,131536.0000
2025-02-01,2025,2,Atlantico,10,Aseo del hogar,0,103.6341,-12.0000,5.2744,17.5300,41251.7897,-1.1000,5.2238,16.5900,39350.4604,0,195014.0000,131536.0000
2025-02-01,2025,2,Atlantico,11,Informatica y telecomunicaciones,0,191.9645,-12.0000,5.2744,17.5300,41251.7897,-1.1000,5.2238,16.5900,39350.4604,0,195014.0000,131536.0000
2025-02-01,2025,2,Atlantico,12,Sonido y video,0,106.4892,-12.0000,5.2744,17.5300,41251.7897,-1.1000,5.2238,16.5900,39350.4604,0,195014.0000,131536.0000
2025-02-01,2025,2,Atlantico,14,"Ferreteria, vidrios y pinturas",0,88.6552,-12.0000,5.2744,17.5300,41251.7897,-1.1000,5.2238,16.5900,39350.4604,0,195014.0000,131536.0000
2025-02-01,2025,2,Atlantico,15,Otras mercancias de uso domestico,0,96.8861,-12.0000,5.2744,17.5300,41251.7897,-1.1000,5.2238,16.5900,39350.4604,0,195014.0000,131536.0000
2025-02-01,2025,2,Bogota,4,Prendas de vestir y textiles,0,79.3446,-12.0000,5.2744,17.5300,41251.7897,-1.1000,5.2238,16.5900,39350.4604,0,145285.0000,115347.0000
2025-02-01,2025,2,Bogota,8,Electrodomesticos y muebles,1,140.6458,-12.0000,5.2744,17.5300,41251.7897,-1.1000,5.2238,16.5900,39350.4604,0,145285.0000,115347.0000
2025-02-01,2025,2,Bogota,9,Articulos y utensilios domesticos,0,142.4532,-12.0000,5.2744,17.5300,41251.7897,-1.1000,5.2238,16.5900,39350.4604,0,145285.0000,115347.0000
2025-02-01,2025,2,Bogota,10,Aseo del hogar,0,134.2890,-12.0000,5.2744,17.5300,41251.7897,-1.1000,5.2238,16.5900,39350.4604,0,145285.0000,115347.0000
2025-02-01,2025,2,Bogota,11,Informatica y telecomunicaciones,0,246.9893,-12.0000,5.2744,17.5300,41251.7897,-1.1000,5.2238,16.5900,39350.4604,0,145285.0000,115347.0000
2025-02-01,2025,2,Bogota,12,Sonido y video,0,132.1017,-12.0000,5.2744,17.5300,41251.7897,-1.1000,5.2238,16.5900,39350.4604,0,145285.0000,115347.0000
2025-02-01,2025,2,Bogota,14,"Ferreteria, vidrios y pinturas",0,113.1980,-12.0000,5.2744,17.5300,41251.7897,-1.1000,5.2238,16.5900,39350.4604,0,145285.0000,115347.0000
2025-02-01,2025,2,Bogota,15,Otras mercancias de uso domestico,0,120.1246,-12.0000,5.2744,17.5300,41251.7897,-1.1000,5.2238,16.5900,39350.4604,0,145285.0000,115347.0000
2025-02-01,2025,2,Cundinamarca,4,Prendas de vestir y textiles,0,89.1927,-12.0000,5.2744,17.5300,41251.7897,-1.1000,5.2238,16.5900,39350.4604,0,103230.0000,116247.0000
2025-02-01,2025,2,Cundinamarca,8,Electrodomesticos y muebles,1,157.3588,-12.0000,5.2744,17.5300,41251.7897,-1.1000,5.2238,16.5900,39350.4604,0,103230.0000,116247.0000
2025-02-01,2025,2,Cundinamarca,9,Articulos y utensilios domesticos,0,162.7458,-12.0000,5.2744,17.5300,41251.7897,-1.1000,5.2238,16.5900,39350.4604,0,103230.0000,116247.0000
2025-02-01,2025,2,Cundinamarca,10,Aseo del hogar,0,145.1300,-12.0000,5.2744,17.5300,41251.7897,-1.1000,5.2238,16.5900,39350.4604,0,103230.0000,116247.0000
2025-02-01,2025,2,Cundinamarca,11,Informatica y telecomunicaciones,0,272.8973,-12.0000,5.2744,17.5300,41251.7897,-1.1000,5.2238,16.5900,39350.4604,0,103230.0000,116247.0000
2025-02-01,2025,2,Cundinamarca,12,Sonido y video,0,151.5064,-12.0000,5.2744,17.5300,41251.7897,-1.1000,5.2238,16.5900,39350.4604,0,103230.0000,116247.0000
2025-02-01,2025,2,Cundinamarca,14,"Ferreteria, vidrios y pinturas",0,122.8354,-12.0000,5.2744,17.5300,41251.7897,-1.1000,5.2238,16.5900,39350.4604,0,103230.0000,116247.0000
2025-02-01,2025,2,Cundinamarca,15,Otras mercancias de uso domestico,0,131.5027,-12.0000,5.2744,17.5300,41251.7897,-1.1000,5.2238,16.5900,39350.4604,0,103230.0000,116247.0000
2025-02-01,2025,2,Santander,4,Prendas de vestir y textiles,0,72.4389,-12.0000,5.2744,17.5300,41251.7897,-1.1000,5.2238,16.5900,39350.4604,0,130944.0000,33766.0000
2025-02-01,2025,2,Santander,8,Electrodomesticos y muebles,1,130.9019,-12.0000,5.2744,17.5300,41251.7897,-1.1000,5.2238,16.5900,39350.4604,0,130944.0000,33766.0000
2025-02-01,2025,2,Santander,9,Articulos y utensilios domesticos,0,131.7219,-12.0000,5.2744,17.5300,41251.7897,-1.1000,5.2238,16.5900,39350.4604,0,130944.0000,33766.0000
2025-02-01,2025,2,Santander,10,Aseo del hogar,0,121.5733,-12.0000,5.2744,17.5300,41251.7897,-1.1000,5.2238,16.5900,39350.4604,0,130944.0000,33766.0000
2025-02-01,2025,2,Santander,11,Informatica y telecomunicaciones,0,224.1826,-12.0000,5.2744,17.5300,41251.7897,-1.1000,5.2238,16.5900,39350.4604,0,130944.0000,33766.0000
2025-02-01,2025,2,Santander,12,Sonido y video,0,121.4474,-12.0000,5.2744,17.5300,41251.7897,-1.1000,5.2238,16.5900,39350.4604,0,130944.0000,33766.0000
2025-02-01,2025,2,Santander,14,"Ferreteria, vidrios y pinturas",0,104.8495,-12.0000,5.2744,17.5300,41251.7897,-1.1000,5.2238,16.5900,39350.4604,0,130944.0000,33766.0000
2025-02-01,2025,2,Santander,15,Otras mercancias de uso domestico,0,109.1613,-12.0000,5.2744,17.5300,41251.7897,-1.1000,5.2238,16.5900,39350.4604,0,130944.0000,33766.0000
2025-02-01,2025,2,Valle del Cauca,4,Prendas de vestir y textiles,0,61.4201,-12.0000,5.2744,17.5300,41251.7897,-1.1000,5.2238,16.5900,39350.4604,0,134285.0000,237576.0000
2025-02-01,2025,2,Valle del Cauca,8,Electrodomesticos y muebles,1,107.6193,-12.0000,5.2744,17.5300,41251.7897,-1.1000,5.2238,16.5900,39350.4604,0,134285.0000,237576.0000
2025-02-01,2025,2,Valle del Cauca,9,Articulos y utensilios domesticos,0,112.0023,-12.0000,5.2744,17.5300,41251.7897,-1.1000,5.2238,16.5900,39350.4604,0,134285.0000,237576.0000
2025-02-01,2025,2,Valle del Cauca,10,Aseo del hogar,0,98.0226,-12.0000,5.2744,17.5300,41251.7897,-1.1000,5.2238,16.5900,39350.4604,0,134285.0000,237576.0000
2025-02-01,2025,2,Valle del Cauca,11,Informatica y telecomunicaciones,0,178.4696,-12.0000,5.2744,17.5300,41251.7897,-1.1000,5.2238,16.5900,39350.4604,0,134285.0000,237576.0000
2025-02-01,2025,2,Valle del Cauca,12,Sonido y video,0,100.7911,-12.0000,5.2744,17.5300,41251.7897,-1.1000,5.2238,16.5900,39350.4604,0,134285.0000,237576.0000
2025-02-01,2025,2,Valle del Cauca,14,"Ferreteria, vidrios y pinturas",0,83.7161,-12.0000,5.2744,17.5300,41251.7897,-1.1000,5.2238,16.5900,39350.4604,0,134285.0000,237576.0000
2025-02-01,2025,2,Valle del Cauca,15,Otras mercancias de uso domestico,0,88.9612,-12.0000,5.2744,17.5300,41251.7897,-1.1000,5.2238,16.5900,39350.4604,0,134285.0000,237576.0000
2025-02-01,2025,2,Otros departamentos,4,Prendas de vestir y textiles,0,79.8741,-12.0000,5.2744,17.5300,41251.7897,-1.1000,5.2238,16.5900,39350.4604,0,533883.0000,481213.0000
2025-02-01,2025,2,Otros departamentos,8,Electrodomesticos y muebles,1,135.2518,-12.0000,5.2744,17.5300,41251.7897,-1.1000,5.2238,16.5900,39350.4604,0,533883.0000,481213.0000
2025-02-01,2025,2,Otros departamentos,9,Articulos y utensilios domesticos,0,138.4814,-12.0000,5.2744,17.5300,41251.7897,-1.1000,5.2238,16.5900,39350.4604,0,533883.0000,481213.0000
2025-02-01,2025,2,Otros departamentos,10,Aseo del hogar,0,128.9646,-12.0000,5.2744,17.5300,41251.7897,-1.1000,5.2238,16.5900,39350.4604,0,533883.0000,481213.0000
2025-02-01,2025,2,Otros departamentos,11,Informatica y telecomunicaciones,0,234.5793,-12.0000,5.2744,17.5300,41251.7897,-1.1000,5.2238,16.5900,39350.4604,0,533883.0000,481213.0000
2025-02-01,2025,2,Otros departamentos,12,Sonido y video,0,138.0728,-12.0000,5.2744,17.5300,41251.7897,-1.1000,5.2238,16.5900,39350.4604,0,533883.0000,481213.0000
2025-02-01,2025,2,Otros departamentos,14,"Ferreteria, vidrios y pinturas",0,108.4207,-12.0000,5.2744,17.5300,41251.7897,-1.1000,5.2238,16.5900,39350.4604,0,533883.0000,481213.0000
2025-02-01,2025,2,Otros departamentos,15,Otras mercancias de uso domestico,0,113.6912,-12.0000,5.2744,17.5300,41251.7897,-1.1000,5.2238,16.5900,39350.4604,0,533883.0000,481213.0000
2025-03-01,2025,3,Antioquia,4,Prendas de vestir y textiles,0,90.2972,-7.1000,5.0891,16.6100,35887.9024,-12.0000,5.2744,17.5300,41251.7897,0,262714.0000,354882.0000
2025-03-01,2025,3,Antioquia,8,Electrodomesticos y muebles,1,144.5965,-7.1000,5.0891,16.6100,35887.9024,-12.0000,5.2744,17.5300,41251.7897,0,262714.0000,354882.0000
2025-03-01,2025,3,Antioquia,9,Articulos y utensilios domesticos,0,151.0709,-7.1000,5.0891,16.6100,35887.9024,-12.0000,5.2744,17.5300,41251.7897,0,262714.0000,354882.0000
2025-03-01,2025,3,Antioquia,10,Aseo del hogar,0,148.6452,-7.1000,5.0891,16.6100,35887.9024,-12.0000,5.2744,17.5300,41251.7897,0,262714.0000,354882.0000
2025-03-01,2025,3,Antioquia,11,Informatica y telecomunicaciones,0,252.4178,-7.1000,5.0891,16.6100,35887.9024,-12.0000,5.2744,17.5300,41251.7897,0,262714.0000,354882.0000
2025-03-01,2025,3,Antioquia,12,Sonido y video,0,136.0388,-7.1000,5.0891,16.6100,35887.9024,-12.0000,5.2744,17.5300,41251.7897,0,262714.0000,354882.0000
2025-03-01,2025,3,Antioquia,14,"Ferreteria, vidrios y pinturas",0,111.2387,-7.1000,5.0891,16.6100,35887.9024,-12.0000,5.2744,17.5300,41251.7897,0,262714.0000,354882.0000
2025-03-01,2025,3,Antioquia,15,Otras mercancias de uso domestico,0,127.1990,-7.1000,5.0891,16.6100,35887.9024,-12.0000,5.2744,17.5300,41251.7897,0,262714.0000,354882.0000
2025-03-01,2025,3,Atlantico,4,Prendas de vestir y textiles,0,69.0221,-7.1000,5.0891,16.6100,35887.9024,-12.0000,5.2744,17.5300,41251.7897,0,66473.0000,195014.0000
2025-03-01,2025,3,Atlantico,8,Electrodomesticos y muebles,1,113.2693,-7.1000,5.0891,16.6100,35887.9024,-12.0000,5.2744,17.5300,41251.7897,0,66473.0000,195014.0000
2025-03-01,2025,3,Atlantico,9,Articulos y utensilios domesticos,0,113.4416,-7.1000,5.0891,16.6100,35887.9024,-12.0000,5.2744,17.5300,41251.7897,0,66473.0000,195014.0000
2025-03-01,2025,3,Atlantico,10,Aseo del hogar,0,109.2780,-7.1000,5.0891,16.6100,35887.9024,-12.0000,5.2744,17.5300,41251.7897,0,66473.0000,195014.0000
2025-03-01,2025,3,Atlantico,11,Informatica y telecomunicaciones,0,196.9633,-7.1000,5.0891,16.6100,35887.9024,-12.0000,5.2744,17.5300,41251.7897,0,66473.0000,195014.0000
2025-03-01,2025,3,Atlantico,12,Sonido y video,0,112.3218,-7.1000,5.0891,16.6100,35887.9024,-12.0000,5.2744,17.5300,41251.7897,0,66473.0000,195014.0000
2025-03-01,2025,3,Atlantico,14,"Ferreteria, vidrios y pinturas",0,87.4031,-7.1000,5.0891,16.6100,35887.9024,-12.0000,5.2744,17.5300,41251.7897,0,66473.0000,195014.0000
2025-03-01,2025,3,Atlantico,15,Otras mercancias de uso domestico,0,101.1739,-7.1000,5.0891,16.6100,35887.9024,-12.0000,5.2744,17.5300,41251.7897,0,66473.0000,195014.0000
2025-03-01,2025,3,Bogota,4,Prendas de vestir y textiles,0,91.5200,-7.1000,5.0891,16.6100,35887.9024,-12.0000,5.2744,17.5300,41251.7897,0,177078.0000,145285.0000
2025-03-01,2025,3,Bogota,8,Electrodomesticos y muebles,1,154.6506,-7.1000,5.0891,16.6100,35887.9024,-12.0000,5.2744,17.5300,41251.7897,0,177078.0000,145285.0000
2025-03-01,2025,3,Bogota,9,Articulos y utensilios domesticos,0,156.0327,-7.1000,5.0891,16.6100,35887.9024,-12.0000,5.2744,17.5300,41251.7897,0,177078.0000,145285.0000
2025-03-01,2025,3,Bogota,10,Aseo del hogar,0,150.4798,-7.1000,5.0891,16.6100,35887.9024,-12.0000,5.2744,17.5300,41251.7897,0,177078.0000,145285.0000
2025-03-01,2025,3,Bogota,11,Informatica y telecomunicaciones,0,270.9351,-7.1000,5.0891,16.6100,35887.9024,-12.0000,5.2744,17.5300,41251.7897,0,177078.0000,145285.0000
2025-03-01,2025,3,Bogota,12,Sonido y video,0,150.0801,-7.1000,5.0891,16.6100,35887.9024,-12.0000,5.2744,17.5300,41251.7897,0,177078.0000,145285.0000
2025-03-01,2025,3,Bogota,14,"Ferreteria, vidrios y pinturas",0,116.6467,-7.1000,5.0891,16.6100,35887.9024,-12.0000,5.2744,17.5300,41251.7897,0,177078.0000,145285.0000
2025-03-01,2025,3,Bogota,15,Otras mercancias de uso domestico,0,134.1800,-7.1000,5.0891,16.6100,35887.9024,-12.0000,5.2744,17.5300,41251.7897,0,177078.0000,145285.0000
2025-03-01,2025,3,Cundinamarca,4,Prendas de vestir y textiles,0,105.7259,-7.1000,5.0891,16.6100,35887.9024,-12.0000,5.2744,17.5300,41251.7897,0,80795.0000,103230.0000
2025-03-01,2025,3,Cundinamarca,8,Electrodomesticos y muebles,1,179.8525,-7.1000,5.0891,16.6100,35887.9024,-12.0000,5.2744,17.5300,41251.7897,0,80795.0000,103230.0000
2025-03-01,2025,3,Cundinamarca,9,Articulos y utensilios domesticos,0,179.9568,-7.1000,5.0891,16.6100,35887.9024,-12.0000,5.2744,17.5300,41251.7897,0,80795.0000,103230.0000
2025-03-01,2025,3,Cundinamarca,10,Aseo del hogar,0,171.7334,-7.1000,5.0891,16.6100,35887.9024,-12.0000,5.2744,17.5300,41251.7897,0,80795.0000,103230.0000
2025-03-01,2025,3,Cundinamarca,11,Informatica y telecomunicaciones,0,305.1520,-7.1000,5.0891,16.6100,35887.9024,-12.0000,5.2744,17.5300,41251.7897,0,80795.0000,103230.0000
2025-03-01,2025,3,Cundinamarca,12,Sonido y video,0,169.1676,-7.1000,5.0891,16.6100,35887.9024,-12.0000,5.2744,17.5300,41251.7897,0,80795.0000,103230.0000
2025-03-01,2025,3,Cundinamarca,14,"Ferreteria, vidrios y pinturas",0,129.4809,-7.1000,5.0891,16.6100,35887.9024,-12.0000,5.2744,17.5300,41251.7897,0,80795.0000,103230.0000
2025-03-01,2025,3,Cundinamarca,15,Otras mercancias de uso domestico,0,150.8050,-7.1000,5.0891,16.6100,35887.9024,-12.0000,5.2744,17.5300,41251.7897,0,80795.0000,103230.0000
2025-03-01,2025,3,Santander,4,Prendas de vestir y textiles,0,82.7487,-7.1000,5.0891,16.6100,35887.9024,-12.0000,5.2744,17.5300,41251.7897,0,152445.0000,130944.0000
2025-03-01,2025,3,Santander,8,Electrodomesticos y muebles,1,141.2799,-7.1000,5.0891,16.6100,35887.9024,-12.0000,5.2744,17.5300,41251.7897,0,152445.0000,130944.0000
2025-03-01,2025,3,Santander,9,Articulos y utensilios domesticos,0,132.5503,-7.1000,5.0891,16.6100,35887.9024,-12.0000,5.2744,17.5300,41251.7897,0,152445.0000,130944.0000
2025-03-01,2025,3,Santander,10,Aseo del hogar,0,132.8364,-7.1000,5.0891,16.6100,35887.9024,-12.0000,5.2744,17.5300,41251.7897,0,152445.0000,130944.0000
2025-03-01,2025,3,Santander,11,Informatica y telecomunicaciones,0,242.8998,-7.1000,5.0891,16.6100,35887.9024,-12.0000,5.2744,17.5300,41251.7897,0,152445.0000,130944.0000
2025-03-01,2025,3,Santander,12,Sonido y video,0,132.0439,-7.1000,5.0891,16.6100,35887.9024,-12.0000,5.2744,17.5300,41251.7897,0,152445.0000,130944.0000
2025-03-01,2025,3,Santander,14,"Ferreteria, vidrios y pinturas",0,103.0002,-7.1000,5.0891,16.6100,35887.9024,-12.0000,5.2744,17.5300,41251.7897,0,152445.0000,130944.0000
2025-03-01,2025,3,Santander,15,Otras mercancias de uso domestico,0,124.1959,-7.1000,5.0891,16.6100,35887.9024,-12.0000,5.2744,17.5300,41251.7897,0,152445.0000,130944.0000
2025-03-01,2025,3,Valle del Cauca,4,Prendas de vestir y textiles,0,71.7832,-7.1000,5.0891,16.6100,35887.9024,-12.0000,5.2744,17.5300,41251.7897,0,108842.0000,134285.0000
2025-03-01,2025,3,Valle del Cauca,8,Electrodomesticos y muebles,1,121.2513,-7.1000,5.0891,16.6100,35887.9024,-12.0000,5.2744,17.5300,41251.7897,0,108842.0000,134285.0000
2025-03-01,2025,3,Valle del Cauca,9,Articulos y utensilios domesticos,0,120.7252,-7.1000,5.0891,16.6100,35887.9024,-12.0000,5.2744,17.5300,41251.7897,0,108842.0000,134285.0000
2025-03-01,2025,3,Valle del Cauca,10,Aseo del hogar,0,113.3503,-7.1000,5.0891,16.6100,35887.9024,-12.0000,5.2744,17.5300,41251.7897,0,108842.0000,134285.0000
2025-03-01,2025,3,Valle del Cauca,11,Informatica y telecomunicaciones,0,198.1012,-7.1000,5.0891,16.6100,35887.9024,-12.0000,5.2744,17.5300,41251.7897,0,108842.0000,134285.0000
2025-03-01,2025,3,Valle del Cauca,12,Sonido y video,0,117.6628,-7.1000,5.0891,16.6100,35887.9024,-12.0000,5.2744,17.5300,41251.7897,0,108842.0000,134285.0000
2025-03-01,2025,3,Valle del Cauca,14,"Ferreteria, vidrios y pinturas",0,90.2213,-7.1000,5.0891,16.6100,35887.9024,-12.0000,5.2744,17.5300,41251.7897,0,108842.0000,134285.0000
2025-03-01,2025,3,Valle del Cauca,15,Otras mercancias de uso domestico,0,103.3798,-7.1000,5.0891,16.6100,35887.9024,-12.0000,5.2744,17.5300,41251.7897,0,108842.0000,134285.0000
2025-03-01,2025,3,Otros departamentos,4,Prendas de vestir y textiles,0,91.1101,-7.1000,5.0891,16.6100,35887.9024,-12.0000,5.2744,17.5300,41251.7897,0,377973.0000,533883.0000
2025-03-01,2025,3,Otros departamentos,8,Electrodomesticos y muebles,1,146.0417,-7.1000,5.0891,16.6100,35887.9024,-12.0000,5.2744,17.5300,41251.7897,0,377973.0000,533883.0000
2025-03-01,2025,3,Otros departamentos,9,Articulos y utensilios domesticos,0,149.3066,-7.1000,5.0891,16.6100,35887.9024,-12.0000,5.2744,17.5300,41251.7897,0,377973.0000,533883.0000
2025-03-01,2025,3,Otros departamentos,10,Aseo del hogar,0,142.3923,-7.1000,5.0891,16.6100,35887.9024,-12.0000,5.2744,17.5300,41251.7897,0,377973.0000,533883.0000
2025-03-01,2025,3,Otros departamentos,11,Informatica y telecomunicaciones,0,254.6993,-7.1000,5.0891,16.6100,35887.9024,-12.0000,5.2744,17.5300,41251.7897,0,377973.0000,533883.0000
2025-03-01,2025,3,Otros departamentos,12,Sonido y video,0,143.6805,-7.1000,5.0891,16.6100,35887.9024,-12.0000,5.2744,17.5300,41251.7897,0,377973.0000,533883.0000
2025-03-01,2025,3,Otros departamentos,14,"Ferreteria, vidrios y pinturas",0,107.7506,-7.1000,5.0891,16.6100,35887.9024,-12.0000,5.2744,17.5300,41251.7897,0,377973.0000,533883.0000
2025-03-01,2025,3,Otros departamentos,15,Otras mercancias de uso domestico,0,127.5655,-7.1000,5.0891,16.6100,35887.9024,-12.0000,5.2744,17.5300,41251.7897,0,377973.0000,533883.0000
2025-04-01,2025,4,Antioquia,4,Prendas de vestir y textiles,0,86.5838,-8.6000,5.1574,17.0800,34136.1408,-7.1000,5.0891,16.6100,35887.9024,0,208716.0000,262714.0000
2025-04-01,2025,4,Antioquia,8,Electrodomesticos y muebles,1,127.8942,-8.6000,5.1574,17.0800,34136.1408,-7.1000,5.0891,16.6100,35887.9024,0,208716.0000,262714.0000
2025-04-01,2025,4,Antioquia,9,Articulos y utensilios domesticos,0,141.2324,-8.6000,5.1574,17.0800,34136.1408,-7.1000,5.0891,16.6100,35887.9024,0,208716.0000,262714.0000
2025-04-01,2025,4,Antioquia,10,Aseo del hogar,0,142.6419,-8.6000,5.1574,17.0800,34136.1408,-7.1000,5.0891,16.6100,35887.9024,0,208716.0000,262714.0000
2025-04-01,2025,4,Antioquia,11,Informatica y telecomunicaciones,0,247.8966,-8.6000,5.1574,17.0800,34136.1408,-7.1000,5.0891,16.6100,35887.9024,0,208716.0000,262714.0000
2025-04-01,2025,4,Antioquia,12,Sonido y video,0,133.3913,-8.6000,5.1574,17.0800,34136.1408,-7.1000,5.0891,16.6100,35887.9024,0,208716.0000,262714.0000
2025-04-01,2025,4,Antioquia,14,"Ferreteria, vidrios y pinturas",0,106.6991,-8.6000,5.1574,17.0800,34136.1408,-7.1000,5.0891,16.6100,35887.9024,0,208716.0000,262714.0000
2025-04-01,2025,4,Antioquia,15,Otras mercancias de uso domestico,0,123.7333,-8.6000,5.1574,17.0800,34136.1408,-7.1000,5.0891,16.6100,35887.9024,0,208716.0000,262714.0000
2025-04-01,2025,4,Atlantico,4,Prendas de vestir y textiles,0,67.1160,-8.6000,5.1574,17.0800,34136.1408,-7.1000,5.0891,16.6100,35887.9024,0,94277.0000,66473.0000
2025-04-01,2025,4,Atlantico,8,Electrodomesticos y muebles,1,100.1476,-8.6000,5.1574,17.0800,34136.1408,-7.1000,5.0891,16.6100,35887.9024,0,94277.0000,66473.0000
2025-04-01,2025,4,Atlantico,9,Articulos y utensilios domesticos,0,104.1723,-8.6000,5.1574,17.0800,34136.1408,-7.1000,5.0891,16.6100,35887.9024,0,94277.0000,66473.0000
2025-04-01,2025,4,Atlantico,10,Aseo del hogar,0,101.7220,-8.6000,5.1574,17.0800,34136.1408,-7.1000,5.0891,16.6100,35887.9024,0,94277.0000,66473.0000
2025-04-01,2025,4,Atlantico,11,Informatica y telecomunicaciones,0,186.1251,-8.6000,5.1574,17.0800,34136.1408,-7.1000,5.0891,16.6100,35887.9024,0,94277.0000,66473.0000
2025-04-01,2025,4,Atlantico,12,Sonido y video,0,105.2091,-8.6000,5.1574,17.0800,34136.1408,-7.1000,5.0891,16.6100,35887.9024,0,94277.0000,66473.0000
2025-04-01,2025,4,Atlantico,14,"Ferreteria, vidrios y pinturas",0,81.3596,-8.6000,5.1574,17.0800,34136.1408,-7.1000,5.0891,16.6100,35887.9024,0,94277.0000,66473.0000
2025-04-01,2025,4,Atlantico,15,Otras mercancias de uso domestico,0,95.9929,-8.6000,5.1574,17.0800,34136.1408,-7.1000,5.0891,16.6100,35887.9024,0,94277.0000,66473.0000
2025-04-01,2025,4,Bogota,4,Prendas de vestir y textiles,0,88.0108,-8.6000,5.1574,17.0800,34136.1408,-7.1000,5.0891,16.6100,35887.9024,0,348091.0000,177078.0000
2025-04-01,2025,4,Bogota,8,Electrodomesticos y muebles,1,135.2304,-8.6000,5.1574,17.0800,34136.1408,-7.1000,5.0891,16.6100,35887.9024,0,348091.0000,177078.0000
2025-04-01,2025,4,Bogota,9,Articulos y utensilios domesticos,0,143.2557,-8.6000,5.1574,17.0800,34136.1408,-7.1000,5.0891,16.6100,35887.9024,0,348091.0000,177078.0000
2025-04-01,2025,4,Bogota,10,Aseo del hogar,0,134.7702,-8.6000,5.1574,17.0800,34136.1408,-7.1000,5.0891,16.6100,35887.9024,0,348091.0000,177078.0000
2025-04-01,2025,4,Bogota,11,Informatica y telecomunicaciones,0,253.4587,-8.6000,5.1574,17.0800,34136.1408,-7.1000,5.0891,16.6100,35887.9024,0,348091.0000,177078.0000
2025-04-01,2025,4,Bogota,12,Sonido y video,0,139.9100,-8.6000,5.1574,17.0800,34136.1408,-7.1000,5.0891,16.6100,35887.9024,0,348091.0000,177078.0000
2025-04-01,2025,4,Bogota,14,"Ferreteria, vidrios y pinturas",0,112.9187,-8.6000,5.1574,17.0800,34136.1408,-7.1000,5.0891,16.6100,35887.9024,0,348091.0000,177078.0000
2025-04-01,2025,4,Bogota,15,Otras mercancias de uso domestico,0,120.6484,-8.6000,5.1574,17.0800,34136.1408,-7.1000,5.0891,16.6100,35887.9024,0,348091.0000,177078.0000
2025-04-01,2025,4,Cundinamarca,4,Prendas de vestir y textiles,0,97.5392,-8.6000,5.1574,17.0800,34136.1408,-7.1000,5.0891,16.6100,35887.9024,0,92167.0000,80795.0000
2025-04-01,2025,4,Cundinamarca,8,Electrodomesticos y muebles,1,154.9689,-8.6000,5.1574,17.0800,34136.1408,-7.1000,5.0891,16.6100,35887.9024,0,92167.0000,80795.0000
2025-04-01,2025,4,Cundinamarca,9,Articulos y utensilios domesticos,0,160.0798,-8.6000,5.1574,17.0800,34136.1408,-7.1000,5.0891,16.6100,35887.9024,0,92167.0000,80795.0000
2025-04-01,2025,4,Cundinamarca,10,Aseo del hogar,0,158.6699,-8.6000,5.1574,17.0800,34136.1408,-7.1000,5.0891,16.6100,35887.9024,0,92167.0000,80795.0000
2025-04-01,2025,4,Cundinamarca,11,Informatica y telecomunicaciones,0,274.9252,-8.6000,5.1574,17.0800,34136.1408,-7.1000,5.0891,16.6100,35887.9024,0,92167.0000,80795.0000
2025-04-01,2025,4,Cundinamarca,12,Sonido y video,0,158.4171,-8.6000,5.1574,17.0800,34136.1408,-7.1000,5.0891,16.6100,35887.9024,0,92167.0000,80795.0000
2025-04-01,2025,4,Cundinamarca,14,"Ferreteria, vidrios y pinturas",0,121.7735,-8.6000,5.1574,17.0800,34136.1408,-7.1000,5.0891,16.6100,35887.9024,0,92167.0000,80795.0000
2025-04-01,2025,4,Cundinamarca,15,Otras mercancias de uso domestico,0,139.7590,-8.6000,5.1574,17.0800,34136.1408,-7.1000,5.0891,16.6100,35887.9024,0,92167.0000,80795.0000
2025-04-01,2025,4,Santander,4,Prendas de vestir y textiles,0,78.6640,-8.6000,5.1574,17.0800,34136.1408,-7.1000,5.0891,16.6100,35887.9024,0,88895.0000,152445.0000
2025-04-01,2025,4,Santander,8,Electrodomesticos y muebles,1,127.8061,-8.6000,5.1574,17.0800,34136.1408,-7.1000,5.0891,16.6100,35887.9024,0,88895.0000,152445.0000
2025-04-01,2025,4,Santander,9,Articulos y utensilios domesticos,0,126.7018,-8.6000,5.1574,17.0800,34136.1408,-7.1000,5.0891,16.6100,35887.9024,0,88895.0000,152445.0000
2025-04-01,2025,4,Santander,10,Aseo del hogar,0,124.8890,-8.6000,5.1574,17.0800,34136.1408,-7.1000,5.0891,16.6100,35887.9024,0,88895.0000,152445.0000
2025-04-01,2025,4,Santander,11,Informatica y telecomunicaciones,0,228.1193,-8.6000,5.1574,17.0800,34136.1408,-7.1000,5.0891,16.6100,35887.9024,0,88895.0000,152445.0000
2025-04-01,2025,4,Santander,12,Sonido y video,0,126.7251,-8.6000,5.1574,17.0800,34136.1408,-7.1000,5.0891,16.6100,35887.9024,0,88895.0000,152445.0000
2025-04-01,2025,4,Santander,14,"Ferreteria, vidrios y pinturas",0,97.6437,-8.6000,5.1574,17.0800,34136.1408,-7.1000,5.0891,16.6100,35887.9024,0,88895.0000,152445.0000
2025-04-01,2025,4,Santander,15,Otras mercancias de uso domestico,0,116.5971,-8.6000,5.1574,17.0800,34136.1408,-7.1000,5.0891,16.6100,35887.9024,0,88895.0000,152445.0000
2025-04-01,2025,4,Valle del Cauca,4,Prendas de vestir y textiles,0,67.4548,-8.6000,5.1574,17.0800,34136.1408,-7.1000,5.0891,16.6100,35887.9024,0,96685.0000,108842.0000
2025-04-01,2025,4,Valle del Cauca,8,Electrodomesticos y muebles,1,103.3767,-8.6000,5.1574,17.0800,34136.1408,-7.1000,5.0891,16.6100,35887.9024,0,96685.0000,108842.0000
2025-04-01,2025,4,Valle del Cauca,9,Articulos y utensilios domesticos,0,106.1672,-8.6000,5.1574,17.0800,34136.1408,-7.1000,5.0891,16.6100,35887.9024,0,96685.0000,108842.0000
2025-04-01,2025,4,Valle del Cauca,10,Aseo del hogar,0,102.1366,-8.6000,5.1574,17.0800,34136.1408,-7.1000,5.0891,16.6100,35887.9024,0,96685.0000,108842.0000
2025-04-01,2025,4,Valle del Cauca,11,Informatica y telecomunicaciones,0,185.5870,-8.6000,5.1574,17.0800,34136.1408,-7.1000,5.0891,16.6100,35887.9024,0,96685.0000,108842.0000
2025-04-01,2025,4,Valle del Cauca,12,Sonido y video,0,108.2537,-8.6000,5.1574,17.0800,34136.1408,-7.1000,5.0891,16.6100,35887.9024,0,96685.0000,108842.0000
2025-04-01,2025,4,Valle del Cauca,14,"Ferreteria, vidrios y pinturas",0,83.2829,-8.6000,5.1574,17.0800,34136.1408,-7.1000,5.0891,16.6100,35887.9024,0,96685.0000,108842.0000
2025-04-01,2025,4,Valle del Cauca,15,Otras mercancias de uso domestico,0,95.7851,-8.6000,5.1574,17.0800,34136.1408,-7.1000,5.0891,16.6100,35887.9024,0,96685.0000,108842.0000
2025-04-01,2025,4,Otros departamentos,4,Prendas de vestir y textiles,0,87.6987,-8.6000,5.1574,17.0800,34136.1408,-7.1000,5.0891,16.6100,35887.9024,0,517722.0000,377973.0000
2025-04-01,2025,4,Otros departamentos,8,Electrodomesticos y muebles,1,136.5862,-8.6000,5.1574,17.0800,34136.1408,-7.1000,5.0891,16.6100,35887.9024,0,517722.0000,377973.0000
2025-04-01,2025,4,Otros departamentos,9,Articulos y utensilios domesticos,0,139.0639,-8.6000,5.1574,17.0800,34136.1408,-7.1000,5.0891,16.6100,35887.9024,0,517722.0000,377973.0000
2025-04-01,2025,4,Otros departamentos,10,Aseo del hogar,0,134.0487,-8.6000,5.1574,17.0800,34136.1408,-7.1000,5.0891,16.6100,35887.9024,0,517722.0000,377973.0000
2025-04-01,2025,4,Otros departamentos,11,Informatica y telecomunicaciones,0,246.7571,-8.6000,5.1574,17.0800,34136.1408,-7.1000,5.0891,16.6100,35887.9024,0,517722.0000,377973.0000
2025-04-01,2025,4,Otros departamentos,12,Sonido y video,0,135.0059,-8.6000,5.1574,17.0800,34136.1408,-7.1000,5.0891,16.6100,35887.9024,0,517722.0000,377973.0000
2025-04-01,2025,4,Otros departamentos,14,"Ferreteria, vidrios y pinturas",0,103.8155,-8.6000,5.1574,17.0800,34136.1408,-7.1000,5.0891,16.6100,35887.9024,0,517722.0000,377973.0000
2025-04-01,2025,4,Otros departamentos,15,Otras mercancias de uso domestico,0,124.6933,-8.6000,5.1574,17.0800,34136.1408,-7.1000,5.0891,16.6100,35887.9024,0,517722.0000,377973.0000
2025-05-01,2025,5,Antioquia,4,Prendas de vestir y textiles,0,99.0869,-3.8000,5.0518,17.3100,37608.6481,-8.6000,5.1574,17.0800,34136.1408,0,171763.0000,208716.0000
2025-05-01,2025,5,Antioquia,8,Electrodomesticos y muebles,1,145.5998,-3.8000,5.0518,17.3100,37608.6481,-8.6000,5.1574,17.0800,34136.1408,0,171763.0000,208716.0000
2025-05-01,2025,5,Antioquia,9,Articulos y utensilios domesticos,0,148.7565,-3.8000,5.0518,17.3100,37608.6481,-8.6000,5.1574,17.0800,34136.1408,0,171763.0000,208716.0000
2025-05-01,2025,5,Antioquia,10,Aseo del hogar,0,146.9193,-3.8000,5.0518,17.3100,37608.6481,-8.6000,5.1574,17.0800,34136.1408,0,171763.0000,208716.0000
2025-05-01,2025,5,Antioquia,11,Informatica y telecomunicaciones,0,275.4279,-3.8000,5.0518,17.3100,37608.6481,-8.6000,5.1574,17.0800,34136.1408,0,171763.0000,208716.0000
2025-05-01,2025,5,Antioquia,12,Sonido y video,0,155.2726,-3.8000,5.0518,17.3100,37608.6481,-8.6000,5.1574,17.0800,34136.1408,0,171763.0000,208716.0000
2025-05-01,2025,5,Antioquia,14,"Ferreteria, vidrios y pinturas",0,108.6270,-3.8000,5.0518,17.3100,37608.6481,-8.6000,5.1574,17.0800,34136.1408,0,171763.0000,208716.0000
2025-05-01,2025,5,Antioquia,15,Otras mercancias de uso domestico,0,131.3491,-3.8000,5.0518,17.3100,37608.6481,-8.6000,5.1574,17.0800,34136.1408,0,171763.0000,208716.0000
2025-05-01,2025,5,Atlantico,4,Prendas de vestir y textiles,0,81.6036,-3.8000,5.0518,17.3100,37608.6481,-8.6000,5.1574,17.0800,34136.1408,0,22790.0000,94277.0000
2025-05-01,2025,5,Atlantico,8,Electrodomesticos y muebles,1,115.6112,-3.8000,5.0518,17.3100,37608.6481,-8.6000,5.1574,17.0800,34136.1408,0,22790.0000,94277.0000
2025-05-01,2025,5,Atlantico,9,Articulos y utensilios domesticos,0,112.6579,-3.8000,5.0518,17.3100,37608.6481,-8.6000,5.1574,17.0800,34136.1408,0,22790.0000,94277.0000
2025-05-01,2025,5,Atlantico,10,Aseo del hogar,0,114.4399,-3.8000,5.0518,17.3100,37608.6481,-8.6000,5.1574,17.0800,34136.1408,0,22790.0000,94277.0000
2025-05-01,2025,5,Atlantico,11,Informatica y telecomunicaciones,0,221.8181,-3.8000,5.0518,17.3100,37608.6481,-8.6000,5.1574,17.0800,34136.1408,0,22790.0000,94277.0000
2025-05-01,2025,5,Atlantico,12,Sonido y video,0,124.4070,-3.8000,5.0518,17.3100,37608.6481,-8.6000,5.1574,17.0800,34136.1408,0,22790.0000,94277.0000
2025-05-01,2025,5,Atlantico,14,"Ferreteria, vidrios y pinturas",0,85.9700,-3.8000,5.0518,17.3100,37608.6481,-8.6000,5.1574,17.0800,34136.1408,0,22790.0000,94277.0000
2025-05-01,2025,5,Atlantico,15,Otras mercancias de uso domestico,0,103.1276,-3.8000,5.0518,17.3100,37608.6481,-8.6000,5.1574,17.0800,34136.1408,0,22790.0000,94277.0000
2025-05-01,2025,5,Bogota,4,Prendas de vestir y textiles,0,106.8648,-3.8000,5.0518,17.3100,37608.6481,-8.6000,5.1574,17.0800,34136.1408,0,140930.0000,348091.0000
2025-05-01,2025,5,Bogota,8,Electrodomesticos y muebles,1,157.2126,-3.8000,5.0518,17.3100,37608.6481,-8.6000,5.1574,17.0800,34136.1408,0,140930.0000,348091.0000
2025-05-01,2025,5,Bogota,9,Articulos y utensilios domesticos,0,152.1115,-3.8000,5.0518,17.3100,37608.6481,-8.6000,5.1574,17.0800,34136.1408,0,140930.0000,348091.0000
2025-05-01,2025,5,Bogota,10,Aseo del hogar,0,146.5243,-3.8000,5.0518,17.3100,37608.6481,-8.6000,5.1574,17.0800,34136.1408,0,140930.0000,348091.0000
2025-05-01,2025,5,Bogota,11,Informatica y telecomunicaciones,0,290.2887,-3.8000,5.0518,17.3100,37608.6481,-8.6000,5.1574,17.0800,34136.1408,0,140930.0000,348091.0000
2025-05-01,2025,5,Bogota,12,Sonido y video,0,161.3732,-3.8000,5.0518,17.3100,37608.6481,-8.6000,5.1574,17.0800,34136.1408,0,140930.0000,348091.0000
2025-05-01,2025,5,Bogota,14,"Ferreteria, vidrios y pinturas",0,116.1609,-3.8000,5.0518,17.3100,37608.6481,-8.6000,5.1574,17.0800,34136.1408,0,140930.0000,348091.0000
2025-05-01,2025,5,Bogota,15,Otras mercancias de uso domestico,0,129.6887,-3.8000,5.0518,17.3100,37608.6481,-8.6000,5.1574,17.0800,34136.1408,0,140930.0000,348091.0000
2025-05-01,2025,5,Cundinamarca,4,Prendas de vestir y textiles,0,118.2143,-3.8000,5.0518,17.3100,37608.6481,-8.6000,5.1574,17.0800,34136.1408,0,89865.0000,92167.0000
2025-05-01,2025,5,Cundinamarca,8,Electrodomesticos y muebles,1,162.7555,-3.8000,5.0518,17.3100,37608.6481,-8.6000,5.1574,17.0800,34136.1408,0,89865.0000,92167.0000
2025-05-01,2025,5,Cundinamarca,9,Articulos y utensilios domesticos,0,167.4594,-3.8000,5.0518,17.3100,37608.6481,-8.6000,5.1574,17.0800,34136.1408,0,89865.0000,92167.0000
2025-05-01,2025,5,Cundinamarca,10,Aseo del hogar,0,165.1660,-3.8000,5.0518,17.3100,37608.6481,-8.6000,5.1574,17.0800,34136.1408,0,89865.0000,92167.0000
2025-05-01,2025,5,Cundinamarca,11,Informatica y telecomunicaciones,0,306.0862,-3.8000,5.0518,17.3100,37608.6481,-8.6000,5.1574,17.0800,34136.1408,0,89865.0000,92167.0000
2025-05-01,2025,5,Cundinamarca,12,Sonido y video,0,183.4981,-3.8000,5.0518,17.3100,37608.6481,-8.6000,5.1574,17.0800,34136.1408,0,89865.0000,92167.0000
2025-05-01,2025,5,Cundinamarca,14,"Ferreteria, vidrios y pinturas",0,123.7095,-3.8000,5.0518,17.3100,37608.6481,-8.6000,5.1574,17.0800,34136.1408,0,89865.0000,92167.0000
2025-05-01,2025,5,Cundinamarca,15,Otras mercancias de uso domestico,0,145.5982,-3.8000,5.0518,17.3100,37608.6481,-8.6000,5.1574,17.0800,34136.1408,0,89865.0000,92167.0000
2025-05-01,2025,5,Santander,4,Prendas de vestir y textiles,0,94.7340,-3.8000,5.0518,17.3100,37608.6481,-8.6000,5.1574,17.0800,34136.1408,0,102410.0000,88895.0000
2025-05-01,2025,5,Santander,8,Electrodomesticos y muebles,1,142.0399,-3.8000,5.0518,17.3100,37608.6481,-8.6000,5.1574,17.0800,34136.1408,0,102410.0000,88895.0000
2025-05-01,2025,5,Santander,9,Articulos y utensilios domesticos,0,133.3317,-3.8000,5.0518,17.3100,37608.6481,-8.6000,5.1574,17.0800,34136.1408,0,102410.0000,88895.0000
2025-05-01,2025,5,Santander,10,Aseo del hogar,0,131.3394,-3.8000,5.0518,17.3100,37608.6481,-8.6000,5.1574,17.0800,34136.1408,0,102410.0000,88895.0000
2025-05-01,2025,5,Santander,11,Informatica y telecomunicaciones,0,253.8743,-3.8000,5.0518,17.3100,37608.6481,-8.6000,5.1574,17.0800,34136.1408,0,102410.0000,88895.0000
2025-05-01,2025,5,Santander,12,Sonido y video,0,148.9987,-3.8000,5.0518,17.3100,37608.6481,-8.6000,5.1574,17.0800,34136.1408,0,102410.0000,88895.0000
2025-05-01,2025,5,Santander,14,"Ferreteria, vidrios y pinturas",0,102.5440,-3.8000,5.0518,17.3100,37608.6481,-8.6000,5.1574,17.0800,34136.1408,0,102410.0000,88895.0000
2025-05-01,2025,5,Santander,15,Otras mercancias de uso domestico,0,124.2715,-3.8000,5.0518,17.3100,37608.6481,-8.6000,5.1574,17.0800,34136.1408,0,102410.0000,88895.0000
2025-05-01,2025,5,Valle del Cauca,4,Prendas de vestir y textiles,0,80.8839,-3.8000,5.0518,17.3100,37608.6481,-8.6000,5.1574,17.0800,34136.1408,0,78269.0000,96685.0000
2025-05-01,2025,5,Valle del Cauca,8,Electrodomesticos y muebles,1,115.3452,-3.8000,5.0518,17.3100,37608.6481,-8.6000,5.1574,17.0800,34136.1408,0,78269.0000,96685.0000
2025-05-01,2025,5,Valle del Cauca,9,Articulos y utensilios domesticos,0,116.3885,-3.8000,5.0518,17.3100,37608.6481,-8.6000,5.1574,17.0800,34136.1408,0,78269.0000,96685.0000
2025-05-01,2025,5,Valle del Cauca,10,Aseo del hogar,0,111.6716,-3.8000,5.0518,17.3100,37608.6481,-8.6000,5.1574,17.0800,34136.1408,0,78269.0000,96685.0000
2025-05-01,2025,5,Valle del Cauca,11,Informatica y telecomunicaciones,0,211.8895,-3.8000,5.0518,17.3100,37608.6481,-8.6000,5.1574,17.0800,34136.1408,0,78269.0000,96685.0000
2025-05-01,2025,5,Valle del Cauca,12,Sonido y video,0,126.8144,-3.8000,5.0518,17.3100,37608.6481,-8.6000,5.1574,17.0800,34136.1408,0,78269.0000,96685.0000
2025-05-01,2025,5,Valle del Cauca,14,"Ferreteria, vidrios y pinturas",0,86.3462,-3.8000,5.0518,17.3100,37608.6481,-8.6000,5.1574,17.0800,34136.1408,0,78269.0000,96685.0000
2025-05-01,2025,5,Valle del Cauca,15,Otras mercancias de uso domestico,0,101.9050,-3.8000,5.0518,17.3100,37608.6481,-8.6000,5.1574,17.0800,34136.1408,0,78269.0000,96685.0000
2025-05-01,2025,5,Otros departamentos,4,Prendas de vestir y textiles,0,104.9588,-3.8000,5.0518,17.3100,37608.6481,-8.6000,5.1574,17.0800,34136.1408,0,509763.0000,517722.0000
2025-05-01,2025,5,Otros departamentos,8,Electrodomesticos y muebles,1,152.0742,-3.8000,5.0518,17.3100,37608.6481,-8.6000,5.1574,17.0800,34136.1408,0,509763.0000,517722.0000
2025-05-01,2025,5,Otros departamentos,9,Articulos y utensilios domesticos,0,147.6632,-3.8000,5.0518,17.3100,37608.6481,-8.6000,5.1574,17.0800,34136.1408,0,509763.0000,517722.0000
2025-05-01,2025,5,Otros departamentos,10,Aseo del hogar,0,150.4924,-3.8000,5.0518,17.3100,37608.6481,-8.6000,5.1574,17.0800,34136.1408,0,509763.0000,517722.0000
2025-05-01,2025,5,Otros departamentos,11,Informatica y telecomunicaciones,0,280.9577,-3.8000,5.0518,17.3100,37608.6481,-8.6000,5.1574,17.0800,34136.1408,0,509763.0000,517722.0000
2025-05-01,2025,5,Otros departamentos,12,Sonido y video,0,151.1661,-3.8000,5.0518,17.3100,37608.6481,-8.6000,5.1574,17.0800,34136.1408,0,509763.0000,517722.0000
2025-05-01,2025,5,Otros departamentos,14,"Ferreteria, vidrios y pinturas",0,110.6202,-3.8000,5.0518,17.3100,37608.6481,-8.6000,5.1574,17.0800,34136.1408,0,509763.0000,517722.0000
2025-05-01,2025,5,Otros departamentos,15,Otras mercancias de uso domestico,0,133.1064,-3.8000,5.0518,17.3100,37608.6481,-8.6000,5.1574,17.0800,34136.1408,0,509763.0000,517722.0000
2025-06-01,2025,6,Antioquia,4,Prendas de vestir y textiles,0,113.3494,2.2000,4.8263,17.0300,36437.2273,-3.8000,5.0518,17.3100,37608.6481,0,280987.0000,171763.0000
2025-06-01,2025,6,Antioquia,8,Electrodomesticos y muebles,1,151.2319,2.2000,4.8263,17.0300,36437.2273,-3.8000,5.0518,17.3100,37608.6481,0,280987.0000,171763.0000
2025-06-01,2025,6,Antioquia,9,Articulos y utensilios domesticos,0,152.4291,2.2000,4.8263,17.0300,36437.2273,-3.8000,5.0518,17.3100,37608.6481,0,280987.0000,171763.0000
2025-06-01,2025,6,Antioquia,10,Aseo del hogar,0,147.1063,2.2000,4.8263,17.0300,36437.2273,-3.8000,5.0518,17.3100,37608.6481,0,280987.0000,171763.0000
2025-06-01,2025,6,Antioquia,11,Informatica y telecomunicaciones,0,265.6128,2.2000,4.8263,17.0300,36437.2273,-3.8000,5.0518,17.3100,37608.6481,0,280987.0000,171763.0000
2025-06-01,2025,6,Antioquia,12,Sonido y video,0,169.9661,2.2000,4.8263,17.0300,36437.2273,-3.8000,5.0518,17.3100,37608.6481,0,280987.0000,171763.0000
2025-06-01,2025,6,Antioquia,14,"Ferreteria, vidrios y pinturas",0,101.9170,2.2000,4.8263,17.0300,36437.2273,-3.8000,5.0518,17.3100,37608.6481,0,280987.0000,171763.0000
2025-06-01,2025,6,Antioquia,15,Otras mercancias de uso domestico,0,130.7060,2.2000,4.8263,17.0300,36437.2273,-3.8000,5.0518,17.3100,37608.6481,0,280987.0000,171763.0000
2025-06-01,2025,6,Atlantico,4,Prendas de vestir y textiles,0,90.8124,2.2000,4.8263,17.0300,36437.2273,-3.8000,5.0518,17.3100,37608.6481,0,14716.0000,22790.0000
2025-06-01,2025,6,Atlantico,8,Electrodomesticos y muebles,1,119.7072,2.2000,4.8263,17.0300,36437.2273,-3.8000,5.0518,17.3100,37608.6481,0,14716.0000,22790.0000
2025-06-01,2025,6,Atlantico,9,Articulos y utensilios domesticos,0,114.8239,2.2000,4.8263,17.0300,36437.2273,-3.8000,5.0518,17.3100,37608.6481,0,14716.0000,22790.0000
2025-06-01,2025,6,Atlantico,10,Aseo del hogar,0,115.6890,2.2000,4.8263,17.0300,36437.2273,-3.8000,5.0518,17.3100,37608.6481,0,14716.0000,22790.0000
2025-06-01,2025,6,Atlantico,11,Informatica y telecomunicaciones,0,207.3407,2.2000,4.8263,17.0300,36437.2273,-3.8000,5.0518,17.3100,37608.6481,0,14716.0000,22790.0000
2025-06-01,2025,6,Atlantico,12,Sonido y video,0,135.7973,2.2000,4.8263,17.0300,36437.2273,-3.8000,5.0518,17.3100,37608.6481,0,14716.0000,22790.0000
2025-06-01,2025,6,Atlantico,14,"Ferreteria, vidrios y pinturas",0,83.3155,2.2000,4.8263,17.0300,36437.2273,-3.8000,5.0518,17.3100,37608.6481,0,14716.0000,22790.0000
2025-06-01,2025,6,Atlantico,15,Otras mercancias de uso domestico,0,98.8825,2.2000,4.8263,17.0300,36437.2273,-3.8000,5.0518,17.3100,37608.6481,0,14716.0000,22790.0000
2025-06-01,2025,6,Bogota,4,Prendas de vestir y textiles,0,123.1129,2.2000,4.8263,17.0300,36437.2273,-3.8000,5.0518,17.3100,37608.6481,0,390575.0000,140930.0000
2025-06-01,2025,6,Bogota,8,Electrodomesticos y muebles,1,157.8223,2.2000,4.8263,17.0300,36437.2273,-3.8000,5.0518,17.3100,37608.6481,0,390575.0000,140930.0000
2025-06-01,2025,6,Bogota,9,Articulos y utensilios domesticos,0,163.8281,2.2000,4.8263,17.0300,36437.2273,-3.8000,5.0518,17.3100,37608.6481,0,390575.0000,140930.0000
2025-06-01,2025,6,Bogota,10,Aseo del hogar,0,148.4428,2.2000,4.8263,17.0300,36437.2273,-3.8000,5.0518,17.3100,37608.6481,0,390575.0000,140930.0000
2025-06-01,2025,6,Bogota,11,Informatica y telecomunicaciones,0,286.3187,2.2000,4.8263,17.0300,36437.2273,-3.8000,5.0518,17.3100,37608.6481,0,390575.0000,140930.0000
2025-06-01,2025,6,Bogota,12,Sonido y video,0,183.5757,2.2000,4.8263,17.0300,36437.2273,-3.8000,5.0518,17.3100,37608.6481,0,390575.0000,140930.0000
2025-06-01,2025,6,Bogota,14,"Ferreteria, vidrios y pinturas",0,111.9084,2.2000,4.8263,17.0300,36437.2273,-3.8000,5.0518,17.3100,37608.6481,0,390575.0000,140930.0000
2025-06-01,2025,6,Bogota,15,Otras mercancias de uso domestico,0,125.4798,2.2000,4.8263,17.0300,36437.2273,-3.8000,5.0518,17.3100,37608.6481,0,390575.0000,140930.0000
2025-06-01,2025,6,Cundinamarca,4,Prendas de vestir y textiles,0,133.9631,2.2000,4.8263,17.0300,36437.2273,-3.8000,5.0518,17.3100,37608.6481,0,86530.0000,89865.0000
2025-06-01,2025,6,Cundinamarca,8,Electrodomesticos y muebles,1,169.6326,2.2000,4.8263,17.0300,36437.2273,-3.8000,5.0518,17.3100,37608.6481,0,86530.0000,89865.0000
2025-06-01,2025,6,Cundinamarca,9,Articulos y utensilios domesticos,0,173.8407,2.2000,4.8263,17.0300,36437.2273,-3.8000,5.0518,17.3100,37608.6481,0,86530.0000,89865.0000
2025-06-01,2025,6,Cundinamarca,10,Aseo del hogar,0,166.9506,2.2000,4.8263,17.0300,36437.2273,-3.8000,5.0518,17.3100,37608.6481,0,86530.0000,89865.0000
2025-06-01,2025,6,Cundinamarca,11,Informatica y telecomunicaciones,0,287.8374,2.2000,4.8263,17.0300,36437.2273,-3.8000,5.0518,17.3100,37608.6481,0,86530.0000,89865.0000
2025-06-01,2025,6,Cundinamarca,12,Sonido y video,0,204.7710,2.2000,4.8263,17.0300,36437.2273,-3.8000,5.0518,17.3100,37608.6481,0,86530.0000,89865.0000
2025-06-01,2025,6,Cundinamarca,14,"Ferreteria, vidrios y pinturas",0,118.5686,2.2000,4.8263,17.0300,36437.2273,-3.8000,5.0518,17.3100,37608.6481,0,86530.0000,89865.0000
2025-06-01,2025,6,Cundinamarca,15,Otras mercancias de uso domestico,0,139.5003,2.2000,4.8263,17.0300,36437.2273,-3.8000,5.0518,17.3100,37608.6481,0,86530.0000,89865.0000
2025-06-01,2025,6,Santander,4,Prendas de vestir y textiles,0,107.1469,2.2000,4.8263,17.0300,36437.2273,-3.8000,5.0518,17.3100,37608.6481,0,146691.0000,102410.0000
2025-06-01,2025,6,Santander,8,Electrodomesticos y muebles,1,146.3650,2.2000,4.8263,17.0300,36437.2273,-3.8000,5.0518,17.3100,37608.6481,0,146691.0000,102410.0000
2025-06-01,2025,6,Santander,9,Articulos y utensilios domesticos,0,138.0363,2.2000,4.8263,17.0300,36437.2273,-3.8000,5.0518,17.3100,37608.6481,0,146691.0000,102410.0000
2025-06-01,2025,6,Santander,10,Aseo del hogar,0,130.1902,2.2000,4.8263,17.0300,36437.2273,-3.8000,5.0518,17.3100,37608.6481,0,146691.0000,102410.0000
2025-06-01,2025,6,Santander,11,Informatica y telecomunicaciones,0,247.1991,2.2000,4.8263,17.0300,36437.2273,-3.8000,5.0518,17.3100,37608.6481,0,146691.0000,102410.0000
2025-06-01,2025,6,Santander,12,Sonido y video,0,165.3679,2.2000,4.8263,17.0300,36437.2273,-3.8000,5.0518,17.3100,37608.6481,0,146691.0000,102410.0000
2025-06-01,2025,6,Santander,14,"Ferreteria, vidrios y pinturas",0,97.6990,2.2000,4.8263,17.0300,36437.2273,-3.8000,5.0518,17.3100,37608.6481,0,146691.0000,102410.0000
2025-06-01,2025,6,Santander,15,Otras mercancias de uso domestico,0,115.9676,2.2000,4.8263,17.0300,36437.2273,-3.8000,5.0518,17.3100,37608.6481,0,146691.0000,102410.0000
2025-06-01,2025,6,Valle del Cauca,4,Prendas de vestir y textiles,0,92.5741,2.2000,4.8263,17.0300,36437.2273,-3.8000,5.0518,17.3100,37608.6481,0,119111.0000,78269.0000
2025-06-01,2025,6,Valle del Cauca,8,Electrodomesticos y muebles,1,117.9526,2.2000,4.8263,17.0300,36437.2273,-3.8000,5.0518,17.3100,37608.6481,0,119111.0000,78269.0000
2025-06-01,2025,6,Valle del Cauca,9,Articulos y utensilios domesticos,0,119.3538,2.2000,4.8263,17.0300,36437.2273,-3.8000,5.0518,17.3100,37608.6481,0,119111.0000,78269.0000
2025-06-01,2025,6,Valle del Cauca,10,Aseo del hogar,0,113.7485,2.2000,4.8263,17.0300,36437.2273,-3.8000,5.0518,17.3100,37608.6481,0,119111.0000,78269.0000
2025-06-01,2025,6,Valle del Cauca,11,Informatica y telecomunicaciones,0,209.9718,2.2000,4.8263,17.0300,36437.2273,-3.8000,5.0518,17.3100,37608.6481,0,119111.0000,78269.0000
2025-06-01,2025,6,Valle del Cauca,12,Sonido y video,0,139.1555,2.2000,4.8263,17.0300,36437.2273,-3.8000,5.0518,17.3100,37608.6481,0,119111.0000,78269.0000
2025-06-01,2025,6,Valle del Cauca,14,"Ferreteria, vidrios y pinturas",0,82.5182,2.2000,4.8263,17.0300,36437.2273,-3.8000,5.0518,17.3100,37608.6481,0,119111.0000,78269.0000
2025-06-01,2025,6,Valle del Cauca,15,Otras mercancias de uso domestico,0,101.7125,2.2000,4.8263,17.0300,36437.2273,-3.8000,5.0518,17.3100,37608.6481,0,119111.0000,78269.0000
2025-06-01,2025,6,Otros departamentos,4,Prendas de vestir y textiles,0,114.8328,2.2000,4.8263,17.0300,36437.2273,-3.8000,5.0518,17.3100,37608.6481,0,451230.0000,509763.0000
2025-06-01,2025,6,Otros departamentos,8,Electrodomesticos y muebles,1,151.3995,2.2000,4.8263,17.0300,36437.2273,-3.8000,5.0518,17.3100,37608.6481,0,451230.0000,509763.0000
2025-06-01,2025,6,Otros departamentos,9,Articulos y utensilios domesticos,0,146.9853,2.2000,4.8263,17.0300,36437.2273,-3.8000,5.0518,17.3100,37608.6481,0,451230.0000,509763.0000
2025-06-01,2025,6,Otros departamentos,10,Aseo del hogar,0,144.0828,2.2000,4.8263,17.0300,36437.2273,-3.8000,5.0518,17.3100,37608.6481,0,451230.0000,509763.0000
2025-06-01,2025,6,Otros departamentos,11,Informatica y telecomunicaciones,0,250.3076,2.2000,4.8263,17.0300,36437.2273,-3.8000,5.0518,17.3100,37608.6481,0,451230.0000,509763.0000
2025-06-01,2025,6,Otros departamentos,12,Sonido y video,0,166.8684,2.2000,4.8263,17.0300,36437.2273,-3.8000,5.0518,17.3100,37608.6481,0,451230.0000,509763.0000
2025-06-01,2025,6,Otros departamentos,14,"Ferreteria, vidrios y pinturas",0,102.6084,2.2000,4.8263,17.0300,36437.2273,-3.8000,5.0518,17.3100,37608.6481,0,451230.0000,509763.0000
2025-06-01,2025,6,Otros departamentos,15,Otras mercancias de uso domestico,0,121.8990,2.2000,4.8263,17.0300,36437.2273,-3.8000,5.0518,17.3100,37608.6481,0,451230.0000,509763.0000
2025-07-01,2025,7,Antioquia,4,Prendas de vestir y textiles,0,104.3996,5.3000,4.9001,16.5200,49454.0321,2.2000,4.8263,17.0300,36437.2273,0,300539.0000,280987.0000
2025-07-01,2025,7,Antioquia,8,Electrodomesticos y muebles,1,170.5224,5.3000,4.9001,16.5200,49454.0321,2.2000,4.8263,17.0300,36437.2273,0,300539.0000,280987.0000
2025-07-01,2025,7,Antioquia,9,Articulos y utensilios domesticos,0,154.4662,5.3000,4.9001,16.5200,49454.0321,2.2000,4.8263,17.0300,36437.2273,0,300539.0000,280987.0000
2025-07-01,2025,7,Antioquia,10,Aseo del hogar,0,145.6486,5.3000,4.9001,16.5200,49454.0321,2.2000,4.8263,17.0300,36437.2273,0,300539.0000,280987.0000
2025-07-01,2025,7,Antioquia,11,Informatica y telecomunicaciones,0,279.6727,5.3000,4.9001,16.5200,49454.0321,2.2000,4.8263,17.0300,36437.2273,0,300539.0000,280987.0000
2025-07-01,2025,7,Antioquia,12,Sonido y video,0,183.0731,5.3000,4.9001,16.5200,49454.0321,2.2000,4.8263,17.0300,36437.2273,0,300539.0000,280987.0000
2025-07-01,2025,7,Antioquia,14,"Ferreteria, vidrios y pinturas",0,123.0511,5.3000,4.9001,16.5200,49454.0321,2.2000,4.8263,17.0300,36437.2273,0,300539.0000,280987.0000
2025-07-01,2025,7,Antioquia,15,Otras mercancias de uso domestico,0,128.2255,5.3000,4.9001,16.5200,49454.0321,2.2000,4.8263,17.0300,36437.2273,0,300539.0000,280987.0000
2025-07-01,2025,7,Atlantico,4,Prendas de vestir y textiles,0,82.9942,5.3000,4.9001,16.5200,49454.0321,2.2000,4.8263,17.0300,36437.2273,0,98337.0000,14716.0000
2025-07-01,2025,7,Atlantico,8,Electrodomesticos y muebles,1,135.6785,5.3000,4.9001,16.5200,49454.0321,2.2000,4.8263,17.0300,36437.2273,0,98337.0000,14716.0000
2025-07-01,2025,7,Atlantico,9,Articulos y utensilios domesticos,0,123.0866,5.3000,4.9001,16.5200,49454.0321,2.2000,4.8263,17.0300,36437.2273,0,98337.0000,14716.0000
2025-07-01,2025,7,Atlantico,10,Aseo del hogar,0,115.6851,5.3000,4.9001,16.5200,49454.0321,2.2000,4.8263,17.0300,36437.2273,0,98337.0000,14716.0000
2025-07-01,2025,7,Atlantico,11,Informatica y telecomunicaciones,0,235.0710,5.3000,4.9001,16.5200,49454.0321,2.2000,4.8263,17.0300,36437.2273,0,98337.0000,14716.0000
2025-07-01,2025,7,Atlantico,12,Sonido y video,0,145.1049,5.3000,4.9001,16.5200,49454.0321,2.2000,4.8263,17.0300,36437.2273,0,98337.0000,14716.0000
2025-07-01,2025,7,Atlantico,14,"Ferreteria, vidrios y pinturas",0,100.5694,5.3000,4.9001,16.5200,49454.0321,2.2000,4.8263,17.0300,36437.2273,0,98337.0000,14716.0000
2025-07-01,2025,7,Atlantico,15,Otras mercancias de uso domestico,0,103.1441,5.3000,4.9001,16.5200,49454.0321,2.2000,4.8263,17.0300,36437.2273,0,98337.0000,14716.0000
2025-07-01,2025,7,Bogota,4,Prendas de vestir y textiles,0,110.2956,5.3000,4.9001,16.5200,49454.0321,2.2000,4.8263,17.0300,36437.2273,0,376320.0000,390575.0000
2025-07-01,2025,7,Bogota,8,Electrodomesticos y muebles,1,170.4095,5.3000,4.9001,16.5200,49454.0321,2.2000,4.8263,17.0300,36437.2273,0,376320.0000,390575.0000
2025-07-01,2025,7,Bogota,9,Articulos y utensilios domesticos,0,163.2361,5.3000,4.9001,16.5200,49454.0321,2.2000,4.8263,17.0300,36437.2273,0,376320.0000,390575.0000
2025-07-01,2025,7,Bogota,10,Aseo del hogar,0,148.0347,5.3000,4.9001,16.5200,49454.0321,2.2000,4.8263,17.0300,36437.2273,0,376320.0000,390575.0000
2025-07-01,2025,7,Bogota,11,Informatica y telecomunicaciones,0,287.8346,5.3000,4.9001,16.5200,49454.0321,2.2000,4.8263,17.0300,36437.2273,0,376320.0000,390575.0000
2025-07-01,2025,7,Bogota,12,Sonido y video,0,189.6007,5.3000,4.9001,16.5200,49454.0321,2.2000,4.8263,17.0300,36437.2273,0,376320.0000,390575.0000
2025-07-01,2025,7,Bogota,14,"Ferreteria, vidrios y pinturas",0,127.6421,5.3000,4.9001,16.5200,49454.0321,2.2000,4.8263,17.0300,36437.2273,0,376320.0000,390575.0000
2025-07-01,2025,7,Bogota,15,Otras mercancias de uso domestico,0,131.1911,5.3000,4.9001,16.5200,49454.0321,2.2000,4.8263,17.0300,36437.2273,0,376320.0000,390575.0000
2025-07-01,2025,7,Cundinamarca,4,Prendas de vestir y textiles,0,114.9167,5.3000,4.9001,16.5200,49454.0321,2.2000,4.8263,17.0300,36437.2273,0,133843.0000,86530.0000
2025-07-01,2025,7,Cundinamarca,8,Electrodomesticos y muebles,1,179.8186,5.3000,4.9001,16.5200,49454.0321,2.2000,4.8263,17.0300,36437.2273,0,133843.0000,86530.0000
2025-07-01,2025,7,Cundinamarca,9,Articulos y utensilios domesticos,0,170.0110,5.3000,4.9001,16.5200,49454.0321,2.2000,4.8263,17.0300,36437.2273,0,133843.0000,86530.0000
2025-07-01,2025,7,Cundinamarca,10,Aseo del hogar,0,160.9838,5.3000,4.9001,16.5200,49454.0321,2.2000,4.8263,17.0300,36437.2273,0,133843.0000,86530.0000
2025-07-01,2025,7,Cundinamarca,11,Informatica y telecomunicaciones,0,302.4176,5.3000,4.9001,16.5200,49454.0321,2.2000,4.8263,17.0300,36437.2273,0,133843.0000,86530.0000
2025-07-01,2025,7,Cundinamarca,12,Sonido y video,0,199.6619,5.3000,4.9001,16.5200,49454.0321,2.2000,4.8263,17.0300,36437.2273,0,133843.0000,86530.0000
2025-07-01,2025,7,Cundinamarca,14,"Ferreteria, vidrios y pinturas",0,132.1454,5.3000,4.9001,16.5200,49454.0321,2.2000,4.8263,17.0300,36437.2273,0,133843.0000,86530.0000
2025-07-01,2025,7,Cundinamarca,15,Otras mercancias de uso domestico,0,136.8077,5.3000,4.9001,16.5200,49454.0321,2.2000,4.8263,17.0300,36437.2273,0,133843.0000,86530.0000
2025-07-01,2025,7,Santander,4,Prendas de vestir y textiles,0,101.5625,5.3000,4.9001,16.5200,49454.0321,2.2000,4.8263,17.0300,36437.2273,0,50799.0000,146691.0000
2025-07-01,2025,7,Santander,8,Electrodomesticos y muebles,1,164.8119,5.3000,4.9001,16.5200,49454.0321,2.2000,4.8263,17.0300,36437.2273,0,50799.0000,146691.0000
2025-07-01,2025,7,Santander,9,Articulos y utensilios domesticos,0,148.2891,5.3000,4.9001,16.5200,49454.0321,2.2000,4.8263,17.0300,36437.2273,0,50799.0000,146691.0000
2025-07-01,2025,7,Santander,10,Aseo del hogar,0,140.7360,5.3000,4.9001,16.5200,49454.0321,2.2000,4.8263,17.0300,36437.2273,0,50799.0000,146691.0000
2025-07-01,2025,7,Santander,11,Informatica y telecomunicaciones,0,273.7373,5.3000,4.9001,16.5200,49454.0321,2.2000,4.8263,17.0300,36437.2273,0,50799.0000,146691.0000
2025-07-01,2025,7,Santander,12,Sonido y video,0,179.5042,5.3000,4.9001,16.5200,49454.0321,2.2000,4.8263,17.0300,36437.2273,0,50799.0000,146691.0000
2025-07-01,2025,7,Santander,14,"Ferreteria, vidrios y pinturas",0,117.8591,5.3000,4.9001,16.5200,49454.0321,2.2000,4.8263,17.0300,36437.2273,0,50799.0000,146691.0000
2025-07-01,2025,7,Santander,15,Otras mercancias de uso domestico,0,124.7059,5.3000,4.9001,16.5200,49454.0321,2.2000,4.8263,17.0300,36437.2273,0,50799.0000,146691.0000
2025-07-01,2025,7,Valle del Cauca,4,Prendas de vestir y textiles,0,86.8517,5.3000,4.9001,16.5200,49454.0321,2.2000,4.8263,17.0300,36437.2273,0,198808.0000,119111.0000
2025-07-01,2025,7,Valle del Cauca,8,Electrodomesticos y muebles,1,132.5494,5.3000,4.9001,16.5200,49454.0321,2.2000,4.8263,17.0300,36437.2273,0,198808.0000,119111.0000
2025-07-01,2025,7,Valle del Cauca,9,Articulos y utensilios domesticos,0,131.2478,5.3000,4.9001,16.5200,49454.0321,2.2000,4.8263,17.0300,36437.2273,0,198808.0000,119111.0000
2025-07-01,2025,7,Valle del Cauca,10,Aseo del hogar,0,117.9570,5.3000,4.9001,16.5200,49454.0321,2.2000,4.8263,17.0300,36437.2273,0,198808.0000,119111.0000
2025-07-01,2025,7,Valle del Cauca,11,Informatica y telecomunicaciones,0,234.8274,5.3000,4.9001,16.5200,49454.0321,2.2000,4.8263,17.0300,36437.2273,0,198808.0000,119111.0000
2025-07-01,2025,7,Valle del Cauca,12,Sonido y video,0,146.2989,5.3000,4.9001,16.5200,49454.0321,2.2000,4.8263,17.0300,36437.2273,0,198808.0000,119111.0000
2025-07-01,2025,7,Valle del Cauca,14,"Ferreteria, vidrios y pinturas",0,100.0245,5.3000,4.9001,16.5200,49454.0321,2.2000,4.8263,17.0300,36437.2273,0,198808.0000,119111.0000
2025-07-01,2025,7,Valle del Cauca,15,Otras mercancias de uso domestico,0,105.7239,5.3000,4.9001,16.5200,49454.0321,2.2000,4.8263,17.0300,36437.2273,0,198808.0000,119111.0000
2025-07-01,2025,7,Otros departamentos,4,Prendas de vestir y textiles,0,109.2290,5.3000,4.9001,16.5200,49454.0321,2.2000,4.8263,17.0300,36437.2273,0,440912.0000,451230.0000
2025-07-01,2025,7,Otros departamentos,8,Electrodomesticos y muebles,1,172.1185,5.3000,4.9001,16.5200,49454.0321,2.2000,4.8263,17.0300,36437.2273,0,440912.0000,451230.0000
2025-07-01,2025,7,Otros departamentos,9,Articulos y utensilios domesticos,0,158.2777,5.3000,4.9001,16.5200,49454.0321,2.2000,4.8263,17.0300,36437.2273,0,440912.0000,451230.0000
2025-07-01,2025,7,Otros departamentos,10,Aseo del hogar,0,150.7093,5.3000,4.9001,16.5200,49454.0321,2.2000,4.8263,17.0300,36437.2273,0,440912.0000,451230.0000
2025-07-01,2025,7,Otros departamentos,11,Informatica y telecomunicaciones,0,284.3314,5.3000,4.9001,16.5200,49454.0321,2.2000,4.8263,17.0300,36437.2273,0,440912.0000,451230.0000
2025-07-01,2025,7,Otros departamentos,12,Sonido y video,0,180.9460,5.3000,4.9001,16.5200,49454.0321,2.2000,4.8263,17.0300,36437.2273,0,440912.0000,451230.0000
2025-07-01,2025,7,Otros departamentos,14,"Ferreteria, vidrios y pinturas",0,120.9462,5.3000,4.9001,16.5200,49454.0321,2.2000,4.8263,17.0300,36437.2273,0,440912.0000,451230.0000
2025-07-01,2025,7,Otros departamentos,15,Otras mercancias de uso domestico,0,127.9316,5.3000,4.9001,16.5200,49454.0321,2.2000,4.8263,17.0300,36437.2273,0,440912.0000,451230.0000
2025-08-01,2025,8,Antioquia,4,Prendas de vestir y textiles,0,95.7112,-2.4000,5.0950,16.7800,45577.5255,5.3000,4.9001,16.5200,49454.0321,0,283929.0000,300539.0000
2025-08-01,2025,8,Antioquia,8,Electrodomesticos y muebles,1,175.1969,-2.4000,5.0950,16.7800,45577.5255,5.3000,4.9001,16.5200,49454.0321,0,283929.0000,300539.0000
2025-08-01,2025,8,Antioquia,9,Articulos y utensilios domesticos,0,157.0964,-2.4000,5.0950,16.7800,45577.5255,5.3000,4.9001,16.5200,49454.0321,0,283929.0000,300539.0000
2025-08-01,2025,8,Antioquia,10,Aseo del hogar,0,144.2192,-2.4000,5.0950,16.7800,45577.5255,5.3000,4.9001,16.5200,49454.0321,0,283929.0000,300539.0000
2025-08-01,2025,8,Antioquia,11,Informatica y telecomunicaciones,0,332.4620,-2.4000,5.0950,16.7800,45577.5255,5.3000,4.9001,16.5200,49454.0321,0,283929.0000,300539.0000
2025-08-01,2025,8,Antioquia,12,Sonido y video,0,187.1877,-2.4000,5.0950,16.7800,45577.5255,5.3000,4.9001,16.5200,49454.0321,0,283929.0000,300539.0000
2025-08-01,2025,8,Antioquia,14,"Ferreteria, vidrios y pinturas",0,114.6682,-2.4000,5.0950,16.7800,45577.5255,5.3000,4.9001,16.5200,49454.0321,0,283929.0000,300539.0000
2025-08-01,2025,8,Antioquia,15,Otras mercancias de uso domestico,0,124.7131,-2.4000,5.0950,16.7800,45577.5255,5.3000,4.9001,16.5200,49454.0321,0,283929.0000,300539.0000
2025-08-01,2025,8,Atlantico,4,Prendas de vestir y textiles,0,78.9875,-2.4000,5.0950,16.7800,45577.5255,5.3000,4.9001,16.5200,49454.0321,0,16673.0000,98337.0000
2025-08-01,2025,8,Atlantico,8,Electrodomesticos y muebles,1,140.3690,-2.4000,5.0950,16.7800,45577.5255,5.3000,4.9001,16.5200,49454.0321,0,16673.0000,98337.0000
2025-08-01,2025,8,Atlantico,9,Articulos y utensilios domesticos,0,130.2569,-2.4000,5.0950,16.7800,45577.5255,5.3000,4.9001,16.5200,49454.0321,0,16673.0000,98337.0000
2025-08-01,2025,8,Atlantico,10,Aseo del hogar,0,120.3083,-2.4000,5.0950,16.7800,45577.5255,5.3000,4.9001,16.5200,49454.0321,0,16673.0000,98337.0000
2025-08-01,2025,8,Atlantico,11,Informatica y telecomunicaciones,0,275.7911,-2.4000,5.0950,16.7800,45577.5255,5.3000,4.9001,16.5200,49454.0321,0,16673.0000,98337.0000
2025-08-01,2025,8,Atlantico,12,Sonido y video,0,156.1402,-2.4000,5.0950,16.7800,45577.5255,5.3000,4.9001,16.5200,49454.0321,0,16673.0000,98337.0000
2025-08-01,2025,8,Atlantico,14,"Ferreteria, vidrios y pinturas",0,91.8892,-2.4000,5.0950,16.7800,45577.5255,5.3000,4.9001,16.5200,49454.0321,0,16673.0000,98337.0000
2025-08-01,2025,8,Atlantico,15,Otras mercancias de uso domestico,0,102.2692,-2.4000,5.0950,16.7800,45577.5255,5.3000,4.9001,16.5200,49454.0321,0,16673.0000,98337.0000
2025-08-01,2025,8,Bogota,4,Prendas de vestir y textiles,0,106.7962,-2.4000,5.0950,16.7800,45577.5255,5.3000,4.9001,16.5200,49454.0321,0,123105.0000,376320.0000
2025-08-01,2025,8,Bogota,8,Electrodomesticos y muebles,1,176.7210,-2.4000,5.0950,16.7800,45577.5255,5.3000,4.9001,16.5200,49454.0321,0,123105.0000,376320.0000
2025-08-01,2025,8,Bogota,9,Articulos y utensilios domesticos,0,171.0404,-2.4000,5.0950,16.7800,45577.5255,5.3000,4.9001,16.5200,49454.0321,0,123105.0000,376320.0000
2025-08-01,2025,8,Bogota,10,Aseo del hogar,0,154.8164,-2.4000,5.0950,16.7800,45577.5255,5.3000,4.9001,16.5200,49454.0321,0,123105.0000,376320.0000
2025-08-01,2025,8,Bogota,11,Informatica y telecomunicaciones,0,359.1203,-2.4000,5.0950,16.7800,45577.5255,5.3000,4.9001,16.5200,49454.0321,0,123105.0000,376320.0000
2025-08-01,2025,8,Bogota,12,Sonido y video,0,203.3699,-2.4000,5.0950,16.7800,45577.5255,5.3000,4.9001,16.5200,49454.0321,0,123105.0000,376320.0000
2025-08-01,2025,8,Bogota,14,"Ferreteria, vidrios y pinturas",0,124.8223,-2.4000,5.0950,16.7800,45577.5255,5.3000,4.9001,16.5200,49454.0321,0,123105.0000,376320.0000
2025-08-01,2025,8,Bogota,15,Otras mercancias de uso domestico,0,137.2441,-2.4000,5.0950,16.7800,45577.5255,5.3000,4.9001,16.5200,49454.0321,0,123105.0000,376320.0000
2025-08-01,2025,8,Cundinamarca,4,Prendas de vestir y textiles,0,113.2189,-2.4000,5.0950,16.7800,45577.5255,5.3000,4.9001,16.5200,49454.0321,0,101062.0000,133843.0000
2025-08-01,2025,8,Cundinamarca,8,Electrodomesticos y muebles,1,192.1273,-2.4000,5.0950,16.7800,45577.5255,5.3000,4.9001,16.5200,49454.0321,0,101062.0000,133843.0000
2025-08-01,2025,8,Cundinamarca,9,Articulos y utensilios domesticos,0,176.1427,-2.4000,5.0950,16.7800,45577.5255,5.3000,4.9001,16.5200,49454.0321,0,101062.0000,133843.0000
2025-08-01,2025,8,Cundinamarca,10,Aseo del hogar,0,167.6080,-2.4000,5.0950,16.7800,45577.5255,5.3000,4.9001,16.5200,49454.0321,0,101062.0000,133843.0000
2025-08-01,2025,8,Cundinamarca,11,Informatica y telecomunicaciones,0,367.5583,-2.4000,5.0950,16.7800,45577.5255,5.3000,4.9001,16.5200,49454.0321,0,101062.0000,133843.0000
2025-08-01,2025,8,Cundinamarca,12,Sonido y video,0,218.4355,-2.4000,5.0950,16.7800,45577.5255,5.3000,4.9001,16.5200,49454.0321,0,101062.0000,133843.0000
2025-08-01,2025,8,Cundinamarca,14,"Ferreteria, vidrios y pinturas",0,129.9362,-2.4000,5.0950,16.7800,45577.5255,5.3000,4.9001,16.5200,49454.0321,0,101062.0000,133843.0000
2025-08-01,2025,8,Cundinamarca,15,Otras mercancias de uso domestico,0,148.8310,-2.4000,5.0950,16.7800,45577.5255,5.3000,4.9001,16.5200,49454.0321,0,101062.0000,133843.0000
2025-08-01,2025,8,Santander,4,Prendas de vestir y textiles,0,96.3413,-2.4000,5.0950,16.7800,45577.5255,5.3000,4.9001,16.5200,49454.0321,0,46690.0000,50799.0000
2025-08-01,2025,8,Santander,8,Electrodomesticos y muebles,1,171.8339,-2.4000,5.0950,16.7800,45577.5255,5.3000,4.9001,16.5200,49454.0321,0,46690.0000,50799.0000
2025-08-01,2025,8,Santander,9,Articulos y utensilios domesticos,0,154.0705,-2.4000,5.0950,16.7800,45577.5255,5.3000,4.9001,16.5200,49454.0321,0,46690.0000,50799.0000
2025-08-01,2025,8,Santander,10,Aseo del hogar,0,147.4324,-2.4000,5.0950,16.7800,45577.5255,5.3000,4.9001,16.5200,49454.0321,0,46690.0000,50799.0000
2025-08-01,2025,8,Santander,11,Informatica y telecomunicaciones,0,336.8918,-2.4000,5.0950,16.7800,45577.5255,5.3000,4.9001,16.5200,49454.0321,0,46690.0000,50799.0000
2025-08-01,2025,8,Santander,12,Sonido y video,0,192.5454,-2.4000,5.0950,16.7800,45577.5255,5.3000,4.9001,16.5200,49454.0321,0,46690.0000,50799.0000
2025-08-01,2025,8,Santander,14,"Ferreteria, vidrios y pinturas",0,115.7449,-2.4000,5.0950,16.7800,45577.5255,5.3000,4.9001,16.5200,49454.0321,0,46690.0000,50799.0000
2025-08-01,2025,8,Santander,15,Otras mercancias de uso domestico,0,126.8380,-2.4000,5.0950,16.7800,45577.5255,5.3000,4.9001,16.5200,49454.0321,0,46690.0000,50799.0000
2025-08-01,2025,8,Valle del Cauca,4,Prendas de vestir y textiles,0,83.6131,-2.4000,5.0950,16.7800,45577.5255,5.3000,4.9001,16.5200,49454.0321,0,152558.0000,198808.0000
2025-08-01,2025,8,Valle del Cauca,8,Electrodomesticos y muebles,1,141.9079,-2.4000,5.0950,16.7800,45577.5255,5.3000,4.9001,16.5200,49454.0321,0,152558.0000,198808.0000
2025-08-01,2025,8,Valle del Cauca,9,Articulos y utensilios domesticos,0,134.2418,-2.4000,5.0950,16.7800,45577.5255,5.3000,4.9001,16.5200,49454.0321,0,152558.0000,198808.0000
2025-08-01,2025,8,Valle del Cauca,10,Aseo del hogar,0,122.1753,-2.4000,5.0950,16.7800,45577.5255,5.3000,4.9001,16.5200,49454.0321,0,152558.0000,198808.0000
2025-08-01,2025,8,Valle del Cauca,11,Informatica y telecomunicaciones,0,294.9925,-2.4000,5.0950,16.7800,45577.5255,5.3000,4.9001,16.5200,49454.0321,0,152558.0000,198808.0000
2025-08-01,2025,8,Valle del Cauca,12,Sonido y video,0,156.3105,-2.4000,5.0950,16.7800,45577.5255,5.3000,4.9001,16.5200,49454.0321,0,152558.0000,198808.0000
2025-08-01,2025,8,Valle del Cauca,14,"Ferreteria, vidrios y pinturas",0,96.2345,-2.4000,5.0950,16.7800,45577.5255,5.3000,4.9001,16.5200,49454.0321,0,152558.0000,198808.0000
2025-08-01,2025,8,Valle del Cauca,15,Otras mercancias de uso domestico,0,106.5018,-2.4000,5.0950,16.7800,45577.5255,5.3000,4.9001,16.5200,49454.0321,0,152558.0000,198808.0000
2025-08-01,2025,8,Otros departamentos,4,Prendas de vestir y textiles,0,103.2945,-2.4000,5.0950,16.7800,45577.5255,5.3000,4.9001,16.5200,49454.0321,0,409141.0000,440912.0000
2025-08-01,2025,8,Otros departamentos,8,Electrodomesticos y muebles,1,177.4225,-2.4000,5.0950,16.7800,45577.5255,5.3000,4.9001,16.5200,49454.0321,0,409141.0000,440912.0000
2025-08-01,2025,8,Otros departamentos,9,Articulos y utensilios domesticos,0,157.9669,-2.4000,5.0950,16.7800,45577.5255,5.3000,4.9001,16.5200,49454.0321,0,409141.0000,440912.0000
2025-08-01,2025,8,Otros departamentos,10,Aseo del hogar,0,152.4387,-2.4000,5.0950,16.7800,45577.5255,5.3000,4.9001,16.5200,49454.0321,0,409141.0000,440912.0000
2025-08-01,2025,8,Otros departamentos,11,Informatica y telecomunicaciones,0,339.7009,-2.4000,5.0950,16.7800,45577.5255,5.3000,4.9001,16.5200,49454.0321,0,409141.0000,440912.0000
2025-08-01,2025,8,Otros departamentos,12,Sonido y video,0,189.6583,-2.4000,5.0950,16.7800,45577.5255,5.3000,4.9001,16.5200,49454.0321,0,409141.0000,440912.0000
2025-08-01,2025,8,Otros departamentos,14,"Ferreteria, vidrios y pinturas",0,115.4868,-2.4000,5.0950,16.7800,45577.5255,5.3000,4.9001,16.5200,49454.0321,0,409141.0000,440912.0000
2025-08-01,2025,8,Otros departamentos,15,Otras mercancias de uso domestico,0,129.2616,-2.4000,5.0950,16.7800,45577.5255,5.3000,4.9001,16.5200,49454.0321,0,409141.0000,440912.0000
2025-09-01,2025,9,Antioquia,4,Prendas de vestir y textiles,0,94.4262,1.6000,5.1798,16.6700,46624.5969,-2.4000,5.0950,16.7800,45577.5255,0,328564.0000,283929.0000
2025-09-01,2025,9,Antioquia,8,Electrodomesticos y muebles,1,147.8013,1.6000,5.1798,16.6700,46624.5969,-2.4000,5.0950,16.7800,45577.5255,0,328564.0000,283929.0000
2025-09-01,2025,9,Antioquia,9,Articulos y utensilios domesticos,0,146.4133,1.6000,5.1798,16.6700,46624.5969,-2.4000,5.0950,16.7800,45577.5255,0,328564.0000,283929.0000
2025-09-01,2025,9,Antioquia,10,Aseo del hogar,0,133.5033,1.6000,5.1798,16.6700,46624.5969,-2.4000,5.0950,16.7800,45577.5255,0,328564.0000,283929.0000
2025-09-01,2025,9,Antioquia,11,Informatica y telecomunicaciones,0,272.0042,1.6000,5.1798,16.6700,46624.5969,-2.4000,5.0950,16.7800,45577.5255,0,328564.0000,283929.0000
2025-09-01,2025,9,Antioquia,12,Sonido y video,0,156.8697,1.6000,5.1798,16.6700,46624.5969,-2.4000,5.0950,16.7800,45577.5255,0,328564.0000,283929.0000
2025-09-01,2025,9,Antioquia,14,"Ferreteria, vidrios y pinturas",0,121.5698,1.6000,5.1798,16.6700,46624.5969,-2.4000,5.0950,16.7800,45577.5255,0,328564.0000,283929.0000
2025-09-01,2025,9,Antioquia,15,Otras mercancias de uso domestico,0,122.4438,1.6000,5.1798,16.6700,46624.5969,-2.4000,5.0950,16.7800,45577.5255,0,328564.0000,283929.0000
2025-09-01,2025,9,Atlantico,4,Prendas de vestir y textiles,0,79.1527,1.6000,5.1798,16.6700,46624.5969,-2.4000,5.0950,16.7800,45577.5255,0,30787.0000,16673.0000
2025-09-01,2025,9,Atlantico,8,Electrodomesticos y muebles,1,120.7631,1.6000,5.1798,16.6700,46624.5969,-2.4000,5.0950,16.7800,45577.5255,0,30787.0000,16673.0000
2025-09-01,2025,9,Atlantico,9,Articulos y utensilios domesticos,0,125.2955,1.6000,5.1798,16.6700,46624.5969,-2.4000,5.0950,16.7800,45577.5255,0,30787.0000,16673.0000
2025-09-01,2025,9,Atlantico,10,Aseo del hogar,0,110.2368,1.6000,5.1798,16.6700,46624.5969,-2.4000,5.0950,16.7800,45577.5255,0,30787.0000,16673.0000
2025-09-01,2025,9,Atlantico,11,Informatica y telecomunicaciones,0,225.0619,1.6000,5.1798,16.6700,46624.5969,-2.4000,5.0950,16.7800,45577.5255,0,30787.0000,16673.0000
2025-09-01,2025,9,Atlantico,12,Sonido y video,0,131.2018,1.6000,5.1798,16.6700,46624.5969,-2.4000,5.0950,16.7800,45577.5255,0,30787.0000,16673.0000
2025-09-01,2025,9,Atlantico,14,"Ferreteria, vidrios y pinturas",0,97.6203,1.6000,5.1798,16.6700,46624.5969,-2.4000,5.0950,16.7800,45577.5255,0,30787.0000,16673.0000
2025-09-01,2025,9,Atlantico,15,Otras mercancias de uso domestico,0,101.3766,1.6000,5.1798,16.6700,46624.5969,-2.4000,5.0950,16.7800,45577.5255,0,30787.0000,16673.0000
2025-09-01,2025,9,Bogota,4,Prendas de vestir y textiles,0,109.8374,1.6000,5.1798,16.6700,46624.5969,-2.4000,5.0950,16.7800,45577.5255,0,278672.0000,123105.0000
2025-09-01,2025,9,Bogota,8,Electrodomesticos y muebles,1,158.1963,1.6000,5.1798,16.6700,46624.5969,-2.4000,5.0950,16.7800,45577.5255,0,278672.0000,123105.0000
2025-09-01,2025,9,Bogota,9,Articulos y utensilios domesticos,0,169.1770,1.6000,5.1798,16.6700,46624.5969,-2.4000,5.0950,16.7800,45577.5255,0,278672.0000,123105.0000
2025-09-01,2025,9,Bogota,10,Aseo del hogar,0,151.6437,1.6000,5.1798,16.6700,46624.5969,-2.4000,5.0950,16.7800,45577.5255,0,278672.0000,123105.0000
2025-09-01,2025,9,Bogota,11,Informatica y telecomunicaciones,0,306.0903,1.6000,5.1798,16.6700,46624.5969,-2.4000,5.0950,16.7800,45577.5255,0,278672.0000,123105.0000
2025-09-01,2025,9,Bogota,12,Sonido y video,0,186.6673,1.6000,5.1798,16.6700,46624.5969,-2.4000,5.0950,16.7800,45577.5255,0,278672.0000,123105.0000
2025-09-01,2025,9,Bogota,14,"Ferreteria, vidrios y pinturas",0,134.2781,1.6000,5.1798,16.6700,46624.5969,-2.4000,5.0950,16.7800,45577.5255,0,278672.0000,123105.0000
2025-09-01,2025,9,Bogota,15,Otras mercancias de uso domestico,0,147.1121,1.6000,5.1798,16.6700,46624.5969,-2.4000,5.0950,16.7800,45577.5255,0,278672.0000,123105.0000
2025-09-01,2025,9,Cundinamarca,4,Prendas de vestir y textiles,0,106.3981,1.6000,5.1798,16.6700,46624.5969,-2.4000,5.0950,16.7800,45577.5255,0,88867.0000,101062.0000
2025-09-01,2025,9,Cundinamarca,8,Electrodomesticos y muebles,1,165.7959,1.6000,5.1798,16.6700,46624.5969,-2.4000,5.0950,16.7800,45577.5255,0,88867.0000,101062.0000
2025-09-01,2025,9,Cundinamarca,9,Articulos y utensilios domesticos,0,162.9485,1.6000,5.1798,16.6700,46624.5969,-2.4000,5.0950,16.7800,45577.5255,0,88867.0000,101062.0000
2025-09-01,2025,9,Cundinamarca,10,Aseo del hogar,0,148.0792,1.6000,5.1798,16.6700,46624.5969,-2.4000,5.0950,16.7800,45577.5255,0,88867.0000,101062.0000
2025-09-01,2025,9,Cundinamarca,11,Informatica y telecomunicaciones,0,294.0226,1.6000,5.1798,16.6700,46624.5969,-2.4000,5.0950,16.7800,45577.5255,0,88867.0000,101062.0000
2025-09-01,2025,9,Cundinamarca,12,Sonido y video,0,181.4956,1.6000,5.1798,16.6700,46624.5969,-2.4000,5.0950,16.7800,45577.5255,0,88867.0000,101062.0000
2025-09-01,2025,9,Cundinamarca,14,"Ferreteria, vidrios y pinturas",0,131.2935,1.6000,5.1798,16.6700,46624.5969,-2.4000,5.0950,16.7800,45577.5255,0,88867.0000,101062.0000
2025-09-01,2025,9,Cundinamarca,15,Otras mercancias de uso domestico,0,142.7466,1.6000,5.1798,16.6700,46624.5969,-2.4000,5.0950,16.7800,45577.5255,0,88867.0000,101062.0000
2025-09-01,2025,9,Santander,4,Prendas de vestir y textiles,0,91.5790,1.6000,5.1798,16.6700,46624.5969,-2.4000,5.0950,16.7800,45577.5255,0,64941.0000,46690.0000
2025-09-01,2025,9,Santander,8,Electrodomesticos y muebles,1,137.2045,1.6000,5.1798,16.6700,46624.5969,-2.4000,5.0950,16.7800,45577.5255,0,64941.0000,46690.0000
2025-09-01,2025,9,Santander,9,Articulos y utensilios domesticos,0,136.7110,1.6000,5.1798,16.6700,46624.5969,-2.4000,5.0950,16.7800,45577.5255,0,64941.0000,46690.0000
2025-09-01,2025,9,Santander,10,Aseo del hogar,0,129.9945,1.6000,5.1798,16.6700,46624.5969,-2.4000,5.0950,16.7800,45577.5255,0,64941.0000,46690.0000
2025-09-01,2025,9,Santander,11,Informatica y telecomunicaciones,0,263.5653,1.6000,5.1798,16.6700,46624.5969,-2.4000,5.0950,16.7800,45577.5255,0,64941.0000,46690.0000
2025-09-01,2025,9,Santander,12,Sonido y video,0,152.7177,1.6000,5.1798,16.6700,46624.5969,-2.4000,5.0950,16.7800,45577.5255,0,64941.0000,46690.0000
2025-09-01,2025,9,Santander,14,"Ferreteria, vidrios y pinturas",0,112.4957,1.6000,5.1798,16.6700,46624.5969,-2.4000,5.0950,16.7800,45577.5255,0,64941.0000,46690.0000
2025-09-01,2025,9,Santander,15,Otras mercancias de uso domestico,0,116.2004,1.6000,5.1798,16.6700,46624.5969,-2.4000,5.0950,16.7800,45577.5255,0,64941.0000,46690.0000
2025-09-01,2025,9,Valle del Cauca,4,Prendas de vestir y textiles,0,76.7202,1.6000,5.1798,16.6700,46624.5969,-2.4000,5.0950,16.7800,45577.5255,0,137788.0000,152558.0000
2025-09-01,2025,9,Valle del Cauca,8,Electrodomesticos y muebles,1,117.7981,1.6000,5.1798,16.6700,46624.5969,-2.4000,5.0950,16.7800,45577.5255,0,137788.0000,152558.0000
2025-09-01,2025,9,Valle del Cauca,9,Articulos y utensilios domesticos,0,118.7213,1.6000,5.1798,16.6700,46624.5969,-2.4000,5.0950,16.7800,45577.5255,0,137788.0000,152558.0000
2025-09-01,2025,9,Valle del Cauca,10,Aseo del hogar,0,108.4085,1.6000,5.1798,16.6700,46624.5969,-2.4000,5.0950,16.7800,45577.5255,0,137788.0000,152558.0000
2025-09-01,2025,9,Valle del Cauca,11,Informatica y telecomunicaciones,0,231.2578,1.6000,5.1798,16.6700,46624.5969,-2.4000,5.0950,16.7800,45577.5255,0,137788.0000,152558.0000
2025-09-01,2025,9,Valle del Cauca,12,Sonido y video,0,125.4983,1.6000,5.1798,16.6700,46624.5969,-2.4000,5.0950,16.7800,45577.5255,0,137788.0000,152558.0000
2025-09-01,2025,9,Valle del Cauca,14,"Ferreteria, vidrios y pinturas",0,95.4150,1.6000,5.1798,16.6700,46624.5969,-2.4000,5.0950,16.7800,45577.5255,0,137788.0000,152558.0000
2025-09-01,2025,9,Valle del Cauca,15,Otras mercancias de uso domestico,0,102.1604,1.6000,5.1798,16.6700,46624.5969,-2.4000,5.0950,16.7800,45577.5255,0,137788.0000,152558.0000
2025-09-01,2025,9,Otros departamentos,4,Prendas de vestir y textiles,0,95.8244,1.6000,5.1798,16.6700,46624.5969,-2.4000,5.0950,16.7800,45577.5255,0,440963.0000,409141.0000
2025-09-01,2025,9,Otros departamentos,8,Electrodomesticos y muebles,1,150.0073,1.6000,5.1798,16.6700,46624.5969,-2.4000,5.0950,16.7800,45577.5255,0,440963.0000,409141.0000
2025-09-01,2025,9,Otros departamentos,9,Articulos y utensilios domesticos,0,145.6282,1.6000,5.1798,16.6700,46624.5969,-2.4000,5.0950,16.7800,45577.5255,0,440963.0000,409141.0000
2025-09-01,2025,9,Otros departamentos,10,Aseo del hogar,0,135.9139,1.6000,5.1798,16.6700,46624.5969,-2.4000,5.0950,16.7800,45577.5255,0,440963.0000,409141.0000
2025-09-01,2025,9,Otros departamentos,11,Informatica y telecomunicaciones,0,278.7096,1.6000,5.1798,16.6700,46624.5969,-2.4000,5.0950,16.7800,45577.5255,0,440963.0000,409141.0000
2025-09-01,2025,9,Otros departamentos,12,Sonido y video,0,153.4268,1.6000,5.1798,16.6700,46624.5969,-2.4000,5.0950,16.7800,45577.5255,0,440963.0000,409141.0000
2025-09-01,2025,9,Otros departamentos,14,"Ferreteria, vidrios y pinturas",0,116.8861,1.6000,5.1798,16.6700,46624.5969,-2.4000,5.0950,16.7800,45577.5255,0,440963.0000,409141.0000
2025-09-01,2025,9,Otros departamentos,15,Otras mercancias de uso domestico,0,125.8991,1.6000,5.1798,16.6700,46624.5969,-2.4000,5.0950,16.7800,45577.5255,0,440963.0000,409141.0000
2025-10-01,2025,10,Antioquia,4,Prendas de vestir y textiles,0,101.2777,13.6000,5.5135,16.2400,50810.8833,1.6000,5.1798,16.6700,46624.5969,0,312051.0000,328564.0000
2025-10-01,2025,10,Antioquia,8,Electrodomesticos y muebles,1,148.5974,13.6000,5.5135,16.2400,50810.8833,1.6000,5.1798,16.6700,46624.5969,0,312051.0000,328564.0000
2025-10-01,2025,10,Antioquia,9,Articulos y utensilios domesticos,0,162.9707,13.6000,5.5135,16.2400,50810.8833,1.6000,5.1798,16.6700,46624.5969,0,312051.0000,328564.0000
2025-10-01,2025,10,Antioquia,10,Aseo del hogar,0,138.9644,13.6000,5.5135,16.2400,50810.8833,1.6000,5.1798,16.6700,46624.5969,0,312051.0000,328564.0000
2025-10-01,2025,10,Antioquia,11,Informatica y telecomunicaciones,0,281.6985,13.6000,5.5135,16.2400,50810.8833,1.6000,5.1798,16.6700,46624.5969,0,312051.0000,328564.0000
2025-10-01,2025,10,Antioquia,12,Sonido y video,0,169.1972,13.6000,5.5135,16.2400,50810.8833,1.6000,5.1798,16.6700,46624.5969,0,312051.0000,328564.0000
2025-10-01,2025,10,Antioquia,14,"Ferreteria, vidrios y pinturas",0,124.6350,13.6000,5.5135,16.2400,50810.8833,1.6000,5.1798,16.6700,46624.5969,0,312051.0000,328564.0000
2025-10-01,2025,10,Antioquia,15,Otras mercancias de uso domestico,0,134.1149,13.6000,5.5135,16.2400,50810.8833,1.6000,5.1798,16.6700,46624.5969,0,312051.0000,328564.0000
2025-10-01,2025,10,Atlantico,4,Prendas de vestir y textiles,0,84.7869,13.6000,5.5135,16.2400,50810.8833,1.6000,5.1798,16.6700,46624.5969,0,38311.0000,30787.0000
2025-10-01,2025,10,Atlantico,8,Electrodomesticos y muebles,1,119.1063,13.6000,5.5135,16.2400,50810.8833,1.6000,5.1798,16.6700,46624.5969,0,38311.0000,30787.0000
2025-10-01,2025,10,Atlantico,9,Articulos y utensilios domesticos,0,131.5238,13.6000,5.5135,16.2400,50810.8833,1.6000,5.1798,16.6700,46624.5969,0,38311.0000,30787.0000
2025-10-01,2025,10,Atlantico,10,Aseo del hogar,0,113.5936,13.6000,5.5135,16.2400,50810.8833,1.6000,5.1798,16.6700,46624.5969,0,38311.0000,30787.0000
2025-10-01,2025,10,Atlantico,11,Informatica y telecomunicaciones,0,225.1809,13.6000,5.5135,16.2400,50810.8833,1.6000,5.1798,16.6700,46624.5969,0,38311.0000,30787.0000
2025-10-01,2025,10,Atlantico,12,Sonido y video,0,135.7569,13.6000,5.5135,16.2400,50810.8833,1.6000,5.1798,16.6700,46624.5969,0,38311.0000,30787.0000
2025-10-01,2025,10,Atlantico,14,"Ferreteria, vidrios y pinturas",0,103.9367,13.6000,5.5135,16.2400,50810.8833,1.6000,5.1798,16.6700,46624.5969,0,38311.0000,30787.0000
2025-10-01,2025,10,Atlantico,15,Otras mercancias de uso domestico,0,109.3451,13.6000,5.5135,16.2400,50810.8833,1.6000,5.1798,16.6700,46624.5969,0,38311.0000,30787.0000
2025-10-01,2025,10,Bogota,4,Prendas de vestir y textiles,0,114.3509,13.6000,5.5135,16.2400,50810.8833,1.6000,5.1798,16.6700,46624.5969,0,302784.0000,278672.0000
2025-10-01,2025,10,Bogota,8,Electrodomesticos y muebles,1,159.1778,13.6000,5.5135,16.2400,50810.8833,1.6000,5.1798,16.6700,46624.5969,0,302784.0000,278672.0000
2025-10-01,2025,10,Bogota,9,Articulos y utensilios domesticos,0,191.2455,13.6000,5.5135,16.2400,50810.8833,1.6000,5.1798,16.6700,46624.5969,0,302784.0000,278672.0000
2025-10-01,2025,10,Bogota,10,Aseo del hogar,0,156.4395,13.6000,5.5135,16.2400,50810.8833,1.6000,5.1798,16.6700,46624.5969,0,302784.0000,278672.0000
2025-10-01,2025,10,Bogota,11,Informatica y telecomunicaciones,0,307.2261,13.6000,5.5135,16.2400,50810.8833,1.6000,5.1798,16.6700,46624.5969,0,302784.0000,278672.0000
2025-10-01,2025,10,Bogota,12,Sonido y video,0,193.5493,13.6000,5.5135,16.2400,50810.8833,1.6000,5.1798,16.6700,46624.5969,0,302784.0000,278672.0000
2025-10-01,2025,10,Bogota,14,"Ferreteria, vidrios y pinturas",0,141.8020,13.6000,5.5135,16.2400,50810.8833,1.6000,5.1798,16.6700,46624.5969,0,302784.0000,278672.0000
2025-10-01,2025,10,Bogota,15,Otras mercancias de uso domestico,0,153.1255,13.6000,5.5135,16.2400,50810.8833,1.6000,5.1798,16.6700,46624.5969,0,302784.0000,278672.0000
2025-10-01,2025,10,Cundinamarca,4,Prendas de vestir y textiles,0,114.8913,13.6000,5.5135,16.2400,50810.8833,1.6000,5.1798,16.6700,46624.5969,0,126243.0000,88867.0000
2025-10-01,2025,10,Cundinamarca,8,Electrodomesticos y muebles,1,161.2855,13.6000,5.5135,16.2400,50810.8833,1.6000,5.1798,16.6700,46624.5969,0,126243.0000,88867.0000
2025-10-01,2025,10,Cundinamarca,9,Articulos y utensilios domesticos,0,183.1180,13.6000,5.5135,16.2400,50810.8833,1.6000,5.1798,16.6700,46624.5969,0,126243.0000,88867.0000
2025-10-01,2025,10,Cundinamarca,10,Aseo del hogar,0,150.0939,13.6000,5.5135,16.2400,50810.8833,1.6000,5.1798,16.6700,46624.5969,0,126243.0000,88867.0000
2025-10-01,2025,10,Cundinamarca,11,Informatica y telecomunicaciones,0,301.3264,13.6000,5.5135,16.2400,50810.8833,1.6000,5.1798,16.6700,46624.5969,0,126243.0000,88867.0000
2025-10-01,2025,10,Cundinamarca,12,Sonido y video,0,189.7384,13.6000,5.5135,16.2400,50810.8833,1.6000,5.1798,16.6700,46624.5969,0,126243.0000,88867.0000
2025-10-01,2025,10,Cundinamarca,14,"Ferreteria, vidrios y pinturas",0,131.8405,13.6000,5.5135,16.2400,50810.8833,1.6000,5.1798,16.6700,46624.5969,0,126243.0000,88867.0000
2025-10-01,2025,10,Cundinamarca,15,Otras mercancias de uso domestico,0,154.2597,13.6000,5.5135,16.2400,50810.8833,1.6000,5.1798,16.6700,46624.5969,0,126243.0000,88867.0000
2025-10-01,2025,10,Santander,4,Prendas de vestir y textiles,0,101.0518,13.6000,5.5135,16.2400,50810.8833,1.6000,5.1798,16.6700,46624.5969,0,78825.0000,64941.0000
2025-10-01,2025,10,Santander,8,Electrodomesticos y muebles,1,141.1970,13.6000,5.5135,16.2400,50810.8833,1.6000,5.1798,16.6700,46624.5969,0,78825.0000,64941.0000
2025-10-01,2025,10,Santander,9,Articulos y utensilios domesticos,0,157.5472,13.6000,5.5135,16.2400,50810.8833,1.6000,5.1798,16.6700,46624.5969,0,78825.0000,64941.0000
2025-10-01,2025,10,Santander,10,Aseo del hogar,0,137.6470,13.6000,5.5135,16.2400,50810.8833,1.6000,5.1798,16.6700,46624.5969,0,78825.0000,64941.0000
2025-10-01,2025,10,Santander,11,Informatica y telecomunicaciones,0,270.7549,13.6000,5.5135,16.2400,50810.8833,1.6000,5.1798,16.6700,46624.5969,0,78825.0000,64941.0000
2025-10-01,2025,10,Santander,12,Sonido y video,0,165.4792,13.6000,5.5135,16.2400,50810.8833,1.6000,5.1798,16.6700,46624.5969,0,78825.0000,64941.0000
2025-10-01,2025,10,Santander,14,"Ferreteria, vidrios y pinturas",0,123.5235,13.6000,5.5135,16.2400,50810.8833,1.6000,5.1798,16.6700,46624.5969,0,78825.0000,64941.0000
2025-10-01,2025,10,Santander,15,Otras mercancias de uso domestico,0,131.6037,13.6000,5.5135,16.2400,50810.8833,1.6000,5.1798,16.6700,46624.5969,0,78825.0000,64941.0000
2025-10-01,2025,10,Valle del Cauca,4,Prendas de vestir y textiles,0,84.3036,13.6000,5.5135,16.2400,50810.8833,1.6000,5.1798,16.6700,46624.5969,0,78190.0000,137788.0000
2025-10-01,2025,10,Valle del Cauca,8,Electrodomesticos y muebles,1,116.9987,13.6000,5.5135,16.2400,50810.8833,1.6000,5.1798,16.6700,46624.5969,0,78190.0000,137788.0000
2025-10-01,2025,10,Valle del Cauca,9,Articulos y utensilios domesticos,0,136.8294,13.6000,5.5135,16.2400,50810.8833,1.6000,5.1798,16.6700,46624.5969,0,78190.0000,137788.0000
2025-10-01,2025,10,Valle del Cauca,10,Aseo del hogar,0,115.7344,13.6000,5.5135,16.2400,50810.8833,1.6000,5.1798,16.6700,46624.5969,0,78190.0000,137788.0000
2025-10-01,2025,10,Valle del Cauca,11,Informatica y telecomunicaciones,0,235.5157,13.6000,5.5135,16.2400,50810.8833,1.6000,5.1798,16.6700,46624.5969,0,78190.0000,137788.0000
2025-10-01,2025,10,Valle del Cauca,12,Sonido y video,0,140.6871,13.6000,5.5135,16.2400,50810.8833,1.6000,5.1798,16.6700,46624.5969,0,78190.0000,137788.0000
2025-10-01,2025,10,Valle del Cauca,14,"Ferreteria, vidrios y pinturas",0,104.8937,13.6000,5.5135,16.2400,50810.8833,1.6000,5.1798,16.6700,46624.5969,0,78190.0000,137788.0000
2025-10-01,2025,10,Valle del Cauca,15,Otras mercancias de uso domestico,0,117.5654,13.6000,5.5135,16.2400,50810.8833,1.6000,5.1798,16.6700,46624.5969,0,78190.0000,137788.0000
2025-10-01,2025,10,Otros departamentos,4,Prendas de vestir y textiles,0,102.3316,13.6000,5.5135,16.2400,50810.8833,1.6000,5.1798,16.6700,46624.5969,0,396128.0000,440963.0000
2025-10-01,2025,10,Otros departamentos,8,Electrodomesticos y muebles,1,149.0712,13.6000,5.5135,16.2400,50810.8833,1.6000,5.1798,16.6700,46624.5969,0,396128.0000,440963.0000
2025-10-01,2025,10,Otros departamentos,9,Articulos y utensilios domesticos,0,165.3009,13.6000,5.5135,16.2400,50810.8833,1.6000,5.1798,16.6700,46624.5969,0,396128.0000,440963.0000
2025-10-01,2025,10,Otros departamentos,10,Aseo del hogar,0,141.1123,13.6000,5.5135,16.2400,50810.8833,1.6000,5.1798,16.6700,46624.5969,0,396128.0000,440963.0000
2025-10-01,2025,10,Otros departamentos,11,Informatica y telecomunicaciones,0,271.1960,13.6000,5.5135,16.2400,50810.8833,1.6000,5.1798,16.6700,46624.5969,0,396128.0000,440963.0000
2025-10-01,2025,10,Otros departamentos,12,Sonido y video,0,163.6422,13.6000,5.5135,16.2400,50810.8833,1.6000,5.1798,16.6700,46624.5969,0,396128.0000,440963.0000
2025-10-01,2025,10,Otros departamentos,14,"Ferreteria, vidrios y pinturas",0,126.0478,13.6000,5.5135,16.2400,50810.8833,1.6000,5.1798,16.6700,46624.5969,0,396128.0000,440963.0000
2025-10-01,2025,10,Otros departamentos,15,Otras mercancias de uso domestico,0,140.7832,13.6000,5.5135,16.2400,50810.8833,1.6000,5.1798,16.6700,46624.5969,0,396128.0000,440963.0000
2025-11-01,2025,11,Antioquia,4,Prendas de vestir y textiles,0,132.3246,17.0000,5.3044,16.6600,40300.2285,13.6000,5.5135,16.2400,50810.8833,0,259734.0000,312051.0000
2025-11-01,2025,11,Antioquia,8,Electrodomesticos y muebles,1,187.2966,17.0000,5.3044,16.6600,40300.2285,13.6000,5.5135,16.2400,50810.8833,0,259734.0000,312051.0000
2025-11-01,2025,11,Antioquia,9,Articulos y utensilios domesticos,0,192.7890,17.0000,5.3044,16.6600,40300.2285,13.6000,5.5135,16.2400,50810.8833,0,259734.0000,312051.0000
2025-11-01,2025,11,Antioquia,10,Aseo del hogar,0,140.9932,17.0000,5.3044,16.6600,40300.2285,13.6000,5.5135,16.2400,50810.8833,0,259734.0000,312051.0000
2025-11-01,2025,11,Antioquia,11,Informatica y telecomunicaciones,0,363.0257,17.0000,5.3044,16.6600,40300.2285,13.6000,5.5135,16.2400,50810.8833,0,259734.0000,312051.0000
2025-11-01,2025,11,Antioquia,12,Sonido y video,0,261.3402,17.0000,5.3044,16.6600,40300.2285,13.6000,5.5135,16.2400,50810.8833,0,259734.0000,312051.0000
2025-11-01,2025,11,Antioquia,14,"Ferreteria, vidrios y pinturas",0,125.5829,17.0000,5.3044,16.6600,40300.2285,13.6000,5.5135,16.2400,50810.8833,0,259734.0000,312051.0000
2025-11-01,2025,11,Antioquia,15,Otras mercancias de uso domestico,0,160.6273,17.0000,5.3044,16.6600,40300.2285,13.6000,5.5135,16.2400,50810.8833,0,259734.0000,312051.0000
2025-11-01,2025,11,Atlantico,4,Prendas de vestir y textiles,0,113.9301,17.0000,5.3044,16.6600,40300.2285,13.6000,5.5135,16.2400,50810.8833,0,26326.0000,38311.0000
2025-11-01,2025,11,Atlantico,8,Electrodomesticos y muebles,1,156.6900,17.0000,5.3044,16.6600,40300.2285,13.6000,5.5135,16.2400,50810.8833,0,26326.0000,38311.0000
2025-11-01,2025,11,Atlantico,9,Articulos y utensilios domesticos,0,159.0007,17.0000,5.3044,16.6600,40300.2285,13.6000,5.5135,16.2400,50810.8833,0,26326.0000,38311.0000
2025-11-01,2025,11,Atlantico,10,Aseo del hogar,0,118.1196,17.0000,5.3044,16.6600,40300.2285,13.6000,5.5135,16.2400,50810.8833,0,26326.0000,38311.0000
2025-11-01,2025,11,Atlantico,11,Informatica y telecomunicaciones,0,302.7594,17.0000,5.3044,16.6600,40300.2285,13.6000,5.5135,16.2400,50810.8833,0,26326.0000,38311.0000
2025-11-01,2025,11,Atlantico,12,Sonido y video,0,217.1034,17.0000,5.3044,16.6600,40300.2285,13.6000,5.5135,16.2400,50810.8833,0,26326.0000,38311.0000
2025-11-01,2025,11,Atlantico,14,"Ferreteria, vidrios y pinturas",0,103.2453,17.0000,5.3044,16.6600,40300.2285,13.6000,5.5135,16.2400,50810.8833,0,26326.0000,38311.0000
2025-11-01,2025,11,Atlantico,15,Otras mercancias de uso domestico,0,133.7538,17.0000,5.3044,16.6600,40300.2285,13.6000,5.5135,16.2400,50810.8833,0,26326.0000,38311.0000
2025-11-01,2025,11,Bogota,4,Prendas de vestir y textiles,0,156.4063,17.0000,5.3044,16.6600,40300.2285,13.6000,5.5135,16.2400,50810.8833,0,110616.0000,302784.0000
2025-11-01,2025,11,Bogota,8,Electrodomesticos y muebles,1,218.8029,17.0000,5.3044,16.6600,40300.2285,13.6000,5.5135,16.2400,50810.8833,0,110616.0000,302784.0000
2025-11-01,2025,11,Bogota,9,Articulos y utensilios domesticos,0,235.9161,17.0000,5.3044,16.6600,40300.2285,13.6000,5.5135,16.2400,50810.8833,0,110616.0000,302784.0000
2025-11-01,2025,11,Bogota,10,Aseo del hogar,0,173.1536,17.0000,5.3044,16.6600,40300.2285,13.6000,5.5135,16.2400,50810.8833,0,110616.0000,302784.0000
2025-11-01,2025,11,Bogota,11,Informatica y telecomunicaciones,0,429.2128,17.0000,5.3044,16.6600,40300.2285,13.6000,5.5135,16.2400,50810.8833,0,110616.0000,302784.0000
2025-11-01,2025,11,Bogota,12,Sonido y video,0,313.2500,17.0000,5.3044,16.6600,40300.2285,13.6000,5.5135,16.2400,50810.8833,0,110616.0000,302784.0000
2025-11-01,2025,11,Bogota,14,"Ferreteria, vidrios y pinturas",0,148.2839,17.0000,5.3044,16.6600,40300.2285,13.6000,5.5135,16.2400,50810.8833,0,110616.0000,302784.0000
2025-11-01,2025,11,Bogota,15,Otras mercancias de uso domestico,0,194.6802,17.0000,5.3044,16.6600,40300.2285,13.6000,5.5135,16.2400,50810.8833,0,110616.0000,302784.0000
2025-11-01,2025,11,Cundinamarca,4,Prendas de vestir y textiles,0,143.8000,17.0000,5.3044,16.6600,40300.2285,13.6000,5.5135,16.2400,50810.8833,0,123321.0000,126243.0000
2025-11-01,2025,11,Cundinamarca,8,Electrodomesticos y muebles,1,205.7839,17.0000,5.3044,16.6600,40300.2285,13.6000,5.5135,16.2400,50810.8833,0,123321.0000,126243.0000
2025-11-01,2025,11,Cundinamarca,9,Articulos y utensilios domesticos,0,225.7553,17.0000,5.3044,16.6600,40300.2285,13.6000,5.5135,16.2400,50810.8833,0,123321.0000,126243.0000
2025-11-01,2025,11,Cundinamarca,10,Aseo del hogar,0,155.5278,17.0000,5.3044,16.6600,40300.2285,13.6000,5.5135,16.2400,50810.8833,0,123321.0000,126243.0000
2025-11-01,2025,11,Cundinamarca,11,Informatica y telecomunicaciones,0,395.1552,17.0000,5.3044,16.6600,40300.2285,13.6000,5.5135,16.2400,50810.8833,0,123321.0000,126243.0000
2025-11-01,2025,11,Cundinamarca,12,Sonido y video,0,294.4026,17.0000,5.3044,16.6600,40300.2285,13.6000,5.5135,16.2400,50810.8833,0,123321.0000,126243.0000
2025-11-01,2025,11,Cundinamarca,14,"Ferreteria, vidrios y pinturas",0,134.9913,17.0000,5.3044,16.6600,40300.2285,13.6000,5.5135,16.2400,50810.8833,0,123321.0000,126243.0000
2025-11-01,2025,11,Cundinamarca,15,Otras mercancias de uso domestico,0,181.7576,17.0000,5.3044,16.6600,40300.2285,13.6000,5.5135,16.2400,50810.8833,0,123321.0000,126243.0000
2025-11-01,2025,11,Santander,4,Prendas de vestir y textiles,0,131.8611,17.0000,5.3044,16.6600,40300.2285,13.6000,5.5135,16.2400,50810.8833,0,36025.0000,78825.0000
2025-11-01,2025,11,Santander,8,Electrodomesticos y muebles,1,178.6060,17.0000,5.3044,16.6600,40300.2285,13.6000,5.5135,16.2400,50810.8833,0,36025.0000,78825.0000
2025-11-01,2025,11,Santander,9,Articulos y utensilios domesticos,0,179.9679,17.0000,5.3044,16.6600,40300.2285,13.6000,5.5135,16.2400,50810.8833,0,36025.0000,78825.0000
2025-11-01,2025,11,Santander,10,Aseo del hogar,0,136.1736,17.0000,5.3044,16.6600,40300.2285,13.6000,5.5135,16.2400,50810.8833,0,36025.0000,78825.0000
2025-11-01,2025,11,Santander,11,Informatica y telecomunicaciones,0,342.9284,17.0000,5.3044,16.6600,40300.2285,13.6000,5.5135,16.2400,50810.8833,0,36025.0000,78825.0000
2025-11-01,2025,11,Santander,12,Sonido y video,0,245.4056,17.0000,5.3044,16.6600,40300.2285,13.6000,5.5135,16.2400,50810.8833,0,36025.0000,78825.0000
2025-11-01,2025,11,Santander,14,"Ferreteria, vidrios y pinturas",0,115.9065,17.0000,5.3044,16.6600,40300.2285,13.6000,5.5135,16.2400,50810.8833,0,36025.0000,78825.0000
2025-11-01,2025,11,Santander,15,Otras mercancias de uso domestico,0,146.1591,17.0000,5.3044,16.6600,40300.2285,13.6000,5.5135,16.2400,50810.8833,0,36025.0000,78825.0000
2025-11-01,2025,11,Valle del Cauca,4,Prendas de vestir y textiles,0,109.9408,17.0000,5.3044,16.6600,40300.2285,13.6000,5.5135,16.2400,50810.8833,0,49201.0000,78190.0000
2025-11-01,2025,11,Valle del Cauca,8,Electrodomesticos y muebles,1,151.1117,17.0000,5.3044,16.6600,40300.2285,13.6000,5.5135,16.2400,50810.8833,0,49201.0000,78190.0000
2025-11-01,2025,11,Valle del Cauca,9,Articulos y utensilios domesticos,0,162.8006,17.0000,5.3044,16.6600,40300.2285,13.6000,5.5135,16.2400,50810.8833,0,49201.0000,78190.0000
2025-11-01,2025,11,Valle del Cauca,10,Aseo del hogar,0,115.4461,17.0000,5.3044,16.6600,40300.2285,13.6000,5.5135,16.2400,50810.8833,0,49201.0000,78190.0000
2025-11-01,2025,11,Valle del Cauca,11,Informatica y telecomunicaciones,0,294.5436,17.0000,5.3044,16.6600,40300.2285,13.6000,5.5135,16.2400,50810.8833,0,49201.0000,78190.0000
2025-11-01,2025,11,Valle del Cauca,12,Sonido y video,0,216.1673,17.0000,5.3044,16.6600,40300.2285,13.6000,5.5135,16.2400,50810.8833,0,49201.0000,78190.0000
2025-11-01,2025,11,Valle del Cauca,14,"Ferreteria, vidrios y pinturas",0,104.1670,17.0000,5.3044,16.6600,40300.2285,13.6000,5.5135,16.2400,50810.8833,0,49201.0000,78190.0000
2025-11-01,2025,11,Valle del Cauca,15,Otras mercancias de uso domestico,0,134.7019,17.0000,5.3044,16.6600,40300.2285,13.6000,5.5135,16.2400,50810.8833,0,49201.0000,78190.0000
2025-11-01,2025,11,Otros departamentos,4,Prendas de vestir y textiles,0,134.3712,17.0000,5.3044,16.6600,40300.2285,13.6000,5.5135,16.2400,50810.8833,0,420934.0000,396128.0000
2025-11-01,2025,11,Otros departamentos,8,Electrodomesticos y muebles,1,184.5896,17.0000,5.3044,16.6600,40300.2285,13.6000,5.5135,16.2400,50810.8833,0,420934.0000,396128.0000
2025-11-01,2025,11,Otros departamentos,9,Articulos y utensilios domesticos,0,192.6279,17.0000,5.3044,16.6600,40300.2285,13.6000,5.5135,16.2400,50810.8833,0,420934.0000,396128.0000
2025-11-01,2025,11,Otros departamentos,10,Aseo del hogar,0,138.7088,17.0000,5.3044,16.6600,40300.2285,13.6000,5.5135,16.2400,50810.8833,0,420934.0000,396128.0000
2025-11-01,2025,11,Otros departamentos,11,Informatica y telecomunicaciones,0,352.6298,17.0000,5.3044,16.6600,40300.2285,13.6000,5.5135,16.2400,50810.8833,0,420934.0000,396128.0000
2025-11-01,2025,11,Otros departamentos,12,Sonido y video,0,248.5905,17.0000,5.3044,16.6600,40300.2285,13.6000,5.5135,16.2400,50810.8833,0,420934.0000,396128.0000
2025-11-01,2025,11,Otros departamentos,14,"Ferreteria, vidrios y pinturas",0,122.5556,17.0000,5.3044,16.6600,40300.2285,13.6000,5.5135,16.2400,50810.8833,0,420934.0000,396128.0000
2025-11-01,2025,11,Otros departamentos,15,Otras mercancias de uso domestico,0,156.7069,17.0000,5.3044,16.6600,40300.2285,13.6000,5.5135,16.2400,50810.8833,0,420934.0000,396128.0000
2025-12-01,2025,12,Antioquia,4,Prendas de vestir y textiles,0,272.1025,19.9000,5.1008,16.6800,54114.9753,17.0000,5.3044,16.6600,40300.2285,0,281467.0000,259734.0000
2025-12-01,2025,12,Antioquia,8,Electrodomesticos y muebles,1,172.8466,19.9000,5.1008,16.6800,54114.9753,17.0000,5.3044,16.6600,40300.2285,0,281467.0000,259734.0000
2025-12-01,2025,12,Antioquia,9,Articulos y utensilios domesticos,0,225.5357,19.9000,5.1008,16.6800,54114.9753,17.0000,5.3044,16.6600,40300.2285,0,281467.0000,259734.0000
2025-12-01,2025,12,Antioquia,10,Aseo del hogar,0,155.8386,19.9000,5.1008,16.6800,54114.9753,17.0000,5.3044,16.6600,40300.2285,0,281467.0000,259734.0000
2025-12-01,2025,12,Antioquia,11,Informatica y telecomunicaciones,0,431.3730,19.9000,5.1008,16.6800,54114.9753,17.0000,5.3044,16.6600,40300.2285,0,281467.0000,259734.0000
2025-12-01,2025,12,Antioquia,12,Sonido y video,0,251.5985,19.9000,5.1008,16.6800,54114.9753,17.0000,5.3044,16.6600,40300.2285,0,281467.0000,259734.0000
2025-12-01,2025,12,Antioquia,14,"Ferreteria, vidrios y pinturas",0,122.0386,19.9000,5.1008,16.6800,54114.9753,17.0000,5.3044,16.6600,40300.2285,0,281467.0000,259734.0000
2025-12-01,2025,12,Antioquia,15,Otras mercancias de uso domestico,0,209.6779,19.9000,5.1008,16.6800,54114.9753,17.0000,5.3044,16.6600,40300.2285,0,281467.0000,259734.0000
2025-12-01,2025,12,Atlantico,4,Prendas de vestir y textiles,0,226.9558,19.9000,5.1008,16.6800,54114.9753,17.0000,5.3044,16.6600,40300.2285,0,41992.0000,26326.0000
2025-12-01,2025,12,Atlantico,8,Electrodomesticos y muebles,1,144.7836,19.9000,5.1008,16.6800,54114.9753,17.0000,5.3044,16.6600,40300.2285,0,41992.0000,26326.0000
2025-12-01,2025,12,Atlantico,9,Articulos y utensilios domesticos,0,187.3589,19.9000,5.1008,16.6800,54114.9753,17.0000,5.3044,16.6600,40300.2285,0,41992.0000,26326.0000
2025-12-01,2025,12,Atlantico,10,Aseo del hogar,0,126.0407,19.9000,5.1008,16.6800,54114.9753,17.0000,5.3044,16.6600,40300.2285,0,41992.0000,26326.0000
2025-12-01,2025,12,Atlantico,11,Informatica y telecomunicaciones,0,347.3179,19.9000,5.1008,16.6800,54114.9753,17.0000,5.3044,16.6600,40300.2285,0,41992.0000,26326.0000
2025-12-01,2025,12,Atlantico,12,Sonido y video,0,209.1347,19.9000,5.1008,16.6800,54114.9753,17.0000,5.3044,16.6600,40300.2285,0,41992.0000,26326.0000
2025-12-01,2025,12,Atlantico,14,"Ferreteria, vidrios y pinturas",0,101.3468,19.9000,5.1008,16.6800,54114.9753,17.0000,5.3044,16.6600,40300.2285,0,41992.0000,26326.0000
2025-12-01,2025,12,Atlantico,15,Otras mercancias de uso domestico,0,172.5919,19.9000,5.1008,16.6800,54114.9753,17.0000,5.3044,16.6600,40300.2285,0,41992.0000,26326.0000
2025-12-01,2025,12,Bogota,4,Prendas de vestir y textiles,0,308.0622,19.9000,5.1008,16.6800,54114.9753,17.0000,5.3044,16.6600,40300.2285,0,69795.0000,110616.0000
2025-12-01,2025,12,Bogota,8,Electrodomesticos y muebles,1,190.5348,19.9000,5.1008,16.6800,54114.9753,17.0000,5.3044,16.6600,40300.2285,0,69795.0000,110616.0000
2025-12-01,2025,12,Bogota,9,Articulos y utensilios domesticos,0,260.2864,19.9000,5.1008,16.6800,54114.9753,17.0000,5.3044,16.6600,40300.2285,0,69795.0000,110616.0000
2025-12-01,2025,12,Bogota,10,Aseo del hogar,0,173.3213,19.9000,5.1008,16.6800,54114.9753,17.0000,5.3044,16.6600,40300.2285,0,69795.0000,110616.0000
2025-12-01,2025,12,Bogota,11,Informatica y telecomunicaciones,0,481.2898,19.9000,5.1008,16.6800,54114.9753,17.0000,5.3044,16.6600,40300.2285,0,69795.0000,110616.0000
2025-12-01,2025,12,Bogota,12,Sonido y video,0,275.1486,19.9000,5.1008,16.6800,54114.9753,17.0000,5.3044,16.6600,40300.2285,0,69795.0000,110616.0000
2025-12-01,2025,12,Bogota,14,"Ferreteria, vidrios y pinturas",0,127.3485,19.9000,5.1008,16.6800,54114.9753,17.0000,5.3044,16.6600,40300.2285,0,69795.0000,110616.0000
2025-12-01,2025,12,Bogota,15,Otras mercancias de uso domestico,0,230.7491,19.9000,5.1008,16.6800,54114.9753,17.0000,5.3044,16.6600,40300.2285,0,69795.0000,110616.0000
2025-12-01,2025,12,Cundinamarca,4,Prendas de vestir y textiles,0,330.9958,19.9000,5.1008,16.6800,54114.9753,17.0000,5.3044,16.6600,40300.2285,0,216379.0000,123321.0000
2025-12-01,2025,12,Cundinamarca,8,Electrodomesticos y muebles,1,211.6438,19.9000,5.1008,16.6800,54114.9753,17.0000,5.3044,16.6600,40300.2285,0,216379.0000,123321.0000
2025-12-01,2025,12,Cundinamarca,9,Articulos y utensilios domesticos,0,290.7692,19.9000,5.1008,16.6800,54114.9753,17.0000,5.3044,16.6600,40300.2285,0,216379.0000,123321.0000
2025-12-01,2025,12,Cundinamarca,10,Aseo del hogar,0,191.0947,19.9000,5.1008,16.6800,54114.9753,17.0000,5.3044,16.6600,40300.2285,0,216379.0000,123321.0000
2025-12-01,2025,12,Cundinamarca,11,Informatica y telecomunicaciones,0,521.6288,19.9000,5.1008,16.6800,54114.9753,17.0000,5.3044,16.6600,40300.2285,0,216379.0000,123321.0000
2025-12-01,2025,12,Cundinamarca,12,Sonido y video,0,317.0558,19.9000,5.1008,16.6800,54114.9753,17.0000,5.3044,16.6600,40300.2285,0,216379.0000,123321.0000
2025-12-01,2025,12,Cundinamarca,14,"Ferreteria, vidrios y pinturas",0,144.0470,19.9000,5.1008,16.6800,54114.9753,17.0000,5.3044,16.6600,40300.2285,0,216379.0000,123321.0000
2025-12-01,2025,12,Cundinamarca,15,Otras mercancias de uso domestico,0,255.5342,19.9000,5.1008,16.6800,54114.9753,17.0000,5.3044,16.6600,40300.2285,0,216379.0000,123321.0000
2025-12-01,2025,12,Santander,4,Prendas de vestir y textiles,0,267.3331,19.9000,5.1008,16.6800,54114.9753,17.0000,5.3044,16.6600,40300.2285,0,83751.0000,36025.0000
2025-12-01,2025,12,Santander,8,Electrodomesticos y muebles,1,162.4888,19.9000,5.1008,16.6800,54114.9753,17.0000,5.3044,16.6600,40300.2285,0,83751.0000,36025.0000
2025-12-01,2025,12,Santander,9,Articulos y utensilios domesticos,0,209.2746,19.9000,5.1008,16.6800,54114.9753,17.0000,5.3044,16.6600,40300.2285,0,83751.0000,36025.0000
2025-12-01,2025,12,Santander,10,Aseo del hogar,0,143.0875,19.9000,5.1008,16.6800,54114.9753,17.0000,5.3044,16.6600,40300.2285,0,83751.0000,36025.0000
2025-12-01,2025,12,Santander,11,Informatica y telecomunicaciones,0,394.2177,19.9000,5.1008,16.6800,54114.9753,17.0000,5.3044,16.6600,40300.2285,0,83751.0000,36025.0000
2025-12-01,2025,12,Santander,12,Sonido y video,0,232.1145,19.9000,5.1008,16.6800,54114.9753,17.0000,5.3044,16.6600,40300.2285,0,83751.0000,36025.0000
2025-12-01,2025,12,Santander,14,"Ferreteria, vidrios y pinturas",0,109.3645,19.9000,5.1008,16.6800,54114.9753,17.0000,5.3044,16.6600,40300.2285,0,83751.0000,36025.0000
2025-12-01,2025,12,Santander,15,Otras mercancias de uso domestico,0,186.3430,19.9000,5.1008,16.6800,54114.9753,17.0000,5.3044,16.6600,40300.2285,0,83751.0000,36025.0000
2025-12-01,2025,12,Valle del Cauca,4,Prendas de vestir y textiles,0,212.5049,19.9000,5.1008,16.6800,54114.9753,17.0000,5.3044,16.6600,40300.2285,0,84238.0000,49201.0000
2025-12-01,2025,12,Valle del Cauca,8,Electrodomesticos y muebles,1,132.6493,19.9000,5.1008,16.6800,54114.9753,17.0000,5.3044,16.6600,40300.2285,0,84238.0000,49201.0000
2025-12-01,2025,12,Valle del Cauca,9,Articulos y utensilios domesticos,0,184.8753,19.9000,5.1008,16.6800,54114.9753,17.0000,5.3044,16.6600,40300.2285,0,84238.0000,49201.0000
2025-12-01,2025,12,Valle del Cauca,10,Aseo del hogar,0,120.0023,19.9000,5.1008,16.6800,54114.9753,17.0000,5.3044,16.6600,40300.2285,0,84238.0000,49201.0000
2025-12-01,2025,12,Valle del Cauca,11,Informatica y telecomunicaciones,0,333.2114,19.9000,5.1008,16.6800,54114.9753,17.0000,5.3044,16.6600,40300.2285,0,84238.0000,49201.0000
2025-12-01,2025,12,Valle del Cauca,12,Sonido y video,0,196.1869,19.9000,5.1008,16.6800,54114.9753,17.0000,5.3044,16.6600,40300.2285,0,84238.0000,49201.0000
2025-12-01,2025,12,Valle del Cauca,14,"Ferreteria, vidrios y pinturas",0,95.3645,19.9000,5.1008,16.6800,54114.9753,17.0000,5.3044,16.6600,40300.2285,0,84238.0000,49201.0000
2025-12-01,2025,12,Valle del Cauca,15,Otras mercancias de uso domestico,0,166.8162,19.9000,5.1008,16.6800,54114.9753,17.0000,5.3044,16.6600,40300.2285,0,84238.0000,49201.0000
2025-12-01,2025,12,Otros departamentos,4,Prendas de vestir y textiles,0,289.0423,19.9000,5.1008,16.6800,54114.9753,17.0000,5.3044,16.6600,40300.2285,0,570006.0000,420934.0000
2025-12-01,2025,12,Otros departamentos,8,Electrodomesticos y muebles,1,179.1806,19.9000,5.1008,16.6800,54114.9753,17.0000,5.3044,16.6600,40300.2285,0,570006.0000,420934.0000
2025-12-01,2025,12,Otros departamentos,9,Articulos y utensilios domesticos,0,242.9375,19.9000,5.1008,16.6800,54114.9753,17.0000,5.3044,16.6600,40300.2285,0,570006.0000,420934.0000
2025-12-01,2025,12,Otros departamentos,10,Aseo del hogar,0,158.4952,19.9000,5.1008,16.6800,54114.9753,17.0000,5.3044,16.6600,40300.2285,0,570006.0000,420934.0000
2025-12-01,2025,12,Otros departamentos,11,Informatica y telecomunicaciones,0,444.8973,19.9000,5.1008,16.6800,54114.9753,17.0000,5.3044,16.6600,40300.2285,0,570006.0000,420934.0000
2025-12-01,2025,12,Otros departamentos,12,Sonido y video,0,254.5770,19.9000,5.1008,16.6800,54114.9753,17.0000,5.3044,16.6600,40300.2285,0,570006.0000,420934.0000
2025-12-01,2025,12,Otros departamentos,14,"Ferreteria, vidrios y pinturas",0,121.6094,19.9000,5.1008,16.6800,54114.9753,17.0000,5.3044,16.6600,40300.2285,0,570006.0000,420934.0000
2025-12-01,2025,12,Otros departamentos,15,Otras mercancias de uso domestico,0,216.7682,19.9000,5.1008,16.6800,54114.9753,17.0000,5.3044,16.6600,40300.2285,0,570006.0000,420934.0000
2026-01-01,2026,1,Antioquia,4,Prendas de vestir y textiles,0,97.1210,18.2000,5.3542,16.2400,41889.1414,19.9000,5.1008,16.6800,54114.9753,0,355985.0000,281467.0000
2026-01-01,2026,1,Antioquia,8,Electrodomesticos y muebles,1,175.9266,18.2000,5.3542,16.2400,41889.1414,19.9000,5.1008,16.6800,54114.9753,0,355985.0000,281467.0000
2026-01-01,2026,1,Antioquia,9,Articulos y utensilios domesticos,0,174.3287,18.2000,5.3542,16.2400,41889.1414,19.9000,5.1008,16.6800,54114.9753,0,355985.0000,281467.0000
2026-01-01,2026,1,Antioquia,10,Aseo del hogar,0,152.3981,18.2000,5.3542,16.2400,41889.1414,19.9000,5.1008,16.6800,54114.9753,0,355985.0000,281467.0000
2026-01-01,2026,1,Antioquia,11,Informatica y telecomunicaciones,0,316.2249,18.2000,5.3542,16.2400,41889.1414,19.9000,5.1008,16.6800,54114.9753,0,355985.0000,281467.0000
2026-01-01,2026,1,Antioquia,12,Sonido y video,0,175.6946,18.2000,5.3542,16.2400,41889.1414,19.9000,5.1008,16.6800,54114.9753,0,355985.0000,281467.0000
2026-01-01,2026,1,Antioquia,14,"Ferreteria, vidrios y pinturas",0,113.0635,18.2000,5.3542,16.2400,41889.1414,19.9000,5.1008,16.6800,54114.9753,0,355985.0000,281467.0000
2026-01-01,2026,1,Antioquia,15,Otras mercancias de uso domestico,0,129.3051,18.2000,5.3542,16.2400,41889.1414,19.9000,5.1008,16.6800,54114.9753,0,355985.0000,281467.0000
2026-01-01,2026,1,Atlantico,4,Prendas de vestir y textiles,0,79.4694,18.2000,5.3542,16.2400,41889.1414,19.9000,5.1008,16.6800,54114.9753,0,12965.0000,41992.0000
2026-01-01,2026,1,Atlantico,8,Electrodomesticos y muebles,1,140.1284,18.2000,5.3542,16.2400,41889.1414,19.9000,5.1008,16.6800,54114.9753,0,12965.0000,41992.0000
2026-01-01,2026,1,Atlantico,9,Articulos y utensilios domesticos,0,139.1708,18.2000,5.3542,16.2400,41889.1414,19.9000,5.1008,16.6800,54114.9753,0,12965.0000,41992.0000
2026-01-01,2026,1,Atlantico,10,Aseo del hogar,0,125.5934,18.2000,5.3542,16.2400,41889.1414,19.9000,5.1008,16.6800,54114.9753,0,12965.0000,41992.0000
2026-01-01,2026,1,Atlantico,11,Informatica y telecomunicaciones,0,258.6154,18.2000,5.3542,16.2400,41889.1414,19.9000,5.1008,16.6800,54114.9753,0,12965.0000,41992.0000
2026-01-01,2026,1,Atlantico,12,Sonido y video,0,140.5271,18.2000,5.3542,16.2400,41889.1414,19.9000,5.1008,16.6800,54114.9753,0,12965.0000,41992.0000
2026-01-01,2026,1,Atlantico,14,"Ferreteria, vidrios y pinturas",0,91.5032,18.2000,5.3542,16.2400,41889.1414,19.9000,5.1008,16.6800,54114.9753,0,12965.0000,41992.0000
2026-01-01,2026,1,Atlantico,15,Otras mercancias de uso domestico,0,105.5266,18.2000,5.3542,16.2400,41889.1414,19.9000,5.1008,16.6800,54114.9753,0,12965.0000,41992.0000
2026-01-01,2026,1,Bogota,4,Prendas de vestir y textiles,0,96.8919,18.2000,5.3542,16.2400,41889.1414,19.9000,5.1008,16.6800,54114.9753,0,171754.0000,69795.0000
2026-01-01,2026,1,Bogota,8,Electrodomesticos y muebles,1,178.3084,18.2000,5.3542,16.2400,41889.1414,19.9000,5.1008,16.6800,54114.9753,0,171754.0000,69795.0000
2026-01-01,2026,1,Bogota,9,Articulos y utensilios domesticos,0,184.5749,18.2000,5.3542,16.2400,41889.1414,19.9000,5.1008,16.6800,54114.9753,0,171754.0000,69795.0000
2026-01-01,2026,1,Bogota,10,Aseo del hogar,0,158.9934,18.2000,5.3542,16.2400,41889.1414,19.9000,5.1008,16.6800,54114.9753,0,171754.0000,69795.0000
2026-01-01,2026,1,Bogota,11,Informatica y telecomunicaciones,0,336.2019,18.2000,5.3542,16.2400,41889.1414,19.9000,5.1008,16.6800,54114.9753,0,171754.0000,69795.0000
2026-01-01,2026,1,Bogota,12,Sonido y video,0,183.1629,18.2000,5.3542,16.2400,41889.1414,19.9000,5.1008,16.6800,54114.9753,0,171754.0000,69795.0000
2026-01-01,2026,1,Bogota,14,"Ferreteria, vidrios y pinturas",0,112.1946,18.2000,5.3542,16.2400,41889.1414,19.9000,5.1008,16.6800,54114.9753,0,171754.0000,69795.0000
2026-01-01,2026,1,Bogota,15,Otras mercancias de uso domestico,0,133.0042,18.2000,5.3542,16.2400,41889.1414,19.9000,5.1008,16.6800,54114.9753,0,171754.0000,69795.0000
2026-01-01,2026,1,Cundinamarca,4,Prendas de vestir y textiles,0,115.5275,18.2000,5.3542,16.2400,41889.1414,19.9000,5.1008,16.6800,54114.9753,0,133841.0000,216379.0000
2026-01-01,2026,1,Cundinamarca,8,Electrodomesticos y muebles,1,208.4163,18.2000,5.3542,16.2400,41889.1414,19.9000,5.1008,16.6800,54114.9753,0,133841.0000,216379.0000
2026-01-01,2026,1,Cundinamarca,9,Articulos y utensilios domesticos,0,214.1172,18.2000,5.3542,16.2400,41889.1414,19.9000,5.1008,16.6800,54114.9753,0,133841.0000,216379.0000
2026-01-01,2026,1,Cundinamarca,10,Aseo del hogar,0,183.4930,18.2000,5.3542,16.2400,41889.1414,19.9000,5.1008,16.6800,54114.9753,0,133841.0000,216379.0000
2026-01-01,2026,1,Cundinamarca,11,Informatica y telecomunicaciones,0,396.0826,18.2000,5.3542,16.2400,41889.1414,19.9000,5.1008,16.6800,54114.9753,0,133841.0000,216379.0000
2026-01-01,2026,1,Cundinamarca,12,Sonido y video,0,205.4528,18.2000,5.3542,16.2400,41889.1414,19.9000,5.1008,16.6800,54114.9753,0,133841.0000,216379.0000
2026-01-01,2026,1,Cundinamarca,14,"Ferreteria, vidrios y pinturas",0,131.2097,18.2000,5.3542,16.2400,41889.1414,19.9000,5.1008,16.6800,54114.9753,0,133841.0000,216379.0000
2026-01-01,2026,1,Cundinamarca,15,Otras mercancias de uso domestico,0,156.3602,18.2000,5.3542,16.2400,41889.1414,19.9000,5.1008,16.6800,54114.9753,0,133841.0000,216379.0000
2026-01-01,2026,1,Santander,4,Prendas de vestir y textiles,0,91.2918,18.2000,5.3542,16.2400,41889.1414,19.9000,5.1008,16.6800,54114.9753,0,28842.0000,83751.0000
2026-01-01,2026,1,Santander,8,Electrodomesticos y muebles,1,165.8357,18.2000,5.3542,16.2400,41889.1414,19.9000,5.1008,16.6800,54114.9753,0,28842.0000,83751.0000
2026-01-01,2026,1,Santander,9,Articulos y utensilios domesticos,0,163.2229,18.2000,5.3542,16.2400,41889.1414,19.9000,5.1008,16.6800,54114.9753,0,28842.0000,83751.0000
2026-01-01,2026,1,Santander,10,Aseo del hogar,0,141.5860,18.2000,5.3542,16.2400,41889.1414,19.9000,5.1008,16.6800,54114.9753,0,28842.0000,83751.0000
2026-01-01,2026,1,Santander,11,Informatica y telecomunicaciones,0,294.0662,18.2000,5.3542,16.2400,41889.1414,19.9000,5.1008,16.6800,54114.9753,0,28842.0000,83751.0000
2026-01-01,2026,1,Santander,12,Sonido y video,0,161.1897,18.2000,5.3542,16.2400,41889.1414,19.9000,5.1008,16.6800,54114.9753,0,28842.0000,83751.0000
2026-01-01,2026,1,Santander,14,"Ferreteria, vidrios y pinturas",0,102.1534,18.2000,5.3542,16.2400,41889.1414,19.9000,5.1008,16.6800,54114.9753,0,28842.0000,83751.0000
2026-01-01,2026,1,Santander,15,Otras mercancias de uso domestico,0,118.1460,18.2000,5.3542,16.2400,41889.1414,19.9000,5.1008,16.6800,54114.9753,0,28842.0000,83751.0000
2026-01-01,2026,1,Valle del Cauca,4,Prendas de vestir y textiles,0,74.5106,18.2000,5.3542,16.2400,41889.1414,19.9000,5.1008,16.6800,54114.9753,0,94762.0000,84238.0000
2026-01-01,2026,1,Valle del Cauca,8,Electrodomesticos y muebles,1,134.8292,18.2000,5.3542,16.2400,41889.1414,19.9000,5.1008,16.6800,54114.9753,0,94762.0000,84238.0000
2026-01-01,2026,1,Valle del Cauca,9,Articulos y utensilios domesticos,0,140.4548,18.2000,5.3542,16.2400,41889.1414,19.9000,5.1008,16.6800,54114.9753,0,94762.0000,84238.0000
2026-01-01,2026,1,Valle del Cauca,10,Aseo del hogar,0,115.9929,18.2000,5.3542,16.2400,41889.1414,19.9000,5.1008,16.6800,54114.9753,0,94762.0000,84238.0000
2026-01-01,2026,1,Valle del Cauca,11,Informatica y telecomunicaciones,0,243.6076,18.2000,5.3542,16.2400,41889.1414,19.9000,5.1008,16.6800,54114.9753,0,94762.0000,84238.0000
2026-01-01,2026,1,Valle del Cauca,12,Sonido y video,0,131.7108,18.2000,5.3542,16.2400,41889.1414,19.9000,5.1008,16.6800,54114.9753,0,94762.0000,84238.0000
2026-01-01,2026,1,Valle del Cauca,14,"Ferreteria, vidrios y pinturas",0,88.6713,18.2000,5.3542,16.2400,41889.1414,19.9000,5.1008,16.6800,54114.9753,0,94762.0000,84238.0000
2026-01-01,2026,1,Valle del Cauca,15,Otras mercancias de uso domestico,0,103.1178,18.2000,5.3542,16.2400,41889.1414,19.9000,5.1008,16.6800,54114.9753,0,94762.0000,84238.0000
2026-01-01,2026,1,Otros departamentos,4,Prendas de vestir y textiles,0,98.1762,18.2000,5.3542,16.2400,41889.1414,19.9000,5.1008,16.6800,54114.9753,0,749948.0000,570006.0000
2026-01-01,2026,1,Otros departamentos,8,Electrodomesticos y muebles,1,170.3190,18.2000,5.3542,16.2400,41889.1414,19.9000,5.1008,16.6800,54114.9753,0,749948.0000,570006.0000
2026-01-01,2026,1,Otros departamentos,9,Articulos y utensilios domesticos,0,182.2596,18.2000,5.3542,16.2400,41889.1414,19.9000,5.1008,16.6800,54114.9753,0,749948.0000,570006.0000
2026-01-01,2026,1,Otros departamentos,10,Aseo del hogar,0,149.9893,18.2000,5.3542,16.2400,41889.1414,19.9000,5.1008,16.6800,54114.9753,0,749948.0000,570006.0000
2026-01-01,2026,1,Otros departamentos,11,Informatica y telecomunicaciones,0,320.1100,18.2000,5.3542,16.2400,41889.1414,19.9000,5.1008,16.6800,54114.9753,0,749948.0000,570006.0000
2026-01-01,2026,1,Otros departamentos,12,Sonido y video,0,173.9453,18.2000,5.3542,16.2400,41889.1414,19.9000,5.1008,16.6800,54114.9753,0,749948.0000,570006.0000
2026-01-01,2026,1,Otros departamentos,14,"Ferreteria, vidrios y pinturas",0,107.9114,18.2000,5.3542,16.2400,41889.1414,19.9000,5.1008,16.6800,54114.9753,0,749948.0000,570006.0000
2026-01-01,2026,1,Otros departamentos,15,Otras mercancias de uso domestico,0,129.0825,18.2000,5.3542,16.2400,41889.1414,19.9000,5.1008,16.6800,54114.9753,0,749948.0000,570006.0000
2026-02-01,2026,2,Antioquia,4,Prendas de vestir y textiles,0,80.3221,18.3000,5.2941,16.8200,40623.5187,18.2000,5.3542,16.2400,41889.1414,0,248219.0000,355985.0000
2026-02-01,2026,2,Antioquia,8,Electrodomesticos y muebles,1,169.2053,18.3000,5.2941,16.8200,40623.5187,18.2000,5.3542,16.2400,41889.1414,0,248219.0000,355985.0000
2026-02-01,2026,2,Antioquia,9,Articulos y utensilios domesticos,0,163.0808,18.3000,5.2941,16.8200,40623.5187,18.2000,5.3542,16.2400,41889.1414,0,248219.0000,355985.0000
2026-02-01,2026,2,Antioquia,10,Aseo del hogar,0,144.6113,18.3000,5.2941,16.8200,40623.5187,18.2000,5.3542,16.2400,41889.1414,0,248219.0000,355985.0000
2026-02-01,2026,2,Antioquia,11,Informatica y telecomunicaciones,0,326.0791,18.3000,5.2941,16.8200,40623.5187,18.2000,5.3542,16.2400,41889.1414,0,248219.0000,355985.0000
2026-02-01,2026,2,Antioquia,12,Sonido y video,0,182.5358,18.3000,5.2941,16.8200,40623.5187,18.2000,5.3542,16.2400,41889.1414,0,248219.0000,355985.0000
2026-02-01,2026,2,Antioquia,14,"Ferreteria, vidrios y pinturas",0,112.6569,18.3000,5.2941,16.8200,40623.5187,18.2000,5.3542,16.2400,41889.1414,0,248219.0000,355985.0000
2026-02-01,2026,2,Antioquia,15,Otras mercancias de uso domestico,0,121.2682,18.3000,5.2941,16.8200,40623.5187,18.2000,5.3542,16.2400,41889.1414,0,248219.0000,355985.0000
2026-02-01,2026,2,Atlantico,4,Prendas de vestir y textiles,0,62.3138,18.3000,5.2941,16.8200,40623.5187,18.2000,5.3542,16.2400,41889.1414,0,10974.0000,12965.0000
2026-02-01,2026,2,Atlantico,8,Electrodomesticos y muebles,1,130.0383,18.3000,5.2941,16.8200,40623.5187,18.2000,5.3542,16.2400,41889.1414,0,10974.0000,12965.0000
2026-02-01,2026,2,Atlantico,9,Articulos y utensilios domesticos,0,127.8439,18.3000,5.2941,16.8200,40623.5187,18.2000,5.3542,16.2400,41889.1414,0,10974.0000,12965.0000
2026-02-01,2026,2,Atlantico,10,Aseo del hogar,0,108.1158,18.3000,5.2941,16.8200,40623.5187,18.2000,5.3542,16.2400,41889.1414,0,10974.0000,12965.0000
2026-02-01,2026,2,Atlantico,11,Informatica y telecomunicaciones,0,253.4232,18.3000,5.2941,16.8200,40623.5187,18.2000,5.3542,16.2400,41889.1414,0,10974.0000,12965.0000
2026-02-01,2026,2,Atlantico,12,Sonido y video,0,144.1479,18.3000,5.2941,16.8200,40623.5187,18.2000,5.3542,16.2400,41889.1414,0,10974.0000,12965.0000
2026-02-01,2026,2,Atlantico,14,"Ferreteria, vidrios y pinturas",0,90.2661,18.3000,5.2941,16.8200,40623.5187,18.2000,5.3542,16.2400,41889.1414,0,10974.0000,12965.0000
2026-02-01,2026,2,Atlantico,15,Otras mercancias de uso domestico,0,95.9558,18.3000,5.2941,16.8200,40623.5187,18.2000,5.3542,16.2400,41889.1414,0,10974.0000,12965.0000
2026-02-01,2026,2,Bogota,4,Prendas de vestir y textiles,0,80.8673,18.3000,5.2941,16.8200,40623.5187,18.2000,5.3542,16.2400,41889.1414,0,273166.0000,171754.0000
2026-02-01,2026,2,Bogota,8,Electrodomesticos y muebles,1,163.5660,18.3000,5.2941,16.8200,40623.5187,18.2000,5.3542,16.2400,41889.1414,0,273166.0000,171754.0000
2026-02-01,2026,2,Bogota,9,Articulos y utensilios domesticos,0,171.9498,18.3000,5.2941,16.8200,40623.5187,18.2000,5.3542,16.2400,41889.1414,0,273166.0000,171754.0000
2026-02-01,2026,2,Bogota,10,Aseo del hogar,0,148.2533,18.3000,5.2941,16.8200,40623.5187,18.2000,5.3542,16.2400,41889.1414,0,273166.0000,171754.0000
2026-02-01,2026,2,Bogota,11,Informatica y telecomunicaciones,0,338.2145,18.3000,5.2941,16.8200,40623.5187,18.2000,5.3542,16.2400,41889.1414,0,273166.0000,171754.0000
2026-02-01,2026,2,Bogota,12,Sonido y video,0,194.4787,18.3000,5.2941,16.8200,40623.5187,18.2000,5.3542,16.2400,41889.1414,0,273166.0000,171754.0000
2026-02-01,2026,2,Bogota,14,"Ferreteria, vidrios y pinturas",0,115.1910,18.3000,5.2941,16.8200,40623.5187,18.2000,5.3542,16.2400,41889.1414,0,273166.0000,171754.0000
2026-02-01,2026,2,Bogota,15,Otras mercancias de uso domestico,0,124.9149,18.3000,5.2941,16.8200,40623.5187,18.2000,5.3542,16.2400,41889.1414,0,273166.0000,171754.0000
2026-02-01,2026,2,Cundinamarca,4,Prendas de vestir y textiles,0,97.1397,18.3000,5.2941,16.8200,40623.5187,18.2000,5.3542,16.2400,41889.1414,0,181274.0000,133841.0000
2026-02-01,2026,2,Cundinamarca,8,Electrodomesticos y muebles,1,190.5515,18.3000,5.2941,16.8200,40623.5187,18.2000,5.3542,16.2400,41889.1414,0,181274.0000,133841.0000
2026-02-01,2026,2,Cundinamarca,9,Articulos y utensilios domesticos,0,196.2573,18.3000,5.2941,16.8200,40623.5187,18.2000,5.3542,16.2400,41889.1414,0,181274.0000,133841.0000
2026-02-01,2026,2,Cundinamarca,10,Aseo del hogar,0,172.0355,18.3000,5.2941,16.8200,40623.5187,18.2000,5.3542,16.2400,41889.1414,0,181274.0000,133841.0000
2026-02-01,2026,2,Cundinamarca,11,Informatica y telecomunicaciones,0,412.5694,18.3000,5.2941,16.8200,40623.5187,18.2000,5.3542,16.2400,41889.1414,0,181274.0000,133841.0000
2026-02-01,2026,2,Cundinamarca,12,Sonido y video,0,219.6340,18.3000,5.2941,16.8200,40623.5187,18.2000,5.3542,16.2400,41889.1414,0,181274.0000,133841.0000
2026-02-01,2026,2,Cundinamarca,14,"Ferreteria, vidrios y pinturas",0,132.9039,18.3000,5.2941,16.8200,40623.5187,18.2000,5.3542,16.2400,41889.1414,0,181274.0000,133841.0000
2026-02-01,2026,2,Cundinamarca,15,Otras mercancias de uso domestico,0,138.7991,18.3000,5.2941,16.8200,40623.5187,18.2000,5.3542,16.2400,41889.1414,0,181274.0000,133841.0000
2026-02-01,2026,2,Santander,4,Prendas de vestir y textiles,0,79.6376,18.3000,5.2941,16.8200,40623.5187,18.2000,5.3542,16.2400,41889.1414,0,71068.0000,28842.0000
2026-02-01,2026,2,Santander,8,Electrodomesticos y muebles,1,158.8770,18.3000,5.2941,16.8200,40623.5187,18.2000,5.3542,16.2400,41889.1414,0,71068.0000,28842.0000
2026-02-01,2026,2,Santander,9,Articulos y utensilios domesticos,0,162.0509,18.3000,5.2941,16.8200,40623.5187,18.2000,5.3542,16.2400,41889.1414,0,71068.0000,28842.0000
2026-02-01,2026,2,Santander,10,Aseo del hogar,0,135.6151,18.3000,5.2941,16.8200,40623.5187,18.2000,5.3542,16.2400,41889.1414,0,71068.0000,28842.0000
2026-02-01,2026,2,Santander,11,Informatica y telecomunicaciones,0,314.0592,18.3000,5.2941,16.8200,40623.5187,18.2000,5.3542,16.2400,41889.1414,0,71068.0000,28842.0000
2026-02-01,2026,2,Santander,12,Sonido y video,0,178.1482,18.3000,5.2941,16.8200,40623.5187,18.2000,5.3542,16.2400,41889.1414,0,71068.0000,28842.0000
2026-02-01,2026,2,Santander,14,"Ferreteria, vidrios y pinturas",0,109.0545,18.3000,5.2941,16.8200,40623.5187,18.2000,5.3542,16.2400,41889.1414,0,71068.0000,28842.0000
2026-02-01,2026,2,Santander,15,Otras mercancias de uso domestico,0,114.4110,18.3000,5.2941,16.8200,40623.5187,18.2000,5.3542,16.2400,41889.1414,0,71068.0000,28842.0000
2026-02-01,2026,2,Valle del Cauca,4,Prendas de vestir y textiles,0,62.8362,18.3000,5.2941,16.8200,40623.5187,18.2000,5.3542,16.2400,41889.1414,0,111664.0000,94762.0000
2026-02-01,2026,2,Valle del Cauca,8,Electrodomesticos y muebles,1,127.7915,18.3000,5.2941,16.8200,40623.5187,18.2000,5.3542,16.2400,41889.1414,0,111664.0000,94762.0000
2026-02-01,2026,2,Valle del Cauca,9,Articulos y utensilios domesticos,0,131.0427,18.3000,5.2941,16.8200,40623.5187,18.2000,5.3542,16.2400,41889.1414,0,111664.0000,94762.0000
2026-02-01,2026,2,Valle del Cauca,10,Aseo del hogar,0,111.7328,18.3000,5.2941,16.8200,40623.5187,18.2000,5.3542,16.2400,41889.1414,0,111664.0000,94762.0000
2026-02-01,2026,2,Valle del Cauca,11,Informatica y telecomunicaciones,0,249.6051,18.3000,5.2941,16.8200,40623.5187,18.2000,5.3542,16.2400,41889.1414,0,111664.0000,94762.0000
2026-02-01,2026,2,Valle del Cauca,12,Sonido y video,0,137.3977,18.3000,5.2941,16.8200,40623.5187,18.2000,5.3542,16.2400,41889.1414,0,111664.0000,94762.0000
2026-02-01,2026,2,Valle del Cauca,14,"Ferreteria, vidrios y pinturas",0,93.8742,18.3000,5.2941,16.8200,40623.5187,18.2000,5.3542,16.2400,41889.1414,0,111664.0000,94762.0000
2026-02-01,2026,2,Valle del Cauca,15,Otras mercancias de uso domestico,0,94.7793,18.3000,5.2941,16.8200,40623.5187,18.2000,5.3542,16.2400,41889.1414,0,111664.0000,94762.0000
2026-02-01,2026,2,Otros departamentos,4,Prendas de vestir y textiles,0,80.4838,18.3000,5.2941,16.8200,40623.5187,18.2000,5.3542,16.2400,41889.1414,0,631410.0000,749948.0000
2026-02-01,2026,2,Otros departamentos,8,Electrodomesticos y muebles,1,159.5559,18.3000,5.2941,16.8200,40623.5187,18.2000,5.3542,16.2400,41889.1414,0,631410.0000,749948.0000
2026-02-01,2026,2,Otros departamentos,9,Articulos y utensilios domesticos,0,168.1215,18.3000,5.2941,16.8200,40623.5187,18.2000,5.3542,16.2400,41889.1414,0,631410.0000,749948.0000
2026-02-01,2026,2,Otros departamentos,10,Aseo del hogar,0,139.7831,18.3000,5.2941,16.8200,40623.5187,18.2000,5.3542,16.2400,41889.1414,0,631410.0000,749948.0000
2026-02-01,2026,2,Otros departamentos,11,Informatica y telecomunicaciones,0,324.5331,18.3000,5.2941,16.8200,40623.5187,18.2000,5.3542,16.2400,41889.1414,0,631410.0000,749948.0000
2026-02-01,2026,2,Otros departamentos,12,Sonido y video,0,181.6186,18.3000,5.2941,16.8200,40623.5187,18.2000,5.3542,16.2400,41889.1414,0,631410.0000,749948.0000
2026-02-01,2026,2,Otros departamentos,14,"Ferreteria, vidrios y pinturas",0,112.4465,18.3000,5.2941,16.8200,40623.5187,18.2000,5.3542,16.2400,41889.1414,0,631410.0000,749948.0000
2026-02-01,2026,2,Otros departamentos,15,Otras mercancias de uso domestico,0,115.5595,18.3000,5.2941,16.8200,40623.5187,18.2000,5.3542,16.2400,41889.1414,0,631410.0000,749948.0000
2026-03-01,2026,3,Antioquia,4,Prendas de vestir y textiles,0,96.6092,19.3000,5.5556,17.0100,42359.6093,18.3000,5.2941,16.8200,40623.5187,0,239784.0000,248219.0000
2026-03-01,2026,3,Antioquia,8,Electrodomesticos y muebles,1,179.9455,19.3000,5.5556,17.0100,42359.6093,18.3000,5.2941,16.8200,40623.5187,0,239784.0000,248219.0000
2026-03-01,2026,3,Antioquia,9,Articulos y utensilios domesticos,0,178.1794,19.3000,5.5556,17.0100,42359.6093,18.3000,5.2941,16.8200,40623.5187,0,239784.0000,248219.0000
2026-03-01,2026,3,Antioquia,10,Aseo del hogar,0,151.3471,19.3000,5.5556,17.0100,42359.6093,18.3000,5.2941,16.8200,40623.5187,0,239784.0000,248219.0000
2026-03-01,2026,3,Antioquia,11,Informatica y telecomunicaciones,0,310.6867,19.3000,5.5556,17.0100,42359.6093,18.3000,5.2941,16.8200,40623.5187,0,239784.0000,248219.0000
2026-03-01,2026,3,Antioquia,12,Sonido y video,0,194.8929,19.3000,5.5556,17.0100,42359.6093,18.3000,5.2941,16.8200,40623.5187,0,239784.0000,248219.0000
2026-03-01,2026,3,Antioquia,14,"Ferreteria, vidrios y pinturas",0,128.0254,19.3000,5.5556,17.0100,42359.6093,18.3000,5.2941,16.8200,40623.5187,0,239784.0000,248219.0000
2026-03-01,2026,3,Antioquia,15,Otras mercancias de uso domestico,0,130.5329,19.3000,5.5556,17.0100,42359.6093,18.3000,5.2941,16.8200,40623.5187,0,239784.0000,248219.0000
2026-03-01,2026,3,Atlantico,4,Prendas de vestir y textiles,0,78.6308,19.3000,5.5556,17.0100,42359.6093,18.3000,5.2941,16.8200,40623.5187,0,40323.0000,10974.0000
2026-03-01,2026,3,Atlantico,8,Electrodomesticos y muebles,1,147.0842,19.3000,5.5556,17.0100,42359.6093,18.3000,5.2941,16.8200,40623.5187,0,40323.0000,10974.0000
2026-03-01,2026,3,Atlantico,9,Articulos y utensilios domesticos,0,146.1406,19.3000,5.5556,17.0100,42359.6093,18.3000,5.2941,16.8200,40623.5187,0,40323.0000,10974.0000
2026-03-01,2026,3,Atlantico,10,Aseo del hogar,0,124.9058,19.3000,5.5556,17.0100,42359.6093,18.3000,5.2941,16.8200,40623.5187,0,40323.0000,10974.0000
2026-03-01,2026,3,Atlantico,11,Informatica y telecomunicaciones,0,265.0680,19.3000,5.5556,17.0100,42359.6093,18.3000,5.2941,16.8200,40623.5187,0,40323.0000,10974.0000
2026-03-01,2026,3,Atlantico,12,Sonido y video,0,160.0805,19.3000,5.5556,17.0100,42359.6093,18.3000,5.2941,16.8200,40623.5187,0,40323.0000,10974.0000
2026-03-01,2026,3,Atlantico,14,"Ferreteria, vidrios y pinturas",0,103.4495,19.3000,5.5556,17.0100,42359.6093,18.3000,5.2941,16.8200,40623.5187,0,40323.0000,10974.0000
2026-03-01,2026,3,Atlantico,15,Otras mercancias de uso domestico,0,107.0978,19.3000,5.5556,17.0100,42359.6093,18.3000,5.2941,16.8200,40623.5187,0,40323.0000,10974.0000
2026-03-01,2026,3,Bogota,4,Prendas de vestir y textiles,0,101.9832,19.3000,5.5556,17.0100,42359.6093,18.3000,5.2941,16.8200,40623.5187,0,438218.0000,273166.0000
2026-03-01,2026,3,Bogota,8,Electrodomesticos y muebles,1,192.3384,19.3000,5.5556,17.0100,42359.6093,18.3000,5.2941,16.8200,40623.5187,0,438218.0000,273166.0000
2026-03-01,2026,3,Bogota,9,Articulos y utensilios domesticos,0,195.7839,19.3000,5.5556,17.0100,42359.6093,18.3000,5.2941,16.8200,40623.5187,0,438218.0000,273166.0000
2026-03-01,2026,3,Bogota,10,Aseo del hogar,0,171.1212,19.3000,5.5556,17.0100,42359.6093,18.3000,5.2941,16.8200,40623.5187,0,438218.0000,273166.0000
2026-03-01,2026,3,Bogota,11,Informatica y telecomunicaciones,0,341.5788,19.3000,5.5556,17.0100,42359.6093,18.3000,5.2941,16.8200,40623.5187,0,438218.0000,273166.0000
2026-03-01,2026,3,Bogota,12,Sonido y video,0,221.9636,19.3000,5.5556,17.0100,42359.6093,18.3000,5.2941,16.8200,40623.5187,0,438218.0000,273166.0000
2026-03-01,2026,3,Bogota,14,"Ferreteria, vidrios y pinturas",0,142.4278,19.3000,5.5556,17.0100,42359.6093,18.3000,5.2941,16.8200,40623.5187,0,438218.0000,273166.0000
2026-03-01,2026,3,Bogota,15,Otras mercancias de uso domestico,0,148.8295,19.3000,5.5556,17.0100,42359.6093,18.3000,5.2941,16.8200,40623.5187,0,438218.0000,273166.0000
2026-03-01,2026,3,Cundinamarca,4,Prendas de vestir y textiles,0,116.0195,19.3000,5.5556,17.0100,42359.6093,18.3000,5.2941,16.8200,40623.5187,0,160604.0000,181274.0000
2026-03-01,2026,3,Cundinamarca,8,Electrodomesticos y muebles,1,209.8448,19.3000,5.5556,17.0100,42359.6093,18.3000,5.2941,16.8200,40623.5187,0,160604.0000,181274.0000
2026-03-01,2026,3,Cundinamarca,9,Articulos y utensilios domesticos,0,211.9070,19.3000,5.5556,17.0100,42359.6093,18.3000,5.2941,16.8200,40623.5187,0,160604.0000,181274.0000
2026-03-01,2026,3,Cundinamarca,10,Aseo del hogar,0,185.6207,19.3000,5.5556,17.0100,42359.6093,18.3000,5.2941,16.8200,40623.5187,0,160604.0000,181274.0000
2026-03-01,2026,3,Cundinamarca,11,Informatica y telecomunicaciones,0,396.5903,19.3000,5.5556,17.0100,42359.6093,18.3000,5.2941,16.8200,40623.5187,0,160604.0000,181274.0000
2026-03-01,2026,3,Cundinamarca,12,Sonido y video,0,245.7275,19.3000,5.5556,17.0100,42359.6093,18.3000,5.2941,16.8200,40623.5187,0,160604.0000,181274.0000
2026-03-01,2026,3,Cundinamarca,14,"Ferreteria, vidrios y pinturas",0,154.2283,19.3000,5.5556,17.0100,42359.6093,18.3000,5.2941,16.8200,40623.5187,0,160604.0000,181274.0000
2026-03-01,2026,3,Cundinamarca,15,Otras mercancias de uso domestico,0,158.8909,19.3000,5.5556,17.0100,42359.6093,18.3000,5.2941,16.8200,40623.5187,0,160604.0000,181274.0000
2026-03-01,2026,3,Santander,4,Prendas de vestir y textiles,0,87.8924,19.3000,5.5556,17.0100,42359.6093,18.3000,5.2941,16.8200,40623.5187,0,38771.0000,71068.0000
2026-03-01,2026,3,Santander,8,Electrodomesticos y muebles,1,165.6841,19.3000,5.5556,17.0100,42359.6093,18.3000,5.2941,16.8200,40623.5187,0,38771.0000,71068.0000
2026-03-01,2026,3,Santander,9,Articulos y utensilios domesticos,0,166.8387,19.3000,5.5556,17.0100,42359.6093,18.3000,5.2941,16.8200,40623.5187,0,38771.0000,71068.0000
2026-03-01,2026,3,Santander,10,Aseo del hogar,0,141.5054,19.3000,5.5556,17.0100,42359.6093,18.3000,5.2941,16.8200,40623.5187,0,38771.0000,71068.0000
2026-03-01,2026,3,Santander,11,Informatica y telecomunicaciones,0,301.5238,19.3000,5.5556,17.0100,42359.6093,18.3000,5.2941,16.8200,40623.5187,0,38771.0000,71068.0000
2026-03-01,2026,3,Santander,12,Sonido y video,0,179.9872,19.3000,5.5556,17.0100,42359.6093,18.3000,5.2941,16.8200,40623.5187,0,38771.0000,71068.0000
2026-03-01,2026,3,Santander,14,"Ferreteria, vidrios y pinturas",0,116.5043,19.3000,5.5556,17.0100,42359.6093,18.3000,5.2941,16.8200,40623.5187,0,38771.0000,71068.0000
2026-03-01,2026,3,Santander,15,Otras mercancias de uso domestico,0,123.7088,19.3000,5.5556,17.0100,42359.6093,18.3000,5.2941,16.8200,40623.5187,0,38771.0000,71068.0000
2026-03-01,2026,3,Valle del Cauca,4,Prendas de vestir y textiles,0,73.0667,19.3000,5.5556,17.0100,42359.6093,18.3000,5.2941,16.8200,40623.5187,0,212328.0000,111664.0000
2026-03-01,2026,3,Valle del Cauca,8,Electrodomesticos y muebles,1,139.4684,19.3000,5.5556,17.0100,42359.6093,18.3000,5.2941,16.8200,40623.5187,0,212328.0000,111664.0000
2026-03-01,2026,3,Valle del Cauca,9,Articulos y utensilios domesticos,0,141.9333,19.3000,5.5556,17.0100,42359.6093,18.3000,5.2941,16.8200,40623.5187,0,212328.0000,111664.0000
2026-03-01,2026,3,Valle del Cauca,10,Aseo del hogar,0,122.1005,19.3000,5.5556,17.0100,42359.6093,18.3000,5.2941,16.8200,40623.5187,0,212328.0000,111664.0000
2026-03-01,2026,3,Valle del Cauca,11,Informatica y telecomunicaciones,0,240.3232,19.3000,5.5556,17.0100,42359.6093,18.3000,5.2941,16.8200,40623.5187,0,212328.0000,111664.0000
2026-03-01,2026,3,Valle del Cauca,12,Sonido y video,0,155.0653,19.3000,5.5556,17.0100,42359.6093,18.3000,5.2941,16.8200,40623.5187,0,212328.0000,111664.0000
2026-03-01,2026,3,Valle del Cauca,14,"Ferreteria, vidrios y pinturas",0,104.7413,19.3000,5.5556,17.0100,42359.6093,18.3000,5.2941,16.8200,40623.5187,0,212328.0000,111664.0000
2026-03-01,2026,3,Valle del Cauca,15,Otras mercancias de uso domestico,0,105.9339,19.3000,5.5556,17.0100,42359.6093,18.3000,5.2941,16.8200,40623.5187,0,212328.0000,111664.0000
2026-03-01,2026,3,Otros departamentos,4,Prendas de vestir y textiles,0,94.4496,19.3000,5.5556,17.0100,42359.6093,18.3000,5.2941,16.8200,40623.5187,0,1364982.0000,631410.0000
2026-03-01,2026,3,Otros departamentos,8,Electrodomesticos y muebles,1,177.9263,19.3000,5.5556,17.0100,42359.6093,18.3000,5.2941,16.8200,40623.5187,0,1364982.0000,631410.0000
2026-03-01,2026,3,Otros departamentos,9,Articulos y utensilios domesticos,0,180.8340,19.3000,5.5556,17.0100,42359.6093,18.3000,5.2941,16.8200,40623.5187,0,1364982.0000,631410.0000
2026-03-01,2026,3,Otros departamentos,10,Aseo del hogar,0,153.8741,19.3000,5.5556,17.0100,42359.6093,18.3000,5.2941,16.8200,40623.5187,0,1364982.0000,631410.0000
2026-03-01,2026,3,Otros departamentos,11,Informatica y telecomunicaciones,0,329.6825,19.3000,5.5556,17.0100,42359.6093,18.3000,5.2941,16.8200,40623.5187,0,1364982.0000,631410.0000
2026-03-01,2026,3,Otros departamentos,12,Sonido y video,0,200.7220,19.3000,5.5556,17.0100,42359.6093,18.3000,5.2941,16.8200,40623.5187,0,1364982.0000,631410.0000
2026-03-01,2026,3,Otros departamentos,14,"Ferreteria, vidrios y pinturas",0,125.0604,19.3000,5.5556,17.0100,42359.6093,18.3000,5.2941,16.8200,40623.5187,0,1364982.0000,631410.0000
2026-03-01,2026,3,Otros departamentos,15,Otras mercancias de uso domestico,0,130.9947,19.3000,5.5556,17.0100,42359.6093,18.3000,5.2941,16.8200,40623.5187,0,1364982.0000,631410.0000
2026-04-01,2026,4,Antioquia,4,Prendas de vestir y textiles,0,88.7549,13.7000,5.6862,17.8400,41985.8494,19.3000,5.5556,17.0100,42359.6093,0,198837.0000,239784.0000
2026-04-01,2026,4,Antioquia,8,Electrodomesticos y muebles,1,157.7960,13.7000,5.6862,17.8400,41985.8494,19.3000,5.5556,17.0100,42359.6093,0,198837.0000,239784.0000
2026-04-01,2026,4,Antioquia,9,Articulos y utensilios domesticos,0,157.8348,13.7000,5.6862,17.8400,41985.8494,19.3000,5.5556,17.0100,42359.6093,0,198837.0000,239784.0000
2026-04-01,2026,4,Antioquia,10,Aseo del hogar,0,145.5037,13.7000,5.6862,17.8400,41985.8494,19.3000,5.5556,17.0100,42359.6093,0,198837.0000,239784.0000
2026-04-01,2026,4,Antioquia,11,Informatica y telecomunicaciones,0,297.2312,13.7000,5.6862,17.8400,41985.8494,19.3000,5.5556,17.0100,42359.6093,0,198837.0000,239784.0000
2026-04-01,2026,4,Antioquia,12,Sonido y video,0,200.1859,13.7000,5.6862,17.8400,41985.8494,19.3000,5.5556,17.0100,42359.6093,0,198837.0000,239784.0000
2026-04-01,2026,4,Antioquia,14,"Ferreteria, vidrios y pinturas",0,117.6211,13.7000,5.6862,17.8400,41985.8494,19.3000,5.5556,17.0100,42359.6093,0,198837.0000,239784.0000
2026-04-01,2026,4,Antioquia,15,Otras mercancias de uso domestico,0,127.3029,13.7000,5.6862,17.8400,41985.8494,19.3000,5.5556,17.0100,42359.6093,0,198837.0000,239784.0000
2026-04-01,2026,4,Atlantico,4,Prendas de vestir y textiles,0,70.1384,13.7000,5.6862,17.8400,41985.8494,19.3000,5.5556,17.0100,42359.6093,0,45605.0000,40323.0000
2026-04-01,2026,4,Atlantico,8,Electrodomesticos y muebles,1,126.3455,13.7000,5.6862,17.8400,41985.8494,19.3000,5.5556,17.0100,42359.6093,0,45605.0000,40323.0000
2026-04-01,2026,4,Atlantico,9,Articulos y utensilios domesticos,0,124.5106,13.7000,5.6862,17.8400,41985.8494,19.3000,5.5556,17.0100,42359.6093,0,45605.0000,40323.0000
2026-04-01,2026,4,Atlantico,10,Aseo del hogar,0,114.7570,13.7000,5.6862,17.8400,41985.8494,19.3000,5.5556,17.0100,42359.6093,0,45605.0000,40323.0000
2026-04-01,2026,4,Atlantico,11,Informatica y telecomunicaciones,0,236.6237,13.7000,5.6862,17.8400,41985.8494,19.3000,5.5556,17.0100,42359.6093,0,45605.0000,40323.0000
2026-04-01,2026,4,Atlantico,12,Sonido y video,0,154.7046,13.7000,5.6862,17.8400,41985.8494,19.3000,5.5556,17.0100,42359.6093,0,45605.0000,40323.0000
2026-04-01,2026,4,Atlantico,14,"Ferreteria, vidrios y pinturas",0,90.9218,13.7000,5.6862,17.8400,41985.8494,19.3000,5.5556,17.0100,42359.6093,0,45605.0000,40323.0000
2026-04-01,2026,4,Atlantico,15,Otras mercancias de uso domestico,0,104.1754,13.7000,5.6862,17.8400,41985.8494,19.3000,5.5556,17.0100,42359.6093,0,45605.0000,40323.0000
2026-04-01,2026,4,Bogota,4,Prendas de vestir y textiles,0,91.4967,13.7000,5.6862,17.8400,41985.8494,19.3000,5.5556,17.0100,42359.6093,0,155024.0000,438218.0000
2026-04-01,2026,4,Bogota,8,Electrodomesticos y muebles,1,167.0649,13.7000,5.6862,17.8400,41985.8494,19.3000,5.5556,17.0100,42359.6093,0,155024.0000,438218.0000
2026-04-01,2026,4,Bogota,9,Articulos y utensilios domesticos,0,167.7969,13.7000,5.6862,17.8400,41985.8494,19.3000,5.5556,17.0100,42359.6093,0,155024.0000,438218.0000
2026-04-01,2026,4,Bogota,10,Aseo del hogar,0,150.8939,13.7000,5.6862,17.8400,41985.8494,19.3000,5.5556,17.0100,42359.6093,0,155024.0000,438218.0000
2026-04-01,2026,4,Bogota,11,Informatica y telecomunicaciones,0,298.2181,13.7000,5.6862,17.8400,41985.8494,19.3000,5.5556,17.0100,42359.6093,0,155024.0000,438218.0000
2026-04-01,2026,4,Bogota,12,Sonido y video,0,207.2151,13.7000,5.6862,17.8400,41985.8494,19.3000,5.5556,17.0100,42359.6093,0,155024.0000,438218.0000
2026-04-01,2026,4,Bogota,14,"Ferreteria, vidrios y pinturas",0,120.1153,13.7000,5.6862,17.8400,41985.8494,19.3000,5.5556,17.0100,42359.6093,0,155024.0000,438218.0000
2026-04-01,2026,4,Bogota,15,Otras mercancias de uso domestico,0,137.0680,13.7000,5.6862,17.8400,41985.8494,19.3000,5.5556,17.0100,42359.6093,0,155024.0000,438218.0000
2026-04-01,2026,4,Cundinamarca,4,Prendas de vestir y textiles,0,115.5697,13.7000,5.6862,17.8400,41985.8494,19.3000,5.5556,17.0100,42359.6093,0,126615.0000,160604.0000
2026-04-01,2026,4,Cundinamarca,8,Electrodomesticos y muebles,1,203.4620,13.7000,5.6862,17.8400,41985.8494,19.3000,5.5556,17.0100,42359.6093,0,126615.0000,160604.0000
2026-04-01,2026,4,Cundinamarca,9,Articulos y utensilios domesticos,0,202.3165,13.7000,5.6862,17.8400,41985.8494,19.3000,5.5556,17.0100,42359.6093,0,126615.0000,160604.0000
2026-04-01,2026,4,Cundinamarca,10,Aseo del hogar,0,185.9241,13.7000,5.6862,17.8400,41985.8494,19.3000,5.5556,17.0100,42359.6093,0,126615.0000,160604.0000
2026-04-01,2026,4,Cundinamarca,11,Informatica y telecomunicaciones,0,370.6861,13.7000,5.6862,17.8400,41985.8494,19.3000,5.5556,17.0100,42359.6093,0,126615.0000,160604.0000
2026-04-01,2026,4,Cundinamarca,12,Sonido y video,0,257.9760,13.7000,5.6862,17.8400,41985.8494,19.3000,5.5556,17.0100,42359.6093,0,126615.0000,160604.0000
2026-04-01,2026,4,Cundinamarca,14,"Ferreteria, vidrios y pinturas",0,147.5132,13.7000,5.6862,17.8400,41985.8494,19.3000,5.5556,17.0100,42359.6093,0,126615.0000,160604.0000
2026-04-01,2026,4,Cundinamarca,15,Otras mercancias de uso domestico,0,165.2923,13.7000,5.6862,17.8400,41985.8494,19.3000,5.5556,17.0100,42359.6093,0,126615.0000,160604.0000
2026-04-01,2026,4,Santander,4,Prendas de vestir y textiles,0,88.7164,13.7000,5.6862,17.8400,41985.8494,19.3000,5.5556,17.0100,42359.6093,0,147866.0000,38771.0000
2026-04-01,2026,4,Santander,8,Electrodomesticos y muebles,1,156.2986,13.7000,5.6862,17.8400,41985.8494,19.3000,5.5556,17.0100,42359.6093,0,147866.0000,38771.0000
2026-04-01,2026,4,Santander,9,Articulos y utensilios domesticos,0,156.3792,13.7000,5.6862,17.8400,41985.8494,19.3000,5.5556,17.0100,42359.6093,0,147866.0000,38771.0000
2026-04-01,2026,4,Santander,10,Aseo del hogar,0,138.7327,13.7000,5.6862,17.8400,41985.8494,19.3000,5.5556,17.0100,42359.6093,0,147866.0000,38771.0000
2026-04-01,2026,4,Santander,11,Informatica y telecomunicaciones,0,285.5232,13.7000,5.6862,17.8400,41985.8494,19.3000,5.5556,17.0100,42359.6093,0,147866.0000,38771.0000
2026-04-01,2026,4,Santander,12,Sonido y video,0,188.9930,13.7000,5.6862,17.8400,41985.8494,19.3000,5.5556,17.0100,42359.6093,0,147866.0000,38771.0000
2026-04-01,2026,4,Santander,14,"Ferreteria, vidrios y pinturas",0,108.9717,13.7000,5.6862,17.8400,41985.8494,19.3000,5.5556,17.0100,42359.6093,0,147866.0000,38771.0000
2026-04-01,2026,4,Santander,15,Otras mercancias de uso domestico,0,126.5853,13.7000,5.6862,17.8400,41985.8494,19.3000,5.5556,17.0100,42359.6093,0,147866.0000,38771.0000
2026-04-01,2026,4,Valle del Cauca,4,Prendas de vestir y textiles,0,69.6435,13.7000,5.6862,17.8400,41985.8494,19.3000,5.5556,17.0100,42359.6093,0,66534.0000,212328.0000
2026-04-01,2026,4,Valle del Cauca,8,Electrodomesticos y muebles,1,122.4786,13.7000,5.6862,17.8400,41985.8494,19.3000,5.5556,17.0100,42359.6093,0,66534.0000,212328.0000
2026-04-01,2026,4,Valle del Cauca,9,Articulos y utensilios domesticos,0,128.8498,13.7000,5.6862,17.8400,41985.8494,19.3000,5.5556,17.0100,42359.6093,0,66534.0000,212328.0000
2026-04-01,2026,4,Valle del Cauca,10,Aseo del hogar,0,116.4963,13.7000,5.6862,17.8400,41985.8494,19.3000,5.5556,17.0100,42359.6093,0,66534.0000,212328.0000
2026-04-01,2026,4,Valle del Cauca,11,Informatica y telecomunicaciones,0,220.4178,13.7000,5.6862,17.8400,41985.8494,19.3000,5.5556,17.0100,42359.6093,0,66534.0000,212328.0000
2026-04-01,2026,4,Valle del Cauca,12,Sonido y video,0,155.9850,13.7000,5.6862,17.8400,41985.8494,19.3000,5.5556,17.0100,42359.6093,0,66534.0000,212328.0000
2026-04-01,2026,4,Valle del Cauca,14,"Ferreteria, vidrios y pinturas",0,93.7762,13.7000,5.6862,17.8400,41985.8494,19.3000,5.5556,17.0100,42359.6093,0,66534.0000,212328.0000
2026-04-01,2026,4,Valle del Cauca,15,Otras mercancias de uso domestico,0,104.8134,13.7000,5.6862,17.8400,41985.8494,19.3000,5.5556,17.0100,42359.6093,0,66534.0000,212328.0000
2026-04-01,2026,4,Otros departamentos,4,Prendas de vestir y textiles,0,89.2493,13.7000,5.6862,17.8400,41985.8494,19.3000,5.5556,17.0100,42359.6093,0,887917.0000,1364982.0000
2026-04-01,2026,4,Otros departamentos,8,Electrodomesticos y muebles,1,162.3660,13.7000,5.6862,17.8400,41985.8494,19.3000,5.5556,17.0100,42359.6093,0,887917.0000,1364982.0000
2026-04-01,2026,4,Otros departamentos,9,Articulos y utensilios domesticos,0,162.8720,13.7000,5.6862,17.8400,41985.8494,19.3000,5.5556,17.0100,42359.6093,0,887917.0000,1364982.0000
2026-04-01,2026,4,Otros departamentos,10,Aseo del hogar,0,145.3427,13.7000,5.6862,17.8400,41985.8494,19.3000,5.5556,17.0100,42359.6093,0,887917.0000,1364982.0000
2026-04-01,2026,4,Otros departamentos,11,Informatica y telecomunicaciones,0,297.4877,13.7000,5.6862,17.8400,41985.8494,19.3000,5.5556,17.0100,42359.6093,0,887917.0000,1364982.0000
2026-04-01,2026,4,Otros departamentos,12,Sonido y video,0,206.1338,13.7000,5.6862,17.8400,41985.8494,19.3000,5.5556,17.0100,42359.6093,0,887917.0000,1364982.0000
2026-04-01,2026,4,Otros departamentos,14,"Ferreteria, vidrios y pinturas",0,117.5739,13.7000,5.6862,17.8400,41985.8494,19.3000,5.5556,17.0100,42359.6093,0,887917.0000,1364982.0000
2026-04-01,2026,4,Otros departamentos,15,Otras mercancias de uso domestico,0,130.8861,13.7000,5.6862,17.8400,41985.8494,19.3000,5.5556,17.0100,42359.6093,0,887917.0000,1364982.0000
2026-05-01,2026,5,Antioquia,4,Prendas de vestir y textiles,0,109.8222,17.8000,5.8412,18.7800,38455.8965,13.7000,5.6862,17.8400,41985.8494,0,327922.0000,198837.0000
2026-05-01,2026,5,Antioquia,8,Electrodomesticos y muebles,1,180.6975,17.8000,5.8412,18.7800,38455.8965,13.7000,5.6862,17.8400,41985.8494,0,327922.0000,198837.0000
2026-05-01,2026,5,Antioquia,9,Articulos y utensilios domesticos,0,166.8828,17.8000,5.8412,18.7800,38455.8965,13.7000,5.6862,17.8400,41985.8494,0,327922.0000,198837.0000
2026-05-01,2026,5,Antioquia,10,Aseo del hogar,0,160.1094,17.8000,5.8412,18.7800,38455.8965,13.7000,5.6862,17.8400,41985.8494,0,327922.0000,198837.0000
2026-05-01,2026,5,Antioquia,11,Informatica y telecomunicaciones,0,325.1240,17.8000,5.8412,18.7800,38455.8965,13.7000,5.6862,17.8400,41985.8494,0,327922.0000,198837.0000
2026-05-01,2026,5,Antioquia,12,Sonido y video,0,255.3333,17.8000,5.8412,18.7800,38455.8965,13.7000,5.6862,17.8400,41985.8494,0,327922.0000,198837.0000
2026-05-01,2026,5,Antioquia,14,"Ferreteria, vidrios y pinturas",0,117.1795,17.8000,5.8412,18.7800,38455.8965,13.7000,5.6862,17.8400,41985.8494,0,327922.0000,198837.0000
2026-05-01,2026,5,Antioquia,15,Otras mercancias de uso domestico,0,138.9291,17.8000,5.8412,18.7800,38455.8965,13.7000,5.6862,17.8400,41985.8494,0,327922.0000,198837.0000
2026-05-01,2026,5,Atlantico,4,Prendas de vestir y textiles,0,84.3508,17.8000,5.8412,18.7800,38455.8965,13.7000,5.6862,17.8400,41985.8494,0,62836.0000,45605.0000
2026-05-01,2026,5,Atlantico,8,Electrodomesticos y muebles,1,136.5924,17.8000,5.8412,18.7800,38455.8965,13.7000,5.6862,17.8400,41985.8494,0,62836.0000,45605.0000
2026-05-01,2026,5,Atlantico,9,Articulos y utensilios domesticos,0,130.6397,17.8000,5.8412,18.7800,38455.8965,13.7000,5.6862,17.8400,41985.8494,0,62836.0000,45605.0000
2026-05-01,2026,5,Atlantico,10,Aseo del hogar,0,125.2034,17.8000,5.8412,18.7800,38455.8965,13.7000,5.6862,17.8400,41985.8494,0,62836.0000,45605.0000
2026-05-01,2026,5,Atlantico,11,Informatica y telecomunicaciones,0,250.3349,17.8000,5.8412,18.7800,38455.8965,13.7000,5.6862,17.8400,41985.8494,0,62836.0000,45605.0000
2026-05-01,2026,5,Atlantico,12,Sonido y video,0,194.0654,17.8000,5.8412,18.7800,38455.8965,13.7000,5.6862,17.8400,41985.8494,0,62836.0000,45605.0000
2026-05-01,2026,5,Atlantico,14,"Ferreteria, vidrios y pinturas",0,90.7726,17.8000,5.8412,18.7800,38455.8965,13.7000,5.6862,17.8400,41985.8494,0,62836.0000,45605.0000
2026-05-01,2026,5,Atlantico,15,Otras mercancias de uso domestico,0,110.9899,17.8000,5.8412,18.7800,38455.8965,13.7000,5.6862,17.8400,41985.8494,0,62836.0000,45605.0000
2026-05-01,2026,5,Bogota,4,Prendas de vestir y textiles,0,110.4570,17.8000,5.8412,18.7800,38455.8965,13.7000,5.6862,17.8400,41985.8494,0,246865.0000,155024.0000
2026-05-01,2026,5,Bogota,8,Electrodomesticos y muebles,1,192.1769,17.8000,5.8412,18.7800,38455.8965,13.7000,5.6862,17.8400,41985.8494,0,246865.0000,155024.0000
2026-05-01,2026,5,Bogota,9,Articulos y utensilios domesticos,0,177.5510,17.8000,5.8412,18.7800,38455.8965,13.7000,5.6862,17.8400,41985.8494,0,246865.0000,155024.0000
2026-05-01,2026,5,Bogota,10,Aseo del hogar,0,169.3479,17.8000,5.8412,18.7800,38455.8965,13.7000,5.6862,17.8400,41985.8494,0,246865.0000,155024.0000
2026-05-01,2026,5,Bogota,11,Informatica y telecomunicaciones,0,321.2142,17.8000,5.8412,18.7800,38455.8965,13.7000,5.6862,17.8400,41985.8494,0,246865.0000,155024.0000
2026-05-01,2026,5,Bogota,12,Sonido y video,0,265.6615,17.8000,5.8412,18.7800,38455.8965,13.7000,5.6862,17.8400,41985.8494,0,246865.0000,155024.0000
2026-05-01,2026,5,Bogota,14,"Ferreteria, vidrios y pinturas",0,123.2938,17.8000,5.8412,18.7800,38455.8965,13.7000,5.6862,17.8400,41985.8494,0,246865.0000,155024.0000
2026-05-01,2026,5,Bogota,15,Otras mercancias de uso domestico,0,146.8988,17.8000,5.8412,18.7800,38455.8965,13.7000,5.6862,17.8400,41985.8494,0,246865.0000,155024.0000
2026-05-01,2026,5,Cundinamarca,4,Prendas de vestir y textiles,0,138.0524,17.8000,5.8412,18.7800,38455.8965,13.7000,5.6862,17.8400,41985.8494,0,191006.0000,126615.0000
2026-05-01,2026,5,Cundinamarca,8,Electrodomesticos y muebles,1,221.1446,17.8000,5.8412,18.7800,38455.8965,13.7000,5.6862,17.8400,41985.8494,0,191006.0000,126615.0000
2026-05-01,2026,5,Cundinamarca,9,Articulos y utensilios domesticos,0,214.6132,17.8000,5.8412,18.7800,38455.8965,13.7000,5.6862,17.8400,41985.8494,0,191006.0000,126615.0000
2026-05-01,2026,5,Cundinamarca,10,Aseo del hogar,0,214.0275,17.8000,5.8412,18.7800,38455.8965,13.7000,5.6862,17.8400,41985.8494,0,191006.0000,126615.0000
2026-05-01,2026,5,Cundinamarca,11,Informatica y telecomunicaciones,0,397.7550,17.8000,5.8412,18.7800,38455.8965,13.7000,5.6862,17.8400,41985.8494,0,191006.0000,126615.0000
2026-05-01,2026,5,Cundinamarca,12,Sonido y video,0,313.4703,17.8000,5.8412,18.7800,38455.8965,13.7000,5.6862,17.8400,41985.8494,0,191006.0000,126615.0000
2026-05-01,2026,5,Cundinamarca,14,"Ferreteria, vidrios y pinturas",0,150.0601,17.8000,5.8412,18.7800,38455.8965,13.7000,5.6862,17.8400,41985.8494,0,191006.0000,126615.0000
2026-05-01,2026,5,Cundinamarca,15,Otras mercancias de uso domestico,0,178.1137,17.8000,5.8412,18.7800,38455.8965,13.7000,5.6862,17.8400,41985.8494,0,191006.0000,126615.0000
2026-05-01,2026,5,Santander,4,Prendas de vestir y textiles,0,100.3870,17.8000,5.8412,18.7800,38455.8965,13.7000,5.6862,17.8400,41985.8494,0,34126.0000,147866.0000
2026-05-01,2026,5,Santander,8,Electrodomesticos y muebles,1,168.8815,17.8000,5.8412,18.7800,38455.8965,13.7000,5.6862,17.8400,41985.8494,0,34126.0000,147866.0000
2026-05-01,2026,5,Santander,9,Articulos y utensilios domesticos,0,155.9979,17.8000,5.8412,18.7800,38455.8965,13.7000,5.6862,17.8400,41985.8494,0,34126.0000,147866.0000
2026-05-01,2026,5,Santander,10,Aseo del hogar,0,148.2665,17.8000,5.8412,18.7800,38455.8965,13.7000,5.6862,17.8400,41985.8494,0,34126.0000,147866.0000
2026-05-01,2026,5,Santander,11,Informatica y telecomunicaciones,0,289.1579,17.8000,5.8412,18.7800,38455.8965,13.7000,5.6862,17.8400,41985.8494,0,34126.0000,147866.0000
2026-05-01,2026,5,Santander,12,Sonido y video,0,231.9346,17.8000,5.8412,18.7800,38455.8965,13.7000,5.6862,17.8400,41985.8494,0,34126.0000,147866.0000
2026-05-01,2026,5,Santander,14,"Ferreteria, vidrios y pinturas",0,105.8979,17.8000,5.8412,18.7800,38455.8965,13.7000,5.6862,17.8400,41985.8494,0,34126.0000,147866.0000
2026-05-01,2026,5,Santander,15,Otras mercancias de uso domestico,0,130.1245,17.8000,5.8412,18.7800,38455.8965,13.7000,5.6862,17.8400,41985.8494,0,34126.0000,147866.0000
2026-05-01,2026,5,Valle del Cauca,4,Prendas de vestir y textiles,0,84.5885,17.8000,5.8412,18.7800,38455.8965,13.7000,5.6862,17.8400,41985.8494,0,125647.0000,66534.0000
2026-05-01,2026,5,Valle del Cauca,8,Electrodomesticos y muebles,1,140.7539,17.8000,5.8412,18.7800,38455.8965,13.7000,5.6862,17.8400,41985.8494,0,125647.0000,66534.0000
2026-05-01,2026,5,Valle del Cauca,9,Articulos y utensilios domesticos,0,133.6794,17.8000,5.8412,18.7800,38455.8965,13.7000,5.6862,17.8400,41985.8494,0,125647.0000,66534.0000
2026-05-01,2026,5,Valle del Cauca,10,Aseo del hogar,0,127.4977,17.8000,5.8412,18.7800,38455.8965,13.7000,5.6862,17.8400,41985.8494,0,125647.0000,66534.0000
2026-05-01,2026,5,Valle del Cauca,11,Informatica y telecomunicaciones,0,246.3169,17.8000,5.8412,18.7800,38455.8965,13.7000,5.6862,17.8400,41985.8494,0,125647.0000,66534.0000
2026-05-01,2026,5,Valle del Cauca,12,Sonido y video,0,191.3601,17.8000,5.8412,18.7800,38455.8965,13.7000,5.6862,17.8400,41985.8494,0,125647.0000,66534.0000
2026-05-01,2026,5,Valle del Cauca,14,"Ferreteria, vidrios y pinturas",0,93.7362,17.8000,5.8412,18.7800,38455.8965,13.7000,5.6862,17.8400,41985.8494,0,125647.0000,66534.0000
2026-05-01,2026,5,Valle del Cauca,15,Otras mercancias de uso domestico,0,113.4976,17.8000,5.8412,18.7800,38455.8965,13.7000,5.6862,17.8400,41985.8494,0,125647.0000,66534.0000
2026-05-01,2026,5,Otros departamentos,4,Prendas de vestir y textiles,0,107.8867,17.8000,5.8412,18.7800,38455.8965,13.7000,5.6862,17.8400,41985.8494,0,463642.0000,887917.0000
2026-05-01,2026,5,Otros departamentos,8,Electrodomesticos y muebles,1,182.4510,17.8000,5.8412,18.7800,38455.8965,13.7000,5.6862,17.8400,41985.8494,0,463642.0000,887917.0000
2026-05-01,2026,5,Otros departamentos,9,Articulos y utensilios domesticos,0,171.3447,17.8000,5.8412,18.7800,38455.8965,13.7000,5.6862,17.8400,41985.8494,0,463642.0000,887917.0000
2026-05-01,2026,5,Otros departamentos,10,Aseo del hogar,0,160.5848,17.8000,5.8412,18.7800,38455.8965,13.7000,5.6862,17.8400,41985.8494,0,463642.0000,887917.0000
2026-05-01,2026,5,Otros departamentos,11,Informatica y telecomunicaciones,0,319.5307,17.8000,5.8412,18.7800,38455.8965,13.7000,5.6862,17.8400,41985.8494,0,463642.0000,887917.0000
2026-05-01,2026,5,Otros departamentos,12,Sonido y video,0,258.5621,17.8000,5.8412,18.7800,38455.8965,13.7000,5.6862,17.8400,41985.8494,0,463642.0000,887917.0000
2026-05-01,2026,5,Otros departamentos,14,"Ferreteria, vidrios y pinturas",0,114.7437,17.8000,5.8412,18.7800,38455.8965,13.7000,5.6862,17.8400,41985.8494,0,463642.0000,887917.0000
2026-05-01,2026,5,Otros departamentos,15,Otras mercancias de uso domestico,0,147.2550,17.8000,5.8412,18.7800,38455.8965,13.7000,5.6862,17.8400,41985.8494,0,463642.0000,887917.0000
2026-06-01,2026,6,Antioquia,4,Prendas de vestir y textiles,0,112.4594,24.3000,6.1411,19.1900,46647.1828,17.8000,5.8412,18.7800,38455.8965,0,192725.0000,327922.0000
2026-06-01,2026,6,Antioquia,8,Electrodomesticos y muebles,1,172.9432,24.3000,6.1411,19.1900,46647.1828,17.8000,5.8412,18.7800,38455.8965,0,192725.0000,327922.0000
2026-06-01,2026,6,Antioquia,9,Articulos y utensilios domesticos,0,159.3082,24.3000,6.1411,19.1900,46647.1828,17.8000,5.8412,18.7800,38455.8965,0,192725.0000,327922.0000
2026-06-01,2026,6,Antioquia,10,Aseo del hogar,0,149.9013,24.3000,6.1411,19.1900,46647.1828,17.8000,5.8412,18.7800,38455.8965,0,192725.0000,327922.0000
2026-06-01,2026,6,Antioquia,11,Informatica y telecomunicaciones,0,284.1272,24.3000,6.1411,19.1900,46647.1828,17.8000,5.8412,18.7800,38455.8965,0,192725.0000,327922.0000
2026-06-01,2026,6,Antioquia,12,Sonido y video,0,326.5548,24.3000,6.1411,19.1900,46647.1828,17.8000,5.8412,18.7800,38455.8965,0,192725.0000,327922.0000
2026-06-01,2026,6,Antioquia,14,"Ferreteria, vidrios y pinturas",0,118.5465,24.3000,6.1411,19.1900,46647.1828,17.8000,5.8412,18.7800,38455.8965,0,192725.0000,327922.0000
2026-06-01,2026,6,Antioquia,15,Otras mercancias de uso domestico,0,131.1734,24.3000,6.1411,19.1900,46647.1828,17.8000,5.8412,18.7800,38455.8965,0,192725.0000,327922.0000
2026-06-01,2026,6,Atlantico,4,Prendas de vestir y textiles,0,91.2993,24.3000,6.1411,19.1900,46647.1828,17.8000,5.8412,18.7800,38455.8965,0,49621.0000,62836.0000
2026-06-01,2026,6,Atlantico,8,Electrodomesticos y muebles,1,134.7473,24.3000,6.1411,19.1900,46647.1828,17.8000,5.8412,18.7800,38455.8965,0,49621.0000,62836.0000
2026-06-01,2026,6,Atlantico,9,Articulos y utensilios domesticos,0,129.0800,24.3000,6.1411,19.1900,46647.1828,17.8000,5.8412,18.7800,38455.8965,0,49621.0000,62836.0000
2026-06-01,2026,6,Atlantico,10,Aseo del hogar,0,122.8712,24.3000,6.1411,19.1900,46647.1828,17.8000,5.8412,18.7800,38455.8965,0,49621.0000,62836.0000
2026-06-01,2026,6,Atlantico,11,Informatica y telecomunicaciones,0,228.3500,24.3000,6.1411,19.1900,46647.1828,17.8000,5.8412,18.7800,38455.8965,0,49621.0000,62836.0000
2026-06-01,2026,6,Atlantico,12,Sonido y video,0,259.5912,24.3000,6.1411,19.1900,46647.1828,17.8000,5.8412,18.7800,38455.8965,0,49621.0000,62836.0000
2026-06-01,2026,6,Atlantico,14,"Ferreteria, vidrios y pinturas",0,97.8796,24.3000,6.1411,19.1900,46647.1828,17.8000,5.8412,18.7800,38455.8965,0,49621.0000,62836.0000
2026-06-01,2026,6,Atlantico,15,Otras mercancias de uso domestico,0,106.1077,24.3000,6.1411,19.1900,46647.1828,17.8000,5.8412,18.7800,38455.8965,0,49621.0000,62836.0000
2026-06-01,2026,6,Bogota,4,Prendas de vestir y textiles,0,117.3673,24.3000,6.1411,19.1900,46647.1828,17.8000,5.8412,18.7800,38455.8965,0,302542.0000,246865.0000
2026-06-01,2026,6,Bogota,8,Electrodomesticos y muebles,1,181.0512,24.3000,6.1411,19.1900,46647.1828,17.8000,5.8412,18.7800,38455.8965,0,302542.0000,246865.0000
2026-06-01,2026,6,Bogota,9,Articulos y utensilios domesticos,0,165.8360,24.3000,6.1411,19.1900,46647.1828,17.8000,5.8412,18.7800,38455.8965,0,302542.0000,246865.0000
2026-06-01,2026,6,Bogota,10,Aseo del hogar,0,158.6097,24.3000,6.1411,19.1900,46647.1828,17.8000,5.8412,18.7800,38455.8965,0,302542.0000,246865.0000
2026-06-01,2026,6,Bogota,11,Informatica y telecomunicaciones,0,291.2539,24.3000,6.1411,19.1900,46647.1828,17.8000,5.8412,18.7800,38455.8965,0,302542.0000,246865.0000
2026-06-01,2026,6,Bogota,12,Sonido y video,0,328.3460,24.3000,6.1411,19.1900,46647.1828,17.8000,5.8412,18.7800,38455.8965,0,302542.0000,246865.0000
2026-06-01,2026,6,Bogota,14,"Ferreteria, vidrios y pinturas",0,124.5528,24.3000,6.1411,19.1900,46647.1828,17.8000,5.8412,18.7800,38455.8965,0,302542.0000,246865.0000
2026-06-01,2026,6,Bogota,15,Otras mercancias de uso domestico,0,139.5191,24.3000,6.1411,19.1900,46647.1828,17.8000,5.8412,18.7800,38455.8965,0,302542.0000,246865.0000
2026-06-01,2026,6,Cundinamarca,4,Prendas de vestir y textiles,0,152.8648,24.3000,6.1411,19.1900,46647.1828,17.8000,5.8412,18.7800,38455.8965,0,105327.0000,191006.0000
2026-06-01,2026,6,Cundinamarca,8,Electrodomesticos y muebles,1,228.6068,24.3000,6.1411,19.1900,46647.1828,17.8000,5.8412,18.7800,38455.8965,0,105327.0000,191006.0000
2026-06-01,2026,6,Cundinamarca,9,Articulos y utensilios domesticos,0,218.7102,24.3000,6.1411,19.1900,46647.1828,17.8000,5.8412,18.7800,38455.8965,0,105327.0000,191006.0000
2026-06-01,2026,6,Cundinamarca,10,Aseo del hogar,0,204.2009,24.3000,6.1411,19.1900,46647.1828,17.8000,5.8412,18.7800,38455.8965,0,105327.0000,191006.0000
2026-06-01,2026,6,Cundinamarca,11,Informatica y telecomunicaciones,0,370.7219,24.3000,6.1411,19.1900,46647.1828,17.8000,5.8412,18.7800,38455.8965,0,105327.0000,191006.0000
2026-06-01,2026,6,Cundinamarca,12,Sonido y video,0,439.2011,24.3000,6.1411,19.1900,46647.1828,17.8000,5.8412,18.7800,38455.8965,0,105327.0000,191006.0000
2026-06-01,2026,6,Cundinamarca,14,"Ferreteria, vidrios y pinturas",0,166.3373,24.3000,6.1411,19.1900,46647.1828,17.8000,5.8412,18.7800,38455.8965,0,105327.0000,191006.0000
2026-06-01,2026,6,Cundinamarca,15,Otras mercancias de uso domestico,0,177.6232,24.3000,6.1411,19.1900,46647.1828,17.8000,5.8412,18.7800,38455.8965,0,105327.0000,191006.0000
2026-06-01,2026,6,Santander,4,Prendas de vestir y textiles,0,105.9406,24.3000,6.1411,19.1900,46647.1828,17.8000,5.8412,18.7800,38455.8965,0,48749.0000,34126.0000
2026-06-01,2026,6,Santander,8,Electrodomesticos y muebles,1,161.3564,24.3000,6.1411,19.1900,46647.1828,17.8000,5.8412,18.7800,38455.8965,0,48749.0000,34126.0000
2026-06-01,2026,6,Santander,9,Articulos y utensilios domesticos,0,147.1114,24.3000,6.1411,19.1900,46647.1828,17.8000,5.8412,18.7800,38455.8965,0,48749.0000,34126.0000
2026-06-01,2026,6,Santander,10,Aseo del hogar,0,142.5512,24.3000,6.1411,19.1900,46647.1828,17.8000,5.8412,18.7800,38455.8965,0,48749.0000,34126.0000
2026-06-01,2026,6,Santander,11,Informatica y telecomunicaciones,0,259.9981,24.3000,6.1411,19.1900,46647.1828,17.8000,5.8412,18.7800,38455.8965,0,48749.0000,34126.0000
2026-06-01,2026,6,Santander,12,Sonido y video,0,305.3005,24.3000,6.1411,19.1900,46647.1828,17.8000,5.8412,18.7800,38455.8965,0,48749.0000,34126.0000
2026-06-01,2026,6,Santander,14,"Ferreteria, vidrios y pinturas",0,112.0818,24.3000,6.1411,19.1900,46647.1828,17.8000,5.8412,18.7800,38455.8965,0,48749.0000,34126.0000
2026-06-01,2026,6,Santander,15,Otras mercancias de uso domestico,0,122.4501,24.3000,6.1411,19.1900,46647.1828,17.8000,5.8412,18.7800,38455.8965,0,48749.0000,34126.0000
2026-06-01,2026,6,Valle del Cauca,4,Prendas de vestir y textiles,0,91.9857,24.3000,6.1411,19.1900,46647.1828,17.8000,5.8412,18.7800,38455.8965,0,84503.0000,125647.0000
2026-06-01,2026,6,Valle del Cauca,8,Electrodomesticos y muebles,1,133.4677,24.3000,6.1411,19.1900,46647.1828,17.8000,5.8412,18.7800,38455.8965,0,84503.0000,125647.0000
2026-06-01,2026,6,Valle del Cauca,9,Articulos y utensilios domesticos,0,130.1961,24.3000,6.1411,19.1900,46647.1828,17.8000,5.8412,18.7800,38455.8965,0,84503.0000,125647.0000
2026-06-01,2026,6,Valle del Cauca,10,Aseo del hogar,0,122.2015,24.3000,6.1411,19.1900,46647.1828,17.8000,5.8412,18.7800,38455.8965,0,84503.0000,125647.0000
2026-06-01,2026,6,Valle del Cauca,11,Informatica y telecomunicaciones,0,231.2408,24.3000,6.1411,19.1900,46647.1828,17.8000,5.8412,18.7800,38455.8965,0,84503.0000,125647.0000
2026-06-01,2026,6,Valle del Cauca,12,Sonido y video,0,247.5505,24.3000,6.1411,19.1900,46647.1828,17.8000,5.8412,18.7800,38455.8965,0,84503.0000,125647.0000
2026-06-01,2026,6,Valle del Cauca,14,"Ferreteria, vidrios y pinturas",0,101.9425,24.3000,6.1411,19.1900,46647.1828,17.8000,5.8412,18.7800,38455.8965,0,84503.0000,125647.0000
2026-06-01,2026,6,Valle del Cauca,15,Otras mercancias de uso domestico,0,110.9273,24.3000,6.1411,19.1900,46647.1828,17.8000,5.8412,18.7800,38455.8965,0,84503.0000,125647.0000
2026-06-01,2026,6,Otros departamentos,4,Prendas de vestir y textiles,0,118.7140,24.3000,6.1411,19.1900,46647.1828,17.8000,5.8412,18.7800,38455.8965,0,368967.0000,463642.0000
2026-06-01,2026,6,Otros departamentos,8,Electrodomesticos y muebles,1,176.4334,24.3000,6.1411,19.1900,46647.1828,17.8000,5.8412,18.7800,38455.8965,0,368967.0000,463642.0000
2026-06-01,2026,6,Otros departamentos,9,Articulos y utensilios domesticos,0,167.0672,24.3000,6.1411,19.1900,46647.1828,17.8000,5.8412,18.7800,38455.8965,0,368967.0000,463642.0000
2026-06-01,2026,6,Otros departamentos,10,Aseo del hogar,0,149.2387,24.3000,6.1411,19.1900,46647.1828,17.8000,5.8412,18.7800,38455.8965,0,368967.0000,463642.0000
2026-06-01,2026,6,Otros departamentos,11,Informatica y telecomunicaciones,0,292.9708,24.3000,6.1411,19.1900,46647.1828,17.8000,5.8412,18.7800,38455.8965,0,368967.0000,463642.0000
2026-06-01,2026,6,Otros departamentos,12,Sonido y video,0,327.7672,24.3000,6.1411,19.1900,46647.1828,17.8000,5.8412,18.7800,38455.8965,0,368967.0000,463642.0000
2026-06-01,2026,6,Otros departamentos,14,"Ferreteria, vidrios y pinturas",0,119.4606,24.3000,6.1411,19.1900,46647.1828,17.8000,5.8412,18.7800,38455.8965,0,368967.0000,463642.0000
2026-06-01,2026,6,Otros departamentos,15,Otras mercancias de uso domestico,0,136.4897,24.3000,6.1411,19.1900,46647.1828,17.8000,5.8412,18.7800,38455.8965,0,368967.0000,463642.0000
2026-07-01,2026,7,Antioquia,4,Prendas de vestir y textiles,0,99.5020,20.7000,6.0248,19.1900,61858.2972,24.3000,6.1411,19.1900,46647.1828,0,211429.0000,192725.0000
2026-07-01,2026,7,Antioquia,8,Electrodomesticos y muebles,1,177.8925,20.7000,6.0248,19.1900,61858.2972,24.3000,6.1411,19.1900,46647.1828,0,211429.0000,192725.0000
2026-07-01,2026,7,Antioquia,9,Articulos y utensilios domesticos,0,169.6303,20.7000,6.0248,19.1900,61858.2972,24.3000,6.1411,19.1900,46647.1828,0,211429.0000,192725.0000
2026-07-01,2026,7,Antioquia,10,Aseo del hogar,0,150.1871,20.7000,6.0248,19.1900,61858.2972,24.3000,6.1411,19.1900,46647.1828,0,211429.0000,192725.0000
2026-07-01,2026,7,Antioquia,11,Informatica y telecomunicaciones,0,273.8649,20.7000,6.0248,19.1900,61858.2972,24.3000,6.1411,19.1900,46647.1828,0,211429.0000,192725.0000
2026-07-01,2026,7,Antioquia,12,Sonido y video,0,223.7791,20.7000,6.0248,19.1900,61858.2972,24.3000,6.1411,19.1900,46647.1828,0,211429.0000,192725.0000
2026-07-01,2026,7,Antioquia,14,"Ferreteria, vidrios y pinturas",0,119.5836,20.7000,6.0248,19.1900,61858.2972,24.3000,6.1411,19.1900,46647.1828,0,211429.0000,192725.0000
2026-07-01,2026,7,Antioquia,15,Otras mercancias de uso domestico,0,131.5791,20.7000,6.0248,19.1900,61858.2972,24.3000,6.1411,19.1900,46647.1828,0,211429.0000,192725.0000
2026-07-01,2026,7,Atlantico,4,Prendas de vestir y textiles,0,82.9801,20.7000,6.0248,19.1900,61858.2972,24.3000,6.1411,19.1900,46647.1828,0,117438.0000,49621.0000
2026-07-01,2026,7,Atlantico,8,Electrodomesticos y muebles,1,149.0932,20.7000,6.0248,19.1900,61858.2972,24.3000,6.1411,19.1900,46647.1828,0,117438.0000,49621.0000
2026-07-01,2026,7,Atlantico,9,Articulos y utensilios domesticos,0,141.4145,20.7000,6.0248,19.1900,61858.2972,24.3000,6.1411,19.1900,46647.1828,0,117438.0000,49621.0000
2026-07-01,2026,7,Atlantico,10,Aseo del hogar,0,129.9968,20.7000,6.0248,19.1900,61858.2972,24.3000,6.1411,19.1900,46647.1828,0,117438.0000,49621.0000
2026-07-01,2026,7,Atlantico,11,Informatica y telecomunicaciones,0,239.0551,20.7000,6.0248,19.1900,61858.2972,24.3000,6.1411,19.1900,46647.1828,0,117438.0000,49621.0000
2026-07-01,2026,7,Atlantico,12,Sonido y video,0,178.2069,20.7000,6.0248,19.1900,61858.2972,24.3000,6.1411,19.1900,46647.1828,0,117438.0000,49621.0000
2026-07-01,2026,7,Atlantico,14,"Ferreteria, vidrios y pinturas",0,99.3593,20.7000,6.0248,19.1900,61858.2972,24.3000,6.1411,19.1900,46647.1828,0,117438.0000,49621.0000
2026-07-01,2026,7,Atlantico,15,Otras mercancias de uso domestico,0,111.3303,20.7000,6.0248,19.1900,61858.2972,24.3000,6.1411,19.1900,46647.1828,0,117438.0000,49621.0000
2026-07-01,2026,7,Bogota,4,Prendas de vestir y textiles,0,103.6923,20.7000,6.0248,19.1900,61858.2972,24.3000,6.1411,19.1900,46647.1828,0,115597.0000,302542.0000
2026-07-01,2026,7,Bogota,8,Electrodomesticos y muebles,1,187.8595,20.7000,6.0248,19.1900,61858.2972,24.3000,6.1411,19.1900,46647.1828,0,115597.0000,302542.0000
2026-07-01,2026,7,Bogota,9,Articulos y utensilios domesticos,0,176.4325,20.7000,6.0248,19.1900,61858.2972,24.3000,6.1411,19.1900,46647.1828,0,115597.0000,302542.0000
2026-07-01,2026,7,Bogota,10,Aseo del hogar,0,163.2560,20.7000,6.0248,19.1900,61858.2972,24.3000,6.1411,19.1900,46647.1828,0,115597.0000,302542.0000
2026-07-01,2026,7,Bogota,11,Informatica y telecomunicaciones,0,288.5393,20.7000,6.0248,19.1900,61858.2972,24.3000,6.1411,19.1900,46647.1828,0,115597.0000,302542.0000
2026-07-01,2026,7,Bogota,12,Sonido y video,0,226.9854,20.7000,6.0248,19.1900,61858.2972,24.3000,6.1411,19.1900,46647.1828,0,115597.0000,302542.0000
2026-07-01,2026,7,Bogota,14,"Ferreteria, vidrios y pinturas",0,121.9560,20.7000,6.0248,19.1900,61858.2972,24.3000,6.1411,19.1900,46647.1828,0,115597.0000,302542.0000
2026-07-01,2026,7,Bogota,15,Otras mercancias de uso domestico,0,141.1732,20.7000,6.0248,19.1900,61858.2972,24.3000,6.1411,19.1900,46647.1828,0,115597.0000,302542.0000
2026-07-01,2026,7,Cundinamarca,4,Prendas de vestir y textiles,0,138.8082,20.7000,6.0248,19.1900,61858.2972,24.3000,6.1411,19.1900,46647.1828,0,164004.0000,105327.0000
2026-07-01,2026,7,Cundinamarca,8,Electrodomesticos y muebles,1,249.9030,20.7000,6.0248,19.1900,61858.2972,24.3000,6.1411,19.1900,46647.1828,0,164004.0000,105327.0000
2026-07-01,2026,7,Cundinamarca,9,Articulos y utensilios domesticos,0,229.8423,20.7000,6.0248,19.1900,61858.2972,24.3000,6.1411,19.1900,46647.1828,0,164004.0000,105327.0000
2026-07-01,2026,7,Cundinamarca,10,Aseo del hogar,0,220.1030,20.7000,6.0248,19.1900,61858.2972,24.3000,6.1411,19.1900,46647.1828,0,164004.0000,105327.0000
2026-07-01,2026,7,Cundinamarca,11,Informatica y telecomunicaciones,0,383.3720,20.7000,6.0248,19.1900,61858.2972,24.3000,6.1411,19.1900,46647.1828,0,164004.0000,105327.0000
2026-07-01,2026,7,Cundinamarca,12,Sonido y video,0,310.9362,20.7000,6.0248,19.1900,61858.2972,24.3000,6.1411,19.1900,46647.1828,0,164004.0000,105327.0000
2026-07-01,2026,7,Cundinamarca,14,"Ferreteria, vidrios y pinturas",0,167.1151,20.7000,6.0248,19.1900,61858.2972,24.3000,6.1411,19.1900,46647.1828,0,164004.0000,105327.0000
2026-07-01,2026,7,Cundinamarca,15,Otras mercancias de uso domestico,0,186.9897,20.7000,6.0248,19.1900,61858.2972,24.3000,6.1411,19.1900,46647.1828,0,164004.0000,105327.0000
2026-07-01,2026,7,Santander,4,Prendas de vestir y textiles,0,99.4618,20.7000,6.0248,19.1900,61858.2972,24.3000,6.1411,19.1900,46647.1828,0,61373.0000,48749.0000
2026-07-01,2026,7,Santander,8,Electrodomesticos y muebles,1,172.9865,20.7000,6.0248,19.1900,61858.2972,24.3000,6.1411,19.1900,46647.1828,0,61373.0000,48749.0000
2026-07-01,2026,7,Santander,9,Articulos y utensilios domesticos,0,164.7661,20.7000,6.0248,19.1900,61858.2972,24.3000,6.1411,19.1900,46647.1828,0,61373.0000,48749.0000
2026-07-01,2026,7,Santander,10,Aseo del hogar,0,150.8317,20.7000,6.0248,19.1900,61858.2972,24.3000,6.1411,19.1900,46647.1828,0,61373.0000,48749.0000
2026-07-01,2026,7,Santander,11,Informatica y telecomunicaciones,0,271.7705,20.7000,6.0248,19.1900,61858.2972,24.3000,6.1411,19.1900,46647.1828,0,61373.0000,48749.0000
2026-07-01,2026,7,Santander,12,Sonido y video,0,211.5226,20.7000,6.0248,19.1900,61858.2972,24.3000,6.1411,19.1900,46647.1828,0,61373.0000,48749.0000
2026-07-01,2026,7,Santander,14,"Ferreteria, vidrios y pinturas",0,116.0901,20.7000,6.0248,19.1900,61858.2972,24.3000,6.1411,19.1900,46647.1828,0,61373.0000,48749.0000
2026-07-01,2026,7,Santander,15,Otras mercancias de uso domestico,0,127.6166,20.7000,6.0248,19.1900,61858.2972,24.3000,6.1411,19.1900,46647.1828,0,61373.0000,48749.0000
2026-07-01,2026,7,Valle del Cauca,4,Prendas de vestir y textiles,0,81.5300,20.7000,6.0248,19.1900,61858.2972,24.3000,6.1411,19.1900,46647.1828,0,131119.0000,84503.0000
2026-07-01,2026,7,Valle del Cauca,8,Electrodomesticos y muebles,1,143.4361,20.7000,6.0248,19.1900,61858.2972,24.3000,6.1411,19.1900,46647.1828,0,131119.0000,84503.0000
2026-07-01,2026,7,Valle del Cauca,9,Articulos y utensilios domesticos,0,140.5160,20.7000,6.0248,19.1900,61858.2972,24.3000,6.1411,19.1900,46647.1828,0,131119.0000,84503.0000
2026-07-01,2026,7,Valle del Cauca,10,Aseo del hogar,0,127.9831,20.7000,6.0248,19.1900,61858.2972,24.3000,6.1411,19.1900,46647.1828,0,131119.0000,84503.0000
2026-07-01,2026,7,Valle del Cauca,11,Informatica y telecomunicaciones,0,237.8539,20.7000,6.0248,19.1900,61858.2972,24.3000,6.1411,19.1900,46647.1828,0,131119.0000,84503.0000
2026-07-01,2026,7,Valle del Cauca,12,Sonido y video,0,177.7874,20.7000,6.0248,19.1900,61858.2972,24.3000,6.1411,19.1900,46647.1828,0,131119.0000,84503.0000
2026-07-01,2026,7,Valle del Cauca,14,"Ferreteria, vidrios y pinturas",0,99.5445,20.7000,6.0248,19.1900,61858.2972,24.3000,6.1411,19.1900,46647.1828,0,131119.0000,84503.0000
2026-07-01,2026,7,Valle del Cauca,15,Otras mercancias de uso domestico,0,112.3106,20.7000,6.0248,19.1900,61858.2972,24.3000,6.1411,19.1900,46647.1828,0,131119.0000,84503.0000
2026-07-01,2026,7,Otros departamentos,4,Prendas de vestir y textiles,0,105.3967,20.7000,6.0248,19.1900,61858.2972,24.3000,6.1411,19.1900,46647.1828,0,361486.0000,368967.0000
2026-07-01,2026,7,Otros departamentos,8,Electrodomesticos y muebles,1,197.7470,20.7000,6.0248,19.1900,61858.2972,24.3000,6.1411,19.1900,46647.1828,0,361486.0000,368967.0000
2026-07-01,2026,7,Otros departamentos,9,Articulos y utensilios domesticos,0,182.9401,20.7000,6.0248,19.1900,61858.2972,24.3000,6.1411,19.1900,46647.1828,0,361486.0000,368967.0000
2026-07-01,2026,7,Otros departamentos,10,Aseo del hogar,0,163.0374,20.7000,6.0248,19.1900,61858.2972,24.3000,6.1411,19.1900,46647.1828,0,361486.0000,368967.0000
2026-07-01,2026,7,Otros departamentos,11,Informatica y telecomunicaciones,0,296.4156,20.7000,6.0248,19.1900,61858.2972,24.3000,6.1411,19.1900,46647.1828,0,361486.0000,368967.0000
2026-07-01,2026,7,Otros departamentos,12,Sonido y video,0,230.2240,20.7000,6.0248,19.1900,61858.2972,24.3000,6.1411,19.1900,46647.1828,0,361486.0000,368967.0000
2026-07-01,2026,7,Otros departamentos,14,"Ferreteria, vidrios y pinturas",0,125.2683,20.7000,6.0248,19.1900,61858.2972,24.3000,6.1411,19.1900,46647.1828,0,361486.0000,368967.0000
2026-07-01,2026,7,Otros departamentos,15,Otras mercancias de uso domestico,0,143.2136,20.7000,6.0248,19.1900,61858.2972,24.3000,6.1411,19.1900,46647.1828,0,361486.0000,368967.0000
