fecha,anio,mes,departamento,linea_codigo,linea,es_muebles,indice_ventas_real,icc,inflacion_anual,tasa_consumo,importaciones_muebles_usd_miles,icc_rez1,inflacion_anual_rez1,tasa_consumo_rez1,importaciones_muebles_usd_miles_rez1,covid,area_vivienda_m2,area_vivienda_m2_rez1
2019-01-01,2019,1,Antioquia,4,Prendas de vestir y textiles,0,74.6183,-2.8000,3.1477,19.1600,35394.7523,-8.3000,3.1779,19.4000,33042.9878,0,232741.0000,
2019-01-01,2019,1,Antioquia,8,Electrodomesticos y muebles,1,94.4855,-2.8000,3.1477,19.1600,35394.7523,-8.3000,3.1779,19.4000,33042.9878,0,232741.0000,
2019-01-01,2019,1,Antioquia,9,Articulos y utensilios domesticos,0,89.4889,-2.8000,3.1477,19.1600,35394.7523,-8.3000,3.1779,19.4000,33042.9878,0,232741.0000,
2019-01-01,2019,1,Antioquia,10,Aseo del hogar,0,110.2455,-2.8000,3.1477,19.1600,35394.7523,-8.3000,3.1779,19.4000,33042.9878,0,232741.0000,
2019-01-01,2019,1,Antioquia,11,Informatica y telecomunicaciones,0,78.6024,-2.8000,3.1477,19.1600,35394.7523,-8.3000,3.1779,19.4000,33042.9878,0,232741.0000,
2019-01-01,2019,1,Antioquia,12,Sonido y video,0,68.1887,-2.8000,3.1477,19.1600,35394.7523,-8.3000,3.1779,19.4000,33042.9878,0,232741.0000,
2019-01-01,2019,1,Antioquia,14,"Ferreteria, vidrios y pinturas",0,89.2273,-2.8000,3.1477,19.1600,35394.7523,-8.3000,3.1779,19.4000,33042.9878,0,232741.0000,
2019-01-01,2019,1,Antioquia,15,Otras mercancias de uso domestico,0,76.2690,-2.8000,3.1477,19.1600,35394.7523,-8.3000,3.1779,19.4000,33042.9878,0,232741.0000,
2019-01-01,2019,1,Atlantico,4,Prendas de vestir y textiles,0,67.5711,-2.8000,3.1477,19.1600,35394.7523,-8.3000,3.1779,19.4000,33042.9878,0,142765.0000,
2019-01-01,2019,1,Atlantico,8,Electrodomesticos y muebles,1,101.5623,-2.8000,3.1477,19.1600,35394.7523,-8.3000,3.1779,19.4000,33042.9878,0,142765.0000,
2019-01-01,2019,1,Atlantico,9,Articulos y utensilios domesticos,0,91.6178,-2.8000,3.1477,19.1600,35394.7523,-8.3000,3.1779,19.4000,33042.9878,0,142765.0000,
2019-01-01,2019,1,Atlantico,10,Aseo del hogar,0,74.9068,-2.8000,3.1477,19.1600,35394.7523,-8.3000,3.1779,19.4000,33042.9878,0,142765.0000,
2019-01-01,2019,1,Atlantico,11,Informatica y telecomunicaciones,0,87.9360,-2.8000,3.1477,19.1600,35394.7523,-8.3000,3.1779,19.4000,33042.9878,0,142765.0000,
2019-01-01,2019,1,Atlantico,12,Sonido y video,0,66.0462,-2.8000,3.1477,19.1600,35394.7523,-8.3000,3.1779,19.4000,33042.9878,0,142765.0000,
2019-01-01,2019,1,Atlantico,14,"Ferreteria, vidrios y pinturas",0,86.6764,-2.8000,3.1477,19.1600,35394.7523,-8.3000,3.1779,19.4000,33042.9878,0,142765.0000,
2019-01-01,2019,1,Atlantico,15,Otras mercancias de uso domestico,0,105.6237,-2.8000,3.1477,19.1600,35394.7523,-8.3000,3.1779,19.4000,33042.9878,0,142765.0000,
2019-01-01,2019,1,Bogota,4,Prendas de vestir y textiles,0,73.5856,-2.8000,3.1477,19.1600,35394.7523,-8.3000,3.1779,19.4000,33042.9878,0,167676.0000,
2019-01-01,2019,1,Bogota,8,Electrodomesticos y muebles,1,83.0612,-2.8000,3.1477,19.1600,35394.7523,-8.3000,3.1779,19.4000,33042.9878,0,167676.0000,
2019-01-01,2019,1,Bogota,9,Articulos y utensilios domesticos,0,80.2306,-2.8000,3.1477,19.1600,35394.7523,-8.3000,3.1779,19.4000,33042.9878,0,167676.0000,
2019-01-01,2019,1,Bogota,10,Aseo del hogar,0,79.2342,-2.8000,3.1477,19.1600,35394.7523,-8.3000,3.1779,19.4000,33042.9878,0,167676.0000,
2019-01-01,2019,1,Bogota,11,Informatica y telecomunicaciones,0,65.3923,-2.8000,3.1477,19.1600,35394.7523,-8.3000,3.1779,19.4000,33042.9878,0,167676.0000,
2019-01-01,2019,1,Bogota,12,Sonido y video,0,73.4580,-2.8000,3.1477,19.1600,35394.7523,-8.3000,3.1779,19.4000,33042.9878,0,167676.0000,
2019-01-01,2019,1,Bogota,14,"Ferreteria, vidrios y pinturas",0,89.0190,-2.8000,3.1477,19.1600,35394.7523,-8.3000,3.1779,19.4000,33042.9878,0,167676.0000,
2019-01-01,2019,1,Bogota,15,Otras mercancias de uso domestico,0,76.6249,-2.8000,3.1477,19.1600,35394.7523,-8.3000,3.1779,19.4000,33042.9878,0,167676.0000,
2019-01-01,2019,1,Cundinamarca,4,Prendas de vestir y textiles,0,80.1740,-2.8000,3.1477,19.1600,35394.7523,-8.3000,3.1779,19.4000,33042.9878,0,75419.0000,
2019-01-01,2019,1,Cundinamarca,8,Electrodomesticos y muebles,1,71.2835,-2.8000,3.1477,19.1600,35394.7523,-8.3000,3.1779,19.4000,33042.9878,0,75419.0000,
2019-01-01,2019,1,Cundinamarca,9,Articulos y utensilios domesticos,0,106.5997,-2.8000,3.1477,19.1600,35394.7523,-8.3000,3.1779,19.4000,33042.9878,0,75419.0000,
2019-01-01,2019,1,Cundinamarca,10,Aseo del hogar,0,106.7629,-2.8000,3.1477,19.1600,35394.7523,-8.3000,3.1779,19.4000,33042.9878,0,75419.0000,
2019-01-01,2019,1,Cundinamarca,11,Informatica y telecomunicaciones,0,92.1393,-2.8000,3.1477,19.1600,35394.7523,-8.3000,3.1779,19.4000,33042.9878,0,75419.0000,
2019-01-01,2019,1,Cundinamarca,12,Sonido y video,0,74.8295,-2.8000,3.1477,19.1600,35394.7523,-8.3000,3.1779,19.4000,33042.9878,0,75419.0000,
2019-01-01,2019,1,Cundinamarca,14,"Ferreteria, vidrios y pinturas",0,80.7434,-2.8000,3.1477,19.1600,35394.7523,-8.3000,3.1779,19.4000,33042.9878,0,75419.0000,
2019-01-01,2019,1,Cundinamarca,15,Otras mercancias de uso domestico,0,86.4515,-2.8000,3.1477,19.1600,35394.7523,-8.3000,3.1779,19.4000,33042.9878,0,75419.0000,
2019-01-01,2019,1,Santander,4,Prendas de vestir y textiles,0,76.9533,-2.8000,3.1477,19.1600,35394.7523,-8.3000,3.1779,19.4000,33042.9878,0,33899.0000,
2019-01-01,2019,1,Santander,8,Electrodomesticos y muebles,1,96.1838,-2.8000,3.1477,19.1600,35394.7523,-8.3000,3.1779,19.4000,33042.9878,0,33899.0000,
2019-01-01,2019,1,Santander,9,Articulos y utensilios domesticos,0,101.1902,-2.8000,3.1477,19.1600,35394.7523,-8.3000,3.1779,19.4000,33042.9878,0,33899.0000,
2019-01-01,2019,1,Santander,10,Aseo del hogar,0,89.1287,-2.8000,3.1477,19.1600,35394.7523,-8.3000,3.1779,19.4000,33042.9878,0,33899.0000,
2019-01-01,2019,1,Santander,11,Informatica y telecomunicaciones,0,57.8773,-2.8000,3.1477,19.1600,35394.7523,-8.3000,3.1779,19.4000,33042.9878,0,33899.0000,
2019-01-01,2019,1,Santander,12,Sonido y video,0,77.6852,-2.8000,3.1477,19.1600,35394.7523,-8.3000,3.1779,19.4000,33042.9878,0,33899.0000,
2019-01-01,2019,1,Santander,14,"Ferreteria, vidrios y pinturas",0,109.7137,-2.8000,3.1477,19.1600,35394.7523,-8.3000,3.1779,19.4000,33042.9878,0,33899.0000,
2019-01-01,2019,1,Santander,15,Otras mercancias de uso domestico,0,88.3000,-2.8000,3.1477,19.1600,35394.7523,-8.3000,3.1779,19.4000,33042.9878,0,33899.0000,
2019-01-01,2019,1,Valle del Cauca,4,Prendas de vestir y textiles,0,90.5244,-2.8000,3.1477,19.1600,35394.7523,-8.3000,3.1779,19.4000,33042.9878,0,279828.0000,
2019-01-01,2019,1,Valle del Cauca,8,Electrodomesticos y muebles,1,105.1609,-2.8000,3.1477,19.1600,35394.7523,-8.3000,3.1779,19.4000,33042.9878,0,279828.0000,
2019-01-01,2019,1,Valle del Cauca,9,Articulos y utensilios domesticos,0,105.8757,-2.8000,3.1477,19.1600,35394.7523,-8.3000,3.1779,19.4000,33042.9878,0,279828.0000,
2019-01-01,2019,1,Valle del Cauca,10,Aseo del hogar,0,95.7813,-2.8000,3.1477,19.1600,35394.7523,-8.3000,3.1779,19.4000,33042.9878,0,279828.0000,
2019-01-01,2019,1,Valle del Cauca,11,Informatica y telecomunicaciones,0,74.4733,-2.8000,3.1477,19.1600,35394.7523,-8.3000,3.1779,19.4000,33042.9878,0,279828.0000,
2019-01-01,2019,1,Valle del Cauca,12,Sonido y video,0,89.0755,-2.8000,3.1477,19.1600,35394.7523,-8.3000,3.1779,19.4000,33042.9878,0,279828.0000,
2019-01-01,2019,1,Valle del Cauca,14,"Ferreteria, vidrios y pinturas",0,99.5872,-2.8000,3.1477,19.1600,35394.7523,-8.3000,3.1779,19.4000,33042.9878,0,279828.0000,
2019-01-01,2019,1,Valle del Cauca,15,Otras mercancias de uso domestico,0,97.6875,-2.8000,3.1477,19.1600,35394.7523,-8.3000,3.1779,19.4000,33042.9878,0,279828.0000,
2019-01-01,2019,1,Otros departamentos,4,Prendas de vestir y textiles,0,75.8376,-2.8000,3.1477,19.1600,35394.7523,-8.3000,3.1779,19.4000,33042.9878,0,381407.0000,
2019-01-01,2019,1,Otros departamentos,8,Electrodomesticos y muebles,1,88.7972,-2.8000,3.1477,19.1600,35394.7523,-8.3000,3.1779,19.4000,33042.9878,0,381407.0000,
2019-01-01,2019,1,Otros departamentos,9,Articulos y utensilios domesticos,0,99.5821,-2.8000,3.1477,19.1600,35394.7523,-8.3000,3.1779,19.4000,33042.9878,0,381407.0000,
2019-01-01,2019,1,Otros departamentos,10,Aseo del hogar,0,104.5967,-2.8000,3.1477,19.1600,35394.7523,-8.3000,3.1779,19.4000,33042.9878,0,381407.0000,
2019-01-01,2019,1,Otros departamentos,11,Informatica y telecomunicaciones,0,83.5729,-2.8000,3.1477,19.1600,35394.7523,-8.3000,3.1779,19.4000,33042.9878,0,381407.0000,
2019-01-01,2019,1,Otros departamentos,12,Sonido y video,0,55.4935,-2.8000,3.1477,19.1600,35394.7523,-8.3000,3.1779,19.4000,33042.9878,0,381407.0000,
2019-01-01,2019,1,Otros departamentos,14,"Ferreteria, vidrios y pinturas",0,92.2915,-2.8000,3.1477,19.1600,35394.7523,-8.3000,3.1779,19.4000,33042.9878,0,381407.0000,
2019-01-01,2019,1,Otros departamentos,15,Otras mercancias de uso domestico,0,86.7475,-2.8000,3.1477,19.1600,35394.7523,-8.3000,3.1779,19.4000,33042.9878,0,381407.0000,
2019-02-01,2019,2,Antioquia,4,Prendas de vestir y textiles,0,54.6735,-5.6000,3.0136,19.7000,31224.5745,-2.8000,3.1477,19.1600,35394.7523,0,335956.0000,232741.0000
2019-02-01,2019,2,Antioquia,8,Electrodomesticos y muebles,1,92.4101,-5.6000,3.0136,19.7000,31224.5745,-2.8000,3.1477,19.1600,35394.7523,0,335956.0000,232741.0000
2019-02-01,2019,2,Antioquia,9,Articulos y utensilios domesticos,0,75.3288,-5.6000,3.0136,19.7000,31224.5745,-2.8000,3.1477,19.1600,35394.7523,0,335956.0000,232741.0000
2019-02-01,2019,2,Antioquia,10,Aseo del hogar,0,90.8011,-5.6000,3.0136,19.7000,31224.5745,-2.8000,3.1477,19.1600,35394.7523,0,335956.0000,232741.0000
2019-02-01,2019,2,Antioquia,11,Informatica y telecomunicaciones,0,93.5519,-5.6000,3.0136,19.7000,31224.5745,-2.8000,3.1477,19.1600,35394.7523,0,335956.0000,232741.0000
2019-02-01,2019,2,Antioquia,12,Sonido y video,0,78.7897,-5.6000,3.0136,19.7000,31224.5745,-2.8000,3.1477,19.1600,35394.7523,0,335956.0000,232741.0000
2019-02-01,2019,2,Antioquia,14,"Ferreteria, vidrios y pinturas",0,95.4917,-5.6000,3.0136,19.7000,31224.5745,-2.8000,3.1477,19.1600,35394.7523,0,335956.0000,232741.0000
2019-02-01,2019,2,Antioquia,15,Otras mercancias de uso domestico,0,75.2602,-5.6000,3.0136,19.7000,31224.5745,-2.8000,3.1477,19.1600,35394.7523,0,335956.0000,232741.0000
2019-02-01,2019,2,Atlantico,4,Prendas de vestir y textiles,0,60.3118,-5.6000,3.0136,19.7000,31224.5745,-2.8000,3.1477,19.1600,35394.7523,0,23332.0000,142765.0000
2019-02-01,2019,2,Atlantico,8,Electrodomesticos y muebles,1,114.4119,-5.6000,3.0136,19.7000,31224.5745,-2.8000,3.1477,19.1600,35394.7523,0,23332.0000,142765.0000
2019-02-01,2019,2,Atlantico,9,Articulos y utensilios domesticos,0,92.4719,-5.6000,3.0136,19.7000,31224.5745,-2.8000,3.1477,19.1600,35394.7523,0,23332.0000,142765.0000
2019-02-01,2019,2,Atlantico,10,Aseo del hogar,0,71.3883,-5.6000,3.0136,19.7000,31224.5745,-2.8000,3.1477,19.1600,35394.7523,0,23332.0000,142765.0000
2019-02-01,2019,2,Atlantico,11,Informatica y telecomunicaciones,0,73.7085,-5.6000,3.0136,19.7000,31224.5745,-2.8000,3.1477,19.1600,35394.7523,0,23332.0000,142765.0000
2019-02-01,2019,2,Atlantico,12,Sonido y video,0,76.2261,-5.6000,3.0136,19.7000,31224.5745,-2.8000,3.1477,19.1600,35394.7523,0,23332.0000,142765.0000
2019-02-01,2019,2,Atlantico,14,"Ferreteria, vidrios y pinturas",0,90.7621,-5.6000,3.0136,19.7000,31224.5745,-2.8000,3.1477,19.1600,35394.7523,0,23332.0000,142765.0000
2019-02-01,2019,2,Atlantico,15,Otras mercancias de uso domestico,0,78.2785,-5.6000,3.0136,19.7000,31224.5745,-2.8000,3.1477,19.1600,35394.7523,0,23332.0000,142765.0000
2019-02-01,2019,2,Bogota,4,Prendas de vestir y textiles,0,67.7816,-5.6000,3.0136,19.7000,31224.5745,-2.8000,3.1477,19.1600,35394.7523,0,245045.0000,167676.0000
2019-02-01,2019,2,Bogota,8,Electrodomesticos y muebles,1,80.4098,-5.6000,3.0136,19.7000,31224.5745,-2.8000,3.1477,19.1600,35394.7523,0,245045.0000,167676.0000
2019-02-01,2019,2,Bogota,9,Articulos y utensilios domesticos,0,83.3408,-5.6000,3.0136,19.7000,31224.5745,-2.8000,3.1477,19.1600,35394.7523,0,245045.0000,167676.0000
2019-02-01,2019,2,Bogota,10,Aseo del hogar,0,83.9001,-5.6000,3.0136,19.7000,31224.5745,-2.8000,3.1477,19.1600,35394.7523,0,245045.0000,167676.0000
2019-02-01,2019,2,Bogota,11,Informatica y telecomunicaciones,0,67.2656,-5.6000,3.0136,19.7000,31224.5745,-2.8000,3.1477,19.1600,35394.7523,0,245045.0000,167676.0000
2019-02-01,2019,2,Bogota,12,Sonido y video,0,82.1286,-5.6000,3.0136,19.7000,31224.5745,-2.8000,3.1477,19.1600,35394.7523,0,245045.0000,167676.0000
2019-02-01,2019,2,Bogota,14,"Ferreteria, vidrios y pinturas",0,88.4266,-5.6000,3.0136,19.7000,31224.5745,-2.8000,3.1477,19.1600,35394.7523,0,245045.0000,167676.0000
2019-02-01,2019,2,Bogota,15,Otras mercancias de uso domestico,0,71.8938,-5.6000,3.0136,19.7000,31224.5745,-2.8000,3.1477,19.1600,35394.7523,0,245045.0000,167676.0000
2019-02-01,2019,2,Cundinamarca,4,Prendas de vestir y textiles,0,62.2195,-5.6000,3.0136,19.7000,31224.5745,-2.8000,3.1477,19.1600,35394.7523,0,120218.0000,75419.0000
2019-02-01,2019,2,Cundinamarca,8,Electrodomesticos y muebles,1,81.7646,-5.6000,3.0136,19.7000,31224.5745,-2.8000,3.1477,19.1600,35394.7523,0,120218.0000,75419.0000
2019-02-01,2019,2,Cundinamarca,9,Articulos y utensilios domesticos,0,87.5256,-5.6000,3.0136,19.7000,31224.5745,-2.8000,3.1477,19.1600,35394.7523,0,120218.0000,75419.0000
2019-02-01,2019,2,Cundinamarca,10,Aseo del hogar,0,106.5056,-5.6000,3.0136,19.7000,31224.5745,-2.8000,3.1477,19.1600,35394.7523,0,120218.0000,75419.0000
2019-02-01,2019,2,Cundinamarca,11,Informatica y telecomunicaciones,0,102.1033,-5.6000,3.0136,19.7000,31224.5745,-2.8000,3.1477,19.1600,35394.7523,0,120218.0000,75419.0000
2019-02-01,2019,2,Cundinamarca,12,Sonido y video,0,69.3800,-5.6000,3.0136,19.7000,31224.5745,-2.8000,3.1477,19.1600,35394.7523,0,120218.0000,75419.0000
2019-02-01,2019,2,Cundinamarca,14,"Ferreteria, vidrios y pinturas",0,62.4573,-5.6000,3.0136,19.7000,31224.5745,-2.8000,3.1477,19.1600,35394.7523,0,120218.0000,75419.0000
2019-02-01,2019,2,Cundinamarca,15,Otras mercancias de uso domestico,0,86.8420,-5.6000,3.0136,19.7000,31224.5745,-2.8000,3.1477,19.1600,35394.7523,0,120218.0000,75419.0000
2019-02-01,2019,2,Santander,4,Prendas de vestir y textiles,0,66.3351,-5.6000,3.0136,19.7000,31224.5745,-2.8000,3.1477,19.1600,35394.7523,0,49704.0000,33899.0000
2019-02-01,2019,2,Santander,8,Electrodomesticos y muebles,1,85.1792,-5.6000,3.0136,19.7000,31224.5745,-2.8000,3.1477,19.1600,35394.7523,0,49704.0000,33899.0000
2019-02-01,2019,2,Santander,9,Articulos y utensilios domesticos,0,88.0141,-5.6000,3.0136,19.7000,31224.5745,-2.8000,3.1477,19.1600,35394.7523,0,49704.0000,33899.0000
2019-02-01,2019,2,Santander,10,Aseo del hogar,0,85.0182,-5.6000,3.0136,19.7000,31224.5745,-2.8000,3.1477,19.1600,35394.7523,0,49704.0000,33899.0000
2019-02-01,2019,2,Santander,11,Informatica y telecomunicaciones,0,78.6719,-5.6000,3.0136,19.7000,31224.5745,-2.8000,3.1477,19.1600,35394.7523,0,49704.0000,33899.0000
2019-02-01,2019,2,Santander,12,Sonido y video,0,83.4617,-5.6000,3.0136,19.7000,31224.5745,-2.8000,3.1477,19.1600,35394.7523,0,49704.0000,33899.0000
2019-02-01,2019,2,Santander,14,"Ferreteria, vidrios y pinturas",0,124.5342,-5.6000,3.0136,19.7000,31224.5745,-2.8000,3.1477,19.1600,35394.7523,0,49704.0000,33899.0000
2019-02-01,2019,2,Santander,15,Otras mercancias de uso domestico,0,88.9802,-5.6000,3.0136,19.7000,31224.5745,-2.8000,3.1477,19.1600,35394.7523,0,49704.0000,33899.0000
2019-02-01,2019,2,Valle del Cauca,4,Prendas de vestir y textiles,0,72.1346,-5.6000,3.0136,19.7000,31224.5745,-2.8000,3.1477,19.1600,35394.7523,0,186642.0000,279828.0000
2019-02-01,2019,2,Valle del Cauca,8,Electrodomesticos y muebles,1,92.8273,-5.6000,3.0136,19.7000,31224.5745,-2.8000,3.1477,19.1600,35394.7523,0,186642.0000,279828.0000
2019-02-01,2019,2,Valle del Cauca,9,Articulos y utensilios domesticos,0,100.2080,-5.6000,3.0136,19.7000,31224.5745,-2.8000,3.1477,19.1600,35394.7523,0,186642.0000,279828.0000
2019-02-01,2019,2,Valle del Cauca,10,Aseo del hogar,0,99.2340,-5.6000,3.0136,19.7000,31224.5745,-2.8000,3.1477,19.1600,35394.7523,0,186642.0000,279828.0000
2019-02-01,2019,2,Valle del Cauca,11,Informatica y telecomunicaciones,0,87.2058,-5.6000,3.0136,19.7000,31224.5745,-2.8000,3.1477,19.1600,35394.7523,0,186642.0000,279828.0000
2019-02-01,2019,2,Valle del Cauca,12,Sonido y video,0,85.2515,-5.6000,3.0136,19.7000,31224.5745,-2.8000,3.1477,19.1600,35394.7523,0,186642.0000,279828.0000
2019-02-01,2019,2,Valle del Cauca,14,"Ferreteria, vidrios y pinturas",0,102.9415,-5.6000,3.0136,19.7000,31224.5745,-2.8000,3.1477,19.1600,35394.7523,0,186642.0000,279828.0000
2019-02-01,2019,2,Valle del Cauca,15,Otras mercancias de uso domestico,0,93.8159,-5.6000,3.0136,19.7000,31224.5745,-2.8000,3.1477,19.1600,35394.7523,0,186642.0000,279828.0000
2019-02-01,2019,2,Otros departamentos,4,Prendas de vestir y textiles,0,63.6067,-5.6000,3.0136,19.7000,31224.5745,-2.8000,3.1477,19.1600,35394.7523,0,459221.0000,381407.0000
2019-02-01,2019,2,Otros departamentos,8,Electrodomesticos y muebles,1,76.7071,-5.6000,3.0136,19.7000,31224.5745,-2.8000,3.1477,19.1600,35394.7523,0,459221.0000,381407.0000
2019-02-01,2019,2,Otros departamentos,9,Articulos y utensilios domesticos,0,82.7969,-5.6000,3.0136,19.7000,31224.5745,-2.8000,3.1477,19.1600,35394.7523,0,459221.0000,381407.0000
2019-02-01,2019,2,Otros departamentos,10,Aseo del hogar,0,92.5813,-5.6000,3.0136,19.7000,31224.5745,-2.8000,3.1477,19.1600,35394.7523,0,459221.0000,381407.0000
2019-02-01,2019,2,Otros departamentos,11,Informatica y telecomunicaciones,0,89.1939,-5.6000,3.0136,19.7000,31224.5745,-2.8000,3.1477,19.1600,35394.7523,0,459221.0000,381407.0000
2019-02-01,2019,2,Otros departamentos,12,Sonido y video,0,74.2904,-5.6000,3.0136,19.7000,31224.5745,-2.8000,3.1477,19.1600,35394.7523,0,459221.0000,381407.0000
2019-02-01,2019,2,Otros departamentos,14,"Ferreteria, vidrios y pinturas",0,82.8833,-5.6000,3.0136,19.7000,31224.5745,-2.8000,3.1477,19.1600,35394.7523,0,459221.0000,381407.0000
2019-02-01,2019,2,Otros departamentos,15,Otras mercancias de uso domestico,0,76.3539,-5.6000,3.0136,19.7000,31224.5745,-2.8000,3.1477,19.1600,35394.7523,0,459221.0000,381407.0000
2019-03-01,2019,3,Antioquia,4,Prendas de vestir y textiles,0,74.7042,1.2000,3.2199,19.3700,31509.3750,-5.6000,3.0136,19.7000,31224.5745,0,291196.0000,335956.0000
2019-03-01,2019,3,Antioquia,8,Electrodomesticos y muebles,1,116.7335,1.2000,3.2199,19.3700,31509.3750,-5.6000,3.0136,19.7000,31224.5745,0,291196.0000,335956.0000
2019-03-01,2019,3,Antioquia,9,Articulos y utensilios domesticos,0,91.6201,1.2000,3.2199,19.3700,31509.3750,-5.6000,3.0136,19.7000,31224.5745,0,291196.0000,335956.0000
2019-03-01,2019,3,Antioquia,10,Aseo del hogar,0,101.5479,1.2000,3.2199,19.3700,31509.3750,-5.6000,3.0136,19.7000,31224.5745,0,291196.0000,335956.0000
2019-03-01,2019,3,Antioquia,11,Informatica y telecomunicaciones,0,94.6100,1.2000,3.2199,19.3700,31509.3750,-5.6000,3.0136,19.7000,31224.5745,0,291196.0000,335956.0000
2019-03-01,2019,3,Antioquia,12,Sonido y video,0,104.6503,1.2000,3.2199,19.3700,31509.3750,-5.6000,3.0136,19.7000,31224.5745,0,291196.0000,335956.0000
2019-03-01,2019,3,Antioquia,14,"Ferreteria, vidrios y pinturas",0,97.0869,1.2000,3.2199,19.3700,31509.3750,-5.6000,3.0136,19.7000,31224.5745,0,291196.0000,335956.0000
2019-03-01,2019,3,Antioquia,15,Otras mercancias de uso domestico,0,81.9239,1.2000,3.2199,19.3700,31509.3750,-5.6000,3.0136,19.7000,31224.5745,0,291196.0000,335956.0000
2019-03-01,2019,3,Atlantico,4,Prendas de vestir y textiles,0,73.5093,1.2000,3.2199,19.3700,31509.3750,-5.6000,3.0136,19.7000,31224.5745,0,90257.0000,23332.0000
2019-03-01,2019,3,Atlantico,8,Electrodomesticos y muebles,1,126.1346,1.2000,3.2199,19.3700,31509.3750,-5.6000,3.0136,19.7000,31224.5745,0,90257.0000,23332.0000
2019-03-01,2019,3,Atlantico,9,Articulos y utensilios domesticos,0,90.5452,1.2000,3.2199,19.3700,31509.3750,-5.6000,3.0136,19.7000,31224.5745,0,90257.0000,23332.0000
2019-03-01,2019,3,Atlantico,10,Aseo del hogar,0,77.3333,1.2000,3.2199,19.3700,31509.3750,-5.6000,3.0136,19.7000,31224.5745,0,90257.0000,23332.0000
2019-03-01,2019,3,Atlantico,11,Informatica y telecomunicaciones,0,99.3415,1.2000,3.2199,19.3700,31509.3750,-5.6000,3.0136,19.7000,31224.5745,0,90257.0000,23332.0000
2019-03-01,2019,3,Atlantico,12,Sonido y video,0,90.3003,1.2000,3.2199,19.3700,31509.3750,-5.6000,3.0136,19.7000,31224.5745,0,90257.0000,23332.0000
2019-03-01,2019,3,Atlantico,14,"Ferreteria, vidrios y pinturas",0,94.2853,1.2000,3.2199,19.3700,31509.3750,-5.6000,3.0136,19.7000,31224.5745,0,90257.0000,23332.0000
2019-03-01,2019,3,Atlantico,15,Otras mercancias de uso domestico,0,85.9654,1.2000,3.2199,19.3700,31509.3750,-5.6000,3.0136,19.7000,31224.5745,0,90257.0000,23332.0000
2019-03-01,2019,3,Bogota,4,Prendas de vestir y textiles,0,86.6409,1.2000,3.2199,19.3700,31509.3750,-5.6000,3.0136,19.7000,31224.5745,0,325930.0000,245045.0000
2019-03-01,2019,3,Bogota,8,Electrodomesticos y muebles,1,94.0011,1.2000,3.2199,19.3700,31509.3750,-5.6000,3.0136,19.7000,31224.5745,0,325930.0000,245045.0000
2019-03-01,2019,3,Bogota,9,Articulos y utensilios domesticos,0,110.5478,1.2000,3.2199,19.3700,31509.3750,-5.6000,3.0136,19.7000,31224.5745,0,325930.0000,245045.0000
2019-03-01,2019,3,Bogota,10,Aseo del hogar,0,112.6657,1.2000,3.2199,19.3700,31509.3750,-5.6000,3.0136,19.7000,31224.5745,0,325930.0000,245045.0000
2019-03-01,2019,3,Bogota,11,Informatica y telecomunicaciones,0,99.2053,1.2000,3.2199,19.3700,31509.3750,-5.6000,3.0136,19.7000,31224.5745,0,325930.0000,245045.0000
2019-03-01,2019,3,Bogota,12,Sonido y video,0,88.9175,1.2000,3.2199,19.3700,31509.3750,-5.6000,3.0136,19.7000,31224.5745,0,325930.0000,245045.0000
2019-03-01,2019,3,Bogota,14,"Ferreteria, vidrios y pinturas",0,106.4557,1.2000,3.2199,19.3700,31509.3750,-5.6000,3.0136,19.7000,31224.5745,0,325930.0000,245045.0000
2019-03-01,2019,3,Bogota,15,Otras mercancias de uso domestico,0,81.0345,1.2000,3.2199,19.3700,31509.3750,-5.6000,3.0136,19.7000,31224.5745,0,325930.0000,245045.0000
2019-03-01,2019,3,Cundinamarca,4,Prendas de vestir y textiles,0,76.4007,1.2000,3.2199,19.3700,31509.3750,-5.6000,3.0136,19.7000,31224.5745,0,96575.0000,120218.0000
2019-03-01,2019,3,Cundinamarca,8,Electrodomesticos y muebles,1,96.7747,1.2000,3.2199,19.3700,31509.3750,-5.6000,3.0136,19.7000,31224.5745,0,96575.0000,120218.0000
2019-03-01,2019,3,Cundinamarca,9,Articulos y utensilios domesticos,0,113.8908,1.2000,3.2199,19.3700,31509.3750,-5.6000,3.0136,19.7000,31224.5745,0,96575.0000,120218.0000
2019-03-01,2019,3,Cundinamarca,10,Aseo del hogar,0,121.9162,1.2000,3.2199,19.3700,31509.3750,-5.6000,3.0136,19.7000,31224.5745,0,96575.0000,120218.0000
2019-03-01,2019,3,Cundinamarca,11,Informatica y telecomunicaciones,0,110.9099,1.2000,3.2199,19.3700,31509.3750,-5.6000,3.0136,19.7000,31224.5745,0,96575.0000,120218.0000
2019-03-01,2019,3,Cundinamarca,12,Sonido y video,0,99.2204,1.2000,3.2199,19.3700,31509.3750,-5.6000,3.0136,19.7000,31224.5745,0,96575.0000,120218.0000
2019-03-01,2019,3,Cundinamarca,14,"Ferreteria, vidrios y pinturas",0,76.5842,1.2000,3.2199,19.3700,31509.3750,-5.6000,3.0136,19.7000,31224.5745,0,96575.0000,120218.0000
2019-03-01,2019,3,Cundinamarca,15,Otras mercancias de uso domestico,0,88.7917,1.2000,3.2199,19.3700,31509.3750,-5.6000,3.0136,19.7000,31224.5745,0,96575.0000,120218.0000
2019-03-01,2019,3,Santander,4,Prendas de vestir y textiles,0,76.9076,1.2000,3.2199,19.3700,31509.3750,-5.6000,3.0136,19.7000,31224.5745,0,84976.0000,49704.0000
2019-03-01,2019,3,Santander,8,Electrodomesticos y muebles,1,101.5451,1.2000,3.2199,19.3700,31509.3750,-5.6000,3.0136,19.7000,31224.5745,0,84976.0000,49704.0000
2019-03-01,2019,3,Santander,9,Articulos y utensilios domesticos,0,100.1687,1.2000,3.2199,19.3700,31509.3750,-5.6000,3.0136,19.7000,31224.5745,0,84976.0000,49704.0000
2019-03-01,2019,3,Santander,10,Aseo del hogar,0,84.1136,1.2000,3.2199,19.3700,31509.3750,-5.6000,3.0136,19.7000,31224.5745,0,84976.0000,49704.0000
2019-03-01,2019,3,Santander,11,Informatica y telecomunicaciones,0,102.5406,1.2000,3.2199,19.3700,31509.3750,-5.6000,3.0136,19.7000,31224.5745,0,84976.0000,49704.0000
2019-03-01,2019,3,Santander,12,Sonido y video,0,93.1720,1.2000,3.2199,19.3700,31509.3750,-5.6000,3.0136,19.7000,31224.5745,0,84976.0000,49704.0000
2019-03-01,2019,3,Santander,14,"Ferreteria, vidrios y pinturas",0,129.9019,1.2000,3.2199,19.3700,31509.3750,-5.6000,3.0136,19.7000,31224.5745,0,84976.0000,49704.0000
2019-03-01,2019,3,Santander,15,Otras mercancias de uso domestico,0,79.6674,1.2000,3.2199,19.3700,31509.3750,-5.6000,3.0136,19.7000,31224.5745,0,84976.0000,49704.0000
2019-03-01,2019,3,Valle del Cauca,4,Prendas de vestir y textiles,0,83.1611,1.2000,3.2199,19.3700,31509.3750,-5.6000,3.0136,19.7000,31224.5745,0,102741.0000,186642.0000
2019-03-01,2019,3,Valle del Cauca,8,Electrodomesticos y muebles,1,92.7284,1.2000,3.2199,19.3700,31509.3750,-5.6000,3.0136,19.7000,31224.5745,0,102741.0000,186642.0000
2019-03-01,2019,3,Valle del Cauca,9,Articulos y utensilios domesticos,0,96.0518,1.2000,3.2199,19.3700,31509.3750,-5.6000,3.0136,19.7000,31224.5745,0,102741.0000,186642.0000
2019-03-01,2019,3,Valle del Cauca,10,Aseo del hogar,0,98.5346,1.2000,3.2199,19.3700,31509.3750,-5.6000,3.0136,19.7000,31224.5745,0,102741.0000,186642.0000
2019-03-01,2019,3,Valle del Cauca,11,Informatica y telecomunicaciones,0,116.8777,1.2000,3.2199,19.3700,31509.3750,-5.6000,3.0136,19.7000,31224.5745,0,102741.0000,186642.0000
2019-03-01,2019,3,Valle del Cauca,12,Sonido y video,0,98.0111,1.2000,3.2199,19.3700,31509.3750,-5.6000,3.0136,19.7000,31224.5745,0,102741.0000,186642.0000
2019-03-01,2019,3,Valle del Cauca,14,"Ferreteria, vidrios y pinturas",0,88.0279,1.2000,3.2199,19.3700,31509.3750,-5.6000,3.0136,19.7000,31224.5745,0,102741.0000,186642.0000
2019-03-01,2019,3,Valle del Cauca,15,Otras mercancias de uso domestico,0,76.5841,1.2000,3.2199,19.3700,31509.3750,-5.6000,3.0136,19.7000,31224.5745,0,102741.0000,186642.0000
2019-03-01,2019,3,Otros departamentos,4,Prendas de vestir y textiles,0,65.8454,1.2000,3.2199,19.3700,31509.3750,-5.6000,3.0136,19.7000,31224.5745,0,630148.0000,459221.0000
2019-03-01,2019,3,Otros departamentos,8,Electrodomesticos y muebles,1,84.3083,1.2000,3.2199,19.3700,31509.3750,-5.6000,3.0136,19.7000,31224.5745,0,630148.0000,459221.0000
2019-03-01,2019,3,Otros departamentos,9,Articulos y utensilios domesticos,0,88.9577,1.2000,3.2199,19.3700,31509.3750,-5.6000,3.0136,19.7000,31224.5745,0,630148.0000,459221.0000
2019-03-01,2019,3,Otros departamentos,10,Aseo del hogar,0,97.3531,1.2000,3.2199,19.3700,31509.3750,-5.6000,3.0136,19.7000,31224.5745,0,630148.0000,459221.0000
2019-03-01,2019,3,Otros departamentos,11,Informatica y telecomunicaciones,0,77.9802,1.2000,3.2199,19.3700,31509.3750,-5.6000,3.0136,19.7000,31224.5745,0,630148.0000,459221.0000
2019-03-01,2019,3,Otros departamentos,12,Sonido y video,0,88.2619,1.2000,3.2199,19.3700,31509.3750,-5.6000,3.0136,19.7000,31224.5745,0,630148.0000,459221.0000
2019-03-01,2019,3,Otros departamentos,14,"Ferreteria, vidrios y pinturas",0,93.6053,1.2000,3.2199,19.3700,31509.3750,-5.6000,3.0136,19.7000,31224.5745,0,630148.0000,459221.0000
2019-03-01,2019,3,Otros departamentos,15,Otras mercancias de uso domestico,0,97.1269,1.2000,3.2199,19.3700,31509.3750,-5.6000,3.0136,19.7000,31224.5745,0,630148.0000,459221.0000
2019-04-01,2019,4,Antioquia,4,Prendas de vestir y textiles,0,57.5367,-9.6000,3.2454,19.3200,28112.0651,1.2000,3.2199,19.3700,31509.3750,0,277712.0000,291196.0000
2019-04-01,2019,4,Antioquia,8,Electrodomesticos y muebles,1,93.0975,-9.6000,3.2454,19.3200,28112.0651,1.2000,3.2199,19.3700,31509.3750,0,277712.0000,291196.0000
2019-04-01,2019,4,Antioquia,9,Articulos y utensilios domesticos,0,75.2039,-9.6000,3.2454,19.3200,28112.0651,1.2000,3.2199,19.3700,31509.3750,0,277712.0000,291196.0000
2019-04-01,2019,4,Antioquia,10,Aseo del hogar,0,98.5435,-9.6000,3.2454,19.3200,28112.0651,1.2000,3.2199,19.3700,31509.3750,0,277712.0000,291196.0000
2019-04-01,2019,4,Antioquia,11,Informatica y telecomunicaciones,0,74.9990,-9.6000,3.2454,19.3200,28112.0651,1.2000,3.2199,19.3700,31509.3750,0,277712.0000,291196.0000
2019-04-01,2019,4,Antioquia,12,Sonido y video,0,95.7128,-9.6000,3.2454,19.3200,28112.0651,1.2000,3.2199,19.3700,31509.3750,0,277712.0000,291196.0000
2019-04-01,2019,4,Antioquia,14,"Ferreteria, vidrios y pinturas",0,84.7116,-9.6000,3.2454,19.3200,28112.0651,1.2000,3.2199,19.3700,31509.3750,0,277712.0000,291196.0000
2019-04-01,2019,4,Antioquia,15,Otras mercancias de uso domestico,0,81.7469,-9.6000,3.2454,19.3200,28112.0651,1.2000,3.2199,19.3700,31509.3750,0,277712.0000,291196.0000
2019-04-01,2019,4,Atlantico,4,Prendas de vestir y textiles,0,87.2759,-9.6000,3.2454,19.3200,28112.0651,1.2000,3.2199,19.3700,31509.3750,0,42760.0000,90257.0000
2019-04-01,2019,4,Atlantico,8,Electrodomesticos y muebles,1,112.7822,-9.6000,3.2454,19.3200,28112.0651,1.2000,3.2199,19.3700,31509.3750,0,42760.0000,90257.0000
2019-04-01,2019,4,Atlantico,9,Articulos y utensilios domesticos,0,90.6727,-9.6000,3.2454,19.3200,28112.0651,1.2000,3.2199,19.3700,31509.3750,0,42760.0000,90257.0000
2019-04-01,2019,4,Atlantico,10,Aseo del hogar,0,81.2458,-9.6000,3.2454,19.3200,28112.0651,1.2000,3.2199,19.3700,31509.3750,0,42760.0000,90257.0000
2019-04-01,2019,4,Atlantico,11,Informatica y telecomunicaciones,0,81.0236,-9.6000,3.2454,19.3200,28112.0651,1.2000,3.2199,19.3700,31509.3750,0,42760.0000,90257.0000
2019-04-01,2019,4,Atlantico,12,Sonido y video,0,73.5592,-9.6000,3.2454,19.3200,28112.0651,1.2000,3.2199,19.3700,31509.3750,0,42760.0000,90257.0000
2019-04-01,2019,4,Atlantico,14,"Ferreteria, vidrios y pinturas",0,110.8597,-9.6000,3.2454,19.3200,28112.0651,1.2000,3.2199,19.3700,31509.3750,0,42760.0000,90257.0000
2019-04-01,2019,4,Atlantico,15,Otras mercancias de uso domestico,0,97.0110,-9.6000,3.2454,19.3200,28112.0651,1.2000,3.2199,19.3700,31509.3750,0,42760.0000,90257.0000
2019-04-01,2019,4,Bogota,4,Prendas de vestir y textiles,0,73.7118,-9.6000,3.2454,19.3200,28112.0651,1.2000,3.2199,19.3700,31509.3750,0,192199.0000,325930.0000
2019-04-01,2019,4,Bogota,8,Electrodomesticos y muebles,1,75.0925,-9.6000,3.2454,19.3200,28112.0651,1.2000,3.2199,19.3700,31509.3750,0,192199.0000,325930.0000
2019-04-01,2019,4,Bogota,9,Articulos y utensilios domesticos,0,94.6056,-9.6000,3.2454,19.3200,28112.0651,1.2000,3.2199,19.3700,31509.3750,0,192199.0000,325930.0000
2019-04-01,2019,4,Bogota,10,Aseo del hogar,0,83.9066,-9.6000,3.2454,19.3200,28112.0651,1.2000,3.2199,19.3700,31509.3750,0,192199.0000,325930.0000
2019-04-01,2019,4,Bogota,11,Informatica y telecomunicaciones,0,69.6190,-9.6000,3.2454,19.3200,28112.0651,1.2000,3.2199,19.3700,31509.3750,0,192199.0000,325930.0000
2019-04-01,2019,4,Bogota,12,Sonido y video,0,64.3121,-9.6000,3.2454,19.3200,28112.0651,1.2000,3.2199,19.3700,31509.3750,0,192199.0000,325930.0000
2019-04-01,2019,4,Bogota,14,"Ferreteria, vidrios y pinturas",0,102.1550,-9.6000,3.2454,19.3200,28112.0651,1.2000,3.2199,19.3700,31509.3750,0,192199.0000,325930.0000
2019-04-01,2019,4,Bogota,15,Otras mercancias de uso domestico,0,93.7369,-9.6000,3.2454,19.3200,28112.0651,1.2000,3.2199,19.3700,31509.3750,0,192199.0000,325930.0000
2019-04-01,2019,4,Cundinamarca,4,Prendas de vestir y textiles,0,67.4862,-9.6000,3.2454,19.3200,28112.0651,1.2000,3.2199,19.3700,31509.3750,0,249146.0000,96575.0000
2019-04-01,2019,4,Cundinamarca,8,Electrodomesticos y muebles,1,83.9569,-9.6000,3.2454,19.3200,28112.0651,1.2000,3.2199,19.3700,31509.3750,0,249146.0000,96575.0000
2019-04-01,2019,4,Cundinamarca,9,Articulos y utensilios domesticos,0,78.6441,-9.6000,3.2454,19.3200,28112.0651,1.2000,3.2199,19.3700,31509.3750,0,249146.0000,96575.0000
2019-04-01,2019,4,Cundinamarca,10,Aseo del hogar,0,108.7524,-9.6000,3.2454,19.3200,28112.0651,1.2000,3.2199,19.3700,31509.3750,0,249146.0000,96575.0000
2019-04-01,2019,4,Cundinamarca,11,Informatica y telecomunicaciones,0,94.8680,-9.6000,3.2454,19.3200,28112.0651,1.2000,3.2199,19.3700,31509.3750,0,249146.0000,96575.0000
2019-04-01,2019,4,Cundinamarca,12,Sonido y video,0,84.1394,-9.6000,3.2454,19.3200,28112.0651,1.2000,3.2199,19.3700,31509.3750,0,249146.0000,96575.0000
2019-04-01,2019,4,Cundinamarca,14,"Ferreteria, vidrios y pinturas",0,80.0814,-9.6000,3.2454,19.3200,28112.0651,1.2000,3.2199,19.3700,31509.3750,0,249146.0000,96575.0000
2019-04-01,2019,4,Cundinamarca,15,Otras mercancias de uso domestico,0,84.7867,-9.6000,3.2454,19.3200,28112.0651,1.2000,3.2199,19.3700,31509.3750,0,249146.0000,96575.0000
2019-04-01,2019,4,Santander,4,Prendas de vestir y textiles,0,78.1016,-9.6000,3.2454,19.3200,28112.0651,1.2000,3.2199,19.3700,31509.3750,0,100116.0000,84976.0000
2019-04-01,2019,4,Santander,8,Electrodomesticos y muebles,1,89.4598,-9.6000,3.2454,19.3200,28112.0651,1.2000,3.2199,19.3700,31509.3750,0,100116.0000,84976.0000
2019-04-01,2019,4,Santander,9,Articulos y utensilios domesticos,0,94.7950,-9.6000,3.2454,19.3200,28112.0651,1.2000,3.2199,19.3700,31509.3750,0,100116.0000,84976.0000
2019-04-01,2019,4,Santander,10,Aseo del hogar,0,85.0188,-9.6000,3.2454,19.3200,28112.0651,1.2000,3.2199,19.3700,31509.3750,0,100116.0000,84976.0000
2019-04-01,2019,4,Santander,11,Informatica y telecomunicaciones,0,96.9029,-9.6000,3.2454,19.3200,28112.0651,1.2000,3.2199,19.3700,31509.3750,0,100116.0000,84976.0000
2019-04-01,2019,4,Santander,12,Sonido y video,0,80.5882,-9.6000,3.2454,19.3200,28112.0651,1.2000,3.2199,19.3700,31509.3750,0,100116.0000,84976.0000
2019-04-01,2019,4,Santander,14,"Ferreteria, vidrios y pinturas",0,104.5728,-9.6000,3.2454,19.3200,28112.0651,1.2000,3.2199,19.3700,31509.3750,0,100116.0000,84976.0000
2019-04-01,2019,4,Santander,15,Otras mercancias de uso domestico,0,91.4331,-9.6000,3.2454,19.3200,28112.0651,1.2000,3.2199,19.3700,31509.3750,0,100116.0000,84976.0000
2019-04-01,2019,4,Valle del Cauca,4,Prendas de vestir y textiles,0,62.1943,-9.6000,3.2454,19.3200,28112.0651,1.2000,3.2199,19.3700,31509.3750,0,228884.0000,102741.0000
2019-04-01,2019,4,Valle del Cauca,8,Electrodomesticos y muebles,1,77.3161,-9.6000,3.2454,19.3200,28112.0651,1.2000,3.2199,19.3700,31509.3750,0,228884.0000,102741.0000
2019-04-01,2019,4,Valle del Cauca,9,Articulos y utensilios domesticos,0,80.5673,-9.6000,3.2454,19.3200,28112.0651,1.2000,3.2199,19.3700,31509.3750,0,228884.0000,102741.0000
2019-04-01,2019,4,Valle del Cauca,10,Aseo del hogar,0,80.3960,-9.6000,3.2454,19.3200,28112.0651,1.2000,3.2199,19.3700,31509.3750,0,228884.0000,102741.0000
2019-04-01,2019,4,Valle del Cauca,11,Informatica y telecomunicaciones,0,90.7972,-9.6000,3.2454,19.3200,28112.0651,1.2000,3.2199,19.3700,31509.3750,0,228884.0000,102741.0000
2019-04-01,2019,4,Valle del Cauca,12,Sonido y video,0,72.8136,-9.6000,3.2454,19.3200,28112.0651,1.2000,3.2199,19.3700,31509.3750,0,228884.0000,102741.0000
2019-04-01,2019,4,Valle del Cauca,14,"Ferreteria, vidrios y pinturas",0,89.2958,-9.6000,3.2454,19.3200,28112.0651,1.2000,3.2199,19.3700,31509.3750,0,228884.0000,102741.0000
2019-04-01,2019,4,Valle del Cauca,15,Otras mercancias de uso domestico,0,79.0920,-9.6000,3.2454,19.3200,28112.0651,1.2000,3.2199,19.3700,31509.3750,0,228884.0000,102741.0000
2019-04-01,2019,4,Otros departamentos,4,Prendas de vestir y textiles,0,75.0050,-9.6000,3.2454,19.3200,28112.0651,1.2000,3.2199,19.3700,31509.3750,0,422305.0000,630148.0000
2019-04-01,2019,4,Otros departamentos,8,Electrodomesticos y muebles,1,89.1128,-9.6000,3.2454,19.3200,28112.0651,1.2000,3.2199,19.3700,31509.3750,0,422305.0000,630148.0000
2019-04-01,2019,4,Otros departamentos,9,Articulos y utensilios domesticos,0,79.2356,-9.6000,3.2454,19.3200,28112.0651,1.2000,3.2199,19.3700,31509.3750,0,422305.0000,630148.0000
2019-04-01,2019,4,Otros departamentos,10,Aseo del hogar,0,99.5564,-9.6000,3.2454,19.3200,28112.0651,1.2000,3.2199,19.3700,31509.3750,0,422305.0000,630148.0000
2019-04-01,2019,4,Otros departamentos,11,Informatica y telecomunicaciones,0,84.8590,-9.6000,3.2454,19.3200,28112.0651,1.2000,3.2199,19.3700,31509.3750,0,422305.0000,630148.0000
2019-04-01,2019,4,Otros departamentos,12,Sonido y video,0,85.2089,-9.6000,3.2454,19.3200,28112.0651,1.2000,3.2199,19.3700,31509.3750,0,422305.0000,630148.0000
2019-04-01,2019,4,Otros departamentos,14,"Ferreteria, vidrios y pinturas",0,84.4229,-9.6000,3.2454,19.3200,28112.0651,1.2000,3.2199,19.3700,31509.3750,0,422305.0000,630148.0000
2019-04-01,2019,4,Otros departamentos,15,Otras mercancias de uso domestico,0,80.1593,-9.6000,3.2454,19.3200,28112.0651,1.2000,3.2199,19.3700,31509.3750,0,422305.0000,630148.0000
2019-05-01,2019,5,Antioquia,4,Prendas de vestir y textiles,0,55.4564,-5.0000,3.3078,19.3400,30511.9727,-9.6000,3.2454,19.3200,28112.0651,0,221195.0000,277712.0000
2019-05-01,2019,5,Antioquia,8,Electrodomesticos y muebles,1,98.7613,-5.0000,3.3078,19.3400,30511.9727,-9.6000,3.2454,19.3200,28112.0651,0,221195.0000,277712.0000
2019-05-01,2019,5,Antioquia,9,Articulos y utensilios domesticos,0,67.1952,-5.0000,3.3078,19.3400,30511.9727,-9.6000,3.2454,19.3200,28112.0651,0,221195.0000,277712.0000
2019-05-01,2019,5,Antioquia,10,Aseo del hogar,0,116.1669,-5.0000,3.3078,19.3400,30511.9727,-9.6000,3.2454,19.3200,28112.0651,0,221195.0000,277712.0000
2019-05-01,2019,5,Antioquia,11,Informatica y telecomunicaciones,0,93.6175,-5.0000,3.3078,19.3400,30511.9727,-9.6000,3.2454,19.3200,28112.0651,0,221195.0000,277712.0000
2019-05-01,2019,5,Antioquia,12,Sonido y video,0,101.9631,-5.0000,3.3078,19.3400,30511.9727,-9.6000,3.2454,19.3200,28112.0651,0,221195.0000,277712.0000
2019-05-01,2019,5,Antioquia,14,"Ferreteria, vidrios y pinturas",0,84.8178,-5.0000,3.3078,19.3400,30511.9727,-9.6000,3.2454,19.3200,28112.0651,0,221195.0000,277712.0000
2019-05-01,2019,5,Antioquia,15,Otras mercancias de uso domestico,0,95.9673,-5.0000,3.3078,19.3400,30511.9727,-9.6000,3.2454,19.3200,28112.0651,0,221195.0000,277712.0000
2019-05-01,2019,5,Atlantico,4,Prendas de vestir y textiles,0,74.5883,-5.0000,3.3078,19.3400,30511.9727,-9.6000,3.2454,19.3200,28112.0651,0,62500.0000,42760.0000
2019-05-01,2019,5,Atlantico,8,Electrodomesticos y muebles,1,101.4338,-5.0000,3.3078,19.3400,30511.9727,-9.6000,3.2454,19.3200,28112.0651,0,62500.0000,42760.0000
2019-05-01,2019,5,Atlantico,9,Articulos y utensilios domesticos,0,87.0846,-5.0000,3.3078,19.3400,30511.9727,-9.6000,3.2454,19.3200,28112.0651,0,62500.0000,42760.0000
2019-05-01,2019,5,Atlantico,10,Aseo del hogar,0,85.4518,-5.0000,3.3078,19.3400,30511.9727,-9.6000,3.2454,19.3200,28112.0651,0,62500.0000,42760.0000
2019-05-01,2019,5,Atlantico,11,Informatica y telecomunicaciones,0,96.7008,-5.0000,3.3078,19.3400,30511.9727,-9.6000,3.2454,19.3200,28112.0651,0,62500.0000,42760.0000
2019-05-01,2019,5,Atlantico,12,Sonido y video,0,103.5821,-5.0000,3.3078,19.3400,30511.9727,-9.6000,3.2454,19.3200,28112.0651,0,62500.0000,42760.0000
2019-05-01,2019,5,Atlantico,14,"Ferreteria, vidrios y pinturas",0,122.6771,-5.0000,3.3078,19.3400,30511.9727,-9.6000,3.2454,19.3200,28112.0651,0,62500.0000,42760.0000
2019-05-01,2019,5,Atlantico,15,Otras mercancias de uso domestico,0,94.0140,-5.0000,3.3078,19.3400,30511.9727,-9.6000,3.2454,19.3200,28112.0651,0,62500.0000,42760.0000
2019-05-01,2019,5,Bogota,4,Prendas de vestir y textiles,0,87.9969,-5.0000,3.3078,19.3400,30511.9727,-9.6000,3.2454,19.3200,28112.0651,0,323605.0000,192199.0000
2019-05-01,2019,5,Bogota,8,Electrodomesticos y muebles,1,86.1585,-5.0000,3.3078,19.3400,30511.9727,-9.6000,3.2454,19.3200,28112.0651,0,323605.0000,192199.0000
2019-05-01,2019,5,Bogota,9,Articulos y utensilios domesticos,0,83.7099,-5.0000,3.3078,19.3400,30511.9727,-9.6000,3.2454,19.3200,28112.0651,0,323605.0000,192199.0000
2019-05-01,2019,5,Bogota,10,Aseo del hogar,0,83.9598,-5.0000,3.3078,19.3400,30511.9727,-9.6000,3.2454,19.3200,28112.0651,0,323605.0000,192199.0000
2019-05-01,2019,5,Bogota,11,Informatica y telecomunicaciones,0,79.5908,-5.0000,3.3078,19.3400,30511.9727,-9.6000,3.2454,19.3200,28112.0651,0,323605.0000,192199.0000
2019-05-01,2019,5,Bogota,12,Sonido y video,0,82.6576,-5.0000,3.3078,19.3400,30511.9727,-9.6000,3.2454,19.3200,28112.0651,0,323605.0000,192199.0000
2019-05-01,2019,5,Bogota,14,"Ferreteria, vidrios y pinturas",0,99.1617,-5.0000,3.3078,19.3400,30511.9727,-9.6000,3.2454,19.3200,28112.0651,0,323605.0000,192199.0000
2019-05-01,2019,5,Bogota,15,Otras mercancias de uso domestico,0,91.7916,-5.0000,3.3078,19.3400,30511.9727,-9.6000,3.2454,19.3200,28112.0651,0,323605.0000,192199.0000
2019-05-01,2019,5,Cundinamarca,4,Prendas de vestir y textiles,0,78.7307,-5.0000,3.3078,19.3400,30511.9727,-9.6000,3.2454,19.3200,28112.0651,0,217689.0000,249146.0000
2019-05-01,2019,5,Cundinamarca,8,Electrodomesticos y muebles,1,116.1216,-5.0000,3.3078,19.3400,30511.9727,-9.6000,3.2454,19.3200,28112.0651,0,217689.0000,249146.0000
2019-05-01,2019,5,Cundinamarca,9,Articulos y utensilios domesticos,0,74.4219,-5.0000,3.3078,19.3400,30511.9727,-9.6000,3.2454,19.3200,28112.0651,0,217689.0000,249146.0000
2019-05-01,2019,5,Cundinamarca,10,Aseo del hogar,0,90.4830,-5.0000,3.3078,19.3400,30511.9727,-9.6000,3.2454,19.3200,28112.0651,0,217689.0000,249146.0000
2019-05-01,2019,5,Cundinamarca,11,Informatica y telecomunicaciones,0,94.3902,-5.0000,3.3078,19.3400,30511.9727,-9.6000,3.2454,19.3200,28112.0651,0,217689.0000,249146.0000
2019-05-01,2019,5,Cundinamarca,12,Sonido y video,0,110.4581,-5.0000,3.3078,19.3400,30511.9727,-9.6000,3.2454,19.3200,28112.0651,0,217689.0000,249146.0000
2019-05-01,2019,5,Cundinamarca,14,"Ferreteria, vidrios y pinturas",0,91.1469,-5.0000,3.3078,19.3400,30511.9727,-9.6000,3.2454,19.3200,28112.0651,0,217689.0000,249146.0000
2019-05-01,2019,5,Cundinamarca,15,Otras mercancias de uso domestico,0,82.7055,-5.0000,3.3078,19.3400,30511.9727,-9.6000,3.2454,19.3200,28112.0651,0,217689.0000,249146.0000
2019-05-01,2019,5,Santander,4,Prendas de vestir y textiles,0,86.2302,-5.0000,3.3078,19.3400,30511.9727,-9.6000,3.2454,19.3200,28112.0651,0,87903.0000,100116.0000
2019-05-01,2019,5,Santander,8,Electrodomesticos y muebles,1,110.7286,-5.0000,3.3078,19.3400,30511.9727,-9.6000,3.2454,19.3200,28112.0651,0,87903.0000,100116.0000
2019-05-01,2019,5,Santander,9,Articulos y utensilios domesticos,0,98.7490,-5.0000,3.3078,19.3400,30511.9727,-9.6000,3.2454,19.3200,28112.0651,0,87903.0000,100116.0000
2019-05-01,2019,5,Santander,10,Aseo del hogar,0,81.4309,-5.0000,3.3078,19.3400,30511.9727,-9.6000,3.2454,19.3200,28112.0651,0,87903.0000,100116.0000
2019-05-01,2019,5,Santander,11,Informatica y telecomunicaciones,0,106.0453,-5.0000,3.3078,19.3400,30511.9727,-9.6000,3.2454,19.3200,28112.0651,0,87903.0000,100116.0000
2019-05-01,2019,5,Santander,12,Sonido y video,0,96.3648,-5.0000,3.3078,19.3400,30511.9727,-9.6000,3.2454,19.3200,28112.0651,0,87903.0000,100116.0000
2019-05-01,2019,5,Santander,14,"Ferreteria, vidrios y pinturas",0,105.8583,-5.0000,3.3078,19.3400,30511.9727,-9.6000,3.2454,19.3200,28112.0651,0,87903.0000,100116.0000
2019-05-01,2019,5,Santander,15,Otras mercancias de uso domestico,0,87.8702,-5.0000,3.3078,19.3400,30511.9727,-9.6000,3.2454,19.3200,28112.0651,0,87903.0000,100116.0000
2019-05-01,2019,5,Valle del Cauca,4,Prendas de vestir y textiles,0,77.7927,-5.0000,3.3078,19.3400,30511.9727,-9.6000,3.2454,19.3200,28112.0651,0,151513.0000,228884.0000
2019-05-01,2019,5,Valle del Cauca,8,Electrodomesticos y muebles,1,95.4012,-5.0000,3.3078,19.3400,30511.9727,-9.6000,3.2454,19.3200,28112.0651,0,151513.0000,228884.0000
2019-05-01,2019,5,Valle del Cauca,9,Articulos y utensilios domesticos,0,101.1584,-5.0000,3.3078,19.3400,30511.9727,-9.6000,3.2454,19.3200,28112.0651,0,151513.0000,228884.0000
2019-05-01,2019,5,Valle del Cauca,10,Aseo del hogar,0,99.6926,-5.0000,3.3078,19.3400,30511.9727,-9.6000,3.2454,19.3200,28112.0651,0,151513.0000,228884.0000
2019-05-01,2019,5,Valle del Cauca,11,Informatica y telecomunicaciones,0,105.2628,-5.0000,3.3078,19.3400,30511.9727,-9.6000,3.2454,19.3200,28112.0651,0,151513.0000,228884.0000
2019-05-01,2019,5,Valle del Cauca,12,Sonido y video,0,89.1994,-5.0000,3.3078,19.3400,30511.9727,-9.6000,3.2454,19.3200,28112.0651,0,151513.0000,228884.0000
2019-05-01,2019,5,Valle del Cauca,14,"Ferreteria, vidrios y pinturas",0,111.3436,-5.0000,3.3078,19.3400,30511.9727,-9.6000,3.2454,19.3200,28112.0651,0,151513.0000,228884.0000
2019-05-01,2019,5,Valle del Cauca,15,Otras mercancias de uso domestico,0,90.2514,-5.0000,3.3078,19.3400,30511.9727,-9.6000,3.2454,19.3200,28112.0651,0,151513.0000,228884.0000
2019-05-01,2019,5,Otros departamentos,4,Prendas de vestir y textiles,0,102.5868,-5.0000,3.3078,19.3400,30511.9727,-9.6000,3.2454,19.3200,28112.0651,0,669047.0000,422305.0000
2019-05-01,2019,5,Otros departamentos,8,Electrodomesticos y muebles,1,103.4707,-5.0000,3.3078,19.3400,30511.9727,-9.6000,3.2454,19.3200,28112.0651,0,669047.0000,422305.0000
2019-05-01,2019,5,Otros departamentos,9,Articulos y utensilios domesticos,0,95.7048,-5.0000,3.3078,19.3400,30511.9727,-9.6000,3.2454,19.3200,28112.0651,0,669047.0000,422305.0000
2019-05-01,2019,5,Otros departamentos,10,Aseo del hogar,0,100.6156,-5.0000,3.3078,19.3400,30511.9727,-9.6000,3.2454,19.3200,28112.0651,0,669047.0000,422305.0000
2019-05-01,2019,5,Otros departamentos,11,Informatica y telecomunicaciones,0,94.4029,-5.0000,3.3078,19.3400,30511.9727,-9.6000,3.2454,19.3200,28112.0651,0,669047.0000,422305.0000
2019-05-01,2019,5,Otros departamentos,12,Sonido y video,0,99.5530,-5.0000,3.3078,19.3400,30511.9727,-9.6000,3.2454,19.3200,28112.0651,0,669047.0000,422305.0000
2019-05-01,2019,5,Otros departamentos,14,"Ferreteria, vidrios y pinturas",0,98.6022,-5.0000,3.3078,19.3400,30511.9727,-9.6000,3.2454,19.3200,28112.0651,0,669047.0000,422305.0000
2019-05-01,2019,5,Otros departamentos,15,Otras mercancias de uso domestico,0,90.5723,-5.0000,3.3078,19.3400,30511.9727,-9.6000,3.2454,19.3200,28112.0651,0,669047.0000,422305.0000
2019-06-01,2019,6,Antioquia,4,Prendas de vestir y textiles,0,80.5350,-6.3000,3.4236,19.3000,33746.0760,-5.0000,3.3078,19.3400,30511.9727,0,270708.0000,221195.0000
2019-06-01,2019,6,Antioquia,8,Electrodomesticos y muebles,1,96.8261,-6.3000,3.4236,19.3000,33746.0760,-5.0000,3.3078,19.3400,30511.9727,0,270708.0000,221195.0000
2019-06-01,2019,6,Antioquia,9,Articulos y utensilios domesticos,0,73.3164,-6.3000,3.4236,19.3000,33746.0760,-5.0000,3.3078,19.3400,30511.9727,0,270708.0000,221195.0000
2019-06-01,2019,6,Antioquia,10,Aseo del hogar,0,116.4663,-6.3000,3.4236,19.3000,33746.0760,-5.0000,3.3078,19.3400,30511.9727,0,270708.0000,221195.0000
2019-06-01,2019,6,Antioquia,11,Informatica y telecomunicaciones,0,80.5034,-6.3000,3.4236,19.3000,33746.0760,-5.0000,3.3078,19.3400,30511.9727,0,270708.0000,221195.0000
2019-06-01,2019,6,Antioquia,12,Sonido y video,0,129.5306,-6.3000,3.4236,19.3000,33746.0760,-5.0000,3.3078,19.3400,30511.9727,0,270708.0000,221195.0000
2019-06-01,2019,6,Antioquia,14,"Ferreteria, vidrios y pinturas",0,83.1130,-6.3000,3.4236,19.3000,33746.0760,-5.0000,3.3078,19.3400,30511.9727,0,270708.0000,221195.0000
2019-06-01,2019,6,Antioquia,15,Otras mercancias de uso domestico,0,106.5815,-6.3000,3.4236,19.3000,33746.0760,-5.0000,3.3078,19.3400,30511.9727,0,270708.0000,221195.0000
2019-06-01,2019,6,Atlantico,4,Prendas de vestir y textiles,0,87.2185,-6.3000,3.4236,19.3000,33746.0760,-5.0000,3.3078,19.3400,30511.9727,0,34658.0000,62500.0000
2019-06-01,2019,6,Atlantico,8,Electrodomesticos y muebles,1,97.6698,-6.3000,3.4236,19.3000,33746.0760,-5.0000,3.3078,19.3400,30511.9727,0,34658.0000,62500.0000
2019-06-01,2019,6,Atlantico,9,Articulos y utensilios domesticos,0,88.1874,-6.3000,3.4236,19.3000,33746.0760,-5.0000,3.3078,19.3400,30511.9727,0,34658.0000,62500.0000
2019-06-01,2019,6,Atlantico,10,Aseo del hogar,0,91.7077,-6.3000,3.4236,19.3000,33746.0760,-5.0000,3.3078,19.3400,30511.9727,0,34658.0000,62500.0000
2019-06-01,2019,6,Atlantico,11,Informatica y telecomunicaciones,0,84.5876,-6.3000,3.4236,19.3000,33746.0760,-5.0000,3.3078,19.3400,30511.9727,0,34658.0000,62500.0000
2019-06-01,2019,6,Atlantico,12,Sonido y video,0,130.7845,-6.3000,3.4236,19.3000,33746.0760,-5.0000,3.3078,19.3400,30511.9727,0,34658.0000,62500.0000
2019-06-01,2019,6,Atlantico,14,"Ferreteria, vidrios y pinturas",0,110.2723,-6.3000,3.4236,19.3000,33746.0760,-5.0000,3.3078,19.3400,30511.9727,0,34658.0000,62500.0000
2019-06-01,2019,6,Atlantico,15,Otras mercancias de uso domestico,0,106.2902,-6.3000,3.4236,19.3000,33746.0760,-5.0000,3.3078,19.3400,30511.9727,0,34658.0000,62500.0000
2019-06-01,2019,6,Bogota,4,Prendas de vestir y textiles,0,111.3878,-6.3000,3.4236,19.3000,33746.0760,-5.0000,3.3078,19.3400,30511.9727,0,264947.0000,323605.0000
2019-06-01,2019,6,Bogota,8,Electrodomesticos y muebles,1,84.7314,-6.3000,3.4236,19.3000,33746.0760,-5.0000,3.3078,19.3400,30511.9727,0,264947.0000,323605.0000
2019-06-01,2019,6,Bogota,9,Articulos y utensilios domesticos,0,93.8926,-6.3000,3.4236,19.3000,33746.0760,-5.0000,3.3078,19.3400,30511.9727,0,264947.0000,323605.0000
2019-06-01,2019,6,Bogota,10,Aseo del hogar,0,101.9815,-6.3000,3.4236,19.3000,33746.0760,-5.0000,3.3078,19.3400,30511.9727,0,264947.0000,323605.0000
2019-06-01,2019,6,Bogota,11,Informatica y telecomunicaciones,0,76.0562,-6.3000,3.4236,19.3000,33746.0760,-5.0000,3.3078,19.3400,30511.9727,0,264947.0000,323605.0000
2019-06-01,2019,6,Bogota,12,Sonido y video,0,96.4715,-6.3000,3.4236,19.3000,33746.0760,-5.0000,3.3078,19.3400,30511.9727,0,264947.0000,323605.0000
2019-06-01,2019,6,Bogota,14,"Ferreteria, vidrios y pinturas",0,105.0736,-6.3000,3.4236,19.3000,33746.0760,-5.0000,3.3078,19.3400,30511.9727,0,264947.0000,323605.0000
2019-06-01,2019,6,Bogota,15,Otras mercancias de uso domestico,0,91.1981,-6.3000,3.4236,19.3000,33746.0760,-5.0000,3.3078,19.3400,30511.9727,0,264947.0000,323605.0000
2019-06-01,2019,6,Cundinamarca,4,Prendas de vestir y textiles,0,84.5511,-6.3000,3.4236,19.3000,33746.0760,-5.0000,3.3078,19.3400,30511.9727,0,306072.0000,217689.0000
2019-06-01,2019,6,Cundinamarca,8,Electrodomesticos y muebles,1,100.7021,-6.3000,3.4236,19.3000,33746.0760,-5.0000,3.3078,19.3400,30511.9727,0,306072.0000,217689.0000
2019-06-01,2019,6,Cundinamarca,9,Articulos y utensilios domesticos,0,101.0943,-6.3000,3.4236,19.3000,33746.0760,-5.0000,3.3078,19.3400,30511.9727,0,306072.0000,217689.0000
2019-06-01,2019,6,Cundinamarca,10,Aseo del hogar,0,85.0447,-6.3000,3.4236,19.3000,33746.0760,-5.0000,3.3078,19.3400,30511.9727,0,306072.0000,217689.0000
2019-06-01,2019,6,Cundinamarca,11,Informatica y telecomunicaciones,0,97.0504,-6.3000,3.4236,19.3000,33746.0760,-5.0000,3.3078,19.3400,30511.9727,0,306072.0000,217689.0000
2019-06-01,2019,6,Cundinamarca,12,Sonido y video,0,110.5050,-6.3000,3.4236,19.3000,33746.0760,-5.0000,3.3078,19.3400,30511.9727,0,306072.0000,217689.0000
2019-06-01,2019,6,Cundinamarca,14,"Ferreteria, vidrios y pinturas",0,85.2235,-6.3000,3.4236,19.3000,33746.0760,-5.0000,3.3078,19.3400,30511.9727,0,306072.0000,217689.0000
2019-06-01,2019,6,Cundinamarca,15,Otras mercancias de uso domestico,0,84.9791,-6.3000,3.4236,19.3000,33746.0760,-5.0000,3.3078,19.3400,30511.9727,0,306072.0000,217689.0000
2019-06-01,2019,6,Santander,4,Prendas de vestir y textiles,0,96.4429,-6.3000,3.4236,19.3000,33746.0760,-5.0000,3.3078,19.3400,30511.9727,0,74298.0000,87903.0000
2019-06-01,2019,6,Santander,8,Electrodomesticos y muebles,1,104.6715,-6.3000,3.4236,19.3000,33746.0760,-5.0000,3.3078,19.3400,30511.9727,0,74298.0000,87903.0000
2019-06-01,2019,6,Santander,9,Articulos y utensilios domesticos,0,95.5178,-6.3000,3.4236,19.3000,33746.0760,-5.0000,3.3078,19.3400,30511.9727,0,74298.0000,87903.0000
2019-06-01,2019,6,Santander,10,Aseo del hogar,0,105.4388,-6.3000,3.4236,19.3000,33746.0760,-5.0000,3.3078,19.3400,30511.9727,0,74298.0000,87903.0000
2019-06-01,2019,6,Santander,11,Informatica y telecomunicaciones,0,109.8030,-6.3000,3.4236,19.3000,33746.0760,-5.0000,3.3078,19.3400,30511.9727,0,74298.0000,87903.0000
2019-06-01,2019,6,Santander,12,Sonido y video,0,110.8554,-6.3000,3.4236,19.3000,33746.0760,-5.0000,3.3078,19.3400,30511.9727,0,74298.0000,87903.0000
2019-06-01,2019,6,Santander,14,"Ferreteria, vidrios y pinturas",0,91.7155,-6.3000,3.4236,19.3000,33746.0760,-5.0000,3.3078,19.3400,30511.9727,0,74298.0000,87903.0000
2019-06-01,2019,6,Santander,15,Otras mercancias de uso domestico,0,93.0265,-6.3000,3.4236,19.3000,33746.0760,-5.0000,3.3078,19.3400,30511.9727,0,74298.0000,87903.0000
2019-06-01,2019,6,Valle del Cauca,4,Prendas de vestir y textiles,0,91.4291,-6.3000,3.4236,19.3000,33746.0760,-5.0000,3.3078,19.3400,30511.9727,0,144989.0000,151513.0000
2019-06-01,2019,6,Valle del Cauca,8,Electrodomesticos y muebles,1,83.6919,-6.3000,3.4236,19.3000,33746.0760,-5.0000,3.3078,19.3400,30511.9727,0,144989.0000,151513.0000
2019-06-01,2019,6,Valle del Cauca,9,Articulos y utensilios domesticos,0,82.8553,-6.3000,3.4236,19.3000,33746.0760,-5.0000,3.3078,19.3400,30511.9727,0,144989.0000,151513.0000
2019-06-01,2019,6,Valle del Cauca,10,Aseo del hogar,0,88.3588,-6.3000,3.4236,19.3000,33746.0760,-5.0000,3.3078,19.3400,30511.9727,0,144989.0000,151513.0000
2019-06-01,2019,6,Valle del Cauca,11,Informatica y telecomunicaciones,0,99.0314,-6.3000,3.4236,19.3000,33746.0760,-5.0000,3.3078,19.3400,30511.9727,0,144989.0000,151513.0000
2019-06-01,2019,6,Valle del Cauca,12,Sonido y video,0,102.9091,-6.3000,3.4236,19.3000,33746.0760,-5.0000,3.3078,19.3400,30511.9727,0,144989.0000,151513.0000
2019-06-01,2019,6,Valle del Cauca,14,"Ferreteria, vidrios y pinturas",0,90.8117,-6.3000,3.4236,19.3000,33746.0760,-5.0000,3.3078,19.3400,30511.9727,0,144989.0000,151513.0000
2019-06-01,2019,6,Valle del Cauca,15,Otras mercancias de uso domestico,0,102.7377,-6.3000,3.4236,19.3000,33746.0760,-5.0000,3.3078,19.3400,30511.9727,0,144989.0000,151513.0000
2019-06-01,2019,6,Otros departamentos,4,Prendas de vestir y textiles,0,105.2586,-6.3000,3.4236,19.3000,33746.0760,-5.0000,3.3078,19.3400,30511.9727,0,410928.0000,669047.0000
2019-06-01,2019,6,Otros departamentos,8,Electrodomesticos y muebles,1,111.2717,-6.3000,3.4236,19.3000,33746.0760,-5.0000,3.3078,19.3400,30511.9727,0,410928.0000,669047.0000
2019-06-01,2019,6,Otros departamentos,9,Articulos y utensilios domesticos,0,99.1413,-6.3000,3.4236,19.3000,33746.0760,-5.0000,3.3078,19.3400,30511.9727,0,410928.0000,669047.0000
2019-06-01,2019,6,Otros departamentos,10,Aseo del hogar,0,99.2211,-6.3000,3.4236,19.3000,33746.0760,-5.0000,3.3078,19.3400,30511.9727,0,410928.0000,669047.0000
2019-06-01,2019,6,Otros departamentos,11,Informatica y telecomunicaciones,0,97.6555,-6.3000,3.4236,19.3000,33746.0760,-5.0000,3.3078,19.3400,30511.9727,0,410928.0000,669047.0000
2019-06-01,2019,6,Otros departamentos,12,Sonido y video,0,115.5122,-6.3000,3.4236,19.3000,33746.0760,-5.0000,3.3078,19.3400,30511.9727,0,410928.0000,669047.0000
2019-06-01,2019,6,Otros departamentos,14,"Ferreteria, vidrios y pinturas",0,91.1740,-6.3000,3.4236,19.3000,33746.0760,-5.0000,3.3078,19.3400,30511.9727,0,410928.0000,669047.0000
2019-06-01,2019,6,Otros departamentos,15,Otras mercancias de uso domestico,0,80.3578,-6.3000,3.4236,19.3000,33746.0760,-5.0000,3.3078,19.3400,30511.9727,0,410928.0000,669047.0000
2019-07-01,2019,7,Antioquia,4,Prendas de vestir y textiles,0,81.0647,-5.1000,3.7911,19.2800,34408.8733,-6.3000,3.4236,19.3000,33746.0760,0,239582.0000,270708.0000
2019-07-01,2019,7,Antioquia,8,Electrodomesticos y muebles,1,95.3602,-5.1000,3.7911,19.2800,34408.8733,-6.3000,3.4236,19.3000,33746.0760,0,239582.0000,270708.0000
2019-07-01,2019,7,Antioquia,9,Articulos y utensilios domesticos,0,97.5579,-5.1000,3.7911,19.2800,34408.8733,-6.3000,3.4236,19.3000,33746.0760,0,239582.0000,270708.0000
2019-07-01,2019,7,Antioquia,10,Aseo del hogar,0,110.0253,-5.1000,3.7911,19.2800,34408.8733,-6.3000,3.4236,19.3000,33746.0760,0,239582.0000,270708.0000
2019-07-01,2019,7,Antioquia,11,Informatica y telecomunicaciones,0,103.7979,-5.1000,3.7911,19.2800,34408.8733,-6.3000,3.4236,19.3000,33746.0760,0,239582.0000,270708.0000
2019-07-01,2019,7,Antioquia,12,Sonido y video,0,90.0646,-5.1000,3.7911,19.2800,34408.8733,-6.3000,3.4236,19.3000,33746.0760,0,239582.0000,270708.0000
2019-07-01,2019,7,Antioquia,14,"Ferreteria, vidrios y pinturas",0,105.2610,-5.1000,3.7911,19.2800,34408.8733,-6.3000,3.4236,19.3000,33746.0760,0,239582.0000,270708.0000
2019-07-01,2019,7,Antioquia,15,Otras mercancias de uso domestico,0,107.5644,-5.1000,3.7911,19.2800,34408.8733,-6.3000,3.4236,19.3000,33746.0760,0,239582.0000,270708.0000
2019-07-01,2019,7,Atlantico,4,Prendas de vestir y textiles,0,75.3626,-5.1000,3.7911,19.2800,34408.8733,-6.3000,3.4236,19.3000,33746.0760,0,93611.0000,34658.0000
2019-07-01,2019,7,Atlantico,8,Electrodomesticos y muebles,1,102.7859,-5.1000,3.7911,19.2800,34408.8733,-6.3000,3.4236,19.3000,33746.0760,0,93611.0000,34658.0000
2019-07-01,2019,7,Atlantico,9,Articulos y utensilios domesticos,0,91.3792,-5.1000,3.7911,19.2800,34408.8733,-6.3000,3.4236,19.3000,33746.0760,0,93611.0000,34658.0000
2019-07-01,2019,7,Atlantico,10,Aseo del hogar,0,90.9944,-5.1000,3.7911,19.2800,34408.8733,-6.3000,3.4236,19.3000,33746.0760,0,93611.0000,34658.0000
2019-07-01,2019,7,Atlantico,11,Informatica y telecomunicaciones,0,90.0596,-5.1000,3.7911,19.2800,34408.8733,-6.3000,3.4236,19.3000,33746.0760,0,93611.0000,34658.0000
2019-07-01,2019,7,Atlantico,12,Sonido y video,0,97.0035,-5.1000,3.7911,19.2800,34408.8733,-6.3000,3.4236,19.3000,33746.0760,0,93611.0000,34658.0000
2019-07-01,2019,7,Atlantico,14,"Ferreteria, vidrios y pinturas",0,119.4366,-5.1000,3.7911,19.2800,34408.8733,-6.3000,3.4236,19.3000,33746.0760,0,93611.0000,34658.0000
2019-07-01,2019,7,Atlantico,15,Otras mercancias de uso domestico,0,95.9383,-5.1000,3.7911,19.2800,34408.8733,-6.3000,3.4236,19.3000,33746.0760,0,93611.0000,34658.0000
2019-07-01,2019,7,Bogota,4,Prendas de vestir y textiles,0,90.9015,-5.1000,3.7911,19.2800,34408.8733,-6.3000,3.4236,19.3000,33746.0760,0,325154.0000,264947.0000
2019-07-01,2019,7,Bogota,8,Electrodomesticos y muebles,1,83.9653,-5.1000,3.7911,19.2800,34408.8733,-6.3000,3.4236,19.3000,33746.0760,0,325154.0000,264947.0000
2019-07-01,2019,7,Bogota,9,Articulos y utensilios domesticos,0,106.9293,-5.1000,3.7911,19.2800,34408.8733,-6.3000,3.4236,19.3000,33746.0760,0,325154.0000,264947.0000
2019-07-01,2019,7,Bogota,10,Aseo del hogar,0,109.0766,-5.1000,3.7911,19.2800,34408.8733,-6.3000,3.4236,19.3000,33746.0760,0,325154.0000,264947.0000
2019-07-01,2019,7,Bogota,11,Informatica y telecomunicaciones,0,71.7682,-5.1000,3.7911,19.2800,34408.8733,-6.3000,3.4236,19.3000,33746.0760,0,325154.0000,264947.0000
2019-07-01,2019,7,Bogota,12,Sonido y video,0,78.4754,-5.1000,3.7911,19.2800,34408.8733,-6.3000,3.4236,19.3000,33746.0760,0,325154.0000,264947.0000
2019-07-01,2019,7,Bogota,14,"Ferreteria, vidrios y pinturas",0,103.2170,-5.1000,3.7911,19.2800,34408.8733,-6.3000,3.4236,19.3000,33746.0760,0,325154.0000,264947.0000
2019-07-01,2019,7,Bogota,15,Otras mercancias de uso domestico,0,85.2296,-5.1000,3.7911,19.2800,34408.8733,-6.3000,3.4236,19.3000,33746.0760,0,325154.0000,264947.0000
2019-07-01,2019,7,Cundinamarca,4,Prendas de vestir y textiles,0,81.2032,-5.1000,3.7911,19.2800,34408.8733,-6.3000,3.4236,19.3000,33746.0760,0,278199.0000,306072.0000
2019-07-01,2019,7,Cundinamarca,8,Electrodomesticos y muebles,1,112.3645,-5.1000,3.7911,19.2800,34408.8733,-6.3000,3.4236,19.3000,33746.0760,0,278199.0000,306072.0000
2019-07-01,2019,7,Cundinamarca,9,Articulos y utensilios domesticos,0,97.2220,-5.1000,3.7911,19.2800,34408.8733,-6.3000,3.4236,19.3000,33746.0760,0,278199.0000,306072.0000
2019-07-01,2019,7,Cundinamarca,10,Aseo del hogar,0,82.4761,-5.1000,3.7911,19.2800,34408.8733,-6.3000,3.4236,19.3000,33746.0760,0,278199.0000,306072.0000
2019-07-01,2019,7,Cundinamarca,11,Informatica y telecomunicaciones,0,102.0115,-5.1000,3.7911,19.2800,34408.8733,-6.3000,3.4236,19.3000,33746.0760,0,278199.0000,306072.0000
2019-07-01,2019,7,Cundinamarca,12,Sonido y video,0,92.0974,-5.1000,3.7911,19.2800,34408.8733,-6.3000,3.4236,19.3000,33746.0760,0,278199.0000,306072.0000
2019-07-01,2019,7,Cundinamarca,14,"Ferreteria, vidrios y pinturas",0,102.6321,-5.1000,3.7911,19.2800,34408.8733,-6.3000,3.4236,19.3000,33746.0760,0,278199.0000,306072.0000
2019-07-01,2019,7,Cundinamarca,15,Otras mercancias de uso domestico,0,65.7999,-5.1000,3.7911,19.2800,34408.8733,-6.3000,3.4236,19.3000,33746.0760,0,278199.0000,306072.0000
2019-07-01,2019,7,Santander,4,Prendas de vestir y textiles,0,83.4969,-5.1000,3.7911,19.2800,34408.8733,-6.3000,3.4236,19.3000,33746.0760,0,57574.0000,74298.0000
2019-07-01,2019,7,Santander,8,Electrodomesticos y muebles,1,122.0669,-5.1000,3.7911,19.2800,34408.8733,-6.3000,3.4236,19.3000,33746.0760,0,57574.0000,74298.0000
2019-07-01,2019,7,Santander,9,Articulos y utensilios domesticos,0,93.6154,-5.1000,3.7911,19.2800,34408.8733,-6.3000,3.4236,19.3000,33746.0760,0,57574.0000,74298.0000
2019-07-01,2019,7,Santander,10,Aseo del hogar,0,116.6501,-5.1000,3.7911,19.2800,34408.8733,-6.3000,3.4236,19.3000,33746.0760,0,57574.0000,74298.0000
2019-07-01,2019,7,Santander,11,Informatica y telecomunicaciones,0,81.2874,-5.1000,3.7911,19.2800,34408.8733,-6.3000,3.4236,19.3000,33746.0760,0,57574.0000,74298.0000
2019-07-01,2019,7,Santander,12,Sonido y video,0,95.6739,-5.1000,3.7911,19.2800,34408.8733,-6.3000,3.4236,19.3000,33746.0760,0,57574.0000,74298.0000
2019-07-01,2019,7,Santander,14,"Ferreteria, vidrios y pinturas",0,107.2105,-5.1000,3.7911,19.2800,34408.8733,-6.3000,3.4236,19.3000,33746.0760,0,57574.0000,74298.0000
2019-07-01,2019,7,Santander,15,Otras mercancias de uso domestico,0,101.5081,-5.1000,3.7911,19.2800,34408.8733,-6.3000,3.4236,19.3000,33746.0760,0,57574.0000,74298.0000
2019-07-01,2019,7,Valle del Cauca,4,Prendas de vestir y textiles,0,75.7114,-5.1000,3.7911,19.2800,34408.8733,-6.3000,3.4236,19.3000,33746.0760,0,92985.0000,144989.0000
2019-07-01,2019,7,Valle del Cauca,8,Electrodomesticos y muebles,1,102.6822,-5.1000,3.7911,19.2800,34408.8733,-6.3000,3.4236,19.3000,33746.0760,0,92985.0000,144989.0000
2019-07-01,2019,7,Valle del Cauca,9,Articulos y utensilios domesticos,0,103.0025,-5.1000,3.7911,19.2800,34408.8733,-6.3000,3.4236,19.3000,33746.0760,0,92985.0000,144989.0000
2019-07-01,2019,7,Valle del Cauca,10,Aseo del hogar,0,89.1103,-5.1000,3.7911,19.2800,34408.8733,-6.3000,3.4236,19.3000,33746.0760,0,92985.0000,144989.0000
2019-07-01,2019,7,Valle del Cauca,11,Informatica y telecomunicaciones,0,93.3256,-5.1000,3.7911,19.2800,34408.8733,-6.3000,3.4236,19.3000,33746.0760,0,92985.0000,144989.0000
2019-07-01,2019,7,Valle del Cauca,12,Sonido y video,0,98.0716,-5.1000,3.7911,19.2800,34408.8733,-6.3000,3.4236,19.3000,33746.0760,0,92985.0000,144989.0000
2019-07-01,2019,7,Valle del Cauca,14,"Ferreteria, vidrios y pinturas",0,92.6727,-5.1000,3.7911,19.2800,34408.8733,-6.3000,3.4236,19.3000,33746.0760,0,92985.0000,144989.0000
2019-07-01,2019,7,Valle del Cauca,15,Otras mercancias de uso domestico,0,85.4247,-5.1000,3.7911,19.2800,34408.8733,-6.3000,3.4236,19.3000,33746.0760,0,92985.0000,144989.0000
2019-07-01,2019,7,Otros departamentos,4,Prendas de vestir y textiles,0,105.3876,-5.1000,3.7911,19.2800,34408.8733,-6.3000,3.4236,19.3000,33746.0760,0,680328.0000,410928.0000
2019-07-01,2019,7,Otros departamentos,8,Electrodomesticos y muebles,1,118.9872,-5.1000,3.7911,19.2800,34408.8733,-6.3000,3.4236,19.3000,33746.0760,0,680328.0000,410928.0000
2019-07-01,2019,7,Otros departamentos,9,Articulos y utensilios domesticos,0,100.2939,-5.1000,3.7911,19.2800,34408.8733,-6.3000,3.4236,19.3000,33746.0760,0,680328.0000,410928.0000
2019-07-01,2019,7,Otros departamentos,10,Aseo del hogar,0,103.3520,-5.1000,3.7911,19.2800,34408.8733,-6.3000,3.4236,19.3000,33746.0760,0,680328.0000,410928.0000
2019-07-01,2019,7,Otros departamentos,11,Informatica y telecomunicaciones,0,101.3788,-5.1000,3.7911,19.2800,34408.8733,-6.3000,3.4236,19.3000,33746.0760,0,680328.0000,410928.0000
2019-07-01,2019,7,Otros departamentos,12,Sonido y video,0,111.3325,-5.1000,3.7911,19.2800,34408.8733,-6.3000,3.4236,19.3000,33746.0760,0,680328.0000,410928.0000
2019-07-01,2019,7,Otros departamentos,14,"Ferreteria, vidrios y pinturas",0,101.4508,-5.1000,3.7911,19.2800,34408.8733,-6.3000,3.4236,19.3000,33746.0760,0,680328.0000,410928.0000
2019-07-01,2019,7,Otros departamentos,15,Otras mercancias de uso domestico,0,89.9332,-5.1000,3.7911,19.2800,34408.8733,-6.3000,3.4236,19.3000,33746.0760,0,680328.0000,410928.0000
2019-08-01,2019,8,Antioquia,4,Prendas de vestir y textiles,0,87.6823,-11.8000,3.7563,19.3200,37648.3168,-5.1000,3.7911,19.2800,34408.8733,0,385746.0000,239582.0000
2019-08-01,2019,8,Antioquia,8,Electrodomesticos y muebles,1,96.7813,-11.8000,3.7563,19.3200,37648.3168,-5.1000,3.7911,19.2800,34408.8733,0,385746.0000,239582.0000
2019-08-01,2019,8,Antioquia,9,Articulos y utensilios domesticos,0,89.3238,-11.8000,3.7563,19.3200,37648.3168,-5.1000,3.7911,19.2800,34408.8733,0,385746.0000,239582.0000
2019-08-01,2019,8,Antioquia,10,Aseo del hogar,0,100.4142,-11.8000,3.7563,19.3200,37648.3168,-5.1000,3.7911,19.2800,34408.8733,0,385746.0000,239582.0000
2019-08-01,2019,8,Antioquia,11,Informatica y telecomunicaciones,0,116.2769,-11.8000,3.7563,19.3200,37648.3168,-5.1000,3.7911,19.2800,34408.8733,0,385746.0000,239582.0000
2019-08-01,2019,8,Antioquia,12,Sonido y video,0,89.6319,-11.8000,3.7563,19.3200,37648.3168,-5.1000,3.7911,19.2800,34408.8733,0,385746.0000,239582.0000
2019-08-01,2019,8,Antioquia,14,"Ferreteria, vidrios y pinturas",0,83.4555,-11.8000,3.7563,19.3200,37648.3168,-5.1000,3.7911,19.2800,34408.8733,0,385746.0000,239582.0000
2019-08-01,2019,8,Antioquia,15,Otras mercancias de uso domestico,0,100.6401,-11.8000,3.7563,19.3200,37648.3168,-5.1000,3.7911,19.2800,34408.8733,0,385746.0000,239582.0000
2019-08-01,2019,8,Atlantico,4,Prendas de vestir y textiles,0,85.5673,-11.8000,3.7563,19.3200,37648.3168,-5.1000,3.7911,19.2800,34408.8733,0,67426.0000,93611.0000
2019-08-01,2019,8,Atlantico,8,Electrodomesticos y muebles,1,102.4438,-11.8000,3.7563,19.3200,37648.3168,-5.1000,3.7911,19.2800,34408.8733,0,67426.0000,93611.0000
2019-08-01,2019,8,Atlantico,9,Articulos y utensilios domesticos,0,89.3641,-11.8000,3.7563,19.3200,37648.3168,-5.1000,3.7911,19.2800,34408.8733,0,67426.0000,93611.0000
2019-08-01,2019,8,Atlantico,10,Aseo del hogar,0,93.8025,-11.8000,3.7563,19.3200,37648.3168,-5.1000,3.7911,19.2800,34408.8733,0,67426.0000,93611.0000
2019-08-01,2019,8,Atlantico,11,Informatica y telecomunicaciones,0,116.5465,-11.8000,3.7563,19.3200,37648.3168,-5.1000,3.7911,19.2800,34408.8733,0,67426.0000,93611.0000
2019-08-01,2019,8,Atlantico,12,Sonido y video,0,93.7217,-11.8000,3.7563,19.3200,37648.3168,-5.1000,3.7911,19.2800,34408.8733,0,67426.0000,93611.0000
2019-08-01,2019,8,Atlantico,14,"Ferreteria, vidrios y pinturas",0,115.8699,-11.8000,3.7563,19.3200,37648.3168,-5.1000,3.7911,19.2800,34408.8733,0,67426.0000,93611.0000
2019-08-01,2019,8,Atlantico,15,Otras mercancias de uso domestico,0,97.1640,-11.8000,3.7563,19.3200,37648.3168,-5.1000,3.7911,19.2800,34408.8733,0,67426.0000,93611.0000
2019-08-01,2019,8,Bogota,4,Prendas de vestir y textiles,0,96.6499,-11.8000,3.7563,19.3200,37648.3168,-5.1000,3.7911,19.2800,34408.8733,0,305668.0000,325154.0000
2019-08-01,2019,8,Bogota,8,Electrodomesticos y muebles,1,78.2513,-11.8000,3.7563,19.3200,37648.3168,-5.1000,3.7911,19.2800,34408.8733,0,305668.0000,325154.0000
2019-08-01,2019,8,Bogota,9,Articulos y utensilios domesticos,0,111.0542,-11.8000,3.7563,19.3200,37648.3168,-5.1000,3.7911,19.2800,34408.8733,0,305668.0000,325154.0000
2019-08-01,2019,8,Bogota,10,Aseo del hogar,0,112.6642,-11.8000,3.7563,19.3200,37648.3168,-5.1000,3.7911,19.2800,34408.8733,0,305668.0000,325154.0000
2019-08-01,2019,8,Bogota,11,Informatica y telecomunicaciones,0,100.5125,-11.8000,3.7563,19.3200,37648.3168,-5.1000,3.7911,19.2800,34408.8733,0,305668.0000,325154.0000
2019-08-01,2019,8,Bogota,12,Sonido y video,0,94.5044,-11.8000,3.7563,19.3200,37648.3168,-5.1000,3.7911,19.2800,34408.8733,0,305668.0000,325154.0000
2019-08-01,2019,8,Bogota,14,"Ferreteria, vidrios y pinturas",0,115.5470,-11.8000,3.7563,19.3200,37648.3168,-5.1000,3.7911,19.2800,34408.8733,0,305668.0000,325154.0000
2019-08-01,2019,8,Bogota,15,Otras mercancias de uso domestico,0,101.2810,-11.8000,3.7563,19.3200,37648.3168,-5.1000,3.7911,19.2800,34408.8733,0,305668.0000,325154.0000
2019-08-01,2019,8,Cundinamarca,4,Prendas de vestir y textiles,0,80.1101,-11.8000,3.7563,19.3200,37648.3168,-5.1000,3.7911,19.2800,34408.8733,0,115036.0000,278199.0000
2019-08-01,2019,8,Cundinamarca,8,Electrodomesticos y muebles,1,98.5265,-11.8000,3.7563,19.3200,37648.3168,-5.1000,3.7911,19.2800,34408.8733,0,115036.0000,278199.0000
2019-08-01,2019,8,Cundinamarca,9,Articulos y utensilios domesticos,0,94.9036,-11.8000,3.7563,19.3200,37648.3168,-5.1000,3.7911,19.2800,34408.8733,0,115036.0000,278199.0000
2019-08-01,2019,8,Cundinamarca,10,Aseo del hogar,0,78.5211,-11.8000,3.7563,19.3200,37648.3168,-5.1000,3.7911,19.2800,34408.8733,0,115036.0000,278199.0000
2019-08-01,2019,8,Cundinamarca,11,Informatica y telecomunicaciones,0,137.0235,-11.8000,3.7563,19.3200,37648.3168,-5.1000,3.7911,19.2800,34408.8733,0,115036.0000,278199.0000
2019-08-01,2019,8,Cundinamarca,12,Sonido y video,0,87.4093,-11.8000,3.7563,19.3200,37648.3168,-5.1000,3.7911,19.2800,34408.8733,0,115036.0000,278199.0000
2019-08-01,2019,8,Cundinamarca,14,"Ferreteria, vidrios y pinturas",0,104.2686,-11.8000,3.7563,19.3200,37648.3168,-5.1000,3.7911,19.2800,34408.8733,0,115036.0000,278199.0000
2019-08-01,2019,8,Cundinamarca,15,Otras mercancias de uso domestico,0,76.4878,-11.8000,3.7563,19.3200,37648.3168,-5.1000,3.7911,19.2800,34408.8733,0,115036.0000,278199.0000
2019-08-01,2019,8,Santander,4,Prendas de vestir y textiles,0,68.8186,-11.8000,3.7563,19.3200,37648.3168,-5.1000,3.7911,19.2800,34408.8733,0,30518.0000,57574.0000
2019-08-01,2019,8,Santander,8,Electrodomesticos y muebles,1,95.6376,-11.8000,3.7563,19.3200,37648.3168,-5.1000,3.7911,19.2800,34408.8733,0,30518.0000,57574.0000
2019-08-01,2019,8,Santander,9,Articulos y utensilios domesticos,0,112.4496,-11.8000,3.7563,19.3200,37648.3168,-5.1000,3.7911,19.2800,34408.8733,0,30518.0000,57574.0000
2019-08-01,2019,8,Santander,10,Aseo del hogar,0,119.9558,-11.8000,3.7563,19.3200,37648.3168,-5.1000,3.7911,19.2800,34408.8733,0,30518.0000,57574.0000
2019-08-01,2019,8,Santander,11,Informatica y telecomunicaciones,0,98.4271,-11.8000,3.7563,19.3200,37648.3168,-5.1000,3.7911,19.2800,34408.8733,0,30518.0000,57574.0000
2019-08-01,2019,8,Santander,12,Sonido y video,0,91.7376,-11.8000,3.7563,19.3200,37648.3168,-5.1000,3.7911,19.2800,34408.8733,0,30518.0000,57574.0000
2019-08-01,2019,8,Santander,14,"Ferreteria, vidrios y pinturas",0,114.2793,-11.8000,3.7563,19.3200,37648.3168,-5.1000,3.7911,19.2800,34408.8733,0,30518.0000,57574.0000
2019-08-01,2019,8,Santander,15,Otras mercancias de uso domestico,0,102.4045,-11.8000,3.7563,19.3200,37648.3168,-5.1000,3.7911,19.2800,34408.8733,0,30518.0000,57574.0000
2019-08-01,2019,8,Valle del Cauca,4,Prendas de vestir y textiles,0,66.3292,-11.8000,3.7563,19.3200,37648.3168,-5.1000,3.7911,19.2800,34408.8733,0,147816.0000,92985.0000
2019-08-01,2019,8,Valle del Cauca,8,Electrodomesticos y muebles,1,117.6420,-11.8000,3.7563,19.3200,37648.3168,-5.1000,3.7911,19.2800,34408.8733,0,147816.0000,92985.0000
2019-08-01,2019,8,Valle del Cauca,9,Articulos y utensilios domesticos,0,117.2459,-11.8000,3.7563,19.3200,37648.3168,-5.1000,3.7911,19.2800,34408.8733,0,147816.0000,92985.0000
2019-08-01,2019,8,Valle del Cauca,10,Aseo del hogar,0,101.9337,-11.8000,3.7563,19.3200,37648.3168,-5.1000,3.7911,19.2800,34408.8733,0,147816.0000,92985.0000
2019-08-01,2019,8,Valle del Cauca,11,Informatica y telecomunicaciones,0,104.9480,-11.8000,3.7563,19.3200,37648.3168,-5.1000,3.7911,19.2800,34408.8733,0,147816.0000,92985.0000
2019-08-01,2019,8,Valle del Cauca,12,Sonido y video,0,110.0996,-11.8000,3.7563,19.3200,37648.3168,-5.1000,3.7911,19.2800,34408.8733,0,147816.0000,92985.0000
2019-08-01,2019,8,Valle del Cauca,14,"Ferreteria, vidrios y pinturas",0,102.7848,-11.8000,3.7563,19.3200,37648.3168,-5.1000,3.7911,19.2800,34408.8733,0,147816.0000,92985.0000
2019-08-01,2019,8,Valle del Cauca,15,Otras mercancias de uso domestico,0,75.3010,-11.8000,3.7563,19.3200,37648.3168,-5.1000,3.7911,19.2800,34408.8733,0,147816.0000,92985.0000
2019-08-01,2019,8,Otros departamentos,4,Prendas de vestir y textiles,0,87.4799,-11.8000,3.7563,19.3200,37648.3168,-5.1000,3.7911,19.2800,34408.8733,0,438939.0000,680328.0000
2019-08-01,2019,8,Otros departamentos,8,Electrodomesticos y muebles,1,142.7708,-11.8000,3.7563,19.3200,37648.3168,-5.1000,3.7911,19.2800,34408.8733,0,438939.0000,680328.0000
2019-08-01,2019,8,Otros departamentos,9,Articulos y utensilios domesticos,0,99.4380,-11.8000,3.7563,19.3200,37648.3168,-5.1000,3.7911,19.2800,34408.8733,0,438939.0000,680328.0000
2019-08-01,2019,8,Otros departamentos,10,Aseo del hogar,0,99.6822,-11.8000,3.7563,19.3200,37648.3168,-5.1000,3.7911,19.2800,34408.8733,0,438939.0000,680328.0000
2019-08-01,2019,8,Otros departamentos,11,Informatica y telecomunicaciones,0,106.9322,-11.8000,3.7563,19.3200,37648.3168,-5.1000,3.7911,19.2800,34408.8733,0,438939.0000,680328.0000
2019-08-01,2019,8,Otros departamentos,12,Sonido y video,0,121.7748,-11.8000,3.7563,19.3200,37648.3168,-5.1000,3.7911,19.2800,34408.8733,0,438939.0000,680328.0000
2019-08-01,2019,8,Otros departamentos,14,"Ferreteria, vidrios y pinturas",0,107.2936,-11.8000,3.7563,19.3200,37648.3168,-5.1000,3.7911,19.2800,34408.8733,0,438939.0000,680328.0000
2019-08-01,2019,8,Otros departamentos,15,Otras mercancias de uso domestico,0,99.5191,-11.8000,3.7563,19.3200,37648.3168,-5.1000,3.7911,19.2800,34408.8733,0,438939.0000,680328.0000
2019-09-01,2019,9,Antioquia,4,Prendas de vestir y textiles,0,94.5422,-10.7000,3.8102,19.3200,33155.6416,-11.8000,3.7563,19.3200,37648.3168,0,287866.0000,385746.0000
2019-09-01,2019,9,Antioquia,8,Electrodomesticos y muebles,1,98.2621,-10.7000,3.8102,19.3200,33155.6416,-11.8000,3.7563,19.3200,37648.3168,0,287866.0000,385746.0000
2019-09-01,2019,9,Antioquia,9,Articulos y utensilios domesticos,0,77.9586,-10.7000,3.8102,19.3200,33155.6416,-11.8000,3.7563,19.3200,37648.3168,0,287866.0000,385746.0000
2019-09-01,2019,9,Antioquia,10,Aseo del hogar,0,102.7045,-10.7000,3.8102,19.3200,33155.6416,-11.8000,3.7563,19.3200,37648.3168,0,287866.0000,385746.0000
2019-09-01,2019,9,Antioquia,11,Informatica y telecomunicaciones,0,95.6600,-10.7000,3.8102,19.3200,33155.6416,-11.8000,3.7563,19.3200,37648.3168,0,287866.0000,385746.0000
2019-09-01,2019,9,Antioquia,12,Sonido y video,0,93.7588,-10.7000,3.8102,19.3200,33155.6416,-11.8000,3.7563,19.3200,37648.3168,0,287866.0000,385746.0000
2019-09-01,2019,9,Antioquia,14,"Ferreteria, vidrios y pinturas",0,91.4405,-10.7000,3.8102,19.3200,33155.6416,-11.8000,3.7563,19.3200,37648.3168,0,287866.0000,385746.0000
2019-09-01,2019,9,Antioquia,15,Otras mercancias de uso domestico,0,92.8704,-10.7000,3.8102,19.3200,33155.6416,-11.8000,3.7563,19.3200,37648.3168,0,287866.0000,385746.0000
2019-09-01,2019,9,Atlantico,4,Prendas de vestir y textiles,0,89.8056,-10.7000,3.8102,19.3200,33155.6416,-11.8000,3.7563,19.3200,37648.3168,0,60868.0000,67426.0000
2019-09-01,2019,9,Atlantico,8,Electrodomesticos y muebles,1,73.6547,-10.7000,3.8102,19.3200,33155.6416,-11.8000,3.7563,19.3200,37648.3168,0,60868.0000,67426.0000
2019-09-01,2019,9,Atlantico,9,Articulos y utensilios domesticos,0,65.7390,-10.7000,3.8102,19.3200,33155.6416,-11.8000,3.7563,19.3200,37648.3168,0,60868.0000,67426.0000
2019-09-01,2019,9,Atlantico,10,Aseo del hogar,0,103.8489,-10.7000,3.8102,19.3200,33155.6416,-11.8000,3.7563,19.3200,37648.3168,0,60868.0000,67426.0000
2019-09-01,2019,9,Atlantico,11,Informatica y telecomunicaciones,0,87.8616,-10.7000,3.8102,19.3200,33155.6416,-11.8000,3.7563,19.3200,37648.3168,0,60868.0000,67426.0000
2019-09-01,2019,9,Atlantico,12,Sonido y video,0,79.7530,-10.7000,3.8102,19.3200,33155.6416,-11.8000,3.7563,19.3200,37648.3168,0,60868.0000,67426.0000
2019-09-01,2019,9,Atlantico,14,"Ferreteria, vidrios y pinturas",0,115.3809,-10.7000,3.8102,19.3200,33155.6416,-11.8000,3.7563,19.3200,37648.3168,0,60868.0000,67426.0000
2019-09-01,2019,9,Atlantico,15,Otras mercancias de uso domestico,0,110.2616,-10.7000,3.8102,19.3200,33155.6416,-11.8000,3.7563,19.3200,37648.3168,0,60868.0000,67426.0000
2019-09-01,2019,9,Bogota,4,Prendas de vestir y textiles,0,102.0105,-10.7000,3.8102,19.3200,33155.6416,-11.8000,3.7563,19.3200,37648.3168,0,170637.0000,305668.0000
2019-09-01,2019,9,Bogota,8,Electrodomesticos y muebles,1,91.6568,-10.7000,3.8102,19.3200,33155.6416,-11.8000,3.7563,19.3200,37648.3168,0,170637.0000,305668.0000
2019-09-01,2019,9,Bogota,9,Articulos y utensilios domesticos,0,101.0042,-10.7000,3.8102,19.3200,33155.6416,-11.8000,3.7563,19.3200,37648.3168,0,170637.0000,305668.0000
2019-09-01,2019,9,Bogota,10,Aseo del hogar,0,110.3072,-10.7000,3.8102,19.3200,33155.6416,-11.8000,3.7563,19.3200,37648.3168,0,170637.0000,305668.0000
2019-09-01,2019,9,Bogota,11,Informatica y telecomunicaciones,0,86.1733,-10.7000,3.8102,19.3200,33155.6416,-11.8000,3.7563,19.3200,37648.3168,0,170637.0000,305668.0000
2019-09-01,2019,9,Bogota,12,Sonido y video,0,72.4466,-10.7000,3.8102,19.3200,33155.6416,-11.8000,3.7563,19.3200,37648.3168,0,170637.0000,305668.0000
2019-09-01,2019,9,Bogota,14,"Ferreteria, vidrios y pinturas",0,117.3311,-10.7000,3.8102,19.3200,33155.6416,-11.8000,3.7563,19.3200,37648.3168,0,170637.0000,305668.0000
2019-09-01,2019,9,Bogota,15,Otras mercancias de uso domestico,0,76.2157,-10.7000,3.8102,19.3200,33155.6416,-11.8000,3.7563,19.3200,37648.3168,0,170637.0000,305668.0000
2019-09-01,2019,9,Cundinamarca,4,Prendas de vestir y textiles,0,78.7886,-10.7000,3.8102,19.3200,33155.6416,-11.8000,3.7563,19.3200,37648.3168,0,217619.0000,115036.0000
2019-09-01,2019,9,Cundinamarca,8,Electrodomesticos y muebles,1,83.8494,-10.7000,3.8102,19.3200,33155.6416,-11.8000,3.7563,19.3200,37648.3168,0,217619.0000,115036.0000
2019-09-01,2019,9,Cundinamarca,9,Articulos y utensilios domesticos,0,78.0477,-10.7000,3.8102,19.3200,33155.6416,-11.8000,3.7563,19.3200,37648.3168,0,217619.0000,115036.0000
2019-09-01,2019,9,Cundinamarca,10,Aseo del hogar,0,79.7659,-10.7000,3.8102,19.3200,33155.6416,-11.8000,3.7563,19.3200,37648.3168,0,217619.0000,115036.0000
2019-09-01,2019,9,Cundinamarca,11,Informatica y telecomunicaciones,0,119.0382,-10.7000,3.8102,19.3200,33155.6416,-11.8000,3.7563,19.3200,37648.3168,0,217619.0000,115036.0000
2019-09-01,2019,9,Cundinamarca,12,Sonido y video,0,86.0905,-10.7000,3.8102,19.3200,33155.6416,-11.8000,3.7563,19.3200,37648.3168,0,217619.0000,115036.0000
2019-09-01,2019,9,Cundinamarca,14,"Ferreteria, vidrios y pinturas",0,90.3320,-10.7000,3.8102,19.3200,33155.6416,-11.8000,3.7563,19.3200,37648.3168,0,217619.0000,115036.0000
2019-09-01,2019,9,Cundinamarca,15,Otras mercancias de uso domestico,0,76.8201,-10.7000,3.8102,19.3200,33155.6416,-11.8000,3.7563,19.3200,37648.3168,0,217619.0000,115036.0000
2019-09-01,2019,9,Santander,4,Prendas de vestir y textiles,0,67.0541,-10.7000,3.8102,19.3200,33155.6416,-11.8000,3.7563,19.3200,37648.3168,0,37924.0000,30518.0000
2019-09-01,2019,9,Santander,8,Electrodomesticos y muebles,1,88.5731,-10.7000,3.8102,19.3200,33155.6416,-11.8000,3.7563,19.3200,37648.3168,0,37924.0000,30518.0000
2019-09-01,2019,9,Santander,9,Articulos y utensilios domesticos,0,91.5600,-10.7000,3.8102,19.3200,33155.6416,-11.8000,3.7563,19.3200,37648.3168,0,37924.0000,30518.0000
2019-09-01,2019,9,Santander,10,Aseo del hogar,0,88.0185,-10.7000,3.8102,19.3200,33155.6416,-11.8000,3.7563,19.3200,37648.3168,0,37924.0000,30518.0000
2019-09-01,2019,9,Santander,11,Informatica y telecomunicaciones,0,81.6022,-10.7000,3.8102,19.3200,33155.6416,-11.8000,3.7563,19.3200,37648.3168,0,37924.0000,30518.0000
2019-09-01,2019,9,Santander,12,Sonido y video,0,82.8440,-10.7000,3.8102,19.3200,33155.6416,-11.8000,3.7563,19.3200,37648.3168,0,37924.0000,30518.0000
2019-09-01,2019,9,Santander,14,"Ferreteria, vidrios y pinturas",0,113.4902,-10.7000,3.8102,19.3200,33155.6416,-11.8000,3.7563,19.3200,37648.3168,0,37924.0000,30518.0000
2019-09-01,2019,9,Santander,15,Otras mercancias de uso domestico,0,95.5337,-10.7000,3.8102,19.3200,33155.6416,-11.8000,3.7563,19.3200,37648.3168,0,37924.0000,30518.0000
2019-09-01,2019,9,Valle del Cauca,4,Prendas de vestir y textiles,0,75.7131,-10.7000,3.8102,19.3200,33155.6416,-11.8000,3.7563,19.3200,37648.3168,0,152566.0000,147816.0000
2019-09-01,2019,9,Valle del Cauca,8,Electrodomesticos y muebles,1,120.4018,-10.7000,3.8102,19.3200,33155.6416,-11.8000,3.7563,19.3200,37648.3168,0,152566.0000,147816.0000
2019-09-01,2019,9,Valle del Cauca,9,Articulos y utensilios domesticos,0,101.3135,-10.7000,3.8102,19.3200,33155.6416,-11.8000,3.7563,19.3200,37648.3168,0,152566.0000,147816.0000
2019-09-01,2019,9,Valle del Cauca,10,Aseo del hogar,0,110.9100,-10.7000,3.8102,19.3200,33155.6416,-11.8000,3.7563,19.3200,37648.3168,0,152566.0000,147816.0000
2019-09-01,2019,9,Valle del Cauca,11,Informatica y telecomunicaciones,0,83.3674,-10.7000,3.8102,19.3200,33155.6416,-11.8000,3.7563,19.3200,37648.3168,0,152566.0000,147816.0000
2019-09-01,2019,9,Valle del Cauca,12,Sonido y video,0,99.6868,-10.7000,3.8102,19.3200,33155.6416,-11.8000,3.7563,19.3200,37648.3168,0,152566.0000,147816.0000
2019-09-01,2019,9,Valle del Cauca,14,"Ferreteria, vidrios y pinturas",0,87.0137,-10.7000,3.8102,19.3200,33155.6416,-11.8000,3.7563,19.3200,37648.3168,0,152566.0000,147816.0000
2019-09-01,2019,9,Valle del Cauca,15,Otras mercancias de uso domestico,0,80.1657,-10.7000,3.8102,19.3200,33155.6416,-11.8000,3.7563,19.3200,37648.3168,0,152566.0000,147816.0000
2019-09-01,2019,9,Otros departamentos,4,Prendas de vestir y textiles,0,79.3448,-10.7000,3.8102,19.3200,33155.6416,-11.8000,3.7563,19.3200,37648.3168,0,497984.0000,438939.0000
2019-09-01,2019,9,Otros departamentos,8,Electrodomesticos y muebles,1,100.0020,-10.7000,3.8102,19.3200,33155.6416,-11.8000,3.7563,19.3200,37648.3168,0,497984.0000,438939.0000
2019-09-01,2019,9,Otros departamentos,9,Articulos y utensilios domesticos,0,101.1321,-10.7000,3.8102,19.3200,33155.6416,-11.8000,3.7563,19.3200,37648.3168,0,497984.0000,438939.0000
2019-09-01,2019,9,Otros departamentos,10,Aseo del hogar,0,92.2488,-10.7000,3.8102,19.3200,33155.6416,-11.8000,3.7563,19.3200,37648.3168,0,497984.0000,438939.0000
2019-09-01,2019,9,Otros departamentos,11,Informatica y telecomunicaciones,0,93.0367,-10.7000,3.8102,19.3200,33155.6416,-11.8000,3.7563,19.3200,37648.3168,0,497984.0000,438939.0000
2019-09-01,2019,9,Otros departamentos,12,Sonido y video,0,111.7473,-10.7000,3.8102,19.3200,33155.6416,-11.8000,3.7563,19.3200,37648.3168,0,497984.0000,438939.0000
2019-09-01,2019,9,Otros departamentos,14,"Ferreteria, vidrios y pinturas",0,100.2864,-10.7000,3.8102,19.3200,33155.6416,-11.8000,3.7563,19.3200,37648.3168,0,497984.0000,438939.0000
2019-09-01,2019,9,Otros departamentos,15,Otras mercancias de uso domestico,0,106.7516,-10.7000,3.8102,19.3200,33155.6416,-11.8000,3.7563,19.3200,37648.3168,0,497984.0000,438939.0000
2019-10-01,2019,10,Antioquia,4,Prendas de vestir y textiles,0,95.7619,-9.8000,3.8558,19.1000,35234.2208,-10.7000,3.8102,19.3200,33155.6416,0,236082.0000,287866.0000
2019-10-01,2019,10,Antioquia,8,Electrodomesticos y muebles,1,97.1190,-9.8000,3.8558,19.1000,35234.2208,-10.7000,3.8102,19.3200,33155.6416,0,236082.0000,287866.0000
2019-10-01,2019,10,Antioquia,9,Articulos y utensilios domesticos,0,103.9620,-9.8000,3.8558,19.1000,35234.2208,-10.7000,3.8102,19.3200,33155.6416,0,236082.0000,287866.0000
2019-10-01,2019,10,Antioquia,10,Aseo del hogar,0,124.7058,-9.8000,3.8558,19.1000,35234.2208,-10.7000,3.8102,19.3200,33155.6416,0,236082.0000,287866.0000
2019-10-01,2019,10,Antioquia,11,Informatica y telecomunicaciones,0,97.8697,-9.8000,3.8558,19.1000,35234.2208,-10.7000,3.8102,19.3200,33155.6416,0,236082.0000,287866.0000
2019-10-01,2019,10,Antioquia,12,Sonido y video,0,80.2490,-9.8000,3.8558,19.1000,35234.2208,-10.7000,3.8102,19.3200,33155.6416,0,236082.0000,287866.0000
2019-10-01,2019,10,Antioquia,14,"Ferreteria, vidrios y pinturas",0,92.1144,-9.8000,3.8558,19.1000,35234.2208,-10.7000,3.8102,19.3200,33155.6416,0,236082.0000,287866.0000
2019-10-01,2019,10,Antioquia,15,Otras mercancias de uso domestico,0,113.9844,-9.8000,3.8558,19.1000,35234.2208,-10.7000,3.8102,19.3200,33155.6416,0,236082.0000,287866.0000
2019-10-01,2019,10,Atlantico,4,Prendas de vestir y textiles,0,100.1790,-9.8000,3.8558,19.1000,35234.2208,-10.7000,3.8102,19.3200,33155.6416,0,76149.0000,60868.0000
2019-10-01,2019,10,Atlantico,8,Electrodomesticos y muebles,1,77.3807,-9.8000,3.8558,19.1000,35234.2208,-10.7000,3.8102,19.3200,33155.6416,0,76149.0000,60868.0000
2019-10-01,2019,10,Atlantico,9,Articulos y utensilios domesticos,0,70.4757,-9.8000,3.8558,19.1000,35234.2208,-10.7000,3.8102,19.3200,33155.6416,0,76149.0000,60868.0000
2019-10-01,2019,10,Atlantico,10,Aseo del hogar,0,97.9825,-9.8000,3.8558,19.1000,35234.2208,-10.7000,3.8102,19.3200,33155.6416,0,76149.0000,60868.0000
2019-10-01,2019,10,Atlantico,11,Informatica y telecomunicaciones,0,106.6528,-9.8000,3.8558,19.1000,35234.2208,-10.7000,3.8102,19.3200,33155.6416,0,76149.0000,60868.0000
2019-10-01,2019,10,Atlantico,12,Sonido y video,0,81.0113,-9.8000,3.8558,19.1000,35234.2208,-10.7000,3.8102,19.3200,33155.6416,0,76149.0000,60868.0000
2019-10-01,2019,10,Atlantico,14,"Ferreteria, vidrios y pinturas",0,121.6189,-9.8000,3.8558,19.1000,35234.2208,-10.7000,3.8102,19.3200,33155.6416,0,76149.0000,60868.0000
2019-10-01,2019,10,Atlantico,15,Otras mercancias de uso domestico,0,109.3895,-9.8000,3.8558,19.1000,35234.2208,-10.7000,3.8102,19.3200,33155.6416,0,76149.0000,60868.0000
2019-10-01,2019,10,Bogota,4,Prendas de vestir y textiles,0,113.9615,-9.8000,3.8558,19.1000,35234.2208,-10.7000,3.8102,19.3200,33155.6416,0,204983.0000,170637.0000
2019-10-01,2019,10,Bogota,8,Electrodomesticos y muebles,1,103.1221,-9.8000,3.8558,19.1000,35234.2208,-10.7000,3.8102,19.3200,33155.6416,0,204983.0000,170637.0000
2019-10-01,2019,10,Bogota,9,Articulos y utensilios domesticos,0,129.0915,-9.8000,3.8558,19.1000,35234.2208,-10.7000,3.8102,19.3200,33155.6416,0,204983.0000,170637.0000
2019-10-01,2019,10,Bogota,10,Aseo del hogar,0,118.1720,-9.8000,3.8558,19.1000,35234.2208,-10.7000,3.8102,19.3200,33155.6416,0,204983.0000,170637.0000
2019-10-01,2019,10,Bogota,11,Informatica y telecomunicaciones,0,112.1604,-9.8000,3.8558,19.1000,35234.2208,-10.7000,3.8102,19.3200,33155.6416,0,204983.0000,170637.0000
2019-10-01,2019,10,Bogota,12,Sonido y video,0,86.1425,-9.8000,3.8558,19.1000,35234.2208,-10.7000,3.8102,19.3200,33155.6416,0,204983.0000,170637.0000
2019-10-01,2019,10,Bogota,14,"Ferreteria, vidrios y pinturas",0,116.7585,-9.8000,3.8558,19.1000,35234.2208,-10.7000,3.8102,19.3200,33155.6416,0,204983.0000,170637.0000
2019-10-01,2019,10,Bogota,15,Otras mercancias de uso domestico,0,102.6169,-9.8000,3.8558,19.1000,35234.2208,-10.7000,3.8102,19.3200,33155.6416,0,204983.0000,170637.0000
2019-10-01,2019,10,Cundinamarca,4,Prendas de vestir y textiles,0,86.9952,-9.8000,3.8558,19.1000,35234.2208,-10.7000,3.8102,19.3200,33155.6416,0,276187.0000,217619.0000
2019-10-01,2019,10,Cundinamarca,8,Electrodomesticos y muebles,1,97.0343,-9.8000,3.8558,19.1000,35234.2208,-10.7000,3.8102,19.3200,33155.6416,0,276187.0000,217619.0000
2019-10-01,2019,10,Cundinamarca,9,Articulos y utensilios domesticos,0,99.1094,-9.8000,3.8558,19.1000,35234.2208,-10.7000,3.8102,19.3200,33155.6416,0,276187.0000,217619.0000
2019-10-01,2019,10,Cundinamarca,10,Aseo del hogar,0,78.9515,-9.8000,3.8558,19.1000,35234.2208,-10.7000,3.8102,19.3200,33155.6416,0,276187.0000,217619.0000
2019-10-01,2019,10,Cundinamarca,11,Informatica y telecomunicaciones,0,108.0932,-9.8000,3.8558,19.1000,35234.2208,-10.7000,3.8102,19.3200,33155.6416,0,276187.0000,217619.0000
2019-10-01,2019,10,Cundinamarca,12,Sonido y video,0,79.4169,-9.8000,3.8558,19.1000,35234.2208,-10.7000,3.8102,19.3200,33155.6416,0,276187.0000,217619.0000
2019-10-01,2019,10,Cundinamarca,14,"Ferreteria, vidrios y pinturas",0,102.2634,-9.8000,3.8558,19.1000,35234.2208,-10.7000,3.8102,19.3200,33155.6416,0,276187.0000,217619.0000
2019-10-01,2019,10,Cundinamarca,15,Otras mercancias de uso domestico,0,89.3317,-9.8000,3.8558,19.1000,35234.2208,-10.7000,3.8102,19.3200,33155.6416,0,276187.0000,217619.0000
2019-10-01,2019,10,Santander,4,Prendas de vestir y textiles,0,66.3528,-9.8000,3.8558,19.1000,35234.2208,-10.7000,3.8102,19.3200,33155.6416,0,48353.0000,37924.0000
2019-10-01,2019,10,Santander,8,Electrodomesticos y muebles,1,81.0772,-9.8000,3.8558,19.1000,35234.2208,-10.7000,3.8102,19.3200,33155.6416,0,48353.0000,37924.0000
2019-10-01,2019,10,Santander,9,Articulos y utensilios domesticos,0,86.1066,-9.8000,3.8558,19.1000,35234.2208,-10.7000,3.8102,19.3200,33155.6416,0,48353.0000,37924.0000
2019-10-01,2019,10,Santander,10,Aseo del hogar,0,68.6446,-9.8000,3.8558,19.1000,35234.2208,-10.7000,3.8102,19.3200,33155.6416,0,48353.0000,37924.0000
2019-10-01,2019,10,Santander,11,Informatica y telecomunicaciones,0,94.8400,-9.8000,3.8558,19.1000,35234.2208,-10.7000,3.8102,19.3200,33155.6416,0,48353.0000,37924.0000
2019-10-01,2019,10,Santander,12,Sonido y video,0,105.9837,-9.8000,3.8558,19.1000,35234.2208,-10.7000,3.8102,19.3200,33155.6416,0,48353.0000,37924.0000
2019-10-01,2019,10,Santander,14,"Ferreteria, vidrios y pinturas",0,142.1277,-9.8000,3.8558,19.1000,35234.2208,-10.7000,3.8102,19.3200,33155.6416,0,48353.0000,37924.0000
2019-10-01,2019,10,Santander,15,Otras mercancias de uso domestico,0,95.5089,-9.8000,3.8558,19.1000,35234.2208,-10.7000,3.8102,19.3200,33155.6416,0,48353.0000,37924.0000
2019-10-01,2019,10,Valle del Cauca,4,Prendas de vestir y textiles,0,82.5711,-9.8000,3.8558,19.1000,35234.2208,-10.7000,3.8102,19.3200,33155.6416,0,196532.0000,152566.0000
2019-10-01,2019,10,Valle del Cauca,8,Electrodomesticos y muebles,1,95.4045,-9.8000,3.8558,19.1000,35234.2208,-10.7000,3.8102,19.3200,33155.6416,0,196532.0000,152566.0000
2019-10-01,2019,10,Valle del Cauca,9,Articulos y utensilios domesticos,0,100.6304,-9.8000,3.8558,19.1000,35234.2208,-10.7000,3.8102,19.3200,33155.6416,0,196532.0000,152566.0000
2019-10-01,2019,10,Valle del Cauca,10,Aseo del hogar,0,97.6003,-9.8000,3.8558,19.1000,35234.2208,-10.7000,3.8102,19.3200,33155.6416,0,196532.0000,152566.0000
2019-10-01,2019,10,Valle del Cauca,11,Informatica y telecomunicaciones,0,96.4120,-9.8000,3.8558,19.1000,35234.2208,-10.7000,3.8102,19.3200,33155.6416,0,196532.0000,152566.0000
2019-10-01,2019,10,Valle del Cauca,12,Sonido y video,0,92.5173,-9.8000,3.8558,19.1000,35234.2208,-10.7000,3.8102,19.3200,33155.6416,0,196532.0000,152566.0000
2019-10-01,2019,10,Valle del Cauca,14,"Ferreteria, vidrios y pinturas",0,104.5952,-9.8000,3.8558,19.1000,35234.2208,-10.7000,3.8102,19.3200,33155.6416,0,196532.0000,152566.0000
2019-10-01,2019,10,Valle del Cauca,15,Otras mercancias de uso domestico,0,103.3422,-9.8000,3.8558,19.1000,35234.2208,-10.7000,3.8102,19.3200,33155.6416,0,196532.0000,152566.0000
2019-10-01,2019,10,Otros departamentos,4,Prendas de vestir y textiles,0,78.8369,-9.8000,3.8558,19.1000,35234.2208,-10.7000,3.8102,19.3200,33155.6416,0,477018.0000,497984.0000
2019-10-01,2019,10,Otros departamentos,8,Electrodomesticos y muebles,1,97.4223,-9.8000,3.8558,19.1000,35234.2208,-10.7000,3.8102,19.3200,33155.6416,0,477018.0000,497984.0000
2019-10-01,2019,10,Otros departamentos,9,Articulos y utensilios domesticos,0,100.4155,-9.8000,3.8558,19.1000,35234.2208,-10.7000,3.8102,19.3200,33155.6416,0,477018.0000,497984.0000
2019-10-01,2019,10,Otros departamentos,10,Aseo del hogar,0,84.0395,-9.8000,3.8558,19.1000,35234.2208,-10.7000,3.8102,19.3200,33155.6416,0,477018.0000,497984.0000
2019-10-01,2019,10,Otros departamentos,11,Informatica y telecomunicaciones,0,88.0819,-9.8000,3.8558,19.1000,35234.2208,-10.7000,3.8102,19.3200,33155.6416,0,477018.0000,497984.0000
2019-10-01,2019,10,Otros departamentos,12,Sonido y video,0,105.4938,-9.8000,3.8558,19.1000,35234.2208,-10.7000,3.8102,19.3200,33155.6416,0,477018.0000,497984.0000
2019-10-01,2019,10,Otros departamentos,14,"Ferreteria, vidrios y pinturas",0,104.5941,-9.8000,3.8558,19.1000,35234.2208,-10.7000,3.8102,19.3200,33155.6416,0,477018.0000,497984.0000
2019-10-01,2019,10,Otros departamentos,15,Otras mercancias de uso domestico,0,92.0705,-9.8000,3.8558,19.1000,35234.2208,-10.7000,3.8102,19.3200,33155.6416,0,477018.0000,497984.0000
2019-11-01,2019,11,Antioquia,4,Prendas de vestir y textiles,0,116.6196,-14.4000,3.8516,19.0300,33942.1425,-9.8000,3.8558,19.1000,35234.2208,0,411620.0000,236082.0000
2019-11-01,2019,11,Antioquia,8,Electrodomesticos y muebles,1,105.9264,-14.4000,3.8516,19.0300,33942.1425,-9.8000,3.8558,19.1000,35234.2208,0,411620.0000,236082.0000
2019-11-01,2019,11,Antioquia,9,Articulos y utensilios domesticos,0,124.5824,-14.4000,3.8516,19.0300,33942.1425,-9.8000,3.8558,19.1000,35234.2208,0,411620.0000,236082.0000
2019-11-01,2019,11,Antioquia,10,Aseo del hogar,0,111.1519,-14.4000,3.8516,19.0300,33942.1425,-9.8000,3.8558,19.1000,35234.2208,0,411620.0000,236082.0000
2019-11-01,2019,11,Antioquia,11,Informatica y telecomunicaciones,0,130.9551,-14.4000,3.8516,19.0300,33942.1425,-9.8000,3.8558,19.1000,35234.2208,0,411620.0000,236082.0000
2019-11-01,2019,11,Antioquia,12,Sonido y video,0,146.6133,-14.4000,3.8516,19.0300,33942.1425,-9.8000,3.8558,19.1000,35234.2208,0,411620.0000,236082.0000
2019-11-01,2019,11,Antioquia,14,"Ferreteria, vidrios y pinturas",0,92.0301,-14.4000,3.8516,19.0300,33942.1425,-9.8000,3.8558,19.1000,35234.2208,0,411620.0000,236082.0000
2019-11-01,2019,11,Antioquia,15,Otras mercancias de uso domestico,0,135.2685,-14.4000,3.8516,19.0300,33942.1425,-9.8000,3.8558,19.1000,35234.2208,0,411620.0000,236082.0000
2019-11-01,2019,11,Atlantico,4,Prendas de vestir y textiles,0,134.5095,-14.4000,3.8516,19.0300,33942.1425,-9.8000,3.8558,19.1000,35234.2208,0,14753.0000,76149.0000
2019-11-01,2019,11,Atlantico,8,Electrodomesticos y muebles,1,112.1524,-14.4000,3.8516,19.0300,33942.1425,-9.8000,3.8558,19.1000,35234.2208,0,14753.0000,76149.0000
2019-11-01,2019,11,Atlantico,9,Articulos y utensilios domesticos,0,90.7517,-14.4000,3.8516,19.0300,33942.1425,-9.8000,3.8558,19.1000,35234.2208,0,14753.0000,76149.0000
2019-11-01,2019,11,Atlantico,10,Aseo del hogar,0,93.6582,-14.4000,3.8516,19.0300,33942.1425,-9.8000,3.8558,19.1000,35234.2208,0,14753.0000,76149.0000
2019-11-01,2019,11,Atlantico,11,Informatica y telecomunicaciones,0,143.2659,-14.4000,3.8516,19.0300,33942.1425,-9.8000,3.8558,19.1000,35234.2208,0,14753.0000,76149.0000
2019-11-01,2019,11,Atlantico,12,Sonido y video,0,131.7884,-14.4000,3.8516,19.0300,33942.1425,-9.8000,3.8558,19.1000,35234.2208,0,14753.0000,76149.0000
2019-11-01,2019,11,Atlantico,14,"Ferreteria, vidrios y pinturas",0,131.1088,-14.4000,3.8516,19.0300,33942.1425,-9.8000,3.8558,19.1000,35234.2208,0,14753.0000,76149.0000
2019-11-01,2019,11,Atlantico,15,Otras mercancias de uso domestico,0,151.6968,-14.4000,3.8516,19.0300,33942.1425,-9.8000,3.8558,19.1000,35234.2208,0,14753.0000,76149.0000
2019-11-01,2019,11,Bogota,4,Prendas de vestir y textiles,0,138.8132,-14.4000,3.8516,19.0300,33942.1425,-9.8000,3.8558,19.1000,35234.2208,0,172217.0000,204983.0000
2019-11-01,2019,11,Bogota,8,Electrodomesticos y muebles,1,128.8400,-14.4000,3.8516,19.0300,33942.1425,-9.8000,3.8558,19.1000,35234.2208,0,172217.0000,204983.0000
2019-11-01,2019,11,Bogota,9,Articulos y utensilios domesticos,0,126.8067,-14.4000,3.8516,19.0300,33942.1425,-9.8000,3.8558,19.1000,35234.2208,0,172217.0000,204983.0000
2019-11-01,2019,11,Bogota,10,Aseo del hogar,0,122.0092,-14.4000,3.8516,19.0300,33942.1425,-9.8000,3.8558,19.1000,35234.2208,0,172217.0000,204983.0000
2019-11-01,2019,11,Bogota,11,Informatica y telecomunicaciones,0,153.6969,-14.4000,3.8516,19.0300,33942.1425,-9.8000,3.8558,19.1000,35234.2208,0,172217.0000,204983.0000
2019-11-01,2019,11,Bogota,12,Sonido y video,0,135.2633,-14.4000,3.8516,19.0300,33942.1425,-9.8000,3.8558,19.1000,35234.2208,0,172217.0000,204983.0000
2019-11-01,2019,11,Bogota,14,"Ferreteria, vidrios y pinturas",0,118.4419,-14.4000,3.8516,19.0300,33942.1425,-9.8000,3.8558,19.1000,35234.2208,0,172217.0000,204983.0000
2019-11-01,2019,11,Bogota,15,Otras mercancias de uso domestico,0,137.9580,-14.4000,3.8516,19.0300,33942.1425,-9.8000,3.8558,19.1000,35234.2208,0,172217.0000,204983.0000
2019-11-01,2019,11,Cundinamarca,4,Prendas de vestir y textiles,0,122.7528,-14.4000,3.8516,19.0300,33942.1425,-9.8000,3.8558,19.1000,35234.2208,0,291081.0000,276187.0000
2019-11-01,2019,11,Cundinamarca,8,Electrodomesticos y muebles,1,122.3067,-14.4000,3.8516,19.0300,33942.1425,-9.8000,3.8558,19.1000,35234.2208,0,291081.0000,276187.0000
2019-11-01,2019,11,Cundinamarca,9,Articulos y utensilios domesticos,0,124.9864,-14.4000,3.8516,19.0300,33942.1425,-9.8000,3.8558,19.1000,35234.2208,0,291081.0000,276187.0000
2019-11-01,2019,11,Cundinamarca,10,Aseo del hogar,0,102.3804,-14.4000,3.8516,19.0300,33942.1425,-9.8000,3.8558,19.1000,35234.2208,0,291081.0000,276187.0000
2019-11-01,2019,11,Cundinamarca,11,Informatica y telecomunicaciones,0,133.1280,-14.4000,3.8516,19.0300,33942.1425,-9.8000,3.8558,19.1000,35234.2208,0,291081.0000,276187.0000
2019-11-01,2019,11,Cundinamarca,12,Sonido y video,0,159.7565,-14.4000,3.8516,19.0300,33942.1425,-9.8000,3.8558,19.1000,35234.2208,0,291081.0000,276187.0000
2019-11-01,2019,11,Cundinamarca,14,"Ferreteria, vidrios y pinturas",0,146.3909,-14.4000,3.8516,19.0300,33942.1425,-9.8000,3.8558,19.1000,35234.2208,0,291081.0000,276187.0000
2019-11-01,2019,11,Cundinamarca,15,Otras mercancias de uso domestico,0,114.0844,-14.4000,3.8516,19.0300,33942.1425,-9.8000,3.8558,19.1000,35234.2208,0,291081.0000,276187.0000
2019-11-01,2019,11,Santander,4,Prendas de vestir y textiles,0,103.0376,-14.4000,3.8516,19.0300,33942.1425,-9.8000,3.8558,19.1000,35234.2208,0,49616.0000,48353.0000
2019-11-01,2019,11,Santander,8,Electrodomesticos y muebles,1,81.7663,-14.4000,3.8516,19.0300,33942.1425,-9.8000,3.8558,19.1000,35234.2208,0,49616.0000,48353.0000
2019-11-01,2019,11,Santander,9,Articulos y utensilios domesticos,0,88.3243,-14.4000,3.8516,19.0300,33942.1425,-9.8000,3.8558,19.1000,35234.2208,0,49616.0000,48353.0000
2019-11-01,2019,11,Santander,10,Aseo del hogar,0,98.2702,-14.4000,3.8516,19.0300,33942.1425,-9.8000,3.8558,19.1000,35234.2208,0,49616.0000,48353.0000
2019-11-01,2019,11,Santander,11,Informatica y telecomunicaciones,0,113.7935,-14.4000,3.8516,19.0300,33942.1425,-9.8000,3.8558,19.1000,35234.2208,0,49616.0000,48353.0000
2019-11-01,2019,11,Santander,12,Sonido y video,0,153.5784,-14.4000,3.8516,19.0300,33942.1425,-9.8000,3.8558,19.1000,35234.2208,0,49616.0000,48353.0000
2019-11-01,2019,11,Santander,14,"Ferreteria, vidrios y pinturas",0,140.3872,-14.4000,3.8516,19.0300,33942.1425,-9.8000,3.8558,19.1000,35234.2208,0,49616.0000,48353.0000
2019-11-01,2019,11,Santander,15,Otras mercancias de uso domestico,0,99.3009,-14.4000,3.8516,19.0300,33942.1425,-9.8000,3.8558,19.1000,35234.2208,0,49616.0000,48353.0000
2019-11-01,2019,11,Valle del Cauca,4,Prendas de vestir y textiles,0,106.2420,-14.4000,3.8516,19.0300,33942.1425,-9.8000,3.8558,19.1000,35234.2208,0,104267.0000,196532.0000
2019-11-01,2019,11,Valle del Cauca,8,Electrodomesticos y muebles,1,117.9521,-14.4000,3.8516,19.0300,33942.1425,-9.8000,3.8558,19.1000,35234.2208,0,104267.0000,196532.0000
2019-11-01,2019,11,Valle del Cauca,9,Articulos y utensilios domesticos,0,122.4977,-14.4000,3.8516,19.0300,33942.1425,-9.8000,3.8558,19.1000,35234.2208,0,104267.0000,196532.0000
2019-11-01,2019,11,Valle del Cauca,10,Aseo del hogar,0,87.9878,-14.4000,3.8516,19.0300,33942.1425,-9.8000,3.8558,19.1000,35234.2208,0,104267.0000,196532.0000
2019-11-01,2019,11,Valle del Cauca,11,Informatica y telecomunicaciones,0,114.0869,-14.4000,3.8516,19.0300,33942.1425,-9.8000,3.8558,19.1000,35234.2208,0,104267.0000,196532.0000
2019-11-01,2019,11,Valle del Cauca,12,Sonido y video,0,127.1059,-14.4000,3.8516,19.0300,33942.1425,-9.8000,3.8558,19.1000,35234.2208,0,104267.0000,196532.0000
2019-11-01,2019,11,Valle del Cauca,14,"Ferreteria, vidrios y pinturas",0,96.7137,-14.4000,3.8516,19.0300,33942.1425,-9.8000,3.8558,19.1000,35234.2208,0,104267.0000,196532.0000
2019-11-01,2019,11,Valle del Cauca,15,Otras mercancias de uso domestico,0,139.6947,-14.4000,3.8516,19.0300,33942.1425,-9.8000,3.8558,19.1000,35234.2208,0,104267.0000,196532.0000
2019-11-01,2019,11,Otros departamentos,4,Prendas de vestir y textiles,0,106.7543,-14.4000,3.8516,19.0300,33942.1425,-9.8000,3.8558,19.1000,35234.2208,0,695462.0000,477018.0000
2019-11-01,2019,11,Otros departamentos,8,Electrodomesticos y muebles,1,116.2431,-14.4000,3.8516,19.0300,33942.1425,-9.8000,3.8558,19.1000,35234.2208,0,695462.0000,477018.0000
2019-11-01,2019,11,Otros departamentos,9,Articulos y utensilios domesticos,0,99.1443,-14.4000,3.8516,19.0300,33942.1425,-9.8000,3.8558,19.1000,35234.2208,0,695462.0000,477018.0000
2019-11-01,2019,11,Otros departamentos,10,Aseo del hogar,0,89.5402,-14.4000,3.8516,19.0300,33942.1425,-9.8000,3.8558,19.1000,35234.2208,0,695462.0000,477018.0000
2019-11-01,2019,11,Otros departamentos,11,Informatica y telecomunicaciones,0,111.1022,-14.4000,3.8516,19.0300,33942.1425,-9.8000,3.8558,19.1000,35234.2208,0,695462.0000,477018.0000
2019-11-01,2019,11,Otros departamentos,12,Sonido y video,0,137.8444,-14.4000,3.8516,19.0300,33942.1425,-9.8000,3.8558,19.1000,35234.2208,0,695462.0000,477018.0000
2019-11-01,2019,11,Otros departamentos,14,"Ferreteria, vidrios y pinturas",0,108.8232,-14.4000,3.8516,19.0300,33942.1425,-9.8000,3.8558,19.1000,35234.2208,0,695462.0000,477018.0000
2019-11-01,2019,11,Otros departamentos,15,Otras mercancias de uso domestico,0,115.9155,-14.4000,3.8516,19.0300,33942.1425,-9.8000,3.8558,19.1000,35234.2208,0,695462.0000,477018.0000
2019-12-01,2019,12,Antioquia,4,Prendas de vestir y textiles,0,246.1114,-9.5000,3.8000,18.9100,37163.6911,-14.4000,3.8516,19.0300,33942.1425,0,615502.0000,411620.0000
2019-12-01,2019,12,Antioquia,8,Electrodomesticos y muebles,1,116.7481,-9.5000,3.8000,18.9100,37163.6911,-14.4000,3.8516,19.0300,33942.1425,0,615502.0000,411620.0000
2019-12-01,2019,12,Antioquia,9,Articulos y utensilios domesticos,0,164.2179,-9.5000,3.8000,18.9100,37163.6911,-14.4000,3.8516,19.0300,33942.1425,0,615502.0000,411620.0000
2019-12-01,2019,12,Antioquia,10,Aseo del hogar,0,117.4545,-9.5000,3.8000,18.9100,37163.6911,-14.4000,3.8516,19.0300,33942.1425,0,615502.0000,411620.0000
2019-12-01,2019,12,Antioquia,11,Informatica y telecomunicaciones,0,161.8083,-9.5000,3.8000,18.9100,37163.6911,-14.4000,3.8516,19.0300,33942.1425,0,615502.0000,411620.0000
2019-12-01,2019,12,Antioquia,12,Sonido y video,0,186.1757,-9.5000,3.8000,18.9100,37163.6911,-14.4000,3.8516,19.0300,33942.1425,0,615502.0000,411620.0000
2019-12-01,2019,12,Antioquia,14,"Ferreteria, vidrios y pinturas",0,125.9810,-9.5000,3.8000,18.9100,37163.6911,-14.4000,3.8516,19.0300,33942.1425,0,615502.0000,411620.0000
2019-12-01,2019,12,Antioquia,15,Otras mercancias de uso domestico,0,163.4353,-9.5000,3.8000,18.9100,37163.6911,-14.4000,3.8516,19.0300,33942.1425,0,615502.0000,411620.0000
2019-12-01,2019,12,Atlantico,4,Prendas de vestir y textiles,0,252.1724,-9.5000,3.8000,18.9100,37163.6911,-14.4000,3.8516,19.0300,33942.1425,0,94265.0000,14753.0000
2019-12-01,2019,12,Atlantico,8,Electrodomesticos y muebles,1,101.7963,-9.5000,3.8000,18.9100,37163.6911,-14.4000,3.8516,19.0300,33942.1425,0,94265.0000,14753.0000
2019-12-01,2019,12,Atlantico,9,Articulos y utensilios domesticos,0,141.3254,-9.5000,3.8000,18.9100,37163.6911,-14.4000,3.8516,19.0300,33942.1425,0,94265.0000,14753.0000
2019-12-01,2019,12,Atlantico,10,Aseo del hogar,0,103.0009,-9.5000,3.8000,18.9100,37163.6911,-14.4000,3.8516,19.0300,33942.1425,0,94265.0000,14753.0000
2019-12-01,2019,12,Atlantico,11,Informatica y telecomunicaciones,0,169.9028,-9.5000,3.8000,18.9100,37163.6911,-14.4000,3.8516,19.0300,33942.1425,0,94265.0000,14753.0000
2019-12-01,2019,12,Atlantico,12,Sonido y video,0,164.1708,-9.5000,3.8000,18.9100,37163.6911,-14.4000,3.8516,19.0300,33942.1425,0,94265.0000,14753.0000
2019-12-01,2019,12,Atlantico,14,"Ferreteria, vidrios y pinturas",0,119.3254,-9.5000,3.8000,18.9100,37163.6911,-14.4000,3.8516,19.0300,33942.1425,0,94265.0000,14753.0000
2019-12-01,2019,12,Atlantico,15,Otras mercancias de uso domestico,0,200.9899,-9.5000,3.8000,18.9100,37163.6911,-14.4000,3.8516,19.0300,33942.1425,0,94265.0000,14753.0000
2019-12-01,2019,12,Bogota,4,Prendas de vestir y textiles,0,299.3961,-9.5000,3.8000,18.9100,37163.6911,-14.4000,3.8516,19.0300,33942.1425,0,558267.0000,172217.0000
2019-12-01,2019,12,Bogota,8,Electrodomesticos y muebles,1,116.5985,-9.5000,3.8000,18.9100,37163.6911,-14.4000,3.8516,19.0300,33942.1425,0,558267.0000,172217.0000
2019-12-01,2019,12,Bogota,9,Articulos y utensilios domesticos,0,173.3890,-9.5000,3.8000,18.9100,37163.6911,-14.4000,3.8516,19.0300,33942.1425,0,558267.0000,172217.0000
2019-12-01,2019,12,Bogota,10,Aseo del hogar,0,115.5859,-9.5000,3.8000,18.9100,37163.6911,-14.4000,3.8516,19.0300,33942.1425,0,558267.0000,172217.0000
2019-12-01,2019,12,Bogota,11,Informatica y telecomunicaciones,0,199.4069,-9.5000,3.8000,18.9100,37163.6911,-14.4000,3.8516,19.0300,33942.1425,0,558267.0000,172217.0000
2019-12-01,2019,12,Bogota,12,Sonido y video,0,127.9034,-9.5000,3.8000,18.9100,37163.6911,-14.4000,3.8516,19.0300,33942.1425,0,558267.0000,172217.0000
2019-12-01,2019,12,Bogota,14,"Ferreteria, vidrios y pinturas",0,107.3187,-9.5000,3.8000,18.9100,37163.6911,-14.4000,3.8516,19.0300,33942.1425,0,558267.0000,172217.0000
2019-12-01,2019,12,Bogota,15,Otras mercancias de uso domestico,0,158.0914,-9.5000,3.8000,18.9100,37163.6911,-14.4000,3.8516,19.0300,33942.1425,0,558267.0000,172217.0000
2019-12-01,2019,12,Cundinamarca,4,Prendas de vestir y textiles,0,235.9230,-9.5000,3.8000,18.9100,37163.6911,-14.4000,3.8516,19.0300,33942.1425,0,940710.0000,291081.0000
2019-12-01,2019,12,Cundinamarca,8,Electrodomesticos y muebles,1,113.3026,-9.5000,3.8000,18.9100,37163.6911,-14.4000,3.8516,19.0300,33942.1425,0,940710.0000,291081.0000
2019-12-01,2019,12,Cundinamarca,9,Articulos y utensilios domesticos,0,117.8730,-9.5000,3.8000,18.9100,37163.6911,-14.4000,3.8516,19.0300,33942.1425,0,940710.0000,291081.0000
2019-12-01,2019,12,Cundinamarca,10,Aseo del hogar,0,109.3588,-9.5000,3.8000,18.9100,37163.6911,-14.4000,3.8516,19.0300,33942.1425,0,940710.0000,291081.0000
2019-12-01,2019,12,Cundinamarca,11,Informatica y telecomunicaciones,0,148.8183,-9.5000,3.8000,18.9100,37163.6911,-14.4000,3.8516,19.0300,33942.1425,0,940710.0000,291081.0000
2019-12-01,2019,12,Cundinamarca,12,Sonido y video,0,160.7976,-9.5000,3.8000,18.9100,37163.6911,-14.4000,3.8516,19.0300,33942.1425,0,940710.0000,291081.0000
2019-12-01,2019,12,Cundinamarca,14,"Ferreteria, vidrios y pinturas",0,131.9436,-9.5000,3.8000,18.9100,37163.6911,-14.4000,3.8516,19.0300,33942.1425,0,940710.0000,291081.0000
2019-12-01,2019,12,Cundinamarca,15,Otras mercancias de uso domestico,0,144.6813,-9.5000,3.8000,18.9100,37163.6911,-14.4000,3.8516,19.0300,33942.1425,0,940710.0000,291081.0000
2019-12-01,2019,12,Santander,4,Prendas de vestir y textiles,0,237.6238,-9.5000,3.8000,18.9100,37163.6911,-14.4000,3.8516,19.0300,33942.1425,0,116201.0000,49616.0000
2019-12-01,2019,12,Santander,8,Electrodomesticos y muebles,1,96.7609,-9.5000,3.8000,18.9100,37163.6911,-14.4000,3.8516,19.0300,33942.1425,0,116201.0000,49616.0000
2019-12-01,2019,12,Santander,9,Articulos y utensilios domesticos,0,153.3144,-9.5000,3.8000,18.9100,37163.6911,-14.4000,3.8516,19.0300,33942.1425,0,116201.0000,49616.0000
2019-12-01,2019,12,Santander,10,Aseo del hogar,0,106.9748,-9.5000,3.8000,18.9100,37163.6911,-14.4000,3.8516,19.0300,33942.1425,0,116201.0000,49616.0000
2019-12-01,2019,12,Santander,11,Informatica y telecomunicaciones,0,141.2233,-9.5000,3.8000,18.9100,37163.6911,-14.4000,3.8516,19.0300,33942.1425,0,116201.0000,49616.0000
2019-12-01,2019,12,Santander,12,Sonido y video,0,137.1048,-9.5000,3.8000,18.9100,37163.6911,-14.4000,3.8516,19.0300,33942.1425,0,116201.0000,49616.0000
2019-12-01,2019,12,Santander,14,"Ferreteria, vidrios y pinturas",0,112.4967,-9.5000,3.8000,18.9100,37163.6911,-14.4000,3.8516,19.0300,33942.1425,0,116201.0000,49616.0000
2019-12-01,2019,12,Santander,15,Otras mercancias de uso domestico,0,157.6825,-9.5000,3.8000,18.9100,37163.6911,-14.4000,3.8516,19.0300,33942.1425,0,116201.0000,49616.0000
2019-12-01,2019,12,Valle del Cauca,4,Prendas de vestir y textiles,0,231.6596,-9.5000,3.8000,18.9100,37163.6911,-14.4000,3.8516,19.0300,33942.1425,0,339757.0000,104267.0000
2019-12-01,2019,12,Valle del Cauca,8,Electrodomesticos y muebles,1,126.1299,-9.5000,3.8000,18.9100,37163.6911,-14.4000,3.8516,19.0300,33942.1425,0,339757.0000,104267.0000
2019-12-01,2019,12,Valle del Cauca,9,Articulos y utensilios domesticos,0,159.1613,-9.5000,3.8000,18.9100,37163.6911,-14.4000,3.8516,19.0300,33942.1425,0,339757.0000,104267.0000
2019-12-01,2019,12,Valle del Cauca,10,Aseo del hogar,0,125.0249,-9.5000,3.8000,18.9100,37163.6911,-14.4000,3.8516,19.0300,33942.1425,0,339757.0000,104267.0000
2019-12-01,2019,12,Valle del Cauca,11,Informatica y telecomunicaciones,0,135.1619,-9.5000,3.8000,18.9100,37163.6911,-14.4000,3.8516,19.0300,33942.1425,0,339757.0000,104267.0000
2019-12-01,2019,12,Valle del Cauca,12,Sonido y video,0,119.6921,-9.5000,3.8000,18.9100,37163.6911,-14.4000,3.8516,19.0300,33942.1425,0,339757.0000,104267.0000
2019-12-01,2019,12,Valle del Cauca,14,"Ferreteria, vidrios y pinturas",0,81.9129,-9.5000,3.8000,18.9100,37163.6911,-14.4000,3.8516,19.0300,33942.1425,0,339757.0000,104267.0000
2019-12-01,2019,12,Valle del Cauca,15,Otras mercancias de uso domestico,0,180.0610,-9.5000,3.8000,18.9100,37163.6911,-14.4000,3.8516,19.0300,33942.1425,0,339757.0000,104267.0000
2019-12-01,2019,12,Otros departamentos,4,Prendas de vestir y textiles,0,253.0323,-9.5000,3.8000,18.9100,37163.6911,-14.4000,3.8516,19.0300,33942.1425,0,1022441.0000,695462.0000
2019-12-01,2019,12,Otros departamentos,8,Electrodomesticos y muebles,1,128.6397,-9.5000,3.8000,18.9100,37163.6911,-14.4000,3.8516,19.0300,33942.1425,0,1022441.0000,695462.0000
2019-12-01,2019,12,Otros departamentos,9,Articulos y utensilios domesticos,0,122.7769,-9.5000,3.8000,18.9100,37163.6911,-14.4000,3.8516,19.0300,33942.1425,0,1022441.0000,695462.0000
2019-12-01,2019,12,Otros departamentos,10,Aseo del hogar,0,112.2142,-9.5000,3.8000,18.9100,37163.6911,-14.4000,3.8516,19.0300,33942.1425,0,1022441.0000,695462.0000
2019-12-01,2019,12,Otros departamentos,11,Informatica y telecomunicaciones,0,150.4645,-9.5000,3.8000,18.9100,37163.6911,-14.4000,3.8516,19.0300,33942.1425,0,1022441.0000,695462.0000
2019-12-01,2019,12,Otros departamentos,12,Sonido y video,0,143.9227,-9.5000,3.8000,18.9100,37163.6911,-14.4000,3.8516,19.0300,33942.1425,0,1022441.0000,695462.0000
2019-12-01,2019,12,Otros departamentos,14,"Ferreteria, vidrios y pinturas",0,103.0010,-9.5000,3.8000,18.9100,37163.6911,-14.4000,3.8516,19.0300,33942.1425,0,1022441.0000,695462.0000
2019-12-01,2019,12,Otros departamentos,15,Otras mercancias de uso domestico,0,186.1809,-9.5000,3.8000,18.9100,37163.6911,-14.4000,3.8516,19.0300,33942.1425,0,1022441.0000,695462.0000
2020-01-01,2020,1,Antioquia,4,Prendas de vestir y textiles,0,92.0980,-1.2000,3.6183,18.7700,30472.2406,-9.5000,3.8000,18.9100,37163.6911,0,150719.0000,615502.0000
2020-01-01,2020,1,Antioquia,8,Electrodomesticos y muebles,1,87.0030,-1.2000,3.6183,18.7700,30472.2406,-9.5000,3.8000,18.9100,37163.6911,0,150719.0000,615502.0000
2020-01-01,2020,1,Antioquia,9,Articulos y utensilios domesticos,0,108.2271,-1.2000,3.6183,18.7700,30472.2406,-9.5000,3.8000,18.9100,37163.6911,0,150719.0000,615502.0000
2020-01-01,2020,1,Antioquia,10,Aseo del hogar,0,90.0357,-1.2000,3.6183,18.7700,30472.2406,-9.5000,3.8000,18.9100,37163.6911,0,150719.0000,615502.0000
2020-01-01,2020,1,Antioquia,11,Informatica y telecomunicaciones,0,105.9451,-1.2000,3.6183,18.7700,30472.2406,-9.5000,3.8000,18.9100,37163.6911,0,150719.0000,615502.0000
2020-01-01,2020,1,Antioquia,12,Sonido y video,0,79.8841,-1.2000,3.6183,18.7700,30472.2406,-9.5000,3.8000,18.9100,37163.6911,0,150719.0000,615502.0000
2020-01-01,2020,1,Antioquia,14,"Ferreteria, vidrios y pinturas",0,105.1705,-1.2000,3.6183,18.7700,30472.2406,-9.5000,3.8000,18.9100,37163.6911,0,150719.0000,615502.0000
2020-01-01,2020,1,Antioquia,15,Otras mercancias de uso domestico,0,73.8659,-1.2000,3.6183,18.7700,30472.2406,-9.5000,3.8000,18.9100,37163.6911,0,150719.0000,615502.0000
2020-01-01,2020,1,Atlantico,4,Prendas de vestir y textiles,0,74.9191,-1.2000,3.6183,18.7700,30472.2406,-9.5000,3.8000,18.9100,37163.6911,0,80576.0000,94265.0000
2020-01-01,2020,1,Atlantico,8,Electrodomesticos y muebles,1,99.5878,-1.2000,3.6183,18.7700,30472.2406,-9.5000,3.8000,18.9100,37163.6911,0,80576.0000,94265.0000
2020-01-01,2020,1,Atlantico,9,Articulos y utensilios domesticos,0,76.7598,-1.2000,3.6183,18.7700,30472.2406,-9.5000,3.8000,18.9100,37163.6911,0,80576.0000,94265.0000
2020-01-01,2020,1,Atlantico,10,Aseo del hogar,0,109.7212,-1.2000,3.6183,18.7700,30472.2406,-9.5000,3.8000,18.9100,37163.6911,0,80576.0000,94265.0000
2020-01-01,2020,1,Atlantico,11,Informatica y telecomunicaciones,0,97.8952,-1.2000,3.6183,18.7700,30472.2406,-9.5000,3.8000,18.9100,37163.6911,0,80576.0000,94265.0000
2020-01-01,2020,1,Atlantico,12,Sonido y video,0,107.6242,-1.2000,3.6183,18.7700,30472.2406,-9.5000,3.8000,18.9100,37163.6911,0,80576.0000,94265.0000
2020-01-01,2020,1,Atlantico,14,"Ferreteria, vidrios y pinturas",0,114.1063,-1.2000,3.6183,18.7700,30472.2406,-9.5000,3.8000,18.9100,37163.6911,0,80576.0000,94265.0000
2020-01-01,2020,1,Atlantico,15,Otras mercancias de uso domestico,0,86.0641,-1.2000,3.6183,18.7700,30472.2406,-9.5000,3.8000,18.9100,37163.6911,0,80576.0000,94265.0000
2020-01-01,2020,1,Bogota,4,Prendas de vestir y textiles,0,76.9939,-1.2000,3.6183,18.7700,30472.2406,-9.5000,3.8000,18.9100,37163.6911,0,313306.0000,558267.0000
2020-01-01,2020,1,Bogota,8,Electrodomesticos y muebles,1,110.8318,-1.2000,3.6183,18.7700,30472.2406,-9.5000,3.8000,18.9100,37163.6911,0,313306.0000,558267.0000
2020-01-01,2020,1,Bogota,9,Articulos y utensilios domesticos,0,107.9573,-1.2000,3.6183,18.7700,30472.2406,-9.5000,3.8000,18.9100,37163.6911,0,313306.0000,558267.0000
2020-01-01,2020,1,Bogota,10,Aseo del hogar,0,105.6270,-1.2000,3.6183,18.7700,30472.2406,-9.5000,3.8000,18.9100,37163.6911,0,313306.0000,558267.0000
2020-01-01,2020,1,Bogota,11,Informatica y telecomunicaciones,0,105.2671,-1.2000,3.6183,18.7700,30472.2406,-9.5000,3.8000,18.9100,37163.6911,0,313306.0000,558267.0000
2020-01-01,2020,1,Bogota,12,Sonido y video,0,73.0323,-1.2000,3.6183,18.7700,30472.2406,-9.5000,3.8000,18.9100,37163.6911,0,313306.0000,558267.0000
2020-01-01,2020,1,Bogota,14,"Ferreteria, vidrios y pinturas",0,92.1633,-1.2000,3.6183,18.7700,30472.2406,-9.5000,3.8000,18.9100,37163.6911,0,313306.0000,558267.0000
2020-01-01,2020,1,Bogota,15,Otras mercancias de uso domestico,0,67.1231,-1.2000,3.6183,18.7700,30472.2406,-9.5000,3.8000,18.9100,37163.6911,0,313306.0000,558267.0000
2020-01-01,2020,1,Cundinamarca,4,Prendas de vestir y textiles,0,74.6343,-1.2000,3.6183,18.7700,30472.2406,-9.5000,3.8000,18.9100,37163.6911,0,192830.0000,940710.0000
2020-01-01,2020,1,Cundinamarca,8,Electrodomesticos y muebles,1,122.3322,-1.2000,3.6183,18.7700,30472.2406,-9.5000,3.8000,18.9100,37163.6911,0,192830.0000,940710.0000
2020-01-01,2020,1,Cundinamarca,9,Articulos y utensilios domesticos,0,87.3160,-1.2000,3.6183,18.7700,30472.2406,-9.5000,3.8000,18.9100,37163.6911,0,192830.0000,940710.0000
2020-01-01,2020,1,Cundinamarca,10,Aseo del hogar,0,127.0694,-1.2000,3.6183,18.7700,30472.2406,-9.5000,3.8000,18.9100,37163.6911,0,192830.0000,940710.0000
2020-01-01,2020,1,Cundinamarca,11,Informatica y telecomunicaciones,0,105.2783,-1.2000,3.6183,18.7700,30472.2406,-9.5000,3.8000,18.9100,37163.6911,0,192830.0000,940710.0000
2020-01-01,2020,1,Cundinamarca,12,Sonido y video,0,123.5507,-1.2000,3.6183,18.7700,30472.2406,-9.5000,3.8000,18.9100,37163.6911,0,192830.0000,940710.0000
2020-01-01,2020,1,Cundinamarca,14,"Ferreteria, vidrios y pinturas",0,126.1747,-1.2000,3.6183,18.7700,30472.2406,-9.5000,3.8000,18.9100,37163.6911,0,192830.0000,940710.0000
2020-01-01,2020,1,Cundinamarca,15,Otras mercancias de uso domestico,0,97.3454,-1.2000,3.6183,18.7700,30472.2406,-9.5000,3.8000,18.9100,37163.6911,0,192830.0000,940710.0000
2020-01-01,2020,1,Santander,4,Prendas de vestir y textiles,0,66.8394,-1.2000,3.6183,18.7700,30472.2406,-9.5000,3.8000,18.9100,37163.6911,0,156404.0000,116201.0000
2020-01-01,2020,1,Santander,8,Electrodomesticos y muebles,1,82.9067,-1.2000,3.6183,18.7700,30472.2406,-9.5000,3.8000,18.9100,37163.6911,0,156404.0000,116201.0000
2020-01-01,2020,1,Santander,9,Articulos y utensilios domesticos,0,94.1914,-1.2000,3.6183,18.7700,30472.2406,-9.5000,3.8000,18.9100,37163.6911,0,156404.0000,116201.0000
2020-01-01,2020,1,Santander,10,Aseo del hogar,0,103.4262,-1.2000,3.6183,18.7700,30472.2406,-9.5000,3.8000,18.9100,37163.6911,0,156404.0000,116201.0000
2020-01-01,2020,1,Santander,11,Informatica y telecomunicaciones,0,87.0512,-1.2000,3.6183,18.7700,30472.2406,-9.5000,3.8000,18.9100,37163.6911,0,156404.0000,116201.0000
2020-01-01,2020,1,Santander,12,Sonido y video,0,86.4705,-1.2000,3.6183,18.7700,30472.2406,-9.5000,3.8000,18.9100,37163.6911,0,156404.0000,116201.0000
2020-01-01,2020,1,Santander,14,"Ferreteria, vidrios y pinturas",0,93.2195,-1.2000,3.6183,18.7700,30472.2406,-9.5000,3.8000,18.9100,37163.6911,0,156404.0000,116201.0000
2020-01-01,2020,1,Santander,15,Otras mercancias de uso domestico,0,80.9033,-1.2000,3.6183,18.7700,30472.2406,-9.5000,3.8000,18.9100,37163.6911,0,156404.0000,116201.0000
2020-01-01,2020,1,Valle del Cauca,4,Prendas de vestir y textiles,0,78.5375,-1.2000,3.6183,18.7700,30472.2406,-9.5000,3.8000,18.9100,37163.6911,0,162536.0000,339757.0000
2020-01-01,2020,1,Valle del Cauca,8,Electrodomesticos y muebles,1,95.4502,-1.2000,3.6183,18.7700,30472.2406,-9.5000,3.8000,18.9100,37163.6911,0,162536.0000,339757.0000
2020-01-01,2020,1,Valle del Cauca,9,Articulos y utensilios domesticos,0,112.2825,-1.2000,3.6183,18.7700,30472.2406,-9.5000,3.8000,18.9100,37163.6911,0,162536.0000,339757.0000
2020-01-01,2020,1,Valle del Cauca,10,Aseo del hogar,0,129.1682,-1.2000,3.6183,18.7700,30472.2406,-9.5000,3.8000,18.9100,37163.6911,0,162536.0000,339757.0000
2020-01-01,2020,1,Valle del Cauca,11,Informatica y telecomunicaciones,0,88.6596,-1.2000,3.6183,18.7700,30472.2406,-9.5000,3.8000,18.9100,37163.6911,0,162536.0000,339757.0000
2020-01-01,2020,1,Valle del Cauca,12,Sonido y video,0,61.4190,-1.2000,3.6183,18.7700,30472.2406,-9.5000,3.8000,18.9100,37163.6911,0,162536.0000,339757.0000
2020-01-01,2020,1,Valle del Cauca,14,"Ferreteria, vidrios y pinturas",0,83.8974,-1.2000,3.6183,18.7700,30472.2406,-9.5000,3.8000,18.9100,37163.6911,0,162536.0000,339757.0000
2020-01-01,2020,1,Valle del Cauca,15,Otras mercancias de uso domestico,0,94.8346,-1.2000,3.6183,18.7700,30472.2406,-9.5000,3.8000,18.9100,37163.6911,0,162536.0000,339757.0000
2020-01-01,2020,1,Otros departamentos,4,Prendas de vestir y textiles,0,90.0998,-1.2000,3.6183,18.7700,30472.2406,-9.5000,3.8000,18.9100,37163.6911,0,453665.0000,1022441.0000
2020-01-01,2020,1,Otros departamentos,8,Electrodomesticos y muebles,1,109.0512,-1.2000,3.6183,18.7700,30472.2406,-9.5000,3.8000,18.9100,37163.6911,0,453665.0000,1022441.0000
2020-01-01,2020,1,Otros departamentos,9,Articulos y utensilios domesticos,0,94.1677,-1.2000,3.6183,18.7700,30472.2406,-9.5000,3.8000,18.9100,37163.6911,0,453665.0000,1022441.0000
2020-01-01,2020,1,Otros departamentos,10,Aseo del hogar,0,103.4938,-1.2000,3.6183,18.7700,30472.2406,-9.5000,3.8000,18.9100,37163.6911,0,453665.0000,1022441.0000
2020-01-01,2020,1,Otros departamentos,11,Informatica y telecomunicaciones,0,92.7331,-1.2000,3.6183,18.7700,30472.2406,-9.5000,3.8000,18.9100,37163.6911,0,453665.0000,1022441.0000
2020-01-01,2020,1,Otros departamentos,12,Sonido y video,0,93.7585,-1.2000,3.6183,18.7700,30472.2406,-9.5000,3.8000,18.9100,37163.6911,0,453665.0000,1022441.0000
2020-01-01,2020,1,Otros departamentos,14,"Ferreteria, vidrios y pinturas",0,89.1357,-1.2000,3.6183,18.7700,30472.2406,-9.5000,3.8000,18.9100,37163.6911,0,453665.0000,1022441.0000
2020-01-01,2020,1,Otros departamentos,15,Otras mercancias de uso domestico,0,100.5355,-1.2000,3.6183,18.7700,30472.2406,-9.5000,3.8000,18.9100,37163.6911,0,453665.0000,1022441.0000
2020-02-01,2020,2,Antioquia,4,Prendas de vestir y textiles,0,87.2068,-11.2000,3.7161,19.0600,23143.2071,-1.2000,3.6183,18.7700,30472.2406,0,261030.0000,150719.0000
2020-02-01,2020,2,Antioquia,8,Electrodomesticos y muebles,1,90.7708,-11.2000,3.7161,19.0600,23143.2071,-1.2000,3.6183,18.7700,30472.2406,0,261030.0000,150719.0000
2020-02-01,2020,2,Antioquia,9,Articulos y utensilios domesticos,0,100.7686,-11.2000,3.7161,19.0600,23143.2071,-1.2000,3.6183,18.7700,30472.2406,0,261030.0000,150719.0000
2020-02-01,2020,2,Antioquia,10,Aseo del hogar,0,85.3591,-11.2000,3.7161,19.0600,23143.2071,-1.2000,3.6183,18.7700,30472.2406,0,261030.0000,150719.0000
2020-02-01,2020,2,Antioquia,11,Informatica y telecomunicaciones,0,132.3079,-11.2000,3.7161,19.0600,23143.2071,-1.2000,3.6183,18.7700,30472.2406,0,261030.0000,150719.0000
2020-02-01,2020,2,Antioquia,12,Sonido y video,0,90.4941,-11.2000,3.7161,19.0600,23143.2071,-1.2000,3.6183,18.7700,30472.2406,0,261030.0000,150719.0000
2020-02-01,2020,2,Antioquia,14,"Ferreteria, vidrios y pinturas",0,103.0407,-11.2000,3.7161,19.0600,23143.2071,-1.2000,3.6183,18.7700,30472.2406,0,261030.0000,150719.0000
2020-02-01,2020,2,Antioquia,15,Otras mercancias de uso domestico,0,72.3688,-11.2000,3.7161,19.0600,23143.2071,-1.2000,3.6183,18.7700,30472.2406,0,261030.0000,150719.0000
2020-02-01,2020,2,Atlantico,4,Prendas de vestir y textiles,0,67.8400,-11.2000,3.7161,19.0600,23143.2071,-1.2000,3.6183,18.7700,30472.2406,0,78214.0000,80576.0000
2020-02-01,2020,2,Atlantico,8,Electrodomesticos y muebles,1,92.1132,-11.2000,3.7161,19.0600,23143.2071,-1.2000,3.6183,18.7700,30472.2406,0,78214.0000,80576.0000
2020-02-01,2020,2,Atlantico,9,Articulos y utensilios domesticos,0,83.7245,-11.2000,3.7161,19.0600,23143.2071,-1.2000,3.6183,18.7700,30472.2406,0,78214.0000,80576.0000
2020-02-01,2020,2,Atlantico,10,Aseo del hogar,0,108.8007,-11.2000,3.7161,19.0600,23143.2071,-1.2000,3.6183,18.7700,30472.2406,0,78214.0000,80576.0000
2020-02-01,2020,2,Atlantico,11,Informatica y telecomunicaciones,0,91.5389,-11.2000,3.7161,19.0600,23143.2071,-1.2000,3.6183,18.7700,30472.2406,0,78214.0000,80576.0000
2020-02-01,2020,2,Atlantico,12,Sonido y video,0,82.3476,-11.2000,3.7161,19.0600,23143.2071,-1.2000,3.6183,18.7700,30472.2406,0,78214.0000,80576.0000
2020-02-01,2020,2,Atlantico,14,"Ferreteria, vidrios y pinturas",0,99.7290,-11.2000,3.7161,19.0600,23143.2071,-1.2000,3.6183,18.7700,30472.2406,0,78214.0000,80576.0000
2020-02-01,2020,2,Atlantico,15,Otras mercancias de uso domestico,0,65.3507,-11.2000,3.7161,19.0600,23143.2071,-1.2000,3.6183,18.7700,30472.2406,0,78214.0000,80576.0000
2020-02-01,2020,2,Bogota,4,Prendas de vestir y textiles,0,71.9653,-11.2000,3.7161,19.0600,23143.2071,-1.2000,3.6183,18.7700,30472.2406,0,233935.0000,313306.0000
2020-02-01,2020,2,Bogota,8,Electrodomesticos y muebles,1,99.2217,-11.2000,3.7161,19.0600,23143.2071,-1.2000,3.6183,18.7700,30472.2406,0,233935.0000,313306.0000
2020-02-01,2020,2,Bogota,9,Articulos y utensilios domesticos,0,112.3882,-11.2000,3.7161,19.0600,23143.2071,-1.2000,3.6183,18.7700,30472.2406,0,233935.0000,313306.0000
2020-02-01,2020,2,Bogota,10,Aseo del hogar,0,131.2049,-11.2000,3.7161,19.0600,23143.2071,-1.2000,3.6183,18.7700,30472.2406,0,233935.0000,313306.0000
2020-02-01,2020,2,Bogota,11,Informatica y telecomunicaciones,0,91.8086,-11.2000,3.7161,19.0600,23143.2071,-1.2000,3.6183,18.7700,30472.2406,0,233935.0000,313306.0000
2020-02-01,2020,2,Bogota,12,Sonido y video,0,104.3326,-11.2000,3.7161,19.0600,23143.2071,-1.2000,3.6183,18.7700,30472.2406,0,233935.0000,313306.0000
2020-02-01,2020,2,Bogota,14,"Ferreteria, vidrios y pinturas",0,91.9781,-11.2000,3.7161,19.0600,23143.2071,-1.2000,3.6183,18.7700,30472.2406,0,233935.0000,313306.0000
2020-02-01,2020,2,Bogota,15,Otras mercancias de uso domestico,0,75.8496,-11.2000,3.7161,19.0600,23143.2071,-1.2000,3.6183,18.7700,30472.2406,0,233935.0000,313306.0000
2020-02-01,2020,2,Cundinamarca,4,Prendas de vestir y textiles,0,64.3707,-11.2000,3.7161,19.0600,23143.2071,-1.2000,3.6183,18.7700,30472.2406,0,185352.0000,192830.0000
2020-02-01,2020,2,Cundinamarca,8,Electrodomesticos y muebles,1,125.6948,-11.2000,3.7161,19.0600,23143.2071,-1.2000,3.6183,18.7700,30472.2406,0,185352.0000,192830.0000
2020-02-01,2020,2,Cundinamarca,9,Articulos y utensilios domesticos,0,96.3939,-11.2000,3.7161,19.0600,23143.2071,-1.2000,3.6183,18.7700,30472.2406,0,185352.0000,192830.0000
2020-02-01,2020,2,Cundinamarca,10,Aseo del hogar,0,120.9893,-11.2000,3.7161,19.0600,23143.2071,-1.2000,3.6183,18.7700,30472.2406,0,185352.0000,192830.0000
2020-02-01,2020,2,Cundinamarca,11,Informatica y telecomunicaciones,0,93.7988,-11.2000,3.7161,19.0600,23143.2071,-1.2000,3.6183,18.7700,30472.2406,0,185352.0000,192830.0000
2020-02-01,2020,2,Cundinamarca,12,Sonido y video,0,116.1435,-11.2000,3.7161,19.0600,23143.2071,-1.2000,3.6183,18.7700,30472.2406,0,185352.0000,192830.0000
2020-02-01,2020,2,Cundinamarca,14,"Ferreteria, vidrios y pinturas",0,126.8307,-11.2000,3.7161,19.0600,23143.2071,-1.2000,3.6183,18.7700,30472.2406,0,185352.0000,192830.0000
2020-02-01,2020,2,Cundinamarca,15,Otras mercancias de uso domestico,0,91.0749,-11.2000,3.7161,19.0600,23143.2071,-1.2000,3.6183,18.7700,30472.2406,0,185352.0000,192830.0000
2020-02-01,2020,2,Santander,4,Prendas de vestir y textiles,0,79.8503,-11.2000,3.7161,19.0600,23143.2071,-1.2000,3.6183,18.7700,30472.2406,0,44561.0000,156404.0000
2020-02-01,2020,2,Santander,8,Electrodomesticos y muebles,1,102.2077,-11.2000,3.7161,19.0600,23143.2071,-1.2000,3.6183,18.7700,30472.2406,0,44561.0000,156404.0000
2020-02-01,2020,2,Santander,9,Articulos y utensilios domesticos,0,95.1403,-11.2000,3.7161,19.0600,23143.2071,-1.2000,3.6183,18.7700,30472.2406,0,44561.0000,156404.0000
2020-02-01,2020,2,Santander,10,Aseo del hogar,0,128.6224,-11.2000,3.7161,19.0600,23143.2071,-1.2000,3.6183,18.7700,30472.2406,0,44561.0000,156404.0000
2020-02-01,2020,2,Santander,11,Informatica y telecomunicaciones,0,104.1367,-11.2000,3.7161,19.0600,23143.2071,-1.2000,3.6183,18.7700,30472.2406,0,44561.0000,156404.0000
2020-02-01,2020,2,Santander,12,Sonido y video,0,94.6926,-11.2000,3.7161,19.0600,23143.2071,-1.2000,3.6183,18.7700,30472.2406,0,44561.0000,156404.0000
2020-02-01,2020,2,Santander,14,"Ferreteria, vidrios y pinturas",0,99.0847,-11.2000,3.7161,19.0600,23143.2071,-1.2000,3.6183,18.7700,30472.2406,0,44561.0000,156404.0000
2020-02-01,2020,2,Santander,15,Otras mercancias de uso domestico,0,85.1895,-11.2000,3.7161,19.0600,23143.2071,-1.2000,3.6183,18.7700,30472.2406,0,44561.0000,156404.0000
2020-02-01,2020,2,Valle del Cauca,4,Prendas de vestir y textiles,0,57.3392,-11.2000,3.7161,19.0600,23143.2071,-1.2000,3.6183,18.7700,30472.2406,0,85788.0000,162536.0000
2020-02-01,2020,2,Valle del Cauca,8,Electrodomesticos y muebles,1,93.8915,-11.2000,3.7161,19.0600,23143.2071,-1.2000,3.6183,18.7700,30472.2406,0,85788.0000,162536.0000
2020-02-01,2020,2,Valle del Cauca,9,Articulos y utensilios domesticos,0,94.9454,-11.2000,3.7161,19.0600,23143.2071,-1.2000,3.6183,18.7700,30472.2406,0,85788.0000,162536.0000
2020-02-01,2020,2,Valle del Cauca,10,Aseo del hogar,0,142.7642,-11.2000,3.7161,19.0600,23143.2071,-1.2000,3.6183,18.7700,30472.2406,0,85788.0000,162536.0000
2020-02-01,2020,2,Valle del Cauca,11,Informatica y telecomunicaciones,0,119.6587,-11.2000,3.7161,19.0600,23143.2071,-1.2000,3.6183,18.7700,30472.2406,0,85788.0000,162536.0000
2020-02-01,2020,2,Valle del Cauca,12,Sonido y video,0,81.1684,-11.2000,3.7161,19.0600,23143.2071,-1.2000,3.6183,18.7700,30472.2406,0,85788.0000,162536.0000
2020-02-01,2020,2,Valle del Cauca,14,"Ferreteria, vidrios y pinturas",0,86.9536,-11.2000,3.7161,19.0600,23143.2071,-1.2000,3.6183,18.7700,30472.2406,0,85788.0000,162536.0000
2020-02-01,2020,2,Valle del Cauca,15,Otras mercancias de uso domestico,0,81.1156,-11.2000,3.7161,19.0600,23143.2071,-1.2000,3.6183,18.7700,30472.2406,0,85788.0000,162536.0000
2020-02-01,2020,2,Otros departamentos,4,Prendas de vestir y textiles,0,73.5076,-11.2000,3.7161,19.0600,23143.2071,-1.2000,3.6183,18.7700,30472.2406,0,574772.0000,453665.0000
2020-02-01,2020,2,Otros departamentos,8,Electrodomesticos y muebles,1,122.0277,-11.2000,3.7161,19.0600,23143.2071,-1.2000,3.6183,18.7700,30472.2406,0,574772.0000,453665.0000
2020-02-01,2020,2,Otros departamentos,9,Articulos y utensilios domesticos,0,88.0982,-11.2000,3.7161,19.0600,23143.2071,-1.2000,3.6183,18.7700,30472.2406,0,574772.0000,453665.0000
2020-02-01,2020,2,Otros departamentos,10,Aseo del hogar,0,79.4370,-11.2000,3.7161,19.0600,23143.2071,-1.2000,3.6183,18.7700,30472.2406,0,574772.0000,453665.0000
2020-02-01,2020,2,Otros departamentos,11,Informatica y telecomunicaciones,0,111.5679,-11.2000,3.7161,19.0600,23143.2071,-1.2000,3.6183,18.7700,30472.2406,0,574772.0000,453665.0000
2020-02-01,2020,2,Otros departamentos,12,Sonido y video,0,107.6227,-11.2000,3.7161,19.0600,23143.2071,-1.2000,3.6183,18.7700,30472.2406,0,574772.0000,453665.0000
2020-02-01,2020,2,Otros departamentos,14,"Ferreteria, vidrios y pinturas",0,105.6283,-11.2000,3.7161,19.0600,23143.2071,-1.2000,3.6183,18.7700,30472.2406,0,574772.0000,453665.0000
2020-02-01,2020,2,Otros departamentos,15,Otras mercancias de uso domestico,0,99.9406,-11.2000,3.7161,19.0600,23143.2071,-1.2000,3.6183,18.7700,30472.2406,0,574772.0000,453665.0000
2020-03-01,2020,3,Antioquia,4,Prendas de vestir y textiles,0,55.7442,-23.8000,3.8477,18.9500,22264.9845,-11.2000,3.7161,19.0600,23143.2071,0,154375.0000,261030.0000
2020-03-01,2020,3,Antioquia,8,Electrodomesticos y muebles,1,71.6206,-23.8000,3.8477,18.9500,22264.9845,-11.2000,3.7161,19.0600,23143.2071,0,154375.0000,261030.0000
2020-03-01,2020,3,Antioquia,9,Articulos y utensilios domesticos,0,55.9869,-23.8000,3.8477,18.9500,22264.9845,-11.2000,3.7161,19.0600,23143.2071,0,154375.0000,261030.0000
2020-03-01,2020,3,Antioquia,10,Aseo del hogar,0,117.3374,-23.8000,3.8477,18.9500,22264.9845,-11.2000,3.7161,19.0600,23143.2071,0,154375.0000,261030.0000
2020-03-01,2020,3,Antioquia,11,Informatica y telecomunicaciones,0,96.1877,-23.8000,3.8477,18.9500,22264.9845,-11.2000,3.7161,19.0600,23143.2071,0,154375.0000,261030.0000
2020-03-01,2020,3,Antioquia,12,Sonido y video,0,69.7792,-23.8000,3.8477,18.9500,22264.9845,-11.2000,3.7161,19.0600,23143.2071,0,154375.0000,261030.0000
2020-03-01,2020,3,Antioquia,14,"Ferreteria, vidrios y pinturas",0,76.4261,-23.8000,3.8477,18.9500,22264.9845,-11.2000,3.7161,19.0600,23143.2071,0,154375.0000,261030.0000
2020-03-01,2020,3,Antioquia,15,Otras mercancias de uso domestico,0,62.0473,-23.8000,3.8477,18.9500,22264.9845,-11.2000,3.7161,19.0600,23143.2071,0,154375.0000,261030.0000
2020-03-01,2020,3,Atlantico,4,Prendas de vestir y textiles,0,38.0772,-23.8000,3.8477,18.9500,22264.9845,-11.2000,3.7161,19.0600,23143.2071,0,137391.0000,78214.0000
2020-03-01,2020,3,Atlantico,8,Electrodomesticos y muebles,1,86.8788,-23.8000,3.8477,18.9500,22264.9845,-11.2000,3.7161,19.0600,23143.2071,0,137391.0000,78214.0000
2020-03-01,2020,3,Atlantico,9,Articulos y utensilios domesticos,0,75.4498,-23.8000,3.8477,18.9500,22264.9845,-11.2000,3.7161,19.0600,23143.2071,0,137391.0000,78214.0000
2020-03-01,2020,3,Atlantico,10,Aseo del hogar,0,135.1153,-23.8000,3.8477,18.9500,22264.9845,-11.2000,3.7161,19.0600,23143.2071,0,137391.0000,78214.0000
2020-03-01,2020,3,Atlantico,11,Informatica y telecomunicaciones,0,74.3345,-23.8000,3.8477,18.9500,22264.9845,-11.2000,3.7161,19.0600,23143.2071,0,137391.0000,78214.0000
2020-03-01,2020,3,Atlantico,12,Sonido y video,0,60.3073,-23.8000,3.8477,18.9500,22264.9845,-11.2000,3.7161,19.0600,23143.2071,0,137391.0000,78214.0000
2020-03-01,2020,3,Atlantico,14,"Ferreteria, vidrios y pinturas",0,81.5338,-23.8000,3.8477,18.9500,22264.9845,-11.2000,3.7161,19.0600,23143.2071,0,137391.0000,78214.0000
2020-03-01,2020,3,Atlantico,15,Otras mercancias de uso domestico,0,77.3720,-23.8000,3.8477,18.9500,22264.9845,-11.2000,3.7161,19.0600,23143.2071,0,137391.0000,78214.0000
2020-03-01,2020,3,Bogota,4,Prendas de vestir y textiles,0,37.1805,-23.8000,3.8477,18.9500,22264.9845,-11.2000,3.7161,19.0600,23143.2071,0,158737.0000,233935.0000
2020-03-01,2020,3,Bogota,8,Electrodomesticos y muebles,1,78.3983,-23.8000,3.8477,18.9500,22264.9845,-11.2000,3.7161,19.0600,23143.2071,0,158737.0000,233935.0000
2020-03-01,2020,3,Bogota,9,Articulos y utensilios domesticos,0,78.0118,-23.8000,3.8477,18.9500,22264.9845,-11.2000,3.7161,19.0600,23143.2071,0,158737.0000,233935.0000
2020-03-01,2020,3,Bogota,10,Aseo del hogar,0,159.0518,-23.8000,3.8477,18.9500,22264.9845,-11.2000,3.7161,19.0600,23143.2071,0,158737.0000,233935.0000
2020-03-01,2020,3,Bogota,11,Informatica y telecomunicaciones,0,85.4153,-23.8000,3.8477,18.9500,22264.9845,-11.2000,3.7161,19.0600,23143.2071,0,158737.0000,233935.0000
2020-03-01,2020,3,Bogota,12,Sonido y video,0,94.7081,-23.8000,3.8477,18.9500,22264.9845,-11.2000,3.7161,19.0600,23143.2071,0,158737.0000,233935.0000
2020-03-01,2020,3,Bogota,14,"Ferreteria, vidrios y pinturas",0,70.5961,-23.8000,3.8477,18.9500,22264.9845,-11.2000,3.7161,19.0600,23143.2071,0,158737.0000,233935.0000
2020-03-01,2020,3,Bogota,15,Otras mercancias de uso domestico,0,75.2362,-23.8000,3.8477,18.9500,22264.9845,-11.2000,3.7161,19.0600,23143.2071,0,158737.0000,233935.0000
2020-03-01,2020,3,Cundinamarca,4,Prendas de vestir y textiles,0,43.4114,-23.8000,3.8477,18.9500,22264.9845,-11.2000,3.7161,19.0600,23143.2071,0,48384.0000,185352.0000
2020-03-01,2020,3,Cundinamarca,8,Electrodomesticos y muebles,1,85.0952,-23.8000,3.8477,18.9500,22264.9845,-11.2000,3.7161,19.0600,23143.2071,0,48384.0000,185352.0000
2020-03-01,2020,3,Cundinamarca,9,Articulos y utensilios domesticos,0,73.0327,-23.8000,3.8477,18.9500,22264.9845,-11.2000,3.7161,19.0600,23143.2071,0,48384.0000,185352.0000
2020-03-01,2020,3,Cundinamarca,10,Aseo del hogar,0,162.3268,-23.8000,3.8477,18.9500,22264.9845,-11.2000,3.7161,19.0600,23143.2071,0,48384.0000,185352.0000
2020-03-01,2020,3,Cundinamarca,11,Informatica y telecomunicaciones,0,78.7400,-23.8000,3.8477,18.9500,22264.9845,-11.2000,3.7161,19.0600,23143.2071,0,48384.0000,185352.0000
2020-03-01,2020,3,Cundinamarca,12,Sonido y video,0,78.7129,-23.8000,3.8477,18.9500,22264.9845,-11.2000,3.7161,19.0600,23143.2071,0,48384.0000,185352.0000
2020-03-01,2020,3,Cundinamarca,14,"Ferreteria, vidrios y pinturas",0,88.2240,-23.8000,3.8477,18.9500,22264.9845,-11.2000,3.7161,19.0600,23143.2071,0,48384.0000,185352.0000
2020-03-01,2020,3,Cundinamarca,15,Otras mercancias de uso domestico,0,78.8082,-23.8000,3.8477,18.9500,22264.9845,-11.2000,3.7161,19.0600,23143.2071,0,48384.0000,185352.0000
2020-03-01,2020,3,Santander,4,Prendas de vestir y textiles,0,41.3624,-23.8000,3.8477,18.9500,22264.9845,-11.2000,3.7161,19.0600,23143.2071,0,18350.0000,44561.0000
2020-03-01,2020,3,Santander,8,Electrodomesticos y muebles,1,76.4575,-23.8000,3.8477,18.9500,22264.9845,-11.2000,3.7161,19.0600,23143.2071,0,18350.0000,44561.0000
2020-03-01,2020,3,Santander,9,Articulos y utensilios domesticos,0,67.8364,-23.8000,3.8477,18.9500,22264.9845,-11.2000,3.7161,19.0600,23143.2071,0,18350.0000,44561.0000
2020-03-01,2020,3,Santander,10,Aseo del hogar,0,160.3052,-23.8000,3.8477,18.9500,22264.9845,-11.2000,3.7161,19.0600,23143.2071,0,18350.0000,44561.0000
2020-03-01,2020,3,Santander,11,Informatica y telecomunicaciones,0,69.1208,-23.8000,3.8477,18.9500,22264.9845,-11.2000,3.7161,19.0600,23143.2071,0,18350.0000,44561.0000
2020-03-01,2020,3,Santander,12,Sonido y video,0,66.2612,-23.8000,3.8477,18.9500,22264.9845,-11.2000,3.7161,19.0600,23143.2071,0,18350.0000,44561.0000
2020-03-01,2020,3,Santander,14,"Ferreteria, vidrios y pinturas",0,86.5190,-23.8000,3.8477,18.9500,22264.9845,-11.2000,3.7161,19.0600,23143.2071,0,18350.0000,44561.0000
2020-03-01,2020,3,Santander,15,Otras mercancias de uso domestico,0,71.9498,-23.8000,3.8477,18.9500,22264.9845,-11.2000,3.7161,19.0600,23143.2071,0,18350.0000,44561.0000
2020-03-01,2020,3,Valle del Cauca,4,Prendas de vestir y textiles,0,37.0230,-23.8000,3.8477,18.9500,22264.9845,-11.2000,3.7161,19.0600,23143.2071,0,44574.0000,85788.0000
2020-03-01,2020,3,Valle del Cauca,8,Electrodomesticos y muebles,1,68.8629,-23.8000,3.8477,18.9500,22264.9845,-11.2000,3.7161,19.0600,23143.2071,0,44574.0000,85788.0000
2020-03-01,2020,3,Valle del Cauca,9,Articulos y utensilios domesticos,0,72.7728,-23.8000,3.8477,18.9500,22264.9845,-11.2000,3.7161,19.0600,23143.2071,0,44574.0000,85788.0000
2020-03-01,2020,3,Valle del Cauca,10,Aseo del hogar,0,173.6059,-23.8000,3.8477,18.9500,22264.9845,-11.2000,3.7161,19.0600,23143.2071,0,44574.0000,85788.0000
2020-03-01,2020,3,Valle del Cauca,11,Informatica y telecomunicaciones,0,91.9558,-23.8000,3.8477,18.9500,22264.9845,-11.2000,3.7161,19.0600,23143.2071,0,44574.0000,85788.0000
2020-03-01,2020,3,Valle del Cauca,12,Sonido y video,0,64.1409,-23.8000,3.8477,18.9500,22264.9845,-11.2000,3.7161,19.0600,23143.2071,0,44574.0000,85788.0000
2020-03-01,2020,3,Valle del Cauca,14,"Ferreteria, vidrios y pinturas",0,61.9742,-23.8000,3.8477,18.9500,22264.9845,-11.2000,3.7161,19.0600,23143.2071,0,44574.0000,85788.0000
2020-03-01,2020,3,Valle del Cauca,15,Otras mercancias de uso domestico,0,86.5756,-23.8000,3.8477,18.9500,22264.9845,-11.2000,3.7161,19.0600,23143.2071,0,44574.0000,85788.0000
2020-03-01,2020,3,Otros departamentos,4,Prendas de vestir y textiles,0,47.8208,-23.8000,3.8477,18.9500,22264.9845,-11.2000,3.7161,19.0600,23143.2071,0,339666.0000,574772.0000
2020-03-01,2020,3,Otros departamentos,8,Electrodomesticos y muebles,1,79.9225,-23.8000,3.8477,18.9500,22264.9845,-11.2000,3.7161,19.0600,23143.2071,0,339666.0000,574772.0000
2020-03-01,2020,3,Otros departamentos,9,Articulos y utensilios domesticos,0,73.2319,-23.8000,3.8477,18.9500,22264.9845,-11.2000,3.7161,19.0600,23143.2071,0,339666.0000,574772.0000
2020-03-01,2020,3,Otros departamentos,10,Aseo del hogar,0,104.4214,-23.8000,3.8477,18.9500,22264.9845,-11.2000,3.7161,19.0600,23143.2071,0,339666.0000,574772.0000
2020-03-01,2020,3,Otros departamentos,11,Informatica y telecomunicaciones,0,92.8697,-23.8000,3.8477,18.9500,22264.9845,-11.2000,3.7161,19.0600,23143.2071,0,339666.0000,574772.0000
2020-03-01,2020,3,Otros departamentos,12,Sonido y video,0,90.2226,-23.8000,3.8477,18.9500,22264.9845,-11.2000,3.7161,19.0600,23143.2071,0,339666.0000,574772.0000
2020-03-01,2020,3,Otros departamentos,14,"Ferreteria, vidrios y pinturas",0,70.7607,-23.8000,3.8477,18.9500,22264.9845,-11.2000,3.7161,19.0600,23143.2071,0,339666.0000,574772.0000
2020-03-01,2020,3,Otros departamentos,15,Otras mercancias de uso domestico,0,87.1365,-23.8000,3.8477,18.9500,22264.9845,-11.2000,3.7161,19.0600,23143.2071,0,339666.0000,574772.0000
2020-04-01,2020,4,Antioquia,4,Prendas de vestir y textiles,0,9.2897,-41.3000,3.5057,18.6900,15156.2465,-23.8000,3.8477,18.9500,22264.9845,1,45960.0000,154375.0000
2020-04-01,2020,4,Antioquia,8,Electrodomesticos y muebles,1,39.5860,-41.3000,3.5057,18.6900,15156.2465,-23.8000,3.8477,18.9500,22264.9845,1,45960.0000,154375.0000
2020-04-01,2020,4,Antioquia,9,Articulos y utensilios domesticos,0,29.0300,-41.3000,3.5057,18.6900,15156.2465,-23.8000,3.8477,18.9500,22264.9845,1,45960.0000,154375.0000
2020-04-01,2020,4,Antioquia,10,Aseo del hogar,0,92.8902,-41.3000,3.5057,18.6900,15156.2465,-23.8000,3.8477,18.9500,22264.9845,1,45960.0000,154375.0000
2020-04-01,2020,4,Antioquia,11,Informatica y telecomunicaciones,0,64.7212,-41.3000,3.5057,18.6900,15156.2465,-23.8000,3.8477,18.9500,22264.9845,1,45960.0000,154375.0000
2020-04-01,2020,4,Antioquia,12,Sonido y video,0,28.8993,-41.3000,3.5057,18.6900,15156.2465,-23.8000,3.8477,18.9500,22264.9845,1,45960.0000,154375.0000
2020-04-01,2020,4,Antioquia,14,"Ferreteria, vidrios y pinturas",0,20.8555,-41.3000,3.5057,18.6900,15156.2465,-23.8000,3.8477,18.9500,22264.9845,1,45960.0000,154375.0000
2020-04-01,2020,4,Antioquia,15,Otras mercancias de uso domestico,0,36.8152,-41.3000,3.5057,18.6900,15156.2465,-23.8000,3.8477,18.9500,22264.9845,1,45960.0000,154375.0000
2020-04-01,2020,4,Atlantico,4,Prendas de vestir y textiles,0,4.8033,-41.3000,3.5057,18.6900,15156.2465,-23.8000,3.8477,18.9500,22264.9845,1,34415.0000,137391.0000
2020-04-01,2020,4,Atlantico,8,Electrodomesticos y muebles,1,27.5344,-41.3000,3.5057,18.6900,15156.2465,-23.8000,3.8477,18.9500,22264.9845,1,34415.0000,137391.0000
2020-04-01,2020,4,Atlantico,9,Articulos y utensilios domesticos,0,32.6131,-41.3000,3.5057,18.6900,15156.2465,-23.8000,3.8477,18.9500,22264.9845,1,34415.0000,137391.0000
2020-04-01,2020,4,Atlantico,10,Aseo del hogar,0,70.2750,-41.3000,3.5057,18.6900,15156.2465,-23.8000,3.8477,18.9500,22264.9845,1,34415.0000,137391.0000
2020-04-01,2020,4,Atlantico,11,Informatica y telecomunicaciones,0,41.1763,-41.3000,3.5057,18.6900,15156.2465,-23.8000,3.8477,18.9500,22264.9845,1,34415.0000,137391.0000
2020-04-01,2020,4,Atlantico,12,Sonido y video,0,23.3481,-41.3000,3.5057,18.6900,15156.2465,-23.8000,3.8477,18.9500,22264.9845,1,34415.0000,137391.0000
2020-04-01,2020,4,Atlantico,14,"Ferreteria, vidrios y pinturas",0,17.2706,-41.3000,3.5057,18.6900,15156.2465,-23.8000,3.8477,18.9500,22264.9845,1,34415.0000,137391.0000
2020-04-01,2020,4,Atlantico,15,Otras mercancias de uso domestico,0,33.8269,-41.3000,3.5057,18.6900,15156.2465,-23.8000,3.8477,18.9500,22264.9845,1,34415.0000,137391.0000
2020-04-01,2020,4,Bogota,4,Prendas de vestir y textiles,0,12.9979,-41.3000,3.5057,18.6900,15156.2465,-23.8000,3.8477,18.9500,22264.9845,1,53067.0000,158737.0000
2020-04-01,2020,4,Bogota,8,Electrodomesticos y muebles,1,56.4786,-41.3000,3.5057,18.6900,15156.2465,-23.8000,3.8477,18.9500,22264.9845,1,53067.0000,158737.0000
2020-04-01,2020,4,Bogota,9,Articulos y utensilios domesticos,0,57.0253,-41.3000,3.5057,18.6900,15156.2465,-23.8000,3.8477,18.9500,22264.9845,1,53067.0000,158737.0000
2020-04-01,2020,4,Bogota,10,Aseo del hogar,0,156.2191,-41.3000,3.5057,18.6900,15156.2465,-23.8000,3.8477,18.9500,22264.9845,1,53067.0000,158737.0000
2020-04-01,2020,4,Bogota,11,Informatica y telecomunicaciones,0,105.5397,-41.3000,3.5057,18.6900,15156.2465,-23.8000,3.8477,18.9500,22264.9845,1,53067.0000,158737.0000
2020-04-01,2020,4,Bogota,12,Sonido y video,0,76.5474,-41.3000,3.5057,18.6900,15156.2465,-23.8000,3.8477,18.9500,22264.9845,1,53067.0000,158737.0000
2020-04-01,2020,4,Bogota,14,"Ferreteria, vidrios y pinturas",0,39.7363,-41.3000,3.5057,18.6900,15156.2465,-23.8000,3.8477,18.9500,22264.9845,1,53067.0000,158737.0000
2020-04-01,2020,4,Bogota,15,Otras mercancias de uso domestico,0,85.6838,-41.3000,3.5057,18.6900,15156.2465,-23.8000,3.8477,18.9500,22264.9845,1,53067.0000,158737.0000
2020-04-01,2020,4,Cundinamarca,4,Prendas de vestir y textiles,0,8.4075,-41.3000,3.5057,18.6900,15156.2465,-23.8000,3.8477,18.9500,22264.9845,1,13153.0000,48384.0000
2020-04-01,2020,4,Cundinamarca,8,Electrodomesticos y muebles,1,40.7461,-41.3000,3.5057,18.6900,15156.2465,-23.8000,3.8477,18.9500,22264.9845,1,13153.0000,48384.0000
2020-04-01,2020,4,Cundinamarca,9,Articulos y utensilios domesticos,0,35.5791,-41.3000,3.5057,18.6900,15156.2465,-23.8000,3.8477,18.9500,22264.9845,1,13153.0000,48384.0000
2020-04-01,2020,4,Cundinamarca,10,Aseo del hogar,0,114.4221,-41.3000,3.5057,18.6900,15156.2465,-23.8000,3.8477,18.9500,22264.9845,1,13153.0000,48384.0000
2020-04-01,2020,4,Cundinamarca,11,Informatica y telecomunicaciones,0,57.6498,-41.3000,3.5057,18.6900,15156.2465,-23.8000,3.8477,18.9500,22264.9845,1,13153.0000,48384.0000
2020-04-01,2020,4,Cundinamarca,12,Sonido y video,0,39.5165,-41.3000,3.5057,18.6900,15156.2465,-23.8000,3.8477,18.9500,22264.9845,1,13153.0000,48384.0000
2020-04-01,2020,4,Cundinamarca,14,"Ferreteria, vidrios y pinturas",0,35.4936,-41.3000,3.5057,18.6900,15156.2465,-23.8000,3.8477,18.9500,22264.9845,1,13153.0000,48384.0000
2020-04-01,2020,4,Cundinamarca,15,Otras mercancias de uso domestico,0,49.3390,-41.3000,3.5057,18.6900,15156.2465,-23.8000,3.8477,18.9500,22264.9845,1,13153.0000,48384.0000
2020-04-01,2020,4,Santander,4,Prendas de vestir y textiles,0,7.7640,-41.3000,3.5057,18.6900,15156.2465,-23.8000,3.8477,18.9500,22264.9845,1,37971.0000,18350.0000
2020-04-01,2020,4,Santander,8,Electrodomesticos y muebles,1,38.8213,-41.3000,3.5057,18.6900,15156.2465,-23.8000,3.8477,18.9500,22264.9845,1,37971.0000,18350.0000
2020-04-01,2020,4,Santander,9,Articulos y utensilios domesticos,0,39.5579,-41.3000,3.5057,18.6900,15156.2465,-23.8000,3.8477,18.9500,22264.9845,1,37971.0000,18350.0000
2020-04-01,2020,4,Santander,10,Aseo del hogar,0,103.6017,-41.3000,3.5057,18.6900,15156.2465,-23.8000,3.8477,18.9500,22264.9845,1,37971.0000,18350.0000
2020-04-01,2020,4,Santander,11,Informatica y telecomunicaciones,0,78.2233,-41.3000,3.5057,18.6900,15156.2465,-23.8000,3.8477,18.9500,22264.9845,1,37971.0000,18350.0000
2020-04-01,2020,4,Santander,12,Sonido y video,0,42.2521,-41.3000,3.5057,18.6900,15156.2465,-23.8000,3.8477,18.9500,22264.9845,1,37971.0000,18350.0000
2020-04-01,2020,4,Santander,14,"Ferreteria, vidrios y pinturas",0,27.9741,-41.3000,3.5057,18.6900,15156.2465,-23.8000,3.8477,18.9500,22264.9845,1,37971.0000,18350.0000
2020-04-01,2020,4,Santander,15,Otras mercancias de uso domestico,0,45.8130,-41.3000,3.5057,18.6900,15156.2465,-23.8000,3.8477,18.9500,22264.9845,1,37971.0000,18350.0000
2020-04-01,2020,4,Valle del Cauca,4,Prendas de vestir y textiles,0,5.9193,-41.3000,3.5057,18.6900,15156.2465,-23.8000,3.8477,18.9500,22264.9845,1,15290.0000,44574.0000
2020-04-01,2020,4,Valle del Cauca,8,Electrodomesticos y muebles,1,31.5607,-41.3000,3.5057,18.6900,15156.2465,-23.8000,3.8477,18.9500,22264.9845,1,15290.0000,44574.0000
2020-04-01,2020,4,Valle del Cauca,9,Articulos y utensilios domesticos,0,34.5800,-41.3000,3.5057,18.6900,15156.2465,-23.8000,3.8477,18.9500,22264.9845,1,15290.0000,44574.0000
2020-04-01,2020,4,Valle del Cauca,10,Aseo del hogar,0,67.0467,-41.3000,3.5057,18.6900,15156.2465,-23.8000,3.8477,18.9500,22264.9845,1,15290.0000,44574.0000
2020-04-01,2020,4,Valle del Cauca,11,Informatica y telecomunicaciones,0,73.8174,-41.3000,3.5057,18.6900,15156.2465,-23.8000,3.8477,18.9500,22264.9845,1,15290.0000,44574.0000
2020-04-01,2020,4,Valle del Cauca,12,Sonido y video,0,29.0766,-41.3000,3.5057,18.6900,15156.2465,-23.8000,3.8477,18.9500,22264.9845,1,15290.0000,44574.0000
2020-04-01,2020,4,Valle del Cauca,14,"Ferreteria, vidrios y pinturas",0,17.6118,-41.3000,3.5057,18.6900,15156.2465,-23.8000,3.8477,18.9500,22264.9845,1,15290.0000,44574.0000
2020-04-01,2020,4,Valle del Cauca,15,Otras mercancias de uso domestico,0,45.9278,-41.3000,3.5057,18.6900,15156.2465,-23.8000,3.8477,18.9500,22264.9845,1,15290.0000,44574.0000
2020-04-01,2020,4,Otros departamentos,4,Prendas de vestir y textiles,0,9.0048,-41.3000,3.5057,18.6900,15156.2465,-23.8000,3.8477,18.9500,22264.9845,1,106743.0000,339666.0000
2020-04-01,2020,4,Otros departamentos,8,Electrodomesticos y muebles,1,38.2367,-41.3000,3.5057,18.6900,15156.2465,-23.8000,3.8477,18.9500,22264.9845,1,106743.0000,339666.0000
2020-04-01,2020,4,Otros departamentos,9,Articulos y utensilios domesticos,0,38.7200,-41.3000,3.5057,18.6900,15156.2465,-23.8000,3.8477,18.9500,22264.9845,1,106743.0000,339666.0000
2020-04-01,2020,4,Otros departamentos,10,Aseo del hogar,0,72.1213,-41.3000,3.5057,18.6900,15156.2465,-23.8000,3.8477,18.9500,22264.9845,1,106743.0000,339666.0000
2020-04-01,2020,4,Otros departamentos,11,Informatica y telecomunicaciones,0,71.5327,-41.3000,3.5057,18.6900,15156.2465,-23.8000,3.8477,18.9500,22264.9845,1,106743.0000,339666.0000
2020-04-01,2020,4,Otros departamentos,12,Sonido y video,0,48.8992,-41.3000,3.5057,18.6900,15156.2465,-23.8000,3.8477,18.9500,22264.9845,1,106743.0000,339666.0000
2020-04-01,2020,4,Otros departamentos,14,"Ferreteria, vidrios y pinturas",0,20.7034,-41.3000,3.5057,18.6900,15156.2465,-23.8000,3.8477,18.9500,22264.9845,1,106743.0000,339666.0000
2020-04-01,2020,4,Otros departamentos,15,Otras mercancias de uso domestico,0,45.9463,-41.3000,3.5057,18.6900,15156.2465,-23.8000,3.8477,18.9500,22264.9845,1,106743.0000,339666.0000
2020-05-01,2020,5,Antioquia,4,Prendas de vestir y textiles,0,30.2435,-34.0000,2.8504,18.1900,15069.8339,-41.3000,3.5057,18.6900,15156.2465,1,139568.0000,45960.0000
2020-05-01,2020,5,Antioquia,8,Electrodomesticos y muebles,1,90.2871,-34.0000,2.8504,18.1900,15069.8339,-41.3000,3.5057,18.6900,15156.2465,1,139568.0000,45960.0000
2020-05-01,2020,5,Antioquia,9,Articulos y utensilios domesticos,0,61.7904,-34.0000,2.8504,18.1900,15069.8339,-41.3000,3.5057,18.6900,15156.2465,1,139568.0000,45960.0000
2020-05-01,2020,5,Antioquia,10,Aseo del hogar,0,125.4391,-34.0000,2.8504,18.1900,15069.8339,-41.3000,3.5057,18.6900,15156.2465,1,139568.0000,45960.0000
2020-05-01,2020,5,Antioquia,11,Informatica y telecomunicaciones,0,114.6364,-34.0000,2.8504,18.1900,15069.8339,-41.3000,3.5057,18.6900,15156.2465,1,139568.0000,45960.0000
2020-05-01,2020,5,Antioquia,12,Sonido y video,0,60.7651,-34.0000,2.8504,18.1900,15069.8339,-41.3000,3.5057,18.6900,15156.2465,1,139568.0000,45960.0000
2020-05-01,2020,5,Antioquia,14,"Ferreteria, vidrios y pinturas",0,62.5682,-34.0000,2.8504,18.1900,15069.8339,-41.3000,3.5057,18.6900,15156.2465,1,139568.0000,45960.0000
2020-05-01,2020,5,Antioquia,15,Otras mercancias de uso domestico,0,56.2478,-34.0000,2.8504,18.1900,15069.8339,-41.3000,3.5057,18.6900,15156.2465,1,139568.0000,45960.0000
2020-05-01,2020,5,Atlantico,4,Prendas de vestir y textiles,0,16.5323,-34.0000,2.8504,18.1900,15069.8339,-41.3000,3.5057,18.6900,15156.2465,1,16022.0000,34415.0000
2020-05-01,2020,5,Atlantico,8,Electrodomesticos y muebles,1,77.3790,-34.0000,2.8504,18.1900,15069.8339,-41.3000,3.5057,18.6900,15156.2465,1,16022.0000,34415.0000
2020-05-01,2020,5,Atlantico,9,Articulos y utensilios domesticos,0,75.4248,-34.0000,2.8504,18.1900,15069.8339,-41.3000,3.5057,18.6900,15156.2465,1,16022.0000,34415.0000
2020-05-01,2020,5,Atlantico,10,Aseo del hogar,0,116.2900,-34.0000,2.8504,18.1900,15069.8339,-41.3000,3.5057,18.6900,15156.2465,1,16022.0000,34415.0000
2020-05-01,2020,5,Atlantico,11,Informatica y telecomunicaciones,0,87.1711,-34.0000,2.8504,18.1900,15069.8339,-41.3000,3.5057,18.6900,15156.2465,1,16022.0000,34415.0000
2020-05-01,2020,5,Atlantico,12,Sonido y video,0,55.8565,-34.0000,2.8504,18.1900,15069.8339,-41.3000,3.5057,18.6900,15156.2465,1,16022.0000,34415.0000
2020-05-01,2020,5,Atlantico,14,"Ferreteria, vidrios y pinturas",0,49.8962,-34.0000,2.8504,18.1900,15069.8339,-41.3000,3.5057,18.6900,15156.2465,1,16022.0000,34415.0000
2020-05-01,2020,5,Atlantico,15,Otras mercancias de uso domestico,0,47.1077,-34.0000,2.8504,18.1900,15069.8339,-41.3000,3.5057,18.6900,15156.2465,1,16022.0000,34415.0000
2020-05-01,2020,5,Bogota,4,Prendas de vestir y textiles,0,31.9475,-34.0000,2.8504,18.1900,15069.8339,-41.3000,3.5057,18.6900,15156.2465,1,121438.0000,53067.0000
2020-05-01,2020,5,Bogota,8,Electrodomesticos y muebles,1,117.7577,-34.0000,2.8504,18.1900,15069.8339,-41.3000,3.5057,18.6900,15156.2465,1,121438.0000,53067.0000
2020-05-01,2020,5,Bogota,9,Articulos y utensilios domesticos,0,95.1748,-34.0000,2.8504,18.1900,15069.8339,-41.3000,3.5057,18.6900,15156.2465,1,121438.0000,53067.0000
2020-05-01,2020,5,Bogota,10,Aseo del hogar,0,162.2761,-34.0000,2.8504,18.1900,15069.8339,-41.3000,3.5057,18.6900,15156.2465,1,121438.0000,53067.0000
2020-05-01,2020,5,Bogota,11,Informatica y telecomunicaciones,0,154.9534,-34.0000,2.8504,18.1900,15069.8339,-41.3000,3.5057,18.6900,15156.2465,1,121438.0000,53067.0000
2020-05-01,2020,5,Bogota,12,Sonido y video,0,135.0477,-34.0000,2.8504,18.1900,15069.8339,-41.3000,3.5057,18.6900,15156.2465,1,121438.0000,53067.0000
2020-05-01,2020,5,Bogota,14,"Ferreteria, vidrios y pinturas",0,98.4986,-34.0000,2.8504,18.1900,15069.8339,-41.3000,3.5057,18.6900,15156.2465,1,121438.0000,53067.0000
2020-05-01,2020,5,Bogota,15,Otras mercancias de uso domestico,0,83.8223,-34.0000,2.8504,18.1900,15069.8339,-41.3000,3.5057,18.6900,15156.2465,1,121438.0000,53067.0000
2020-05-01,2020,5,Cundinamarca,4,Prendas de vestir y textiles,0,18.7745,-34.0000,2.8504,18.1900,15069.8339,-41.3000,3.5057,18.6900,15156.2465,1,38565.0000,13153.0000
2020-05-01,2020,5,Cundinamarca,8,Electrodomesticos y muebles,1,71.9147,-34.0000,2.8504,18.1900,15069.8339,-41.3000,3.5057,18.6900,15156.2465,1,38565.0000,13153.0000
2020-05-01,2020,5,Cundinamarca,9,Articulos y utensilios domesticos,0,55.3926,-34.0000,2.8504,18.1900,15069.8339,-41.3000,3.5057,18.6900,15156.2465,1,38565.0000,13153.0000
2020-05-01,2020,5,Cundinamarca,10,Aseo del hogar,0,123.8707,-34.0000,2.8504,18.1900,15069.8339,-41.3000,3.5057,18.6900,15156.2465,1,38565.0000,13153.0000
2020-05-01,2020,5,Cundinamarca,11,Informatica y telecomunicaciones,0,92.7540,-34.0000,2.8504,18.1900,15069.8339,-41.3000,3.5057,18.6900,15156.2465,1,38565.0000,13153.0000
2020-05-01,2020,5,Cundinamarca,12,Sonido y video,0,60.8305,-34.0000,2.8504,18.1900,15069.8339,-41.3000,3.5057,18.6900,15156.2465,1,38565.0000,13153.0000
2020-05-01,2020,5,Cundinamarca,14,"Ferreteria, vidrios y pinturas",0,70.5106,-34.0000,2.8504,18.1900,15069.8339,-41.3000,3.5057,18.6900,15156.2465,1,38565.0000,13153.0000
2020-05-01,2020,5,Cundinamarca,15,Otras mercancias de uso domestico,0,54.7940,-34.0000,2.8504,18.1900,15069.8339,-41.3000,3.5057,18.6900,15156.2465,1,38565.0000,13153.0000
2020-05-01,2020,5,Santander,4,Prendas de vestir y textiles,0,16.2353,-34.0000,2.8504,18.1900,15069.8339,-41.3000,3.5057,18.6900,15156.2465,1,64314.0000,37971.0000
2020-05-01,2020,5,Santander,8,Electrodomesticos y muebles,1,72.9718,-34.0000,2.8504,18.1900,15069.8339,-41.3000,3.5057,18.6900,15156.2465,1,64314.0000,37971.0000
2020-05-01,2020,5,Santander,9,Articulos y utensilios domesticos,0,56.0497,-34.0000,2.8504,18.1900,15069.8339,-41.3000,3.5057,18.6900,15156.2465,1,64314.0000,37971.0000
2020-05-01,2020,5,Santander,10,Aseo del hogar,0,96.2527,-34.0000,2.8504,18.1900,15069.8339,-41.3000,3.5057,18.6900,15156.2465,1,64314.0000,37971.0000
2020-05-01,2020,5,Santander,11,Informatica y telecomunicaciones,0,96.9162,-34.0000,2.8504,18.1900,15069.8339,-41.3000,3.5057,18.6900,15156.2465,1,64314.0000,37971.0000
2020-05-01,2020,5,Santander,12,Sonido y video,0,69.7889,-34.0000,2.8504,18.1900,15069.8339,-41.3000,3.5057,18.6900,15156.2465,1,64314.0000,37971.0000
2020-05-01,2020,5,Santander,14,"Ferreteria, vidrios y pinturas",0,53.8608,-34.0000,2.8504,18.1900,15069.8339,-41.3000,3.5057,18.6900,15156.2465,1,64314.0000,37971.0000
2020-05-01,2020,5,Santander,15,Otras mercancias de uso domestico,0,45.5074,-34.0000,2.8504,18.1900,15069.8339,-41.3000,3.5057,18.6900,15156.2465,1,64314.0000,37971.0000
2020-05-01,2020,5,Valle del Cauca,4,Prendas de vestir y textiles,0,19.2763,-34.0000,2.8504,18.1900,15069.8339,-41.3000,3.5057,18.6900,15156.2465,1,134060.0000,15290.0000
2020-05-01,2020,5,Valle del Cauca,8,Electrodomesticos y muebles,1,68.9721,-34.0000,2.8504,18.1900,15069.8339,-41.3000,3.5057,18.6900,15156.2465,1,134060.0000,15290.0000
2020-05-01,2020,5,Valle del Cauca,9,Articulos y utensilios domesticos,0,54.4541,-34.0000,2.8504,18.1900,15069.8339,-41.3000,3.5057,18.6900,15156.2465,1,134060.0000,15290.0000
2020-05-01,2020,5,Valle del Cauca,10,Aseo del hogar,0,82.5627,-34.0000,2.8504,18.1900,15069.8339,-41.3000,3.5057,18.6900,15156.2465,1,134060.0000,15290.0000
2020-05-01,2020,5,Valle del Cauca,11,Informatica y telecomunicaciones,0,108.0182,-34.0000,2.8504,18.1900,15069.8339,-41.3000,3.5057,18.6900,15156.2465,1,134060.0000,15290.0000
2020-05-01,2020,5,Valle del Cauca,12,Sonido y video,0,56.5757,-34.0000,2.8504,18.1900,15069.8339,-41.3000,3.5057,18.6900,15156.2465,1,134060.0000,15290.0000
2020-05-01,2020,5,Valle del Cauca,14,"Ferreteria, vidrios y pinturas",0,52.0971,-34.0000,2.8504,18.1900,15069.8339,-41.3000,3.5057,18.6900,15156.2465,1,134060.0000,15290.0000
2020-05-01,2020,5,Valle del Cauca,15,Otras mercancias de uso domestico,0,67.3571,-34.0000,2.8504,18.1900,15069.8339,-41.3000,3.5057,18.6900,15156.2465,1,134060.0000,15290.0000
2020-05-01,2020,5,Otros departamentos,4,Prendas de vestir y textiles,0,18.9848,-34.0000,2.8504,18.1900,15069.8339,-41.3000,3.5057,18.6900,15156.2465,1,301596.0000,106743.0000
2020-05-01,2020,5,Otros departamentos,8,Electrodomesticos y muebles,1,75.4713,-34.0000,2.8504,18.1900,15069.8339,-41.3000,3.5057,18.6900,15156.2465,1,301596.0000,106743.0000
2020-05-01,2020,5,Otros departamentos,9,Articulos y utensilios domesticos,0,80.1922,-34.0000,2.8504,18.1900,15069.8339,-41.3000,3.5057,18.6900,15156.2465,1,301596.0000,106743.0000
2020-05-01,2020,5,Otros departamentos,10,Aseo del hogar,0,97.9676,-34.0000,2.8504,18.1900,15069.8339,-41.3000,3.5057,18.6900,15156.2465,1,301596.0000,106743.0000
2020-05-01,2020,5,Otros departamentos,11,Informatica y telecomunicaciones,0,98.8618,-34.0000,2.8504,18.1900,15069.8339,-41.3000,3.5057,18.6900,15156.2465,1,301596.0000,106743.0000
2020-05-01,2020,5,Otros departamentos,12,Sonido y video,0,80.9093,-34.0000,2.8504,18.1900,15069.8339,-41.3000,3.5057,18.6900,15156.2465,1,301596.0000,106743.0000
2020-05-01,2020,5,Otros departamentos,14,"Ferreteria, vidrios y pinturas",0,57.7438,-34.0000,2.8504,18.1900,15069.8339,-41.3000,3.5057,18.6900,15156.2465,1,301596.0000,106743.0000
2020-05-01,2020,5,Otros departamentos,15,Otras mercancias de uso domestico,0,62.7093,-34.0000,2.8504,18.1900,15069.8339,-41.3000,3.5057,18.6900,15156.2465,1,301596.0000,106743.0000
2020-06-01,2020,6,Antioquia,4,Prendas de vestir y textiles,0,61.5135,-33.1000,2.2004,18.1200,19363.2478,-34.0000,2.8504,18.1900,15069.8339,1,163615.0000,139568.0000
2020-06-01,2020,6,Antioquia,8,Electrodomesticos y muebles,1,118.4830,-33.1000,2.2004,18.1200,19363.2478,-34.0000,2.8504,18.1900,15069.8339,1,163615.0000,139568.0000
2020-06-01,2020,6,Antioquia,9,Articulos y utensilios domesticos,0,83.6678,-33.1000,2.2004,18.1200,19363.2478,-34.0000,2.8504,18.1900,15069.8339,1,163615.0000,139568.0000
2020-06-01,2020,6,Antioquia,10,Aseo del hogar,0,137.5448,-33.1000,2.2004,18.1200,19363.2478,-34.0000,2.8504,18.1900,15069.8339,1,163615.0000,139568.0000
2020-06-01,2020,6,Antioquia,11,Informatica y telecomunicaciones,0,146.6012,-33.1000,2.2004,18.1200,19363.2478,-34.0000,2.8504,18.1900,15069.8339,1,163615.0000,139568.0000
2020-06-01,2020,6,Antioquia,12,Sonido y video,0,133.0570,-33.1000,2.2004,18.1200,19363.2478,-34.0000,2.8504,18.1900,15069.8339,1,163615.0000,139568.0000
2020-06-01,2020,6,Antioquia,14,"Ferreteria, vidrios y pinturas",0,89.9499,-33.1000,2.2004,18.1200,19363.2478,-34.0000,2.8504,18.1900,15069.8339,1,163615.0000,139568.0000
2020-06-01,2020,6,Antioquia,15,Otras mercancias de uso domestico,0,83.6393,-33.1000,2.2004,18.1200,19363.2478,-34.0000,2.8504,18.1900,15069.8339,1,163615.0000,139568.0000
2020-06-01,2020,6,Atlantico,4,Prendas de vestir y textiles,0,30.1058,-33.1000,2.2004,18.1200,19363.2478,-34.0000,2.8504,18.1900,15069.8339,1,111329.0000,16022.0000
2020-06-01,2020,6,Atlantico,8,Electrodomesticos y muebles,1,85.4371,-33.1000,2.2004,18.1200,19363.2478,-34.0000,2.8504,18.1900,15069.8339,1,111329.0000,16022.0000
2020-06-01,2020,6,Atlantico,9,Articulos y utensilios domesticos,0,64.6225,-33.1000,2.2004,18.1200,19363.2478,-34.0000,2.8504,18.1900,15069.8339,1,111329.0000,16022.0000
2020-06-01,2020,6,Atlantico,10,Aseo del hogar,0,92.4779,-33.1000,2.2004,18.1200,19363.2478,-34.0000,2.8504,18.1900,15069.8339,1,111329.0000,16022.0000
2020-06-01,2020,6,Atlantico,11,Informatica y telecomunicaciones,0,89.1169,-33.1000,2.2004,18.1200,19363.2478,-34.0000,2.8504,18.1900,15069.8339,1,111329.0000,16022.0000
2020-06-01,2020,6,Atlantico,12,Sonido y video,0,89.0956,-33.1000,2.2004,18.1200,19363.2478,-34.0000,2.8504,18.1900,15069.8339,1,111329.0000,16022.0000
2020-06-01,2020,6,Atlantico,14,"Ferreteria, vidrios y pinturas",0,76.2058,-33.1000,2.2004,18.1200,19363.2478,-34.0000,2.8504,18.1900,15069.8339,1,111329.0000,16022.0000
2020-06-01,2020,6,Atlantico,15,Otras mercancias de uso domestico,0,51.9799,-33.1000,2.2004,18.1200,19363.2478,-34.0000,2.8504,18.1900,15069.8339,1,111329.0000,16022.0000
2020-06-01,2020,6,Bogota,4,Prendas de vestir y textiles,0,57.7833,-33.1000,2.2004,18.1200,19363.2478,-34.0000,2.8504,18.1900,15069.8339,1,196677.0000,121438.0000
2020-06-01,2020,6,Bogota,8,Electrodomesticos y muebles,1,182.7891,-33.1000,2.2004,18.1200,19363.2478,-34.0000,2.8504,18.1900,15069.8339,1,196677.0000,121438.0000
2020-06-01,2020,6,Bogota,9,Articulos y utensilios domesticos,0,99.1817,-33.1000,2.2004,18.1200,19363.2478,-34.0000,2.8504,18.1900,15069.8339,1,196677.0000,121438.0000
2020-06-01,2020,6,Bogota,10,Aseo del hogar,0,156.2721,-33.1000,2.2004,18.1200,19363.2478,-34.0000,2.8504,18.1900,15069.8339,1,196677.0000,121438.0000
2020-06-01,2020,6,Bogota,11,Informatica y telecomunicaciones,0,151.1128,-33.1000,2.2004,18.1200,19363.2478,-34.0000,2.8504,18.1900,15069.8339,1,196677.0000,121438.0000
2020-06-01,2020,6,Bogota,12,Sonido y video,0,191.6194,-33.1000,2.2004,18.1200,19363.2478,-34.0000,2.8504,18.1900,15069.8339,1,196677.0000,121438.0000
2020-06-01,2020,6,Bogota,14,"Ferreteria, vidrios y pinturas",0,98.3524,-33.1000,2.2004,18.1200,19363.2478,-34.0000,2.8504,18.1900,15069.8339,1,196677.0000,121438.0000
2020-06-01,2020,6,Bogota,15,Otras mercancias de uso domestico,0,85.0825,-33.1000,2.2004,18.1200,19363.2478,-34.0000,2.8504,18.1900,15069.8339,1,196677.0000,121438.0000
2020-06-01,2020,6,Cundinamarca,4,Prendas de vestir y textiles,0,42.8652,-33.1000,2.2004,18.1200,19363.2478,-34.0000,2.8504,18.1900,15069.8339,1,62917.0000,38565.0000
2020-06-01,2020,6,Cundinamarca,8,Electrodomesticos y muebles,1,94.5282,-33.1000,2.2004,18.1200,19363.2478,-34.0000,2.8504,18.1900,15069.8339,1,62917.0000,38565.0000
2020-06-01,2020,6,Cundinamarca,9,Articulos y utensilios domesticos,0,88.4188,-33.1000,2.2004,18.1200,19363.2478,-34.0000,2.8504,18.1900,15069.8339,1,62917.0000,38565.0000
2020-06-01,2020,6,Cundinamarca,10,Aseo del hogar,0,111.1124,-33.1000,2.2004,18.1200,19363.2478,-34.0000,2.8504,18.1900,15069.8339,1,62917.0000,38565.0000
2020-06-01,2020,6,Cundinamarca,11,Informatica y telecomunicaciones,0,134.9162,-33.1000,2.2004,18.1200,19363.2478,-34.0000,2.8504,18.1900,15069.8339,1,62917.0000,38565.0000
2020-06-01,2020,6,Cundinamarca,12,Sonido y video,0,132.7989,-33.1000,2.2004,18.1200,19363.2478,-34.0000,2.8504,18.1900,15069.8339,1,62917.0000,38565.0000
2020-06-01,2020,6,Cundinamarca,14,"Ferreteria, vidrios y pinturas",0,79.4435,-33.1000,2.2004,18.1200,19363.2478,-34.0000,2.8504,18.1900,15069.8339,1,62917.0000,38565.0000
2020-06-01,2020,6,Cundinamarca,15,Otras mercancias de uso domestico,0,59.4479,-33.1000,2.2004,18.1200,19363.2478,-34.0000,2.8504,18.1900,15069.8339,1,62917.0000,38565.0000
2020-06-01,2020,6,Santander,4,Prendas de vestir y textiles,0,41.7231,-33.1000,2.2004,18.1200,19363.2478,-34.0000,2.8504,18.1900,15069.8339,1,19043.0000,64314.0000
2020-06-01,2020,6,Santander,8,Electrodomesticos y muebles,1,111.6742,-33.1000,2.2004,18.1200,19363.2478,-34.0000,2.8504,18.1900,15069.8339,1,19043.0000,64314.0000
2020-06-01,2020,6,Santander,9,Articulos y utensilios domesticos,0,97.8850,-33.1000,2.2004,18.1200,19363.2478,-34.0000,2.8504,18.1900,15069.8339,1,19043.0000,64314.0000
2020-06-01,2020,6,Santander,10,Aseo del hogar,0,105.2261,-33.1000,2.2004,18.1200,19363.2478,-34.0000,2.8504,18.1900,15069.8339,1,19043.0000,64314.0000
2020-06-01,2020,6,Santander,11,Informatica y telecomunicaciones,0,137.6184,-33.1000,2.2004,18.1200,19363.2478,-34.0000,2.8504,18.1900,15069.8339,1,19043.0000,64314.0000
2020-06-01,2020,6,Santander,12,Sonido y video,0,128.4548,-33.1000,2.2004,18.1200,19363.2478,-34.0000,2.8504,18.1900,15069.8339,1,19043.0000,64314.0000
2020-06-01,2020,6,Santander,14,"Ferreteria, vidrios y pinturas",0,86.6954,-33.1000,2.2004,18.1200,19363.2478,-34.0000,2.8504,18.1900,15069.8339,1,19043.0000,64314.0000
2020-06-01,2020,6,Santander,15,Otras mercancias de uso domestico,0,59.2052,-33.1000,2.2004,18.1200,19363.2478,-34.0000,2.8504,18.1900,15069.8339,1,19043.0000,64314.0000
2020-06-01,2020,6,Valle del Cauca,4,Prendas de vestir y textiles,0,42.0485,-33.1000,2.2004,18.1200,19363.2478,-34.0000,2.8504,18.1900,15069.8339,1,86354.0000,134060.0000
2020-06-01,2020,6,Valle del Cauca,8,Electrodomesticos y muebles,1,94.1908,-33.1000,2.2004,18.1200,19363.2478,-34.0000,2.8504,18.1900,15069.8339,1,86354.0000,134060.0000
2020-06-01,2020,6,Valle del Cauca,9,Articulos y utensilios domesticos,0,82.6723,-33.1000,2.2004,18.1200,19363.2478,-34.0000,2.8504,18.1900,15069.8339,1,86354.0000,134060.0000
2020-06-01,2020,6,Valle del Cauca,10,Aseo del hogar,0,87.0726,-33.1000,2.2004,18.1200,19363.2478,-34.0000,2.8504,18.1900,15069.8339,1,86354.0000,134060.0000
2020-06-01,2020,6,Valle del Cauca,11,Informatica y telecomunicaciones,0,131.7656,-33.1000,2.2004,18.1200,19363.2478,-34.0000,2.8504,18.1900,15069.8339,1,86354.0000,134060.0000
2020-06-01,2020,6,Valle del Cauca,12,Sonido y video,0,122.0155,-33.1000,2.2004,18.1200,19363.2478,-34.0000,2.8504,18.1900,15069.8339,1,86354.0000,134060.0000
2020-06-01,2020,6,Valle del Cauca,14,"Ferreteria, vidrios y pinturas",0,56.3899,-33.1000,2.2004,18.1200,19363.2478,-34.0000,2.8504,18.1900,15069.8339,1,86354.0000,134060.0000
2020-06-01,2020,6,Valle del Cauca,15,Otras mercancias de uso domestico,0,68.2561,-33.1000,2.2004,18.1200,19363.2478,-34.0000,2.8504,18.1900,15069.8339,1,86354.0000,134060.0000
2020-06-01,2020,6,Otros departamentos,4,Prendas de vestir y textiles,0,39.1132,-33.1000,2.2004,18.1200,19363.2478,-34.0000,2.8504,18.1900,15069.8339,1,423415.0000,301596.0000
2020-06-01,2020,6,Otros departamentos,8,Electrodomesticos y muebles,1,117.0115,-33.1000,2.2004,18.1200,19363.2478,-34.0000,2.8504,18.1900,15069.8339,1,423415.0000,301596.0000
2020-06-01,2020,6,Otros departamentos,9,Articulos y utensilios domesticos,0,96.7294,-33.1000,2.2004,18.1200,19363.2478,-34.0000,2.8504,18.1900,15069.8339,1,423415.0000,301596.0000
2020-06-01,2020,6,Otros departamentos,10,Aseo del hogar,0,99.2578,-33.1000,2.2004,18.1200,19363.2478,-34.0000,2.8504,18.1900,15069.8339,1,423415.0000,301596.0000
2020-06-01,2020,6,Otros departamentos,11,Informatica y telecomunicaciones,0,138.5378,-33.1000,2.2004,18.1200,19363.2478,-34.0000,2.8504,18.1900,15069.8339,1,423415.0000,301596.0000
2020-06-01,2020,6,Otros departamentos,12,Sonido y video,0,139.7698,-33.1000,2.2004,18.1200,19363.2478,-34.0000,2.8504,18.1900,15069.8339,1,423415.0000,301596.0000
2020-06-01,2020,6,Otros departamentos,14,"Ferreteria, vidrios y pinturas",0,81.0327,-33.1000,2.2004,18.1200,19363.2478,-34.0000,2.8504,18.1900,15069.8339,1,423415.0000,301596.0000
2020-06-01,2020,6,Otros departamentos,15,Otras mercancias de uso domestico,0,72.3320,-33.1000,2.2004,18.1200,19363.2478,-34.0000,2.8504,18.1900,15069.8339,1,423415.0000,301596.0000
2020-07-01,2020,7,Antioquia,4,Prendas de vestir y textiles,0,47.1320,-32.7000,1.9720,18.1200,26459.6666,-33.1000,2.2004,18.1200,19363.2478,1,177064.0000,163615.0000
2020-07-01,2020,7,Antioquia,8,Electrodomesticos y muebles,1,103.5192,-32.7000,1.9720,18.1200,26459.6666,-33.1000,2.2004,18.1200,19363.2478,1,177064.0000,163615.0000
2020-07-01,2020,7,Antioquia,9,Articulos y utensilios domesticos,0,75.4424,-32.7000,1.9720,18.1200,26459.6666,-33.1000,2.2004,18.1200,19363.2478,1,177064.0000,163615.0000
2020-07-01,2020,7,Antioquia,10,Aseo del hogar,0,108.5419,-32.7000,1.9720,18.1200,26459.6666,-33.1000,2.2004,18.1200,19363.2478,1,177064.0000,163615.0000
2020-07-01,2020,7,Antioquia,11,Informatica y telecomunicaciones,0,132.8584,-32.7000,1.9720,18.1200,26459.6666,-33.1000,2.2004,18.1200,19363.2478,1,177064.0000,163615.0000
2020-07-01,2020,7,Antioquia,12,Sonido y video,0,110.0553,-32.7000,1.9720,18.1200,26459.6666,-33.1000,2.2004,18.1200,19363.2478,1,177064.0000,163615.0000
2020-07-01,2020,7,Antioquia,14,"Ferreteria, vidrios y pinturas",0,80.7256,-32.7000,1.9720,18.1200,26459.6666,-33.1000,2.2004,18.1200,19363.2478,1,177064.0000,163615.0000
2020-07-01,2020,7,Antioquia,15,Otras mercancias de uso domestico,0,84.0489,-32.7000,1.9720,18.1200,26459.6666,-33.1000,2.2004,18.1200,19363.2478,1,177064.0000,163615.0000
2020-07-01,2020,7,Atlantico,4,Prendas de vestir y textiles,0,33.4848,-32.7000,1.9720,18.1200,26459.6666,-33.1000,2.2004,18.1200,19363.2478,1,48135.0000,111329.0000
2020-07-01,2020,7,Atlantico,8,Electrodomesticos y muebles,1,94.9244,-32.7000,1.9720,18.1200,26459.6666,-33.1000,2.2004,18.1200,19363.2478,1,48135.0000,111329.0000
2020-07-01,2020,7,Atlantico,9,Articulos y utensilios domesticos,0,71.3895,-32.7000,1.9720,18.1200,26459.6666,-33.1000,2.2004,18.1200,19363.2478,1,48135.0000,111329.0000
2020-07-01,2020,7,Atlantico,10,Aseo del hogar,0,99.3560,-32.7000,1.9720,18.1200,26459.6666,-33.1000,2.2004,18.1200,19363.2478,1,48135.0000,111329.0000
2020-07-01,2020,7,Atlantico,11,Informatica y telecomunicaciones,0,118.5187,-32.7000,1.9720,18.1200,26459.6666,-33.1000,2.2004,18.1200,19363.2478,1,48135.0000,111329.0000
2020-07-01,2020,7,Atlantico,12,Sonido y video,0,78.3048,-32.7000,1.9720,18.1200,26459.6666,-33.1000,2.2004,18.1200,19363.2478,1,48135.0000,111329.0000
2020-07-01,2020,7,Atlantico,14,"Ferreteria, vidrios y pinturas",0,73.3216,-32.7000,1.9720,18.1200,26459.6666,-33.1000,2.2004,18.1200,19363.2478,1,48135.0000,111329.0000
2020-07-01,2020,7,Atlantico,15,Otras mercancias de uso domestico,0,47.9875,-32.7000,1.9720,18.1200,26459.6666,-33.1000,2.2004,18.1200,19363.2478,1,48135.0000,111329.0000
2020-07-01,2020,7,Bogota,4,Prendas de vestir y textiles,0,68.5656,-32.7000,1.9720,18.1200,26459.6666,-33.1000,2.2004,18.1200,19363.2478,1,249318.0000,196677.0000
2020-07-01,2020,7,Bogota,8,Electrodomesticos y muebles,1,203.2383,-32.7000,1.9720,18.1200,26459.6666,-33.1000,2.2004,18.1200,19363.2478,1,249318.0000,196677.0000
2020-07-01,2020,7,Bogota,9,Articulos y utensilios domesticos,0,101.5162,-32.7000,1.9720,18.1200,26459.6666,-33.1000,2.2004,18.1200,19363.2478,1,249318.0000,196677.0000
2020-07-01,2020,7,Bogota,10,Aseo del hogar,0,147.5207,-32.7000,1.9720,18.1200,26459.6666,-33.1000,2.2004,18.1200,19363.2478,1,249318.0000,196677.0000
2020-07-01,2020,7,Bogota,11,Informatica y telecomunicaciones,0,156.5476,-32.7000,1.9720,18.1200,26459.6666,-33.1000,2.2004,18.1200,19363.2478,1,249318.0000,196677.0000
2020-07-01,2020,7,Bogota,12,Sonido y video,0,181.4810,-32.7000,1.9720,18.1200,26459.6666,-33.1000,2.2004,18.1200,19363.2478,1,249318.0000,196677.0000
2020-07-01,2020,7,Bogota,14,"Ferreteria, vidrios y pinturas",0,104.0820,-32.7000,1.9720,18.1200,26459.6666,-33.1000,2.2004,18.1200,19363.2478,1,249318.0000,196677.0000
2020-07-01,2020,7,Bogota,15,Otras mercancias de uso domestico,0,77.0145,-32.7000,1.9720,18.1200,26459.6666,-33.1000,2.2004,18.1200,19363.2478,1,249318.0000,196677.0000
2020-07-01,2020,7,Cundinamarca,4,Prendas de vestir y textiles,0,61.4474,-32.7000,1.9720,18.1200,26459.6666,-33.1000,2.2004,18.1200,19363.2478,1,81000.0000,62917.0000
2020-07-01,2020,7,Cundinamarca,8,Electrodomesticos y muebles,1,120.7830,-32.7000,1.9720,18.1200,26459.6666,-33.1000,2.2004,18.1200,19363.2478,1,81000.0000,62917.0000
2020-07-01,2020,7,Cundinamarca,9,Articulos y utensilios domesticos,0,112.3320,-32.7000,1.9720,18.1200,26459.6666,-33.1000,2.2004,18.1200,19363.2478,1,81000.0000,62917.0000
2020-07-01,2020,7,Cundinamarca,10,Aseo del hogar,0,130.3717,-32.7000,1.9720,18.1200,26459.6666,-33.1000,2.2004,18.1200,19363.2478,1,81000.0000,62917.0000
2020-07-01,2020,7,Cundinamarca,11,Informatica y telecomunicaciones,0,163.0762,-32.7000,1.9720,18.1200,26459.6666,-33.1000,2.2004,18.1200,19363.2478,1,81000.0000,62917.0000
2020-07-01,2020,7,Cundinamarca,12,Sonido y video,0,112.5154,-32.7000,1.9720,18.1200,26459.6666,-33.1000,2.2004,18.1200,19363.2478,1,81000.0000,62917.0000
2020-07-01,2020,7,Cundinamarca,14,"Ferreteria, vidrios y pinturas",0,98.5181,-32.7000,1.9720,18.1200,26459.6666,-33.1000,2.2004,18.1200,19363.2478,1,81000.0000,62917.0000
2020-07-01,2020,7,Cundinamarca,15,Otras mercancias de uso domestico,0,79.1298,-32.7000,1.9720,18.1200,26459.6666,-33.1000,2.2004,18.1200,19363.2478,1,81000.0000,62917.0000
2020-07-01,2020,7,Santander,4,Prendas de vestir y textiles,0,35.9769,-32.7000,1.9720,18.1200,26459.6666,-33.1000,2.2004,18.1200,19363.2478,1,38772.0000,19043.0000
2020-07-01,2020,7,Santander,8,Electrodomesticos y muebles,1,118.2204,-32.7000,1.9720,18.1200,26459.6666,-33.1000,2.2004,18.1200,19363.2478,1,38772.0000,19043.0000
2020-07-01,2020,7,Santander,9,Articulos y utensilios domesticos,0,103.5281,-32.7000,1.9720,18.1200,26459.6666,-33.1000,2.2004,18.1200,19363.2478,1,38772.0000,19043.0000
2020-07-01,2020,7,Santander,10,Aseo del hogar,0,117.9279,-32.7000,1.9720,18.1200,26459.6666,-33.1000,2.2004,18.1200,19363.2478,1,38772.0000,19043.0000
2020-07-01,2020,7,Santander,11,Informatica y telecomunicaciones,0,140.1696,-32.7000,1.9720,18.1200,26459.6666,-33.1000,2.2004,18.1200,19363.2478,1,38772.0000,19043.0000
2020-07-01,2020,7,Santander,12,Sonido y video,0,109.8956,-32.7000,1.9720,18.1200,26459.6666,-33.1000,2.2004,18.1200,19363.2478,1,38772.0000,19043.0000
2020-07-01,2020,7,Santander,14,"Ferreteria, vidrios y pinturas",0,88.5095,-32.7000,1.9720,18.1200,26459.6666,-33.1000,2.2004,18.1200,19363.2478,1,38772.0000,19043.0000
2020-07-01,2020,7,Santander,15,Otras mercancias de uso domestico,0,74.8319,-32.7000,1.9720,18.1200,26459.6666,-33.1000,2.2004,18.1200,19363.2478,1,38772.0000,19043.0000
2020-07-01,2020,7,Valle del Cauca,4,Prendas de vestir y textiles,0,43.6189,-32.7000,1.9720,18.1200,26459.6666,-33.1000,2.2004,18.1200,19363.2478,1,111455.0000,86354.0000
2020-07-01,2020,7,Valle del Cauca,8,Electrodomesticos y muebles,1,93.8613,-32.7000,1.9720,18.1200,26459.6666,-33.1000,2.2004,18.1200,19363.2478,1,111455.0000,86354.0000
2020-07-01,2020,7,Valle del Cauca,9,Articulos y utensilios domesticos,0,96.1460,-32.7000,1.9720,18.1200,26459.6666,-33.1000,2.2004,18.1200,19363.2478,1,111455.0000,86354.0000
2020-07-01,2020,7,Valle del Cauca,10,Aseo del hogar,0,103.5703,-32.7000,1.9720,18.1200,26459.6666,-33.1000,2.2004,18.1200,19363.2478,1,111455.0000,86354.0000
2020-07-01,2020,7,Valle del Cauca,11,Informatica y telecomunicaciones,0,135.5223,-32.7000,1.9720,18.1200,26459.6666,-33.1000,2.2004,18.1200,19363.2478,1,111455.0000,86354.0000
2020-07-01,2020,7,Valle del Cauca,12,Sonido y video,0,92.8441,-32.7000,1.9720,18.1200,26459.6666,-33.1000,2.2004,18.1200,19363.2478,1,111455.0000,86354.0000
2020-07-01,2020,7,Valle del Cauca,14,"Ferreteria, vidrios y pinturas",0,87.2289,-32.7000,1.9720,18.1200,26459.6666,-33.1000,2.2004,18.1200,19363.2478,1,111455.0000,86354.0000
2020-07-01,2020,7,Valle del Cauca,15,Otras mercancias de uso domestico,0,69.4287,-32.7000,1.9720,18.1200,26459.6666,-33.1000,2.2004,18.1200,19363.2478,1,111455.0000,86354.0000
2020-07-01,2020,7,Otros departamentos,4,Prendas de vestir y textiles,0,43.3846,-32.7000,1.9720,18.1200,26459.6666,-33.1000,2.2004,18.1200,19363.2478,1,469974.0000,423415.0000
2020-07-01,2020,7,Otros departamentos,8,Electrodomesticos y muebles,1,113.4312,-32.7000,1.9720,18.1200,26459.6666,-33.1000,2.2004,18.1200,19363.2478,1,469974.0000,423415.0000
2020-07-01,2020,7,Otros departamentos,9,Articulos y utensilios domesticos,0,100.8258,-32.7000,1.9720,18.1200,26459.6666,-33.1000,2.2004,18.1200,19363.2478,1,469974.0000,423415.0000
2020-07-01,2020,7,Otros departamentos,10,Aseo del hogar,0,130.2673,-32.7000,1.9720,18.1200,26459.6666,-33.1000,2.2004,18.1200,19363.2478,1,469974.0000,423415.0000
2020-07-01,2020,7,Otros departamentos,11,Informatica y telecomunicaciones,0,154.8846,-32.7000,1.9720,18.1200,26459.6666,-33.1000,2.2004,18.1200,19363.2478,1,469974.0000,423415.0000
2020-07-01,2020,7,Otros departamentos,12,Sonido y video,0,141.8133,-32.7000,1.9720,18.1200,26459.6666,-33.1000,2.2004,18.1200,19363.2478,1,469974.0000,423415.0000
2020-07-01,2020,7,Otros departamentos,14,"Ferreteria, vidrios y pinturas",0,104.5497,-32.7000,1.9720,18.1200,26459.6666,-33.1000,2.2004,18.1200,19363.2478,1,469974.0000,423415.0000
2020-07-01,2020,7,Otros departamentos,15,Otras mercancias de uso domestico,0,85.1807,-32.7000,1.9720,18.1200,26459.6666,-33.1000,2.2004,18.1200,19363.2478,1,469974.0000,423415.0000
2020-08-01,2020,8,Antioquia,4,Prendas de vestir y textiles,0,43.8569,-25.4000,1.8732,18.2900,26127.4221,-32.7000,1.9720,18.1200,26459.6666,1,185117.0000,177064.0000
2020-08-01,2020,8,Antioquia,8,Electrodomesticos y muebles,1,97.9320,-25.4000,1.8732,18.2900,26127.4221,-32.7000,1.9720,18.1200,26459.6666,1,185117.0000,177064.0000
2020-08-01,2020,8,Antioquia,9,Articulos y utensilios domesticos,0,81.8324,-25.4000,1.8732,18.2900,26127.4221,-32.7000,1.9720,18.1200,26459.6666,1,185117.0000,177064.0000
2020-08-01,2020,8,Antioquia,10,Aseo del hogar,0,123.9952,-25.4000,1.8732,18.2900,26127.4221,-32.7000,1.9720,18.1200,26459.6666,1,185117.0000,177064.0000
2020-08-01,2020,8,Antioquia,11,Informatica y telecomunicaciones,0,134.7772,-25.4000,1.8732,18.2900,26127.4221,-32.7000,1.9720,18.1200,26459.6666,1,185117.0000,177064.0000
2020-08-01,2020,8,Antioquia,12,Sonido y video,0,94.5730,-25.4000,1.8732,18.2900,26127.4221,-32.7000,1.9720,18.1200,26459.6666,1,185117.0000,177064.0000
2020-08-01,2020,8,Antioquia,14,"Ferreteria, vidrios y pinturas",0,85.4715,-25.4000,1.8732,18.2900,26127.4221,-32.7000,1.9720,18.1200,26459.6666,1,185117.0000,177064.0000
2020-08-01,2020,8,Antioquia,15,Otras mercancias de uso domestico,0,89.9080,-25.4000,1.8732,18.2900,26127.4221,-32.7000,1.9720,18.1200,26459.6666,1,185117.0000,177064.0000
2020-08-01,2020,8,Atlantico,4,Prendas de vestir y textiles,0,49.9334,-25.4000,1.8732,18.2900,26127.4221,-32.7000,1.9720,18.1200,26459.6666,1,27486.0000,48135.0000
2020-08-01,2020,8,Atlantico,8,Electrodomesticos y muebles,1,123.3374,-25.4000,1.8732,18.2900,26127.4221,-32.7000,1.9720,18.1200,26459.6666,1,27486.0000,48135.0000
2020-08-01,2020,8,Atlantico,9,Articulos y utensilios domesticos,0,79.9316,-25.4000,1.8732,18.2900,26127.4221,-32.7000,1.9720,18.1200,26459.6666,1,27486.0000,48135.0000
2020-08-01,2020,8,Atlantico,10,Aseo del hogar,0,103.0910,-25.4000,1.8732,18.2900,26127.4221,-32.7000,1.9720,18.1200,26459.6666,1,27486.0000,48135.0000
2020-08-01,2020,8,Atlantico,11,Informatica y telecomunicaciones,0,123.2014,-25.4000,1.8732,18.2900,26127.4221,-32.7000,1.9720,18.1200,26459.6666,1,27486.0000,48135.0000
2020-08-01,2020,8,Atlantico,12,Sonido y video,0,95.8601,-25.4000,1.8732,18.2900,26127.4221,-32.7000,1.9720,18.1200,26459.6666,1,27486.0000,48135.0000
2020-08-01,2020,8,Atlantico,14,"Ferreteria, vidrios y pinturas",0,99.5429,-25.4000,1.8732,18.2900,26127.4221,-32.7000,1.9720,18.1200,26459.6666,1,27486.0000,48135.0000
2020-08-01,2020,8,Atlantico,15,Otras mercancias de uso domestico,0,73.6209,-25.4000,1.8732,18.2900,26127.4221,-32.7000,1.9720,18.1200,26459.6666,1,27486.0000,48135.0000
2020-08-01,2020,8,Bogota,4,Prendas de vestir y textiles,0,60.0081,-25.4000,1.8732,18.2900,26127.4221,-32.7000,1.9720,18.1200,26459.6666,1,188057.0000,249318.0000
2020-08-01,2020,8,Bogota,8,Electrodomesticos y muebles,1,139.3948,-25.4000,1.8732,18.2900,26127.4221,-32.7000,1.9720,18.1200,26459.6666,1,188057.0000,249318.0000
2020-08-01,2020,8,Bogota,9,Articulos y utensilios domesticos,0,96.2968,-25.4000,1.8732,18.2900,26127.4221,-32.7000,1.9720,18.1200,26459.6666,1,188057.0000,249318.0000
2020-08-01,2020,8,Bogota,10,Aseo del hogar,0,148.5731,-25.4000,1.8732,18.2900,26127.4221,-32.7000,1.9720,18.1200,26459.6666,1,188057.0000,249318.0000
2020-08-01,2020,8,Bogota,11,Informatica y telecomunicaciones,0,182.1309,-25.4000,1.8732,18.2900,26127.4221,-32.7000,1.9720,18.1200,26459.6666,1,188057.0000,249318.0000
2020-08-01,2020,8,Bogota,12,Sonido y video,0,131.4116,-25.4000,1.8732,18.2900,26127.4221,-32.7000,1.9720,18.1200,26459.6666,1,188057.0000,249318.0000
2020-08-01,2020,8,Bogota,14,"Ferreteria, vidrios y pinturas",0,98.0478,-25.4000,1.8732,18.2900,26127.4221,-32.7000,1.9720,18.1200,26459.6666,1,188057.0000,249318.0000
2020-08-01,2020,8,Bogota,15,Otras mercancias de uso domestico,0,84.6628,-25.4000,1.8732,18.2900,26127.4221,-32.7000,1.9720,18.1200,26459.6666,1,188057.0000,249318.0000
2020-08-01,2020,8,Cundinamarca,4,Prendas de vestir y textiles,0,65.4389,-25.4000,1.8732,18.2900,26127.4221,-32.7000,1.9720,18.1200,26459.6666,1,104032.0000,81000.0000
2020-08-01,2020,8,Cundinamarca,8,Electrodomesticos y muebles,1,115.7689,-25.4000,1.8732,18.2900,26127.4221,-32.7000,1.9720,18.1200,26459.6666,1,104032.0000,81000.0000
2020-08-01,2020,8,Cundinamarca,9,Articulos y utensilios domesticos,0,113.9677,-25.4000,1.8732,18.2900,26127.4221,-32.7000,1.9720,18.1200,26459.6666,1,104032.0000,81000.0000
2020-08-01,2020,8,Cundinamarca,10,Aseo del hogar,0,119.5296,-25.4000,1.8732,18.2900,26127.4221,-32.7000,1.9720,18.1200,26459.6666,1,104032.0000,81000.0000
2020-08-01,2020,8,Cundinamarca,11,Informatica y telecomunicaciones,0,171.3051,-25.4000,1.8732,18.2900,26127.4221,-32.7000,1.9720,18.1200,26459.6666,1,104032.0000,81000.0000
2020-08-01,2020,8,Cundinamarca,12,Sonido y video,0,90.1339,-25.4000,1.8732,18.2900,26127.4221,-32.7000,1.9720,18.1200,26459.6666,1,104032.0000,81000.0000
2020-08-01,2020,8,Cundinamarca,14,"Ferreteria, vidrios y pinturas",0,113.6623,-25.4000,1.8732,18.2900,26127.4221,-32.7000,1.9720,18.1200,26459.6666,1,104032.0000,81000.0000
2020-08-01,2020,8,Cundinamarca,15,Otras mercancias de uso domestico,0,88.3373,-25.4000,1.8732,18.2900,26127.4221,-32.7000,1.9720,18.1200,26459.6666,1,104032.0000,81000.0000
2020-08-01,2020,8,Santander,4,Prendas de vestir y textiles,0,45.4523,-25.4000,1.8732,18.2900,26127.4221,-32.7000,1.9720,18.1200,26459.6666,1,58327.0000,38772.0000
2020-08-01,2020,8,Santander,8,Electrodomesticos y muebles,1,80.7526,-25.4000,1.8732,18.2900,26127.4221,-32.7000,1.9720,18.1200,26459.6666,1,58327.0000,38772.0000
2020-08-01,2020,8,Santander,9,Articulos y utensilios domesticos,0,107.7258,-25.4000,1.8732,18.2900,26127.4221,-32.7000,1.9720,18.1200,26459.6666,1,58327.0000,38772.0000
2020-08-01,2020,8,Santander,10,Aseo del hogar,0,85.0357,-25.4000,1.8732,18.2900,26127.4221,-32.7000,1.9720,18.1200,26459.6666,1,58327.0000,38772.0000
2020-08-01,2020,8,Santander,11,Informatica y telecomunicaciones,0,113.0300,-25.4000,1.8732,18.2900,26127.4221,-32.7000,1.9720,18.1200,26459.6666,1,58327.0000,38772.0000
2020-08-01,2020,8,Santander,12,Sonido y video,0,75.2078,-25.4000,1.8732,18.2900,26127.4221,-32.7000,1.9720,18.1200,26459.6666,1,58327.0000,38772.0000
2020-08-01,2020,8,Santander,14,"Ferreteria, vidrios y pinturas",0,88.2173,-25.4000,1.8732,18.2900,26127.4221,-32.7000,1.9720,18.1200,26459.6666,1,58327.0000,38772.0000
2020-08-01,2020,8,Santander,15,Otras mercancias de uso domestico,0,66.4214,-25.4000,1.8732,18.2900,26127.4221,-32.7000,1.9720,18.1200,26459.6666,1,58327.0000,38772.0000
2020-08-01,2020,8,Valle del Cauca,4,Prendas de vestir y textiles,0,49.4620,-25.4000,1.8732,18.2900,26127.4221,-32.7000,1.9720,18.1200,26459.6666,1,103167.0000,111455.0000
2020-08-01,2020,8,Valle del Cauca,8,Electrodomesticos y muebles,1,88.4969,-25.4000,1.8732,18.2900,26127.4221,-32.7000,1.9720,18.1200,26459.6666,1,103167.0000,111455.0000
2020-08-01,2020,8,Valle del Cauca,9,Articulos y utensilios domesticos,0,84.5493,-25.4000,1.8732,18.2900,26127.4221,-32.7000,1.9720,18.1200,26459.6666,1,103167.0000,111455.0000
2020-08-01,2020,8,Valle del Cauca,10,Aseo del hogar,0,120.2427,-25.4000,1.8732,18.2900,26127.4221,-32.7000,1.9720,18.1200,26459.6666,1,103167.0000,111455.0000
2020-08-01,2020,8,Valle del Cauca,11,Informatica y telecomunicaciones,0,157.2929,-25.4000,1.8732,18.2900,26127.4221,-32.7000,1.9720,18.1200,26459.6666,1,103167.0000,111455.0000
2020-08-01,2020,8,Valle del Cauca,12,Sonido y video,0,96.2851,-25.4000,1.8732,18.2900,26127.4221,-32.7000,1.9720,18.1200,26459.6666,1,103167.0000,111455.0000
2020-08-01,2020,8,Valle del Cauca,14,"Ferreteria, vidrios y pinturas",0,91.7740,-25.4000,1.8732,18.2900,26127.4221,-32.7000,1.9720,18.1200,26459.6666,1,103167.0000,111455.0000
2020-08-01,2020,8,Valle del Cauca,15,Otras mercancias de uso domestico,0,54.3704,-25.4000,1.8732,18.2900,26127.4221,-32.7000,1.9720,18.1200,26459.6666,1,103167.0000,111455.0000
2020-08-01,2020,8,Otros departamentos,4,Prendas de vestir y textiles,0,41.5888,-25.4000,1.8732,18.2900,26127.4221,-32.7000,1.9720,18.1200,26459.6666,1,443810.0000,469974.0000
2020-08-01,2020,8,Otros departamentos,8,Electrodomesticos y muebles,1,105.7746,-25.4000,1.8732,18.2900,26127.4221,-32.7000,1.9720,18.1200,26459.6666,1,443810.0000,469974.0000
2020-08-01,2020,8,Otros departamentos,9,Articulos y utensilios domesticos,0,90.4171,-25.4000,1.8732,18.2900,26127.4221,-32.7000,1.9720,18.1200,26459.6666,1,443810.0000,469974.0000
2020-08-01,2020,8,Otros departamentos,10,Aseo del hogar,0,108.3253,-25.4000,1.8732,18.2900,26127.4221,-32.7000,1.9720,18.1200,26459.6666,1,443810.0000,469974.0000
2020-08-01,2020,8,Otros departamentos,11,Informatica y telecomunicaciones,0,130.8928,-25.4000,1.8732,18.2900,26127.4221,-32.7000,1.9720,18.1200,26459.6666,1,443810.0000,469974.0000
2020-08-01,2020,8,Otros departamentos,12,Sonido y video,0,111.4190,-25.4000,1.8732,18.2900,26127.4221,-32.7000,1.9720,18.1200,26459.6666,1,443810.0000,469974.0000
2020-08-01,2020,8,Otros departamentos,14,"Ferreteria, vidrios y pinturas",0,96.3625,-25.4000,1.8732,18.2900,26127.4221,-32.7000,1.9720,18.1200,26459.6666,1,443810.0000,469974.0000
2020-08-01,2020,8,Otros departamentos,15,Otras mercancias de uso domestico,0,79.7856,-25.4000,1.8732,18.2900,26127.4221,-32.7000,1.9720,18.1200,26459.6666,1,443810.0000,469974.0000
2020-09-01,2020,9,Antioquia,4,Prendas de vestir y textiles,0,76.0642,-21.6000,1.9659,18.3500,24298.2257,-25.4000,1.8732,18.2900,26127.4221,0,266230.0000,185117.0000
2020-09-01,2020,9,Antioquia,8,Electrodomesticos y muebles,1,117.3646,-21.6000,1.9659,18.3500,24298.2257,-25.4000,1.8732,18.2900,26127.4221,0,266230.0000,185117.0000
2020-09-01,2020,9,Antioquia,9,Articulos y utensilios domesticos,0,100.0019,-21.6000,1.9659,18.3500,24298.2257,-25.4000,1.8732,18.2900,26127.4221,0,266230.0000,185117.0000
2020-09-01,2020,9,Antioquia,10,Aseo del hogar,0,137.5766,-21.6000,1.9659,18.3500,24298.2257,-25.4000,1.8732,18.2900,26127.4221,0,266230.0000,185117.0000
2020-09-01,2020,9,Antioquia,11,Informatica y telecomunicaciones,0,114.6292,-21.6000,1.9659,18.3500,24298.2257,-25.4000,1.8732,18.2900,26127.4221,0,266230.0000,185117.0000
2020-09-01,2020,9,Antioquia,12,Sonido y video,0,96.8903,-21.6000,1.9659,18.3500,24298.2257,-25.4000,1.8732,18.2900,26127.4221,0,266230.0000,185117.0000
2020-09-01,2020,9,Antioquia,14,"Ferreteria, vidrios y pinturas",0,116.8764,-21.6000,1.9659,18.3500,24298.2257,-25.4000,1.8732,18.2900,26127.4221,0,266230.0000,185117.0000
2020-09-01,2020,9,Antioquia,15,Otras mercancias de uso domestico,0,133.8305,-21.6000,1.9659,18.3500,24298.2257,-25.4000,1.8732,18.2900,26127.4221,0,266230.0000,185117.0000
2020-09-01,2020,9,Atlantico,4,Prendas de vestir y textiles,0,65.1385,-21.6000,1.9659,18.3500,24298.2257,-25.4000,1.8732,18.2900,26127.4221,0,72863.0000,27486.0000
2020-09-01,2020,9,Atlantico,8,Electrodomesticos y muebles,1,104.0088,-21.6000,1.9659,18.3500,24298.2257,-25.4000,1.8732,18.2900,26127.4221,0,72863.0000,27486.0000
2020-09-01,2020,9,Atlantico,9,Articulos y utensilios domesticos,0,103.6714,-21.6000,1.9659,18.3500,24298.2257,-25.4000,1.8732,18.2900,26127.4221,0,72863.0000,27486.0000
2020-09-01,2020,9,Atlantico,10,Aseo del hogar,0,134.2079,-21.6000,1.9659,18.3500,24298.2257,-25.4000,1.8732,18.2900,26127.4221,0,72863.0000,27486.0000
2020-09-01,2020,9,Atlantico,11,Informatica y telecomunicaciones,0,129.0522,-21.6000,1.9659,18.3500,24298.2257,-25.4000,1.8732,18.2900,26127.4221,0,72863.0000,27486.0000
2020-09-01,2020,9,Atlantico,12,Sonido y video,0,110.6378,-21.6000,1.9659,18.3500,24298.2257,-25.4000,1.8732,18.2900,26127.4221,0,72863.0000,27486.0000
2020-09-01,2020,9,Atlantico,14,"Ferreteria, vidrios y pinturas",0,114.3697,-21.6000,1.9659,18.3500,24298.2257,-25.4000,1.8732,18.2900,26127.4221,0,72863.0000,27486.0000
2020-09-01,2020,9,Atlantico,15,Otras mercancias de uso domestico,0,78.6500,-21.6000,1.9659,18.3500,24298.2257,-25.4000,1.8732,18.2900,26127.4221,0,72863.0000,27486.0000
2020-09-01,2020,9,Bogota,4,Prendas de vestir y textiles,0,89.9427,-21.6000,1.9659,18.3500,24298.2257,-25.4000,1.8732,18.2900,26127.4221,0,245395.0000,188057.0000
2020-09-01,2020,9,Bogota,8,Electrodomesticos y muebles,1,120.9451,-21.6000,1.9659,18.3500,24298.2257,-25.4000,1.8732,18.2900,26127.4221,0,245395.0000,188057.0000
2020-09-01,2020,9,Bogota,9,Articulos y utensilios domesticos,0,124.2534,-21.6000,1.9659,18.3500,24298.2257,-25.4000,1.8732,18.2900,26127.4221,0,245395.0000,188057.0000
2020-09-01,2020,9,Bogota,10,Aseo del hogar,0,119.6003,-21.6000,1.9659,18.3500,24298.2257,-25.4000,1.8732,18.2900,26127.4221,0,245395.0000,188057.0000
2020-09-01,2020,9,Bogota,11,Informatica y telecomunicaciones,0,178.1903,-21.6000,1.9659,18.3500,24298.2257,-25.4000,1.8732,18.2900,26127.4221,0,245395.0000,188057.0000
2020-09-01,2020,9,Bogota,12,Sonido y video,0,126.8688,-21.6000,1.9659,18.3500,24298.2257,-25.4000,1.8732,18.2900,26127.4221,0,245395.0000,188057.0000
2020-09-01,2020,9,Bogota,14,"Ferreteria, vidrios y pinturas",0,116.7102,-21.6000,1.9659,18.3500,24298.2257,-25.4000,1.8732,18.2900,26127.4221,0,245395.0000,188057.0000
2020-09-01,2020,9,Bogota,15,Otras mercancias de uso domestico,0,77.2966,-21.6000,1.9659,18.3500,24298.2257,-25.4000,1.8732,18.2900,26127.4221,0,245395.0000,188057.0000
2020-09-01,2020,9,Cundinamarca,4,Prendas de vestir y textiles,0,91.3399,-21.6000,1.9659,18.3500,24298.2257,-25.4000,1.8732,18.2900,26127.4221,0,61417.0000,104032.0000
2020-09-01,2020,9,Cundinamarca,8,Electrodomesticos y muebles,1,141.3031,-21.6000,1.9659,18.3500,24298.2257,-25.4000,1.8732,18.2900,26127.4221,0,61417.0000,104032.0000
2020-09-01,2020,9,Cundinamarca,9,Articulos y utensilios domesticos,0,134.3261,-21.6000,1.9659,18.3500,24298.2257,-25.4000,1.8732,18.2900,26127.4221,0,61417.0000,104032.0000
2020-09-01,2020,9,Cundinamarca,10,Aseo del hogar,0,137.4872,-21.6000,1.9659,18.3500,24298.2257,-25.4000,1.8732,18.2900,26127.4221,0,61417.0000,104032.0000
2020-09-01,2020,9,Cundinamarca,11,Informatica y telecomunicaciones,0,153.8429,-21.6000,1.9659,18.3500,24298.2257,-25.4000,1.8732,18.2900,26127.4221,0,61417.0000,104032.0000
2020-09-01,2020,9,Cundinamarca,12,Sonido y video,0,108.1694,-21.6000,1.9659,18.3500,24298.2257,-25.4000,1.8732,18.2900,26127.4221,0,61417.0000,104032.0000
2020-09-01,2020,9,Cundinamarca,14,"Ferreteria, vidrios y pinturas",0,121.7372,-21.6000,1.9659,18.3500,24298.2257,-25.4000,1.8732,18.2900,26127.4221,0,61417.0000,104032.0000
2020-09-01,2020,9,Cundinamarca,15,Otras mercancias de uso domestico,0,102.3376,-21.6000,1.9659,18.3500,24298.2257,-25.4000,1.8732,18.2900,26127.4221,0,61417.0000,104032.0000
2020-09-01,2020,9,Santander,4,Prendas de vestir y textiles,0,84.4687,-21.6000,1.9659,18.3500,24298.2257,-25.4000,1.8732,18.2900,26127.4221,0,29223.0000,58327.0000
2020-09-01,2020,9,Santander,8,Electrodomesticos y muebles,1,103.9061,-21.6000,1.9659,18.3500,24298.2257,-25.4000,1.8732,18.2900,26127.4221,0,29223.0000,58327.0000
2020-09-01,2020,9,Santander,9,Articulos y utensilios domesticos,0,120.8096,-21.6000,1.9659,18.3500,24298.2257,-25.4000,1.8732,18.2900,26127.4221,0,29223.0000,58327.0000
2020-09-01,2020,9,Santander,10,Aseo del hogar,0,105.0807,-21.6000,1.9659,18.3500,24298.2257,-25.4000,1.8732,18.2900,26127.4221,0,29223.0000,58327.0000
2020-09-01,2020,9,Santander,11,Informatica y telecomunicaciones,0,138.9085,-21.6000,1.9659,18.3500,24298.2257,-25.4000,1.8732,18.2900,26127.4221,0,29223.0000,58327.0000
2020-09-01,2020,9,Santander,12,Sonido y video,0,95.2138,-21.6000,1.9659,18.3500,24298.2257,-25.4000,1.8732,18.2900,26127.4221,0,29223.0000,58327.0000
2020-09-01,2020,9,Santander,14,"Ferreteria, vidrios y pinturas",0,117.0559,-21.6000,1.9659,18.3500,24298.2257,-25.4000,1.8732,18.2900,26127.4221,0,29223.0000,58327.0000
2020-09-01,2020,9,Santander,15,Otras mercancias de uso domestico,0,104.0409,-21.6000,1.9659,18.3500,24298.2257,-25.4000,1.8732,18.2900,26127.4221,0,29223.0000,58327.0000
2020-09-01,2020,9,Valle del Cauca,4,Prendas de vestir y textiles,0,73.2668,-21.6000,1.9659,18.3500,24298.2257,-25.4000,1.8732,18.2900,26127.4221,0,238704.0000,103167.0000
2020-09-01,2020,9,Valle del Cauca,8,Electrodomesticos y muebles,1,112.3823,-21.6000,1.9659,18.3500,24298.2257,-25.4000,1.8732,18.2900,26127.4221,0,238704.0000,103167.0000
2020-09-01,2020,9,Valle del Cauca,9,Articulos y utensilios domesticos,0,96.2743,-21.6000,1.9659,18.3500,24298.2257,-25.4000,1.8732,18.2900,26127.4221,0,238704.0000,103167.0000
2020-09-01,2020,9,Valle del Cauca,10,Aseo del hogar,0,135.7366,-21.6000,1.9659,18.3500,24298.2257,-25.4000,1.8732,18.2900,26127.4221,0,238704.0000,103167.0000
2020-09-01,2020,9,Valle del Cauca,11,Informatica y telecomunicaciones,0,163.0931,-21.6000,1.9659,18.3500,24298.2257,-25.4000,1.8732,18.2900,26127.4221,0,238704.0000,103167.0000
2020-09-01,2020,9,Valle del Cauca,12,Sonido y video,0,101.2634,-21.6000,1.9659,18.3500,24298.2257,-25.4000,1.8732,18.2900,26127.4221,0,238704.0000,103167.0000
2020-09-01,2020,9,Valle del Cauca,14,"Ferreteria, vidrios y pinturas",0,102.9334,-21.6000,1.9659,18.3500,24298.2257,-25.4000,1.8732,18.2900,26127.4221,0,238704.0000,103167.0000
2020-09-01,2020,9,Valle del Cauca,15,Otras mercancias de uso domestico,0,58.3367,-21.6000,1.9659,18.3500,24298.2257,-25.4000,1.8732,18.2900,26127.4221,0,238704.0000,103167.0000
2020-09-01,2020,9,Otros departamentos,4,Prendas de vestir y textiles,0,64.8211,-21.6000,1.9659,18.3500,24298.2257,-25.4000,1.8732,18.2900,26127.4221,0,693446.0000,443810.0000
2020-09-01,2020,9,Otros departamentos,8,Electrodomesticos y muebles,1,111.9321,-21.6000,1.9659,18.3500,24298.2257,-25.4000,1.8732,18.2900,26127.4221,0,693446.0000,443810.0000
2020-09-01,2020,9,Otros departamentos,9,Articulos y utensilios domesticos,0,95.7836,-21.6000,1.9659,18.3500,24298.2257,-25.4000,1.8732,18.2900,26127.4221,0,693446.0000,443810.0000
2020-09-01,2020,9,Otros departamentos,10,Aseo del hogar,0,114.0565,-21.6000,1.9659,18.3500,24298.2257,-25.4000,1.8732,18.2900,26127.4221,0,693446.0000,443810.0000
2020-09-01,2020,9,Otros departamentos,11,Informatica y telecomunicaciones,0,110.3330,-21.6000,1.9659,18.3500,24298.2257,-25.4000,1.8732,18.2900,26127.4221,0,693446.0000,443810.0000
2020-09-01,2020,9,Otros departamentos,12,Sonido y video,0,107.8440,-21.6000,1.9659,18.3500,24298.2257,-25.4000,1.8732,18.2900,26127.4221,0,693446.0000,443810.0000
2020-09-01,2020,9,Otros departamentos,14,"Ferreteria, vidrios y pinturas",0,101.2200,-21.6000,1.9659,18.3500,24298.2257,-25.4000,1.8732,18.2900,26127.4221,0,693446.0000,443810.0000
2020-09-01,2020,9,Otros departamentos,15,Otras mercancias de uso domestico,0,84.7560,-21.6000,1.9659,18.3500,24298.2257,-25.4000,1.8732,18.2900,26127.4221,0,693446.0000,443810.0000
2020-10-01,2020,10,Antioquia,4,Prendas de vestir y textiles,0,91.6676,-18.6000,1.7403,18.0900,25461.0347,-21.6000,1.9659,18.3500,24298.2257,0,254552.0000,266230.0000
2020-10-01,2020,10,Antioquia,8,Electrodomesticos y muebles,1,115.0647,-18.6000,1.7403,18.0900,25461.0347,-21.6000,1.9659,18.3500,24298.2257,0,254552.0000,266230.0000
2020-10-01,2020,10,Antioquia,9,Articulos y utensilios domesticos,0,102.9313,-18.6000,1.7403,18.0900,25461.0347,-21.6000,1.9659,18.3500,24298.2257,0,254552.0000,266230.0000
2020-10-01,2020,10,Antioquia,10,Aseo del hogar,0,120.0408,-18.6000,1.7403,18.0900,25461.0347,-21.6000,1.9659,18.3500,24298.2257,0,254552.0000,266230.0000
2020-10-01,2020,10,Antioquia,11,Informatica y telecomunicaciones,0,97.4508,-18.6000,1.7403,18.0900,25461.0347,-21.6000,1.9659,18.3500,24298.2257,0,254552.0000,266230.0000
2020-10-01,2020,10,Antioquia,12,Sonido y video,0,129.0077,-18.6000,1.7403,18.0900,25461.0347,-21.6000,1.9659,18.3500,24298.2257,0,254552.0000,266230.0000
2020-10-01,2020,10,Antioquia,14,"Ferreteria, vidrios y pinturas",0,112.1874,-18.6000,1.7403,18.0900,25461.0347,-21.6000,1.9659,18.3500,24298.2257,0,254552.0000,266230.0000
2020-10-01,2020,10,Antioquia,15,Otras mercancias de uso domestico,0,112.8679,-18.6000,1.7403,18.0900,25461.0347,-21.6000,1.9659,18.3500,24298.2257,0,254552.0000,266230.0000
2020-10-01,2020,10,Atlantico,4,Prendas de vestir y textiles,0,83.5729,-18.6000,1.7403,18.0900,25461.0347,-21.6000,1.9659,18.3500,24298.2257,0,127397.0000,72863.0000
2020-10-01,2020,10,Atlantico,8,Electrodomesticos y muebles,1,134.9944,-18.6000,1.7403,18.0900,25461.0347,-21.6000,1.9659,18.3500,24298.2257,0,127397.0000,72863.0000
2020-10-01,2020,10,Atlantico,9,Articulos y utensilios domesticos,0,105.4589,-18.6000,1.7403,18.0900,25461.0347,-21.6000,1.9659,18.3500,24298.2257,0,127397.0000,72863.0000
2020-10-01,2020,10,Atlantico,10,Aseo del hogar,0,154.3421,-18.6000,1.7403,18.0900,25461.0347,-21.6000,1.9659,18.3500,24298.2257,0,127397.0000,72863.0000
2020-10-01,2020,10,Atlantico,11,Informatica y telecomunicaciones,0,111.1975,-18.6000,1.7403,18.0900,25461.0347,-21.6000,1.9659,18.3500,24298.2257,0,127397.0000,72863.0000
2020-10-01,2020,10,Atlantico,12,Sonido y video,0,133.2900,-18.6000,1.7403,18.0900,25461.0347,-21.6000,1.9659,18.3500,24298.2257,0,127397.0000,72863.0000
2020-10-01,2020,10,Atlantico,14,"Ferreteria, vidrios y pinturas",0,129.7653,-18.6000,1.7403,18.0900,25461.0347,-21.6000,1.9659,18.3500,24298.2257,0,127397.0000,72863.0000
2020-10-01,2020,10,Atlantico,15,Otras mercancias de uso domestico,0,109.5550,-18.6000,1.7403,18.0900,25461.0347,-21.6000,1.9659,18.3500,24298.2257,0,127397.0000,72863.0000
2020-10-01,2020,10,Bogota,4,Prendas de vestir y textiles,0,97.5528,-18.6000,1.7403,18.0900,25461.0347,-21.6000,1.9659,18.3500,24298.2257,0,243449.0000,245395.0000
2020-10-01,2020,10,Bogota,8,Electrodomesticos y muebles,1,126.6985,-18.6000,1.7403,18.0900,25461.0347,-21.6000,1.9659,18.3500,24298.2257,0,243449.0000,245395.0000
2020-10-01,2020,10,Bogota,9,Articulos y utensilios domesticos,0,149.4639,-18.6000,1.7403,18.0900,25461.0347,-21.6000,1.9659,18.3500,24298.2257,0,243449.0000,245395.0000
2020-10-01,2020,10,Bogota,10,Aseo del hogar,0,117.8948,-18.6000,1.7403,18.0900,25461.0347,-21.6000,1.9659,18.3500,24298.2257,0,243449.0000,245395.0000
2020-10-01,2020,10,Bogota,11,Informatica y telecomunicaciones,0,169.8064,-18.6000,1.7403,18.0900,25461.0347,-21.6000,1.9659,18.3500,24298.2257,0,243449.0000,245395.0000
2020-10-01,2020,10,Bogota,12,Sonido y video,0,136.5601,-18.6000,1.7403,18.0900,25461.0347,-21.6000,1.9659,18.3500,24298.2257,0,243449.0000,245395.0000
2020-10-01,2020,10,Bogota,14,"Ferreteria, vidrios y pinturas",0,124.4604,-18.6000,1.7403,18.0900,25461.0347,-21.6000,1.9659,18.3500,24298.2257,0,243449.0000,245395.0000
2020-10-01,2020,10,Bogota,15,Otras mercancias de uso domestico,0,93.1530,-18.6000,1.7403,18.0900,25461.0347,-21.6000,1.9659,18.3500,24298.2257,0,243449.0000,245395.0000
2020-10-01,2020,10,Cundinamarca,4,Prendas de vestir y textiles,0,107.2093,-18.6000,1.7403,18.0900,25461.0347,-21.6000,1.9659,18.3500,24298.2257,0,64615.0000,61417.0000
2020-10-01,2020,10,Cundinamarca,8,Electrodomesticos y muebles,1,140.8351,-18.6000,1.7403,18.0900,25461.0347,-21.6000,1.9659,18.3500,24298.2257,0,64615.0000,61417.0000
2020-10-01,2020,10,Cundinamarca,9,Articulos y utensilios domesticos,0,142.7437,-18.6000,1.7403,18.0900,25461.0347,-21.6000,1.9659,18.3500,24298.2257,0,64615.0000,61417.0000
2020-10-01,2020,10,Cundinamarca,10,Aseo del hogar,0,141.4918,-18.6000,1.7403,18.0900,25461.0347,-21.6000,1.9659,18.3500,24298.2257,0,64615.0000,61417.0000
2020-10-01,2020,10,Cundinamarca,11,Informatica y telecomunicaciones,0,148.2062,-18.6000,1.7403,18.0900,25461.0347,-21.6000,1.9659,18.3500,24298.2257,0,64615.0000,61417.0000
2020-10-01,2020,10,Cundinamarca,12,Sonido y video,0,123.9997,-18.6000,1.7403,18.0900,25461.0347,-21.6000,1.9659,18.3500,24298.2257,0,64615.0000,61417.0000
2020-10-01,2020,10,Cundinamarca,14,"Ferreteria, vidrios y pinturas",0,114.8112,-18.6000,1.7403,18.0900,25461.0347,-21.6000,1.9659,18.3500,24298.2257,0,64615.0000,61417.0000
2020-10-01,2020,10,Cundinamarca,15,Otras mercancias de uso domestico,0,130.4814,-18.6000,1.7403,18.0900,25461.0347,-21.6000,1.9659,18.3500,24298.2257,0,64615.0000,61417.0000
2020-10-01,2020,10,Santander,4,Prendas de vestir y textiles,0,91.4867,-18.6000,1.7403,18.0900,25461.0347,-21.6000,1.9659,18.3500,24298.2257,0,47667.0000,29223.0000
2020-10-01,2020,10,Santander,8,Electrodomesticos y muebles,1,134.0856,-18.6000,1.7403,18.0900,25461.0347,-21.6000,1.9659,18.3500,24298.2257,0,47667.0000,29223.0000
2020-10-01,2020,10,Santander,9,Articulos y utensilios domesticos,0,120.8075,-18.6000,1.7403,18.0900,25461.0347,-21.6000,1.9659,18.3500,24298.2257,0,47667.0000,29223.0000
2020-10-01,2020,10,Santander,10,Aseo del hogar,0,107.7165,-18.6000,1.7403,18.0900,25461.0347,-21.6000,1.9659,18.3500,24298.2257,0,47667.0000,29223.0000
2020-10-01,2020,10,Santander,11,Informatica y telecomunicaciones,0,130.2477,-18.6000,1.7403,18.0900,25461.0347,-21.6000,1.9659,18.3500,24298.2257,0,47667.0000,29223.0000
2020-10-01,2020,10,Santander,12,Sonido y video,0,112.0517,-18.6000,1.7403,18.0900,25461.0347,-21.6000,1.9659,18.3500,24298.2257,0,47667.0000,29223.0000
2020-10-01,2020,10,Santander,14,"Ferreteria, vidrios y pinturas",0,97.1465,-18.6000,1.7403,18.0900,25461.0347,-21.6000,1.9659,18.3500,24298.2257,0,47667.0000,29223.0000
2020-10-01,2020,10,Santander,15,Otras mercancias de uso domestico,0,108.1907,-18.6000,1.7403,18.0900,25461.0347,-21.6000,1.9659,18.3500,24298.2257,0,47667.0000,29223.0000
2020-10-01,2020,10,Valle del Cauca,4,Prendas de vestir y textiles,0,107.2964,-18.6000,1.7403,18.0900,25461.0347,-21.6000,1.9659,18.3500,24298.2257,0,154098.0000,238704.0000
2020-10-01,2020,10,Valle del Cauca,8,Electrodomesticos y muebles,1,130.2927,-18.6000,1.7403,18.0900,25461.0347,-21.6000,1.9659,18.3500,24298.2257,0,154098.0000,238704.0000
2020-10-01,2020,10,Valle del Cauca,9,Articulos y utensilios domesticos,0,92.0842,-18.6000,1.7403,18.0900,25461.0347,-21.6000,1.9659,18.3500,24298.2257,0,154098.0000,238704.0000
2020-10-01,2020,10,Valle del Cauca,10,Aseo del hogar,0,138.5622,-18.6000,1.7403,18.0900,25461.0347,-21.6000,1.9659,18.3500,24298.2257,0,154098.0000,238704.0000
2020-10-01,2020,10,Valle del Cauca,11,Informatica y telecomunicaciones,0,132.5816,-18.6000,1.7403,18.0900,25461.0347,-21.6000,1.9659,18.3500,24298.2257,0,154098.0000,238704.0000
2020-10-01,2020,10,Valle del Cauca,12,Sonido y video,0,110.0132,-18.6000,1.7403,18.0900,25461.0347,-21.6000,1.9659,18.3500,24298.2257,0,154098.0000,238704.0000
2020-10-01,2020,10,Valle del Cauca,14,"Ferreteria, vidrios y pinturas",0,97.5276,-18.6000,1.7403,18.0900,25461.0347,-21.6000,1.9659,18.3500,24298.2257,0,154098.0000,238704.0000
2020-10-01,2020,10,Valle del Cauca,15,Otras mercancias de uso domestico,0,97.4005,-18.6000,1.7403,18.0900,25461.0347,-21.6000,1.9659,18.3500,24298.2257,0,154098.0000,238704.0000
2020-10-01,2020,10,Otros departamentos,4,Prendas de vestir y textiles,0,72.1708,-18.6000,1.7403,18.0900,25461.0347,-21.6000,1.9659,18.3500,24298.2257,0,503672.0000,693446.0000
2020-10-01,2020,10,Otros departamentos,8,Electrodomesticos y muebles,1,117.0836,-18.6000,1.7403,18.0900,25461.0347,-21.6000,1.9659,18.3500,24298.2257,0,503672.0000,693446.0000
2020-10-01,2020,10,Otros departamentos,9,Articulos y utensilios domesticos,0,109.7662,-18.6000,1.7403,18.0900,25461.0347,-21.6000,1.9659,18.3500,24298.2257,0,503672.0000,693446.0000
2020-10-01,2020,10,Otros departamentos,10,Aseo del hogar,0,140.5799,-18.6000,1.7403,18.0900,25461.0347,-21.6000,1.9659,18.3500,24298.2257,0,503672.0000,693446.0000
2020-10-01,2020,10,Otros departamentos,11,Informatica y telecomunicaciones,0,116.7239,-18.6000,1.7403,18.0900,25461.0347,-21.6000,1.9659,18.3500,24298.2257,0,503672.0000,693446.0000
2020-10-01,2020,10,Otros departamentos,12,Sonido y video,0,113.5994,-18.6000,1.7403,18.0900,25461.0347,-21.6000,1.9659,18.3500,24298.2257,0,503672.0000,693446.0000
2020-10-01,2020,10,Otros departamentos,14,"Ferreteria, vidrios y pinturas",0,126.4091,-18.6000,1.7403,18.0900,25461.0347,-21.6000,1.9659,18.3500,24298.2257,0,503672.0000,693446.0000
2020-10-01,2020,10,Otros departamentos,15,Otras mercancias de uso domestico,0,94.5731,-18.6000,1.7403,18.0900,25461.0347,-21.6000,1.9659,18.3500,24298.2257,0,503672.0000,693446.0000
2020-11-01,2020,11,Antioquia,4,Prendas de vestir y textiles,0,131.7543,-13.6000,1.4873,17.8400,28967.3042,-18.6000,1.7403,18.0900,25461.0347,0,184990.0000,254552.0000
2020-11-01,2020,11,Antioquia,8,Electrodomesticos y muebles,1,173.6450,-13.6000,1.4873,17.8400,28967.3042,-18.6000,1.7403,18.0900,25461.0347,0,184990.0000,254552.0000
2020-11-01,2020,11,Antioquia,9,Articulos y utensilios domesticos,0,112.8236,-13.6000,1.4873,17.8400,28967.3042,-18.6000,1.7403,18.0900,25461.0347,0,184990.0000,254552.0000
2020-11-01,2020,11,Antioquia,10,Aseo del hogar,0,130.3783,-13.6000,1.4873,17.8400,28967.3042,-18.6000,1.7403,18.0900,25461.0347,0,184990.0000,254552.0000
2020-11-01,2020,11,Antioquia,11,Informatica y telecomunicaciones,0,153.8058,-13.6000,1.4873,17.8400,28967.3042,-18.6000,1.7403,18.0900,25461.0347,0,184990.0000,254552.0000
2020-11-01,2020,11,Antioquia,12,Sonido y video,0,228.4000,-13.6000,1.4873,17.8400,28967.3042,-18.6000,1.7403,18.0900,25461.0347,0,184990.0000,254552.0000
2020-11-01,2020,11,Antioquia,14,"Ferreteria, vidrios y pinturas",0,98.8172,-13.6000,1.4873,17.8400,28967.3042,-18.6000,1.7403,18.0900,25461.0347,0,184990.0000,254552.0000
2020-11-01,2020,11,Antioquia,15,Otras mercancias de uso domestico,0,126.8942,-13.6000,1.4873,17.8400,28967.3042,-18.6000,1.7403,18.0900,25461.0347,0,184990.0000,254552.0000
2020-11-01,2020,11,Atlantico,4,Prendas de vestir y textiles,0,118.1719,-13.6000,1.4873,17.8400,28967.3042,-18.6000,1.7403,18.0900,25461.0347,0,48620.0000,127397.0000
2020-11-01,2020,11,Atlantico,8,Electrodomesticos y muebles,1,208.2670,-13.6000,1.4873,17.8400,28967.3042,-18.6000,1.7403,18.0900,25461.0347,0,48620.0000,127397.0000
2020-11-01,2020,11,Atlantico,9,Articulos y utensilios domesticos,0,127.0485,-13.6000,1.4873,17.8400,28967.3042,-18.6000,1.7403,18.0900,25461.0347,0,48620.0000,127397.0000
2020-11-01,2020,11,Atlantico,10,Aseo del hogar,0,163.3246,-13.6000,1.4873,17.8400,28967.3042,-18.6000,1.7403,18.0900,25461.0347,0,48620.0000,127397.0000
2020-11-01,2020,11,Atlantico,11,Informatica y telecomunicaciones,0,188.3362,-13.6000,1.4873,17.8400,28967.3042,-18.6000,1.7403,18.0900,25461.0347,0,48620.0000,127397.0000
2020-11-01,2020,11,Atlantico,12,Sonido y video,0,217.5135,-13.6000,1.4873,17.8400,28967.3042,-18.6000,1.7403,18.0900,25461.0347,0,48620.0000,127397.0000
2020-11-01,2020,11,Atlantico,14,"Ferreteria, vidrios y pinturas",0,144.1662,-13.6000,1.4873,17.8400,28967.3042,-18.6000,1.7403,18.0900,25461.0347,0,48620.0000,127397.0000
2020-11-01,2020,11,Atlantico,15,Otras mercancias de uso domestico,0,132.9999,-13.6000,1.4873,17.8400,28967.3042,-18.6000,1.7403,18.0900,25461.0347,0,48620.0000,127397.0000
2020-11-01,2020,11,Bogota,4,Prendas de vestir y textiles,0,155.4328,-13.6000,1.4873,17.8400,28967.3042,-18.6000,1.7403,18.0900,25461.0347,0,197129.0000,243449.0000
2020-11-01,2020,11,Bogota,8,Electrodomesticos y muebles,1,153.2589,-13.6000,1.4873,17.8400,28967.3042,-18.6000,1.7403,18.0900,25461.0347,0,197129.0000,243449.0000
2020-11-01,2020,11,Bogota,9,Articulos y utensilios domesticos,0,155.3261,-13.6000,1.4873,17.8400,28967.3042,-18.6000,1.7403,18.0900,25461.0347,0,197129.0000,243449.0000
2020-11-01,2020,11,Bogota,10,Aseo del hogar,0,154.0797,-13.6000,1.4873,17.8400,28967.3042,-18.6000,1.7403,18.0900,25461.0347,0,197129.0000,243449.0000
2020-11-01,2020,11,Bogota,11,Informatica y telecomunicaciones,0,220.9993,-13.6000,1.4873,17.8400,28967.3042,-18.6000,1.7403,18.0900,25461.0347,0,197129.0000,243449.0000
2020-11-01,2020,11,Bogota,12,Sonido y video,0,268.0493,-13.6000,1.4873,17.8400,28967.3042,-18.6000,1.7403,18.0900,25461.0347,0,197129.0000,243449.0000
2020-11-01,2020,11,Bogota,14,"Ferreteria, vidrios y pinturas",0,152.4455,-13.6000,1.4873,17.8400,28967.3042,-18.6000,1.7403,18.0900,25461.0347,0,197129.0000,243449.0000
2020-11-01,2020,11,Bogota,15,Otras mercancias de uso domestico,0,112.6526,-13.6000,1.4873,17.8400,28967.3042,-18.6000,1.7403,18.0900,25461.0347,0,197129.0000,243449.0000
2020-11-01,2020,11,Cundinamarca,4,Prendas de vestir y textiles,0,112.3904,-13.6000,1.4873,17.8400,28967.3042,-18.6000,1.7403,18.0900,25461.0347,0,216238.0000,64615.0000
2020-11-01,2020,11,Cundinamarca,8,Electrodomesticos y muebles,1,172.5253,-13.6000,1.4873,17.8400,28967.3042,-18.6000,1.7403,18.0900,25461.0347,0,216238.0000,64615.0000
2020-11-01,2020,11,Cundinamarca,9,Articulos y utensilios domesticos,0,183.4494,-13.6000,1.4873,17.8400,28967.3042,-18.6000,1.7403,18.0900,25461.0347,0,216238.0000,64615.0000
2020-11-01,2020,11,Cundinamarca,10,Aseo del hogar,0,120.1723,-13.6000,1.4873,17.8400,28967.3042,-18.6000,1.7403,18.0900,25461.0347,0,216238.0000,64615.0000
2020-11-01,2020,11,Cundinamarca,11,Informatica y telecomunicaciones,0,188.7186,-13.6000,1.4873,17.8400,28967.3042,-18.6000,1.7403,18.0900,25461.0347,0,216238.0000,64615.0000
2020-11-01,2020,11,Cundinamarca,12,Sonido y video,0,183.7305,-13.6000,1.4873,17.8400,28967.3042,-18.6000,1.7403,18.0900,25461.0347,0,216238.0000,64615.0000
2020-11-01,2020,11,Cundinamarca,14,"Ferreteria, vidrios y pinturas",0,135.2289,-13.6000,1.4873,17.8400,28967.3042,-18.6000,1.7403,18.0900,25461.0347,0,216238.0000,64615.0000
2020-11-01,2020,11,Cundinamarca,15,Otras mercancias de uso domestico,0,128.0513,-13.6000,1.4873,17.8400,28967.3042,-18.6000,1.7403,18.0900,25461.0347,0,216238.0000,64615.0000
2020-11-01,2020,11,Santander,4,Prendas de vestir y textiles,0,119.6910,-13.6000,1.4873,17.8400,28967.3042,-18.6000,1.7403,18.0900,25461.0347,0,37435.0000,47667.0000
2020-11-01,2020,11,Santander,8,Electrodomesticos y muebles,1,209.1232,-13.6000,1.4873,17.8400,28967.3042,-18.6000,1.7403,18.0900,25461.0347,0,37435.0000,47667.0000
2020-11-01,2020,11,Santander,9,Articulos y utensilios domesticos,0,144.2661,-13.6000,1.4873,17.8400,28967.3042,-18.6000,1.7403,18.0900,25461.0347,0,37435.0000,47667.0000
2020-11-01,2020,11,Santander,10,Aseo del hogar,0,103.0419,-13.6000,1.4873,17.8400,28967.3042,-18.6000,1.7403,18.0900,25461.0347,0,37435.0000,47667.0000
2020-11-01,2020,11,Santander,11,Informatica y telecomunicaciones,0,169.6581,-13.6000,1.4873,17.8400,28967.3042,-18.6000,1.7403,18.0900,25461.0347,0,37435.0000,47667.0000
2020-11-01,2020,11,Santander,12,Sonido y video,0,219.7641,-13.6000,1.4873,17.8400,28967.3042,-18.6000,1.7403,18.0900,25461.0347,0,37435.0000,47667.0000
2020-11-01,2020,11,Santander,14,"Ferreteria, vidrios y pinturas",0,109.7072,-13.6000,1.4873,17.8400,28967.3042,-18.6000,1.7403,18.0900,25461.0347,0,37435.0000,47667.0000
2020-11-01,2020,11,Santander,15,Otras mercancias de uso domestico,0,101.4806,-13.6000,1.4873,17.8400,28967.3042,-18.6000,1.7403,18.0900,25461.0347,0,37435.0000,47667.0000
2020-11-01,2020,11,Valle del Cauca,4,Prendas de vestir y textiles,0,112.0102,-13.6000,1.4873,17.8400,28967.3042,-18.6000,1.7403,18.0900,25461.0347,0,110826.0000,154098.0000
2020-11-01,2020,11,Valle del Cauca,8,Electrodomesticos y muebles,1,151.5662,-13.6000,1.4873,17.8400,28967.3042,-18.6000,1.7403,18.0900,25461.0347,0,110826.0000,154098.0000
2020-11-01,2020,11,Valle del Cauca,9,Articulos y utensilios domesticos,0,97.3170,-13.6000,1.4873,17.8400,28967.3042,-18.6000,1.7403,18.0900,25461.0347,0,110826.0000,154098.0000
2020-11-01,2020,11,Valle del Cauca,10,Aseo del hogar,0,102.2504,-13.6000,1.4873,17.8400,28967.3042,-18.6000,1.7403,18.0900,25461.0347,0,110826.0000,154098.0000
2020-11-01,2020,11,Valle del Cauca,11,Informatica y telecomunicaciones,0,166.6225,-13.6000,1.4873,17.8400,28967.3042,-18.6000,1.7403,18.0900,25461.0347,0,110826.0000,154098.0000
2020-11-01,2020,11,Valle del Cauca,12,Sonido y video,0,167.9875,-13.6000,1.4873,17.8400,28967.3042,-18.6000,1.7403,18.0900,25461.0347,0,110826.0000,154098.0000
2020-11-01,2020,11,Valle del Cauca,14,"Ferreteria, vidrios y pinturas",0,100.3520,-13.6000,1.4873,17.8400,28967.3042,-18.6000,1.7403,18.0900,25461.0347,0,110826.0000,154098.0000
2020-11-01,2020,11,Valle del Cauca,15,Otras mercancias de uso domestico,0,128.0447,-13.6000,1.4873,17.8400,28967.3042,-18.6000,1.7403,18.0900,25461.0347,0,110826.0000,154098.0000
2020-11-01,2020,11,Otros departamentos,4,Prendas de vestir y textiles,0,104.6266,-13.6000,1.4873,17.8400,28967.3042,-18.6000,1.7403,18.0900,25461.0347,0,638086.0000,503672.0000
2020-11-01,2020,11,Otros departamentos,8,Electrodomesticos y muebles,1,158.7890,-13.6000,1.4873,17.8400,28967.3042,-18.6000,1.7403,18.0900,25461.0347,0,638086.0000,503672.0000
2020-11-01,2020,11,Otros departamentos,9,Articulos y utensilios domesticos,0,131.2736,-13.6000,1.4873,17.8400,28967.3042,-18.6000,1.7403,18.0900,25461.0347,0,638086.0000,503672.0000
2020-11-01,2020,11,Otros departamentos,10,Aseo del hogar,0,125.9975,-13.6000,1.4873,17.8400,28967.3042,-18.6000,1.7403,18.0900,25461.0347,0,638086.0000,503672.0000
2020-11-01,2020,11,Otros departamentos,11,Informatica y telecomunicaciones,0,182.6031,-13.6000,1.4873,17.8400,28967.3042,-18.6000,1.7403,18.0900,25461.0347,0,638086.0000,503672.0000
2020-11-01,2020,11,Otros departamentos,12,Sonido y video,0,196.3613,-13.6000,1.4873,17.8400,28967.3042,-18.6000,1.7403,18.0900,25461.0347,0,638086.0000,503672.0000
2020-11-01,2020,11,Otros departamentos,14,"Ferreteria, vidrios y pinturas",0,126.1203,-13.6000,1.4873,17.8400,28967.3042,-18.6000,1.7403,18.0900,25461.0347,0,638086.0000,503672.0000
2020-11-01,2020,11,Otros departamentos,15,Otras mercancias de uso domestico,0,142.3667,-13.6000,1.4873,17.8400,28967.3042,-18.6000,1.7403,18.0900,25461.0347,0,638086.0000,503672.0000
2020-12-01,2020,12,Antioquia,4,Prendas de vestir y textiles,0,243.4244,-10.4000,1.6185,17.4600,28195.8461,-13.6000,1.4873,17.8400,28967.3042,0,387205.0000,184990.0000
2020-12-01,2020,12,Antioquia,8,Electrodomesticos y muebles,1,114.7612,-10.4000,1.6185,17.4600,28195.8461,-13.6000,1.4873,17.8400,28967.3042,0,387205.0000,184990.0000
2020-12-01,2020,12,Antioquia,9,Articulos y utensilios domesticos,0,121.2134,-10.4000,1.6185,17.4600,28195.8461,-13.6000,1.4873,17.8400,28967.3042,0,387205.0000,184990.0000
2020-12-01,2020,12,Antioquia,10,Aseo del hogar,0,131.2936,-10.4000,1.6185,17.4600,28195.8461,-13.6000,1.4873,17.8400,28967.3042,0,387205.0000,184990.0000
2020-12-01,2020,12,Antioquia,11,Informatica y telecomunicaciones,0,148.0196,-10.4000,1.6185,17.4600,28195.8461,-13.6000,1.4873,17.8400,28967.3042,0,387205.0000,184990.0000
2020-12-01,2020,12,Antioquia,12,Sonido y video,0,115.3024,-10.4000,1.6185,17.4600,28195.8461,-13.6000,1.4873,17.8400,28967.3042,0,387205.0000,184990.0000
2020-12-01,2020,12,Antioquia,14,"Ferreteria, vidrios y pinturas",0,88.2441,-10.4000,1.6185,17.4600,28195.8461,-13.6000,1.4873,17.8400,28967.3042,0,387205.0000,184990.0000
2020-12-01,2020,12,Antioquia,15,Otras mercancias de uso domestico,0,145.2385,-10.4000,1.6185,17.4600,28195.8461,-13.6000,1.4873,17.8400,28967.3042,0,387205.0000,184990.0000
2020-12-01,2020,12,Atlantico,4,Prendas de vestir y textiles,0,240.9357,-10.4000,1.6185,17.4600,28195.8461,-13.6000,1.4873,17.8400,28967.3042,0,97155.0000,48620.0000
2020-12-01,2020,12,Atlantico,8,Electrodomesticos y muebles,1,158.0189,-10.4000,1.6185,17.4600,28195.8461,-13.6000,1.4873,17.8400,28967.3042,0,97155.0000,48620.0000
2020-12-01,2020,12,Atlantico,9,Articulos y utensilios domesticos,0,143.3265,-10.4000,1.6185,17.4600,28195.8461,-13.6000,1.4873,17.8400,28967.3042,0,97155.0000,48620.0000
2020-12-01,2020,12,Atlantico,10,Aseo del hogar,0,177.6535,-10.4000,1.6185,17.4600,28195.8461,-13.6000,1.4873,17.8400,28967.3042,0,97155.0000,48620.0000
2020-12-01,2020,12,Atlantico,11,Informatica y telecomunicaciones,0,170.1021,-10.4000,1.6185,17.4600,28195.8461,-13.6000,1.4873,17.8400,28967.3042,0,97155.0000,48620.0000
2020-12-01,2020,12,Atlantico,12,Sonido y video,0,128.3670,-10.4000,1.6185,17.4600,28195.8461,-13.6000,1.4873,17.8400,28967.3042,0,97155.0000,48620.0000
2020-12-01,2020,12,Atlantico,14,"Ferreteria, vidrios y pinturas",0,141.5265,-10.4000,1.6185,17.4600,28195.8461,-13.6000,1.4873,17.8400,28967.3042,0,97155.0000,48620.0000
2020-12-01,2020,12,Atlantico,15,Otras mercancias de uso domestico,0,167.9049,-10.4000,1.6185,17.4600,28195.8461,-13.6000,1.4873,17.8400,28967.3042,0,97155.0000,48620.0000
2020-12-01,2020,12,Bogota,4,Prendas de vestir y textiles,0,242.1486,-10.4000,1.6185,17.4600,28195.8461,-13.6000,1.4873,17.8400,28967.3042,0,217645.0000,197129.0000
2020-12-01,2020,12,Bogota,8,Electrodomesticos y muebles,1,117.3503,-10.4000,1.6185,17.4600,28195.8461,-13.6000,1.4873,17.8400,28967.3042,0,217645.0000,197129.0000
2020-12-01,2020,12,Bogota,9,Articulos y utensilios domesticos,0,166.2143,-10.4000,1.6185,17.4600,28195.8461,-13.6000,1.4873,17.8400,28967.3042,0,217645.0000,197129.0000
2020-12-01,2020,12,Bogota,10,Aseo del hogar,0,156.7688,-10.4000,1.6185,17.4600,28195.8461,-13.6000,1.4873,17.8400,28967.3042,0,217645.0000,197129.0000
2020-12-01,2020,12,Bogota,11,Informatica y telecomunicaciones,0,176.4766,-10.4000,1.6185,17.4600,28195.8461,-13.6000,1.4873,17.8400,28967.3042,0,217645.0000,197129.0000
2020-12-01,2020,12,Bogota,12,Sonido y video,0,153.5279,-10.4000,1.6185,17.4600,28195.8461,-13.6000,1.4873,17.8400,28967.3042,0,217645.0000,197129.0000
2020-12-01,2020,12,Bogota,14,"Ferreteria, vidrios y pinturas",0,126.7437,-10.4000,1.6185,17.4600,28195.8461,-13.6000,1.4873,17.8400,28967.3042,0,217645.0000,197129.0000
2020-12-01,2020,12,Bogota,15,Otras mercancias de uso domestico,0,119.4347,-10.4000,1.6185,17.4600,28195.8461,-13.6000,1.4873,17.8400,28967.3042,0,217645.0000,197129.0000
2020-12-01,2020,12,Cundinamarca,4,Prendas de vestir y textiles,0,228.3015,-10.4000,1.6185,17.4600,28195.8461,-13.6000,1.4873,17.8400,28967.3042,0,327065.0000,216238.0000
2020-12-01,2020,12,Cundinamarca,8,Electrodomesticos y muebles,1,138.9517,-10.4000,1.6185,17.4600,28195.8461,-13.6000,1.4873,17.8400,28967.3042,0,327065.0000,216238.0000
2020-12-01,2020,12,Cundinamarca,9,Articulos y utensilios domesticos,0,206.2310,-10.4000,1.6185,17.4600,28195.8461,-13.6000,1.4873,17.8400,28967.3042,0,327065.0000,216238.0000
2020-12-01,2020,12,Cundinamarca,10,Aseo del hogar,0,160.7021,-10.4000,1.6185,17.4600,28195.8461,-13.6000,1.4873,17.8400,28967.3042,0,327065.0000,216238.0000
2020-12-01,2020,12,Cundinamarca,11,Informatica y telecomunicaciones,0,163.7645,-10.4000,1.6185,17.4600,28195.8461,-13.6000,1.4873,17.8400,28967.3042,0,327065.0000,216238.0000
2020-12-01,2020,12,Cundinamarca,12,Sonido y video,0,137.3466,-10.4000,1.6185,17.4600,28195.8461,-13.6000,1.4873,17.8400,28967.3042,0,327065.0000,216238.0000
2020-12-01,2020,12,Cundinamarca,14,"Ferreteria, vidrios y pinturas",0,134.5906,-10.4000,1.6185,17.4600,28195.8461,-13.6000,1.4873,17.8400,28967.3042,0,327065.0000,216238.0000
2020-12-01,2020,12,Cundinamarca,15,Otras mercancias de uso domestico,0,176.0773,-10.4000,1.6185,17.4600,28195.8461,-13.6000,1.4873,17.8400,28967.3042,0,327065.0000,216238.0000
2020-12-01,2020,12,Santander,4,Prendas de vestir y textiles,0,197.4646,-10.4000,1.6185,17.4600,28195.8461,-13.6000,1.4873,17.8400,28967.3042,0,69251.0000,37435.0000
2020-12-01,2020,12,Santander,8,Electrodomesticos y muebles,1,146.0852,-10.4000,1.6185,17.4600,28195.8461,-13.6000,1.4873,17.8400,28967.3042,0,69251.0000,37435.0000
2020-12-01,2020,12,Santander,9,Articulos y utensilios domesticos,0,133.4748,-10.4000,1.6185,17.4600,28195.8461,-13.6000,1.4873,17.8400,28967.3042,0,69251.0000,37435.0000
2020-12-01,2020,12,Santander,10,Aseo del hogar,0,124.2560,-10.4000,1.6185,17.4600,28195.8461,-13.6000,1.4873,17.8400,28967.3042,0,69251.0000,37435.0000
2020-12-01,2020,12,Santander,11,Informatica y telecomunicaciones,0,136.3737,-10.4000,1.6185,17.4600,28195.8461,-13.6000,1.4873,17.8400,28967.3042,0,69251.0000,37435.0000
2020-12-01,2020,12,Santander,12,Sonido y video,0,137.6914,-10.4000,1.6185,17.4600,28195.8461,-13.6000,1.4873,17.8400,28967.3042,0,69251.0000,37435.0000
2020-12-01,2020,12,Santander,14,"Ferreteria, vidrios y pinturas",0,109.8569,-10.4000,1.6185,17.4600,28195.8461,-13.6000,1.4873,17.8400,28967.3042,0,69251.0000,37435.0000
2020-12-01,2020,12,Santander,15,Otras mercancias de uso domestico,0,139.7495,-10.4000,1.6185,17.4600,28195.8461,-13.6000,1.4873,17.8400,28967.3042,0,69251.0000,37435.0000
2020-12-01,2020,12,Valle del Cauca,4,Prendas de vestir y textiles,0,193.0895,-10.4000,1.6185,17.4600,28195.8461,-13.6000,1.4873,17.8400,28967.3042,0,247367.0000,110826.0000
2020-12-01,2020,12,Valle del Cauca,8,Electrodomesticos y muebles,1,109.1239,-10.4000,1.6185,17.4600,28195.8461,-13.6000,1.4873,17.8400,28967.3042,0,247367.0000,110826.0000
2020-12-01,2020,12,Valle del Cauca,9,Articulos y utensilios domesticos,0,111.4952,-10.4000,1.6185,17.4600,28195.8461,-13.6000,1.4873,17.8400,28967.3042,0,247367.0000,110826.0000
2020-12-01,2020,12,Valle del Cauca,10,Aseo del hogar,0,109.1722,-10.4000,1.6185,17.4600,28195.8461,-13.6000,1.4873,17.8400,28967.3042,0,247367.0000,110826.0000
2020-12-01,2020,12,Valle del Cauca,11,Informatica y telecomunicaciones,0,159.7090,-10.4000,1.6185,17.4600,28195.8461,-13.6000,1.4873,17.8400,28967.3042,0,247367.0000,110826.0000
2020-12-01,2020,12,Valle del Cauca,12,Sonido y video,0,119.1549,-10.4000,1.6185,17.4600,28195.8461,-13.6000,1.4873,17.8400,28967.3042,0,247367.0000,110826.0000
2020-12-01,2020,12,Valle del Cauca,14,"Ferreteria, vidrios y pinturas",0,109.6043,-10.4000,1.6185,17.4600,28195.8461,-13.6000,1.4873,17.8400,28967.3042,0,247367.0000,110826.0000
2020-12-01,2020,12,Valle del Cauca,15,Otras mercancias de uso domestico,0,140.9989,-10.4000,1.6185,17.4600,28195.8461,-13.6000,1.4873,17.8400,28967.3042,0,247367.0000,110826.0000
2020-12-01,2020,12,Otros departamentos,4,Prendas de vestir y textiles,0,194.7584,-10.4000,1.6185,17.4600,28195.8461,-13.6000,1.4873,17.8400,28967.3042,0,896533.0000,638086.0000
2020-12-01,2020,12,Otros departamentos,8,Electrodomesticos y muebles,1,130.8010,-10.4000,1.6185,17.4600,28195.8461,-13.6000,1.4873,17.8400,28967.3042,0,896533.0000,638086.0000
2020-12-01,2020,12,Otros departamentos,9,Articulos y utensilios domesticos,0,141.1866,-10.4000,1.6185,17.4600,28195.8461,-13.6000,1.4873,17.8400,28967.3042,0,896533.0000,638086.0000
2020-12-01,2020,12,Otros departamentos,10,Aseo del hogar,0,140.0004,-10.4000,1.6185,17.4600,28195.8461,-13.6000,1.4873,17.8400,28967.3042,0,896533.0000,638086.0000
2020-12-01,2020,12,Otros departamentos,11,Informatica y telecomunicaciones,0,191.1739,-10.4000,1.6185,17.4600,28195.8461,-13.6000,1.4873,17.8400,28967.3042,0,896533.0000,638086.0000
2020-12-01,2020,12,Otros departamentos,12,Sonido y video,0,137.1194,-10.4000,1.6185,17.4600,28195.8461,-13.6000,1.4873,17.8400,28967.3042,0,896533.0000,638086.0000
2020-12-01,2020,12,Otros departamentos,14,"Ferreteria, vidrios y pinturas",0,111.0005,-10.4000,1.6185,17.4600,28195.8461,-13.6000,1.4873,17.8400,28967.3042,0,896533.0000,638086.0000
2020-12-01,2020,12,Otros departamentos,15,Otras mercancias de uso domestico,0,194.0455,-10.4000,1.6185,17.4600,28195.8461,-13.6000,1.4873,17.8400,28967.3042,0,896533.0000,638086.0000
2021-01-01,2021,1,Antioquia,4,Prendas de vestir y textiles,0,64.2566,-20.8000,1.6021,17.3200,24386.7469,-10.4000,1.6185,17.4600,28195.8461,0,233458.0000,387205.0000
2021-01-01,2021,1,Antioquia,8,Electrodomesticos y muebles,1,93.6218,-20.8000,1.6021,17.3200,24386.7469,-10.4000,1.6185,17.4600,28195.8461,0,233458.0000,387205.0000
2021-01-01,2021,1,Antioquia,9,Articulos y utensilios domesticos,0,87.5620,-20.8000,1.6021,17.3200,24386.7469,-10.4000,1.6185,17.4600,28195.8461,0,233458.0000,387205.0000
2021-01-01,2021,1,Antioquia,10,Aseo del hogar,0,162.6249,-20.8000,1.6021,17.3200,24386.7469,-10.4000,1.6185,17.4600,28195.8461,0,233458.0000,387205.0000
2021-01-01,2021,1,Antioquia,11,Informatica y telecomunicaciones,0,151.5808,-20.8000,1.6021,17.3200,24386.7469,-10.4000,1.6185,17.4600,28195.8461,0,233458.0000,387205.0000
2021-01-01,2021,1,Antioquia,12,Sonido y video,0,77.7049,-20.8000,1.6021,17.3200,24386.7469,-10.4000,1.6185,17.4600,28195.8461,0,233458.0000,387205.0000
2021-01-01,2021,1,Antioquia,14,"Ferreteria, vidrios y pinturas",0,97.6430,-20.8000,1.6021,17.3200,24386.7469,-10.4000,1.6185,17.4600,28195.8461,0,233458.0000,387205.0000
2021-01-01,2021,1,Antioquia,15,Otras mercancias de uso domestico,0,87.6337,-20.8000,1.6021,17.3200,24386.7469,-10.4000,1.6185,17.4600,28195.8461,0,233458.0000,387205.0000
2021-01-01,2021,1,Atlantico,4,Prendas de vestir y textiles,0,70.8275,-20.8000,1.6021,17.3200,24386.7469,-10.4000,1.6185,17.4600,28195.8461,0,69849.0000,97155.0000
2021-01-01,2021,1,Atlantico,8,Electrodomesticos y muebles,1,139.0626,-20.8000,1.6021,17.3200,24386.7469,-10.4000,1.6185,17.4600,28195.8461,0,69849.0000,97155.0000
2021-01-01,2021,1,Atlantico,9,Articulos y utensilios domesticos,0,118.0515,-20.8000,1.6021,17.3200,24386.7469,-10.4000,1.6185,17.4600,28195.8461,0,69849.0000,97155.0000
2021-01-01,2021,1,Atlantico,10,Aseo del hogar,0,190.6500,-20.8000,1.6021,17.3200,24386.7469,-10.4000,1.6185,17.4600,28195.8461,0,69849.0000,97155.0000
2021-01-01,2021,1,Atlantico,11,Informatica y telecomunicaciones,0,133.4016,-20.8000,1.6021,17.3200,24386.7469,-10.4000,1.6185,17.4600,28195.8461,0,69849.0000,97155.0000
2021-01-01,2021,1,Atlantico,12,Sonido y video,0,85.1312,-20.8000,1.6021,17.3200,24386.7469,-10.4000,1.6185,17.4600,28195.8461,0,69849.0000,97155.0000
2021-01-01,2021,1,Atlantico,14,"Ferreteria, vidrios y pinturas",0,139.0691,-20.8000,1.6021,17.3200,24386.7469,-10.4000,1.6185,17.4600,28195.8461,0,69849.0000,97155.0000
2021-01-01,2021,1,Atlantico,15,Otras mercancias de uso domestico,0,87.1756,-20.8000,1.6021,17.3200,24386.7469,-10.4000,1.6185,17.4600,28195.8461,0,69849.0000,97155.0000
2021-01-01,2021,1,Bogota,4,Prendas de vestir y textiles,0,45.5183,-20.8000,1.6021,17.3200,24386.7469,-10.4000,1.6185,17.4600,28195.8461,0,131799.0000,217645.0000
2021-01-01,2021,1,Bogota,8,Electrodomesticos y muebles,1,82.8545,-20.8000,1.6021,17.3200,24386.7469,-10.4000,1.6185,17.4600,28195.8461,0,131799.0000,217645.0000
2021-01-01,2021,1,Bogota,9,Articulos y utensilios domesticos,0,79.9702,-20.8000,1.6021,17.3200,24386.7469,-10.4000,1.6185,17.4600,28195.8461,0,131799.0000,217645.0000
2021-01-01,2021,1,Bogota,10,Aseo del hogar,0,100.2091,-20.8000,1.6021,17.3200,24386.7469,-10.4000,1.6185,17.4600,28195.8461,0,131799.0000,217645.0000
2021-01-01,2021,1,Bogota,11,Informatica y telecomunicaciones,0,116.4287,-20.8000,1.6021,17.3200,24386.7469,-10.4000,1.6185,17.4600,28195.8461,0,131799.0000,217645.0000
2021-01-01,2021,1,Bogota,12,Sonido y video,0,58.7867,-20.8000,1.6021,17.3200,24386.7469,-10.4000,1.6185,17.4600,28195.8461,0,131799.0000,217645.0000
2021-01-01,2021,1,Bogota,14,"Ferreteria, vidrios y pinturas",0,78.5986,-20.8000,1.6021,17.3200,24386.7469,-10.4000,1.6185,17.4600,28195.8461,0,131799.0000,217645.0000
2021-01-01,2021,1,Bogota,15,Otras mercancias de uso domestico,0,47.7945,-20.8000,1.6021,17.3200,24386.7469,-10.4000,1.6185,17.4600,28195.8461,0,131799.0000,217645.0000
2021-01-01,2021,1,Cundinamarca,4,Prendas de vestir y textiles,0,73.0196,-20.8000,1.6021,17.3200,24386.7469,-10.4000,1.6185,17.4600,28195.8461,0,70138.0000,327065.0000
2021-01-01,2021,1,Cundinamarca,8,Electrodomesticos y muebles,1,134.3189,-20.8000,1.6021,17.3200,24386.7469,-10.4000,1.6185,17.4600,28195.8461,0,70138.0000,327065.0000
2021-01-01,2021,1,Cundinamarca,9,Articulos y utensilios domesticos,0,133.7800,-20.8000,1.6021,17.3200,24386.7469,-10.4000,1.6185,17.4600,28195.8461,0,70138.0000,327065.0000
2021-01-01,2021,1,Cundinamarca,10,Aseo del hogar,0,145.3217,-20.8000,1.6021,17.3200,24386.7469,-10.4000,1.6185,17.4600,28195.8461,0,70138.0000,327065.0000
2021-01-01,2021,1,Cundinamarca,11,Informatica y telecomunicaciones,0,134.2312,-20.8000,1.6021,17.3200,24386.7469,-10.4000,1.6185,17.4600,28195.8461,0,70138.0000,327065.0000
2021-01-01,2021,1,Cundinamarca,12,Sonido y video,0,86.1311,-20.8000,1.6021,17.3200,24386.7469,-10.4000,1.6185,17.4600,28195.8461,0,70138.0000,327065.0000
2021-01-01,2021,1,Cundinamarca,14,"Ferreteria, vidrios y pinturas",0,116.8253,-20.8000,1.6021,17.3200,24386.7469,-10.4000,1.6185,17.4600,28195.8461,0,70138.0000,327065.0000
2021-01-01,2021,1,Cundinamarca,15,Otras mercancias de uso domestico,0,91.5774,-20.8000,1.6021,17.3200,24386.7469,-10.4000,1.6185,17.4600,28195.8461,0,70138.0000,327065.0000
2021-01-01,2021,1,Santander,4,Prendas de vestir y textiles,0,54.0298,-20.8000,1.6021,17.3200,24386.7469,-10.4000,1.6185,17.4600,28195.8461,0,70734.0000,69251.0000
2021-01-01,2021,1,Santander,8,Electrodomesticos y muebles,1,123.6033,-20.8000,1.6021,17.3200,24386.7469,-10.4000,1.6185,17.4600,28195.8461,0,70734.0000,69251.0000
2021-01-01,2021,1,Santander,9,Articulos y utensilios domesticos,0,94.8661,-20.8000,1.6021,17.3200,24386.7469,-10.4000,1.6185,17.4600,28195.8461,0,70734.0000,69251.0000
2021-01-01,2021,1,Santander,10,Aseo del hogar,0,133.0564,-20.8000,1.6021,17.3200,24386.7469,-10.4000,1.6185,17.4600,28195.8461,0,70734.0000,69251.0000
2021-01-01,2021,1,Santander,11,Informatica y telecomunicaciones,0,101.4761,-20.8000,1.6021,17.3200,24386.7469,-10.4000,1.6185,17.4600,28195.8461,0,70734.0000,69251.0000
2021-01-01,2021,1,Santander,12,Sonido y video,0,95.6137,-20.8000,1.6021,17.3200,24386.7469,-10.4000,1.6185,17.4600,28195.8461,0,70734.0000,69251.0000
2021-01-01,2021,1,Santander,14,"Ferreteria, vidrios y pinturas",0,88.7960,-20.8000,1.6021,17.3200,24386.7469,-10.4000,1.6185,17.4600,28195.8461,0,70734.0000,69251.0000
2021-01-01,2021,1,Santander,15,Otras mercancias de uso domestico,0,72.6030,-20.8000,1.6021,17.3200,24386.7469,-10.4000,1.6185,17.4600,28195.8461,0,70734.0000,69251.0000
2021-01-01,2021,1,Valle del Cauca,4,Prendas de vestir y textiles,0,55.1430,-20.8000,1.6021,17.3200,24386.7469,-10.4000,1.6185,17.4600,28195.8461,0,127856.0000,247367.0000
2021-01-01,2021,1,Valle del Cauca,8,Electrodomesticos y muebles,1,91.5933,-20.8000,1.6021,17.3200,24386.7469,-10.4000,1.6185,17.4600,28195.8461,0,127856.0000,247367.0000
2021-01-01,2021,1,Valle del Cauca,9,Articulos y utensilios domesticos,0,85.3378,-20.8000,1.6021,17.3200,24386.7469,-10.4000,1.6185,17.4600,28195.8461,0,127856.0000,247367.0000
2021-01-01,2021,1,Valle del Cauca,10,Aseo del hogar,0,117.0749,-20.8000,1.6021,17.3200,24386.7469,-10.4000,1.6185,17.4600,28195.8461,0,127856.0000,247367.0000
2021-01-01,2021,1,Valle del Cauca,11,Informatica y telecomunicaciones,0,112.0694,-20.8000,1.6021,17.3200,24386.7469,-10.4000,1.6185,17.4600,28195.8461,0,127856.0000,247367.0000
2021-01-01,2021,1,Valle del Cauca,12,Sonido y video,0,70.1417,-20.8000,1.6021,17.3200,24386.7469,-10.4000,1.6185,17.4600,28195.8461,0,127856.0000,247367.0000
2021-01-01,2021,1,Valle del Cauca,14,"Ferreteria, vidrios y pinturas",0,76.7003,-20.8000,1.6021,17.3200,24386.7469,-10.4000,1.6185,17.4600,28195.8461,0,127856.0000,247367.0000
2021-01-01,2021,1,Valle del Cauca,15,Otras mercancias de uso domestico,0,85.4898,-20.8000,1.6021,17.3200,24386.7469,-10.4000,1.6185,17.4600,28195.8461,0,127856.0000,247367.0000
2021-01-01,2021,1,Otros departamentos,4,Prendas de vestir y textiles,0,59.0653,-20.8000,1.6021,17.3200,24386.7469,-10.4000,1.6185,17.4600,28195.8461,0,581553.0000,896533.0000
2021-01-01,2021,1,Otros departamentos,8,Electrodomesticos y muebles,1,118.5410,-20.8000,1.6021,17.3200,24386.7469,-10.4000,1.6185,17.4600,28195.8461,0,581553.0000,896533.0000
2021-01-01,2021,1,Otros departamentos,9,Articulos y utensilios domesticos,0,85.3574,-20.8000,1.6021,17.3200,24386.7469,-10.4000,1.6185,17.4600,28195.8461,0,581553.0000,896533.0000
2021-01-01,2021,1,Otros departamentos,10,Aseo del hogar,0,130.3294,-20.8000,1.6021,17.3200,24386.7469,-10.4000,1.6185,17.4600,28195.8461,0,581553.0000,896533.0000
2021-01-01,2021,1,Otros departamentos,11,Informatica y telecomunicaciones,0,165.1017,-20.8000,1.6021,17.3200,24386.7469,-10.4000,1.6185,17.4600,28195.8461,0,581553.0000,896533.0000
2021-01-01,2021,1,Otros departamentos,12,Sonido y video,0,116.8490,-20.8000,1.6021,17.3200,24386.7469,-10.4000,1.6185,17.4600,28195.8461,0,581553.0000,896533.0000
2021-01-01,2021,1,Otros departamentos,14,"Ferreteria, vidrios y pinturas",0,108.1220,-20.8000,1.6021,17.3200,24386.7469,-10.4000,1.6185,17.4600,28195.8461,0,581553.0000,896533.0000
2021-01-01,2021,1,Otros departamentos,15,Otras mercancias de uso domestico,0,100.0385,-20.8000,1.6021,17.3200,24386.7469,-10.4000,1.6185,17.4600,28195.8461,0,581553.0000,896533.0000
2021-02-01,2021,2,Antioquia,4,Prendas de vestir y textiles,0,71.1753,-14.6000,1.5628,17.5400,30274.5702,-20.8000,1.6021,17.3200,24386.7469,0,329963.0000,233458.0000
2021-02-01,2021,2,Antioquia,8,Electrodomesticos y muebles,1,90.3062,-14.6000,1.5628,17.5400,30274.5702,-20.8000,1.6021,17.3200,24386.7469,0,329963.0000,233458.0000
2021-02-01,2021,2,Antioquia,9,Articulos y utensilios domesticos,0,112.5104,-14.6000,1.5628,17.5400,30274.5702,-20.8000,1.6021,17.3200,24386.7469,0,329963.0000,233458.0000
2021-02-01,2021,2,Antioquia,10,Aseo del hogar,0,141.5187,-14.6000,1.5628,17.5400,30274.5702,-20.8000,1.6021,17.3200,24386.7469,0,329963.0000,233458.0000
2021-02-01,2021,2,Antioquia,11,Informatica y telecomunicaciones,0,154.4143,-14.6000,1.5628,17.5400,30274.5702,-20.8000,1.6021,17.3200,24386.7469,0,329963.0000,233458.0000
2021-02-01,2021,2,Antioquia,12,Sonido y video,0,79.0839,-14.6000,1.5628,17.5400,30274.5702,-20.8000,1.6021,17.3200,24386.7469,0,329963.0000,233458.0000
2021-02-01,2021,2,Antioquia,14,"Ferreteria, vidrios y pinturas",0,123.9374,-14.6000,1.5628,17.5400,30274.5702,-20.8000,1.6021,17.3200,24386.7469,0,329963.0000,233458.0000
2021-02-01,2021,2,Antioquia,15,Otras mercancias de uso domestico,0,93.1288,-14.6000,1.5628,17.5400,30274.5702,-20.8000,1.6021,17.3200,24386.7469,0,329963.0000,233458.0000
2021-02-01,2021,2,Atlantico,4,Prendas de vestir y textiles,0,67.7049,-14.6000,1.5628,17.5400,30274.5702,-20.8000,1.6021,17.3200,24386.7469,0,76720.0000,69849.0000
2021-02-01,2021,2,Atlantico,8,Electrodomesticos y muebles,1,117.0784,-14.6000,1.5628,17.5400,30274.5702,-20.8000,1.6021,17.3200,24386.7469,0,76720.0000,69849.0000
2021-02-01,2021,2,Atlantico,9,Articulos y utensilios domesticos,0,101.2347,-14.6000,1.5628,17.5400,30274.5702,-20.8000,1.6021,17.3200,24386.7469,0,76720.0000,69849.0000
2021-02-01,2021,2,Atlantico,10,Aseo del hogar,0,152.6734,-14.6000,1.5628,17.5400,30274.5702,-20.8000,1.6021,17.3200,24386.7469,0,76720.0000,69849.0000
2021-02-01,2021,2,Atlantico,11,Informatica y telecomunicaciones,0,142.6034,-14.6000,1.5628,17.5400,30274.5702,-20.8000,1.6021,17.3200,24386.7469,0,76720.0000,69849.0000
2021-02-01,2021,2,Atlantico,12,Sonido y video,0,77.2678,-14.6000,1.5628,17.5400,30274.5702,-20.8000,1.6021,17.3200,24386.7469,0,76720.0000,69849.0000
2021-02-01,2021,2,Atlantico,14,"Ferreteria, vidrios y pinturas",0,123.1939,-14.6000,1.5628,17.5400,30274.5702,-20.8000,1.6021,17.3200,24386.7469,0,76720.0000,69849.0000
2021-02-01,2021,2,Atlantico,15,Otras mercancias de uso domestico,0,78.2617,-14.6000,1.5628,17.5400,30274.5702,-20.8000,1.6021,17.3200,24386.7469,0,76720.0000,69849.0000
2021-02-01,2021,2,Bogota,4,Prendas de vestir y textiles,0,68.8507,-14.6000,1.5628,17.5400,30274.5702,-20.8000,1.6021,17.3200,24386.7469,0,305739.0000,131799.0000
2021-02-01,2021,2,Bogota,8,Electrodomesticos y muebles,1,116.1585,-14.6000,1.5628,17.5400,30274.5702,-20.8000,1.6021,17.3200,24386.7469,0,305739.0000,131799.0000
2021-02-01,2021,2,Bogota,9,Articulos y utensilios domesticos,0,99.3619,-14.6000,1.5628,17.5400,30274.5702,-20.8000,1.6021,17.3200,24386.7469,0,305739.0000,131799.0000
2021-02-01,2021,2,Bogota,10,Aseo del hogar,0,136.1518,-14.6000,1.5628,17.5400,30274.5702,-20.8000,1.6021,17.3200,24386.7469,0,305739.0000,131799.0000
2021-02-01,2021,2,Bogota,11,Informatica y telecomunicaciones,0,214.5284,-14.6000,1.5628,17.5400,30274.5702,-20.8000,1.6021,17.3200,24386.7469,0,305739.0000,131799.0000
2021-02-01,2021,2,Bogota,12,Sonido y video,0,81.5920,-14.6000,1.5628,17.5400,30274.5702,-20.8000,1.6021,17.3200,24386.7469,0,305739.0000,131799.0000
2021-02-01,2021,2,Bogota,14,"Ferreteria, vidrios y pinturas",0,121.5917,-14.6000,1.5628,17.5400,30274.5702,-20.8000,1.6021,17.3200,24386.7469,0,305739.0000,131799.0000
2021-02-01,2021,2,Bogota,15,Otras mercancias de uso domestico,0,77.8941,-14.6000,1.5628,17.5400,30274.5702,-20.8000,1.6021,17.3200,24386.7469,0,305739.0000,131799.0000
2021-02-01,2021,2,Cundinamarca,4,Prendas de vestir y textiles,0,85.1823,-14.6000,1.5628,17.5400,30274.5702,-20.8000,1.6021,17.3200,24386.7469,0,77456.0000,70138.0000
2021-02-01,2021,2,Cundinamarca,8,Electrodomesticos y muebles,1,131.9635,-14.6000,1.5628,17.5400,30274.5702,-20.8000,1.6021,17.3200,24386.7469,0,77456.0000,70138.0000
2021-02-01,2021,2,Cundinamarca,9,Articulos y utensilios domesticos,0,130.6971,-14.6000,1.5628,17.5400,30274.5702,-20.8000,1.6021,17.3200,24386.7469,0,77456.0000,70138.0000
2021-02-01,2021,2,Cundinamarca,10,Aseo del hogar,0,156.0666,-14.6000,1.5628,17.5400,30274.5702,-20.8000,1.6021,17.3200,24386.7469,0,77456.0000,70138.0000
2021-02-01,2021,2,Cundinamarca,11,Informatica y telecomunicaciones,0,171.5628,-14.6000,1.5628,17.5400,30274.5702,-20.8000,1.6021,17.3200,24386.7469,0,77456.0000,70138.0000
2021-02-01,2021,2,Cundinamarca,12,Sonido y video,0,99.3919,-14.6000,1.5628,17.5400,30274.5702,-20.8000,1.6021,17.3200,24386.7469,0,77456.0000,70138.0000
2021-02-01,2021,2,Cundinamarca,14,"Ferreteria, vidrios y pinturas",0,113.5916,-14.6000,1.5628,17.5400,30274.5702,-20.8000,1.6021,17.3200,24386.7469,0,77456.0000,70138.0000
2021-02-01,2021,2,Cundinamarca,15,Otras mercancias de uso domestico,0,114.3800,-14.6000,1.5628,17.5400,30274.5702,-20.8000,1.6021,17.3200,24386.7469,0,77456.0000,70138.0000
2021-02-01,2021,2,Santander,4,Prendas de vestir y textiles,0,65.8481,-14.6000,1.5628,17.5400,30274.5702,-20.8000,1.6021,17.3200,24386.7469,0,48252.0000,70734.0000
2021-02-01,2021,2,Santander,8,Electrodomesticos y muebles,1,101.4272,-14.6000,1.5628,17.5400,30274.5702,-20.8000,1.6021,17.3200,24386.7469,0,48252.0000,70734.0000
2021-02-01,2021,2,Santander,9,Articulos y utensilios domesticos,0,100.1078,-14.6000,1.5628,17.5400,30274.5702,-20.8000,1.6021,17.3200,24386.7469,0,48252.0000,70734.0000
2021-02-01,2021,2,Santander,10,Aseo del hogar,0,133.3594,-14.6000,1.5628,17.5400,30274.5702,-20.8000,1.6021,17.3200,24386.7469,0,48252.0000,70734.0000
2021-02-01,2021,2,Santander,11,Informatica y telecomunicaciones,0,118.4379,-14.6000,1.5628,17.5400,30274.5702,-20.8000,1.6021,17.3200,24386.7469,0,48252.0000,70734.0000
2021-02-01,2021,2,Santander,12,Sonido y video,0,81.7080,-14.6000,1.5628,17.5400,30274.5702,-20.8000,1.6021,17.3200,24386.7469,0,48252.0000,70734.0000
2021-02-01,2021,2,Santander,14,"Ferreteria, vidrios y pinturas",0,95.7247,-14.6000,1.5628,17.5400,30274.5702,-20.8000,1.6021,17.3200,24386.7469,0,48252.0000,70734.0000
2021-02-01,2021,2,Santander,15,Otras mercancias de uso domestico,0,78.2490,-14.6000,1.5628,17.5400,30274.5702,-20.8000,1.6021,17.3200,24386.7469,0,48252.0000,70734.0000
2021-02-01,2021,2,Valle del Cauca,4,Prendas de vestir y textiles,0,54.1639,-14.6000,1.5628,17.5400,30274.5702,-20.8000,1.6021,17.3200,24386.7469,0,126566.0000,127856.0000
2021-02-01,2021,2,Valle del Cauca,8,Electrodomesticos y muebles,1,101.4673,-14.6000,1.5628,17.5400,30274.5702,-20.8000,1.6021,17.3200,24386.7469,0,126566.0000,127856.0000
2021-02-01,2021,2,Valle del Cauca,9,Articulos y utensilios domesticos,0,115.3736,-14.6000,1.5628,17.5400,30274.5702,-20.8000,1.6021,17.3200,24386.7469,0,126566.0000,127856.0000
2021-02-01,2021,2,Valle del Cauca,10,Aseo del hogar,0,145.5452,-14.6000,1.5628,17.5400,30274.5702,-20.8000,1.6021,17.3200,24386.7469,0,126566.0000,127856.0000
2021-02-01,2021,2,Valle del Cauca,11,Informatica y telecomunicaciones,0,147.5687,-14.6000,1.5628,17.5400,30274.5702,-20.8000,1.6021,17.3200,24386.7469,0,126566.0000,127856.0000
2021-02-01,2021,2,Valle del Cauca,12,Sonido y video,0,71.7538,-14.6000,1.5628,17.5400,30274.5702,-20.8000,1.6021,17.3200,24386.7469,0,126566.0000,127856.0000
2021-02-01,2021,2,Valle del Cauca,14,"Ferreteria, vidrios y pinturas",0,106.8061,-14.6000,1.5628,17.5400,30274.5702,-20.8000,1.6021,17.3200,24386.7469,0,126566.0000,127856.0000
2021-02-01,2021,2,Valle del Cauca,15,Otras mercancias de uso domestico,0,95.9135,-14.6000,1.5628,17.5400,30274.5702,-20.8000,1.6021,17.3200,24386.7469,0,126566.0000,127856.0000
2021-02-01,2021,2,Otros departamentos,4,Prendas de vestir y textiles,0,64.5978,-14.6000,1.5628,17.5400,30274.5702,-20.8000,1.6021,17.3200,24386.7469,0,865696.0000,581553.0000
2021-02-01,2021,2,Otros departamentos,8,Electrodomesticos y muebles,1,134.0674,-14.6000,1.5628,17.5400,30274.5702,-20.8000,1.6021,17.3200,24386.7469,0,865696.0000,581553.0000
2021-02-01,2021,2,Otros departamentos,9,Articulos y utensilios domesticos,0,88.4566,-14.6000,1.5628,17.5400,30274.5702,-20.8000,1.6021,17.3200,24386.7469,0,865696.0000,581553.0000
2021-02-01,2021,2,Otros departamentos,10,Aseo del hogar,0,99.4040,-14.6000,1.5628,17.5400,30274.5702,-20.8000,1.6021,17.3200,24386.7469,0,865696.0000,581553.0000
2021-02-01,2021,2,Otros departamentos,11,Informatica y telecomunicaciones,0,159.3801,-14.6000,1.5628,17.5400,30274.5702,-20.8000,1.6021,17.3200,24386.7469,0,865696.0000,581553.0000
2021-02-01,2021,2,Otros departamentos,12,Sonido y video,0,117.0181,-14.6000,1.5628,17.5400,30274.5702,-20.8000,1.6021,17.3200,24386.7469,0,865696.0000,581553.0000
2021-02-01,2021,2,Otros departamentos,14,"Ferreteria, vidrios y pinturas",0,115.1588,-14.6000,1.5628,17.5400,30274.5702,-20.8000,1.6021,17.3200,24386.7469,0,865696.0000,581553.0000
2021-02-01,2021,2,Otros departamentos,15,Otras mercancias de uso domestico,0,86.2290,-14.6000,1.5628,17.5400,30274.5702,-20.8000,1.6021,17.3200,24386.7469,0,865696.0000,581553.0000
2021-03-01,2021,3,Antioquia,4,Prendas de vestir y textiles,0,72.1231,-11.4000,1.5067,17.4100,28504.5356,-14.6000,1.5628,17.5400,30274.5702,0,257491.0000,329963.0000
2021-03-01,2021,3,Antioquia,8,Electrodomesticos y muebles,1,101.3481,-11.4000,1.5067,17.4100,28504.5356,-14.6000,1.5628,17.5400,30274.5702,0,257491.0000,329963.0000
2021-03-01,2021,3,Antioquia,9,Articulos y utensilios domesticos,0,106.8677,-11.4000,1.5067,17.4100,28504.5356,-14.6000,1.5628,17.5400,30274.5702,0,257491.0000,329963.0000
2021-03-01,2021,3,Antioquia,10,Aseo del hogar,0,151.3057,-11.4000,1.5067,17.4100,28504.5356,-14.6000,1.5628,17.5400,30274.5702,0,257491.0000,329963.0000
2021-03-01,2021,3,Antioquia,11,Informatica y telecomunicaciones,0,126.6620,-11.4000,1.5067,17.4100,28504.5356,-14.6000,1.5628,17.5400,30274.5702,0,257491.0000,329963.0000
2021-03-01,2021,3,Antioquia,12,Sonido y video,0,83.3777,-11.4000,1.5067,17.4100,28504.5356,-14.6000,1.5628,17.5400,30274.5702,0,257491.0000,329963.0000
2021-03-01,2021,3,Antioquia,14,"Ferreteria, vidrios y pinturas",0,128.6904,-11.4000,1.5067,17.4100,28504.5356,-14.6000,1.5628,17.5400,30274.5702,0,257491.0000,329963.0000
2021-03-01,2021,3,Antioquia,15,Otras mercancias de uso domestico,0,99.3013,-11.4000,1.5067,17.4100,28504.5356,-14.6000,1.5628,17.5400,30274.5702,0,257491.0000,329963.0000
2021-03-01,2021,3,Atlantico,4,Prendas de vestir y textiles,0,78.9114,-11.4000,1.5067,17.4100,28504.5356,-14.6000,1.5628,17.5400,30274.5702,0,146645.0000,76720.0000
2021-03-01,2021,3,Atlantico,8,Electrodomesticos y muebles,1,121.5211,-11.4000,1.5067,17.4100,28504.5356,-14.6000,1.5628,17.5400,30274.5702,0,146645.0000,76720.0000
2021-03-01,2021,3,Atlantico,9,Articulos y utensilios domesticos,0,112.6648,-11.4000,1.5067,17.4100,28504.5356,-14.6000,1.5628,17.5400,30274.5702,0,146645.0000,76720.0000
2021-03-01,2021,3,Atlantico,10,Aseo del hogar,0,144.1755,-11.4000,1.5067,17.4100,28504.5356,-14.6000,1.5628,17.5400,30274.5702,0,146645.0000,76720.0000
2021-03-01,2021,3,Atlantico,11,Informatica y telecomunicaciones,0,109.6159,-11.4000,1.5067,17.4100,28504.5356,-14.6000,1.5628,17.5400,30274.5702,0,146645.0000,76720.0000
2021-03-01,2021,3,Atlantico,12,Sonido y video,0,78.7725,-11.4000,1.5067,17.4100,28504.5356,-14.6000,1.5628,17.5400,30274.5702,0,146645.0000,76720.0000
2021-03-01,2021,3,Atlantico,14,"Ferreteria, vidrios y pinturas",0,128.9565,-11.4000,1.5067,17.4100,28504.5356,-14.6000,1.5628,17.5400,30274.5702,0,146645.0000,76720.0000
2021-03-01,2021,3,Atlantico,15,Otras mercancias de uso domestico,0,104.4888,-11.4000,1.5067,17.4100,28504.5356,-14.6000,1.5628,17.5400,30274.5702,0,146645.0000,76720.0000
2021-03-01,2021,3,Bogota,4,Prendas de vestir y textiles,0,73.4228,-11.4000,1.5067,17.4100,28504.5356,-14.6000,1.5628,17.5400,30274.5702,0,204802.0000,305739.0000
2021-03-01,2021,3,Bogota,8,Electrodomesticos y muebles,1,120.7024,-11.4000,1.5067,17.4100,28504.5356,-14.6000,1.5628,17.5400,30274.5702,0,204802.0000,305739.0000
2021-03-01,2021,3,Bogota,9,Articulos y utensilios domesticos,0,117.5954,-11.4000,1.5067,17.4100,28504.5356,-14.6000,1.5628,17.5400,30274.5702,0,204802.0000,305739.0000
2021-03-01,2021,3,Bogota,10,Aseo del hogar,0,139.8855,-11.4000,1.5067,17.4100,28504.5356,-14.6000,1.5628,17.5400,30274.5702,0,204802.0000,305739.0000
2021-03-01,2021,3,Bogota,11,Informatica y telecomunicaciones,0,185.6189,-11.4000,1.5067,17.4100,28504.5356,-14.6000,1.5628,17.5400,30274.5702,0,204802.0000,305739.0000
2021-03-01,2021,3,Bogota,12,Sonido y video,0,90.5282,-11.4000,1.5067,17.4100,28504.5356,-14.6000,1.5628,17.5400,30274.5702,0,204802.0000,305739.0000
2021-03-01,2021,3,Bogota,14,"Ferreteria, vidrios y pinturas",0,138.4937,-11.4000,1.5067,17.4100,28504.5356,-14.6000,1.5628,17.5400,30274.5702,0,204802.0000,305739.0000
2021-03-01,2021,3,Bogota,15,Otras mercancias de uso domestico,0,97.3922,-11.4000,1.5067,17.4100,28504.5356,-14.6000,1.5628,17.5400,30274.5702,0,204802.0000,305739.0000
2021-03-01,2021,3,Cundinamarca,4,Prendas de vestir y textiles,0,120.7358,-11.4000,1.5067,17.4100,28504.5356,-14.6000,1.5628,17.5400,30274.5702,0,119459.0000,77456.0000
2021-03-01,2021,3,Cundinamarca,8,Electrodomesticos y muebles,1,164.1677,-11.4000,1.5067,17.4100,28504.5356,-14.6000,1.5628,17.5400,30274.5702,0,119459.0000,77456.0000
2021-03-01,2021,3,Cundinamarca,9,Articulos y utensilios domesticos,0,140.9423,-11.4000,1.5067,17.4100,28504.5356,-14.6000,1.5628,17.5400,30274.5702,0,119459.0000,77456.0000
2021-03-01,2021,3,Cundinamarca,10,Aseo del hogar,0,162.4213,-11.4000,1.5067,17.4100,28504.5356,-14.6000,1.5628,17.5400,30274.5702,0,119459.0000,77456.0000
2021-03-01,2021,3,Cundinamarca,11,Informatica y telecomunicaciones,0,151.9925,-11.4000,1.5067,17.4100,28504.5356,-14.6000,1.5628,17.5400,30274.5702,0,119459.0000,77456.0000
2021-03-01,2021,3,Cundinamarca,12,Sonido y video,0,111.3304,-11.4000,1.5067,17.4100,28504.5356,-14.6000,1.5628,17.5400,30274.5702,0,119459.0000,77456.0000
2021-03-01,2021,3,Cundinamarca,14,"Ferreteria, vidrios y pinturas",0,129.9724,-11.4000,1.5067,17.4100,28504.5356,-14.6000,1.5628,17.5400,30274.5702,0,119459.0000,77456.0000
2021-03-01,2021,3,Cundinamarca,15,Otras mercancias de uso domestico,0,129.4120,-11.4000,1.5067,17.4100,28504.5356,-14.6000,1.5628,17.5400,30274.5702,0,119459.0000,77456.0000
2021-03-01,2021,3,Santander,4,Prendas de vestir y textiles,0,76.7465,-11.4000,1.5067,17.4100,28504.5356,-14.6000,1.5628,17.5400,30274.5702,0,71728.0000,48252.0000
2021-03-01,2021,3,Santander,8,Electrodomesticos y muebles,1,105.6497,-11.4000,1.5067,17.4100,28504.5356,-14.6000,1.5628,17.5400,30274.5702,0,71728.0000,48252.0000
2021-03-01,2021,3,Santander,9,Articulos y utensilios domesticos,0,93.5577,-11.4000,1.5067,17.4100,28504.5356,-14.6000,1.5628,17.5400,30274.5702,0,71728.0000,48252.0000
2021-03-01,2021,3,Santander,10,Aseo del hogar,0,131.0627,-11.4000,1.5067,17.4100,28504.5356,-14.6000,1.5628,17.5400,30274.5702,0,71728.0000,48252.0000
2021-03-01,2021,3,Santander,11,Informatica y telecomunicaciones,0,87.1767,-11.4000,1.5067,17.4100,28504.5356,-14.6000,1.5628,17.5400,30274.5702,0,71728.0000,48252.0000
2021-03-01,2021,3,Santander,12,Sonido y video,0,80.4284,-11.4000,1.5067,17.4100,28504.5356,-14.6000,1.5628,17.5400,30274.5702,0,71728.0000,48252.0000
2021-03-01,2021,3,Santander,14,"Ferreteria, vidrios y pinturas",0,105.8900,-11.4000,1.5067,17.4100,28504.5356,-14.6000,1.5628,17.5400,30274.5702,0,71728.0000,48252.0000
2021-03-01,2021,3,Santander,15,Otras mercancias de uso domestico,0,84.4248,-11.4000,1.5067,17.4100,28504.5356,-14.6000,1.5628,17.5400,30274.5702,0,71728.0000,48252.0000
2021-03-01,2021,3,Valle del Cauca,4,Prendas de vestir y textiles,0,84.8830,-11.4000,1.5067,17.4100,28504.5356,-14.6000,1.5628,17.5400,30274.5702,0,176497.0000,126566.0000
2021-03-01,2021,3,Valle del Cauca,8,Electrodomesticos y muebles,1,117.7377,-11.4000,1.5067,17.4100,28504.5356,-14.6000,1.5628,17.5400,30274.5702,0,176497.0000,126566.0000
2021-03-01,2021,3,Valle del Cauca,9,Articulos y utensilios domesticos,0,141.2482,-11.4000,1.5067,17.4100,28504.5356,-14.6000,1.5628,17.5400,30274.5702,0,176497.0000,126566.0000
2021-03-01,2021,3,Valle del Cauca,10,Aseo del hogar,0,153.3486,-11.4000,1.5067,17.4100,28504.5356,-14.6000,1.5628,17.5400,30274.5702,0,176497.0000,126566.0000
2021-03-01,2021,3,Valle del Cauca,11,Informatica y telecomunicaciones,0,142.2705,-11.4000,1.5067,17.4100,28504.5356,-14.6000,1.5628,17.5400,30274.5702,0,176497.0000,126566.0000
2021-03-01,2021,3,Valle del Cauca,12,Sonido y video,0,100.1835,-11.4000,1.5067,17.4100,28504.5356,-14.6000,1.5628,17.5400,30274.5702,0,176497.0000,126566.0000
2021-03-01,2021,3,Valle del Cauca,14,"Ferreteria, vidrios y pinturas",0,116.1084,-11.4000,1.5067,17.4100,28504.5356,-14.6000,1.5628,17.5400,30274.5702,0,176497.0000,126566.0000
2021-03-01,2021,3,Valle del Cauca,15,Otras mercancias de uso domestico,0,89.0497,-11.4000,1.5067,17.4100,28504.5356,-14.6000,1.5628,17.5400,30274.5702,0,176497.0000,126566.0000
2021-03-01,2021,3,Otros departamentos,4,Prendas de vestir y textiles,0,87.0716,-11.4000,1.5067,17.4100,28504.5356,-14.6000,1.5628,17.5400,30274.5702,0,821718.0000,865696.0000
2021-03-01,2021,3,Otros departamentos,8,Electrodomesticos y muebles,1,137.2040,-11.4000,1.5067,17.4100,28504.5356,-14.6000,1.5628,17.5400,30274.5702,0,821718.0000,865696.0000
2021-03-01,2021,3,Otros departamentos,9,Articulos y utensilios domesticos,0,110.9534,-11.4000,1.5067,17.4100,28504.5356,-14.6000,1.5628,17.5400,30274.5702,0,821718.0000,865696.0000
2021-03-01,2021,3,Otros departamentos,10,Aseo del hogar,0,116.3590,-11.4000,1.5067,17.4100,28504.5356,-14.6000,1.5628,17.5400,30274.5702,0,821718.0000,865696.0000
2021-03-01,2021,3,Otros departamentos,11,Informatica y telecomunicaciones,0,130.4016,-11.4000,1.5067,17.4100,28504.5356,-14.6000,1.5628,17.5400,30274.5702,0,821718.0000,865696.0000
2021-03-01,2021,3,Otros departamentos,12,Sonido y video,0,137.2194,-11.4000,1.5067,17.4100,28504.5356,-14.6000,1.5628,17.5400,30274.5702,0,821718.0000,865696.0000
2021-03-01,2021,3,Otros departamentos,14,"Ferreteria, vidrios y pinturas",0,122.3805,-11.4000,1.5067,17.4100,28504.5356,-14.6000,1.5628,17.5400,30274.5702,0,821718.0000,865696.0000
2021-03-01,2021,3,Otros departamentos,15,Otras mercancias de uso domestico,0,102.0355,-11.4000,1.5067,17.4100,28504.5356,-14.6000,1.5628,17.5400,30274.5702,0,821718.0000,865696.0000
2021-04-01,2021,4,Antioquia,4,Prendas de vestir y textiles,0,50.0837,-34.2000,1.9489,17.3100,29445.1393,-11.4000,1.5067,17.4100,28504.5356,0,243307.0000,257491.0000
2021-04-01,2021,4,Antioquia,8,Electrodomesticos y muebles,1,72.1543,-34.2000,1.9489,17.3100,29445.1393,-11.4000,1.5067,17.4100,28504.5356,0,243307.0000,257491.0000
2021-04-01,2021,4,Antioquia,9,Articulos y utensilios domesticos,0,65.5531,-34.2000,1.9489,17.3100,29445.1393,-11.4000,1.5067,17.4100,28504.5356,0,243307.0000,257491.0000
2021-04-01,2021,4,Antioquia,10,Aseo del hogar,0,127.1504,-34.2000,1.9489,17.3100,29445.1393,-11.4000,1.5067,17.4100,28504.5356,0,243307.0000,257491.0000
2021-04-01,2021,4,Antioquia,11,Informatica y telecomunicaciones,0,102.2401,-34.2000,1.9489,17.3100,29445.1393,-11.4000,1.5067,17.4100,28504.5356,0,243307.0000,257491.0000
2021-04-01,2021,4,Antioquia,12,Sonido y video,0,68.7207,-34.2000,1.9489,17.3100,29445.1393,-11.4000,1.5067,17.4100,28504.5356,0,243307.0000,257491.0000
2021-04-01,2021,4,Antioquia,14,"Ferreteria, vidrios y pinturas",0,102.9299,-34.2000,1.9489,17.3100,29445.1393,-11.4000,1.5067,17.4100,28504.5356,0,243307.0000,257491.0000
2021-04-01,2021,4,Antioquia,15,Otras mercancias de uso domestico,0,65.6329,-34.2000,1.9489,17.3100,29445.1393,-11.4000,1.5067,17.4100,28504.5356,0,243307.0000,257491.0000
2021-04-01,2021,4,Atlantico,4,Prendas de vestir y textiles,0,57.5667,-34.2000,1.9489,17.3100,29445.1393,-11.4000,1.5067,17.4100,28504.5356,0,161540.0000,146645.0000
2021-04-01,2021,4,Atlantico,8,Electrodomesticos y muebles,1,86.2497,-34.2000,1.9489,17.3100,29445.1393,-11.4000,1.5067,17.4100,28504.5356,0,161540.0000,146645.0000
2021-04-01,2021,4,Atlantico,9,Articulos y utensilios domesticos,0,70.1584,-34.2000,1.9489,17.3100,29445.1393,-11.4000,1.5067,17.4100,28504.5356,0,161540.0000,146645.0000
2021-04-01,2021,4,Atlantico,10,Aseo del hogar,0,112.9567,-34.2000,1.9489,17.3100,29445.1393,-11.4000,1.5067,17.4100,28504.5356,0,161540.0000,146645.0000
2021-04-01,2021,4,Atlantico,11,Informatica y telecomunicaciones,0,74.5830,-34.2000,1.9489,17.3100,29445.1393,-11.4000,1.5067,17.4100,28504.5356,0,161540.0000,146645.0000
2021-04-01,2021,4,Atlantico,12,Sonido y video,0,76.0167,-34.2000,1.9489,17.3100,29445.1393,-11.4000,1.5067,17.4100,28504.5356,0,161540.0000,146645.0000
2021-04-01,2021,4,Atlantico,14,"Ferreteria, vidrios y pinturas",0,76.9189,-34.2000,1.9489,17.3100,29445.1393,-11.4000,1.5067,17.4100,28504.5356,0,161540.0000,146645.0000
2021-04-01,2021,4,Atlantico,15,Otras mercancias de uso domestico,0,73.1935,-34.2000,1.9489,17.3100,29445.1393,-11.4000,1.5067,17.4100,28504.5356,0,161540.0000,146645.0000
2021-04-01,2021,4,Bogota,4,Prendas de vestir y textiles,0,39.8243,-34.2000,1.9489,17.3100,29445.1393,-11.4000,1.5067,17.4100,28504.5356,0,134683.0000,204802.0000
2021-04-01,2021,4,Bogota,8,Electrodomesticos y muebles,1,85.3146,-34.2000,1.9489,17.3100,29445.1393,-11.4000,1.5067,17.4100,28504.5356,0,134683.0000,204802.0000
2021-04-01,2021,4,Bogota,9,Articulos y utensilios domesticos,0,66.7448,-34.2000,1.9489,17.3100,29445.1393,-11.4000,1.5067,17.4100,28504.5356,0,134683.0000,204802.0000
2021-04-01,2021,4,Bogota,10,Aseo del hogar,0,110.5252,-34.2000,1.9489,17.3100,29445.1393,-11.4000,1.5067,17.4100,28504.5356,0,134683.0000,204802.0000
2021-04-01,2021,4,Bogota,11,Informatica y telecomunicaciones,0,114.6838,-34.2000,1.9489,17.3100,29445.1393,-11.4000,1.5067,17.4100,28504.5356,0,134683.0000,204802.0000
2021-04-01,2021,4,Bogota,12,Sonido y video,0,54.1142,-34.2000,1.9489,17.3100,29445.1393,-11.4000,1.5067,17.4100,28504.5356,0,134683.0000,204802.0000
2021-04-01,2021,4,Bogota,14,"Ferreteria, vidrios y pinturas",0,98.9653,-34.2000,1.9489,17.3100,29445.1393,-11.4000,1.5067,17.4100,28504.5356,0,134683.0000,204802.0000
2021-04-01,2021,4,Bogota,15,Otras mercancias de uso domestico,0,70.4721,-34.2000,1.9489,17.3100,29445.1393,-11.4000,1.5067,17.4100,28504.5356,0,134683.0000,204802.0000
2021-04-01,2021,4,Cundinamarca,4,Prendas de vestir y textiles,0,69.6473,-34.2000,1.9489,17.3100,29445.1393,-11.4000,1.5067,17.4100,28504.5356,0,193814.0000,119459.0000
2021-04-01,2021,4,Cundinamarca,8,Electrodomesticos y muebles,1,165.0569,-34.2000,1.9489,17.3100,29445.1393,-11.4000,1.5067,17.4100,28504.5356,0,193814.0000,119459.0000
2021-04-01,2021,4,Cundinamarca,9,Articulos y utensilios domesticos,0,98.4934,-34.2000,1.9489,17.3100,29445.1393,-11.4000,1.5067,17.4100,28504.5356,0,193814.0000,119459.0000
2021-04-01,2021,4,Cundinamarca,10,Aseo del hogar,0,172.1940,-34.2000,1.9489,17.3100,29445.1393,-11.4000,1.5067,17.4100,28504.5356,0,193814.0000,119459.0000
2021-04-01,2021,4,Cundinamarca,11,Informatica y telecomunicaciones,0,125.5742,-34.2000,1.9489,17.3100,29445.1393,-11.4000,1.5067,17.4100,28504.5356,0,193814.0000,119459.0000
2021-04-01,2021,4,Cundinamarca,12,Sonido y video,0,104.5543,-34.2000,1.9489,17.3100,29445.1393,-11.4000,1.5067,17.4100,28504.5356,0,193814.0000,119459.0000
2021-04-01,2021,4,Cundinamarca,14,"Ferreteria, vidrios y pinturas",0,148.6269,-34.2000,1.9489,17.3100,29445.1393,-11.4000,1.5067,17.4100,28504.5356,0,193814.0000,119459.0000
2021-04-01,2021,4,Cundinamarca,15,Otras mercancias de uso domestico,0,143.7774,-34.2000,1.9489,17.3100,29445.1393,-11.4000,1.5067,17.4100,28504.5356,0,193814.0000,119459.0000
2021-04-01,2021,4,Santander,4,Prendas de vestir y textiles,0,60.6872,-34.2000,1.9489,17.3100,29445.1393,-11.4000,1.5067,17.4100,28504.5356,0,168528.0000,71728.0000
2021-04-01,2021,4,Santander,8,Electrodomesticos y muebles,1,111.3688,-34.2000,1.9489,17.3100,29445.1393,-11.4000,1.5067,17.4100,28504.5356,0,168528.0000,71728.0000
2021-04-01,2021,4,Santander,9,Articulos y utensilios domesticos,0,89.9896,-34.2000,1.9489,17.3100,29445.1393,-11.4000,1.5067,17.4100,28504.5356,0,168528.0000,71728.0000
2021-04-01,2021,4,Santander,10,Aseo del hogar,0,146.3101,-34.2000,1.9489,17.3100,29445.1393,-11.4000,1.5067,17.4100,28504.5356,0,168528.0000,71728.0000
2021-04-01,2021,4,Santander,11,Informatica y telecomunicaciones,0,103.4919,-34.2000,1.9489,17.3100,29445.1393,-11.4000,1.5067,17.4100,28504.5356,0,168528.0000,71728.0000
2021-04-01,2021,4,Santander,12,Sonido y video,0,86.5528,-34.2000,1.9489,17.3100,29445.1393,-11.4000,1.5067,17.4100,28504.5356,0,168528.0000,71728.0000
2021-04-01,2021,4,Santander,14,"Ferreteria, vidrios y pinturas",0,106.9809,-34.2000,1.9489,17.3100,29445.1393,-11.4000,1.5067,17.4100,28504.5356,0,168528.0000,71728.0000
2021-04-01,2021,4,Santander,15,Otras mercancias de uso domestico,0,81.9788,-34.2000,1.9489,17.3100,29445.1393,-11.4000,1.5067,17.4100,28504.5356,0,168528.0000,71728.0000
2021-04-01,2021,4,Valle del Cauca,4,Prendas de vestir y textiles,0,41.7073,-34.2000,1.9489,17.3100,29445.1393,-11.4000,1.5067,17.4100,28504.5356,0,147517.0000,176497.0000
2021-04-01,2021,4,Valle del Cauca,8,Electrodomesticos y muebles,1,92.4373,-34.2000,1.9489,17.3100,29445.1393,-11.4000,1.5067,17.4100,28504.5356,0,147517.0000,176497.0000
2021-04-01,2021,4,Valle del Cauca,9,Articulos y utensilios domesticos,0,69.3562,-34.2000,1.9489,17.3100,29445.1393,-11.4000,1.5067,17.4100,28504.5356,0,147517.0000,176497.0000
2021-04-01,2021,4,Valle del Cauca,10,Aseo del hogar,0,111.7759,-34.2000,1.9489,17.3100,29445.1393,-11.4000,1.5067,17.4100,28504.5356,0,147517.0000,176497.0000
2021-04-01,2021,4,Valle del Cauca,11,Informatica y telecomunicaciones,0,101.6544,-34.2000,1.9489,17.3100,29445.1393,-11.4000,1.5067,17.4100,28504.5356,0,147517.0000,176497.0000
2021-04-01,2021,4,Valle del Cauca,12,Sonido y video,0,68.4236,-34.2000,1.9489,17.3100,29445.1393,-11.4000,1.5067,17.4100,28504.5356,0,147517.0000,176497.0000
2021-04-01,2021,4,Valle del Cauca,14,"Ferreteria, vidrios y pinturas",0,94.0349,-34.2000,1.9489,17.3100,29445.1393,-11.4000,1.5067,17.4100,28504.5356,0,147517.0000,176497.0000
2021-04-01,2021,4,Valle del Cauca,15,Otras mercancias de uso domestico,0,69.9568,-34.2000,1.9489,17.3100,29445.1393,-11.4000,1.5067,17.4100,28504.5356,0,147517.0000,176497.0000
2021-04-01,2021,4,Otros departamentos,4,Prendas de vestir y textiles,0,60.0223,-34.2000,1.9489,17.3100,29445.1393,-11.4000,1.5067,17.4100,28504.5356,0,594736.0000,821718.0000
2021-04-01,2021,4,Otros departamentos,8,Electrodomesticos y muebles,1,102.9485,-34.2000,1.9489,17.3100,29445.1393,-11.4000,1.5067,17.4100,28504.5356,0,594736.0000,821718.0000
2021-04-01,2021,4,Otros departamentos,9,Articulos y utensilios domesticos,0,89.0079,-34.2000,1.9489,17.3100,29445.1393,-11.4000,1.5067,17.4100,28504.5356,0,594736.0000,821718.0000
2021-04-01,2021,4,Otros departamentos,10,Aseo del hogar,0,127.8587,-34.2000,1.9489,17.3100,29445.1393,-11.4000,1.5067,17.4100,28504.5356,0,594736.0000,821718.0000
2021-04-01,2021,4,Otros departamentos,11,Informatica y telecomunicaciones,0,113.9120,-34.2000,1.9489,17.3100,29445.1393,-11.4000,1.5067,17.4100,28504.5356,0,594736.0000,821718.0000
2021-04-01,2021,4,Otros departamentos,12,Sonido y video,0,94.2735,-34.2000,1.9489,17.3100,29445.1393,-11.4000,1.5067,17.4100,28504.5356,0,594736.0000,821718.0000
2021-04-01,2021,4,Otros departamentos,14,"Ferreteria, vidrios y pinturas",0,109.6976,-34.2000,1.9489,17.3100,29445.1393,-11.4000,1.5067,17.4100,28504.5356,0,594736.0000,821718.0000
2021-04-01,2021,4,Otros departamentos,15,Otras mercancias de uso domestico,0,96.5033,-34.2000,1.9489,17.3100,29445.1393,-11.4000,1.5067,17.4100,28504.5356,0,594736.0000,821718.0000
2021-05-01,2021,5,Antioquia,4,Prendas de vestir y textiles,0,84.8363,-34.3000,3.3030,17.2200,22388.7347,-34.2000,1.9489,17.3100,29445.1393,0,262138.0000,243307.0000
2021-05-01,2021,5,Antioquia,8,Electrodomesticos y muebles,1,95.4444,-34.3000,3.3030,17.2200,22388.7347,-34.2000,1.9489,17.3100,29445.1393,0,262138.0000,243307.0000
2021-05-01,2021,5,Antioquia,9,Articulos y utensilios domesticos,0,86.3729,-34.3000,3.3030,17.2200,22388.7347,-34.2000,1.9489,17.3100,29445.1393,0,262138.0000,243307.0000
2021-05-01,2021,5,Antioquia,10,Aseo del hogar,0,134.1037,-34.3000,3.3030,17.2200,22388.7347,-34.2000,1.9489,17.3100,29445.1393,0,262138.0000,243307.0000
2021-05-01,2021,5,Antioquia,11,Informatica y telecomunicaciones,0,126.8909,-34.3000,3.3030,17.2200,22388.7347,-34.2000,1.9489,17.3100,29445.1393,0,262138.0000,243307.0000
2021-05-01,2021,5,Antioquia,12,Sonido y video,0,77.8522,-34.3000,3.3030,17.2200,22388.7347,-34.2000,1.9489,17.3100,29445.1393,0,262138.0000,243307.0000
2021-05-01,2021,5,Antioquia,14,"Ferreteria, vidrios y pinturas",0,101.9476,-34.3000,3.3030,17.2200,22388.7347,-34.2000,1.9489,17.3100,29445.1393,0,262138.0000,243307.0000
2021-05-01,2021,5,Antioquia,15,Otras mercancias de uso domestico,0,91.6080,-34.3000,3.3030,17.2200,22388.7347,-34.2000,1.9489,17.3100,29445.1393,0,262138.0000,243307.0000
2021-05-01,2021,5,Atlantico,4,Prendas de vestir y textiles,0,77.6432,-34.3000,3.3030,17.2200,22388.7347,-34.2000,1.9489,17.3100,29445.1393,0,102700.0000,161540.0000
2021-05-01,2021,5,Atlantico,8,Electrodomesticos y muebles,1,115.5264,-34.3000,3.3030,17.2200,22388.7347,-34.2000,1.9489,17.3100,29445.1393,0,102700.0000,161540.0000
2021-05-01,2021,5,Atlantico,9,Articulos y utensilios domesticos,0,94.0299,-34.3000,3.3030,17.2200,22388.7347,-34.2000,1.9489,17.3100,29445.1393,0,102700.0000,161540.0000
2021-05-01,2021,5,Atlantico,10,Aseo del hogar,0,156.1076,-34.3000,3.3030,17.2200,22388.7347,-34.2000,1.9489,17.3100,29445.1393,0,102700.0000,161540.0000
2021-05-01,2021,5,Atlantico,11,Informatica y telecomunicaciones,0,106.6058,-34.3000,3.3030,17.2200,22388.7347,-34.2000,1.9489,17.3100,29445.1393,0,102700.0000,161540.0000
2021-05-01,2021,5,Atlantico,12,Sonido y video,0,91.0520,-34.3000,3.3030,17.2200,22388.7347,-34.2000,1.9489,17.3100,29445.1393,0,102700.0000,161540.0000
2021-05-01,2021,5,Atlantico,14,"Ferreteria, vidrios y pinturas",0,80.3555,-34.3000,3.3030,17.2200,22388.7347,-34.2000,1.9489,17.3100,29445.1393,0,102700.0000,161540.0000
2021-05-01,2021,5,Atlantico,15,Otras mercancias de uso domestico,0,82.2025,-34.3000,3.3030,17.2200,22388.7347,-34.2000,1.9489,17.3100,29445.1393,0,102700.0000,161540.0000
2021-05-01,2021,5,Bogota,4,Prendas de vestir y textiles,0,69.5148,-34.3000,3.3030,17.2200,22388.7347,-34.2000,1.9489,17.3100,29445.1393,0,310615.0000,134683.0000
2021-05-01,2021,5,Bogota,8,Electrodomesticos y muebles,1,111.2906,-34.3000,3.3030,17.2200,22388.7347,-34.2000,1.9489,17.3100,29445.1393,0,310615.0000,134683.0000
2021-05-01,2021,5,Bogota,9,Articulos y utensilios domesticos,0,91.4811,-34.3000,3.3030,17.2200,22388.7347,-34.2000,1.9489,17.3100,29445.1393,0,310615.0000,134683.0000
2021-05-01,2021,5,Bogota,10,Aseo del hogar,0,153.5665,-34.3000,3.3030,17.2200,22388.7347,-34.2000,1.9489,17.3100,29445.1393,0,310615.0000,134683.0000
2021-05-01,2021,5,Bogota,11,Informatica y telecomunicaciones,0,164.5566,-34.3000,3.3030,17.2200,22388.7347,-34.2000,1.9489,17.3100,29445.1393,0,310615.0000,134683.0000
2021-05-01,2021,5,Bogota,12,Sonido y video,0,64.7120,-34.3000,3.3030,17.2200,22388.7347,-34.2000,1.9489,17.3100,29445.1393,0,310615.0000,134683.0000
2021-05-01,2021,5,Bogota,14,"Ferreteria, vidrios y pinturas",0,106.3619,-34.3000,3.3030,17.2200,22388.7347,-34.2000,1.9489,17.3100,29445.1393,0,310615.0000,134683.0000
2021-05-01,2021,5,Bogota,15,Otras mercancias de uso domestico,0,90.2004,-34.3000,3.3030,17.2200,22388.7347,-34.2000,1.9489,17.3100,29445.1393,0,310615.0000,134683.0000
2021-05-01,2021,5,Cundinamarca,4,Prendas de vestir y textiles,0,82.8221,-34.3000,3.3030,17.2200,22388.7347,-34.2000,1.9489,17.3100,29445.1393,0,121457.0000,193814.0000
2021-05-01,2021,5,Cundinamarca,8,Electrodomesticos y muebles,1,163.8675,-34.3000,3.3030,17.2200,22388.7347,-34.2000,1.9489,17.3100,29445.1393,0,121457.0000,193814.0000
2021-05-01,2021,5,Cundinamarca,9,Articulos y utensilios domesticos,0,90.6651,-34.3000,3.3030,17.2200,22388.7347,-34.2000,1.9489,17.3100,29445.1393,0,121457.0000,193814.0000
2021-05-01,2021,5,Cundinamarca,10,Aseo del hogar,0,192.9689,-34.3000,3.3030,17.2200,22388.7347,-34.2000,1.9489,17.3100,29445.1393,0,121457.0000,193814.0000
2021-05-01,2021,5,Cundinamarca,11,Informatica y telecomunicaciones,0,150.7344,-34.3000,3.3030,17.2200,22388.7347,-34.2000,1.9489,17.3100,29445.1393,0,121457.0000,193814.0000
2021-05-01,2021,5,Cundinamarca,12,Sonido y video,0,98.4113,-34.3000,3.3030,17.2200,22388.7347,-34.2000,1.9489,17.3100,29445.1393,0,121457.0000,193814.0000
2021-05-01,2021,5,Cundinamarca,14,"Ferreteria, vidrios y pinturas",0,112.7765,-34.3000,3.3030,17.2200,22388.7347,-34.2000,1.9489,17.3100,29445.1393,0,121457.0000,193814.0000
2021-05-01,2021,5,Cundinamarca,15,Otras mercancias de uso domestico,0,106.9205,-34.3000,3.3030,17.2200,22388.7347,-34.2000,1.9489,17.3100,29445.1393,0,121457.0000,193814.0000
2021-05-01,2021,5,Santander,4,Prendas de vestir y textiles,0,71.2897,-34.3000,3.3030,17.2200,22388.7347,-34.2000,1.9489,17.3100,29445.1393,0,88306.0000,168528.0000
2021-05-01,2021,5,Santander,8,Electrodomesticos y muebles,1,109.5124,-34.3000,3.3030,17.2200,22388.7347,-34.2000,1.9489,17.3100,29445.1393,0,88306.0000,168528.0000
2021-05-01,2021,5,Santander,9,Articulos y utensilios domesticos,0,82.4388,-34.3000,3.3030,17.2200,22388.7347,-34.2000,1.9489,17.3100,29445.1393,0,88306.0000,168528.0000
2021-05-01,2021,5,Santander,10,Aseo del hogar,0,150.0223,-34.3000,3.3030,17.2200,22388.7347,-34.2000,1.9489,17.3100,29445.1393,0,88306.0000,168528.0000
2021-05-01,2021,5,Santander,11,Informatica y telecomunicaciones,0,133.7589,-34.3000,3.3030,17.2200,22388.7347,-34.2000,1.9489,17.3100,29445.1393,0,88306.0000,168528.0000
2021-05-01,2021,5,Santander,12,Sonido y video,0,88.2566,-34.3000,3.3030,17.2200,22388.7347,-34.2000,1.9489,17.3100,29445.1393,0,88306.0000,168528.0000
2021-05-01,2021,5,Santander,14,"Ferreteria, vidrios y pinturas",0,87.7558,-34.3000,3.3030,17.2200,22388.7347,-34.2000,1.9489,17.3100,29445.1393,0,88306.0000,168528.0000
2021-05-01,2021,5,Santander,15,Otras mercancias de uso domestico,0,87.7679,-34.3000,3.3030,17.2200,22388.7347,-34.2000,1.9489,17.3100,29445.1393,0,88306.0000,168528.0000
2021-05-01,2021,5,Valle del Cauca,4,Prendas de vestir y textiles,0,39.8135,-34.3000,3.3030,17.2200,22388.7347,-34.2000,1.9489,17.3100,29445.1393,0,148928.0000,147517.0000
2021-05-01,2021,5,Valle del Cauca,8,Electrodomesticos y muebles,1,62.4137,-34.3000,3.3030,17.2200,22388.7347,-34.2000,1.9489,17.3100,29445.1393,0,148928.0000,147517.0000
2021-05-01,2021,5,Valle del Cauca,9,Articulos y utensilios domesticos,0,51.2956,-34.3000,3.3030,17.2200,22388.7347,-34.2000,1.9489,17.3100,29445.1393,0,148928.0000,147517.0000
2021-05-01,2021,5,Valle del Cauca,10,Aseo del hogar,0,77.4411,-34.3000,3.3030,17.2200,22388.7347,-34.2000,1.9489,17.3100,29445.1393,0,148928.0000,147517.0000
2021-05-01,2021,5,Valle del Cauca,11,Informatica y telecomunicaciones,0,80.6560,-34.3000,3.3030,17.2200,22388.7347,-34.2000,1.9489,17.3100,29445.1393,0,148928.0000,147517.0000
2021-05-01,2021,5,Valle del Cauca,12,Sonido y video,0,52.1916,-34.3000,3.3030,17.2200,22388.7347,-34.2000,1.9489,17.3100,29445.1393,0,148928.0000,147517.0000
2021-05-01,2021,5,Valle del Cauca,14,"Ferreteria, vidrios y pinturas",0,58.1318,-34.3000,3.3030,17.2200,22388.7347,-34.2000,1.9489,17.3100,29445.1393,0,148928.0000,147517.0000
2021-05-01,2021,5,Valle del Cauca,15,Otras mercancias de uso domestico,0,44.1506,-34.3000,3.3030,17.2200,22388.7347,-34.2000,1.9489,17.3100,29445.1393,0,148928.0000,147517.0000
2021-05-01,2021,5,Otros departamentos,4,Prendas de vestir y textiles,0,72.7844,-34.3000,3.3030,17.2200,22388.7347,-34.2000,1.9489,17.3100,29445.1393,0,609581.0000,594736.0000
2021-05-01,2021,5,Otros departamentos,8,Electrodomesticos y muebles,1,101.9979,-34.3000,3.3030,17.2200,22388.7347,-34.2000,1.9489,17.3100,29445.1393,0,609581.0000,594736.0000
2021-05-01,2021,5,Otros departamentos,9,Articulos y utensilios domesticos,0,113.7832,-34.3000,3.3030,17.2200,22388.7347,-34.2000,1.9489,17.3100,29445.1393,0,609581.0000,594736.0000
2021-05-01,2021,5,Otros departamentos,10,Aseo del hogar,0,113.7881,-34.3000,3.3030,17.2200,22388.7347,-34.2000,1.9489,17.3100,29445.1393,0,609581.0000,594736.0000
2021-05-01,2021,5,Otros departamentos,11,Informatica y telecomunicaciones,0,119.1017,-34.3000,3.3030,17.2200,22388.7347,-34.2000,1.9489,17.3100,29445.1393,0,609581.0000,594736.0000
2021-05-01,2021,5,Otros departamentos,12,Sonido y video,0,116.0623,-34.3000,3.3030,17.2200,22388.7347,-34.2000,1.9489,17.3100,29445.1393,0,609581.0000,594736.0000
2021-05-01,2021,5,Otros departamentos,14,"Ferreteria, vidrios y pinturas",0,87.1041,-34.3000,3.3030,17.2200,22388.7347,-34.2000,1.9489,17.3100,29445.1393,0,609581.0000,594736.0000
2021-05-01,2021,5,Otros departamentos,15,Otras mercancias de uso domestico,0,85.2699,-34.3000,3.3030,17.2200,22388.7347,-34.2000,1.9489,17.3100,29445.1393,0,609581.0000,594736.0000
2021-06-01,2021,6,Antioquia,4,Prendas de vestir y textiles,0,89.2057,-22.3000,3.6296,17.2100,31350.4205,-34.3000,3.3030,17.2200,22388.7347,0,287686.0000,262138.0000
2021-06-01,2021,6,Antioquia,8,Electrodomesticos y muebles,1,121.0496,-22.3000,3.6296,17.2100,31350.4205,-34.3000,3.3030,17.2200,22388.7347,0,287686.0000,262138.0000
2021-06-01,2021,6,Antioquia,9,Articulos y utensilios domesticos,0,82.5737,-22.3000,3.6296,17.2100,31350.4205,-34.3000,3.3030,17.2200,22388.7347,0,287686.0000,262138.0000
2021-06-01,2021,6,Antioquia,10,Aseo del hogar,0,132.2304,-22.3000,3.6296,17.2100,31350.4205,-34.3000,3.3030,17.2200,22388.7347,0,287686.0000,262138.0000
2021-06-01,2021,6,Antioquia,11,Informatica y telecomunicaciones,0,126.8032,-22.3000,3.6296,17.2100,31350.4205,-34.3000,3.3030,17.2200,22388.7347,0,287686.0000,262138.0000
2021-06-01,2021,6,Antioquia,12,Sonido y video,0,90.4588,-22.3000,3.6296,17.2100,31350.4205,-34.3000,3.3030,17.2200,22388.7347,0,287686.0000,262138.0000
2021-06-01,2021,6,Antioquia,14,"Ferreteria, vidrios y pinturas",0,104.8620,-22.3000,3.6296,17.2100,31350.4205,-34.3000,3.3030,17.2200,22388.7347,0,287686.0000,262138.0000
2021-06-01,2021,6,Antioquia,15,Otras mercancias de uso domestico,0,113.1164,-22.3000,3.6296,17.2100,31350.4205,-34.3000,3.3030,17.2200,22388.7347,0,287686.0000,262138.0000
2021-06-01,2021,6,Atlantico,4,Prendas de vestir y textiles,0,94.1760,-22.3000,3.6296,17.2100,31350.4205,-34.3000,3.3030,17.2200,22388.7347,0,63760.0000,102700.0000
2021-06-01,2021,6,Atlantico,8,Electrodomesticos y muebles,1,105.5407,-22.3000,3.6296,17.2100,31350.4205,-34.3000,3.3030,17.2200,22388.7347,0,63760.0000,102700.0000
2021-06-01,2021,6,Atlantico,9,Articulos y utensilios domesticos,0,115.4818,-22.3000,3.6296,17.2100,31350.4205,-34.3000,3.3030,17.2200,22388.7347,0,63760.0000,102700.0000
2021-06-01,2021,6,Atlantico,10,Aseo del hogar,0,135.9770,-22.3000,3.6296,17.2100,31350.4205,-34.3000,3.3030,17.2200,22388.7347,0,63760.0000,102700.0000
2021-06-01,2021,6,Atlantico,11,Informatica y telecomunicaciones,0,128.4839,-22.3000,3.6296,17.2100,31350.4205,-34.3000,3.3030,17.2200,22388.7347,0,63760.0000,102700.0000
2021-06-01,2021,6,Atlantico,12,Sonido y video,0,114.3994,-22.3000,3.6296,17.2100,31350.4205,-34.3000,3.3030,17.2200,22388.7347,0,63760.0000,102700.0000
2021-06-01,2021,6,Atlantico,14,"Ferreteria, vidrios y pinturas",0,114.5334,-22.3000,3.6296,17.2100,31350.4205,-34.3000,3.3030,17.2200,22388.7347,0,63760.0000,102700.0000
2021-06-01,2021,6,Atlantico,15,Otras mercancias de uso domestico,0,75.8619,-22.3000,3.6296,17.2100,31350.4205,-34.3000,3.3030,17.2200,22388.7347,0,63760.0000,102700.0000
2021-06-01,2021,6,Bogota,4,Prendas de vestir y textiles,0,97.8497,-22.3000,3.6296,17.2100,31350.4205,-34.3000,3.3030,17.2200,22388.7347,0,309879.0000,310615.0000
2021-06-01,2021,6,Bogota,8,Electrodomesticos y muebles,1,116.2798,-22.3000,3.6296,17.2100,31350.4205,-34.3000,3.3030,17.2200,22388.7347,0,309879.0000,310615.0000
2021-06-01,2021,6,Bogota,9,Articulos y utensilios domesticos,0,96.6925,-22.3000,3.6296,17.2100,31350.4205,-34.3000,3.3030,17.2200,22388.7347,0,309879.0000,310615.0000
2021-06-01,2021,6,Bogota,10,Aseo del hogar,0,140.7711,-22.3000,3.6296,17.2100,31350.4205,-34.3000,3.3030,17.2200,22388.7347,0,309879.0000,310615.0000
2021-06-01,2021,6,Bogota,11,Informatica y telecomunicaciones,0,136.6524,-22.3000,3.6296,17.2100,31350.4205,-34.3000,3.3030,17.2200,22388.7347,0,309879.0000,310615.0000
2021-06-01,2021,6,Bogota,12,Sonido y video,0,87.4173,-22.3000,3.6296,17.2100,31350.4205,-34.3000,3.3030,17.2200,22388.7347,0,309879.0000,310615.0000
2021-06-01,2021,6,Bogota,14,"Ferreteria, vidrios y pinturas",0,112.3155,-22.3000,3.6296,17.2100,31350.4205,-34.3000,3.3030,17.2200,22388.7347,0,309879.0000,310615.0000
2021-06-01,2021,6,Bogota,15,Otras mercancias de uso domestico,0,98.1754,-22.3000,3.6296,17.2100,31350.4205,-34.3000,3.3030,17.2200,22388.7347,0,309879.0000,310615.0000
2021-06-01,2021,6,Cundinamarca,4,Prendas de vestir y textiles,0,104.4993,-22.3000,3.6296,17.2100,31350.4205,-34.3000,3.3030,17.2200,22388.7347,0,101624.0000,121457.0000
2021-06-01,2021,6,Cundinamarca,8,Electrodomesticos y muebles,1,168.5160,-22.3000,3.6296,17.2100,31350.4205,-34.3000,3.3030,17.2200,22388.7347,0,101624.0000,121457.0000
2021-06-01,2021,6,Cundinamarca,9,Articulos y utensilios domesticos,0,92.9311,-22.3000,3.6296,17.2100,31350.4205,-34.3000,3.3030,17.2200,22388.7347,0,101624.0000,121457.0000
2021-06-01,2021,6,Cundinamarca,10,Aseo del hogar,0,193.0986,-22.3000,3.6296,17.2100,31350.4205,-34.3000,3.3030,17.2200,22388.7347,0,101624.0000,121457.0000
2021-06-01,2021,6,Cundinamarca,11,Informatica y telecomunicaciones,0,171.9898,-22.3000,3.6296,17.2100,31350.4205,-34.3000,3.3030,17.2200,22388.7347,0,101624.0000,121457.0000
2021-06-01,2021,6,Cundinamarca,12,Sonido y video,0,107.1569,-22.3000,3.6296,17.2100,31350.4205,-34.3000,3.3030,17.2200,22388.7347,0,101624.0000,121457.0000
2021-06-01,2021,6,Cundinamarca,14,"Ferreteria, vidrios y pinturas",0,121.4806,-22.3000,3.6296,17.2100,31350.4205,-34.3000,3.3030,17.2200,22388.7347,0,101624.0000,121457.0000
2021-06-01,2021,6,Cundinamarca,15,Otras mercancias de uso domestico,0,98.0107,-22.3000,3.6296,17.2100,31350.4205,-34.3000,3.3030,17.2200,22388.7347,0,101624.0000,121457.0000
2021-06-01,2021,6,Santander,4,Prendas de vestir y textiles,0,91.1458,-22.3000,3.6296,17.2100,31350.4205,-34.3000,3.3030,17.2200,22388.7347,0,123355.0000,88306.0000
2021-06-01,2021,6,Santander,8,Electrodomesticos y muebles,1,103.3453,-22.3000,3.6296,17.2100,31350.4205,-34.3000,3.3030,17.2200,22388.7347,0,123355.0000,88306.0000
2021-06-01,2021,6,Santander,9,Articulos y utensilios domesticos,0,102.1045,-22.3000,3.6296,17.2100,31350.4205,-34.3000,3.3030,17.2200,22388.7347,0,123355.0000,88306.0000
2021-06-01,2021,6,Santander,10,Aseo del hogar,0,125.4307,-22.3000,3.6296,17.2100,31350.4205,-34.3000,3.3030,17.2200,22388.7347,0,123355.0000,88306.0000
2021-06-01,2021,6,Santander,11,Informatica y telecomunicaciones,0,124.5665,-22.3000,3.6296,17.2100,31350.4205,-34.3000,3.3030,17.2200,22388.7347,0,123355.0000,88306.0000
2021-06-01,2021,6,Santander,12,Sonido y video,0,101.4068,-22.3000,3.6296,17.2100,31350.4205,-34.3000,3.3030,17.2200,22388.7347,0,123355.0000,88306.0000
2021-06-01,2021,6,Santander,14,"Ferreteria, vidrios y pinturas",0,102.9704,-22.3000,3.6296,17.2100,31350.4205,-34.3000,3.3030,17.2200,22388.7347,0,123355.0000,88306.0000
2021-06-01,2021,6,Santander,15,Otras mercancias de uso domestico,0,95.4808,-22.3000,3.6296,17.2100,31350.4205,-34.3000,3.3030,17.2200,22388.7347,0,123355.0000,88306.0000
2021-06-01,2021,6,Valle del Cauca,4,Prendas de vestir y textiles,0,86.3329,-22.3000,3.6296,17.2100,31350.4205,-34.3000,3.3030,17.2200,22388.7347,0,259927.0000,148928.0000
2021-06-01,2021,6,Valle del Cauca,8,Electrodomesticos y muebles,1,100.5436,-22.3000,3.6296,17.2100,31350.4205,-34.3000,3.3030,17.2200,22388.7347,0,259927.0000,148928.0000
2021-06-01,2021,6,Valle del Cauca,9,Articulos y utensilios domesticos,0,85.6417,-22.3000,3.6296,17.2100,31350.4205,-34.3000,3.3030,17.2200,22388.7347,0,259927.0000,148928.0000
2021-06-01,2021,6,Valle del Cauca,10,Aseo del hogar,0,115.3531,-22.3000,3.6296,17.2100,31350.4205,-34.3000,3.3030,17.2200,22388.7347,0,259927.0000,148928.0000
2021-06-01,2021,6,Valle del Cauca,11,Informatica y telecomunicaciones,0,105.6274,-22.3000,3.6296,17.2100,31350.4205,-34.3000,3.3030,17.2200,22388.7347,0,259927.0000,148928.0000
2021-06-01,2021,6,Valle del Cauca,12,Sonido y video,0,93.8218,-22.3000,3.6296,17.2100,31350.4205,-34.3000,3.3030,17.2200,22388.7347,0,259927.0000,148928.0000
2021-06-01,2021,6,Valle del Cauca,14,"Ferreteria, vidrios y pinturas",0,109.5426,-22.3000,3.6296,17.2100,31350.4205,-34.3000,3.3030,17.2200,22388.7347,0,259927.0000,148928.0000
2021-06-01,2021,6,Valle del Cauca,15,Otras mercancias de uso domestico,0,86.4564,-22.3000,3.6296,17.2100,31350.4205,-34.3000,3.3030,17.2200,22388.7347,0,259927.0000,148928.0000
2021-06-01,2021,6,Otros departamentos,4,Prendas de vestir y textiles,0,103.5687,-22.3000,3.6296,17.2100,31350.4205,-34.3000,3.3030,17.2200,22388.7347,0,667134.0000,609581.0000
2021-06-01,2021,6,Otros departamentos,8,Electrodomesticos y muebles,1,113.4864,-22.3000,3.6296,17.2100,31350.4205,-34.3000,3.3030,17.2200,22388.7347,0,667134.0000,609581.0000
2021-06-01,2021,6,Otros departamentos,9,Articulos y utensilios domesticos,0,131.9680,-22.3000,3.6296,17.2100,31350.4205,-34.3000,3.3030,17.2200,22388.7347,0,667134.0000,609581.0000
2021-06-01,2021,6,Otros departamentos,10,Aseo del hogar,0,119.9058,-22.3000,3.6296,17.2100,31350.4205,-34.3000,3.3030,17.2200,22388.7347,0,667134.0000,609581.0000
2021-06-01,2021,6,Otros departamentos,11,Informatica y telecomunicaciones,0,141.9054,-22.3000,3.6296,17.2100,31350.4205,-34.3000,3.3030,17.2200,22388.7347,0,667134.0000,609581.0000
2021-06-01,2021,6,Otros departamentos,12,Sonido y video,0,122.4123,-22.3000,3.6296,17.2100,31350.4205,-34.3000,3.3030,17.2200,22388.7347,0,667134.0000,609581.0000
2021-06-01,2021,6,Otros departamentos,14,"Ferreteria, vidrios y pinturas",0,125.2014,-22.3000,3.6296,17.2100,31350.4205,-34.3000,3.3030,17.2200,22388.7347,0,667134.0000,609581.0000
2021-06-01,2021,6,Otros departamentos,15,Otras mercancias de uso domestico,0,97.7232,-22.3000,3.6296,17.2100,31350.4205,-34.3000,3.3030,17.2200,22388.7347,0,667134.0000,609581.0000
2021-07-01,2021,7,Antioquia,4,Prendas de vestir y textiles,0,114.2991,-7.5000,3.9726,17.1800,37549.6166,-22.3000,3.6296,17.2100,31350.4205,0,321129.0000,287686.0000
2021-07-01,2021,7,Antioquia,8,Electrodomesticos y muebles,1,158.3217,-7.5000,3.9726,17.1800,37549.6166,-22.3000,3.6296,17.2100,31350.4205,0,321129.0000,287686.0000
2021-07-01,2021,7,Antioquia,9,Articulos y utensilios domesticos,0,105.6760,-7.5000,3.9726,17.1800,37549.6166,-22.3000,3.6296,17.2100,31350.4205,0,321129.0000,287686.0000
2021-07-01,2021,7,Antioquia,10,Aseo del hogar,0,163.9664,-7.5000,3.9726,17.1800,37549.6166,-22.3000,3.6296,17.2100,31350.4205,0,321129.0000,287686.0000
2021-07-01,2021,7,Antioquia,11,Informatica y telecomunicaciones,0,123.7047,-7.5000,3.9726,17.1800,37549.6166,-22.3000,3.6296,17.2100,31350.4205,0,321129.0000,287686.0000
2021-07-01,2021,7,Antioquia,12,Sonido y video,0,80.2721,-7.5000,3.9726,17.1800,37549.6166,-22.3000,3.6296,17.2100,31350.4205,0,321129.0000,287686.0000
2021-07-01,2021,7,Antioquia,14,"Ferreteria, vidrios y pinturas",0,114.4186,-7.5000,3.9726,17.1800,37549.6166,-22.3000,3.6296,17.2100,31350.4205,0,321129.0000,287686.0000
2021-07-01,2021,7,Antioquia,15,Otras mercancias de uso domestico,0,113.8913,-7.5000,3.9726,17.1800,37549.6166,-22.3000,3.6296,17.2100,31350.4205,0,321129.0000,287686.0000
2021-07-01,2021,7,Atlantico,4,Prendas de vestir y textiles,0,97.4843,-7.5000,3.9726,17.1800,37549.6166,-22.3000,3.6296,17.2100,31350.4205,0,115836.0000,63760.0000
2021-07-01,2021,7,Atlantico,8,Electrodomesticos y muebles,1,99.6912,-7.5000,3.9726,17.1800,37549.6166,-22.3000,3.6296,17.2100,31350.4205,0,115836.0000,63760.0000
2021-07-01,2021,7,Atlantico,9,Articulos y utensilios domesticos,0,133.0607,-7.5000,3.9726,17.1800,37549.6166,-22.3000,3.6296,17.2100,31350.4205,0,115836.0000,63760.0000
2021-07-01,2021,7,Atlantico,10,Aseo del hogar,0,177.7657,-7.5000,3.9726,17.1800,37549.6166,-22.3000,3.6296,17.2100,31350.4205,0,115836.0000,63760.0000
2021-07-01,2021,7,Atlantico,11,Informatica y telecomunicaciones,0,167.2346,-7.5000,3.9726,17.1800,37549.6166,-22.3000,3.6296,17.2100,31350.4205,0,115836.0000,63760.0000
2021-07-01,2021,7,Atlantico,12,Sonido y video,0,119.9793,-7.5000,3.9726,17.1800,37549.6166,-22.3000,3.6296,17.2100,31350.4205,0,115836.0000,63760.0000
2021-07-01,2021,7,Atlantico,14,"Ferreteria, vidrios y pinturas",0,127.7473,-7.5000,3.9726,17.1800,37549.6166,-22.3000,3.6296,17.2100,31350.4205,0,115836.0000,63760.0000
2021-07-01,2021,7,Atlantico,15,Otras mercancias de uso domestico,0,81.7676,-7.5000,3.9726,17.1800,37549.6166,-22.3000,3.6296,17.2100,31350.4205,0,115836.0000,63760.0000
2021-07-01,2021,7,Bogota,4,Prendas de vestir y textiles,0,108.2733,-7.5000,3.9726,17.1800,37549.6166,-22.3000,3.6296,17.2100,31350.4205,0,179729.0000,309879.0000
2021-07-01,2021,7,Bogota,8,Electrodomesticos y muebles,1,164.6518,-7.5000,3.9726,17.1800,37549.6166,-22.3000,3.6296,17.2100,31350.4205,0,179729.0000,309879.0000
2021-07-01,2021,7,Bogota,9,Articulos y utensilios domesticos,0,107.9574,-7.5000,3.9726,17.1800,37549.6166,-22.3000,3.6296,17.2100,31350.4205,0,179729.0000,309879.0000
2021-07-01,2021,7,Bogota,10,Aseo del hogar,0,146.0215,-7.5000,3.9726,17.1800,37549.6166,-22.3000,3.6296,17.2100,31350.4205,0,179729.0000,309879.0000
2021-07-01,2021,7,Bogota,11,Informatica y telecomunicaciones,0,179.8579,-7.5000,3.9726,17.1800,37549.6166,-22.3000,3.6296,17.2100,31350.4205,0,179729.0000,309879.0000
2021-07-01,2021,7,Bogota,12,Sonido y video,0,108.7375,-7.5000,3.9726,17.1800,37549.6166,-22.3000,3.6296,17.2100,31350.4205,0,179729.0000,309879.0000
2021-07-01,2021,7,Bogota,14,"Ferreteria, vidrios y pinturas",0,119.1608,-7.5000,3.9726,17.1800,37549.6166,-22.3000,3.6296,17.2100,31350.4205,0,179729.0000,309879.0000
2021-07-01,2021,7,Bogota,15,Otras mercancias de uso domestico,0,107.0091,-7.5000,3.9726,17.1800,37549.6166,-22.3000,3.6296,17.2100,31350.4205,0,179729.0000,309879.0000
2021-07-01,2021,7,Cundinamarca,4,Prendas de vestir y textiles,0,107.9184,-7.5000,3.9726,17.1800,37549.6166,-22.3000,3.6296,17.2100,31350.4205,0,163110.0000,101624.0000
2021-07-01,2021,7,Cundinamarca,8,Electrodomesticos y muebles,1,169.3093,-7.5000,3.9726,17.1800,37549.6166,-22.3000,3.6296,17.2100,31350.4205,0,163110.0000,101624.0000
2021-07-01,2021,7,Cundinamarca,9,Articulos y utensilios domesticos,0,124.7522,-7.5000,3.9726,17.1800,37549.6166,-22.3000,3.6296,17.2100,31350.4205,0,163110.0000,101624.0000
2021-07-01,2021,7,Cundinamarca,10,Aseo del hogar,0,173.1398,-7.5000,3.9726,17.1800,37549.6166,-22.3000,3.6296,17.2100,31350.4205,0,163110.0000,101624.0000
2021-07-01,2021,7,Cundinamarca,11,Informatica y telecomunicaciones,0,209.6287,-7.5000,3.9726,17.1800,37549.6166,-22.3000,3.6296,17.2100,31350.4205,0,163110.0000,101624.0000
2021-07-01,2021,7,Cundinamarca,12,Sonido y video,0,111.7892,-7.5000,3.9726,17.1800,37549.6166,-22.3000,3.6296,17.2100,31350.4205,0,163110.0000,101624.0000
2021-07-01,2021,7,Cundinamarca,14,"Ferreteria, vidrios y pinturas",0,176.7354,-7.5000,3.9726,17.1800,37549.6166,-22.3000,3.6296,17.2100,31350.4205,0,163110.0000,101624.0000
2021-07-01,2021,7,Cundinamarca,15,Otras mercancias de uso domestico,0,115.4998,-7.5000,3.9726,17.1800,37549.6166,-22.3000,3.6296,17.2100,31350.4205,0,163110.0000,101624.0000
2021-07-01,2021,7,Santander,4,Prendas de vestir y textiles,0,93.2030,-7.5000,3.9726,17.1800,37549.6166,-22.3000,3.6296,17.2100,31350.4205,0,81147.0000,123355.0000
2021-07-01,2021,7,Santander,8,Electrodomesticos y muebles,1,119.6051,-7.5000,3.9726,17.1800,37549.6166,-22.3000,3.6296,17.2100,31350.4205,0,81147.0000,123355.0000
2021-07-01,2021,7,Santander,9,Articulos y utensilios domesticos,0,102.1339,-7.5000,3.9726,17.1800,37549.6166,-22.3000,3.6296,17.2100,31350.4205,0,81147.0000,123355.0000
2021-07-01,2021,7,Santander,10,Aseo del hogar,0,108.3601,-7.5000,3.9726,17.1800,37549.6166,-22.3000,3.6296,17.2100,31350.4205,0,81147.0000,123355.0000
2021-07-01,2021,7,Santander,11,Informatica y telecomunicaciones,0,135.2007,-7.5000,3.9726,17.1800,37549.6166,-22.3000,3.6296,17.2100,31350.4205,0,81147.0000,123355.0000
2021-07-01,2021,7,Santander,12,Sonido y video,0,93.6547,-7.5000,3.9726,17.1800,37549.6166,-22.3000,3.6296,17.2100,31350.4205,0,81147.0000,123355.0000
2021-07-01,2021,7,Santander,14,"Ferreteria, vidrios y pinturas",0,95.7039,-7.5000,3.9726,17.1800,37549.6166,-22.3000,3.6296,17.2100,31350.4205,0,81147.0000,123355.0000
2021-07-01,2021,7,Santander,15,Otras mercancias de uso domestico,0,98.1151,-7.5000,3.9726,17.1800,37549.6166,-22.3000,3.6296,17.2100,31350.4205,0,81147.0000,123355.0000
2021-07-01,2021,7,Valle del Cauca,4,Prendas de vestir y textiles,0,77.5632,-7.5000,3.9726,17.1800,37549.6166,-22.3000,3.6296,17.2100,31350.4205,0,140565.0000,259927.0000
2021-07-01,2021,7,Valle del Cauca,8,Electrodomesticos y muebles,1,112.7911,-7.5000,3.9726,17.1800,37549.6166,-22.3000,3.6296,17.2100,31350.4205,0,140565.0000,259927.0000
2021-07-01,2021,7,Valle del Cauca,9,Articulos y utensilios domesticos,0,103.0227,-7.5000,3.9726,17.1800,37549.6166,-22.3000,3.6296,17.2100,31350.4205,0,140565.0000,259927.0000
2021-07-01,2021,7,Valle del Cauca,10,Aseo del hogar,0,132.3916,-7.5000,3.9726,17.1800,37549.6166,-22.3000,3.6296,17.2100,31350.4205,0,140565.0000,259927.0000
2021-07-01,2021,7,Valle del Cauca,11,Informatica y telecomunicaciones,0,126.9550,-7.5000,3.9726,17.1800,37549.6166,-22.3000,3.6296,17.2100,31350.4205,0,140565.0000,259927.0000
2021-07-01,2021,7,Valle del Cauca,12,Sonido y video,0,96.0137,-7.5000,3.9726,17.1800,37549.6166,-22.3000,3.6296,17.2100,31350.4205,0,140565.0000,259927.0000
2021-07-01,2021,7,Valle del Cauca,14,"Ferreteria, vidrios y pinturas",0,114.0006,-7.5000,3.9726,17.1800,37549.6166,-22.3000,3.6296,17.2100,31350.4205,0,140565.0000,259927.0000
2021-07-01,2021,7,Valle del Cauca,15,Otras mercancias de uso domestico,0,98.4013,-7.5000,3.9726,17.1800,37549.6166,-22.3000,3.6296,17.2100,31350.4205,0,140565.0000,259927.0000
2021-07-01,2021,7,Otros departamentos,4,Prendas de vestir y textiles,0,104.9950,-7.5000,3.9726,17.1800,37549.6166,-22.3000,3.6296,17.2100,31350.4205,0,620022.0000,667134.0000
2021-07-01,2021,7,Otros departamentos,8,Electrodomesticos y muebles,1,111.4204,-7.5000,3.9726,17.1800,37549.6166,-22.3000,3.6296,17.2100,31350.4205,0,620022.0000,667134.0000
2021-07-01,2021,7,Otros departamentos,9,Articulos y utensilios domesticos,0,130.2522,-7.5000,3.9726,17.1800,37549.6166,-22.3000,3.6296,17.2100,31350.4205,0,620022.0000,667134.0000
2021-07-01,2021,7,Otros departamentos,10,Aseo del hogar,0,134.1123,-7.5000,3.9726,17.1800,37549.6166,-22.3000,3.6296,17.2100,31350.4205,0,620022.0000,667134.0000
2021-07-01,2021,7,Otros departamentos,11,Informatica y telecomunicaciones,0,151.2642,-7.5000,3.9726,17.1800,37549.6166,-22.3000,3.6296,17.2100,31350.4205,0,620022.0000,667134.0000
2021-07-01,2021,7,Otros departamentos,12,Sonido y video,0,142.2175,-7.5000,3.9726,17.1800,37549.6166,-22.3000,3.6296,17.2100,31350.4205,0,620022.0000,667134.0000
2021-07-01,2021,7,Otros departamentos,14,"Ferreteria, vidrios y pinturas",0,128.4917,-7.5000,3.9726,17.1800,37549.6166,-22.3000,3.6296,17.2100,31350.4205,0,620022.0000,667134.0000
2021-07-01,2021,7,Otros departamentos,15,Otras mercancias de uso domestico,0,99.9802,-7.5000,3.9726,17.1800,37549.6166,-22.3000,3.6296,17.2100,31350.4205,0,620022.0000,667134.0000
2021-08-01,2021,8,Antioquia,4,Prendas de vestir y textiles,0,102.2129,-8.2000,4.4398,17.2400,39231.5154,-7.5000,3.9726,17.1800,37549.6166,0,389606.0000,321129.0000
2021-08-01,2021,8,Antioquia,8,Electrodomesticos y muebles,1,135.2333,-8.2000,4.4398,17.2400,39231.5154,-7.5000,3.9726,17.1800,37549.6166,0,389606.0000,321129.0000
2021-08-01,2021,8,Antioquia,9,Articulos y utensilios domesticos,0,120.8225,-8.2000,4.4398,17.2400,39231.5154,-7.5000,3.9726,17.1800,37549.6166,0,389606.0000,321129.0000
2021-08-01,2021,8,Antioquia,10,Aseo del hogar,0,155.0430,-8.2000,4.4398,17.2400,39231.5154,-7.5000,3.9726,17.1800,37549.6166,0,389606.0000,321129.0000
2021-08-01,2021,8,Antioquia,11,Informatica y telecomunicaciones,0,143.2434,-8.2000,4.4398,17.2400,39231.5154,-7.5000,3.9726,17.1800,37549.6166,0,389606.0000,321129.0000
2021-08-01,2021,8,Antioquia,12,Sonido y video,0,79.1021,-8.2000,4.4398,17.2400,39231.5154,-7.5000,3.9726,17.1800,37549.6166,0,389606.0000,321129.0000
2021-08-01,2021,8,Antioquia,14,"Ferreteria, vidrios y pinturas",0,115.6140,-8.2000,4.4398,17.2400,39231.5154,-7.5000,3.9726,17.1800,37549.6166,0,389606.0000,321129.0000
2021-08-01,2021,8,Antioquia,15,Otras mercancias de uso domestico,0,97.4630,-8.2000,4.4398,17.2400,39231.5154,-7.5000,3.9726,17.1800,37549.6166,0,389606.0000,321129.0000
2021-08-01,2021,8,Atlantico,4,Prendas de vestir y textiles,0,88.1911,-8.2000,4.4398,17.2400,39231.5154,-7.5000,3.9726,17.1800,37549.6166,0,97238.0000,115836.0000
2021-08-01,2021,8,Atlantico,8,Electrodomesticos y muebles,1,118.3229,-8.2000,4.4398,17.2400,39231.5154,-7.5000,3.9726,17.1800,37549.6166,0,97238.0000,115836.0000
2021-08-01,2021,8,Atlantico,9,Articulos y utensilios domesticos,0,125.6969,-8.2000,4.4398,17.2400,39231.5154,-7.5000,3.9726,17.1800,37549.6166,0,97238.0000,115836.0000
2021-08-01,2021,8,Atlantico,10,Aseo del hogar,0,195.9769,-8.2000,4.4398,17.2400,39231.5154,-7.5000,3.9726,17.1800,37549.6166,0,97238.0000,115836.0000
2021-08-01,2021,8,Atlantico,11,Informatica y telecomunicaciones,0,187.6828,-8.2000,4.4398,17.2400,39231.5154,-7.5000,3.9726,17.1800,37549.6166,0,97238.0000,115836.0000
2021-08-01,2021,8,Atlantico,12,Sonido y video,0,107.1778,-8.2000,4.4398,17.2400,39231.5154,-7.5000,3.9726,17.1800,37549.6166,0,97238.0000,115836.0000
2021-08-01,2021,8,Atlantico,14,"Ferreteria, vidrios y pinturas",0,158.6567,-8.2000,4.4398,17.2400,39231.5154,-7.5000,3.9726,17.1800,37549.6166,0,97238.0000,115836.0000
2021-08-01,2021,8,Atlantico,15,Otras mercancias de uso domestico,0,90.4509,-8.2000,4.4398,17.2400,39231.5154,-7.5000,3.9726,17.1800,37549.6166,0,97238.0000,115836.0000
2021-08-01,2021,8,Bogota,4,Prendas de vestir y textiles,0,104.1068,-8.2000,4.4398,17.2400,39231.5154,-7.5000,3.9726,17.1800,37549.6166,0,119603.0000,179729.0000
2021-08-01,2021,8,Bogota,8,Electrodomesticos y muebles,1,153.0364,-8.2000,4.4398,17.2400,39231.5154,-7.5000,3.9726,17.1800,37549.6166,0,119603.0000,179729.0000
2021-08-01,2021,8,Bogota,9,Articulos y utensilios domesticos,0,133.8508,-8.2000,4.4398,17.2400,39231.5154,-7.5000,3.9726,17.1800,37549.6166,0,119603.0000,179729.0000
2021-08-01,2021,8,Bogota,10,Aseo del hogar,0,155.4239,-8.2000,4.4398,17.2400,39231.5154,-7.5000,3.9726,17.1800,37549.6166,0,119603.0000,179729.0000
2021-08-01,2021,8,Bogota,11,Informatica y telecomunicaciones,0,177.8819,-8.2000,4.4398,17.2400,39231.5154,-7.5000,3.9726,17.1800,37549.6166,0,119603.0000,179729.0000
2021-08-01,2021,8,Bogota,12,Sonido y video,0,106.7309,-8.2000,4.4398,17.2400,39231.5154,-7.5000,3.9726,17.1800,37549.6166,0,119603.0000,179729.0000
2021-08-01,2021,8,Bogota,14,"Ferreteria, vidrios y pinturas",0,120.6065,-8.2000,4.4398,17.2400,39231.5154,-7.5000,3.9726,17.1800,37549.6166,0,119603.0000,179729.0000
2021-08-01,2021,8,Bogota,15,Otras mercancias de uso domestico,0,119.1086,-8.2000,4.4398,17.2400,39231.5154,-7.5000,3.9726,17.1800,37549.6166,0,119603.0000,179729.0000
2021-08-01,2021,8,Cundinamarca,4,Prendas de vestir y textiles,0,116.7080,-8.2000,4.4398,17.2400,39231.5154,-7.5000,3.9726,17.1800,37549.6166,0,113622.0000,163110.0000
2021-08-01,2021,8,Cundinamarca,8,Electrodomesticos y muebles,1,165.4478,-8.2000,4.4398,17.2400,39231.5154,-7.5000,3.9726,17.1800,37549.6166,0,113622.0000,163110.0000
2021-08-01,2021,8,Cundinamarca,9,Articulos y utensilios domesticos,0,142.8107,-8.2000,4.4398,17.2400,39231.5154,-7.5000,3.9726,17.1800,37549.6166,0,113622.0000,163110.0000
2021-08-01,2021,8,Cundinamarca,10,Aseo del hogar,0,159.6717,-8.2000,4.4398,17.2400,39231.5154,-7.5000,3.9726,17.1800,37549.6166,0,113622.0000,163110.0000
2021-08-01,2021,8,Cundinamarca,11,Informatica y telecomunicaciones,0,229.7841,-8.2000,4.4398,17.2400,39231.5154,-7.5000,3.9726,17.1800,37549.6166,0,113622.0000,163110.0000
2021-08-01,2021,8,Cundinamarca,12,Sonido y video,0,105.3639,-8.2000,4.4398,17.2400,39231.5154,-7.5000,3.9726,17.1800,37549.6166,0,113622.0000,163110.0000
2021-08-01,2021,8,Cundinamarca,14,"Ferreteria, vidrios y pinturas",0,242.5860,-8.2000,4.4398,17.2400,39231.5154,-7.5000,3.9726,17.1800,37549.6166,0,113622.0000,163110.0000
2021-08-01,2021,8,Cundinamarca,15,Otras mercancias de uso domestico,0,129.8424,-8.2000,4.4398,17.2400,39231.5154,-7.5000,3.9726,17.1800,37549.6166,0,113622.0000,163110.0000
2021-08-01,2021,8,Santander,4,Prendas de vestir y textiles,0,85.8860,-8.2000,4.4398,17.2400,39231.5154,-7.5000,3.9726,17.1800,37549.6166,0,65280.0000,81147.0000
2021-08-01,2021,8,Santander,8,Electrodomesticos y muebles,1,105.9384,-8.2000,4.4398,17.2400,39231.5154,-7.5000,3.9726,17.1800,37549.6166,0,65280.0000,81147.0000
2021-08-01,2021,8,Santander,9,Articulos y utensilios domesticos,0,122.0924,-8.2000,4.4398,17.2400,39231.5154,-7.5000,3.9726,17.1800,37549.6166,0,65280.0000,81147.0000
2021-08-01,2021,8,Santander,10,Aseo del hogar,0,121.1016,-8.2000,4.4398,17.2400,39231.5154,-7.5000,3.9726,17.1800,37549.6166,0,65280.0000,81147.0000
2021-08-01,2021,8,Santander,11,Informatica y telecomunicaciones,0,142.7524,-8.2000,4.4398,17.2400,39231.5154,-7.5000,3.9726,17.1800,37549.6166,0,65280.0000,81147.0000
2021-08-01,2021,8,Santander,12,Sonido y video,0,91.8990,-8.2000,4.4398,17.2400,39231.5154,-7.5000,3.9726,17.1800,37549.6166,0,65280.0000,81147.0000
2021-08-01,2021,8,Santander,14,"Ferreteria, vidrios y pinturas",0,119.0546,-8.2000,4.4398,17.2400,39231.5154,-7.5000,3.9726,17.1800,37549.6166,0,65280.0000,81147.0000
2021-08-01,2021,8,Santander,15,Otras mercancias de uso domestico,0,110.4472,-8.2000,4.4398,17.2400,39231.5154,-7.5000,3.9726,17.1800,37549.6166,0,65280.0000,81147.0000
2021-08-01,2021,8,Valle del Cauca,4,Prendas de vestir y textiles,0,82.8062,-8.2000,4.4398,17.2400,39231.5154,-7.5000,3.9726,17.1800,37549.6166,0,195480.0000,140565.0000
2021-08-01,2021,8,Valle del Cauca,8,Electrodomesticos y muebles,1,121.1680,-8.2000,4.4398,17.2400,39231.5154,-7.5000,3.9726,17.1800,37549.6166,0,195480.0000,140565.0000
2021-08-01,2021,8,Valle del Cauca,9,Articulos y utensilios domesticos,0,110.8260,-8.2000,4.4398,17.2400,39231.5154,-7.5000,3.9726,17.1800,37549.6166,0,195480.0000,140565.0000
2021-08-01,2021,8,Valle del Cauca,10,Aseo del hogar,0,148.0895,-8.2000,4.4398,17.2400,39231.5154,-7.5000,3.9726,17.1800,37549.6166,0,195480.0000,140565.0000
2021-08-01,2021,8,Valle del Cauca,11,Informatica y telecomunicaciones,0,157.5052,-8.2000,4.4398,17.2400,39231.5154,-7.5000,3.9726,17.1800,37549.6166,0,195480.0000,140565.0000
2021-08-01,2021,8,Valle del Cauca,12,Sonido y video,0,101.9088,-8.2000,4.4398,17.2400,39231.5154,-7.5000,3.9726,17.1800,37549.6166,0,195480.0000,140565.0000
2021-08-01,2021,8,Valle del Cauca,14,"Ferreteria, vidrios y pinturas",0,125.5194,-8.2000,4.4398,17.2400,39231.5154,-7.5000,3.9726,17.1800,37549.6166,0,195480.0000,140565.0000
2021-08-01,2021,8,Valle del Cauca,15,Otras mercancias de uso domestico,0,96.0647,-8.2000,4.4398,17.2400,39231.5154,-7.5000,3.9726,17.1800,37549.6166,0,195480.0000,140565.0000
2021-08-01,2021,8,Otros departamentos,4,Prendas de vestir y textiles,0,95.5852,-8.2000,4.4398,17.2400,39231.5154,-7.5000,3.9726,17.1800,37549.6166,0,915463.0000,620022.0000
2021-08-01,2021,8,Otros departamentos,8,Electrodomesticos y muebles,1,125.2814,-8.2000,4.4398,17.2400,39231.5154,-7.5000,3.9726,17.1800,37549.6166,0,915463.0000,620022.0000
2021-08-01,2021,8,Otros departamentos,9,Articulos y utensilios domesticos,0,101.2537,-8.2000,4.4398,17.2400,39231.5154,-7.5000,3.9726,17.1800,37549.6166,0,915463.0000,620022.0000
2021-08-01,2021,8,Otros departamentos,10,Aseo del hogar,0,117.2449,-8.2000,4.4398,17.2400,39231.5154,-7.5000,3.9726,17.1800,37549.6166,0,915463.0000,620022.0000
2021-08-01,2021,8,Otros departamentos,11,Informatica y telecomunicaciones,0,180.3271,-8.2000,4.4398,17.2400,39231.5154,-7.5000,3.9726,17.1800,37549.6166,0,915463.0000,620022.0000
2021-08-01,2021,8,Otros departamentos,12,Sonido y video,0,132.0198,-8.2000,4.4398,17.2400,39231.5154,-7.5000,3.9726,17.1800,37549.6166,0,915463.0000,620022.0000
2021-08-01,2021,8,Otros departamentos,14,"Ferreteria, vidrios y pinturas",0,115.0874,-8.2000,4.4398,17.2400,39231.5154,-7.5000,3.9726,17.1800,37549.6166,0,915463.0000,620022.0000
2021-08-01,2021,8,Otros departamentos,15,Otras mercancias de uso domestico,0,104.4650,-8.2000,4.4398,17.2400,39231.5154,-7.5000,3.9726,17.1800,37549.6166,0,915463.0000,620022.0000
2021-09-01,2021,9,Antioquia,4,Prendas de vestir y textiles,0,99.5436,-3.0000,4.5113,17.1900,42028.1853,-8.2000,4.4398,17.2400,39231.5154,0,260052.0000,389606.0000
2021-09-01,2021,9,Antioquia,8,Electrodomesticos y muebles,1,109.5846,-3.0000,4.5113,17.1900,42028.1853,-8.2000,4.4398,17.2400,39231.5154,0,260052.0000,389606.0000
2021-09-01,2021,9,Antioquia,9,Articulos y utensilios domesticos,0,131.4714,-3.0000,4.5113,17.1900,42028.1853,-8.2000,4.4398,17.2400,39231.5154,0,260052.0000,389606.0000
2021-09-01,2021,9,Antioquia,10,Aseo del hogar,0,121.4982,-3.0000,4.5113,17.1900,42028.1853,-8.2000,4.4398,17.2400,39231.5154,0,260052.0000,389606.0000
2021-09-01,2021,9,Antioquia,11,Informatica y telecomunicaciones,0,116.3519,-3.0000,4.5113,17.1900,42028.1853,-8.2000,4.4398,17.2400,39231.5154,0,260052.0000,389606.0000
2021-09-01,2021,9,Antioquia,12,Sonido y video,0,71.7752,-3.0000,4.5113,17.1900,42028.1853,-8.2000,4.4398,17.2400,39231.5154,0,260052.0000,389606.0000
2021-09-01,2021,9,Antioquia,14,"Ferreteria, vidrios y pinturas",0,129.9759,-3.0000,4.5113,17.1900,42028.1853,-8.2000,4.4398,17.2400,39231.5154,0,260052.0000,389606.0000
2021-09-01,2021,9,Antioquia,15,Otras mercancias de uso domestico,0,87.4104,-3.0000,4.5113,17.1900,42028.1853,-8.2000,4.4398,17.2400,39231.5154,0,260052.0000,389606.0000
2021-09-01,2021,9,Atlantico,4,Prendas de vestir y textiles,0,98.6818,-3.0000,4.5113,17.1900,42028.1853,-8.2000,4.4398,17.2400,39231.5154,0,48678.0000,97238.0000
2021-09-01,2021,9,Atlantico,8,Electrodomesticos y muebles,1,95.2405,-3.0000,4.5113,17.1900,42028.1853,-8.2000,4.4398,17.2400,39231.5154,0,48678.0000,97238.0000
2021-09-01,2021,9,Atlantico,9,Articulos y utensilios domesticos,0,119.4664,-3.0000,4.5113,17.1900,42028.1853,-8.2000,4.4398,17.2400,39231.5154,0,48678.0000,97238.0000
2021-09-01,2021,9,Atlantico,10,Aseo del hogar,0,157.6679,-3.0000,4.5113,17.1900,42028.1853,-8.2000,4.4398,17.2400,39231.5154,0,48678.0000,97238.0000
2021-09-01,2021,9,Atlantico,11,Informatica y telecomunicaciones,0,144.9875,-3.0000,4.5113,17.1900,42028.1853,-8.2000,4.4398,17.2400,39231.5154,0,48678.0000,97238.0000
2021-09-01,2021,9,Atlantico,12,Sonido y video,0,92.7934,-3.0000,4.5113,17.1900,42028.1853,-8.2000,4.4398,17.2400,39231.5154,0,48678.0000,97238.0000
2021-09-01,2021,9,Atlantico,14,"Ferreteria, vidrios y pinturas",0,138.5794,-3.0000,4.5113,17.1900,42028.1853,-8.2000,4.4398,17.2400,39231.5154,0,48678.0000,97238.0000
2021-09-01,2021,9,Atlantico,15,Otras mercancias de uso domestico,0,77.7691,-3.0000,4.5113,17.1900,42028.1853,-8.2000,4.4398,17.2400,39231.5154,0,48678.0000,97238.0000
2021-09-01,2021,9,Bogota,4,Prendas de vestir y textiles,0,108.7444,-3.0000,4.5113,17.1900,42028.1853,-8.2000,4.4398,17.2400,39231.5154,0,201748.0000,119603.0000
2021-09-01,2021,9,Bogota,8,Electrodomesticos y muebles,1,130.6271,-3.0000,4.5113,17.1900,42028.1853,-8.2000,4.4398,17.2400,39231.5154,0,201748.0000,119603.0000
2021-09-01,2021,9,Bogota,9,Articulos y utensilios domesticos,0,127.4178,-3.0000,4.5113,17.1900,42028.1853,-8.2000,4.4398,17.2400,39231.5154,0,201748.0000,119603.0000
2021-09-01,2021,9,Bogota,10,Aseo del hogar,0,128.9672,-3.0000,4.5113,17.1900,42028.1853,-8.2000,4.4398,17.2400,39231.5154,0,201748.0000,119603.0000
2021-09-01,2021,9,Bogota,11,Informatica y telecomunicaciones,0,162.1833,-3.0000,4.5113,17.1900,42028.1853,-8.2000,4.4398,17.2400,39231.5154,0,201748.0000,119603.0000
2021-09-01,2021,9,Bogota,12,Sonido y video,0,87.6943,-3.0000,4.5113,17.1900,42028.1853,-8.2000,4.4398,17.2400,39231.5154,0,201748.0000,119603.0000
2021-09-01,2021,9,Bogota,14,"Ferreteria, vidrios y pinturas",0,124.5649,-3.0000,4.5113,17.1900,42028.1853,-8.2000,4.4398,17.2400,39231.5154,0,201748.0000,119603.0000
2021-09-01,2021,9,Bogota,15,Otras mercancias de uso domestico,0,131.1708,-3.0000,4.5113,17.1900,42028.1853,-8.2000,4.4398,17.2400,39231.5154,0,201748.0000,119603.0000
2021-09-01,2021,9,Cundinamarca,4,Prendas de vestir y textiles,0,109.6809,-3.0000,4.5113,17.1900,42028.1853,-8.2000,4.4398,17.2400,39231.5154,0,208929.0000,113622.0000
2021-09-01,2021,9,Cundinamarca,8,Electrodomesticos y muebles,1,149.3002,-3.0000,4.5113,17.1900,42028.1853,-8.2000,4.4398,17.2400,39231.5154,0,208929.0000,113622.0000
2021-09-01,2021,9,Cundinamarca,9,Articulos y utensilios domesticos,0,147.2095,-3.0000,4.5113,17.1900,42028.1853,-8.2000,4.4398,17.2400,39231.5154,0,208929.0000,113622.0000
2021-09-01,2021,9,Cundinamarca,10,Aseo del hogar,0,152.0526,-3.0000,4.5113,17.1900,42028.1853,-8.2000,4.4398,17.2400,39231.5154,0,208929.0000,113622.0000
2021-09-01,2021,9,Cundinamarca,11,Informatica y telecomunicaciones,0,176.7777,-3.0000,4.5113,17.1900,42028.1853,-8.2000,4.4398,17.2400,39231.5154,0,208929.0000,113622.0000
2021-09-01,2021,9,Cundinamarca,12,Sonido y video,0,69.5679,-3.0000,4.5113,17.1900,42028.1853,-8.2000,4.4398,17.2400,39231.5154,0,208929.0000,113622.0000
2021-09-01,2021,9,Cundinamarca,14,"Ferreteria, vidrios y pinturas",0,190.6549,-3.0000,4.5113,17.1900,42028.1853,-8.2000,4.4398,17.2400,39231.5154,0,208929.0000,113622.0000
2021-09-01,2021,9,Cundinamarca,15,Otras mercancias de uso domestico,0,120.0984,-3.0000,4.5113,17.1900,42028.1853,-8.2000,4.4398,17.2400,39231.5154,0,208929.0000,113622.0000
2021-09-01,2021,9,Santander,4,Prendas de vestir y textiles,0,93.4896,-3.0000,4.5113,17.1900,42028.1853,-8.2000,4.4398,17.2400,39231.5154,0,108241.0000,65280.0000
2021-09-01,2021,9,Santander,8,Electrodomesticos y muebles,1,77.7426,-3.0000,4.5113,17.1900,42028.1853,-8.2000,4.4398,17.2400,39231.5154,0,108241.0000,65280.0000
2021-09-01,2021,9,Santander,9,Articulos y utensilios domesticos,0,122.7200,-3.0000,4.5113,17.1900,42028.1853,-8.2000,4.4398,17.2400,39231.5154,0,108241.0000,65280.0000
2021-09-01,2021,9,Santander,10,Aseo del hogar,0,102.6773,-3.0000,4.5113,17.1900,42028.1853,-8.2000,4.4398,17.2400,39231.5154,0,108241.0000,65280.0000
2021-09-01,2021,9,Santander,11,Informatica y telecomunicaciones,0,128.5479,-3.0000,4.5113,17.1900,42028.1853,-8.2000,4.4398,17.2400,39231.5154,0,108241.0000,65280.0000
2021-09-01,2021,9,Santander,12,Sonido y video,0,77.8679,-3.0000,4.5113,17.1900,42028.1853,-8.2000,4.4398,17.2400,39231.5154,0,108241.0000,65280.0000
2021-09-01,2021,9,Santander,14,"Ferreteria, vidrios y pinturas",0,139.7115,-3.0000,4.5113,17.1900,42028.1853,-8.2000,4.4398,17.2400,39231.5154,0,108241.0000,65280.0000
2021-09-01,2021,9,Santander,15,Otras mercancias de uso domestico,0,113.9652,-3.0000,4.5113,17.1900,42028.1853,-8.2000,4.4398,17.2400,39231.5154,0,108241.0000,65280.0000
2021-09-01,2021,9,Valle del Cauca,4,Prendas de vestir y textiles,0,95.6630,-3.0000,4.5113,17.1900,42028.1853,-8.2000,4.4398,17.2400,39231.5154,0,110117.0000,195480.0000
2021-09-01,2021,9,Valle del Cauca,8,Electrodomesticos y muebles,1,114.9722,-3.0000,4.5113,17.1900,42028.1853,-8.2000,4.4398,17.2400,39231.5154,0,110117.0000,195480.0000
2021-09-01,2021,9,Valle del Cauca,9,Articulos y utensilios domesticos,0,116.2848,-3.0000,4.5113,17.1900,42028.1853,-8.2000,4.4398,17.2400,39231.5154,0,110117.0000,195480.0000
2021-09-01,2021,9,Valle del Cauca,10,Aseo del hogar,0,180.8579,-3.0000,4.5113,17.1900,42028.1853,-8.2000,4.4398,17.2400,39231.5154,0,110117.0000,195480.0000
2021-09-01,2021,9,Valle del Cauca,11,Informatica y telecomunicaciones,0,121.4182,-3.0000,4.5113,17.1900,42028.1853,-8.2000,4.4398,17.2400,39231.5154,0,110117.0000,195480.0000
2021-09-01,2021,9,Valle del Cauca,12,Sonido y video,0,81.3911,-3.0000,4.5113,17.1900,42028.1853,-8.2000,4.4398,17.2400,39231.5154,0,110117.0000,195480.0000
2021-09-01,2021,9,Valle del Cauca,14,"Ferreteria, vidrios y pinturas",0,151.8377,-3.0000,4.5113,17.1900,42028.1853,-8.2000,4.4398,17.2400,39231.5154,0,110117.0000,195480.0000
2021-09-01,2021,9,Valle del Cauca,15,Otras mercancias de uso domestico,0,105.0678,-3.0000,4.5113,17.1900,42028.1853,-8.2000,4.4398,17.2400,39231.5154,0,110117.0000,195480.0000
2021-09-01,2021,9,Otros departamentos,4,Prendas de vestir y textiles,0,102.7410,-3.0000,4.5113,17.1900,42028.1853,-8.2000,4.4398,17.2400,39231.5154,0,759362.0000,915463.0000
2021-09-01,2021,9,Otros departamentos,8,Electrodomesticos y muebles,1,113.0456,-3.0000,4.5113,17.1900,42028.1853,-8.2000,4.4398,17.2400,39231.5154,0,759362.0000,915463.0000
2021-09-01,2021,9,Otros departamentos,9,Articulos y utensilios domesticos,0,90.3694,-3.0000,4.5113,17.1900,42028.1853,-8.2000,4.4398,17.2400,39231.5154,0,759362.0000,915463.0000
2021-09-01,2021,9,Otros departamentos,10,Aseo del hogar,0,135.8540,-3.0000,4.5113,17.1900,42028.1853,-8.2000,4.4398,17.2400,39231.5154,0,759362.0000,915463.0000
2021-09-01,2021,9,Otros departamentos,11,Informatica y telecomunicaciones,0,143.7821,-3.0000,4.5113,17.1900,42028.1853,-8.2000,4.4398,17.2400,39231.5154,0,759362.0000,915463.0000
2021-09-01,2021,9,Otros departamentos,12,Sonido y video,0,112.3218,-3.0000,4.5113,17.1900,42028.1853,-8.2000,4.4398,17.2400,39231.5154,0,759362.0000,915463.0000
2021-09-01,2021,9,Otros departamentos,14,"Ferreteria, vidrios y pinturas",0,104.3594,-3.0000,4.5113,17.1900,42028.1853,-8.2000,4.4398,17.2400,39231.5154,0,759362.0000,915463.0000
2021-09-01,2021,9,Otros departamentos,15,Otras mercancias de uso domestico,0,103.0920,-3.0000,4.5113,17.1900,42028.1853,-8.2000,4.4398,17.2400,39231.5154,0,759362.0000,915463.0000
2021-10-01,2021,10,Antioquia,4,Prendas de vestir y textiles,0,114.5241,-1.3000,4.5899,17.0800,47774.6823,-3.0000,4.5113,17.1900,42028.1853,0,278655.0000,260052.0000
2021-10-01,2021,10,Antioquia,8,Electrodomesticos y muebles,1,164.8853,-1.3000,4.5899,17.0800,47774.6823,-3.0000,4.5113,17.1900,42028.1853,0,278655.0000,260052.0000
2021-10-01,2021,10,Antioquia,9,Articulos y utensilios domesticos,0,150.0975,-1.3000,4.5899,17.0800,47774.6823,-3.0000,4.5113,17.1900,42028.1853,0,278655.0000,260052.0000
2021-10-01,2021,10,Antioquia,10,Aseo del hogar,0,139.4721,-1.3000,4.5899,17.0800,47774.6823,-3.0000,4.5113,17.1900,42028.1853,0,278655.0000,260052.0000
2021-10-01,2021,10,Antioquia,11,Informatica y telecomunicaciones,0,148.3334,-1.3000,4.5899,17.0800,47774.6823,-3.0000,4.5113,17.1900,42028.1853,0,278655.0000,260052.0000
2021-10-01,2021,10,Antioquia,12,Sonido y video,0,149.6548,-1.3000,4.5899,17.0800,47774.6823,-3.0000,4.5113,17.1900,42028.1853,0,278655.0000,260052.0000
2021-10-01,2021,10,Antioquia,14,"Ferreteria, vidrios y pinturas",0,124.7140,-1.3000,4.5899,17.0800,47774.6823,-3.0000,4.5113,17.1900,42028.1853,0,278655.0000,260052.0000
2021-10-01,2021,10,Antioquia,15,Otras mercancias de uso domestico,0,107.8396,-1.3000,4.5899,17.0800,47774.6823,-3.0000,4.5113,17.1900,42028.1853,0,278655.0000,260052.0000
2021-10-01,2021,10,Atlantico,4,Prendas de vestir y textiles,0,134.9893,-1.3000,4.5899,17.0800,47774.6823,-3.0000,4.5113,17.1900,42028.1853,0,108818.0000,48678.0000
2021-10-01,2021,10,Atlantico,8,Electrodomesticos y muebles,1,146.2564,-1.3000,4.5899,17.0800,47774.6823,-3.0000,4.5113,17.1900,42028.1853,0,108818.0000,48678.0000
2021-10-01,2021,10,Atlantico,9,Articulos y utensilios domesticos,0,121.0583,-1.3000,4.5899,17.0800,47774.6823,-3.0000,4.5113,17.1900,42028.1853,0,108818.0000,48678.0000
2021-10-01,2021,10,Atlantico,10,Aseo del hogar,0,160.0482,-1.3000,4.5899,17.0800,47774.6823,-3.0000,4.5113,17.1900,42028.1853,0,108818.0000,48678.0000
2021-10-01,2021,10,Atlantico,11,Informatica y telecomunicaciones,0,249.9594,-1.3000,4.5899,17.0800,47774.6823,-3.0000,4.5113,17.1900,42028.1853,0,108818.0000,48678.0000
2021-10-01,2021,10,Atlantico,12,Sonido y video,0,210.1202,-1.3000,4.5899,17.0800,47774.6823,-3.0000,4.5113,17.1900,42028.1853,0,108818.0000,48678.0000
2021-10-01,2021,10,Atlantico,14,"Ferreteria, vidrios y pinturas",0,97.7112,-1.3000,4.5899,17.0800,47774.6823,-3.0000,4.5113,17.1900,42028.1853,0,108818.0000,48678.0000
2021-10-01,2021,10,Atlantico,15,Otras mercancias de uso domestico,0,96.9054,-1.3000,4.5899,17.0800,47774.6823,-3.0000,4.5113,17.1900,42028.1853,0,108818.0000,48678.0000
2021-10-01,2021,10,Bogota,4,Prendas de vestir y textiles,0,151.3369,-1.3000,4.5899,17.0800,47774.6823,-3.0000,4.5113,17.1900,42028.1853,0,74804.0000,201748.0000
2021-10-01,2021,10,Bogota,8,Electrodomesticos y muebles,1,181.6921,-1.3000,4.5899,17.0800,47774.6823,-3.0000,4.5113,17.1900,42028.1853,0,74804.0000,201748.0000
2021-10-01,2021,10,Bogota,9,Articulos y utensilios domesticos,0,145.7373,-1.3000,4.5899,17.0800,47774.6823,-3.0000,4.5113,17.1900,42028.1853,0,74804.0000,201748.0000
2021-10-01,2021,10,Bogota,10,Aseo del hogar,0,145.1783,-1.3000,4.5899,17.0800,47774.6823,-3.0000,4.5113,17.1900,42028.1853,0,74804.0000,201748.0000
2021-10-01,2021,10,Bogota,11,Informatica y telecomunicaciones,0,229.6190,-1.3000,4.5899,17.0800,47774.6823,-3.0000,4.5113,17.1900,42028.1853,0,74804.0000,201748.0000
2021-10-01,2021,10,Bogota,12,Sonido y video,0,161.6029,-1.3000,4.5899,17.0800,47774.6823,-3.0000,4.5113,17.1900,42028.1853,0,74804.0000,201748.0000
2021-10-01,2021,10,Bogota,14,"Ferreteria, vidrios y pinturas",0,150.3561,-1.3000,4.5899,17.0800,47774.6823,-3.0000,4.5113,17.1900,42028.1853,0,74804.0000,201748.0000
2021-10-01,2021,10,Bogota,15,Otras mercancias de uso domestico,0,139.3484,-1.3000,4.5899,17.0800,47774.6823,-3.0000,4.5113,17.1900,42028.1853,0,74804.0000,201748.0000
2021-10-01,2021,10,Cundinamarca,4,Prendas de vestir y textiles,0,118.5324,-1.3000,4.5899,17.0800,47774.6823,-3.0000,4.5113,17.1900,42028.1853,0,218573.0000,208929.0000
2021-10-01,2021,10,Cundinamarca,8,Electrodomesticos y muebles,1,213.3836,-1.3000,4.5899,17.0800,47774.6823,-3.0000,4.5113,17.1900,42028.1853,0,218573.0000,208929.0000
2021-10-01,2021,10,Cundinamarca,9,Articulos y utensilios domesticos,0,134.3312,-1.3000,4.5899,17.0800,47774.6823,-3.0000,4.5113,17.1900,42028.1853,0,218573.0000,208929.0000
2021-10-01,2021,10,Cundinamarca,10,Aseo del hogar,0,147.1573,-1.3000,4.5899,17.0800,47774.6823,-3.0000,4.5113,17.1900,42028.1853,0,218573.0000,208929.0000
2021-10-01,2021,10,Cundinamarca,11,Informatica y telecomunicaciones,0,203.5588,-1.3000,4.5899,17.0800,47774.6823,-3.0000,4.5113,17.1900,42028.1853,0,218573.0000,208929.0000
2021-10-01,2021,10,Cundinamarca,12,Sonido y video,0,187.4172,-1.3000,4.5899,17.0800,47774.6823,-3.0000,4.5113,17.1900,42028.1853,0,218573.0000,208929.0000
2021-10-01,2021,10,Cundinamarca,14,"Ferreteria, vidrios y pinturas",0,151.1451,-1.3000,4.5899,17.0800,47774.6823,-3.0000,4.5113,17.1900,42028.1853,0,218573.0000,208929.0000
2021-10-01,2021,10,Cundinamarca,15,Otras mercancias de uso domestico,0,100.5331,-1.3000,4.5899,17.0800,47774.6823,-3.0000,4.5113,17.1900,42028.1853,0,218573.0000,208929.0000
2021-10-01,2021,10,Santander,4,Prendas de vestir y textiles,0,111.1380,-1.3000,4.5899,17.0800,47774.6823,-3.0000,4.5113,17.1900,42028.1853,0,39474.0000,108241.0000
2021-10-01,2021,10,Santander,8,Electrodomesticos y muebles,1,133.8460,-1.3000,4.5899,17.0800,47774.6823,-3.0000,4.5113,17.1900,42028.1853,0,39474.0000,108241.0000
2021-10-01,2021,10,Santander,9,Articulos y utensilios domesticos,0,152.6371,-1.3000,4.5899,17.0800,47774.6823,-3.0000,4.5113,17.1900,42028.1853,0,39474.0000,108241.0000
2021-10-01,2021,10,Santander,10,Aseo del hogar,0,155.2614,-1.3000,4.5899,17.0800,47774.6823,-3.0000,4.5113,17.1900,42028.1853,0,39474.0000,108241.0000
2021-10-01,2021,10,Santander,11,Informatica y telecomunicaciones,0,205.4615,-1.3000,4.5899,17.0800,47774.6823,-3.0000,4.5113,17.1900,42028.1853,0,39474.0000,108241.0000
2021-10-01,2021,10,Santander,12,Sonido y video,0,162.7515,-1.3000,4.5899,17.0800,47774.6823,-3.0000,4.5113,17.1900,42028.1853,0,39474.0000,108241.0000
2021-10-01,2021,10,Santander,14,"Ferreteria, vidrios y pinturas",0,122.1110,-1.3000,4.5899,17.0800,47774.6823,-3.0000,4.5113,17.1900,42028.1853,0,39474.0000,108241.0000
2021-10-01,2021,10,Santander,15,Otras mercancias de uso domestico,0,143.5579,-1.3000,4.5899,17.0800,47774.6823,-3.0000,4.5113,17.1900,42028.1853,0,39474.0000,108241.0000
2021-10-01,2021,10,Valle del Cauca,4,Prendas de vestir y textiles,0,109.3002,-1.3000,4.5899,17.0800,47774.6823,-3.0000,4.5113,17.1900,42028.1853,0,109600.0000,110117.0000
2021-10-01,2021,10,Valle del Cauca,8,Electrodomesticos y muebles,1,143.0217,-1.3000,4.5899,17.0800,47774.6823,-3.0000,4.5113,17.1900,42028.1853,0,109600.0000,110117.0000
2021-10-01,2021,10,Valle del Cauca,9,Articulos y utensilios domesticos,0,123.7403,-1.3000,4.5899,17.0800,47774.6823,-3.0000,4.5113,17.1900,42028.1853,0,109600.0000,110117.0000
2021-10-01,2021,10,Valle del Cauca,10,Aseo del hogar,0,143.3291,-1.3000,4.5899,17.0800,47774.6823,-3.0000,4.5113,17.1900,42028.1853,0,109600.0000,110117.0000
2021-10-01,2021,10,Valle del Cauca,11,Informatica y telecomunicaciones,0,155.0430,-1.3000,4.5899,17.0800,47774.6823,-3.0000,4.5113,17.1900,42028.1853,0,109600.0000,110117.0000
2021-10-01,2021,10,Valle del Cauca,12,Sonido y video,0,151.7673,-1.3000,4.5899,17.0800,47774.6823,-3.0000,4.5113,17.1900,42028.1853,0,109600.0000,110117.0000
2021-10-01,2021,10,Valle del Cauca,14,"Ferreteria, vidrios y pinturas",0,144.1602,-1.3000,4.5899,17.0800,47774.6823,-3.0000,4.5113,17.1900,42028.1853,0,109600.0000,110117.0000
2021-10-01,2021,10,Valle del Cauca,15,Otras mercancias de uso domestico,0,105.2213,-1.3000,4.5899,17.0800,47774.6823,-3.0000,4.5113,17.1900,42028.1853,0,109600.0000,110117.0000
2021-10-01,2021,10,Otros departamentos,4,Prendas de vestir y textiles,0,106.5113,-1.3000,4.5899,17.0800,47774.6823,-3.0000,4.5113,17.1900,42028.1853,0,586677.0000,759362.0000
2021-10-01,2021,10,Otros departamentos,8,Electrodomesticos y muebles,1,131.5415,-1.3000,4.5899,17.0800,47774.6823,-3.0000,4.5113,17.1900,42028.1853,0,586677.0000,759362.0000
2021-10-01,2021,10,Otros departamentos,9,Articulos y utensilios domesticos,0,116.3827,-1.3000,4.5899,17.0800,47774.6823,-3.0000,4.5113,17.1900,42028.1853,0,586677.0000,759362.0000
2021-10-01,2021,10,Otros departamentos,10,Aseo del hogar,0,142.0340,-1.3000,4.5899,17.0800,47774.6823,-3.0000,4.5113,17.1900,42028.1853,0,586677.0000,759362.0000
2021-10-01,2021,10,Otros departamentos,11,Informatica y telecomunicaciones,0,174.2796,-1.3000,4.5899,17.0800,47774.6823,-3.0000,4.5113,17.1900,42028.1853,0,586677.0000,759362.0000
2021-10-01,2021,10,Otros departamentos,12,Sonido y video,0,184.2046,-1.3000,4.5899,17.0800,47774.6823,-3.0000,4.5113,17.1900,42028.1853,0,586677.0000,759362.0000
2021-10-01,2021,10,Otros departamentos,14,"Ferreteria, vidrios y pinturas",0,113.8825,-1.3000,4.5899,17.0800,47774.6823,-3.0000,4.5113,17.1900,42028.1853,0,586677.0000,759362.0000
2021-10-01,2021,10,Otros departamentos,15,Otras mercancias de uso domestico,0,128.3118,-1.3000,4.5899,17.0800,47774.6823,-3.0000,4.5113,17.1900,42028.1853,0,586677.0000,759362.0000
2021-11-01,2021,11,Antioquia,4,Prendas de vestir y textiles,0,128.5513,-1.4000,5.2531,17.2700,50224.6199,-1.3000,4.5899,17.0800,47774.6823,0,275771.0000,278655.0000
2021-11-01,2021,11,Antioquia,8,Electrodomesticos y muebles,1,143.8811,-1.4000,5.2531,17.2700,50224.6199,-1.3000,4.5899,17.0800,47774.6823,0,275771.0000,278655.0000
2021-11-01,2021,11,Antioquia,9,Articulos y utensilios domesticos,0,160.1225,-1.4000,5.2531,17.2700,50224.6199,-1.3000,4.5899,17.0800,47774.6823,0,275771.0000,278655.0000
2021-11-01,2021,11,Antioquia,10,Aseo del hogar,0,141.1578,-1.4000,5.2531,17.2700,50224.6199,-1.3000,4.5899,17.0800,47774.6823,0,275771.0000,278655.0000
2021-11-01,2021,11,Antioquia,11,Informatica y telecomunicaciones,0,160.4896,-1.4000,5.2531,17.2700,50224.6199,-1.3000,4.5899,17.0800,47774.6823,0,275771.0000,278655.0000
2021-11-01,2021,11,Antioquia,12,Sonido y video,0,131.3798,-1.4000,5.2531,17.2700,50224.6199,-1.3000,4.5899,17.0800,47774.6823,0,275771.0000,278655.0000
2021-11-01,2021,11,Antioquia,14,"Ferreteria, vidrios y pinturas",0,114.2067,-1.4000,5.2531,17.2700,50224.6199,-1.3000,4.5899,17.0800,47774.6823,0,275771.0000,278655.0000
2021-11-01,2021,11,Antioquia,15,Otras mercancias de uso domestico,0,135.6217,-1.4000,5.2531,17.2700,50224.6199,-1.3000,4.5899,17.0800,47774.6823,0,275771.0000,278655.0000
2021-11-01,2021,11,Atlantico,4,Prendas de vestir y textiles,0,158.3279,-1.4000,5.2531,17.2700,50224.6199,-1.3000,4.5899,17.0800,47774.6823,0,30757.0000,108818.0000
2021-11-01,2021,11,Atlantico,8,Electrodomesticos y muebles,1,144.1442,-1.4000,5.2531,17.2700,50224.6199,-1.3000,4.5899,17.0800,47774.6823,0,30757.0000,108818.0000
2021-11-01,2021,11,Atlantico,9,Articulos y utensilios domesticos,0,115.4818,-1.4000,5.2531,17.2700,50224.6199,-1.3000,4.5899,17.0800,47774.6823,0,30757.0000,108818.0000
2021-11-01,2021,11,Atlantico,10,Aseo del hogar,0,170.6262,-1.4000,5.2531,17.2700,50224.6199,-1.3000,4.5899,17.0800,47774.6823,0,30757.0000,108818.0000
2021-11-01,2021,11,Atlantico,11,Informatica y telecomunicaciones,0,260.3260,-1.4000,5.2531,17.2700,50224.6199,-1.3000,4.5899,17.0800,47774.6823,0,30757.0000,108818.0000
2021-11-01,2021,11,Atlantico,12,Sonido y video,0,205.8177,-1.4000,5.2531,17.2700,50224.6199,-1.3000,4.5899,17.0800,47774.6823,0,30757.0000,108818.0000
2021-11-01,2021,11,Atlantico,14,"Ferreteria, vidrios y pinturas",0,132.4747,-1.4000,5.2531,17.2700,50224.6199,-1.3000,4.5899,17.0800,47774.6823,0,30757.0000,108818.0000
2021-11-01,2021,11,Atlantico,15,Otras mercancias de uso domestico,0,113.4160,-1.4000,5.2531,17.2700,50224.6199,-1.3000,4.5899,17.0800,47774.6823,0,30757.0000,108818.0000
2021-11-01,2021,11,Bogota,4,Prendas de vestir y textiles,0,189.8989,-1.4000,5.2531,17.2700,50224.6199,-1.3000,4.5899,17.0800,47774.6823,0,272612.0000,74804.0000
2021-11-01,2021,11,Bogota,8,Electrodomesticos y muebles,1,158.0035,-1.4000,5.2531,17.2700,50224.6199,-1.3000,4.5899,17.0800,47774.6823,0,272612.0000,74804.0000
2021-11-01,2021,11,Bogota,9,Articulos y utensilios domesticos,0,161.2575,-1.4000,5.2531,17.2700,50224.6199,-1.3000,4.5899,17.0800,47774.6823,0,272612.0000,74804.0000
2021-11-01,2021,11,Bogota,10,Aseo del hogar,0,159.0514,-1.4000,5.2531,17.2700,50224.6199,-1.3000,4.5899,17.0800,47774.6823,0,272612.0000,74804.0000
2021-11-01,2021,11,Bogota,11,Informatica y telecomunicaciones,0,192.2342,-1.4000,5.2531,17.2700,50224.6199,-1.3000,4.5899,17.0800,47774.6823,0,272612.0000,74804.0000
2021-11-01,2021,11,Bogota,12,Sonido y video,0,146.5235,-1.4000,5.2531,17.2700,50224.6199,-1.3000,4.5899,17.0800,47774.6823,0,272612.0000,74804.0000
2021-11-01,2021,11,Bogota,14,"Ferreteria, vidrios y pinturas",0,173.5751,-1.4000,5.2531,17.2700,50224.6199,-1.3000,4.5899,17.0800,47774.6823,0,272612.0000,74804.0000
2021-11-01,2021,11,Bogota,15,Otras mercancias de uso domestico,0,176.0877,-1.4000,5.2531,17.2700,50224.6199,-1.3000,4.5899,17.0800,47774.6823,0,272612.0000,74804.0000
2021-11-01,2021,11,Cundinamarca,4,Prendas de vestir y textiles,0,160.3506,-1.4000,5.2531,17.2700,50224.6199,-1.3000,4.5899,17.0800,47774.6823,0,271798.0000,218573.0000
2021-11-01,2021,11,Cundinamarca,8,Electrodomesticos y muebles,1,183.8828,-1.4000,5.2531,17.2700,50224.6199,-1.3000,4.5899,17.0800,47774.6823,0,271798.0000,218573.0000
2021-11-01,2021,11,Cundinamarca,9,Articulos y utensilios domesticos,0,152.7979,-1.4000,5.2531,17.2700,50224.6199,-1.3000,4.5899,17.0800,47774.6823,0,271798.0000,218573.0000
2021-11-01,2021,11,Cundinamarca,10,Aseo del hogar,0,180.4038,-1.4000,5.2531,17.2700,50224.6199,-1.3000,4.5899,17.0800,47774.6823,0,271798.0000,218573.0000
2021-11-01,2021,11,Cundinamarca,11,Informatica y telecomunicaciones,0,204.0848,-1.4000,5.2531,17.2700,50224.6199,-1.3000,4.5899,17.0800,47774.6823,0,271798.0000,218573.0000
2021-11-01,2021,11,Cundinamarca,12,Sonido y video,0,164.5180,-1.4000,5.2531,17.2700,50224.6199,-1.3000,4.5899,17.0800,47774.6823,0,271798.0000,218573.0000
2021-11-01,2021,11,Cundinamarca,14,"Ferreteria, vidrios y pinturas",0,190.2550,-1.4000,5.2531,17.2700,50224.6199,-1.3000,4.5899,17.0800,47774.6823,0,271798.0000,218573.0000
2021-11-01,2021,11,Cundinamarca,15,Otras mercancias de uso domestico,0,140.1025,-1.4000,5.2531,17.2700,50224.6199,-1.3000,4.5899,17.0800,47774.6823,0,271798.0000,218573.0000
2021-11-01,2021,11,Santander,4,Prendas de vestir y textiles,0,134.7856,-1.4000,5.2531,17.2700,50224.6199,-1.3000,4.5899,17.0800,47774.6823,0,79092.0000,39474.0000
2021-11-01,2021,11,Santander,8,Electrodomesticos y muebles,1,124.6000,-1.4000,5.2531,17.2700,50224.6199,-1.3000,4.5899,17.0800,47774.6823,0,79092.0000,39474.0000
2021-11-01,2021,11,Santander,9,Articulos y utensilios domesticos,0,140.2584,-1.4000,5.2531,17.2700,50224.6199,-1.3000,4.5899,17.0800,47774.6823,0,79092.0000,39474.0000
2021-11-01,2021,11,Santander,10,Aseo del hogar,0,152.8516,-1.4000,5.2531,17.2700,50224.6199,-1.3000,4.5899,17.0800,47774.6823,0,79092.0000,39474.0000
2021-11-01,2021,11,Santander,11,Informatica y telecomunicaciones,0,195.7501,-1.4000,5.2531,17.2700,50224.6199,-1.3000,4.5899,17.0800,47774.6823,0,79092.0000,39474.0000
2021-11-01,2021,11,Santander,12,Sonido y video,0,128.9711,-1.4000,5.2531,17.2700,50224.6199,-1.3000,4.5899,17.0800,47774.6823,0,79092.0000,39474.0000
2021-11-01,2021,11,Santander,14,"Ferreteria, vidrios y pinturas",0,124.7608,-1.4000,5.2531,17.2700,50224.6199,-1.3000,4.5899,17.0800,47774.6823,0,79092.0000,39474.0000
2021-11-01,2021,11,Santander,15,Otras mercancias de uso domestico,0,142.8209,-1.4000,5.2531,17.2700,50224.6199,-1.3000,4.5899,17.0800,47774.6823,0,79092.0000,39474.0000
2021-11-01,2021,11,Valle del Cauca,4,Prendas de vestir y textiles,0,142.0534,-1.4000,5.2531,17.2700,50224.6199,-1.3000,4.5899,17.0800,47774.6823,0,116642.0000,109600.0000
2021-11-01,2021,11,Valle del Cauca,8,Electrodomesticos y muebles,1,144.1226,-1.4000,5.2531,17.2700,50224.6199,-1.3000,4.5899,17.0800,47774.6823,0,116642.0000,109600.0000
2021-11-01,2021,11,Valle del Cauca,9,Articulos y utensilios domesticos,0,130.8300,-1.4000,5.2531,17.2700,50224.6199,-1.3000,4.5899,17.0800,47774.6823,0,116642.0000,109600.0000
2021-11-01,2021,11,Valle del Cauca,10,Aseo del hogar,0,130.7921,-1.4000,5.2531,17.2700,50224.6199,-1.3000,4.5899,17.0800,47774.6823,0,116642.0000,109600.0000
2021-11-01,2021,11,Valle del Cauca,11,Informatica y telecomunicaciones,0,181.8745,-1.4000,5.2531,17.2700,50224.6199,-1.3000,4.5899,17.0800,47774.6823,0,116642.0000,109600.0000
2021-11-01,2021,11,Valle del Cauca,12,Sonido y video,0,139.5569,-1.4000,5.2531,17.2700,50224.6199,-1.3000,4.5899,17.0800,47774.6823,0,116642.0000,109600.0000
2021-11-01,2021,11,Valle del Cauca,14,"Ferreteria, vidrios y pinturas",0,133.4262,-1.4000,5.2531,17.2700,50224.6199,-1.3000,4.5899,17.0800,47774.6823,0,116642.0000,109600.0000
2021-11-01,2021,11,Valle del Cauca,15,Otras mercancias de uso domestico,0,147.4571,-1.4000,5.2531,17.2700,50224.6199,-1.3000,4.5899,17.0800,47774.6823,0,116642.0000,109600.0000
2021-11-01,2021,11,Otros departamentos,4,Prendas de vestir y textiles,0,112.8388,-1.4000,5.2531,17.2700,50224.6199,-1.3000,4.5899,17.0800,47774.6823,0,582909.0000,586677.0000
2021-11-01,2021,11,Otros departamentos,8,Electrodomesticos y muebles,1,135.6883,-1.4000,5.2531,17.2700,50224.6199,-1.3000,4.5899,17.0800,47774.6823,0,582909.0000,586677.0000
2021-11-01,2021,11,Otros departamentos,9,Articulos y utensilios domesticos,0,120.9196,-1.4000,5.2531,17.2700,50224.6199,-1.3000,4.5899,17.0800,47774.6823,0,582909.0000,586677.0000
2021-11-01,2021,11,Otros departamentos,10,Aseo del hogar,0,119.4630,-1.4000,5.2531,17.2700,50224.6199,-1.3000,4.5899,17.0800,47774.6823,0,582909.0000,586677.0000
2021-11-01,2021,11,Otros departamentos,11,Informatica y telecomunicaciones,0,176.3682,-1.4000,5.2531,17.2700,50224.6199,-1.3000,4.5899,17.0800,47774.6823,0,582909.0000,586677.0000
2021-11-01,2021,11,Otros departamentos,12,Sonido y video,0,140.0337,-1.4000,5.2531,17.2700,50224.6199,-1.3000,4.5899,17.0800,47774.6823,0,582909.0000,586677.0000
2021-11-01,2021,11,Otros departamentos,14,"Ferreteria, vidrios y pinturas",0,114.3669,-1.4000,5.2531,17.2700,50224.6199,-1.3000,4.5899,17.0800,47774.6823,0,582909.0000,586677.0000
2021-11-01,2021,11,Otros departamentos,15,Otras mercancias de uso domestico,0,133.9366,-1.4000,5.2531,17.2700,50224.6199,-1.3000,4.5899,17.0800,47774.6823,0,582909.0000,586677.0000
2021-12-01,2021,12,Antioquia,4,Prendas de vestir y textiles,0,291.8380,-7.0000,5.6219,17.4600,53701.3659,-1.4000,5.2531,17.2700,50224.6199,0,441771.0000,275771.0000
2021-12-01,2021,12,Antioquia,8,Electrodomesticos y muebles,1,156.5999,-7.0000,5.6219,17.4600,53701.3659,-1.4000,5.2531,17.2700,50224.6199,0,441771.0000,275771.0000
2021-12-01,2021,12,Antioquia,9,Articulos y utensilios domesticos,0,144.0316,-7.0000,5.6219,17.4600,53701.3659,-1.4000,5.2531,17.2700,50224.6199,0,441771.0000,275771.0000
2021-12-01,2021,12,Antioquia,10,Aseo del hogar,0,199.0978,-7.0000,5.6219,17.4600,53701.3659,-1.4000,5.2531,17.2700,50224.6199,0,441771.0000,275771.0000
2021-12-01,2021,12,Antioquia,11,Informatica y telecomunicaciones,0,233.6808,-7.0000,5.6219,17.4600,53701.3659,-1.4000,5.2531,17.2700,50224.6199,0,441771.0000,275771.0000
2021-12-01,2021,12,Antioquia,12,Sonido y video,0,160.0443,-7.0000,5.6219,17.4600,53701.3659,-1.4000,5.2531,17.2700,50224.6199,0,441771.0000,275771.0000
2021-12-01,2021,12,Antioquia,14,"Ferreteria, vidrios y pinturas",0,111.8412,-7.0000,5.6219,17.4600,53701.3659,-1.4000,5.2531,17.2700,50224.6199,0,441771.0000,275771.0000
2021-12-01,2021,12,Antioquia,15,Otras mercancias de uso domestico,0,198.5284,-7.0000,5.6219,17.4600,53701.3659,-1.4000,5.2531,17.2700,50224.6199,0,441771.0000,275771.0000
2021-12-01,2021,12,Atlantico,4,Prendas de vestir y textiles,0,296.7376,-7.0000,5.6219,17.4600,53701.3659,-1.4000,5.2531,17.2700,50224.6199,0,159727.0000,30757.0000
2021-12-01,2021,12,Atlantico,8,Electrodomesticos y muebles,1,169.4634,-7.0000,5.6219,17.4600,53701.3659,-1.4000,5.2531,17.2700,50224.6199,0,159727.0000,30757.0000
2021-12-01,2021,12,Atlantico,9,Articulos y utensilios domesticos,0,136.9732,-7.0000,5.6219,17.4600,53701.3659,-1.4000,5.2531,17.2700,50224.6199,0,159727.0000,30757.0000
2021-12-01,2021,12,Atlantico,10,Aseo del hogar,0,187.5542,-7.0000,5.6219,17.4600,53701.3659,-1.4000,5.2531,17.2700,50224.6199,0,159727.0000,30757.0000
2021-12-01,2021,12,Atlantico,11,Informatica y telecomunicaciones,0,289.5345,-7.0000,5.6219,17.4600,53701.3659,-1.4000,5.2531,17.2700,50224.6199,0,159727.0000,30757.0000
2021-12-01,2021,12,Atlantico,12,Sonido y video,0,214.8305,-7.0000,5.6219,17.4600,53701.3659,-1.4000,5.2531,17.2700,50224.6199,0,159727.0000,30757.0000
2021-12-01,2021,12,Atlantico,14,"Ferreteria, vidrios y pinturas",0,139.4678,-7.0000,5.6219,17.4600,53701.3659,-1.4000,5.2531,17.2700,50224.6199,0,159727.0000,30757.0000
2021-12-01,2021,12,Atlantico,15,Otras mercancias de uso domestico,0,170.9577,-7.0000,5.6219,17.4600,53701.3659,-1.4000,5.2531,17.2700,50224.6199,0,159727.0000,30757.0000
2021-12-01,2021,12,Bogota,4,Prendas de vestir y textiles,0,344.2957,-7.0000,5.6219,17.4600,53701.3659,-1.4000,5.2531,17.2700,50224.6199,0,291599.0000,272612.0000
2021-12-01,2021,12,Bogota,8,Electrodomesticos y muebles,1,172.5263,-7.0000,5.6219,17.4600,53701.3659,-1.4000,5.2531,17.2700,50224.6199,0,291599.0000,272612.0000
2021-12-01,2021,12,Bogota,9,Articulos y utensilios domesticos,0,192.3739,-7.0000,5.6219,17.4600,53701.3659,-1.4000,5.2531,17.2700,50224.6199,0,291599.0000,272612.0000
2021-12-01,2021,12,Bogota,10,Aseo del hogar,0,157.5704,-7.0000,5.6219,17.4600,53701.3659,-1.4000,5.2531,17.2700,50224.6199,0,291599.0000,272612.0000
2021-12-01,2021,12,Bogota,11,Informatica y telecomunicaciones,0,266.8492,-7.0000,5.6219,17.4600,53701.3659,-1.4000,5.2531,17.2700,50224.6199,0,291599.0000,272612.0000
2021-12-01,2021,12,Bogota,12,Sonido y video,0,166.9712,-7.0000,5.6219,17.4600,53701.3659,-1.4000,5.2531,17.2700,50224.6199,0,291599.0000,272612.0000
2021-12-01,2021,12,Bogota,14,"Ferreteria, vidrios y pinturas",0,144.8636,-7.0000,5.6219,17.4600,53701.3659,-1.4000,5.2531,17.2700,50224.6199,0,291599.0000,272612.0000
2021-12-01,2021,12,Bogota,15,Otras mercancias de uso domestico,0,220.1401,-7.0000,5.6219,17.4600,53701.3659,-1.4000,5.2531,17.2700,50224.6199,0,291599.0000,272612.0000
2021-12-01,2021,12,Cundinamarca,4,Prendas de vestir y textiles,0,322.6021,-7.0000,5.6219,17.4600,53701.3659,-1.4000,5.2531,17.2700,50224.6199,0,491812.0000,271798.0000
2021-12-01,2021,12,Cundinamarca,8,Electrodomesticos y muebles,1,170.0120,-7.0000,5.6219,17.4600,53701.3659,-1.4000,5.2531,17.2700,50224.6199,0,491812.0000,271798.0000
2021-12-01,2021,12,Cundinamarca,9,Articulos y utensilios domesticos,0,197.1246,-7.0000,5.6219,17.4600,53701.3659,-1.4000,5.2531,17.2700,50224.6199,0,491812.0000,271798.0000
2021-12-01,2021,12,Cundinamarca,10,Aseo del hogar,0,224.8555,-7.0000,5.6219,17.4600,53701.3659,-1.4000,5.2531,17.2700,50224.6199,0,491812.0000,271798.0000
2021-12-01,2021,12,Cundinamarca,11,Informatica y telecomunicaciones,0,228.9879,-7.0000,5.6219,17.4600,53701.3659,-1.4000,5.2531,17.2700,50224.6199,0,491812.0000,271798.0000
2021-12-01,2021,12,Cundinamarca,12,Sonido y video,0,171.4452,-7.0000,5.6219,17.4600,53701.3659,-1.4000,5.2531,17.2700,50224.6199,0,491812.0000,271798.0000
2021-12-01,2021,12,Cundinamarca,14,"Ferreteria, vidrios y pinturas",0,183.7259,-7.0000,5.6219,17.4600,53701.3659,-1.4000,5.2531,17.2700,50224.6199,0,491812.0000,271798.0000
2021-12-01,2021,12,Cundinamarca,15,Otras mercancias de uso domestico,0,183.4107,-7.0000,5.6219,17.4600,53701.3659,-1.4000,5.2531,17.2700,50224.6199,0,491812.0000,271798.0000
2021-12-01,2021,12,Santander,4,Prendas de vestir y textiles,0,351.9706,-7.0000,5.6219,17.4600,53701.3659,-1.4000,5.2531,17.2700,50224.6199,0,72216.0000,79092.0000
2021-12-01,2021,12,Santander,8,Electrodomesticos y muebles,1,159.4244,-7.0000,5.6219,17.4600,53701.3659,-1.4000,5.2531,17.2700,50224.6199,0,72216.0000,79092.0000
2021-12-01,2021,12,Santander,9,Articulos y utensilios domesticos,0,164.7528,-7.0000,5.6219,17.4600,53701.3659,-1.4000,5.2531,17.2700,50224.6199,0,72216.0000,79092.0000
2021-12-01,2021,12,Santander,10,Aseo del hogar,0,162.8168,-7.0000,5.6219,17.4600,53701.3659,-1.4000,5.2531,17.2700,50224.6199,0,72216.0000,79092.0000
2021-12-01,2021,12,Santander,11,Informatica y telecomunicaciones,0,281.2627,-7.0000,5.6219,17.4600,53701.3659,-1.4000,5.2531,17.2700,50224.6199,0,72216.0000,79092.0000
2021-12-01,2021,12,Santander,12,Sonido y video,0,148.0329,-7.0000,5.6219,17.4600,53701.3659,-1.4000,5.2531,17.2700,50224.6199,0,72216.0000,79092.0000
2021-12-01,2021,12,Santander,14,"Ferreteria, vidrios y pinturas",0,150.3340,-7.0000,5.6219,17.4600,53701.3659,-1.4000,5.2531,17.2700,50224.6199,0,72216.0000,79092.0000
2021-12-01,2021,12,Santander,15,Otras mercancias de uso domestico,0,195.4601,-7.0000,5.6219,17.4600,53701.3659,-1.4000,5.2531,17.2700,50224.6199,0,72216.0000,79092.0000
2021-12-01,2021,12,Valle del Cauca,4,Prendas de vestir y textiles,0,250.0631,-7.0000,5.6219,17.4600,53701.3659,-1.4000,5.2531,17.2700,50224.6199,0,148281.0000,116642.0000
2021-12-01,2021,12,Valle del Cauca,8,Electrodomesticos y muebles,1,155.5532,-7.0000,5.6219,17.4600,53701.3659,-1.4000,5.2531,17.2700,50224.6199,0,148281.0000,116642.0000
2021-12-01,2021,12,Valle del Cauca,9,Articulos y utensilios domesticos,0,169.5528,-7.0000,5.6219,17.4600,53701.3659,-1.4000,5.2531,17.2700,50224.6199,0,148281.0000,116642.0000
2021-12-01,2021,12,Valle del Cauca,10,Aseo del hogar,0,141.3514,-7.0000,5.6219,17.4600,53701.3659,-1.4000,5.2531,17.2700,50224.6199,0,148281.0000,116642.0000
2021-12-01,2021,12,Valle del Cauca,11,Informatica y telecomunicaciones,0,237.4142,-7.0000,5.6219,17.4600,53701.3659,-1.4000,5.2531,17.2700,50224.6199,0,148281.0000,116642.0000
2021-12-01,2021,12,Valle del Cauca,12,Sonido y video,0,148.5662,-7.0000,5.6219,17.4600,53701.3659,-1.4000,5.2531,17.2700,50224.6199,0,148281.0000,116642.0000
2021-12-01,2021,12,Valle del Cauca,14,"Ferreteria, vidrios y pinturas",0,120.8775,-7.0000,5.6219,17.4600,53701.3659,-1.4000,5.2531,17.2700,50224.6199,0,148281.0000,116642.0000
2021-12-01,2021,12,Valle del Cauca,15,Otras mercancias de uso domestico,0,142.9315,-7.0000,5.6219,17.4600,53701.3659,-1.4000,5.2531,17.2700,50224.6199,0,148281.0000,116642.0000
2021-12-01,2021,12,Otros departamentos,4,Prendas de vestir y textiles,0,284.1396,-7.0000,5.6219,17.4600,53701.3659,-1.4000,5.2531,17.2700,50224.6199,0,690789.0000,582909.0000
2021-12-01,2021,12,Otros departamentos,8,Electrodomesticos y muebles,1,165.9725,-7.0000,5.6219,17.4600,53701.3659,-1.4000,5.2531,17.2700,50224.6199,0,690789.0000,582909.0000
2021-12-01,2021,12,Otros departamentos,9,Articulos y utensilios domesticos,0,184.9432,-7.0000,5.6219,17.4600,53701.3659,-1.4000,5.2531,17.2700,50224.6199,0,690789.0000,582909.0000
2021-12-01,2021,12,Otros departamentos,10,Aseo del hogar,0,136.0483,-7.0000,5.6219,17.4600,53701.3659,-1.4000,5.2531,17.2700,50224.6199,0,690789.0000,582909.0000
2021-12-01,2021,12,Otros departamentos,11,Informatica y telecomunicaciones,0,255.9742,-7.0000,5.6219,17.4600,53701.3659,-1.4000,5.2531,17.2700,50224.6199,0,690789.0000,582909.0000
2021-12-01,2021,12,Otros departamentos,12,Sonido y video,0,213.1769,-7.0000,5.6219,17.4600,53701.3659,-1.4000,5.2531,17.2700,50224.6199,0,690789.0000,582909.0000
2021-12-01,2021,12,Otros departamentos,14,"Ferreteria, vidrios y pinturas",0,127.5420,-7.0000,5.6219,17.4600,53701.3659,-1.4000,5.2531,17.2700,50224.6199,0,690789.0000,582909.0000
2021-12-01,2021,12,Otros departamentos,15,Otras mercancias de uso domestico,0,185.6322,-7.0000,5.6219,17.4600,53701.3659,-1.4000,5.2531,17.2700,50224.6199,0,690789.0000,582909.0000
2022-01-01,2022,1,Antioquia,4,Prendas de vestir y textiles,0,91.5752,-13.5000,6.9399,17.6600,44715.1749,-7.0000,5.6219,17.4600,53701.3659,0,239465.0000,441771.0000
2022-01-01,2022,1,Antioquia,8,Electrodomesticos y muebles,1,111.3058,-13.5000,6.9399,17.6600,44715.1749,-7.0000,5.6219,17.4600,53701.3659,0,239465.0000,441771.0000
2022-01-01,2022,1,Antioquia,9,Articulos y utensilios domesticos,0,89.0026,-13.5000,6.9399,17.6600,44715.1749,-7.0000,5.6219,17.4600,53701.3659,0,239465.0000,441771.0000
2022-01-01,2022,1,Antioquia,10,Aseo del hogar,0,156.4956,-13.5000,6.9399,17.6600,44715.1749,-7.0000,5.6219,17.4600,53701.3659,0,239465.0000,441771.0000
2022-01-01,2022,1,Antioquia,11,Informatica y telecomunicaciones,0,137.4579,-13.5000,6.9399,17.6600,44715.1749,-7.0000,5.6219,17.4600,53701.3659,0,239465.0000,441771.0000
2022-01-01,2022,1,Antioquia,12,Sonido y video,0,85.3851,-13.5000,6.9399,17.6600,44715.1749,-7.0000,5.6219,17.4600,53701.3659,0,239465.0000,441771.0000
2022-01-01,2022,1,Antioquia,14,"Ferreteria, vidrios y pinturas",0,98.4183,-13.5000,6.9399,17.6600,44715.1749,-7.0000,5.6219,17.4600,53701.3659,0,239465.0000,441771.0000
2022-01-01,2022,1,Antioquia,15,Otras mercancias de uso domestico,0,97.3168,-13.5000,6.9399,17.6600,44715.1749,-7.0000,5.6219,17.4600,53701.3659,0,239465.0000,441771.0000
2022-01-01,2022,1,Atlantico,4,Prendas de vestir y textiles,0,98.4527,-13.5000,6.9399,17.6600,44715.1749,-7.0000,5.6219,17.4600,53701.3659,0,105404.0000,159727.0000
2022-01-01,2022,1,Atlantico,8,Electrodomesticos y muebles,1,130.8990,-13.5000,6.9399,17.6600,44715.1749,-7.0000,5.6219,17.4600,53701.3659,0,105404.0000,159727.0000
2022-01-01,2022,1,Atlantico,9,Articulos y utensilios domesticos,0,101.1128,-13.5000,6.9399,17.6600,44715.1749,-7.0000,5.6219,17.4600,53701.3659,0,105404.0000,159727.0000
2022-01-01,2022,1,Atlantico,10,Aseo del hogar,0,147.6730,-13.5000,6.9399,17.6600,44715.1749,-7.0000,5.6219,17.4600,53701.3659,0,105404.0000,159727.0000
2022-01-01,2022,1,Atlantico,11,Informatica y telecomunicaciones,0,178.8447,-13.5000,6.9399,17.6600,44715.1749,-7.0000,5.6219,17.4600,53701.3659,0,105404.0000,159727.0000
2022-01-01,2022,1,Atlantico,12,Sonido y video,0,115.0480,-13.5000,6.9399,17.6600,44715.1749,-7.0000,5.6219,17.4600,53701.3659,0,105404.0000,159727.0000
2022-01-01,2022,1,Atlantico,14,"Ferreteria, vidrios y pinturas",0,126.4382,-13.5000,6.9399,17.6600,44715.1749,-7.0000,5.6219,17.4600,53701.3659,0,105404.0000,159727.0000
2022-01-01,2022,1,Atlantico,15,Otras mercancias de uso domestico,0,89.7937,-13.5000,6.9399,17.6600,44715.1749,-7.0000,5.6219,17.4600,53701.3659,0,105404.0000,159727.0000
2022-01-01,2022,1,Bogota,4,Prendas de vestir y textiles,0,108.3130,-13.5000,6.9399,17.6600,44715.1749,-7.0000,5.6219,17.4600,53701.3659,0,297337.0000,291599.0000
2022-01-01,2022,1,Bogota,8,Electrodomesticos y muebles,1,104.4754,-13.5000,6.9399,17.6600,44715.1749,-7.0000,5.6219,17.4600,53701.3659,0,297337.0000,291599.0000
2022-01-01,2022,1,Bogota,9,Articulos y utensilios domesticos,0,125.5285,-13.5000,6.9399,17.6600,44715.1749,-7.0000,5.6219,17.4600,53701.3659,0,297337.0000,291599.0000
2022-01-01,2022,1,Bogota,10,Aseo del hogar,0,138.5605,-13.5000,6.9399,17.6600,44715.1749,-7.0000,5.6219,17.4600,53701.3659,0,297337.0000,291599.0000
2022-01-01,2022,1,Bogota,11,Informatica y telecomunicaciones,0,148.9482,-13.5000,6.9399,17.6600,44715.1749,-7.0000,5.6219,17.4600,53701.3659,0,297337.0000,291599.0000
2022-01-01,2022,1,Bogota,12,Sonido y video,0,79.5934,-13.5000,6.9399,17.6600,44715.1749,-7.0000,5.6219,17.4600,53701.3659,0,297337.0000,291599.0000
2022-01-01,2022,1,Bogota,14,"Ferreteria, vidrios y pinturas",0,118.9305,-13.5000,6.9399,17.6600,44715.1749,-7.0000,5.6219,17.4600,53701.3659,0,297337.0000,291599.0000
2022-01-01,2022,1,Bogota,15,Otras mercancias de uso domestico,0,120.0485,-13.5000,6.9399,17.6600,44715.1749,-7.0000,5.6219,17.4600,53701.3659,0,297337.0000,291599.0000
2022-01-01,2022,1,Cundinamarca,4,Prendas de vestir y textiles,0,132.3906,-13.5000,6.9399,17.6600,44715.1749,-7.0000,5.6219,17.4600,53701.3659,0,148356.0000,491812.0000
2022-01-01,2022,1,Cundinamarca,8,Electrodomesticos y muebles,1,130.3578,-13.5000,6.9399,17.6600,44715.1749,-7.0000,5.6219,17.4600,53701.3659,0,148356.0000,491812.0000
2022-01-01,2022,1,Cundinamarca,9,Articulos y utensilios domesticos,0,137.1654,-13.5000,6.9399,17.6600,44715.1749,-7.0000,5.6219,17.4600,53701.3659,0,148356.0000,491812.0000
2022-01-01,2022,1,Cundinamarca,10,Aseo del hogar,0,190.2740,-13.5000,6.9399,17.6600,44715.1749,-7.0000,5.6219,17.4600,53701.3659,0,148356.0000,491812.0000
2022-01-01,2022,1,Cundinamarca,11,Informatica y telecomunicaciones,0,182.4474,-13.5000,6.9399,17.6600,44715.1749,-7.0000,5.6219,17.4600,53701.3659,0,148356.0000,491812.0000
2022-01-01,2022,1,Cundinamarca,12,Sonido y video,0,99.4392,-13.5000,6.9399,17.6600,44715.1749,-7.0000,5.6219,17.4600,53701.3659,0,148356.0000,491812.0000
2022-01-01,2022,1,Cundinamarca,14,"Ferreteria, vidrios y pinturas",0,161.8781,-13.5000,6.9399,17.6600,44715.1749,-7.0000,5.6219,17.4600,53701.3659,0,148356.0000,491812.0000
2022-01-01,2022,1,Cundinamarca,15,Otras mercancias de uso domestico,0,114.9306,-13.5000,6.9399,17.6600,44715.1749,-7.0000,5.6219,17.4600,53701.3659,0,148356.0000,491812.0000
2022-01-01,2022,1,Santander,4,Prendas de vestir y textiles,0,104.9838,-13.5000,6.9399,17.6600,44715.1749,-7.0000,5.6219,17.4600,53701.3659,0,67869.0000,72216.0000
2022-01-01,2022,1,Santander,8,Electrodomesticos y muebles,1,142.8002,-13.5000,6.9399,17.6600,44715.1749,-7.0000,5.6219,17.4600,53701.3659,0,67869.0000,72216.0000
2022-01-01,2022,1,Santander,9,Articulos y utensilios domesticos,0,116.5855,-13.5000,6.9399,17.6600,44715.1749,-7.0000,5.6219,17.4600,53701.3659,0,67869.0000,72216.0000
2022-01-01,2022,1,Santander,10,Aseo del hogar,0,135.4162,-13.5000,6.9399,17.6600,44715.1749,-7.0000,5.6219,17.4600,53701.3659,0,67869.0000,72216.0000
2022-01-01,2022,1,Santander,11,Informatica y telecomunicaciones,0,166.1900,-13.5000,6.9399,17.6600,44715.1749,-7.0000,5.6219,17.4600,53701.3659,0,67869.0000,72216.0000
2022-01-01,2022,1,Santander,12,Sonido y video,0,91.4516,-13.5000,6.9399,17.6600,44715.1749,-7.0000,5.6219,17.4600,53701.3659,0,67869.0000,72216.0000
2022-01-01,2022,1,Santander,14,"Ferreteria, vidrios y pinturas",0,121.9975,-13.5000,6.9399,17.6600,44715.1749,-7.0000,5.6219,17.4600,53701.3659,0,67869.0000,72216.0000
2022-01-01,2022,1,Santander,15,Otras mercancias de uso domestico,0,111.8168,-13.5000,6.9399,17.6600,44715.1749,-7.0000,5.6219,17.4600,53701.3659,0,67869.0000,72216.0000
2022-01-01,2022,1,Valle del Cauca,4,Prendas de vestir y textiles,0,85.1557,-13.5000,6.9399,17.6600,44715.1749,-7.0000,5.6219,17.4600,53701.3659,0,115395.0000,148281.0000
2022-01-01,2022,1,Valle del Cauca,8,Electrodomesticos y muebles,1,112.6189,-13.5000,6.9399,17.6600,44715.1749,-7.0000,5.6219,17.4600,53701.3659,0,115395.0000,148281.0000
2022-01-01,2022,1,Valle del Cauca,9,Articulos y utensilios domesticos,0,126.9028,-13.5000,6.9399,17.6600,44715.1749,-7.0000,5.6219,17.4600,53701.3659,0,115395.0000,148281.0000
2022-01-01,2022,1,Valle del Cauca,10,Aseo del hogar,0,124.0190,-13.5000,6.9399,17.6600,44715.1749,-7.0000,5.6219,17.4600,53701.3659,0,115395.0000,148281.0000
2022-01-01,2022,1,Valle del Cauca,11,Informatica y telecomunicaciones,0,167.2775,-13.5000,6.9399,17.6600,44715.1749,-7.0000,5.6219,17.4600,53701.3659,0,115395.0000,148281.0000
2022-01-01,2022,1,Valle del Cauca,12,Sonido y video,0,83.5297,-13.5000,6.9399,17.6600,44715.1749,-7.0000,5.6219,17.4600,53701.3659,0,115395.0000,148281.0000
2022-01-01,2022,1,Valle del Cauca,14,"Ferreteria, vidrios y pinturas",0,102.0332,-13.5000,6.9399,17.6600,44715.1749,-7.0000,5.6219,17.4600,53701.3659,0,115395.0000,148281.0000
2022-01-01,2022,1,Valle del Cauca,15,Otras mercancias de uso domestico,0,83.2351,-13.5000,6.9399,17.6600,44715.1749,-7.0000,5.6219,17.4600,53701.3659,0,115395.0000,148281.0000
2022-01-01,2022,1,Otros departamentos,4,Prendas de vestir y textiles,0,89.7827,-13.5000,6.9399,17.6600,44715.1749,-7.0000,5.6219,17.4600,53701.3659,0,449306.0000,690789.0000
2022-01-01,2022,1,Otros departamentos,8,Electrodomesticos y muebles,1,127.3742,-13.5000,6.9399,17.6600,44715.1749,-7.0000,5.6219,17.4600,53701.3659,0,449306.0000,690789.0000
2022-01-01,2022,1,Otros departamentos,9,Articulos y utensilios domesticos,0,147.1689,-13.5000,6.9399,17.6600,44715.1749,-7.0000,5.6219,17.4600,53701.3659,0,449306.0000,690789.0000
2022-01-01,2022,1,Otros departamentos,10,Aseo del hogar,0,123.7332,-13.5000,6.9399,17.6600,44715.1749,-7.0000,5.6219,17.4600,53701.3659,0,449306.0000,690789.0000
2022-01-01,2022,1,Otros departamentos,11,Informatica y telecomunicaciones,0,164.5281,-13.5000,6.9399,17.6600,44715.1749,-7.0000,5.6219,17.4600,53701.3659,0,449306.0000,690789.0000
2022-01-01,2022,1,Otros departamentos,12,Sonido y video,0,97.1374,-13.5000,6.9399,17.6600,44715.1749,-7.0000,5.6219,17.4600,53701.3659,0,449306.0000,690789.0000
2022-01-01,2022,1,Otros departamentos,14,"Ferreteria, vidrios y pinturas",0,112.0731,-13.5000,6.9399,17.6600,44715.1749,-7.0000,5.6219,17.4600,53701.3659,0,449306.0000,690789.0000
2022-01-01,2022,1,Otros departamentos,15,Otras mercancias de uso domestico,0,93.4153,-13.5000,6.9399,17.6600,44715.1749,-7.0000,5.6219,17.4600,53701.3659,0,449306.0000,690789.0000
2022-02-01,2022,2,Antioquia,4,Prendas de vestir y textiles,0,76.6567,-17.5000,8.0034,18.3000,41860.6645,-13.5000,6.9399,17.6600,44715.1749,0,285383.0000,239465.0000
2022-02-01,2022,2,Antioquia,8,Electrodomesticos y muebles,1,105.6059,-17.5000,8.0034,18.3000,41860.6645,-13.5000,6.9399,17.6600,44715.1749,0,285383.0000,239465.0000
2022-02-01,2022,2,Antioquia,9,Articulos y utensilios domesticos,0,96.1017,-17.5000,8.0034,18.3000,41860.6645,-13.5000,6.9399,17.6600,44715.1749,0,285383.0000,239465.0000
2022-02-01,2022,2,Antioquia,10,Aseo del hogar,0,117.6588,-17.5000,8.0034,18.3000,41860.6645,-13.5000,6.9399,17.6600,44715.1749,0,285383.0000,239465.0000
2022-02-01,2022,2,Antioquia,11,Informatica y telecomunicaciones,0,179.7249,-17.5000,8.0034,18.3000,41860.6645,-13.5000,6.9399,17.6600,44715.1749,0,285383.0000,239465.0000
2022-02-01,2022,2,Antioquia,12,Sonido y video,0,88.3943,-17.5000,8.0034,18.3000,41860.6645,-13.5000,6.9399,17.6600,44715.1749,0,285383.0000,239465.0000
2022-02-01,2022,2,Antioquia,14,"Ferreteria, vidrios y pinturas",0,113.1831,-17.5000,8.0034,18.3000,41860.6645,-13.5000,6.9399,17.6600,44715.1749,0,285383.0000,239465.0000
2022-02-01,2022,2,Antioquia,15,Otras mercancias de uso domestico,0,106.5362,-17.5000,8.0034,18.3000,41860.6645,-13.5000,6.9399,17.6600,44715.1749,0,285383.0000,239465.0000
2022-02-01,2022,2,Atlantico,4,Prendas de vestir y textiles,0,72.7377,-17.5000,8.0034,18.3000,41860.6645,-13.5000,6.9399,17.6600,44715.1749,0,445522.0000,105404.0000
2022-02-01,2022,2,Atlantico,8,Electrodomesticos y muebles,1,129.0725,-17.5000,8.0034,18.3000,41860.6645,-13.5000,6.9399,17.6600,44715.1749,0,445522.0000,105404.0000
2022-02-01,2022,2,Atlantico,9,Articulos y utensilios domesticos,0,98.1300,-17.5000,8.0034,18.3000,41860.6645,-13.5000,6.9399,17.6600,44715.1749,0,445522.0000,105404.0000
2022-02-01,2022,2,Atlantico,10,Aseo del hogar,0,128.3711,-17.5000,8.0034,18.3000,41860.6645,-13.5000,6.9399,17.6600,44715.1749,0,445522.0000,105404.0000
2022-02-01,2022,2,Atlantico,11,Informatica y telecomunicaciones,0,179.2119,-17.5000,8.0034,18.3000,41860.6645,-13.5000,6.9399,17.6600,44715.1749,0,445522.0000,105404.0000
2022-02-01,2022,2,Atlantico,12,Sonido y video,0,95.6102,-17.5000,8.0034,18.3000,41860.6645,-13.5000,6.9399,17.6600,44715.1749,0,445522.0000,105404.0000
2022-02-01,2022,2,Atlantico,14,"Ferreteria, vidrios y pinturas",0,155.3287,-17.5000,8.0034,18.3000,41860.6645,-13.5000,6.9399,17.6600,44715.1749,0,445522.0000,105404.0000
2022-02-01,2022,2,Atlantico,15,Otras mercancias de uso domestico,0,107.7427,-17.5000,8.0034,18.3000,41860.6645,-13.5000,6.9399,17.6600,44715.1749,0,445522.0000,105404.0000
2022-02-01,2022,2,Bogota,4,Prendas de vestir y textiles,0,93.3818,-17.5000,8.0034,18.3000,41860.6645,-13.5000,6.9399,17.6600,44715.1749,0,202799.0000,297337.0000
2022-02-01,2022,2,Bogota,8,Electrodomesticos y muebles,1,104.8182,-17.5000,8.0034,18.3000,41860.6645,-13.5000,6.9399,17.6600,44715.1749,0,202799.0000,297337.0000
2022-02-01,2022,2,Bogota,9,Articulos y utensilios domesticos,0,126.2368,-17.5000,8.0034,18.3000,41860.6645,-13.5000,6.9399,17.6600,44715.1749,0,202799.0000,297337.0000
2022-02-01,2022,2,Bogota,10,Aseo del hogar,0,148.3100,-17.5000,8.0034,18.3000,41860.6645,-13.5000,6.9399,17.6600,44715.1749,0,202799.0000,297337.0000
2022-02-01,2022,2,Bogota,11,Informatica y telecomunicaciones,0,140.4471,-17.5000,8.0034,18.3000,41860.6645,-13.5000,6.9399,17.6600,44715.1749,0,202799.0000,297337.0000
2022-02-01,2022,2,Bogota,12,Sonido y video,0,89.9328,-17.5000,8.0034,18.3000,41860.6645,-13.5000,6.9399,17.6600,44715.1749,0,202799.0000,297337.0000
2022-02-01,2022,2,Bogota,14,"Ferreteria, vidrios y pinturas",0,124.1104,-17.5000,8.0034,18.3000,41860.6645,-13.5000,6.9399,17.6600,44715.1749,0,202799.0000,297337.0000
2022-02-01,2022,2,Bogota,15,Otras mercancias de uso domestico,0,84.8198,-17.5000,8.0034,18.3000,41860.6645,-13.5000,6.9399,17.6600,44715.1749,0,202799.0000,297337.0000
2022-02-01,2022,2,Cundinamarca,4,Prendas de vestir y textiles,0,104.3643,-17.5000,8.0034,18.3000,41860.6645,-13.5000,6.9399,17.6600,44715.1749,0,256670.0000,148356.0000
2022-02-01,2022,2,Cundinamarca,8,Electrodomesticos y muebles,1,140.8329,-17.5000,8.0034,18.3000,41860.6645,-13.5000,6.9399,17.6600,44715.1749,0,256670.0000,148356.0000
2022-02-01,2022,2,Cundinamarca,9,Articulos y utensilios domesticos,0,124.2674,-17.5000,8.0034,18.3000,41860.6645,-13.5000,6.9399,17.6600,44715.1749,0,256670.0000,148356.0000
2022-02-01,2022,2,Cundinamarca,10,Aseo del hogar,0,163.5479,-17.5000,8.0034,18.3000,41860.6645,-13.5000,6.9399,17.6600,44715.1749,0,256670.0000,148356.0000
2022-02-01,2022,2,Cundinamarca,11,Informatica y telecomunicaciones,0,225.0264,-17.5000,8.0034,18.3000,41860.6645,-13.5000,6.9399,17.6600,44715.1749,0,256670.0000,148356.0000
2022-02-01,2022,2,Cundinamarca,12,Sonido y video,0,99.2191,-17.5000,8.0034,18.3000,41860.6645,-13.5000,6.9399,17.6600,44715.1749,0,256670.0000,148356.0000
2022-02-01,2022,2,Cundinamarca,14,"Ferreteria, vidrios y pinturas",0,163.9469,-17.5000,8.0034,18.3000,41860.6645,-13.5000,6.9399,17.6600,44715.1749,0,256670.0000,148356.0000
2022-02-01,2022,2,Cundinamarca,15,Otras mercancias de uso domestico,0,88.7794,-17.5000,8.0034,18.3000,41860.6645,-13.5000,6.9399,17.6600,44715.1749,0,256670.0000,148356.0000
2022-02-01,2022,2,Santander,4,Prendas de vestir y textiles,0,79.4411,-17.5000,8.0034,18.3000,41860.6645,-13.5000,6.9399,17.6600,44715.1749,0,125487.0000,67869.0000
2022-02-01,2022,2,Santander,8,Electrodomesticos y muebles,1,122.4482,-17.5000,8.0034,18.3000,41860.6645,-13.5000,6.9399,17.6600,44715.1749,0,125487.0000,67869.0000
2022-02-01,2022,2,Santander,9,Articulos y utensilios domesticos,0,110.2470,-17.5000,8.0034,18.3000,41860.6645,-13.5000,6.9399,17.6600,44715.1749,0,125487.0000,67869.0000
2022-02-01,2022,2,Santander,10,Aseo del hogar,0,115.8490,-17.5000,8.0034,18.3000,41860.6645,-13.5000,6.9399,17.6600,44715.1749,0,125487.0000,67869.0000
2022-02-01,2022,2,Santander,11,Informatica y telecomunicaciones,0,172.8961,-17.5000,8.0034,18.3000,41860.6645,-13.5000,6.9399,17.6600,44715.1749,0,125487.0000,67869.0000
2022-02-01,2022,2,Santander,12,Sonido y video,0,107.7337,-17.5000,8.0034,18.3000,41860.6645,-13.5000,6.9399,17.6600,44715.1749,0,125487.0000,67869.0000
2022-02-01,2022,2,Santander,14,"Ferreteria, vidrios y pinturas",0,118.6075,-17.5000,8.0034,18.3000,41860.6645,-13.5000,6.9399,17.6600,44715.1749,0,125487.0000,67869.0000
2022-02-01,2022,2,Santander,15,Otras mercancias de uso domestico,0,111.9908,-17.5000,8.0034,18.3000,41860.6645,-13.5000,6.9399,17.6600,44715.1749,0,125487.0000,67869.0000
2022-02-01,2022,2,Valle del Cauca,4,Prendas de vestir y textiles,0,77.3494,-17.5000,8.0034,18.3000,41860.6645,-13.5000,6.9399,17.6600,44715.1749,0,159160.0000,115395.0000
2022-02-01,2022,2,Valle del Cauca,8,Electrodomesticos y muebles,1,116.4708,-17.5000,8.0034,18.3000,41860.6645,-13.5000,6.9399,17.6600,44715.1749,0,159160.0000,115395.0000
2022-02-01,2022,2,Valle del Cauca,9,Articulos y utensilios domesticos,0,102.5590,-17.5000,8.0034,18.3000,41860.6645,-13.5000,6.9399,17.6600,44715.1749,0,159160.0000,115395.0000
2022-02-01,2022,2,Valle del Cauca,10,Aseo del hogar,0,108.9711,-17.5000,8.0034,18.3000,41860.6645,-13.5000,6.9399,17.6600,44715.1749,0,159160.0000,115395.0000
2022-02-01,2022,2,Valle del Cauca,11,Informatica y telecomunicaciones,0,166.0616,-17.5000,8.0034,18.3000,41860.6645,-13.5000,6.9399,17.6600,44715.1749,0,159160.0000,115395.0000
2022-02-01,2022,2,Valle del Cauca,12,Sonido y video,0,83.2943,-17.5000,8.0034,18.3000,41860.6645,-13.5000,6.9399,17.6600,44715.1749,0,159160.0000,115395.0000
2022-02-01,2022,2,Valle del Cauca,14,"Ferreteria, vidrios y pinturas",0,127.8740,-17.5000,8.0034,18.3000,41860.6645,-13.5000,6.9399,17.6600,44715.1749,0,159160.0000,115395.0000
2022-02-01,2022,2,Valle del Cauca,15,Otras mercancias de uso domestico,0,83.4527,-17.5000,8.0034,18.3000,41860.6645,-13.5000,6.9399,17.6600,44715.1749,0,159160.0000,115395.0000
2022-02-01,2022,2,Otros departamentos,4,Prendas de vestir y textiles,0,92.0090,-17.5000,8.0034,18.3000,41860.6645,-13.5000,6.9399,17.6600,44715.1749,0,415430.0000,449306.0000
2022-02-01,2022,2,Otros departamentos,8,Electrodomesticos y muebles,1,100.9257,-17.5000,8.0034,18.3000,41860.6645,-13.5000,6.9399,17.6600,44715.1749,0,415430.0000,449306.0000
2022-02-01,2022,2,Otros departamentos,9,Articulos y utensilios domesticos,0,120.2928,-17.5000,8.0034,18.3000,41860.6645,-13.5000,6.9399,17.6600,44715.1749,0,415430.0000,449306.0000
2022-02-01,2022,2,Otros departamentos,10,Aseo del hogar,0,110.0508,-17.5000,8.0034,18.3000,41860.6645,-13.5000,6.9399,17.6600,44715.1749,0,415430.0000,449306.0000
2022-02-01,2022,2,Otros departamentos,11,Informatica y telecomunicaciones,0,175.5828,-17.5000,8.0034,18.3000,41860.6645,-13.5000,6.9399,17.6600,44715.1749,0,415430.0000,449306.0000
2022-02-01,2022,2,Otros departamentos,12,Sonido y video,0,90.7286,-17.5000,8.0034,18.3000,41860.6645,-13.5000,6.9399,17.6600,44715.1749,0,415430.0000,449306.0000
2022-02-01,2022,2,Otros departamentos,14,"Ferreteria, vidrios y pinturas",0,110.9750,-17.5000,8.0034,18.3000,41860.6645,-13.5000,6.9399,17.6600,44715.1749,0,415430.0000,449306.0000
2022-02-01,2022,2,Otros departamentos,15,Otras mercancias de uso domestico,0,100.2380,-17.5000,8.0034,18.3000,41860.6645,-13.5000,6.9399,17.6600,44715.1749,0,415430.0000,449306.0000
2022-03-01,2022,3,Antioquia,4,Prendas de vestir y textiles,0,96.8065,-17.8000,8.5325,18.4700,39679.6592,-17.5000,8.0034,18.3000,41860.6645,0,332546.0000,285383.0000
2022-03-01,2022,3,Antioquia,8,Electrodomesticos y muebles,1,169.5140,-17.8000,8.5325,18.4700,39679.6592,-17.5000,8.0034,18.3000,41860.6645,0,332546.0000,285383.0000
2022-03-01,2022,3,Antioquia,9,Articulos y utensilios domesticos,0,117.4428,-17.8000,8.5325,18.4700,39679.6592,-17.5000,8.0034,18.3000,41860.6645,0,332546.0000,285383.0000
2022-03-01,2022,3,Antioquia,10,Aseo del hogar,0,128.6650,-17.8000,8.5325,18.4700,39679.6592,-17.5000,8.0034,18.3000,41860.6645,0,332546.0000,285383.0000
2022-03-01,2022,3,Antioquia,11,Informatica y telecomunicaciones,0,235.1800,-17.8000,8.5325,18.4700,39679.6592,-17.5000,8.0034,18.3000,41860.6645,0,332546.0000,285383.0000
2022-03-01,2022,3,Antioquia,12,Sonido y video,0,163.2682,-17.8000,8.5325,18.4700,39679.6592,-17.5000,8.0034,18.3000,41860.6645,0,332546.0000,285383.0000
2022-03-01,2022,3,Antioquia,14,"Ferreteria, vidrios y pinturas",0,131.9203,-17.8000,8.5325,18.4700,39679.6592,-17.5000,8.0034,18.3000,41860.6645,0,332546.0000,285383.0000
2022-03-01,2022,3,Antioquia,15,Otras mercancias de uso domestico,0,136.4492,-17.8000,8.5325,18.4700,39679.6592,-17.5000,8.0034,18.3000,41860.6645,0,332546.0000,285383.0000
2022-03-01,2022,3,Atlantico,4,Prendas de vestir y textiles,0,97.4096,-17.8000,8.5325,18.4700,39679.6592,-17.5000,8.0034,18.3000,41860.6645,0,82204.0000,445522.0000
2022-03-01,2022,3,Atlantico,8,Electrodomesticos y muebles,1,176.3632,-17.8000,8.5325,18.4700,39679.6592,-17.5000,8.0034,18.3000,41860.6645,0,82204.0000,445522.0000
2022-03-01,2022,3,Atlantico,9,Articulos y utensilios domesticos,0,124.3440,-17.8000,8.5325,18.4700,39679.6592,-17.5000,8.0034,18.3000,41860.6645,0,82204.0000,445522.0000
2022-03-01,2022,3,Atlantico,10,Aseo del hogar,0,127.4576,-17.8000,8.5325,18.4700,39679.6592,-17.5000,8.0034,18.3000,41860.6645,0,82204.0000,445522.0000
2022-03-01,2022,3,Atlantico,11,Informatica y telecomunicaciones,0,220.0427,-17.8000,8.5325,18.4700,39679.6592,-17.5000,8.0034,18.3000,41860.6645,0,82204.0000,445522.0000
2022-03-01,2022,3,Atlantico,12,Sonido y video,0,192.2731,-17.8000,8.5325,18.4700,39679.6592,-17.5000,8.0034,18.3000,41860.6645,0,82204.0000,445522.0000
2022-03-01,2022,3,Atlantico,14,"Ferreteria, vidrios y pinturas",0,161.9206,-17.8000,8.5325,18.4700,39679.6592,-17.5000,8.0034,18.3000,41860.6645,0,82204.0000,445522.0000
2022-03-01,2022,3,Atlantico,15,Otras mercancias de uso domestico,0,95.1382,-17.8000,8.5325,18.4700,39679.6592,-17.5000,8.0034,18.3000,41860.6645,0,82204.0000,445522.0000
2022-03-01,2022,3,Bogota,4,Prendas de vestir y textiles,0,132.4707,-17.8000,8.5325,18.4700,39679.6592,-17.5000,8.0034,18.3000,41860.6645,0,240347.0000,202799.0000
2022-03-01,2022,3,Bogota,8,Electrodomesticos y muebles,1,162.8395,-17.8000,8.5325,18.4700,39679.6592,-17.5000,8.0034,18.3000,41860.6645,0,240347.0000,202799.0000
2022-03-01,2022,3,Bogota,9,Articulos y utensilios domesticos,0,151.3109,-17.8000,8.5325,18.4700,39679.6592,-17.5000,8.0034,18.3000,41860.6645,0,240347.0000,202799.0000
2022-03-01,2022,3,Bogota,10,Aseo del hogar,0,180.4119,-17.8000,8.5325,18.4700,39679.6592,-17.5000,8.0034,18.3000,41860.6645,0,240347.0000,202799.0000
2022-03-01,2022,3,Bogota,11,Informatica y telecomunicaciones,0,202.3343,-17.8000,8.5325,18.4700,39679.6592,-17.5000,8.0034,18.3000,41860.6645,0,240347.0000,202799.0000
2022-03-01,2022,3,Bogota,12,Sonido y video,0,177.3622,-17.8000,8.5325,18.4700,39679.6592,-17.5000,8.0034,18.3000,41860.6645,0,240347.0000,202799.0000
2022-03-01,2022,3,Bogota,14,"Ferreteria, vidrios y pinturas",0,166.3077,-17.8000,8.5325,18.4700,39679.6592,-17.5000,8.0034,18.3000,41860.6645,0,240347.0000,202799.0000
2022-03-01,2022,3,Bogota,15,Otras mercancias de uso domestico,0,95.8408,-17.8000,8.5325,18.4700,39679.6592,-17.5000,8.0034,18.3000,41860.6645,0,240347.0000,202799.0000
2022-03-01,2022,3,Cundinamarca,4,Prendas de vestir y textiles,0,104.1435,-17.8000,8.5325,18.4700,39679.6592,-17.5000,8.0034,18.3000,41860.6645,0,119943.0000,256670.0000
2022-03-01,2022,3,Cundinamarca,8,Electrodomesticos y muebles,1,200.8373,-17.8000,8.5325,18.4700,39679.6592,-17.5000,8.0034,18.3000,41860.6645,0,119943.0000,256670.0000
2022-03-01,2022,3,Cundinamarca,9,Articulos y utensilios domesticos,0,146.3567,-17.8000,8.5325,18.4700,39679.6592,-17.5000,8.0034,18.3000,41860.6645,0,119943.0000,256670.0000
2022-03-01,2022,3,Cundinamarca,10,Aseo del hogar,0,161.9398,-17.8000,8.5325,18.4700,39679.6592,-17.5000,8.0034,18.3000,41860.6645,0,119943.0000,256670.0000
2022-03-01,2022,3,Cundinamarca,11,Informatica y telecomunicaciones,0,255.1642,-17.8000,8.5325,18.4700,39679.6592,-17.5000,8.0034,18.3000,41860.6645,0,119943.0000,256670.0000
2022-03-01,2022,3,Cundinamarca,12,Sonido y video,0,173.6689,-17.8000,8.5325,18.4700,39679.6592,-17.5000,8.0034,18.3000,41860.6645,0,119943.0000,256670.0000
2022-03-01,2022,3,Cundinamarca,14,"Ferreteria, vidrios y pinturas",0,147.4818,-17.8000,8.5325,18.4700,39679.6592,-17.5000,8.0034,18.3000,41860.6645,0,119943.0000,256670.0000
2022-03-01,2022,3,Cundinamarca,15,Otras mercancias de uso domestico,0,102.3497,-17.8000,8.5325,18.4700,39679.6592,-17.5000,8.0034,18.3000,41860.6645,0,119943.0000,256670.0000
2022-03-01,2022,3,Santander,4,Prendas de vestir y textiles,0,94.1581,-17.8000,8.5325,18.4700,39679.6592,-17.5000,8.0034,18.3000,41860.6645,0,64757.0000,125487.0000
2022-03-01,2022,3,Santander,8,Electrodomesticos y muebles,1,172.5678,-17.8000,8.5325,18.4700,39679.6592,-17.5000,8.0034,18.3000,41860.6645,0,64757.0000,125487.0000
2022-03-01,2022,3,Santander,9,Articulos y utensilios domesticos,0,127.0232,-17.8000,8.5325,18.4700,39679.6592,-17.5000,8.0034,18.3000,41860.6645,0,64757.0000,125487.0000
2022-03-01,2022,3,Santander,10,Aseo del hogar,0,127.1246,-17.8000,8.5325,18.4700,39679.6592,-17.5000,8.0034,18.3000,41860.6645,0,64757.0000,125487.0000
2022-03-01,2022,3,Santander,11,Informatica y telecomunicaciones,0,230.6017,-17.8000,8.5325,18.4700,39679.6592,-17.5000,8.0034,18.3000,41860.6645,0,64757.0000,125487.0000
2022-03-01,2022,3,Santander,12,Sonido y video,0,218.2210,-17.8000,8.5325,18.4700,39679.6592,-17.5000,8.0034,18.3000,41860.6645,0,64757.0000,125487.0000
2022-03-01,2022,3,Santander,14,"Ferreteria, vidrios y pinturas",0,143.9538,-17.8000,8.5325,18.4700,39679.6592,-17.5000,8.0034,18.3000,41860.6645,0,64757.0000,125487.0000
2022-03-01,2022,3,Santander,15,Otras mercancias de uso domestico,0,116.1692,-17.8000,8.5325,18.4700,39679.6592,-17.5000,8.0034,18.3000,41860.6645,0,64757.0000,125487.0000
2022-03-01,2022,3,Valle del Cauca,4,Prendas de vestir y textiles,0,100.2141,-17.8000,8.5325,18.4700,39679.6592,-17.5000,8.0034,18.3000,41860.6645,0,204473.0000,159160.0000
2022-03-01,2022,3,Valle del Cauca,8,Electrodomesticos y muebles,1,154.5091,-17.8000,8.5325,18.4700,39679.6592,-17.5000,8.0034,18.3000,41860.6645,0,204473.0000,159160.0000
2022-03-01,2022,3,Valle del Cauca,9,Articulos y utensilios domesticos,0,92.1456,-17.8000,8.5325,18.4700,39679.6592,-17.5000,8.0034,18.3000,41860.6645,0,204473.0000,159160.0000
2022-03-01,2022,3,Valle del Cauca,10,Aseo del hogar,0,119.5004,-17.8000,8.5325,18.4700,39679.6592,-17.5000,8.0034,18.3000,41860.6645,0,204473.0000,159160.0000
2022-03-01,2022,3,Valle del Cauca,11,Informatica y telecomunicaciones,0,209.1039,-17.8000,8.5325,18.4700,39679.6592,-17.5000,8.0034,18.3000,41860.6645,0,204473.0000,159160.0000
2022-03-01,2022,3,Valle del Cauca,12,Sonido y video,0,177.0537,-17.8000,8.5325,18.4700,39679.6592,-17.5000,8.0034,18.3000,41860.6645,0,204473.0000,159160.0000
2022-03-01,2022,3,Valle del Cauca,14,"Ferreteria, vidrios y pinturas",0,116.2485,-17.8000,8.5325,18.4700,39679.6592,-17.5000,8.0034,18.3000,41860.6645,0,204473.0000,159160.0000
2022-03-01,2022,3,Valle del Cauca,15,Otras mercancias de uso domestico,0,90.7739,-17.8000,8.5325,18.4700,39679.6592,-17.5000,8.0034,18.3000,41860.6645,0,204473.0000,159160.0000
2022-03-01,2022,3,Otros departamentos,4,Prendas de vestir y textiles,0,102.8248,-17.8000,8.5325,18.4700,39679.6592,-17.5000,8.0034,18.3000,41860.6645,0,910295.0000,415430.0000
2022-03-01,2022,3,Otros departamentos,8,Electrodomesticos y muebles,1,157.8160,-17.8000,8.5325,18.4700,39679.6592,-17.5000,8.0034,18.3000,41860.6645,0,910295.0000,415430.0000
2022-03-01,2022,3,Otros departamentos,9,Articulos y utensilios domesticos,0,119.0774,-17.8000,8.5325,18.4700,39679.6592,-17.5000,8.0034,18.3000,41860.6645,0,910295.0000,415430.0000
2022-03-01,2022,3,Otros departamentos,10,Aseo del hogar,0,107.7327,-17.8000,8.5325,18.4700,39679.6592,-17.5000,8.0034,18.3000,41860.6645,0,910295.0000,415430.0000
2022-03-01,2022,3,Otros departamentos,11,Informatica y telecomunicaciones,0,237.5775,-17.8000,8.5325,18.4700,39679.6592,-17.5000,8.0034,18.3000,41860.6645,0,910295.0000,415430.0000
2022-03-01,2022,3,Otros departamentos,12,Sonido y video,0,173.7938,-17.8000,8.5325,18.4700,39679.6592,-17.5000,8.0034,18.3000,41860.6645,0,910295.0000,415430.0000
2022-03-01,2022,3,Otros departamentos,14,"Ferreteria, vidrios y pinturas",0,117.0032,-17.8000,8.5325,18.4700,39679.6592,-17.5000,8.0034,18.3000,41860.6645,0,910295.0000,415430.0000
2022-03-01,2022,3,Otros departamentos,15,Otras mercancias de uso domestico,0,121.4750,-17.8000,8.5325,18.4700,39679.6592,-17.5000,8.0034,18.3000,41860.6645,0,910295.0000,415430.0000
2022-04-01,2022,4,Antioquia,4,Prendas de vestir y textiles,0,108.9996,-17.5000,9.2335,19.0500,31337.4358,-17.8000,8.5325,18.4700,39679.6592,0,368836.0000,332546.0000
2022-04-01,2022,4,Antioquia,8,Electrodomesticos y muebles,1,120.2691,-17.5000,9.2335,19.0500,31337.4358,-17.8000,8.5325,18.4700,39679.6592,0,368836.0000,332546.0000
2022-04-01,2022,4,Antioquia,9,Articulos y utensilios domesticos,0,134.7878,-17.5000,9.2335,19.0500,31337.4358,-17.8000,8.5325,18.4700,39679.6592,0,368836.0000,332546.0000
2022-04-01,2022,4,Antioquia,10,Aseo del hogar,0,126.7025,-17.5000,9.2335,19.0500,31337.4358,-17.8000,8.5325,18.4700,39679.6592,0,368836.0000,332546.0000
2022-04-01,2022,4,Antioquia,11,Informatica y telecomunicaciones,0,163.8523,-17.5000,9.2335,19.0500,31337.4358,-17.8000,8.5325,18.4700,39679.6592,0,368836.0000,332546.0000
2022-04-01,2022,4,Antioquia,12,Sonido y video,0,87.1556,-17.5000,9.2335,19.0500,31337.4358,-17.8000,8.5325,18.4700,39679.6592,0,368836.0000,332546.0000
2022-04-01,2022,4,Antioquia,14,"Ferreteria, vidrios y pinturas",0,129.1327,-17.5000,9.2335,19.0500,31337.4358,-17.8000,8.5325,18.4700,39679.6592,0,368836.0000,332546.0000
2022-04-01,2022,4,Antioquia,15,Otras mercancias de uso domestico,0,119.6723,-17.5000,9.2335,19.0500,31337.4358,-17.8000,8.5325,18.4700,39679.6592,0,368836.0000,332546.0000
2022-04-01,2022,4,Atlantico,4,Prendas de vestir y textiles,0,95.9939,-17.5000,9.2335,19.0500,31337.4358,-17.8000,8.5325,18.4700,39679.6592,0,165584.0000,82204.0000
2022-04-01,2022,4,Atlantico,8,Electrodomesticos y muebles,1,123.1751,-17.5000,9.2335,19.0500,31337.4358,-17.8000,8.5325,18.4700,39679.6592,0,165584.0000,82204.0000
2022-04-01,2022,4,Atlantico,9,Articulos y utensilios domesticos,0,146.3064,-17.5000,9.2335,19.0500,31337.4358,-17.8000,8.5325,18.4700,39679.6592,0,165584.0000,82204.0000
2022-04-01,2022,4,Atlantico,10,Aseo del hogar,0,136.2516,-17.5000,9.2335,19.0500,31337.4358,-17.8000,8.5325,18.4700,39679.6592,0,165584.0000,82204.0000
2022-04-01,2022,4,Atlantico,11,Informatica y telecomunicaciones,0,196.3207,-17.5000,9.2335,19.0500,31337.4358,-17.8000,8.5325,18.4700,39679.6592,0,165584.0000,82204.0000
2022-04-01,2022,4,Atlantico,12,Sonido y video,0,96.8003,-17.5000,9.2335,19.0500,31337.4358,-17.8000,8.5325,18.4700,39679.6592,0,165584.0000,82204.0000
2022-04-01,2022,4,Atlantico,14,"Ferreteria, vidrios y pinturas",0,120.0619,-17.5000,9.2335,19.0500,31337.4358,-17.8000,8.5325,18.4700,39679.6592,0,165584.0000,82204.0000
2022-04-01,2022,4,Atlantico,15,Otras mercancias de uso domestico,0,111.0990,-17.5000,9.2335,19.0500,31337.4358,-17.8000,8.5325,18.4700,39679.6592,0,165584.0000,82204.0000
2022-04-01,2022,4,Bogota,4,Prendas de vestir y textiles,0,100.0835,-17.5000,9.2335,19.0500,31337.4358,-17.8000,8.5325,18.4700,39679.6592,0,532443.0000,240347.0000
2022-04-01,2022,4,Bogota,8,Electrodomesticos y muebles,1,96.2910,-17.5000,9.2335,19.0500,31337.4358,-17.8000,8.5325,18.4700,39679.6592,0,532443.0000,240347.0000
2022-04-01,2022,4,Bogota,9,Articulos y utensilios domesticos,0,108.7132,-17.5000,9.2335,19.0500,31337.4358,-17.8000,8.5325,18.4700,39679.6592,0,532443.0000,240347.0000
2022-04-01,2022,4,Bogota,10,Aseo del hogar,0,131.7006,-17.5000,9.2335,19.0500,31337.4358,-17.8000,8.5325,18.4700,39679.6592,0,532443.0000,240347.0000
2022-04-01,2022,4,Bogota,11,Informatica y telecomunicaciones,0,118.9923,-17.5000,9.2335,19.0500,31337.4358,-17.8000,8.5325,18.4700,39679.6592,0,532443.0000,240347.0000
2022-04-01,2022,4,Bogota,12,Sonido y video,0,85.1924,-17.5000,9.2335,19.0500,31337.4358,-17.8000,8.5325,18.4700,39679.6592,0,532443.0000,240347.0000
2022-04-01,2022,4,Bogota,14,"Ferreteria, vidrios y pinturas",0,127.3137,-17.5000,9.2335,19.0500,31337.4358,-17.8000,8.5325,18.4700,39679.6592,0,532443.0000,240347.0000
2022-04-01,2022,4,Bogota,15,Otras mercancias de uso domestico,0,93.9123,-17.5000,9.2335,19.0500,31337.4358,-17.8000,8.5325,18.4700,39679.6592,0,532443.0000,240347.0000
2022-04-01,2022,4,Cundinamarca,4,Prendas de vestir y textiles,0,126.7432,-17.5000,9.2335,19.0500,31337.4358,-17.8000,8.5325,18.4700,39679.6592,0,314143.0000,119943.0000
2022-04-01,2022,4,Cundinamarca,8,Electrodomesticos y muebles,1,143.0776,-17.5000,9.2335,19.0500,31337.4358,-17.8000,8.5325,18.4700,39679.6592,0,314143.0000,119943.0000
2022-04-01,2022,4,Cundinamarca,9,Articulos y utensilios domesticos,0,128.4326,-17.5000,9.2335,19.0500,31337.4358,-17.8000,8.5325,18.4700,39679.6592,0,314143.0000,119943.0000
2022-04-01,2022,4,Cundinamarca,10,Aseo del hogar,0,171.3630,-17.5000,9.2335,19.0500,31337.4358,-17.8000,8.5325,18.4700,39679.6592,0,314143.0000,119943.0000
2022-04-01,2022,4,Cundinamarca,11,Informatica y telecomunicaciones,0,191.9848,-17.5000,9.2335,19.0500,31337.4358,-17.8000,8.5325,18.4700,39679.6592,0,314143.0000,119943.0000
2022-04-01,2022,4,Cundinamarca,12,Sonido y video,0,103.3987,-17.5000,9.2335,19.0500,31337.4358,-17.8000,8.5325,18.4700,39679.6592,0,314143.0000,119943.0000
2022-04-01,2022,4,Cundinamarca,14,"Ferreteria, vidrios y pinturas",0,146.1389,-17.5000,9.2335,19.0500,31337.4358,-17.8000,8.5325,18.4700,39679.6592,0,314143.0000,119943.0000
2022-04-01,2022,4,Cundinamarca,15,Otras mercancias de uso domestico,0,117.3329,-17.5000,9.2335,19.0500,31337.4358,-17.8000,8.5325,18.4700,39679.6592,0,314143.0000,119943.0000
2022-04-01,2022,4,Santander,4,Prendas de vestir y textiles,0,86.2776,-17.5000,9.2335,19.0500,31337.4358,-17.8000,8.5325,18.4700,39679.6592,0,46148.0000,64757.0000
2022-04-01,2022,4,Santander,8,Electrodomesticos y muebles,1,105.6120,-17.5000,9.2335,19.0500,31337.4358,-17.8000,8.5325,18.4700,39679.6592,0,46148.0000,64757.0000
2022-04-01,2022,4,Santander,9,Articulos y utensilios domesticos,0,139.6310,-17.5000,9.2335,19.0500,31337.4358,-17.8000,8.5325,18.4700,39679.6592,0,46148.0000,64757.0000
2022-04-01,2022,4,Santander,10,Aseo del hogar,0,114.3061,-17.5000,9.2335,19.0500,31337.4358,-17.8000,8.5325,18.4700,39679.6592,0,46148.0000,64757.0000
2022-04-01,2022,4,Santander,11,Informatica y telecomunicaciones,0,141.8438,-17.5000,9.2335,19.0500,31337.4358,-17.8000,8.5325,18.4700,39679.6592,0,46148.0000,64757.0000
2022-04-01,2022,4,Santander,12,Sonido y video,0,105.2284,-17.5000,9.2335,19.0500,31337.4358,-17.8000,8.5325,18.4700,39679.6592,0,46148.0000,64757.0000
2022-04-01,2022,4,Santander,14,"Ferreteria, vidrios y pinturas",0,113.4749,-17.5000,9.2335,19.0500,31337.4358,-17.8000,8.5325,18.4700,39679.6592,0,46148.0000,64757.0000
2022-04-01,2022,4,Santander,15,Otras mercancias de uso domestico,0,91.5910,-17.5000,9.2335,19.0500,31337.4358,-17.8000,8.5325,18.4700,39679.6592,0,46148.0000,64757.0000
2022-04-01,2022,4,Valle del Cauca,4,Prendas de vestir y textiles,0,92.6533,-17.5000,9.2335,19.0500,31337.4358,-17.8000,8.5325,18.4700,39679.6592,0,121172.0000,204473.0000
2022-04-01,2022,4,Valle del Cauca,8,Electrodomesticos y muebles,1,116.8433,-17.5000,9.2335,19.0500,31337.4358,-17.8000,8.5325,18.4700,39679.6592,0,121172.0000,204473.0000
2022-04-01,2022,4,Valle del Cauca,9,Articulos y utensilios domesticos,0,101.1923,-17.5000,9.2335,19.0500,31337.4358,-17.8000,8.5325,18.4700,39679.6592,0,121172.0000,204473.0000
2022-04-01,2022,4,Valle del Cauca,10,Aseo del hogar,0,120.4594,-17.5000,9.2335,19.0500,31337.4358,-17.8000,8.5325,18.4700,39679.6592,0,121172.0000,204473.0000
2022-04-01,2022,4,Valle del Cauca,11,Informatica y telecomunicaciones,0,119.0265,-17.5000,9.2335,19.0500,31337.4358,-17.8000,8.5325,18.4700,39679.6592,0,121172.0000,204473.0000
2022-04-01,2022,4,Valle del Cauca,12,Sonido y video,0,97.5579,-17.5000,9.2335,19.0500,31337.4358,-17.8000,8.5325,18.4700,39679.6592,0,121172.0000,204473.0000
2022-04-01,2022,4,Valle del Cauca,14,"Ferreteria, vidrios y pinturas",0,113.1118,-17.5000,9.2335,19.0500,31337.4358,-17.8000,8.5325,18.4700,39679.6592,0,121172.0000,204473.0000
2022-04-01,2022,4,Valle del Cauca,15,Otras mercancias de uso domestico,0,87.9800,-17.5000,9.2335,19.0500,31337.4358,-17.8000,8.5325,18.4700,39679.6592,0,121172.0000,204473.0000
2022-04-01,2022,4,Otros departamentos,4,Prendas de vestir y textiles,0,103.0033,-17.5000,9.2335,19.0500,31337.4358,-17.8000,8.5325,18.4700,39679.6592,0,468415.0000,910295.0000
2022-04-01,2022,4,Otros departamentos,8,Electrodomesticos y muebles,1,107.3927,-17.5000,9.2335,19.0500,31337.4358,-17.8000,8.5325,18.4700,39679.6592,0,468415.0000,910295.0000
2022-04-01,2022,4,Otros departamentos,9,Articulos y utensilios domesticos,0,110.0141,-17.5000,9.2335,19.0500,31337.4358,-17.8000,8.5325,18.4700,39679.6592,0,468415.0000,910295.0000
2022-04-01,2022,4,Otros departamentos,10,Aseo del hogar,0,119.2199,-17.5000,9.2335,19.0500,31337.4358,-17.8000,8.5325,18.4700,39679.6592,0,468415.0000,910295.0000
2022-04-01,2022,4,Otros departamentos,11,Informatica y telecomunicaciones,0,188.2738,-17.5000,9.2335,19.0500,31337.4358,-17.8000,8.5325,18.4700,39679.6592,0,468415.0000,910295.0000
2022-04-01,2022,4,Otros departamentos,12,Sonido y video,0,93.3113,-17.5000,9.2335,19.0500,31337.4358,-17.8000,8.5325,18.4700,39679.6592,0,468415.0000,910295.0000
2022-04-01,2022,4,Otros departamentos,14,"Ferreteria, vidrios y pinturas",0,106.5097,-17.5000,9.2335,19.0500,31337.4358,-17.8000,8.5325,18.4700,39679.6592,0,468415.0000,910295.0000
2022-04-01,2022,4,Otros departamentos,15,Otras mercancias de uso domestico,0,114.2638,-17.5000,9.2335,19.0500,31337.4358,-17.8000,8.5325,18.4700,39679.6592,0,468415.0000,910295.0000
2022-05-01,2022,5,Antioquia,4,Prendas de vestir y textiles,0,124.5166,-14.7000,9.0592,19.7100,32500.1678,-17.5000,9.2335,19.0500,31337.4358,0,353461.0000,368836.0000
2022-05-01,2022,5,Antioquia,8,Electrodomesticos y muebles,1,115.2306,-14.7000,9.0592,19.7100,32500.1678,-17.5000,9.2335,19.0500,31337.4358,0,353461.0000,368836.0000
2022-05-01,2022,5,Antioquia,9,Articulos y utensilios domesticos,0,135.1517,-14.7000,9.0592,19.7100,32500.1678,-17.5000,9.2335,19.0500,31337.4358,0,353461.0000,368836.0000
2022-05-01,2022,5,Antioquia,10,Aseo del hogar,0,127.9768,-14.7000,9.0592,19.7100,32500.1678,-17.5000,9.2335,19.0500,31337.4358,0,353461.0000,368836.0000
2022-05-01,2022,5,Antioquia,11,Informatica y telecomunicaciones,0,201.1032,-14.7000,9.0592,19.7100,32500.1678,-17.5000,9.2335,19.0500,31337.4358,0,353461.0000,368836.0000
2022-05-01,2022,5,Antioquia,12,Sonido y video,0,87.8878,-14.7000,9.0592,19.7100,32500.1678,-17.5000,9.2335,19.0500,31337.4358,0,353461.0000,368836.0000
2022-05-01,2022,5,Antioquia,14,"Ferreteria, vidrios y pinturas",0,119.9084,-14.7000,9.0592,19.7100,32500.1678,-17.5000,9.2335,19.0500,31337.4358,0,353461.0000,368836.0000
2022-05-01,2022,5,Antioquia,15,Otras mercancias de uso domestico,0,142.1658,-14.7000,9.0592,19.7100,32500.1678,-17.5000,9.2335,19.0500,31337.4358,0,353461.0000,368836.0000
2022-05-01,2022,5,Atlantico,4,Prendas de vestir y textiles,0,88.7264,-14.7000,9.0592,19.7100,32500.1678,-17.5000,9.2335,19.0500,31337.4358,0,64753.0000,165584.0000
2022-05-01,2022,5,Atlantico,8,Electrodomesticos y muebles,1,135.9184,-14.7000,9.0592,19.7100,32500.1678,-17.5000,9.2335,19.0500,31337.4358,0,64753.0000,165584.0000
2022-05-01,2022,5,Atlantico,9,Articulos y utensilios domesticos,0,155.7520,-14.7000,9.0592,19.7100,32500.1678,-17.5000,9.2335,19.0500,31337.4358,0,64753.0000,165584.0000
2022-05-01,2022,5,Atlantico,10,Aseo del hogar,0,149.9096,-14.7000,9.0592,19.7100,32500.1678,-17.5000,9.2335,19.0500,31337.4358,0,64753.0000,165584.0000
2022-05-01,2022,5,Atlantico,11,Informatica y telecomunicaciones,0,185.2042,-14.7000,9.0592,19.7100,32500.1678,-17.5000,9.2335,19.0500,31337.4358,0,64753.0000,165584.0000
2022-05-01,2022,5,Atlantico,12,Sonido y video,0,84.5395,-14.7000,9.0592,19.7100,32500.1678,-17.5000,9.2335,19.0500,31337.4358,0,64753.0000,165584.0000
2022-05-01,2022,5,Atlantico,14,"Ferreteria, vidrios y pinturas",0,109.5749,-14.7000,9.0592,19.7100,32500.1678,-17.5000,9.2335,19.0500,31337.4358,0,64753.0000,165584.0000
2022-05-01,2022,5,Atlantico,15,Otras mercancias de uso domestico,0,114.8001,-14.7000,9.0592,19.7100,32500.1678,-17.5000,9.2335,19.0500,31337.4358,0,64753.0000,165584.0000
2022-05-01,2022,5,Bogota,4,Prendas de vestir y textiles,0,114.8862,-14.7000,9.0592,19.7100,32500.1678,-17.5000,9.2335,19.0500,31337.4358,0,218124.0000,532443.0000
2022-05-01,2022,5,Bogota,8,Electrodomesticos y muebles,1,104.0519,-14.7000,9.0592,19.7100,32500.1678,-17.5000,9.2335,19.0500,31337.4358,0,218124.0000,532443.0000
2022-05-01,2022,5,Bogota,9,Articulos y utensilios domesticos,0,105.9064,-14.7000,9.0592,19.7100,32500.1678,-17.5000,9.2335,19.0500,31337.4358,0,218124.0000,532443.0000
2022-05-01,2022,5,Bogota,10,Aseo del hogar,0,133.9237,-14.7000,9.0592,19.7100,32500.1678,-17.5000,9.2335,19.0500,31337.4358,0,218124.0000,532443.0000
2022-05-01,2022,5,Bogota,11,Informatica y telecomunicaciones,0,164.6777,-14.7000,9.0592,19.7100,32500.1678,-17.5000,9.2335,19.0500,31337.4358,0,218124.0000,532443.0000
2022-05-01,2022,5,Bogota,12,Sonido y video,0,117.1645,-14.7000,9.0592,19.7100,32500.1678,-17.5000,9.2335,19.0500,31337.4358,0,218124.0000,532443.0000
2022-05-01,2022,5,Bogota,14,"Ferreteria, vidrios y pinturas",0,118.6553,-14.7000,9.0592,19.7100,32500.1678,-17.5000,9.2335,19.0500,31337.4358,0,218124.0000,532443.0000
2022-05-01,2022,5,Bogota,15,Otras mercancias de uso domestico,0,98.2622,-14.7000,9.0592,19.7100,32500.1678,-17.5000,9.2335,19.0500,31337.4358,0,218124.0000,532443.0000
2022-05-01,2022,5,Cundinamarca,4,Prendas de vestir y textiles,0,117.6373,-14.7000,9.0592,19.7100,32500.1678,-17.5000,9.2335,19.0500,31337.4358,0,318525.0000,314143.0000
2022-05-01,2022,5,Cundinamarca,8,Electrodomesticos y muebles,1,164.7063,-14.7000,9.0592,19.7100,32500.1678,-17.5000,9.2335,19.0500,31337.4358,0,318525.0000,314143.0000
2022-05-01,2022,5,Cundinamarca,9,Articulos y utensilios domesticos,0,130.6277,-14.7000,9.0592,19.7100,32500.1678,-17.5000,9.2335,19.0500,31337.4358,0,318525.0000,314143.0000
2022-05-01,2022,5,Cundinamarca,10,Aseo del hogar,0,159.1301,-14.7000,9.0592,19.7100,32500.1678,-17.5000,9.2335,19.0500,31337.4358,0,318525.0000,314143.0000
2022-05-01,2022,5,Cundinamarca,11,Informatica y telecomunicaciones,0,220.3870,-14.7000,9.0592,19.7100,32500.1678,-17.5000,9.2335,19.0500,31337.4358,0,318525.0000,314143.0000
2022-05-01,2022,5,Cundinamarca,12,Sonido y video,0,100.9247,-14.7000,9.0592,19.7100,32500.1678,-17.5000,9.2335,19.0500,31337.4358,0,318525.0000,314143.0000
2022-05-01,2022,5,Cundinamarca,14,"Ferreteria, vidrios y pinturas",0,149.9201,-14.7000,9.0592,19.7100,32500.1678,-17.5000,9.2335,19.0500,31337.4358,0,318525.0000,314143.0000
2022-05-01,2022,5,Cundinamarca,15,Otras mercancias de uso domestico,0,168.2286,-14.7000,9.0592,19.7100,32500.1678,-17.5000,9.2335,19.0500,31337.4358,0,318525.0000,314143.0000
2022-05-01,2022,5,Santander,4,Prendas de vestir y textiles,0,104.6494,-14.7000,9.0592,19.7100,32500.1678,-17.5000,9.2335,19.0500,31337.4358,0,56769.0000,46148.0000
2022-05-01,2022,5,Santander,8,Electrodomesticos y muebles,1,119.6842,-14.7000,9.0592,19.7100,32500.1678,-17.5000,9.2335,19.0500,31337.4358,0,56769.0000,46148.0000
2022-05-01,2022,5,Santander,9,Articulos y utensilios domesticos,0,121.0595,-14.7000,9.0592,19.7100,32500.1678,-17.5000,9.2335,19.0500,31337.4358,0,56769.0000,46148.0000
2022-05-01,2022,5,Santander,10,Aseo del hogar,0,112.0453,-14.7000,9.0592,19.7100,32500.1678,-17.5000,9.2335,19.0500,31337.4358,0,56769.0000,46148.0000
2022-05-01,2022,5,Santander,11,Informatica y telecomunicaciones,0,193.7241,-14.7000,9.0592,19.7100,32500.1678,-17.5000,9.2335,19.0500,31337.4358,0,56769.0000,46148.0000
2022-05-01,2022,5,Santander,12,Sonido y video,0,111.7762,-14.7000,9.0592,19.7100,32500.1678,-17.5000,9.2335,19.0500,31337.4358,0,56769.0000,46148.0000
2022-05-01,2022,5,Santander,14,"Ferreteria, vidrios y pinturas",0,111.9105,-14.7000,9.0592,19.7100,32500.1678,-17.5000,9.2335,19.0500,31337.4358,0,56769.0000,46148.0000
2022-05-01,2022,5,Santander,15,Otras mercancias de uso domestico,0,117.0213,-14.7000,9.0592,19.7100,32500.1678,-17.5000,9.2335,19.0500,31337.4358,0,56769.0000,46148.0000
2022-05-01,2022,5,Valle del Cauca,4,Prendas de vestir y textiles,0,99.0393,-14.7000,9.0592,19.7100,32500.1678,-17.5000,9.2335,19.0500,31337.4358,0,190083.0000,121172.0000
2022-05-01,2022,5,Valle del Cauca,8,Electrodomesticos y muebles,1,133.3475,-14.7000,9.0592,19.7100,32500.1678,-17.5000,9.2335,19.0500,31337.4358,0,190083.0000,121172.0000
2022-05-01,2022,5,Valle del Cauca,9,Articulos y utensilios domesticos,0,105.6650,-14.7000,9.0592,19.7100,32500.1678,-17.5000,9.2335,19.0500,31337.4358,0,190083.0000,121172.0000
2022-05-01,2022,5,Valle del Cauca,10,Aseo del hogar,0,125.0699,-14.7000,9.0592,19.7100,32500.1678,-17.5000,9.2335,19.0500,31337.4358,0,190083.0000,121172.0000
2022-05-01,2022,5,Valle del Cauca,11,Informatica y telecomunicaciones,0,140.1641,-14.7000,9.0592,19.7100,32500.1678,-17.5000,9.2335,19.0500,31337.4358,0,190083.0000,121172.0000
2022-05-01,2022,5,Valle del Cauca,12,Sonido y video,0,93.9268,-14.7000,9.0592,19.7100,32500.1678,-17.5000,9.2335,19.0500,31337.4358,0,190083.0000,121172.0000
2022-05-01,2022,5,Valle del Cauca,14,"Ferreteria, vidrios y pinturas",0,122.6142,-14.7000,9.0592,19.7100,32500.1678,-17.5000,9.2335,19.0500,31337.4358,0,190083.0000,121172.0000
2022-05-01,2022,5,Valle del Cauca,15,Otras mercancias de uso domestico,0,91.5063,-14.7000,9.0592,19.7100,32500.1678,-17.5000,9.2335,19.0500,31337.4358,0,190083.0000,121172.0000
2022-05-01,2022,5,Otros departamentos,4,Prendas de vestir y textiles,0,112.9116,-14.7000,9.0592,19.7100,32500.1678,-17.5000,9.2335,19.0500,31337.4358,0,580586.0000,468415.0000
2022-05-01,2022,5,Otros departamentos,8,Electrodomesticos y muebles,1,107.0383,-14.7000,9.0592,19.7100,32500.1678,-17.5000,9.2335,19.0500,31337.4358,0,580586.0000,468415.0000
2022-05-01,2022,5,Otros departamentos,9,Articulos y utensilios domesticos,0,119.6727,-14.7000,9.0592,19.7100,32500.1678,-17.5000,9.2335,19.0500,31337.4358,0,580586.0000,468415.0000
2022-05-01,2022,5,Otros departamentos,10,Aseo del hogar,0,133.9743,-14.7000,9.0592,19.7100,32500.1678,-17.5000,9.2335,19.0500,31337.4358,0,580586.0000,468415.0000
2022-05-01,2022,5,Otros departamentos,11,Informatica y telecomunicaciones,0,184.2412,-14.7000,9.0592,19.7100,32500.1678,-17.5000,9.2335,19.0500,31337.4358,0,580586.0000,468415.0000
2022-05-01,2022,5,Otros departamentos,12,Sonido y video,0,92.9131,-14.7000,9.0592,19.7100,32500.1678,-17.5000,9.2335,19.0500,31337.4358,0,580586.0000,468415.0000
2022-05-01,2022,5,Otros departamentos,14,"Ferreteria, vidrios y pinturas",0,122.2744,-14.7000,9.0592,19.7100,32500.1678,-17.5000,9.2335,19.0500,31337.4358,0,580586.0000,468415.0000
2022-05-01,2022,5,Otros departamentos,15,Otras mercancias de uso domestico,0,101.4096,-14.7000,9.0592,19.7100,32500.1678,-17.5000,9.2335,19.0500,31337.4358,0,580586.0000,468415.0000
2022-06-01,2022,6,Antioquia,4,Prendas de vestir y textiles,0,129.1137,2.9000,9.6801,20.4000,34020.8791,-14.7000,9.0592,19.7100,32500.1678,0,393314.0000,353461.0000
2022-06-01,2022,6,Antioquia,8,Electrodomesticos y muebles,1,173.4071,2.9000,9.6801,20.4000,34020.8791,-14.7000,9.0592,19.7100,32500.1678,0,393314.0000,353461.0000
2022-06-01,2022,6,Antioquia,9,Articulos y utensilios domesticos,0,155.2623,2.9000,9.6801,20.4000,34020.8791,-14.7000,9.0592,19.7100,32500.1678,0,393314.0000,353461.0000
2022-06-01,2022,6,Antioquia,10,Aseo del hogar,0,114.3319,2.9000,9.6801,20.4000,34020.8791,-14.7000,9.0592,19.7100,32500.1678,0,393314.0000,353461.0000
2022-06-01,2022,6,Antioquia,11,Informatica y telecomunicaciones,0,244.8698,2.9000,9.6801,20.4000,34020.8791,-14.7000,9.0592,19.7100,32500.1678,0,393314.0000,353461.0000
2022-06-01,2022,6,Antioquia,12,Sonido y video,0,193.0552,2.9000,9.6801,20.4000,34020.8791,-14.7000,9.0592,19.7100,32500.1678,0,393314.0000,353461.0000
2022-06-01,2022,6,Antioquia,14,"Ferreteria, vidrios y pinturas",0,109.2875,2.9000,9.6801,20.4000,34020.8791,-14.7000,9.0592,19.7100,32500.1678,0,393314.0000,353461.0000
2022-06-01,2022,6,Antioquia,15,Otras mercancias de uso domestico,0,139.1785,2.9000,9.6801,20.4000,34020.8791,-14.7000,9.0592,19.7100,32500.1678,0,393314.0000,353461.0000
2022-06-01,2022,6,Atlantico,4,Prendas de vestir y textiles,0,121.3982,2.9000,9.6801,20.4000,34020.8791,-14.7000,9.0592,19.7100,32500.1678,0,202627.0000,64753.0000
2022-06-01,2022,6,Atlantico,8,Electrodomesticos y muebles,1,200.6652,2.9000,9.6801,20.4000,34020.8791,-14.7000,9.0592,19.7100,32500.1678,0,202627.0000,64753.0000
2022-06-01,2022,6,Atlantico,9,Articulos y utensilios domesticos,0,123.0396,2.9000,9.6801,20.4000,34020.8791,-14.7000,9.0592,19.7100,32500.1678,0,202627.0000,64753.0000
2022-06-01,2022,6,Atlantico,10,Aseo del hogar,0,145.2317,2.9000,9.6801,20.4000,34020.8791,-14.7000,9.0592,19.7100,32500.1678,0,202627.0000,64753.0000
2022-06-01,2022,6,Atlantico,11,Informatica y telecomunicaciones,0,262.4909,2.9000,9.6801,20.4000,34020.8791,-14.7000,9.0592,19.7100,32500.1678,0,202627.0000,64753.0000
2022-06-01,2022,6,Atlantico,12,Sonido y video,0,199.4368,2.9000,9.6801,20.4000,34020.8791,-14.7000,9.0592,19.7100,32500.1678,0,202627.0000,64753.0000
2022-06-01,2022,6,Atlantico,14,"Ferreteria, vidrios y pinturas",0,133.1586,2.9000,9.6801,20.4000,34020.8791,-14.7000,9.0592,19.7100,32500.1678,0,202627.0000,64753.0000
2022-06-01,2022,6,Atlantico,15,Otras mercancias de uso domestico,0,138.1004,2.9000,9.6801,20.4000,34020.8791,-14.7000,9.0592,19.7100,32500.1678,0,202627.0000,64753.0000
2022-06-01,2022,6,Bogota,4,Prendas de vestir y textiles,0,149.1357,2.9000,9.6801,20.4000,34020.8791,-14.7000,9.0592,19.7100,32500.1678,0,268531.0000,218124.0000
2022-06-01,2022,6,Bogota,8,Electrodomesticos y muebles,1,167.9411,2.9000,9.6801,20.4000,34020.8791,-14.7000,9.0592,19.7100,32500.1678,0,268531.0000,218124.0000
2022-06-01,2022,6,Bogota,9,Articulos y utensilios domesticos,0,111.4580,2.9000,9.6801,20.4000,34020.8791,-14.7000,9.0592,19.7100,32500.1678,0,268531.0000,218124.0000
2022-06-01,2022,6,Bogota,10,Aseo del hogar,0,117.9957,2.9000,9.6801,20.4000,34020.8791,-14.7000,9.0592,19.7100,32500.1678,0,268531.0000,218124.0000
2022-06-01,2022,6,Bogota,11,Informatica y telecomunicaciones,0,218.9449,2.9000,9.6801,20.4000,34020.8791,-14.7000,9.0592,19.7100,32500.1678,0,268531.0000,218124.0000
2022-06-01,2022,6,Bogota,12,Sonido y video,0,247.3715,2.9000,9.6801,20.4000,34020.8791,-14.7000,9.0592,19.7100,32500.1678,0,268531.0000,218124.0000
2022-06-01,2022,6,Bogota,14,"Ferreteria, vidrios y pinturas",0,150.6060,2.9000,9.6801,20.4000,34020.8791,-14.7000,9.0592,19.7100,32500.1678,0,268531.0000,218124.0000
2022-06-01,2022,6,Bogota,15,Otras mercancias de uso domestico,0,126.4197,2.9000,9.6801,20.4000,34020.8791,-14.7000,9.0592,19.7100,32500.1678,0,268531.0000,218124.0000
2022-06-01,2022,6,Cundinamarca,4,Prendas de vestir y textiles,0,132.7448,2.9000,9.6801,20.4000,34020.8791,-14.7000,9.0592,19.7100,32500.1678,0,388960.0000,318525.0000
2022-06-01,2022,6,Cundinamarca,8,Electrodomesticos y muebles,1,194.0108,2.9000,9.6801,20.4000,34020.8791,-14.7000,9.0592,19.7100,32500.1678,0,388960.0000,318525.0000
2022-06-01,2022,6,Cundinamarca,9,Articulos y utensilios domesticos,0,124.1812,2.9000,9.6801,20.4000,34020.8791,-14.7000,9.0592,19.7100,32500.1678,0,388960.0000,318525.0000
2022-06-01,2022,6,Cundinamarca,10,Aseo del hogar,0,158.3174,2.9000,9.6801,20.4000,34020.8791,-14.7000,9.0592,19.7100,32500.1678,0,388960.0000,318525.0000
2022-06-01,2022,6,Cundinamarca,11,Informatica y telecomunicaciones,0,250.0386,2.9000,9.6801,20.4000,34020.8791,-14.7000,9.0592,19.7100,32500.1678,0,388960.0000,318525.0000
2022-06-01,2022,6,Cundinamarca,12,Sonido y video,0,224.9049,2.9000,9.6801,20.4000,34020.8791,-14.7000,9.0592,19.7100,32500.1678,0,388960.0000,318525.0000
2022-06-01,2022,6,Cundinamarca,14,"Ferreteria, vidrios y pinturas",0,135.7589,2.9000,9.6801,20.4000,34020.8791,-14.7000,9.0592,19.7100,32500.1678,0,388960.0000,318525.0000
2022-06-01,2022,6,Cundinamarca,15,Otras mercancias de uso domestico,0,169.8587,2.9000,9.6801,20.4000,34020.8791,-14.7000,9.0592,19.7100,32500.1678,0,388960.0000,318525.0000
2022-06-01,2022,6,Santander,4,Prendas de vestir y textiles,0,114.3209,2.9000,9.6801,20.4000,34020.8791,-14.7000,9.0592,19.7100,32500.1678,0,73311.0000,56769.0000
2022-06-01,2022,6,Santander,8,Electrodomesticos y muebles,1,219.1604,2.9000,9.6801,20.4000,34020.8791,-14.7000,9.0592,19.7100,32500.1678,0,73311.0000,56769.0000
2022-06-01,2022,6,Santander,9,Articulos y utensilios domesticos,0,107.6439,2.9000,9.6801,20.4000,34020.8791,-14.7000,9.0592,19.7100,32500.1678,0,73311.0000,56769.0000
2022-06-01,2022,6,Santander,10,Aseo del hogar,0,127.6358,2.9000,9.6801,20.4000,34020.8791,-14.7000,9.0592,19.7100,32500.1678,0,73311.0000,56769.0000
2022-06-01,2022,6,Santander,11,Informatica y telecomunicaciones,0,229.4827,2.9000,9.6801,20.4000,34020.8791,-14.7000,9.0592,19.7100,32500.1678,0,73311.0000,56769.0000
2022-06-01,2022,6,Santander,12,Sonido y video,0,222.6241,2.9000,9.6801,20.4000,34020.8791,-14.7000,9.0592,19.7100,32500.1678,0,73311.0000,56769.0000
2022-06-01,2022,6,Santander,14,"Ferreteria, vidrios y pinturas",0,112.8598,2.9000,9.6801,20.4000,34020.8791,-14.7000,9.0592,19.7100,32500.1678,0,73311.0000,56769.0000
2022-06-01,2022,6,Santander,15,Otras mercancias de uso domestico,0,129.8196,2.9000,9.6801,20.4000,34020.8791,-14.7000,9.0592,19.7100,32500.1678,0,73311.0000,56769.0000
2022-06-01,2022,6,Valle del Cauca,4,Prendas de vestir y textiles,0,124.1719,2.9000,9.6801,20.4000,34020.8791,-14.7000,9.0592,19.7100,32500.1678,0,270596.0000,190083.0000
2022-06-01,2022,6,Valle del Cauca,8,Electrodomesticos y muebles,1,200.3206,2.9000,9.6801,20.4000,34020.8791,-14.7000,9.0592,19.7100,32500.1678,0,270596.0000,190083.0000
2022-06-01,2022,6,Valle del Cauca,9,Articulos y utensilios domesticos,0,116.9058,2.9000,9.6801,20.4000,34020.8791,-14.7000,9.0592,19.7100,32500.1678,0,270596.0000,190083.0000
2022-06-01,2022,6,Valle del Cauca,10,Aseo del hogar,0,117.8182,2.9000,9.6801,20.4000,34020.8791,-14.7000,9.0592,19.7100,32500.1678,0,270596.0000,190083.0000
2022-06-01,2022,6,Valle del Cauca,11,Informatica y telecomunicaciones,0,210.6511,2.9000,9.6801,20.4000,34020.8791,-14.7000,9.0592,19.7100,32500.1678,0,270596.0000,190083.0000
2022-06-01,2022,6,Valle del Cauca,12,Sonido y video,0,185.8296,2.9000,9.6801,20.4000,34020.8791,-14.7000,9.0592,19.7100,32500.1678,0,270596.0000,190083.0000
2022-06-01,2022,6,Valle del Cauca,14,"Ferreteria, vidrios y pinturas",0,123.9775,2.9000,9.6801,20.4000,34020.8791,-14.7000,9.0592,19.7100,32500.1678,0,270596.0000,190083.0000
2022-06-01,2022,6,Valle del Cauca,15,Otras mercancias de uso domestico,0,103.3995,2.9000,9.6801,20.4000,34020.8791,-14.7000,9.0592,19.7100,32500.1678,0,270596.0000,190083.0000
2022-06-01,2022,6,Otros departamentos,4,Prendas de vestir y textiles,0,130.7025,2.9000,9.6801,20.4000,34020.8791,-14.7000,9.0592,19.7100,32500.1678,0,915160.0000,580586.0000
2022-06-01,2022,6,Otros departamentos,8,Electrodomesticos y muebles,1,173.1466,2.9000,9.6801,20.4000,34020.8791,-14.7000,9.0592,19.7100,32500.1678,0,915160.0000,580586.0000
2022-06-01,2022,6,Otros departamentos,9,Articulos y utensilios domesticos,0,123.8743,2.9000,9.6801,20.4000,34020.8791,-14.7000,9.0592,19.7100,32500.1678,0,915160.0000,580586.0000
2022-06-01,2022,6,Otros departamentos,10,Aseo del hogar,0,127.7217,2.9000,9.6801,20.4000,34020.8791,-14.7000,9.0592,19.7100,32500.1678,0,915160.0000,580586.0000
2022-06-01,2022,6,Otros departamentos,11,Informatica y telecomunicaciones,0,234.2248,2.9000,9.6801,20.4000,34020.8791,-14.7000,9.0592,19.7100,32500.1678,0,915160.0000,580586.0000
2022-06-01,2022,6,Otros departamentos,12,Sonido y video,0,216.1454,2.9000,9.6801,20.4000,34020.8791,-14.7000,9.0592,19.7100,32500.1678,0,915160.0000,580586.0000
2022-06-01,2022,6,Otros departamentos,14,"Ferreteria, vidrios y pinturas",0,119.2538,2.9000,9.6801,20.4000,34020.8791,-14.7000,9.0592,19.7100,32500.1678,0,915160.0000,580586.0000
2022-06-01,2022,6,Otros departamentos,15,Otras mercancias de uso domestico,0,83.6640,2.9000,9.6801,20.4000,34020.8791,-14.7000,9.0592,19.7100,32500.1678,0,915160.0000,580586.0000
2022-07-01,2022,7,Antioquia,4,Prendas de vestir y textiles,0,132.6326,-10.4000,10.1979,21.2800,41118.8280,2.9000,9.6801,20.4000,34020.8791,0,366204.0000,393314.0000
2022-07-01,2022,7,Antioquia,8,Electrodomesticos y muebles,1,109.1727,-10.4000,10.1979,21.2800,41118.8280,2.9000,9.6801,20.4000,34020.8791,0,366204.0000,393314.0000
2022-07-01,2022,7,Antioquia,9,Articulos y utensilios domesticos,0,142.6464,-10.4000,10.1979,21.2800,41118.8280,2.9000,9.6801,20.4000,34020.8791,0,366204.0000,393314.0000
2022-07-01,2022,7,Antioquia,10,Aseo del hogar,0,121.2218,-10.4000,10.1979,21.2800,41118.8280,2.9000,9.6801,20.4000,34020.8791,0,366204.0000,393314.0000
2022-07-01,2022,7,Antioquia,11,Informatica y telecomunicaciones,0,189.8598,-10.4000,10.1979,21.2800,41118.8280,2.9000,9.6801,20.4000,34020.8791,0,366204.0000,393314.0000
2022-07-01,2022,7,Antioquia,12,Sonido y video,0,99.4497,-10.4000,10.1979,21.2800,41118.8280,2.9000,9.6801,20.4000,34020.8791,0,366204.0000,393314.0000
2022-07-01,2022,7,Antioquia,14,"Ferreteria, vidrios y pinturas",0,115.6642,-10.4000,10.1979,21.2800,41118.8280,2.9000,9.6801,20.4000,34020.8791,0,366204.0000,393314.0000
2022-07-01,2022,7,Antioquia,15,Otras mercancias de uso domestico,0,113.4505,-10.4000,10.1979,21.2800,41118.8280,2.9000,9.6801,20.4000,34020.8791,0,366204.0000,393314.0000
2022-07-01,2022,7,Atlantico,4,Prendas de vestir y textiles,0,111.1360,-10.4000,10.1979,21.2800,41118.8280,2.9000,9.6801,20.4000,34020.8791,0,486888.0000,202627.0000
2022-07-01,2022,7,Atlantico,8,Electrodomesticos y muebles,1,148.7437,-10.4000,10.1979,21.2800,41118.8280,2.9000,9.6801,20.4000,34020.8791,0,486888.0000,202627.0000
2022-07-01,2022,7,Atlantico,9,Articulos y utensilios domesticos,0,144.2218,-10.4000,10.1979,21.2800,41118.8280,2.9000,9.6801,20.4000,34020.8791,0,486888.0000,202627.0000
2022-07-01,2022,7,Atlantico,10,Aseo del hogar,0,173.1925,-10.4000,10.1979,21.2800,41118.8280,2.9000,9.6801,20.4000,34020.8791,0,486888.0000,202627.0000
2022-07-01,2022,7,Atlantico,11,Informatica y telecomunicaciones,0,193.1194,-10.4000,10.1979,21.2800,41118.8280,2.9000,9.6801,20.4000,34020.8791,0,486888.0000,202627.0000
2022-07-01,2022,7,Atlantico,12,Sonido y video,0,106.5021,-10.4000,10.1979,21.2800,41118.8280,2.9000,9.6801,20.4000,34020.8791,0,486888.0000,202627.0000
2022-07-01,2022,7,Atlantico,14,"Ferreteria, vidrios y pinturas",0,144.0008,-10.4000,10.1979,21.2800,41118.8280,2.9000,9.6801,20.4000,34020.8791,0,486888.0000,202627.0000
2022-07-01,2022,7,Atlantico,15,Otras mercancias de uso domestico,0,110.9009,-10.4000,10.1979,21.2800,41118.8280,2.9000,9.6801,20.4000,34020.8791,0,486888.0000,202627.0000
2022-07-01,2022,7,Bogota,4,Prendas de vestir y textiles,0,114.3768,-10.4000,10.1979,21.2800,41118.8280,2.9000,9.6801,20.4000,34020.8791,0,620077.0000,268531.0000
2022-07-01,2022,7,Bogota,8,Electrodomesticos y muebles,1,118.8391,-10.4000,10.1979,21.2800,41118.8280,2.9000,9.6801,20.4000,34020.8791,0,620077.0000,268531.0000
2022-07-01,2022,7,Bogota,9,Articulos y utensilios domesticos,0,140.4334,-10.4000,10.1979,21.2800,41118.8280,2.9000,9.6801,20.4000,34020.8791,0,620077.0000,268531.0000
2022-07-01,2022,7,Bogota,10,Aseo del hogar,0,137.6479,-10.4000,10.1979,21.2800,41118.8280,2.9000,9.6801,20.4000,34020.8791,0,620077.0000,268531.0000
2022-07-01,2022,7,Bogota,11,Informatica y telecomunicaciones,0,159.8235,-10.4000,10.1979,21.2800,41118.8280,2.9000,9.6801,20.4000,34020.8791,0,620077.0000,268531.0000
2022-07-01,2022,7,Bogota,12,Sonido y video,0,116.7948,-10.4000,10.1979,21.2800,41118.8280,2.9000,9.6801,20.4000,34020.8791,0,620077.0000,268531.0000
2022-07-01,2022,7,Bogota,14,"Ferreteria, vidrios y pinturas",0,128.2635,-10.4000,10.1979,21.2800,41118.8280,2.9000,9.6801,20.4000,34020.8791,0,620077.0000,268531.0000
2022-07-01,2022,7,Bogota,15,Otras mercancias de uso domestico,0,114.0540,-10.4000,10.1979,21.2800,41118.8280,2.9000,9.6801,20.4000,34020.8791,0,620077.0000,268531.0000
2022-07-01,2022,7,Cundinamarca,4,Prendas de vestir y textiles,0,126.8815,-10.4000,10.1979,21.2800,41118.8280,2.9000,9.6801,20.4000,34020.8791,0,322404.0000,388960.0000
2022-07-01,2022,7,Cundinamarca,8,Electrodomesticos y muebles,1,127.7528,-10.4000,10.1979,21.2800,41118.8280,2.9000,9.6801,20.4000,34020.8791,0,322404.0000,388960.0000
2022-07-01,2022,7,Cundinamarca,9,Articulos y utensilios domesticos,0,152.0351,-10.4000,10.1979,21.2800,41118.8280,2.9000,9.6801,20.4000,34020.8791,0,322404.0000,388960.0000
2022-07-01,2022,7,Cundinamarca,10,Aseo del hogar,0,188.7065,-10.4000,10.1979,21.2800,41118.8280,2.9000,9.6801,20.4000,34020.8791,0,322404.0000,388960.0000
2022-07-01,2022,7,Cundinamarca,11,Informatica y telecomunicaciones,0,223.0802,-10.4000,10.1979,21.2800,41118.8280,2.9000,9.6801,20.4000,34020.8791,0,322404.0000,388960.0000
2022-07-01,2022,7,Cundinamarca,12,Sonido y video,0,111.2575,-10.4000,10.1979,21.2800,41118.8280,2.9000,9.6801,20.4000,34020.8791,0,322404.0000,388960.0000
2022-07-01,2022,7,Cundinamarca,14,"Ferreteria, vidrios y pinturas",0,151.1312,-10.4000,10.1979,21.2800,41118.8280,2.9000,9.6801,20.4000,34020.8791,0,322404.0000,388960.0000
2022-07-01,2022,7,Cundinamarca,15,Otras mercancias de uso domestico,0,156.2512,-10.4000,10.1979,21.2800,41118.8280,2.9000,9.6801,20.4000,34020.8791,0,322404.0000,388960.0000
2022-07-01,2022,7,Santander,4,Prendas de vestir y textiles,0,118.8934,-10.4000,10.1979,21.2800,41118.8280,2.9000,9.6801,20.4000,34020.8791,0,130300.0000,73311.0000
2022-07-01,2022,7,Santander,8,Electrodomesticos y muebles,1,122.7446,-10.4000,10.1979,21.2800,41118.8280,2.9000,9.6801,20.4000,34020.8791,0,130300.0000,73311.0000
2022-07-01,2022,7,Santander,9,Articulos y utensilios domesticos,0,128.7039,-10.4000,10.1979,21.2800,41118.8280,2.9000,9.6801,20.4000,34020.8791,0,130300.0000,73311.0000
2022-07-01,2022,7,Santander,10,Aseo del hogar,0,155.3858,-10.4000,10.1979,21.2800,41118.8280,2.9000,9.6801,20.4000,34020.8791,0,130300.0000,73311.0000
2022-07-01,2022,7,Santander,11,Informatica y telecomunicaciones,0,180.5299,-10.4000,10.1979,21.2800,41118.8280,2.9000,9.6801,20.4000,34020.8791,0,130300.0000,73311.0000
2022-07-01,2022,7,Santander,12,Sonido y video,0,126.1064,-10.4000,10.1979,21.2800,41118.8280,2.9000,9.6801,20.4000,34020.8791,0,130300.0000,73311.0000
2022-07-01,2022,7,Santander,14,"Ferreteria, vidrios y pinturas",0,140.5656,-10.4000,10.1979,21.2800,41118.8280,2.9000,9.6801,20.4000,34020.8791,0,130300.0000,73311.0000
2022-07-01,2022,7,Santander,15,Otras mercancias de uso domestico,0,131.3821,-10.4000,10.1979,21.2800,41118.8280,2.9000,9.6801,20.4000,34020.8791,0,130300.0000,73311.0000
2022-07-01,2022,7,Valle del Cauca,4,Prendas de vestir y textiles,0,113.4591,-10.4000,10.1979,21.2800,41118.8280,2.9000,9.6801,20.4000,34020.8791,0,431828.0000,270596.0000
2022-07-01,2022,7,Valle del Cauca,8,Electrodomesticos y muebles,1,156.0286,-10.4000,10.1979,21.2800,41118.8280,2.9000,9.6801,20.4000,34020.8791,0,431828.0000,270596.0000
2022-07-01,2022,7,Valle del Cauca,9,Articulos y utensilios domesticos,0,122.2283,-10.4000,10.1979,21.2800,41118.8280,2.9000,9.6801,20.4000,34020.8791,0,431828.0000,270596.0000
2022-07-01,2022,7,Valle del Cauca,10,Aseo del hogar,0,172.0172,-10.4000,10.1979,21.2800,41118.8280,2.9000,9.6801,20.4000,34020.8791,0,431828.0000,270596.0000
2022-07-01,2022,7,Valle del Cauca,11,Informatica y telecomunicaciones,0,193.4471,-10.4000,10.1979,21.2800,41118.8280,2.9000,9.6801,20.4000,34020.8791,0,431828.0000,270596.0000
2022-07-01,2022,7,Valle del Cauca,12,Sonido y video,0,117.7812,-10.4000,10.1979,21.2800,41118.8280,2.9000,9.6801,20.4000,34020.8791,0,431828.0000,270596.0000
2022-07-01,2022,7,Valle del Cauca,14,"Ferreteria, vidrios y pinturas",0,129.5240,-10.4000,10.1979,21.2800,41118.8280,2.9000,9.6801,20.4000,34020.8791,0,431828.0000,270596.0000
2022-07-01,2022,7,Valle del Cauca,15,Otras mercancias de uso domestico,0,110.6063,-10.4000,10.1979,21.2800,41118.8280,2.9000,9.6801,20.4000,34020.8791,0,431828.0000,270596.0000
2022-07-01,2022,7,Otros departamentos,4,Prendas de vestir y textiles,0,128.2461,-10.4000,10.1979,21.2800,41118.8280,2.9000,9.6801,20.4000,34020.8791,0,1112245.0000,915160.0000
2022-07-01,2022,7,Otros departamentos,8,Electrodomesticos y muebles,1,98.9938,-10.4000,10.1979,21.2800,41118.8280,2.9000,9.6801,20.4000,34020.8791,0,1112245.0000,915160.0000
2022-07-01,2022,7,Otros departamentos,9,Articulos y utensilios domesticos,0,131.4543,-10.4000,10.1979,21.2800,41118.8280,2.9000,9.6801,20.4000,34020.8791,0,1112245.0000,915160.0000
2022-07-01,2022,7,Otros departamentos,10,Aseo del hogar,0,114.8299,-10.4000,10.1979,21.2800,41118.8280,2.9000,9.6801,20.4000,34020.8791,0,1112245.0000,915160.0000
2022-07-01,2022,7,Otros departamentos,11,Informatica y telecomunicaciones,0,185.1612,-10.4000,10.1979,21.2800,41118.8280,2.9000,9.6801,20.4000,34020.8791,0,1112245.0000,915160.0000
2022-07-01,2022,7,Otros departamentos,12,Sonido y video,0,102.1316,-10.4000,10.1979,21.2800,41118.8280,2.9000,9.6801,20.4000,34020.8791,0,1112245.0000,915160.0000
2022-07-01,2022,7,Otros departamentos,14,"Ferreteria, vidrios y pinturas",0,126.7505,-10.4000,10.1979,21.2800,41118.8280,2.9000,9.6801,20.4000,34020.8791,0,1112245.0000,915160.0000
2022-07-01,2022,7,Otros departamentos,15,Otras mercancias de uso domestico,0,119.8405,-10.4000,10.1979,21.2800,41118.8280,2.9000,9.6801,20.4000,34020.8791,0,1112245.0000,915160.0000
2022-08-01,2022,8,Antioquia,4,Prendas de vestir y textiles,0,130.5833,-2.4000,10.8374,22.2100,50580.2222,-10.4000,10.1979,21.2800,41118.8280,0,603346.0000,366204.0000
2022-08-01,2022,8,Antioquia,8,Electrodomesticos y muebles,1,105.4818,-2.4000,10.8374,22.2100,50580.2222,-10.4000,10.1979,21.2800,41118.8280,0,603346.0000,366204.0000
2022-08-01,2022,8,Antioquia,9,Articulos y utensilios domesticos,0,134.9981,-2.4000,10.8374,22.2100,50580.2222,-10.4000,10.1979,21.2800,41118.8280,0,603346.0000,366204.0000
2022-08-01,2022,8,Antioquia,10,Aseo del hogar,0,131.4465,-2.4000,10.8374,22.2100,50580.2222,-10.4000,10.1979,21.2800,41118.8280,0,603346.0000,366204.0000
2022-08-01,2022,8,Antioquia,11,Informatica y telecomunicaciones,0,195.7932,-2.4000,10.8374,22.2100,50580.2222,-10.4000,10.1979,21.2800,41118.8280,0,603346.0000,366204.0000
2022-08-01,2022,8,Antioquia,12,Sonido y video,0,113.7071,-2.4000,10.8374,22.2100,50580.2222,-10.4000,10.1979,21.2800,41118.8280,0,603346.0000,366204.0000
2022-08-01,2022,8,Antioquia,14,"Ferreteria, vidrios y pinturas",0,110.8093,-2.4000,10.8374,22.2100,50580.2222,-10.4000,10.1979,21.2800,41118.8280,0,603346.0000,366204.0000
2022-08-01,2022,8,Antioquia,15,Otras mercancias de uso domestico,0,106.8325,-2.4000,10.8374,22.2100,50580.2222,-10.4000,10.1979,21.2800,41118.8280,0,603346.0000,366204.0000
2022-08-01,2022,8,Atlantico,4,Prendas de vestir y textiles,0,84.5256,-2.4000,10.8374,22.2100,50580.2222,-10.4000,10.1979,21.2800,41118.8280,0,149042.0000,486888.0000
2022-08-01,2022,8,Atlantico,8,Electrodomesticos y muebles,1,143.8522,-2.4000,10.8374,22.2100,50580.2222,-10.4000,10.1979,21.2800,41118.8280,0,149042.0000,486888.0000
2022-08-01,2022,8,Atlantico,9,Articulos y utensilios domesticos,0,124.1440,-2.4000,10.8374,22.2100,50580.2222,-10.4000,10.1979,21.2800,41118.8280,0,149042.0000,486888.0000
2022-08-01,2022,8,Atlantico,10,Aseo del hogar,0,133.3450,-2.4000,10.8374,22.2100,50580.2222,-10.4000,10.1979,21.2800,41118.8280,0,149042.0000,486888.0000
2022-08-01,2022,8,Atlantico,11,Informatica y telecomunicaciones,0,180.7019,-2.4000,10.8374,22.2100,50580.2222,-10.4000,10.1979,21.2800,41118.8280,0,149042.0000,486888.0000
2022-08-01,2022,8,Atlantico,12,Sonido y video,0,110.3771,-2.4000,10.8374,22.2100,50580.2222,-10.4000,10.1979,21.2800,41118.8280,0,149042.0000,486888.0000
2022-08-01,2022,8,Atlantico,14,"Ferreteria, vidrios y pinturas",0,128.9978,-2.4000,10.8374,22.2100,50580.2222,-10.4000,10.1979,21.2800,41118.8280,0,149042.0000,486888.0000
2022-08-01,2022,8,Atlantico,15,Otras mercancias de uso domestico,0,115.2112,-2.4000,10.8374,22.2100,50580.2222,-10.4000,10.1979,21.2800,41118.8280,0,149042.0000,486888.0000
2022-08-01,2022,8,Bogota,4,Prendas de vestir y textiles,0,118.2813,-2.4000,10.8374,22.2100,50580.2222,-10.4000,10.1979,21.2800,41118.8280,0,610435.0000,620077.0000
2022-08-01,2022,8,Bogota,8,Electrodomesticos y muebles,1,119.8897,-2.4000,10.8374,22.2100,50580.2222,-10.4000,10.1979,21.2800,41118.8280,0,610435.0000,620077.0000
2022-08-01,2022,8,Bogota,9,Articulos y utensilios domesticos,0,128.7611,-2.4000,10.8374,22.2100,50580.2222,-10.4000,10.1979,21.2800,41118.8280,0,610435.0000,620077.0000
2022-08-01,2022,8,Bogota,10,Aseo del hogar,0,125.8013,-2.4000,10.8374,22.2100,50580.2222,-10.4000,10.1979,21.2800,41118.8280,0,610435.0000,620077.0000
2022-08-01,2022,8,Bogota,11,Informatica y telecomunicaciones,0,194.3793,-2.4000,10.8374,22.2100,50580.2222,-10.4000,10.1979,21.2800,41118.8280,0,610435.0000,620077.0000
2022-08-01,2022,8,Bogota,12,Sonido y video,0,113.3012,-2.4000,10.8374,22.2100,50580.2222,-10.4000,10.1979,21.2800,41118.8280,0,610435.0000,620077.0000
2022-08-01,2022,8,Bogota,14,"Ferreteria, vidrios y pinturas",0,139.9644,-2.4000,10.8374,22.2100,50580.2222,-10.4000,10.1979,21.2800,41118.8280,0,610435.0000,620077.0000
2022-08-01,2022,8,Bogota,15,Otras mercancias de uso domestico,0,103.3852,-2.4000,10.8374,22.2100,50580.2222,-10.4000,10.1979,21.2800,41118.8280,0,610435.0000,620077.0000
2022-08-01,2022,8,Cundinamarca,4,Prendas de vestir y textiles,0,137.2827,-2.4000,10.8374,22.2100,50580.2222,-10.4000,10.1979,21.2800,41118.8280,0,374820.0000,322404.0000
2022-08-01,2022,8,Cundinamarca,8,Electrodomesticos y muebles,1,146.7557,-2.4000,10.8374,22.2100,50580.2222,-10.4000,10.1979,21.2800,41118.8280,0,374820.0000,322404.0000
2022-08-01,2022,8,Cundinamarca,9,Articulos y utensilios domesticos,0,151.4160,-2.4000,10.8374,22.2100,50580.2222,-10.4000,10.1979,21.2800,41118.8280,0,374820.0000,322404.0000
2022-08-01,2022,8,Cundinamarca,10,Aseo del hogar,0,195.7256,-2.4000,10.8374,22.2100,50580.2222,-10.4000,10.1979,21.2800,41118.8280,0,374820.0000,322404.0000
2022-08-01,2022,8,Cundinamarca,11,Informatica y telecomunicaciones,0,263.7532,-2.4000,10.8374,22.2100,50580.2222,-10.4000,10.1979,21.2800,41118.8280,0,374820.0000,322404.0000
2022-08-01,2022,8,Cundinamarca,12,Sonido y video,0,119.5035,-2.4000,10.8374,22.2100,50580.2222,-10.4000,10.1979,21.2800,41118.8280,0,374820.0000,322404.0000
2022-08-01,2022,8,Cundinamarca,14,"Ferreteria, vidrios y pinturas",0,145.3089,-2.4000,10.8374,22.2100,50580.2222,-10.4000,10.1979,21.2800,41118.8280,0,374820.0000,322404.0000
2022-08-01,2022,8,Cundinamarca,15,Otras mercancias de uso domestico,0,195.2841,-2.4000,10.8374,22.2100,50580.2222,-10.4000,10.1979,21.2800,41118.8280,0,374820.0000,322404.0000
2022-08-01,2022,8,Santander,4,Prendas de vestir y textiles,0,89.9996,-2.4000,10.8374,22.2100,50580.2222,-10.4000,10.1979,21.2800,41118.8280,0,132447.0000,130300.0000
2022-08-01,2022,8,Santander,8,Electrodomesticos y muebles,1,158.0957,-2.4000,10.8374,22.2100,50580.2222,-10.4000,10.1979,21.2800,41118.8280,0,132447.0000,130300.0000
2022-08-01,2022,8,Santander,9,Articulos y utensilios domesticos,0,120.3256,-2.4000,10.8374,22.2100,50580.2222,-10.4000,10.1979,21.2800,41118.8280,0,132447.0000,130300.0000
2022-08-01,2022,8,Santander,10,Aseo del hogar,0,129.5111,-2.4000,10.8374,22.2100,50580.2222,-10.4000,10.1979,21.2800,41118.8280,0,132447.0000,130300.0000
2022-08-01,2022,8,Santander,11,Informatica y telecomunicaciones,0,173.0191,-2.4000,10.8374,22.2100,50580.2222,-10.4000,10.1979,21.2800,41118.8280,0,132447.0000,130300.0000
2022-08-01,2022,8,Santander,12,Sonido y video,0,121.3504,-2.4000,10.8374,22.2100,50580.2222,-10.4000,10.1979,21.2800,41118.8280,0,132447.0000,130300.0000
2022-08-01,2022,8,Santander,14,"Ferreteria, vidrios y pinturas",0,95.3055,-2.4000,10.8374,22.2100,50580.2222,-10.4000,10.1979,21.2800,41118.8280,0,132447.0000,130300.0000
2022-08-01,2022,8,Santander,15,Otras mercancias de uso domestico,0,124.0280,-2.4000,10.8374,22.2100,50580.2222,-10.4000,10.1979,21.2800,41118.8280,0,132447.0000,130300.0000
2022-08-01,2022,8,Valle del Cauca,4,Prendas de vestir y textiles,0,94.3748,-2.4000,10.8374,22.2100,50580.2222,-10.4000,10.1979,21.2800,41118.8280,0,325720.0000,431828.0000
2022-08-01,2022,8,Valle del Cauca,8,Electrodomesticos y muebles,1,132.3844,-2.4000,10.8374,22.2100,50580.2222,-10.4000,10.1979,21.2800,41118.8280,0,325720.0000,431828.0000
2022-08-01,2022,8,Valle del Cauca,9,Articulos y utensilios domesticos,0,122.4246,-2.4000,10.8374,22.2100,50580.2222,-10.4000,10.1979,21.2800,41118.8280,0,325720.0000,431828.0000
2022-08-01,2022,8,Valle del Cauca,10,Aseo del hogar,0,142.2642,-2.4000,10.8374,22.2100,50580.2222,-10.4000,10.1979,21.2800,41118.8280,0,325720.0000,431828.0000
2022-08-01,2022,8,Valle del Cauca,11,Informatica y telecomunicaciones,0,187.2138,-2.4000,10.8374,22.2100,50580.2222,-10.4000,10.1979,21.2800,41118.8280,0,325720.0000,431828.0000
2022-08-01,2022,8,Valle del Cauca,12,Sonido y video,0,116.4773,-2.4000,10.8374,22.2100,50580.2222,-10.4000,10.1979,21.2800,41118.8280,0,325720.0000,431828.0000
2022-08-01,2022,8,Valle del Cauca,14,"Ferreteria, vidrios y pinturas",0,116.6161,-2.4000,10.8374,22.2100,50580.2222,-10.4000,10.1979,21.2800,41118.8280,0,325720.0000,431828.0000
2022-08-01,2022,8,Valle del Cauca,15,Otras mercancias de uso domestico,0,118.9417,-2.4000,10.8374,22.2100,50580.2222,-10.4000,10.1979,21.2800,41118.8280,0,325720.0000,431828.0000
2022-08-01,2022,8,Otros departamentos,4,Prendas de vestir y textiles,0,101.8600,-2.4000,10.8374,22.2100,50580.2222,-10.4000,10.1979,21.2800,41118.8280,0,884719.0000,1112245.0000
2022-08-01,2022,8,Otros departamentos,8,Electrodomesticos y muebles,1,119.8098,-2.4000,10.8374,22.2100,50580.2222,-10.4000,10.1979,21.2800,41118.8280,0,884719.0000,1112245.0000
2022-08-01,2022,8,Otros departamentos,9,Articulos y utensilios domesticos,0,123.5305,-2.4000,10.8374,22.2100,50580.2222,-10.4000,10.1979,21.2800,41118.8280,0,884719.0000,1112245.0000
2022-08-01,2022,8,Otros departamentos,10,Aseo del hogar,0,106.4660,-2.4000,10.8374,22.2100,50580.2222,-10.4000,10.1979,21.2800,41118.8280,0,884719.0000,1112245.0000
2022-08-01,2022,8,Otros departamentos,11,Informatica y telecomunicaciones,0,198.4388,-2.4000,10.8374,22.2100,50580.2222,-10.4000,10.1979,21.2800,41118.8280,0,884719.0000,1112245.0000
2022-08-01,2022,8,Otros departamentos,12,Sonido y video,0,123.2999,-2.4000,10.8374,22.2100,50580.2222,-10.4000,10.1979,21.2800,41118.8280,0,884719.0000,1112245.0000
2022-08-01,2022,8,Otros departamentos,14,"Ferreteria, vidrios y pinturas",0,123.5751,-2.4000,10.8374,22.2100,50580.2222,-10.4000,10.1979,21.2800,41118.8280,0,884719.0000,1112245.0000
2022-08-01,2022,8,Otros departamentos,15,Otras mercancias de uso domestico,0,126.9243,-2.4000,10.8374,22.2100,50580.2222,-10.4000,10.1979,21.2800,41118.8280,0,884719.0000,1112245.0000
2022-09-01,2022,9,Antioquia,4,Prendas de vestir y textiles,0,133.7194,-11.5000,11.4413,23.5000,48407.6013,-2.4000,10.8374,22.2100,50580.2222,0,398829.0000,603346.0000
2022-09-01,2022,9,Antioquia,8,Electrodomesticos y muebles,1,87.1786,-11.5000,11.4413,23.5000,48407.6013,-2.4000,10.8374,22.2100,50580.2222,0,398829.0000,603346.0000
2022-09-01,2022,9,Antioquia,9,Articulos y utensilios domesticos,0,113.7037,-11.5000,11.4413,23.5000,48407.6013,-2.4000,10.8374,22.2100,50580.2222,0,398829.0000,603346.0000
2022-09-01,2022,9,Antioquia,10,Aseo del hogar,0,121.1920,-11.5000,11.4413,23.5000,48407.6013,-2.4000,10.8374,22.2100,50580.2222,0,398829.0000,603346.0000
2022-09-01,2022,9,Antioquia,11,Informatica y telecomunicaciones,0,161.2893,-11.5000,11.4413,23.5000,48407.6013,-2.4000,10.8374,22.2100,50580.2222,0,398829.0000,603346.0000
2022-09-01,2022,9,Antioquia,12,Sonido y video,0,111.2605,-11.5000,11.4413,23.5000,48407.6013,-2.4000,10.8374,22.2100,50580.2222,0,398829.0000,603346.0000
2022-09-01,2022,9,Antioquia,14,"Ferreteria, vidrios y pinturas",0,117.9244,-11.5000,11.4413,23.5000,48407.6013,-2.4000,10.8374,22.2100,50580.2222,0,398829.0000,603346.0000
2022-09-01,2022,9,Antioquia,15,Otras mercancias de uso domestico,0,123.4441,-11.5000,11.4413,23.5000,48407.6013,-2.4000,10.8374,22.2100,50580.2222,0,398829.0000,603346.0000
2022-09-01,2022,9,Atlantico,4,Prendas de vestir y textiles,0,90.3148,-11.5000,11.4413,23.5000,48407.6013,-2.4000,10.8374,22.2100,50580.2222,0,117159.0000,149042.0000
2022-09-01,2022,9,Atlantico,8,Electrodomesticos y muebles,1,142.1940,-11.5000,11.4413,23.5000,48407.6013,-2.4000,10.8374,22.2100,50580.2222,0,117159.0000,149042.0000
2022-09-01,2022,9,Atlantico,9,Articulos y utensilios domesticos,0,109.6817,-11.5000,11.4413,23.5000,48407.6013,-2.4000,10.8374,22.2100,50580.2222,0,117159.0000,149042.0000
2022-09-01,2022,9,Atlantico,10,Aseo del hogar,0,109.4697,-11.5000,11.4413,23.5000,48407.6013,-2.4000,10.8374,22.2100,50580.2222,0,117159.0000,149042.0000
2022-09-01,2022,9,Atlantico,11,Informatica y telecomunicaciones,0,125.3089,-11.5000,11.4413,23.5000,48407.6013,-2.4000,10.8374,22.2100,50580.2222,0,117159.0000,149042.0000
2022-09-01,2022,9,Atlantico,12,Sonido y video,0,101.4853,-11.5000,11.4413,23.5000,48407.6013,-2.4000,10.8374,22.2100,50580.2222,0,117159.0000,149042.0000
2022-09-01,2022,9,Atlantico,14,"Ferreteria, vidrios y pinturas",0,118.4660,-11.5000,11.4413,23.5000,48407.6013,-2.4000,10.8374,22.2100,50580.2222,0,117159.0000,149042.0000
2022-09-01,2022,9,Atlantico,15,Otras mercancias de uso domestico,0,139.7512,-11.5000,11.4413,23.5000,48407.6013,-2.4000,10.8374,22.2100,50580.2222,0,117159.0000,149042.0000
2022-09-01,2022,9,Bogota,4,Prendas de vestir y textiles,0,127.3522,-11.5000,11.4413,23.5000,48407.6013,-2.4000,10.8374,22.2100,50580.2222,0,400345.0000,610435.0000
2022-09-01,2022,9,Bogota,8,Electrodomesticos y muebles,1,114.7555,-11.5000,11.4413,23.5000,48407.6013,-2.4000,10.8374,22.2100,50580.2222,0,400345.0000,610435.0000
2022-09-01,2022,9,Bogota,9,Articulos y utensilios domesticos,0,121.9610,-11.5000,11.4413,23.5000,48407.6013,-2.4000,10.8374,22.2100,50580.2222,0,400345.0000,610435.0000
2022-09-01,2022,9,Bogota,10,Aseo del hogar,0,119.6917,-11.5000,11.4413,23.5000,48407.6013,-2.4000,10.8374,22.2100,50580.2222,0,400345.0000,610435.0000
2022-09-01,2022,9,Bogota,11,Informatica y telecomunicaciones,0,160.3870,-11.5000,11.4413,23.5000,48407.6013,-2.4000,10.8374,22.2100,50580.2222,0,400345.0000,610435.0000
2022-09-01,2022,9,Bogota,12,Sonido y video,0,96.1866,-11.5000,11.4413,23.5000,48407.6013,-2.4000,10.8374,22.2100,50580.2222,0,400345.0000,610435.0000
2022-09-01,2022,9,Bogota,14,"Ferreteria, vidrios y pinturas",0,130.0342,-11.5000,11.4413,23.5000,48407.6013,-2.4000,10.8374,22.2100,50580.2222,0,400345.0000,610435.0000
2022-09-01,2022,9,Bogota,15,Otras mercancias de uso domestico,0,105.3856,-11.5000,11.4413,23.5000,48407.6013,-2.4000,10.8374,22.2100,50580.2222,0,400345.0000,610435.0000
2022-09-01,2022,9,Cundinamarca,4,Prendas de vestir y textiles,0,157.5975,-11.5000,11.4413,23.5000,48407.6013,-2.4000,10.8374,22.2100,50580.2222,0,227630.0000,374820.0000
2022-09-01,2022,9,Cundinamarca,8,Electrodomesticos y muebles,1,120.6894,-11.5000,11.4413,23.5000,48407.6013,-2.4000,10.8374,22.2100,50580.2222,0,227630.0000,374820.0000
2022-09-01,2022,9,Cundinamarca,9,Articulos y utensilios domesticos,0,149.6935,-11.5000,11.4413,23.5000,48407.6013,-2.4000,10.8374,22.2100,50580.2222,0,227630.0000,374820.0000
2022-09-01,2022,9,Cundinamarca,10,Aseo del hogar,0,168.9185,-11.5000,11.4413,23.5000,48407.6013,-2.4000,10.8374,22.2100,50580.2222,0,227630.0000,374820.0000
2022-09-01,2022,9,Cundinamarca,11,Informatica y telecomunicaciones,0,201.3800,-11.5000,11.4413,23.5000,48407.6013,-2.4000,10.8374,22.2100,50580.2222,0,227630.0000,374820.0000
2022-09-01,2022,9,Cundinamarca,12,Sonido y video,0,101.9084,-11.5000,11.4413,23.5000,48407.6013,-2.4000,10.8374,22.2100,50580.2222,0,227630.0000,374820.0000
2022-09-01,2022,9,Cundinamarca,14,"Ferreteria, vidrios y pinturas",0,164.3518,-11.5000,11.4413,23.5000,48407.6013,-2.4000,10.8374,22.2100,50580.2222,0,227630.0000,374820.0000
2022-09-01,2022,9,Cundinamarca,15,Otras mercancias de uso domestico,0,157.6829,-11.5000,11.4413,23.5000,48407.6013,-2.4000,10.8374,22.2100,50580.2222,0,227630.0000,374820.0000
2022-09-01,2022,9,Santander,4,Prendas de vestir y textiles,0,108.8383,-11.5000,11.4413,23.5000,48407.6013,-2.4000,10.8374,22.2100,50580.2222,0,64356.0000,132447.0000
2022-09-01,2022,9,Santander,8,Electrodomesticos y muebles,1,112.0680,-11.5000,11.4413,23.5000,48407.6013,-2.4000,10.8374,22.2100,50580.2222,0,64356.0000,132447.0000
2022-09-01,2022,9,Santander,9,Articulos y utensilios domesticos,0,116.4464,-11.5000,11.4413,23.5000,48407.6013,-2.4000,10.8374,22.2100,50580.2222,0,64356.0000,132447.0000
2022-09-01,2022,9,Santander,10,Aseo del hogar,0,120.9752,-11.5000,11.4413,23.5000,48407.6013,-2.4000,10.8374,22.2100,50580.2222,0,64356.0000,132447.0000
2022-09-01,2022,9,Santander,11,Informatica y telecomunicaciones,0,114.5080,-11.5000,11.4413,23.5000,48407.6013,-2.4000,10.8374,22.2100,50580.2222,0,64356.0000,132447.0000
2022-09-01,2022,9,Santander,12,Sonido y video,0,98.7317,-11.5000,11.4413,23.5000,48407.6013,-2.4000,10.8374,22.2100,50580.2222,0,64356.0000,132447.0000
2022-09-01,2022,9,Santander,14,"Ferreteria, vidrios y pinturas",0,103.4950,-11.5000,11.4413,23.5000,48407.6013,-2.4000,10.8374,22.2100,50580.2222,0,64356.0000,132447.0000
2022-09-01,2022,9,Santander,15,Otras mercancias de uso domestico,0,115.5725,-11.5000,11.4413,23.5000,48407.6013,-2.4000,10.8374,22.2100,50580.2222,0,64356.0000,132447.0000
2022-09-01,2022,9,Valle del Cauca,4,Prendas de vestir y textiles,0,93.8754,-11.5000,11.4413,23.5000,48407.6013,-2.4000,10.8374,22.2100,50580.2222,0,310307.0000,325720.0000
2022-09-01,2022,9,Valle del Cauca,8,Electrodomesticos y muebles,1,105.8497,-11.5000,11.4413,23.5000,48407.6013,-2.4000,10.8374,22.2100,50580.2222,0,310307.0000,325720.0000
2022-09-01,2022,9,Valle del Cauca,9,Articulos y utensilios domesticos,0,96.3203,-11.5000,11.4413,23.5000,48407.6013,-2.4000,10.8374,22.2100,50580.2222,0,310307.0000,325720.0000
2022-09-01,2022,9,Valle del Cauca,10,Aseo del hogar,0,124.2855,-11.5000,11.4413,23.5000,48407.6013,-2.4000,10.8374,22.2100,50580.2222,0,310307.0000,325720.0000
2022-09-01,2022,9,Valle del Cauca,11,Informatica y telecomunicaciones,0,147.9970,-11.5000,11.4413,23.5000,48407.6013,-2.4000,10.8374,22.2100,50580.2222,0,310307.0000,325720.0000
2022-09-01,2022,9,Valle del Cauca,12,Sonido y video,0,118.2555,-11.5000,11.4413,23.5000,48407.6013,-2.4000,10.8374,22.2100,50580.2222,0,310307.0000,325720.0000
2022-09-01,2022,9,Valle del Cauca,14,"Ferreteria, vidrios y pinturas",0,122.7879,-11.5000,11.4413,23.5000,48407.6013,-2.4000,10.8374,22.2100,50580.2222,0,310307.0000,325720.0000
2022-09-01,2022,9,Valle del Cauca,15,Otras mercancias de uso domestico,0,113.8785,-11.5000,11.4413,23.5000,48407.6013,-2.4000,10.8374,22.2100,50580.2222,0,310307.0000,325720.0000
2022-09-01,2022,9,Otros departamentos,4,Prendas de vestir y textiles,0,98.1787,-11.5000,11.4413,23.5000,48407.6013,-2.4000,10.8374,22.2100,50580.2222,0,1105694.0000,884719.0000
2022-09-01,2022,9,Otros departamentos,8,Electrodomesticos y muebles,1,122.9592,-11.5000,11.4413,23.5000,48407.6013,-2.4000,10.8374,22.2100,50580.2222,0,1105694.0000,884719.0000
2022-09-01,2022,9,Otros departamentos,9,Articulos y utensilios domesticos,0,147.0379,-11.5000,11.4413,23.5000,48407.6013,-2.4000,10.8374,22.2100,50580.2222,0,1105694.0000,884719.0000
2022-09-01,2022,9,Otros departamentos,10,Aseo del hogar,0,111.1410,-11.5000,11.4413,23.5000,48407.6013,-2.4000,10.8374,22.2100,50580.2222,0,1105694.0000,884719.0000
2022-09-01,2022,9,Otros departamentos,11,Informatica y telecomunicaciones,0,181.5540,-11.5000,11.4413,23.5000,48407.6013,-2.4000,10.8374,22.2100,50580.2222,0,1105694.0000,884719.0000
2022-09-01,2022,9,Otros departamentos,12,Sonido y video,0,106.6305,-11.5000,11.4413,23.5000,48407.6013,-2.4000,10.8374,22.2100,50580.2222,0,1105694.0000,884719.0000
2022-09-01,2022,9,Otros departamentos,14,"Ferreteria, vidrios y pinturas",0,113.3645,-11.5000,11.4413,23.5000,48407.6013,-2.4000,10.8374,22.2100,50580.2222,0,1105694.0000,884719.0000
2022-09-01,2022,9,Otros departamentos,15,Otras mercancias de uso domestico,0,107.9222,-11.5000,11.4413,23.5000,48407.6013,-2.4000,10.8374,22.2100,50580.2222,0,1105694.0000,884719.0000
2022-10-01,2022,10,Antioquia,4,Prendas de vestir y textiles,0,126.7628,-19.5000,12.2206,24.6100,37980.2813,-11.5000,11.4413,23.5000,48407.6013,0,366388.0000,398829.0000
2022-10-01,2022,10,Antioquia,8,Electrodomesticos y muebles,1,124.7405,-19.5000,12.2206,24.6100,37980.2813,-11.5000,11.4413,23.5000,48407.6013,0,366388.0000,398829.0000
2022-10-01,2022,10,Antioquia,9,Articulos y utensilios domesticos,0,132.2868,-19.5000,12.2206,24.6100,37980.2813,-11.5000,11.4413,23.5000,48407.6013,0,366388.0000,398829.0000
2022-10-01,2022,10,Antioquia,10,Aseo del hogar,0,121.1100,-19.5000,12.2206,24.6100,37980.2813,-11.5000,11.4413,23.5000,48407.6013,0,366388.0000,398829.0000
2022-10-01,2022,10,Antioquia,11,Informatica y telecomunicaciones,0,156.8678,-19.5000,12.2206,24.6100,37980.2813,-11.5000,11.4413,23.5000,48407.6013,0,366388.0000,398829.0000
2022-10-01,2022,10,Antioquia,12,Sonido y video,0,140.9501,-19.5000,12.2206,24.6100,37980.2813,-11.5000,11.4413,23.5000,48407.6013,0,366388.0000,398829.0000
2022-10-01,2022,10,Antioquia,14,"Ferreteria, vidrios y pinturas",0,122.9660,-19.5000,12.2206,24.6100,37980.2813,-11.5000,11.4413,23.5000,48407.6013,0,366388.0000,398829.0000
2022-10-01,2022,10,Antioquia,15,Otras mercancias de uso domestico,0,120.7192,-19.5000,12.2206,24.6100,37980.2813,-11.5000,11.4413,23.5000,48407.6013,0,366388.0000,398829.0000
2022-10-01,2022,10,Atlantico,4,Prendas de vestir y textiles,0,83.5762,-19.5000,12.2206,24.6100,37980.2813,-11.5000,11.4413,23.5000,48407.6013,0,48713.0000,117159.0000
2022-10-01,2022,10,Atlantico,8,Electrodomesticos y muebles,1,115.9441,-19.5000,12.2206,24.6100,37980.2813,-11.5000,11.4413,23.5000,48407.6013,0,48713.0000,117159.0000
2022-10-01,2022,10,Atlantico,9,Articulos y utensilios domesticos,0,158.0286,-19.5000,12.2206,24.6100,37980.2813,-11.5000,11.4413,23.5000,48407.6013,0,48713.0000,117159.0000
2022-10-01,2022,10,Atlantico,10,Aseo del hogar,0,132.6699,-19.5000,12.2206,24.6100,37980.2813,-11.5000,11.4413,23.5000,48407.6013,0,48713.0000,117159.0000
2022-10-01,2022,10,Atlantico,11,Informatica y telecomunicaciones,0,147.7264,-19.5000,12.2206,24.6100,37980.2813,-11.5000,11.4413,23.5000,48407.6013,0,48713.0000,117159.0000
2022-10-01,2022,10,Atlantico,12,Sonido y video,0,142.6206,-19.5000,12.2206,24.6100,37980.2813,-11.5000,11.4413,23.5000,48407.6013,0,48713.0000,117159.0000
2022-10-01,2022,10,Atlantico,14,"Ferreteria, vidrios y pinturas",0,135.0663,-19.5000,12.2206,24.6100,37980.2813,-11.5000,11.4413,23.5000,48407.6013,0,48713.0000,117159.0000
2022-10-01,2022,10,Atlantico,15,Otras mercancias de uso domestico,0,135.0744,-19.5000,12.2206,24.6100,37980.2813,-11.5000,11.4413,23.5000,48407.6013,0,48713.0000,117159.0000
2022-10-01,2022,10,Bogota,4,Prendas de vestir y textiles,0,134.9643,-19.5000,12.2206,24.6100,37980.2813,-11.5000,11.4413,23.5000,48407.6013,0,464059.0000,400345.0000
2022-10-01,2022,10,Bogota,8,Electrodomesticos y muebles,1,116.8768,-19.5000,12.2206,24.6100,37980.2813,-11.5000,11.4413,23.5000,48407.6013,0,464059.0000,400345.0000
2022-10-01,2022,10,Bogota,9,Articulos y utensilios domesticos,0,148.0637,-19.5000,12.2206,24.6100,37980.2813,-11.5000,11.4413,23.5000,48407.6013,0,464059.0000,400345.0000
2022-10-01,2022,10,Bogota,10,Aseo del hogar,0,120.9064,-19.5000,12.2206,24.6100,37980.2813,-11.5000,11.4413,23.5000,48407.6013,0,464059.0000,400345.0000
2022-10-01,2022,10,Bogota,11,Informatica y telecomunicaciones,0,157.8180,-19.5000,12.2206,24.6100,37980.2813,-11.5000,11.4413,23.5000,48407.6013,0,464059.0000,400345.0000
2022-10-01,2022,10,Bogota,12,Sonido y video,0,102.9561,-19.5000,12.2206,24.6100,37980.2813,-11.5000,11.4413,23.5000,48407.6013,0,464059.0000,400345.0000
2022-10-01,2022,10,Bogota,14,"Ferreteria, vidrios y pinturas",0,141.2566,-19.5000,12.2206,24.6100,37980.2813,-11.5000,11.4413,23.5000,48407.6013,0,464059.0000,400345.0000
2022-10-01,2022,10,Bogota,15,Otras mercancias de uso domestico,0,105.3869,-19.5000,12.2206,24.6100,37980.2813,-11.5000,11.4413,23.5000,48407.6013,0,464059.0000,400345.0000
2022-10-01,2022,10,Cundinamarca,4,Prendas de vestir y textiles,0,200.2939,-19.5000,12.2206,24.6100,37980.2813,-11.5000,11.4413,23.5000,48407.6013,0,236603.0000,227630.0000
2022-10-01,2022,10,Cundinamarca,8,Electrodomesticos y muebles,1,126.2474,-19.5000,12.2206,24.6100,37980.2813,-11.5000,11.4413,23.5000,48407.6013,0,236603.0000,227630.0000
2022-10-01,2022,10,Cundinamarca,9,Articulos y utensilios domesticos,0,219.8968,-19.5000,12.2206,24.6100,37980.2813,-11.5000,11.4413,23.5000,48407.6013,0,236603.0000,227630.0000
2022-10-01,2022,10,Cundinamarca,10,Aseo del hogar,0,177.7942,-19.5000,12.2206,24.6100,37980.2813,-11.5000,11.4413,23.5000,48407.6013,0,236603.0000,227630.0000
2022-10-01,2022,10,Cundinamarca,11,Informatica y telecomunicaciones,0,191.0282,-19.5000,12.2206,24.6100,37980.2813,-11.5000,11.4413,23.5000,48407.6013,0,236603.0000,227630.0000
2022-10-01,2022,10,Cundinamarca,12,Sonido y video,0,155.0801,-19.5000,12.2206,24.6100,37980.2813,-11.5000,11.4413,23.5000,48407.6013,0,236603.0000,227630.0000
2022-10-01,2022,10,Cundinamarca,14,"Ferreteria, vidrios y pinturas",0,178.8285,-19.5000,12.2206,24.6100,37980.2813,-11.5000,11.4413,23.5000,48407.6013,0,236603.0000,227630.0000
2022-10-01,2022,10,Cundinamarca,15,Otras mercancias de uso domestico,0,152.9132,-19.5000,12.2206,24.6100,37980.2813,-11.5000,11.4413,23.5000,48407.6013,0,236603.0000,227630.0000
2022-10-01,2022,10,Santander,4,Prendas de vestir y textiles,0,108.8399,-19.5000,12.2206,24.6100,37980.2813,-11.5000,11.4413,23.5000,48407.6013,0,80410.0000,64356.0000
2022-10-01,2022,10,Santander,8,Electrodomesticos y muebles,1,102.0048,-19.5000,12.2206,24.6100,37980.2813,-11.5000,11.4413,23.5000,48407.6013,0,80410.0000,64356.0000
2022-10-01,2022,10,Santander,9,Articulos y utensilios domesticos,0,134.1197,-19.5000,12.2206,24.6100,37980.2813,-11.5000,11.4413,23.5000,48407.6013,0,80410.0000,64356.0000
2022-10-01,2022,10,Santander,10,Aseo del hogar,0,131.4987,-19.5000,12.2206,24.6100,37980.2813,-11.5000,11.4413,23.5000,48407.6013,0,80410.0000,64356.0000
2022-10-01,2022,10,Santander,11,Informatica y telecomunicaciones,0,132.8898,-19.5000,12.2206,24.6100,37980.2813,-11.5000,11.4413,23.5000,48407.6013,0,80410.0000,64356.0000
2022-10-01,2022,10,Santander,12,Sonido y video,0,94.7984,-19.5000,12.2206,24.6100,37980.2813,-11.5000,11.4413,23.5000,48407.6013,0,80410.0000,64356.0000
2022-10-01,2022,10,Santander,14,"Ferreteria, vidrios y pinturas",0,94.8427,-19.5000,12.2206,24.6100,37980.2813,-11.5000,11.4413,23.5000,48407.6013,0,80410.0000,64356.0000
2022-10-01,2022,10,Santander,15,Otras mercancias de uso domestico,0,129.0683,-19.5000,12.2206,24.6100,37980.2813,-11.5000,11.4413,23.5000,48407.6013,0,80410.0000,64356.0000
2022-10-01,2022,10,Valle del Cauca,4,Prendas de vestir y textiles,0,101.9389,-19.5000,12.2206,24.6100,37980.2813,-11.5000,11.4413,23.5000,48407.6013,0,196434.0000,310307.0000
2022-10-01,2022,10,Valle del Cauca,8,Electrodomesticos y muebles,1,105.7822,-19.5000,12.2206,24.6100,37980.2813,-11.5000,11.4413,23.5000,48407.6013,0,196434.0000,310307.0000
2022-10-01,2022,10,Valle del Cauca,9,Articulos y utensilios domesticos,0,111.1723,-19.5000,12.2206,24.6100,37980.2813,-11.5000,11.4413,23.5000,48407.6013,0,196434.0000,310307.0000
2022-10-01,2022,10,Valle del Cauca,10,Aseo del hogar,0,125.3362,-19.5000,12.2206,24.6100,37980.2813,-11.5000,11.4413,23.5000,48407.6013,0,196434.0000,310307.0000
2022-10-01,2022,10,Valle del Cauca,11,Informatica y telecomunicaciones,0,188.1027,-19.5000,12.2206,24.6100,37980.2813,-11.5000,11.4413,23.5000,48407.6013,0,196434.0000,310307.0000
2022-10-01,2022,10,Valle del Cauca,12,Sonido y video,0,114.5613,-19.5000,12.2206,24.6100,37980.2813,-11.5000,11.4413,23.5000,48407.6013,0,196434.0000,310307.0000
2022-10-01,2022,10,Valle del Cauca,14,"Ferreteria, vidrios y pinturas",0,121.5861,-19.5000,12.2206,24.6100,37980.2813,-11.5000,11.4413,23.5000,48407.6013,0,196434.0000,310307.0000
2022-10-01,2022,10,Valle del Cauca,15,Otras mercancias de uso domestico,0,120.7443,-19.5000,12.2206,24.6100,37980.2813,-11.5000,11.4413,23.5000,48407.6013,0,196434.0000,310307.0000
2022-10-01,2022,10,Otros departamentos,4,Prendas de vestir y textiles,0,111.2791,-19.5000,12.2206,24.6100,37980.2813,-11.5000,11.4413,23.5000,48407.6013,0,511872.0000,1105694.0000
2022-10-01,2022,10,Otros departamentos,8,Electrodomesticos y muebles,1,112.4783,-19.5000,12.2206,24.6100,37980.2813,-11.5000,11.4413,23.5000,48407.6013,0,511872.0000,1105694.0000
2022-10-01,2022,10,Otros departamentos,9,Articulos y utensilios domesticos,0,154.2683,-19.5000,12.2206,24.6100,37980.2813,-11.5000,11.4413,23.5000,48407.6013,0,511872.0000,1105694.0000
2022-10-01,2022,10,Otros departamentos,10,Aseo del hogar,0,126.5163,-19.5000,12.2206,24.6100,37980.2813,-11.5000,11.4413,23.5000,48407.6013,0,511872.0000,1105694.0000
2022-10-01,2022,10,Otros departamentos,11,Informatica y telecomunicaciones,0,176.3578,-19.5000,12.2206,24.6100,37980.2813,-11.5000,11.4413,23.5000,48407.6013,0,511872.0000,1105694.0000
2022-10-01,2022,10,Otros departamentos,12,Sonido y video,0,127.1820,-19.5000,12.2206,24.6100,37980.2813,-11.5000,11.4413,23.5000,48407.6013,0,511872.0000,1105694.0000
2022-10-01,2022,10,Otros departamentos,14,"Ferreteria, vidrios y pinturas",0,114.3096,-19.5000,12.2206,24.6100,37980.2813,-11.5000,11.4413,23.5000,48407.6013,0,511872.0000,1105694.0000
2022-10-01,2022,10,Otros departamentos,15,Otras mercancias de uso domestico,0,147.8355,-19.5000,12.2206,24.6100,37980.2813,-11.5000,11.4413,23.5000,48407.6013,0,511872.0000,1105694.0000
2022-11-01,2022,11,Antioquia,4,Prendas de vestir y textiles,0,151.5585,-24.8000,12.5316,25.7800,35855.1876,-19.5000,12.2206,24.6100,37980.2813,0,376329.0000,366388.0000
2022-11-01,2022,11,Antioquia,8,Electrodomesticos y muebles,1,119.5300,-24.8000,12.5316,25.7800,35855.1876,-19.5000,12.2206,24.6100,37980.2813,0,376329.0000,366388.0000
2022-11-01,2022,11,Antioquia,9,Articulos y utensilios domesticos,0,159.5151,-24.8000,12.5316,25.7800,35855.1876,-19.5000,12.2206,24.6100,37980.2813,0,376329.0000,366388.0000
2022-11-01,2022,11,Antioquia,10,Aseo del hogar,0,118.6147,-24.8000,12.5316,25.7800,35855.1876,-19.5000,12.2206,24.6100,37980.2813,0,376329.0000,366388.0000
2022-11-01,2022,11,Antioquia,11,Informatica y telecomunicaciones,0,233.7512,-24.8000,12.5316,25.7800,35855.1876,-19.5000,12.2206,24.6100,37980.2813,0,376329.0000,366388.0000
2022-11-01,2022,11,Antioquia,12,Sonido y video,0,202.9895,-24.8000,12.5316,25.7800,35855.1876,-19.5000,12.2206,24.6100,37980.2813,0,376329.0000,366388.0000
2022-11-01,2022,11,Antioquia,14,"Ferreteria, vidrios y pinturas",0,122.2407,-24.8000,12.5316,25.7800,35855.1876,-19.5000,12.2206,24.6100,37980.2813,0,376329.0000,366388.0000
2022-11-01,2022,11,Antioquia,15,Otras mercancias de uso domestico,0,152.7266,-24.8000,12.5316,25.7800,35855.1876,-19.5000,12.2206,24.6100,37980.2813,0,376329.0000,366388.0000
2022-11-01,2022,11,Atlantico,4,Prendas de vestir y textiles,0,104.0329,-24.8000,12.5316,25.7800,35855.1876,-19.5000,12.2206,24.6100,37980.2813,0,62432.0000,48713.0000
2022-11-01,2022,11,Atlantico,8,Electrodomesticos y muebles,1,134.7227,-24.8000,12.5316,25.7800,35855.1876,-19.5000,12.2206,24.6100,37980.2813,0,62432.0000,48713.0000
2022-11-01,2022,11,Atlantico,9,Articulos y utensilios domesticos,0,162.8034,-24.8000,12.5316,25.7800,35855.1876,-19.5000,12.2206,24.6100,37980.2813,0,62432.0000,48713.0000
2022-11-01,2022,11,Atlantico,10,Aseo del hogar,0,138.6437,-24.8000,12.5316,25.7800,35855.1876,-19.5000,12.2206,24.6100,37980.2813,0,62432.0000,48713.0000
2022-11-01,2022,11,Atlantico,11,Informatica y telecomunicaciones,0,193.7305,-24.8000,12.5316,25.7800,35855.1876,-19.5000,12.2206,24.6100,37980.2813,0,62432.0000,48713.0000
2022-11-01,2022,11,Atlantico,12,Sonido y video,0,170.6168,-24.8000,12.5316,25.7800,35855.1876,-19.5000,12.2206,24.6100,37980.2813,0,62432.0000,48713.0000
2022-11-01,2022,11,Atlantico,14,"Ferreteria, vidrios y pinturas",0,170.2903,-24.8000,12.5316,25.7800,35855.1876,-19.5000,12.2206,24.6100,37980.2813,0,62432.0000,48713.0000
2022-11-01,2022,11,Atlantico,15,Otras mercancias de uso domestico,0,140.8082,-24.8000,12.5316,25.7800,35855.1876,-19.5000,12.2206,24.6100,37980.2813,0,62432.0000,48713.0000
2022-11-01,2022,11,Bogota,4,Prendas de vestir y textiles,0,128.9538,-24.8000,12.5316,25.7800,35855.1876,-19.5000,12.2206,24.6100,37980.2813,0,512464.0000,464059.0000
2022-11-01,2022,11,Bogota,8,Electrodomesticos y muebles,1,120.6858,-24.8000,12.5316,25.7800,35855.1876,-19.5000,12.2206,24.6100,37980.2813,0,512464.0000,464059.0000
2022-11-01,2022,11,Bogota,9,Articulos y utensilios domesticos,0,175.7445,-24.8000,12.5316,25.7800,35855.1876,-19.5000,12.2206,24.6100,37980.2813,0,512464.0000,464059.0000
2022-11-01,2022,11,Bogota,10,Aseo del hogar,0,119.7072,-24.8000,12.5316,25.7800,35855.1876,-19.5000,12.2206,24.6100,37980.2813,0,512464.0000,464059.0000
2022-11-01,2022,11,Bogota,11,Informatica y telecomunicaciones,0,192.8919,-24.8000,12.5316,25.7800,35855.1876,-19.5000,12.2206,24.6100,37980.2813,0,512464.0000,464059.0000
2022-11-01,2022,11,Bogota,12,Sonido y video,0,135.9437,-24.8000,12.5316,25.7800,35855.1876,-19.5000,12.2206,24.6100,37980.2813,0,512464.0000,464059.0000
2022-11-01,2022,11,Bogota,14,"Ferreteria, vidrios y pinturas",0,133.1675,-24.8000,12.5316,25.7800,35855.1876,-19.5000,12.2206,24.6100,37980.2813,0,512464.0000,464059.0000
2022-11-01,2022,11,Bogota,15,Otras mercancias de uso domestico,0,119.9607,-24.8000,12.5316,25.7800,35855.1876,-19.5000,12.2206,24.6100,37980.2813,0,512464.0000,464059.0000
2022-11-01,2022,11,Cundinamarca,4,Prendas de vestir y textiles,0,201.1516,-24.8000,12.5316,25.7800,35855.1876,-19.5000,12.2206,24.6100,37980.2813,0,292004.0000,236603.0000
2022-11-01,2022,11,Cundinamarca,8,Electrodomesticos y muebles,1,143.7472,-24.8000,12.5316,25.7800,35855.1876,-19.5000,12.2206,24.6100,37980.2813,0,292004.0000,236603.0000
2022-11-01,2022,11,Cundinamarca,9,Articulos y utensilios domesticos,0,198.3187,-24.8000,12.5316,25.7800,35855.1876,-19.5000,12.2206,24.6100,37980.2813,0,292004.0000,236603.0000
2022-11-01,2022,11,Cundinamarca,10,Aseo del hogar,0,156.2222,-24.8000,12.5316,25.7800,35855.1876,-19.5000,12.2206,24.6100,37980.2813,0,292004.0000,236603.0000
2022-11-01,2022,11,Cundinamarca,11,Informatica y telecomunicaciones,0,201.8399,-24.8000,12.5316,25.7800,35855.1876,-19.5000,12.2206,24.6100,37980.2813,0,292004.0000,236603.0000
2022-11-01,2022,11,Cundinamarca,12,Sonido y video,0,156.6995,-24.8000,12.5316,25.7800,35855.1876,-19.5000,12.2206,24.6100,37980.2813,0,292004.0000,236603.0000
2022-11-01,2022,11,Cundinamarca,14,"Ferreteria, vidrios y pinturas",0,135.7787,-24.8000,12.5316,25.7800,35855.1876,-19.5000,12.2206,24.6100,37980.2813,0,292004.0000,236603.0000
2022-11-01,2022,11,Cundinamarca,15,Otras mercancias de uso domestico,0,221.1241,-24.8000,12.5316,25.7800,35855.1876,-19.5000,12.2206,24.6100,37980.2813,0,292004.0000,236603.0000
2022-11-01,2022,11,Santander,4,Prendas de vestir y textiles,0,153.5331,-24.8000,12.5316,25.7800,35855.1876,-19.5000,12.2206,24.6100,37980.2813,0,70109.0000,80410.0000
2022-11-01,2022,11,Santander,8,Electrodomesticos y muebles,1,145.5762,-24.8000,12.5316,25.7800,35855.1876,-19.5000,12.2206,24.6100,37980.2813,0,70109.0000,80410.0000
2022-11-01,2022,11,Santander,9,Articulos y utensilios domesticos,0,130.1766,-24.8000,12.5316,25.7800,35855.1876,-19.5000,12.2206,24.6100,37980.2813,0,70109.0000,80410.0000
2022-11-01,2022,11,Santander,10,Aseo del hogar,0,124.8434,-24.8000,12.5316,25.7800,35855.1876,-19.5000,12.2206,24.6100,37980.2813,0,70109.0000,80410.0000
2022-11-01,2022,11,Santander,11,Informatica y telecomunicaciones,0,154.5162,-24.8000,12.5316,25.7800,35855.1876,-19.5000,12.2206,24.6100,37980.2813,0,70109.0000,80410.0000
2022-11-01,2022,11,Santander,12,Sonido y video,0,117.3709,-24.8000,12.5316,25.7800,35855.1876,-19.5000,12.2206,24.6100,37980.2813,0,70109.0000,80410.0000
2022-11-01,2022,11,Santander,14,"Ferreteria, vidrios y pinturas",0,101.6061,-24.8000,12.5316,25.7800,35855.1876,-19.5000,12.2206,24.6100,37980.2813,0,70109.0000,80410.0000
2022-11-01,2022,11,Santander,15,Otras mercancias de uso domestico,0,165.8741,-24.8000,12.5316,25.7800,35855.1876,-19.5000,12.2206,24.6100,37980.2813,0,70109.0000,80410.0000
2022-11-01,2022,11,Valle del Cauca,4,Prendas de vestir y textiles,0,134.8928,-24.8000,12.5316,25.7800,35855.1876,-19.5000,12.2206,24.6100,37980.2813,0,191928.0000,196434.0000
2022-11-01,2022,11,Valle del Cauca,8,Electrodomesticos y muebles,1,114.2528,-24.8000,12.5316,25.7800,35855.1876,-19.5000,12.2206,24.6100,37980.2813,0,191928.0000,196434.0000
2022-11-01,2022,11,Valle del Cauca,9,Articulos y utensilios domesticos,0,117.9049,-24.8000,12.5316,25.7800,35855.1876,-19.5000,12.2206,24.6100,37980.2813,0,191928.0000,196434.0000
2022-11-01,2022,11,Valle del Cauca,10,Aseo del hogar,0,127.9119,-24.8000,12.5316,25.7800,35855.1876,-19.5000,12.2206,24.6100,37980.2813,0,191928.0000,196434.0000
2022-11-01,2022,11,Valle del Cauca,11,Informatica y telecomunicaciones,0,190.6342,-24.8000,12.5316,25.7800,35855.1876,-19.5000,12.2206,24.6100,37980.2813,0,191928.0000,196434.0000
2022-11-01,2022,11,Valle del Cauca,12,Sonido y video,0,148.3904,-24.8000,12.5316,25.7800,35855.1876,-19.5000,12.2206,24.6100,37980.2813,0,191928.0000,196434.0000
2022-11-01,2022,11,Valle del Cauca,14,"Ferreteria, vidrios y pinturas",0,127.6548,-24.8000,12.5316,25.7800,35855.1876,-19.5000,12.2206,24.6100,37980.2813,0,191928.0000,196434.0000
2022-11-01,2022,11,Valle del Cauca,15,Otras mercancias de uso domestico,0,141.1923,-24.8000,12.5316,25.7800,35855.1876,-19.5000,12.2206,24.6100,37980.2813,0,191928.0000,196434.0000
2022-11-01,2022,11,Otros departamentos,4,Prendas de vestir y textiles,0,139.2762,-24.8000,12.5316,25.7800,35855.1876,-19.5000,12.2206,24.6100,37980.2813,0,736670.0000,511872.0000
2022-11-01,2022,11,Otros departamentos,8,Electrodomesticos y muebles,1,127.5520,-24.8000,12.5316,25.7800,35855.1876,-19.5000,12.2206,24.6100,37980.2813,0,736670.0000,511872.0000
2022-11-01,2022,11,Otros departamentos,9,Articulos y utensilios domesticos,0,145.8049,-24.8000,12.5316,25.7800,35855.1876,-19.5000,12.2206,24.6100,37980.2813,0,736670.0000,511872.0000
2022-11-01,2022,11,Otros departamentos,10,Aseo del hogar,0,110.1166,-24.8000,12.5316,25.7800,35855.1876,-19.5000,12.2206,24.6100,37980.2813,0,736670.0000,511872.0000
2022-11-01,2022,11,Otros departamentos,11,Informatica y telecomunicaciones,0,172.2692,-24.8000,12.5316,25.7800,35855.1876,-19.5000,12.2206,24.6100,37980.2813,0,736670.0000,511872.0000
2022-11-01,2022,11,Otros departamentos,12,Sonido y video,0,161.2128,-24.8000,12.5316,25.7800,35855.1876,-19.5000,12.2206,24.6100,37980.2813,0,736670.0000,511872.0000
2022-11-01,2022,11,Otros departamentos,14,"Ferreteria, vidrios y pinturas",0,133.7250,-24.8000,12.5316,25.7800,35855.1876,-19.5000,12.2206,24.6100,37980.2813,0,736670.0000,511872.0000
2022-11-01,2022,11,Otros departamentos,15,Otras mercancias de uso domestico,0,138.0693,-24.8000,12.5316,25.7800,35855.1876,-19.5000,12.2206,24.6100,37980.2813,0,736670.0000,511872.0000
2022-12-01,2022,12,Antioquia,4,Prendas de vestir y textiles,0,295.3383,-22.3000,13.1227,27.6400,35908.4580,-24.8000,12.5316,25.7800,35855.1876,0,411393.0000,376329.0000
2022-12-01,2022,12,Antioquia,8,Electrodomesticos y muebles,1,122.6342,-22.3000,13.1227,27.6400,35908.4580,-24.8000,12.5316,25.7800,35855.1876,0,411393.0000,376329.0000
2022-12-01,2022,12,Antioquia,9,Articulos y utensilios domesticos,0,159.5347,-22.3000,13.1227,27.6400,35908.4580,-24.8000,12.5316,25.7800,35855.1876,0,411393.0000,376329.0000
2022-12-01,2022,12,Antioquia,10,Aseo del hogar,0,133.2084,-22.3000,13.1227,27.6400,35908.4580,-24.8000,12.5316,25.7800,35855.1876,0,411393.0000,376329.0000
2022-12-01,2022,12,Antioquia,11,Informatica y telecomunicaciones,0,292.0999,-22.3000,13.1227,27.6400,35908.4580,-24.8000,12.5316,25.7800,35855.1876,0,411393.0000,376329.0000
2022-12-01,2022,12,Antioquia,12,Sonido y video,0,175.2874,-22.3000,13.1227,27.6400,35908.4580,-24.8000,12.5316,25.7800,35855.1876,0,411393.0000,376329.0000
2022-12-01,2022,12,Antioquia,14,"Ferreteria, vidrios y pinturas",0,88.5624,-22.3000,13.1227,27.6400,35908.4580,-24.8000,12.5316,25.7800,35855.1876,0,411393.0000,376329.0000
2022-12-01,2022,12,Antioquia,15,Otras mercancias de uso domestico,0,191.4935,-22.3000,13.1227,27.6400,35908.4580,-24.8000,12.5316,25.7800,35855.1876,0,411393.0000,376329.0000
2022-12-01,2022,12,Atlantico,4,Prendas de vestir y textiles,0,228.2853,-22.3000,13.1227,27.6400,35908.4580,-24.8000,12.5316,25.7800,35855.1876,0,81712.0000,62432.0000
2022-12-01,2022,12,Atlantico,8,Electrodomesticos y muebles,1,140.5661,-22.3000,13.1227,27.6400,35908.4580,-24.8000,12.5316,25.7800,35855.1876,0,81712.0000,62432.0000
2022-12-01,2022,12,Atlantico,9,Articulos y utensilios domesticos,0,196.0056,-22.3000,13.1227,27.6400,35908.4580,-24.8000,12.5316,25.7800,35855.1876,0,81712.0000,62432.0000
2022-12-01,2022,12,Atlantico,10,Aseo del hogar,0,161.1835,-22.3000,13.1227,27.6400,35908.4580,-24.8000,12.5316,25.7800,35855.1876,0,81712.0000,62432.0000
2022-12-01,2022,12,Atlantico,11,Informatica y telecomunicaciones,0,224.0118,-22.3000,13.1227,27.6400,35908.4580,-24.8000,12.5316,25.7800,35855.1876,0,81712.0000,62432.0000
2022-12-01,2022,12,Atlantico,12,Sonido y video,0,160.6937,-22.3000,13.1227,27.6400,35908.4580,-24.8000,12.5316,25.7800,35855.1876,0,81712.0000,62432.0000
2022-12-01,2022,12,Atlantico,14,"Ferreteria, vidrios y pinturas",0,133.2906,-22.3000,13.1227,27.6400,35908.4580,-24.8000,12.5316,25.7800,35855.1876,0,81712.0000,62432.0000
2022-12-01,2022,12,Atlantico,15,Otras mercancias de uso domestico,0,179.2489,-22.3000,13.1227,27.6400,35908.4580,-24.8000,12.5316,25.7800,35855.1876,0,81712.0000,62432.0000
2022-12-01,2022,12,Bogota,4,Prendas de vestir y textiles,0,232.4925,-22.3000,13.1227,27.6400,35908.4580,-24.8000,12.5316,25.7800,35855.1876,0,565330.0000,512464.0000
2022-12-01,2022,12,Bogota,8,Electrodomesticos y muebles,1,120.6273,-22.3000,13.1227,27.6400,35908.4580,-24.8000,12.5316,25.7800,35855.1876,0,565330.0000,512464.0000
2022-12-01,2022,12,Bogota,9,Articulos y utensilios domesticos,0,210.1762,-22.3000,13.1227,27.6400,35908.4580,-24.8000,12.5316,25.7800,35855.1876,0,565330.0000,512464.0000
2022-12-01,2022,12,Bogota,10,Aseo del hogar,0,117.4175,-22.3000,13.1227,27.6400,35908.4580,-24.8000,12.5316,25.7800,35855.1876,0,565330.0000,512464.0000
2022-12-01,2022,12,Bogota,11,Informatica y telecomunicaciones,0,245.2249,-22.3000,13.1227,27.6400,35908.4580,-24.8000,12.5316,25.7800,35855.1876,0,565330.0000,512464.0000
2022-12-01,2022,12,Bogota,12,Sonido y video,0,128.8233,-22.3000,13.1227,27.6400,35908.4580,-24.8000,12.5316,25.7800,35855.1876,0,565330.0000,512464.0000
2022-12-01,2022,12,Bogota,14,"Ferreteria, vidrios y pinturas",0,116.1319,-22.3000,13.1227,27.6400,35908.4580,-24.8000,12.5316,25.7800,35855.1876,0,565330.0000,512464.0000
2022-12-01,2022,12,Bogota,15,Otras mercancias de uso domestico,0,168.9003,-22.3000,13.1227,27.6400,35908.4580,-24.8000,12.5316,25.7800,35855.1876,0,565330.0000,512464.0000
2022-12-01,2022,12,Cundinamarca,4,Prendas de vestir y textiles,0,366.1022,-22.3000,13.1227,27.6400,35908.4580,-24.8000,12.5316,25.7800,35855.1876,0,505793.0000,292004.0000
2022-12-01,2022,12,Cundinamarca,8,Electrodomesticos y muebles,1,148.2158,-22.3000,13.1227,27.6400,35908.4580,-24.8000,12.5316,25.7800,35855.1876,0,505793.0000,292004.0000
2022-12-01,2022,12,Cundinamarca,9,Articulos y utensilios domesticos,0,221.9855,-22.3000,13.1227,27.6400,35908.4580,-24.8000,12.5316,25.7800,35855.1876,0,505793.0000,292004.0000
2022-12-01,2022,12,Cundinamarca,10,Aseo del hogar,0,187.1791,-22.3000,13.1227,27.6400,35908.4580,-24.8000,12.5316,25.7800,35855.1876,0,505793.0000,292004.0000
2022-12-01,2022,12,Cundinamarca,11,Informatica y telecomunicaciones,0,237.4116,-22.3000,13.1227,27.6400,35908.4580,-24.8000,12.5316,25.7800,35855.1876,0,505793.0000,292004.0000
2022-12-01,2022,12,Cundinamarca,12,Sonido y video,0,155.3553,-22.3000,13.1227,27.6400,35908.4580,-24.8000,12.5316,25.7800,35855.1876,0,505793.0000,292004.0000
2022-12-01,2022,12,Cundinamarca,14,"Ferreteria, vidrios y pinturas",0,124.2659,-22.3000,13.1227,27.6400,35908.4580,-24.8000,12.5316,25.7800,35855.1876,0,505793.0000,292004.0000
2022-12-01,2022,12,Cundinamarca,15,Otras mercancias de uso domestico,0,264.1872,-22.3000,13.1227,27.6400,35908.4580,-24.8000,12.5316,25.7800,35855.1876,0,505793.0000,292004.0000
2022-12-01,2022,12,Santander,4,Prendas de vestir y textiles,0,311.5931,-22.3000,13.1227,27.6400,35908.4580,-24.8000,12.5316,25.7800,35855.1876,0,102953.0000,70109.0000
2022-12-01,2022,12,Santander,8,Electrodomesticos y muebles,1,121.3877,-22.3000,13.1227,27.6400,35908.4580,-24.8000,12.5316,25.7800,35855.1876,0,102953.0000,70109.0000
2022-12-01,2022,12,Santander,9,Articulos y utensilios domesticos,0,159.7826,-22.3000,13.1227,27.6400,35908.4580,-24.8000,12.5316,25.7800,35855.1876,0,102953.0000,70109.0000
2022-12-01,2022,12,Santander,10,Aseo del hogar,0,140.4372,-22.3000,13.1227,27.6400,35908.4580,-24.8000,12.5316,25.7800,35855.1876,0,102953.0000,70109.0000
2022-12-01,2022,12,Santander,11,Informatica y telecomunicaciones,0,177.2634,-22.3000,13.1227,27.6400,35908.4580,-24.8000,12.5316,25.7800,35855.1876,0,102953.0000,70109.0000
2022-12-01,2022,12,Santander,12,Sonido y video,0,106.7063,-22.3000,13.1227,27.6400,35908.4580,-24.8000,12.5316,25.7800,35855.1876,0,102953.0000,70109.0000
2022-12-01,2022,12,Santander,14,"Ferreteria, vidrios y pinturas",0,77.1041,-22.3000,13.1227,27.6400,35908.4580,-24.8000,12.5316,25.7800,35855.1876,0,102953.0000,70109.0000
2022-12-01,2022,12,Santander,15,Otras mercancias de uso domestico,0,159.8096,-22.3000,13.1227,27.6400,35908.4580,-24.8000,12.5316,25.7800,35855.1876,0,102953.0000,70109.0000
2022-12-01,2022,12,Valle del Cauca,4,Prendas de vestir y textiles,0,303.3990,-22.3000,13.1227,27.6400,35908.4580,-24.8000,12.5316,25.7800,35855.1876,0,129531.0000,191928.0000
2022-12-01,2022,12,Valle del Cauca,8,Electrodomesticos y muebles,1,94.7238,-22.3000,13.1227,27.6400,35908.4580,-24.8000,12.5316,25.7800,35855.1876,0,129531.0000,191928.0000
2022-12-01,2022,12,Valle del Cauca,9,Articulos y utensilios domesticos,0,181.0213,-22.3000,13.1227,27.6400,35908.4580,-24.8000,12.5316,25.7800,35855.1876,0,129531.0000,191928.0000
2022-12-01,2022,12,Valle del Cauca,10,Aseo del hogar,0,137.8256,-22.3000,13.1227,27.6400,35908.4580,-24.8000,12.5316,25.7800,35855.1876,0,129531.0000,191928.0000
2022-12-01,2022,12,Valle del Cauca,11,Informatica y telecomunicaciones,0,199.7574,-22.3000,13.1227,27.6400,35908.4580,-24.8000,12.5316,25.7800,35855.1876,0,129531.0000,191928.0000
2022-12-01,2022,12,Valle del Cauca,12,Sonido y video,0,108.1703,-22.3000,13.1227,27.6400,35908.4580,-24.8000,12.5316,25.7800,35855.1876,0,129531.0000,191928.0000
2022-12-01,2022,12,Valle del Cauca,14,"Ferreteria, vidrios y pinturas",0,101.8450,-22.3000,13.1227,27.6400,35908.4580,-24.8000,12.5316,25.7800,35855.1876,0,129531.0000,191928.0000
2022-12-01,2022,12,Valle del Cauca,15,Otras mercancias de uso domestico,0,191.4806,-22.3000,13.1227,27.6400,35908.4580,-24.8000,12.5316,25.7800,35855.1876,0,129531.0000,191928.0000
2022-12-01,2022,12,Otros departamentos,4,Prendas de vestir y textiles,0,358.2255,-22.3000,13.1227,27.6400,35908.4580,-24.8000,12.5316,25.7800,35855.1876,0,798278.0000,736670.0000
2022-12-01,2022,12,Otros departamentos,8,Electrodomesticos y muebles,1,134.9957,-22.3000,13.1227,27.6400,35908.4580,-24.8000,12.5316,25.7800,35855.1876,0,798278.0000,736670.0000
2022-12-01,2022,12,Otros departamentos,9,Articulos y utensilios domesticos,0,181.2801,-22.3000,13.1227,27.6400,35908.4580,-24.8000,12.5316,25.7800,35855.1876,0,798278.0000,736670.0000
2022-12-01,2022,12,Otros departamentos,10,Aseo del hogar,0,132.4294,-22.3000,13.1227,27.6400,35908.4580,-24.8000,12.5316,25.7800,35855.1876,0,798278.0000,736670.0000
2022-12-01,2022,12,Otros departamentos,11,Informatica y telecomunicaciones,0,209.3998,-22.3000,13.1227,27.6400,35908.4580,-24.8000,12.5316,25.7800,35855.1876,0,798278.0000,736670.0000
2022-12-01,2022,12,Otros departamentos,12,Sonido y video,0,183.7984,-22.3000,13.1227,27.6400,35908.4580,-24.8000,12.5316,25.7800,35855.1876,0,798278.0000,736670.0000
2022-12-01,2022,12,Otros departamentos,14,"Ferreteria, vidrios y pinturas",0,150.1979,-22.3000,13.1227,27.6400,35908.4580,-24.8000,12.5316,25.7800,35855.1876,0,798278.0000,736670.0000
2022-12-01,2022,12,Otros departamentos,15,Otras mercancias de uso domestico,0,191.7835,-22.3000,13.1227,27.6400,35908.4580,-24.8000,12.5316,25.7800,35855.1876,0,798278.0000,736670.0000
2023-01-01,2023,1,Antioquia,4,Prendas de vestir y textiles,0,94.6113,-28.6000,13.2527,28.8400,31608.4810,-22.3000,13.1227,27.6400,35908.4580,0,271948.0000,411393.0000
2023-01-01,2023,1,Antioquia,8,Electrodomesticos y muebles,1,131.7073,-28.6000,13.2527,28.8400,31608.4810,-22.3000,13.1227,27.6400,35908.4580,0,271948.0000,411393.0000
2023-01-01,2023,1,Antioquia,9,Articulos y utensilios domesticos,0,123.6592,-28.6000,13.2527,28.8400,31608.4810,-22.3000,13.1227,27.6400,35908.4580,0,271948.0000,411393.0000
2023-01-01,2023,1,Antioquia,10,Aseo del hogar,0,126.7159,-28.6000,13.2527,28.8400,31608.4810,-22.3000,13.1227,27.6400,35908.4580,0,271948.0000,411393.0000
2023-01-01,2023,1,Antioquia,11,Informatica y telecomunicaciones,0,201.2980,-28.6000,13.2527,28.8400,31608.4810,-22.3000,13.1227,27.6400,35908.4580,0,271948.0000,411393.0000
2023-01-01,2023,1,Antioquia,12,Sonido y video,0,107.5423,-28.6000,13.2527,28.8400,31608.4810,-22.3000,13.1227,27.6400,35908.4580,0,271948.0000,411393.0000
2023-01-01,2023,1,Antioquia,14,"Ferreteria, vidrios y pinturas",0,97.1711,-28.6000,13.2527,28.8400,31608.4810,-22.3000,13.1227,27.6400,35908.4580,0,271948.0000,411393.0000
2023-01-01,2023,1,Antioquia,15,Otras mercancias de uso domestico,0,108.9012,-28.6000,13.2527,28.8400,31608.4810,-22.3000,13.1227,27.6400,35908.4580,0,271948.0000,411393.0000
2023-01-01,2023,1,Atlantico,4,Prendas de vestir y textiles,0,94.0867,-28.6000,13.2527,28.8400,31608.4810,-22.3000,13.1227,27.6400,35908.4580,0,6492.0000,81712.0000
2023-01-01,2023,1,Atlantico,8,Electrodomesticos y muebles,1,144.1116,-28.6000,13.2527,28.8400,31608.4810,-22.3000,13.1227,27.6400,35908.4580,0,6492.0000,81712.0000
2023-01-01,2023,1,Atlantico,9,Articulos y utensilios domesticos,0,152.1495,-28.6000,13.2527,28.8400,31608.4810,-22.3000,13.1227,27.6400,35908.4580,0,6492.0000,81712.0000
2023-01-01,2023,1,Atlantico,10,Aseo del hogar,0,133.3711,-28.6000,13.2527,28.8400,31608.4810,-22.3000,13.1227,27.6400,35908.4580,0,6492.0000,81712.0000
2023-01-01,2023,1,Atlantico,11,Informatica y telecomunicaciones,0,149.1737,-28.6000,13.2527,28.8400,31608.4810,-22.3000,13.1227,27.6400,35908.4580,0,6492.0000,81712.0000
2023-01-01,2023,1,Atlantico,12,Sonido y video,0,108.3900,-28.6000,13.2527,28.8400,31608.4810,-22.3000,13.1227,27.6400,35908.4580,0,6492.0000,81712.0000
2023-01-01,2023,1,Atlantico,14,"Ferreteria, vidrios y pinturas",0,121.6047,-28.6000,13.2527,28.8400,31608.4810,-22.3000,13.1227,27.6400,35908.4580,0,6492.0000,81712.0000
2023-01-01,2023,1,Atlantico,15,Otras mercancias de uso domestico,0,108.3131,-28.6000,13.2527,28.8400,31608.4810,-22.3000,13.1227,27.6400,35908.4580,0,6492.0000,81712.0000
2023-01-01,2023,1,Bogota,4,Prendas de vestir y textiles,0,88.9331,-28.6000,13.2527,28.8400,31608.4810,-22.3000,13.1227,27.6400,35908.4580,0,665829.0000,565330.0000
2023-01-01,2023,1,Bogota,8,Electrodomesticos y muebles,1,107.1931,-28.6000,13.2527,28.8400,31608.4810,-22.3000,13.1227,27.6400,35908.4580,0,665829.0000,565330.0000
2023-01-01,2023,1,Bogota,9,Articulos y utensilios domesticos,0,159.5191,-28.6000,13.2527,28.8400,31608.4810,-22.3000,13.1227,27.6400,35908.4580,0,665829.0000,565330.0000
2023-01-01,2023,1,Bogota,10,Aseo del hogar,0,115.4379,-28.6000,13.2527,28.8400,31608.4810,-22.3000,13.1227,27.6400,35908.4580,0,665829.0000,565330.0000
2023-01-01,2023,1,Bogota,11,Informatica y telecomunicaciones,0,168.3135,-28.6000,13.2527,28.8400,31608.4810,-22.3000,13.1227,27.6400,35908.4580,0,665829.0000,565330.0000
2023-01-01,2023,1,Bogota,12,Sonido y video,0,94.0741,-28.6000,13.2527,28.8400,31608.4810,-22.3000,13.1227,27.6400,35908.4580,0,665829.0000,565330.0000
2023-01-01,2023,1,Bogota,14,"Ferreteria, vidrios y pinturas",0,133.1741,-28.6000,13.2527,28.8400,31608.4810,-22.3000,13.1227,27.6400,35908.4580,0,665829.0000,565330.0000
2023-01-01,2023,1,Bogota,15,Otras mercancias de uso domestico,0,91.1362,-28.6000,13.2527,28.8400,31608.4810,-22.3000,13.1227,27.6400,35908.4580,0,665829.0000,565330.0000
2023-01-01,2023,1,Cundinamarca,4,Prendas de vestir y textiles,0,139.9930,-28.6000,13.2527,28.8400,31608.4810,-22.3000,13.1227,27.6400,35908.4580,0,130671.0000,505793.0000
2023-01-01,2023,1,Cundinamarca,8,Electrodomesticos y muebles,1,136.3172,-28.6000,13.2527,28.8400,31608.4810,-22.3000,13.1227,27.6400,35908.4580,0,130671.0000,505793.0000
2023-01-01,2023,1,Cundinamarca,9,Articulos y utensilios domesticos,0,190.3090,-28.6000,13.2527,28.8400,31608.4810,-22.3000,13.1227,27.6400,35908.4580,0,130671.0000,505793.0000
2023-01-01,2023,1,Cundinamarca,10,Aseo del hogar,0,178.3508,-28.6000,13.2527,28.8400,31608.4810,-22.3000,13.1227,27.6400,35908.4580,0,130671.0000,505793.0000
2023-01-01,2023,1,Cundinamarca,11,Informatica y telecomunicaciones,0,168.3954,-28.6000,13.2527,28.8400,31608.4810,-22.3000,13.1227,27.6400,35908.4580,0,130671.0000,505793.0000
2023-01-01,2023,1,Cundinamarca,12,Sonido y video,0,106.4623,-28.6000,13.2527,28.8400,31608.4810,-22.3000,13.1227,27.6400,35908.4580,0,130671.0000,505793.0000
2023-01-01,2023,1,Cundinamarca,14,"Ferreteria, vidrios y pinturas",0,122.2634,-28.6000,13.2527,28.8400,31608.4810,-22.3000,13.1227,27.6400,35908.4580,0,130671.0000,505793.0000
2023-01-01,2023,1,Cundinamarca,15,Otras mercancias de uso domestico,0,148.3764,-28.6000,13.2527,28.8400,31608.4810,-22.3000,13.1227,27.6400,35908.4580,0,130671.0000,505793.0000
2023-01-01,2023,1,Santander,4,Prendas de vestir y textiles,0,108.2352,-28.6000,13.2527,28.8400,31608.4810,-22.3000,13.1227,27.6400,35908.4580,0,79291.0000,102953.0000
2023-01-01,2023,1,Santander,8,Electrodomesticos y muebles,1,104.6709,-28.6000,13.2527,28.8400,31608.4810,-22.3000,13.1227,27.6400,35908.4580,0,79291.0000,102953.0000
2023-01-01,2023,1,Santander,9,Articulos y utensilios domesticos,0,145.7079,-28.6000,13.2527,28.8400,31608.4810,-22.3000,13.1227,27.6400,35908.4580,0,79291.0000,102953.0000
2023-01-01,2023,1,Santander,10,Aseo del hogar,0,101.5091,-28.6000,13.2527,28.8400,31608.4810,-22.3000,13.1227,27.6400,35908.4580,0,79291.0000,102953.0000
2023-01-01,2023,1,Santander,11,Informatica y telecomunicaciones,0,136.3206,-28.6000,13.2527,28.8400,31608.4810,-22.3000,13.1227,27.6400,35908.4580,0,79291.0000,102953.0000
2023-01-01,2023,1,Santander,12,Sonido y video,0,98.4291,-28.6000,13.2527,28.8400,31608.4810,-22.3000,13.1227,27.6400,35908.4580,0,79291.0000,102953.0000
2023-01-01,2023,1,Santander,14,"Ferreteria, vidrios y pinturas",0,93.6761,-28.6000,13.2527,28.8400,31608.4810,-22.3000,13.1227,27.6400,35908.4580,0,79291.0000,102953.0000
2023-01-01,2023,1,Santander,15,Otras mercancias de uso domestico,0,96.3572,-28.6000,13.2527,28.8400,31608.4810,-22.3000,13.1227,27.6400,35908.4580,0,79291.0000,102953.0000
2023-01-01,2023,1,Valle del Cauca,4,Prendas de vestir y textiles,0,89.5602,-28.6000,13.2527,28.8400,31608.4810,-22.3000,13.1227,27.6400,35908.4580,0,119839.0000,129531.0000
2023-01-01,2023,1,Valle del Cauca,8,Electrodomesticos y muebles,1,67.7230,-28.6000,13.2527,28.8400,31608.4810,-22.3000,13.1227,27.6400,35908.4580,0,119839.0000,129531.0000
2023-01-01,2023,1,Valle del Cauca,9,Articulos y utensilios domesticos,0,128.4648,-28.6000,13.2527,28.8400,31608.4810,-22.3000,13.1227,27.6400,35908.4580,0,119839.0000,129531.0000
2023-01-01,2023,1,Valle del Cauca,10,Aseo del hogar,0,138.7571,-28.6000,13.2527,28.8400,31608.4810,-22.3000,13.1227,27.6400,35908.4580,0,119839.0000,129531.0000
2023-01-01,2023,1,Valle del Cauca,11,Informatica y telecomunicaciones,0,138.9092,-28.6000,13.2527,28.8400,31608.4810,-22.3000,13.1227,27.6400,35908.4580,0,119839.0000,129531.0000
2023-01-01,2023,1,Valle del Cauca,12,Sonido y video,0,81.0803,-28.6000,13.2527,28.8400,31608.4810,-22.3000,13.1227,27.6400,35908.4580,0,119839.0000,129531.0000
2023-01-01,2023,1,Valle del Cauca,14,"Ferreteria, vidrios y pinturas",0,85.6026,-28.6000,13.2527,28.8400,31608.4810,-22.3000,13.1227,27.6400,35908.4580,0,119839.0000,129531.0000
2023-01-01,2023,1,Valle del Cauca,15,Otras mercancias de uso domestico,0,95.6591,-28.6000,13.2527,28.8400,31608.4810,-22.3000,13.1227,27.6400,35908.4580,0,119839.0000,129531.0000
2023-01-01,2023,1,Otros departamentos,4,Prendas de vestir y textiles,0,121.6560,-28.6000,13.2527,28.8400,31608.4810,-22.3000,13.1227,27.6400,35908.4580,0,419091.0000,798278.0000
2023-01-01,2023,1,Otros departamentos,8,Electrodomesticos y muebles,1,124.1695,-28.6000,13.2527,28.8400,31608.4810,-22.3000,13.1227,27.6400,35908.4580,0,419091.0000,798278.0000
2023-01-01,2023,1,Otros departamentos,9,Articulos y utensilios domesticos,0,126.6398,-28.6000,13.2527,28.8400,31608.4810,-22.3000,13.1227,27.6400,35908.4580,0,419091.0000,798278.0000
2023-01-01,2023,1,Otros departamentos,10,Aseo del hogar,0,115.3268,-28.6000,13.2527,28.8400,31608.4810,-22.3000,13.1227,27.6400,35908.4580,0,419091.0000,798278.0000
2023-01-01,2023,1,Otros departamentos,11,Informatica y telecomunicaciones,0,153.5773,-28.6000,13.2527,28.8400,31608.4810,-22.3000,13.1227,27.6400,35908.4580,0,419091.0000,798278.0000
2023-01-01,2023,1,Otros departamentos,12,Sonido y video,0,104.7919,-28.6000,13.2527,28.8400,31608.4810,-22.3000,13.1227,27.6400,35908.4580,0,419091.0000,798278.0000
2023-01-01,2023,1,Otros departamentos,14,"Ferreteria, vidrios y pinturas",0,113.4583,-28.6000,13.2527,28.8400,31608.4810,-22.3000,13.1227,27.6400,35908.4580,0,419091.0000,798278.0000
2023-01-01,2023,1,Otros departamentos,15,Otras mercancias de uso domestico,0,113.2197,-28.6000,13.2527,28.8400,31608.4810,-22.3000,13.1227,27.6400,35908.4580,0,419091.0000,798278.0000
2023-02-01,2023,2,Antioquia,4,Prendas de vestir y textiles,0,83.4997,-27.8000,13.2829,30.1800,29343.9141,-28.6000,13.2527,28.8400,31608.4810,0,273969.0000,271948.0000
2023-02-01,2023,2,Antioquia,8,Electrodomesticos y muebles,1,126.5859,-27.8000,13.2829,30.1800,29343.9141,-28.6000,13.2527,28.8400,31608.4810,0,273969.0000,271948.0000
2023-02-01,2023,2,Antioquia,9,Articulos y utensilios domesticos,0,120.6351,-27.8000,13.2829,30.1800,29343.9141,-28.6000,13.2527,28.8400,31608.4810,0,273969.0000,271948.0000
2023-02-01,2023,2,Antioquia,10,Aseo del hogar,0,105.0748,-27.8000,13.2829,30.1800,29343.9141,-28.6000,13.2527,28.8400,31608.4810,0,273969.0000,271948.0000
2023-02-01,2023,2,Antioquia,11,Informatica y telecomunicaciones,0,203.5753,-27.8000,13.2829,30.1800,29343.9141,-28.6000,13.2527,28.8400,31608.4810,0,273969.0000,271948.0000
2023-02-01,2023,2,Antioquia,12,Sonido y video,0,103.8504,-27.8000,13.2829,30.1800,29343.9141,-28.6000,13.2527,28.8400,31608.4810,0,273969.0000,271948.0000
2023-02-01,2023,2,Antioquia,14,"Ferreteria, vidrios y pinturas",0,97.9450,-27.8000,13.2829,30.1800,29343.9141,-28.6000,13.2527,28.8400,31608.4810,0,273969.0000,271948.0000
2023-02-01,2023,2,Antioquia,15,Otras mercancias de uso domestico,0,89.1908,-27.8000,13.2829,30.1800,29343.9141,-28.6000,13.2527,28.8400,31608.4810,0,273969.0000,271948.0000
2023-02-01,2023,2,Atlantico,4,Prendas de vestir y textiles,0,66.9162,-27.8000,13.2829,30.1800,29343.9141,-28.6000,13.2527,28.8400,31608.4810,0,19433.0000,6492.0000
2023-02-01,2023,2,Atlantico,8,Electrodomesticos y muebles,1,83.9057,-27.8000,13.2829,30.1800,29343.9141,-28.6000,13.2527,28.8400,31608.4810,0,19433.0000,6492.0000
2023-02-01,2023,2,Atlantico,9,Articulos y utensilios domesticos,0,128.6567,-27.8000,13.2829,30.1800,29343.9141,-28.6000,13.2527,28.8400,31608.4810,0,19433.0000,6492.0000
2023-02-01,2023,2,Atlantico,10,Aseo del hogar,0,120.4754,-27.8000,13.2829,30.1800,29343.9141,-28.6000,13.2527,28.8400,31608.4810,0,19433.0000,6492.0000
2023-02-01,2023,2,Atlantico,11,Informatica y telecomunicaciones,0,132.4248,-27.8000,13.2829,30.1800,29343.9141,-28.6000,13.2527,28.8400,31608.4810,0,19433.0000,6492.0000
2023-02-01,2023,2,Atlantico,12,Sonido y video,0,103.0237,-27.8000,13.2829,30.1800,29343.9141,-28.6000,13.2527,28.8400,31608.4810,0,19433.0000,6492.0000
2023-02-01,2023,2,Atlantico,14,"Ferreteria, vidrios y pinturas",0,98.6631,-27.8000,13.2829,30.1800,29343.9141,-28.6000,13.2527,28.8400,31608.4810,0,19433.0000,6492.0000
2023-02-01,2023,2,Atlantico,15,Otras mercancias de uso domestico,0,79.5315,-27.8000,13.2829,30.1800,29343.9141,-28.6000,13.2527,28.8400,31608.4810,0,19433.0000,6492.0000
2023-02-01,2023,2,Bogota,4,Prendas de vestir y textiles,0,75.4451,-27.8000,13.2829,30.1800,29343.9141,-28.6000,13.2527,28.8400,31608.4810,0,330857.0000,665829.0000
2023-02-01,2023,2,Bogota,8,Electrodomesticos y muebles,1,119.9173,-27.8000,13.2829,30.1800,29343.9141,-28.6000,13.2527,28.8400,31608.4810,0,330857.0000,665829.0000
2023-02-01,2023,2,Bogota,9,Articulos y utensilios domesticos,0,127.2950,-27.8000,13.2829,30.1800,29343.9141,-28.6000,13.2527,28.8400,31608.4810,0,330857.0000,665829.0000
2023-02-01,2023,2,Bogota,10,Aseo del hogar,0,112.3260,-27.8000,13.2829,30.1800,29343.9141,-28.6000,13.2527,28.8400,31608.4810,0,330857.0000,665829.0000
2023-02-01,2023,2,Bogota,11,Informatica y telecomunicaciones,0,220.4132,-27.8000,13.2829,30.1800,29343.9141,-28.6000,13.2527,28.8400,31608.4810,0,330857.0000,665829.0000
2023-02-01,2023,2,Bogota,12,Sonido y video,0,104.2873,-27.8000,13.2829,30.1800,29343.9141,-28.6000,13.2527,28.8400,31608.4810,0,330857.0000,665829.0000
2023-02-01,2023,2,Bogota,14,"Ferreteria, vidrios y pinturas",0,126.7748,-27.8000,13.2829,30.1800,29343.9141,-28.6000,13.2527,28.8400,31608.4810,0,330857.0000,665829.0000
2023-02-01,2023,2,Bogota,15,Otras mercancias de uso domestico,0,94.9292,-27.8000,13.2829,30.1800,29343.9141,-28.6000,13.2527,28.8400,31608.4810,0,330857.0000,665829.0000
2023-02-01,2023,2,Cundinamarca,4,Prendas de vestir y textiles,0,93.1469,-27.8000,13.2829,30.1800,29343.9141,-28.6000,13.2527,28.8400,31608.4810,0,191466.0000,130671.0000
2023-02-01,2023,2,Cundinamarca,8,Electrodomesticos y muebles,1,116.1110,-27.8000,13.2829,30.1800,29343.9141,-28.6000,13.2527,28.8400,31608.4810,0,191466.0000,130671.0000
2023-02-01,2023,2,Cundinamarca,9,Articulos y utensilios domesticos,0,147.7374,-27.8000,13.2829,30.1800,29343.9141,-28.6000,13.2527,28.8400,31608.4810,0,191466.0000,130671.0000
2023-02-01,2023,2,Cundinamarca,10,Aseo del hogar,0,129.5733,-27.8000,13.2829,30.1800,29343.9141,-28.6000,13.2527,28.8400,31608.4810,0,191466.0000,130671.0000
2023-02-01,2023,2,Cundinamarca,11,Informatica y telecomunicaciones,0,186.6342,-27.8000,13.2829,30.1800,29343.9141,-28.6000,13.2527,28.8400,31608.4810,0,191466.0000,130671.0000
2023-02-01,2023,2,Cundinamarca,12,Sonido y video,0,98.4398,-27.8000,13.2829,30.1800,29343.9141,-28.6000,13.2527,28.8400,31608.4810,0,191466.0000,130671.0000
2023-02-01,2023,2,Cundinamarca,14,"Ferreteria, vidrios y pinturas",0,124.3990,-27.8000,13.2829,30.1800,29343.9141,-28.6000,13.2527,28.8400,31608.4810,0,191466.0000,130671.0000
2023-02-01,2023,2,Cundinamarca,15,Otras mercancias de uso domestico,0,116.5672,-27.8000,13.2829,30.1800,29343.9141,-28.6000,13.2527,28.8400,31608.4810,0,191466.0000,130671.0000
2023-02-01,2023,2,Santander,4,Prendas de vestir y textiles,0,84.8505,-27.8000,13.2829,30.1800,29343.9141,-28.6000,13.2527,28.8400,31608.4810,0,49235.0000,79291.0000
2023-02-01,2023,2,Santander,8,Electrodomesticos y muebles,1,83.6094,-27.8000,13.2829,30.1800,29343.9141,-28.6000,13.2527,28.8400,31608.4810,0,49235.0000,79291.0000
2023-02-01,2023,2,Santander,9,Articulos y utensilios domesticos,0,114.5722,-27.8000,13.2829,30.1800,29343.9141,-28.6000,13.2527,28.8400,31608.4810,0,49235.0000,79291.0000
2023-02-01,2023,2,Santander,10,Aseo del hogar,0,91.1489,-27.8000,13.2829,30.1800,29343.9141,-28.6000,13.2527,28.8400,31608.4810,0,49235.0000,79291.0000
2023-02-01,2023,2,Santander,11,Informatica y telecomunicaciones,0,152.0307,-27.8000,13.2829,30.1800,29343.9141,-28.6000,13.2527,28.8400,31608.4810,0,49235.0000,79291.0000
2023-02-01,2023,2,Santander,12,Sonido y video,0,75.8472,-27.8000,13.2829,30.1800,29343.9141,-28.6000,13.2527,28.8400,31608.4810,0,49235.0000,79291.0000
2023-02-01,2023,2,Santander,14,"Ferreteria, vidrios y pinturas",0,78.4939,-27.8000,13.2829,30.1800,29343.9141,-28.6000,13.2527,28.8400,31608.4810,0,49235.0000,79291.0000
2023-02-01,2023,2,Santander,15,Otras mercancias de uso domestico,0,91.3597,-27.8000,13.2829,30.1800,29343.9141,-28.6000,13.2527,28.8400,31608.4810,0,49235.0000,79291.0000
2023-02-01,2023,2,Valle del Cauca,4,Prendas de vestir y textiles,0,73.6979,-27.8000,13.2829,30.1800,29343.9141,-28.6000,13.2527,28.8400,31608.4810,0,57154.0000,119839.0000
2023-02-01,2023,2,Valle del Cauca,8,Electrodomesticos y muebles,1,71.7149,-27.8000,13.2829,30.1800,29343.9141,-28.6000,13.2527,28.8400,31608.4810,0,57154.0000,119839.0000
2023-02-01,2023,2,Valle del Cauca,9,Articulos y utensilios domesticos,0,95.5197,-27.8000,13.2829,30.1800,29343.9141,-28.6000,13.2527,28.8400,31608.4810,0,57154.0000,119839.0000
2023-02-01,2023,2,Valle del Cauca,10,Aseo del hogar,0,108.5452,-27.8000,13.2829,30.1800,29343.9141,-28.6000,13.2527,28.8400,31608.4810,0,57154.0000,119839.0000
2023-02-01,2023,2,Valle del Cauca,11,Informatica y telecomunicaciones,0,154.0800,-27.8000,13.2829,30.1800,29343.9141,-28.6000,13.2527,28.8400,31608.4810,0,57154.0000,119839.0000
2023-02-01,2023,2,Valle del Cauca,12,Sonido y video,0,81.0355,-27.8000,13.2829,30.1800,29343.9141,-28.6000,13.2527,28.8400,31608.4810,0,57154.0000,119839.0000
2023-02-01,2023,2,Valle del Cauca,14,"Ferreteria, vidrios y pinturas",0,100.2328,-27.8000,13.2829,30.1800,29343.9141,-28.6000,13.2527,28.8400,31608.4810,0,57154.0000,119839.0000
2023-02-01,2023,2,Valle del Cauca,15,Otras mercancias de uso domestico,0,77.0935,-27.8000,13.2829,30.1800,29343.9141,-28.6000,13.2527,28.8400,31608.4810,0,57154.0000,119839.0000
2023-02-01,2023,2,Otros departamentos,4,Prendas de vestir y textiles,0,91.7236,-27.8000,13.2829,30.1800,29343.9141,-28.6000,13.2527,28.8400,31608.4810,0,409273.0000,419091.0000
2023-02-01,2023,2,Otros departamentos,8,Electrodomesticos y muebles,1,99.1002,-27.8000,13.2829,30.1800,29343.9141,-28.6000,13.2527,28.8400,31608.4810,0,409273.0000,419091.0000
2023-02-01,2023,2,Otros departamentos,9,Articulos y utensilios domesticos,0,107.2381,-27.8000,13.2829,30.1800,29343.9141,-28.6000,13.2527,28.8400,31608.4810,0,409273.0000,419091.0000
2023-02-01,2023,2,Otros departamentos,10,Aseo del hogar,0,118.4713,-27.8000,13.2829,30.1800,29343.9141,-28.6000,13.2527,28.8400,31608.4810,0,409273.0000,419091.0000
2023-02-01,2023,2,Otros departamentos,11,Informatica y telecomunicaciones,0,164.9139,-27.8000,13.2829,30.1800,29343.9141,-28.6000,13.2527,28.8400,31608.4810,0,409273.0000,419091.0000
2023-02-01,2023,2,Otros departamentos,12,Sonido y video,0,99.6186,-27.8000,13.2829,30.1800,29343.9141,-28.6000,13.2527,28.8400,31608.4810,0,409273.0000,419091.0000
2023-02-01,2023,2,Otros departamentos,14,"Ferreteria, vidrios y pinturas",0,111.8302,-27.8000,13.2829,30.1800,29343.9141,-28.6000,13.2527,28.8400,31608.4810,0,409273.0000,419091.0000
2023-02-01,2023,2,Otros departamentos,15,Otras mercancias de uso domestico,0,108.8757,-27.8000,13.2829,30.1800,29343.9141,-28.6000,13.2527,28.8400,31608.4810,0,409273.0000,419091.0000
2023-03-01,2023,3,Antioquia,4,Prendas de vestir y textiles,0,87.2284,-28.5000,13.3408,30.8400,29982.9084,-27.8000,13.2829,30.1800,29343.9141,0,207498.0000,273969.0000
2023-03-01,2023,3,Antioquia,8,Electrodomesticos y muebles,1,136.1210,-28.5000,13.3408,30.8400,29982.9084,-27.8000,13.2829,30.1800,29343.9141,0,207498.0000,273969.0000
2023-03-01,2023,3,Antioquia,9,Articulos y utensilios domesticos,0,140.0627,-28.5000,13.3408,30.8400,29982.9084,-27.8000,13.2829,30.1800,29343.9141,0,207498.0000,273969.0000
2023-03-01,2023,3,Antioquia,10,Aseo del hogar,0,124.0336,-28.5000,13.3408,30.8400,29982.9084,-27.8000,13.2829,30.1800,29343.9141,0,207498.0000,273969.0000
2023-03-01,2023,3,Antioquia,11,Informatica y telecomunicaciones,0,200.5596,-28.5000,13.3408,30.8400,29982.9084,-27.8000,13.2829,30.1800,29343.9141,0,207498.0000,273969.0000
2023-03-01,2023,3,Antioquia,12,Sonido y video,0,113.3641,-28.5000,13.3408,30.8400,29982.9084,-27.8000,13.2829,30.1800,29343.9141,0,207498.0000,273969.0000
2023-03-01,2023,3,Antioquia,14,"Ferreteria, vidrios y pinturas",0,102.1839,-28.5000,13.3408,30.8400,29982.9084,-27.8000,13.2829,30.1800,29343.9141,0,207498.0000,273969.0000
2023-03-01,2023,3,Antioquia,15,Otras mercancias de uso domestico,0,107.2243,-28.5000,13.3408,30.8400,29982.9084,-27.8000,13.2829,30.1800,29343.9141,0,207498.0000,273969.0000
2023-03-01,2023,3,Atlantico,4,Prendas de vestir y textiles,0,82.8180,-28.5000,13.3408,30.8400,29982.9084,-27.8000,13.2829,30.1800,29343.9141,0,11570.0000,19433.0000
2023-03-01,2023,3,Atlantico,8,Electrodomesticos y muebles,1,96.9738,-28.5000,13.3408,30.8400,29982.9084,-27.8000,13.2829,30.1800,29343.9141,0,11570.0000,19433.0000
2023-03-01,2023,3,Atlantico,9,Articulos y utensilios domesticos,0,151.5431,-28.5000,13.3408,30.8400,29982.9084,-27.8000,13.2829,30.1800,29343.9141,0,11570.0000,19433.0000
2023-03-01,2023,3,Atlantico,10,Aseo del hogar,0,114.9939,-28.5000,13.3408,30.8400,29982.9084,-27.8000,13.2829,30.1800,29343.9141,0,11570.0000,19433.0000
2023-03-01,2023,3,Atlantico,11,Informatica y telecomunicaciones,0,183.4993,-28.5000,13.3408,30.8400,29982.9084,-27.8000,13.2829,30.1800,29343.9141,0,11570.0000,19433.0000
2023-03-01,2023,3,Atlantico,12,Sonido y video,0,129.8781,-28.5000,13.3408,30.8400,29982.9084,-27.8000,13.2829,30.1800,29343.9141,0,11570.0000,19433.0000
2023-03-01,2023,3,Atlantico,14,"Ferreteria, vidrios y pinturas",0,114.0147,-28.5000,13.3408,30.8400,29982.9084,-27.8000,13.2829,30.1800,29343.9141,0,11570.0000,19433.0000
2023-03-01,2023,3,Atlantico,15,Otras mercancias de uso domestico,0,97.2137,-28.5000,13.3408,30.8400,29982.9084,-27.8000,13.2829,30.1800,29343.9141,0,11570.0000,19433.0000
2023-03-01,2023,3,Bogota,4,Prendas de vestir y textiles,0,89.1151,-28.5000,13.3408,30.8400,29982.9084,-27.8000,13.2829,30.1800,29343.9141,0,218431.0000,330857.0000
2023-03-01,2023,3,Bogota,8,Electrodomesticos y muebles,1,109.0988,-28.5000,13.3408,30.8400,29982.9084,-27.8000,13.2829,30.1800,29343.9141,0,218431.0000,330857.0000
2023-03-01,2023,3,Bogota,9,Articulos y utensilios domesticos,0,141.6655,-28.5000,13.3408,30.8400,29982.9084,-27.8000,13.2829,30.1800,29343.9141,0,218431.0000,330857.0000
2023-03-01,2023,3,Bogota,10,Aseo del hogar,0,121.7811,-28.5000,13.3408,30.8400,29982.9084,-27.8000,13.2829,30.1800,29343.9141,0,218431.0000,330857.0000
2023-03-01,2023,3,Bogota,11,Informatica y telecomunicaciones,0,199.7539,-28.5000,13.3408,30.8400,29982.9084,-27.8000,13.2829,30.1800,29343.9141,0,218431.0000,330857.0000
2023-03-01,2023,3,Bogota,12,Sonido y video,0,124.8550,-28.5000,13.3408,30.8400,29982.9084,-27.8000,13.2829,30.1800,29343.9141,0,218431.0000,330857.0000
2023-03-01,2023,3,Bogota,14,"Ferreteria, vidrios y pinturas",0,109.5019,-28.5000,13.3408,30.8400,29982.9084,-27.8000,13.2829,30.1800,29343.9141,0,218431.0000,330857.0000
2023-03-01,2023,3,Bogota,15,Otras mercancias de uso domestico,0,102.9426,-28.5000,13.3408,30.8400,29982.9084,-27.8000,13.2829,30.1800,29343.9141,0,218431.0000,330857.0000
2023-03-01,2023,3,Cundinamarca,4,Prendas de vestir y textiles,0,105.1770,-28.5000,13.3408,30.8400,29982.9084,-27.8000,13.2829,30.1800,29343.9141,0,216266.0000,191466.0000
2023-03-01,2023,3,Cundinamarca,8,Electrodomesticos y muebles,1,121.4112,-28.5000,13.3408,30.8400,29982.9084,-27.8000,13.2829,30.1800,29343.9141,0,216266.0000,191466.0000
2023-03-01,2023,3,Cundinamarca,9,Articulos y utensilios domesticos,0,170.7301,-28.5000,13.3408,30.8400,29982.9084,-27.8000,13.2829,30.1800,29343.9141,0,216266.0000,191466.0000
2023-03-01,2023,3,Cundinamarca,10,Aseo del hogar,0,144.4454,-28.5000,13.3408,30.8400,29982.9084,-27.8000,13.2829,30.1800,29343.9141,0,216266.0000,191466.0000
2023-03-01,2023,3,Cundinamarca,11,Informatica y telecomunicaciones,0,212.6286,-28.5000,13.3408,30.8400,29982.9084,-27.8000,13.2829,30.1800,29343.9141,0,216266.0000,191466.0000
2023-03-01,2023,3,Cundinamarca,12,Sonido y video,0,135.8493,-28.5000,13.3408,30.8400,29982.9084,-27.8000,13.2829,30.1800,29343.9141,0,216266.0000,191466.0000
2023-03-01,2023,3,Cundinamarca,14,"Ferreteria, vidrios y pinturas",0,127.0141,-28.5000,13.3408,30.8400,29982.9084,-27.8000,13.2829,30.1800,29343.9141,0,216266.0000,191466.0000
2023-03-01,2023,3,Cundinamarca,15,Otras mercancias de uso domestico,0,172.2814,-28.5000,13.3408,30.8400,29982.9084,-27.8000,13.2829,30.1800,29343.9141,0,216266.0000,191466.0000
2023-03-01,2023,3,Santander,4,Prendas de vestir y textiles,0,84.1203,-28.5000,13.3408,30.8400,29982.9084,-27.8000,13.2829,30.1800,29343.9141,0,63883.0000,49235.0000
2023-03-01,2023,3,Santander,8,Electrodomesticos y muebles,1,81.8122,-28.5000,13.3408,30.8400,29982.9084,-27.8000,13.2829,30.1800,29343.9141,0,63883.0000,49235.0000
2023-03-01,2023,3,Santander,9,Articulos y utensilios domesticos,0,112.6949,-28.5000,13.3408,30.8400,29982.9084,-27.8000,13.2829,30.1800,29343.9141,0,63883.0000,49235.0000
2023-03-01,2023,3,Santander,10,Aseo del hogar,0,112.4347,-28.5000,13.3408,30.8400,29982.9084,-27.8000,13.2829,30.1800,29343.9141,0,63883.0000,49235.0000
2023-03-01,2023,3,Santander,11,Informatica y telecomunicaciones,0,168.5698,-28.5000,13.3408,30.8400,29982.9084,-27.8000,13.2829,30.1800,29343.9141,0,63883.0000,49235.0000
2023-03-01,2023,3,Santander,12,Sonido y video,0,81.6390,-28.5000,13.3408,30.8400,29982.9084,-27.8000,13.2829,30.1800,29343.9141,0,63883.0000,49235.0000
2023-03-01,2023,3,Santander,14,"Ferreteria, vidrios y pinturas",0,97.9414,-28.5000,13.3408,30.8400,29982.9084,-27.8000,13.2829,30.1800,29343.9141,0,63883.0000,49235.0000
2023-03-01,2023,3,Santander,15,Otras mercancias de uso domestico,0,96.5304,-28.5000,13.3408,30.8400,29982.9084,-27.8000,13.2829,30.1800,29343.9141,0,63883.0000,49235.0000
2023-03-01,2023,3,Valle del Cauca,4,Prendas de vestir y textiles,0,81.4158,-28.5000,13.3408,30.8400,29982.9084,-27.8000,13.2829,30.1800,29343.9141,0,90993.0000,57154.0000
2023-03-01,2023,3,Valle del Cauca,8,Electrodomesticos y muebles,1,90.3775,-28.5000,13.3408,30.8400,29982.9084,-27.8000,13.2829,30.1800,29343.9141,0,90993.0000,57154.0000
2023-03-01,2023,3,Valle del Cauca,9,Articulos y utensilios domesticos,0,112.0569,-28.5000,13.3408,30.8400,29982.9084,-27.8000,13.2829,30.1800,29343.9141,0,90993.0000,57154.0000
2023-03-01,2023,3,Valle del Cauca,10,Aseo del hogar,0,138.3148,-28.5000,13.3408,30.8400,29982.9084,-27.8000,13.2829,30.1800,29343.9141,0,90993.0000,57154.0000
2023-03-01,2023,3,Valle del Cauca,11,Informatica y telecomunicaciones,0,144.1842,-28.5000,13.3408,30.8400,29982.9084,-27.8000,13.2829,30.1800,29343.9141,0,90993.0000,57154.0000
2023-03-01,2023,3,Valle del Cauca,12,Sonido y video,0,87.4705,-28.5000,13.3408,30.8400,29982.9084,-27.8000,13.2829,30.1800,29343.9141,0,90993.0000,57154.0000
2023-03-01,2023,3,Valle del Cauca,14,"Ferreteria, vidrios y pinturas",0,98.3152,-28.5000,13.3408,30.8400,29982.9084,-27.8000,13.2829,30.1800,29343.9141,0,90993.0000,57154.0000
2023-03-01,2023,3,Valle del Cauca,15,Otras mercancias de uso domestico,0,112.0448,-28.5000,13.3408,30.8400,29982.9084,-27.8000,13.2829,30.1800,29343.9141,0,90993.0000,57154.0000
2023-03-01,2023,3,Otros departamentos,4,Prendas de vestir y textiles,0,109.6867,-28.5000,13.3408,30.8400,29982.9084,-27.8000,13.2829,30.1800,29343.9141,0,547698.0000,409273.0000
2023-03-01,2023,3,Otros departamentos,8,Electrodomesticos y muebles,1,119.4048,-28.5000,13.3408,30.8400,29982.9084,-27.8000,13.2829,30.1800,29343.9141,0,547698.0000,409273.0000
2023-03-01,2023,3,Otros departamentos,9,Articulos y utensilios domesticos,0,112.7354,-28.5000,13.3408,30.8400,29982.9084,-27.8000,13.2829,30.1800,29343.9141,0,547698.0000,409273.0000
2023-03-01,2023,3,Otros departamentos,10,Aseo del hogar,0,111.0674,-28.5000,13.3408,30.8400,29982.9084,-27.8000,13.2829,30.1800,29343.9141,0,547698.0000,409273.0000
2023-03-01,2023,3,Otros departamentos,11,Informatica y telecomunicaciones,0,172.9157,-28.5000,13.3408,30.8400,29982.9084,-27.8000,13.2829,30.1800,29343.9141,0,547698.0000,409273.0000
2023-03-01,2023,3,Otros departamentos,12,Sonido y video,0,104.2203,-28.5000,13.3408,30.8400,29982.9084,-27.8000,13.2829,30.1800,29343.9141,0,547698.0000,409273.0000
2023-03-01,2023,3,Otros departamentos,14,"Ferreteria, vidrios y pinturas",0,132.0881,-28.5000,13.3408,30.8400,29982.9084,-27.8000,13.2829,30.1800,29343.9141,0,547698.0000,409273.0000
2023-03-01,2023,3,Otros departamentos,15,Otras mercancias de uso domestico,0,111.4121,-28.5000,13.3408,30.8400,29982.9084,-27.8000,13.2829,30.1800,29343.9141,0,547698.0000,409273.0000
2023-04-01,2023,4,Antioquia,4,Prendas de vestir y textiles,0,95.1997,-28.8000,12.8196,31.3900,30702.9339,-28.5000,13.3408,30.8400,29982.9084,0,171273.0000,207498.0000
2023-04-01,2023,4,Antioquia,8,Electrodomesticos y muebles,1,124.9458,-28.8000,12.8196,31.3900,30702.9339,-28.5000,13.3408,30.8400,29982.9084,0,171273.0000,207498.0000
2023-04-01,2023,4,Antioquia,9,Articulos y utensilios domesticos,0,113.0633,-28.8000,12.8196,31.3900,30702.9339,-28.5000,13.3408,30.8400,29982.9084,0,171273.0000,207498.0000
2023-04-01,2023,4,Antioquia,10,Aseo del hogar,0,119.5747,-28.8000,12.8196,31.3900,30702.9339,-28.5000,13.3408,30.8400,29982.9084,0,171273.0000,207498.0000
2023-04-01,2023,4,Antioquia,11,Informatica y telecomunicaciones,0,160.0443,-28.8000,12.8196,31.3900,30702.9339,-28.5000,13.3408,30.8400,29982.9084,0,171273.0000,207498.0000
2023-04-01,2023,4,Antioquia,12,Sonido y video,0,107.3919,-28.8000,12.8196,31.3900,30702.9339,-28.5000,13.3408,30.8400,29982.9084,0,171273.0000,207498.0000
2023-04-01,2023,4,Antioquia,14,"Ferreteria, vidrios y pinturas",0,88.6724,-28.8000,12.8196,31.3900,30702.9339,-28.5000,13.3408,30.8400,29982.9084,0,171273.0000,207498.0000
2023-04-01,2023,4,Antioquia,15,Otras mercancias de uso domestico,0,97.7314,-28.8000,12.8196,31.3900,30702.9339,-28.5000,13.3408,30.8400,29982.9084,0,171273.0000,207498.0000
2023-04-01,2023,4,Atlantico,4,Prendas de vestir y textiles,0,90.6372,-28.8000,12.8196,31.3900,30702.9339,-28.5000,13.3408,30.8400,29982.9084,0,10405.0000,11570.0000
2023-04-01,2023,4,Atlantico,8,Electrodomesticos y muebles,1,91.2726,-28.8000,12.8196,31.3900,30702.9339,-28.5000,13.3408,30.8400,29982.9084,0,10405.0000,11570.0000
2023-04-01,2023,4,Atlantico,9,Articulos y utensilios domesticos,0,130.6242,-28.8000,12.8196,31.3900,30702.9339,-28.5000,13.3408,30.8400,29982.9084,0,10405.0000,11570.0000
2023-04-01,2023,4,Atlantico,10,Aseo del hogar,0,112.0087,-28.8000,12.8196,31.3900,30702.9339,-28.5000,13.3408,30.8400,29982.9084,0,10405.0000,11570.0000
2023-04-01,2023,4,Atlantico,11,Informatica y telecomunicaciones,0,147.3502,-28.8000,12.8196,31.3900,30702.9339,-28.5000,13.3408,30.8400,29982.9084,0,10405.0000,11570.0000
2023-04-01,2023,4,Atlantico,12,Sonido y video,0,122.3084,-28.8000,12.8196,31.3900,30702.9339,-28.5000,13.3408,30.8400,29982.9084,0,10405.0000,11570.0000
2023-04-01,2023,4,Atlantico,14,"Ferreteria, vidrios y pinturas",0,93.4275,-28.8000,12.8196,31.3900,30702.9339,-28.5000,13.3408,30.8400,29982.9084,0,10405.0000,11570.0000
2023-04-01,2023,4,Atlantico,15,Otras mercancias de uso domestico,0,88.8036,-28.8000,12.8196,31.3900,30702.9339,-28.5000,13.3408,30.8400,29982.9084,0,10405.0000,11570.0000
2023-04-01,2023,4,Bogota,4,Prendas de vestir y textiles,0,86.9843,-28.8000,12.8196,31.3900,30702.9339,-28.5000,13.3408,30.8400,29982.9084,0,176182.0000,218431.0000
2023-04-01,2023,4,Bogota,8,Electrodomesticos y muebles,1,95.3386,-28.8000,12.8196,31.3900,30702.9339,-28.5000,13.3408,30.8400,29982.9084,0,176182.0000,218431.0000
2023-04-01,2023,4,Bogota,9,Articulos y utensilios domesticos,0,159.2220,-28.8000,12.8196,31.3900,30702.9339,-28.5000,13.3408,30.8400,29982.9084,0,176182.0000,218431.0000
2023-04-01,2023,4,Bogota,10,Aseo del hogar,0,113.1660,-28.8000,12.8196,31.3900,30702.9339,-28.5000,13.3408,30.8400,29982.9084,0,176182.0000,218431.0000
2023-04-01,2023,4,Bogota,11,Informatica y telecomunicaciones,0,153.8631,-28.8000,12.8196,31.3900,30702.9339,-28.5000,13.3408,30.8400,29982.9084,0,176182.0000,218431.0000
2023-04-01,2023,4,Bogota,12,Sonido y video,0,125.0308,-28.8000,12.8196,31.3900,30702.9339,-28.5000,13.3408,30.8400,29982.9084,0,176182.0000,218431.0000
2023-04-01,2023,4,Bogota,14,"Ferreteria, vidrios y pinturas",0,90.5885,-28.8000,12.8196,31.3900,30702.9339,-28.5000,13.3408,30.8400,29982.9084,0,176182.0000,218431.0000
2023-04-01,2023,4,Bogota,15,Otras mercancias de uso domestico,0,101.6569,-28.8000,12.8196,31.3900,30702.9339,-28.5000,13.3408,30.8400,29982.9084,0,176182.0000,218431.0000
2023-04-01,2023,4,Cundinamarca,4,Prendas de vestir y textiles,0,101.8302,-28.8000,12.8196,31.3900,30702.9339,-28.5000,13.3408,30.8400,29982.9084,0,183589.0000,216266.0000
2023-04-01,2023,4,Cundinamarca,8,Electrodomesticos y muebles,1,123.7647,-28.8000,12.8196,31.3900,30702.9339,-28.5000,13.3408,30.8400,29982.9084,0,183589.0000,216266.0000
2023-04-01,2023,4,Cundinamarca,9,Articulos y utensilios domesticos,0,143.2752,-28.8000,12.8196,31.3900,30702.9339,-28.5000,13.3408,30.8400,29982.9084,0,183589.0000,216266.0000
2023-04-01,2023,4,Cundinamarca,10,Aseo del hogar,0,151.6701,-28.8000,12.8196,31.3900,30702.9339,-28.5000,13.3408,30.8400,29982.9084,0,183589.0000,216266.0000
2023-04-01,2023,4,Cundinamarca,11,Informatica y telecomunicaciones,0,167.6567,-28.8000,12.8196,31.3900,30702.9339,-28.5000,13.3408,30.8400,29982.9084,0,183589.0000,216266.0000
2023-04-01,2023,4,Cundinamarca,12,Sonido y video,0,120.5013,-28.8000,12.8196,31.3900,30702.9339,-28.5000,13.3408,30.8400,29982.9084,0,183589.0000,216266.0000
2023-04-01,2023,4,Cundinamarca,14,"Ferreteria, vidrios y pinturas",0,125.0239,-28.8000,12.8196,31.3900,30702.9339,-28.5000,13.3408,30.8400,29982.9084,0,183589.0000,216266.0000
2023-04-01,2023,4,Cundinamarca,15,Otras mercancias de uso domestico,0,142.1725,-28.8000,12.8196,31.3900,30702.9339,-28.5000,13.3408,30.8400,29982.9084,0,183589.0000,216266.0000
2023-04-01,2023,4,Santander,4,Prendas de vestir y textiles,0,115.8723,-28.8000,12.8196,31.3900,30702.9339,-28.5000,13.3408,30.8400,29982.9084,0,47797.0000,63883.0000
2023-04-01,2023,4,Santander,8,Electrodomesticos y muebles,1,80.1850,-28.8000,12.8196,31.3900,30702.9339,-28.5000,13.3408,30.8400,29982.9084,0,47797.0000,63883.0000
2023-04-01,2023,4,Santander,9,Articulos y utensilios domesticos,0,117.6480,-28.8000,12.8196,31.3900,30702.9339,-28.5000,13.3408,30.8400,29982.9084,0,47797.0000,63883.0000
2023-04-01,2023,4,Santander,10,Aseo del hogar,0,132.7075,-28.8000,12.8196,31.3900,30702.9339,-28.5000,13.3408,30.8400,29982.9084,0,47797.0000,63883.0000
2023-04-01,2023,4,Santander,11,Informatica y telecomunicaciones,0,134.0582,-28.8000,12.8196,31.3900,30702.9339,-28.5000,13.3408,30.8400,29982.9084,0,47797.0000,63883.0000
2023-04-01,2023,4,Santander,12,Sonido y video,0,74.4593,-28.8000,12.8196,31.3900,30702.9339,-28.5000,13.3408,30.8400,29982.9084,0,47797.0000,63883.0000
2023-04-01,2023,4,Santander,14,"Ferreteria, vidrios y pinturas",0,82.1226,-28.8000,12.8196,31.3900,30702.9339,-28.5000,13.3408,30.8400,29982.9084,0,47797.0000,63883.0000
2023-04-01,2023,4,Santander,15,Otras mercancias de uso domestico,0,103.6042,-28.8000,12.8196,31.3900,30702.9339,-28.5000,13.3408,30.8400,29982.9084,0,47797.0000,63883.0000
2023-04-01,2023,4,Valle del Cauca,4,Prendas de vestir y textiles,0,72.2434,-28.8000,12.8196,31.3900,30702.9339,-28.5000,13.3408,30.8400,29982.9084,0,116271.0000,90993.0000
2023-04-01,2023,4,Valle del Cauca,8,Electrodomesticos y muebles,1,88.6749,-28.8000,12.8196,31.3900,30702.9339,-28.5000,13.3408,30.8400,29982.9084,0,116271.0000,90993.0000
2023-04-01,2023,4,Valle del Cauca,9,Articulos y utensilios domesticos,0,114.7954,-28.8000,12.8196,31.3900,30702.9339,-28.5000,13.3408,30.8400,29982.9084,0,116271.0000,90993.0000
2023-04-01,2023,4,Valle del Cauca,10,Aseo del hogar,0,144.6938,-28.8000,12.8196,31.3900,30702.9339,-28.5000,13.3408,30.8400,29982.9084,0,116271.0000,90993.0000
2023-04-01,2023,4,Valle del Cauca,11,Informatica y telecomunicaciones,0,151.6406,-28.8000,12.8196,31.3900,30702.9339,-28.5000,13.3408,30.8400,29982.9084,0,116271.0000,90993.0000
2023-04-01,2023,4,Valle del Cauca,12,Sonido y video,0,90.9811,-28.8000,12.8196,31.3900,30702.9339,-28.5000,13.3408,30.8400,29982.9084,0,116271.0000,90993.0000
2023-04-01,2023,4,Valle del Cauca,14,"Ferreteria, vidrios y pinturas",0,98.0422,-28.8000,12.8196,31.3900,30702.9339,-28.5000,13.3408,30.8400,29982.9084,0,116271.0000,90993.0000
2023-04-01,2023,4,Valle del Cauca,15,Otras mercancias de uso domestico,0,104.8230,-28.8000,12.8196,31.3900,30702.9339,-28.5000,13.3408,30.8400,29982.9084,0,116271.0000,90993.0000
2023-04-01,2023,4,Otros departamentos,4,Prendas de vestir y textiles,0,104.9352,-28.8000,12.8196,31.3900,30702.9339,-28.5000,13.3408,30.8400,29982.9084,0,465250.0000,547698.0000
2023-04-01,2023,4,Otros departamentos,8,Electrodomesticos y muebles,1,94.2404,-28.8000,12.8196,31.3900,30702.9339,-28.5000,13.3408,30.8400,29982.9084,0,465250.0000,547698.0000
2023-04-01,2023,4,Otros departamentos,9,Articulos y utensilios domesticos,0,110.7940,-28.8000,12.8196,31.3900,30702.9339,-28.5000,13.3408,30.8400,29982.9084,0,465250.0000,547698.0000
2023-04-01,2023,4,Otros departamentos,10,Aseo del hogar,0,110.4109,-28.8000,12.8196,31.3900,30702.9339,-28.5000,13.3408,30.8400,29982.9084,0,465250.0000,547698.0000
2023-04-01,2023,4,Otros departamentos,11,Informatica y telecomunicaciones,0,166.4845,-28.8000,12.8196,31.3900,30702.9339,-28.5000,13.3408,30.8400,29982.9084,0,465250.0000,547698.0000
2023-04-01,2023,4,Otros departamentos,12,Sonido y video,0,83.9939,-28.8000,12.8196,31.3900,30702.9339,-28.5000,13.3408,30.8400,29982.9084,0,465250.0000,547698.0000
2023-04-01,2023,4,Otros departamentos,14,"Ferreteria, vidrios y pinturas",0,107.0481,-28.8000,12.8196,31.3900,30702.9339,-28.5000,13.3408,30.8400,29982.9084,0,465250.0000,547698.0000
2023-04-01,2023,4,Otros departamentos,15,Otras mercancias de uso domestico,0,106.7716,-28.8000,12.8196,31.3900,30702.9339,-28.5000,13.3408,30.8400,29982.9084,0,465250.0000,547698.0000
2023-05-01,2023,5,Antioquia,4,Prendas de vestir y textiles,0,113.2029,-22.8000,12.3673,30.2700,29112.9677,-28.8000,12.8196,31.3900,30702.9339,0,186846.0000,171273.0000
2023-05-01,2023,5,Antioquia,8,Electrodomesticos y muebles,1,153.4858,-22.8000,12.3673,30.2700,29112.9677,-28.8000,12.8196,31.3900,30702.9339,0,186846.0000,171273.0000
2023-05-01,2023,5,Antioquia,9,Articulos y utensilios domesticos,0,122.3399,-22.8000,12.3673,30.2700,29112.9677,-28.8000,12.8196,31.3900,30702.9339,0,186846.0000,171273.0000
2023-05-01,2023,5,Antioquia,10,Aseo del hogar,0,104.8019,-22.8000,12.3673,30.2700,29112.9677,-28.8000,12.8196,31.3900,30702.9339,0,186846.0000,171273.0000
2023-05-01,2023,5,Antioquia,11,Informatica y telecomunicaciones,0,132.1088,-22.8000,12.3673,30.2700,29112.9677,-28.8000,12.8196,31.3900,30702.9339,0,186846.0000,171273.0000
2023-05-01,2023,5,Antioquia,12,Sonido y video,0,113.6757,-22.8000,12.3673,30.2700,29112.9677,-28.8000,12.8196,31.3900,30702.9339,0,186846.0000,171273.0000
2023-05-01,2023,5,Antioquia,14,"Ferreteria, vidrios y pinturas",0,91.2996,-22.8000,12.3673,30.2700,29112.9677,-28.8000,12.8196,31.3900,30702.9339,0,186846.0000,171273.0000
2023-05-01,2023,5,Antioquia,15,Otras mercancias de uso domestico,0,107.0739,-22.8000,12.3673,30.2700,29112.9677,-28.8000,12.8196,31.3900,30702.9339,0,186846.0000,171273.0000
2023-05-01,2023,5,Atlantico,4,Prendas de vestir y textiles,0,117.1372,-22.8000,12.3673,30.2700,29112.9677,-28.8000,12.8196,31.3900,30702.9339,0,293618.0000,10405.0000
2023-05-01,2023,5,Atlantico,8,Electrodomesticos y muebles,1,89.1805,-22.8000,12.3673,30.2700,29112.9677,-28.8000,12.8196,31.3900,30702.9339,0,293618.0000,10405.0000
2023-05-01,2023,5,Atlantico,9,Articulos y utensilios domesticos,0,135.2290,-22.8000,12.3673,30.2700,29112.9677,-28.8000,12.8196,31.3900,30702.9339,0,293618.0000,10405.0000
2023-05-01,2023,5,Atlantico,10,Aseo del hogar,0,123.6091,-22.8000,12.3673,30.2700,29112.9677,-28.8000,12.8196,31.3900,30702.9339,0,293618.0000,10405.0000
2023-05-01,2023,5,Atlantico,11,Informatica y telecomunicaciones,0,164.7364,-22.8000,12.3673,30.2700,29112.9677,-28.8000,12.8196,31.3900,30702.9339,0,293618.0000,10405.0000
2023-05-01,2023,5,Atlantico,12,Sonido y video,0,89.7616,-22.8000,12.3673,30.2700,29112.9677,-28.8000,12.8196,31.3900,30702.9339,0,293618.0000,10405.0000
2023-05-01,2023,5,Atlantico,14,"Ferreteria, vidrios y pinturas",0,92.0505,-22.8000,12.3673,30.2700,29112.9677,-28.8000,12.8196,31.3900,30702.9339,0,293618.0000,10405.0000
2023-05-01,2023,5,Atlantico,15,Otras mercancias de uso domestico,0,78.8854,-22.8000,12.3673,30.2700,29112.9677,-28.8000,12.8196,31.3900,30702.9339,0,293618.0000,10405.0000
2023-05-01,2023,5,Bogota,4,Prendas de vestir y textiles,0,107.7537,-22.8000,12.3673,30.2700,29112.9677,-28.8000,12.8196,31.3900,30702.9339,0,174214.0000,176182.0000
2023-05-01,2023,5,Bogota,8,Electrodomesticos y muebles,1,115.8688,-22.8000,12.3673,30.2700,29112.9677,-28.8000,12.8196,31.3900,30702.9339,0,174214.0000,176182.0000
2023-05-01,2023,5,Bogota,9,Articulos y utensilios domesticos,0,112.1283,-22.8000,12.3673,30.2700,29112.9677,-28.8000,12.8196,31.3900,30702.9339,0,174214.0000,176182.0000
2023-05-01,2023,5,Bogota,10,Aseo del hogar,0,108.8149,-22.8000,12.3673,30.2700,29112.9677,-28.8000,12.8196,31.3900,30702.9339,0,174214.0000,176182.0000
2023-05-01,2023,5,Bogota,11,Informatica y telecomunicaciones,0,170.6590,-22.8000,12.3673,30.2700,29112.9677,-28.8000,12.8196,31.3900,30702.9339,0,174214.0000,176182.0000
2023-05-01,2023,5,Bogota,12,Sonido y video,0,118.6116,-22.8000,12.3673,30.2700,29112.9677,-28.8000,12.8196,31.3900,30702.9339,0,174214.0000,176182.0000
2023-05-01,2023,5,Bogota,14,"Ferreteria, vidrios y pinturas",0,103.5328,-22.8000,12.3673,30.2700,29112.9677,-28.8000,12.8196,31.3900,30702.9339,0,174214.0000,176182.0000
2023-05-01,2023,5,Bogota,15,Otras mercancias de uso domestico,0,97.1597,-22.8000,12.3673,30.2700,29112.9677,-28.8000,12.8196,31.3900,30702.9339,0,174214.0000,176182.0000
2023-05-01,2023,5,Cundinamarca,4,Prendas de vestir y textiles,0,99.8034,-22.8000,12.3673,30.2700,29112.9677,-28.8000,12.8196,31.3900,30702.9339,0,223963.0000,183589.0000
2023-05-01,2023,5,Cundinamarca,8,Electrodomesticos y muebles,1,128.7206,-22.8000,12.3673,30.2700,29112.9677,-28.8000,12.8196,31.3900,30702.9339,0,223963.0000,183589.0000
2023-05-01,2023,5,Cundinamarca,9,Articulos y utensilios domesticos,0,139.1706,-22.8000,12.3673,30.2700,29112.9677,-28.8000,12.8196,31.3900,30702.9339,0,223963.0000,183589.0000
2023-05-01,2023,5,Cundinamarca,10,Aseo del hogar,0,141.7421,-22.8000,12.3673,30.2700,29112.9677,-28.8000,12.8196,31.3900,30702.9339,0,223963.0000,183589.0000
2023-05-01,2023,5,Cundinamarca,11,Informatica y telecomunicaciones,0,176.5703,-22.8000,12.3673,30.2700,29112.9677,-28.8000,12.8196,31.3900,30702.9339,0,223963.0000,183589.0000
2023-05-01,2023,5,Cundinamarca,12,Sonido y video,0,114.5065,-22.8000,12.3673,30.2700,29112.9677,-28.8000,12.8196,31.3900,30702.9339,0,223963.0000,183589.0000
2023-05-01,2023,5,Cundinamarca,14,"Ferreteria, vidrios y pinturas",0,137.7212,-22.8000,12.3673,30.2700,29112.9677,-28.8000,12.8196,31.3900,30702.9339,0,223963.0000,183589.0000
2023-05-01,2023,5,Cundinamarca,15,Otras mercancias de uso domestico,0,117.9149,-22.8000,12.3673,30.2700,29112.9677,-28.8000,12.8196,31.3900,30702.9339,0,223963.0000,183589.0000
2023-05-01,2023,5,Santander,4,Prendas de vestir y textiles,0,96.0256,-22.8000,12.3673,30.2700,29112.9677,-28.8000,12.8196,31.3900,30702.9339,0,134916.0000,47797.0000
2023-05-01,2023,5,Santander,8,Electrodomesticos y muebles,1,96.7912,-22.8000,12.3673,30.2700,29112.9677,-28.8000,12.8196,31.3900,30702.9339,0,134916.0000,47797.0000
2023-05-01,2023,5,Santander,9,Articulos y utensilios domesticos,0,115.4845,-22.8000,12.3673,30.2700,29112.9677,-28.8000,12.8196,31.3900,30702.9339,0,134916.0000,47797.0000
2023-05-01,2023,5,Santander,10,Aseo del hogar,0,119.7635,-22.8000,12.3673,30.2700,29112.9677,-28.8000,12.8196,31.3900,30702.9339,0,134916.0000,47797.0000
2023-05-01,2023,5,Santander,11,Informatica y telecomunicaciones,0,116.6928,-22.8000,12.3673,30.2700,29112.9677,-28.8000,12.8196,31.3900,30702.9339,0,134916.0000,47797.0000
2023-05-01,2023,5,Santander,12,Sonido y video,0,94.9216,-22.8000,12.3673,30.2700,29112.9677,-28.8000,12.8196,31.3900,30702.9339,0,134916.0000,47797.0000
2023-05-01,2023,5,Santander,14,"Ferreteria, vidrios y pinturas",0,95.3000,-22.8000,12.3673,30.2700,29112.9677,-28.8000,12.8196,31.3900,30702.9339,0,134916.0000,47797.0000
2023-05-01,2023,5,Santander,15,Otras mercancias de uso domestico,0,91.2021,-22.8000,12.3673,30.2700,29112.9677,-28.8000,12.8196,31.3900,30702.9339,0,134916.0000,47797.0000
2023-05-01,2023,5,Valle del Cauca,4,Prendas de vestir y textiles,0,77.6428,-22.8000,12.3673,30.2700,29112.9677,-28.8000,12.8196,31.3900,30702.9339,0,88890.0000,116271.0000
2023-05-01,2023,5,Valle del Cauca,8,Electrodomesticos y muebles,1,111.4340,-22.8000,12.3673,30.2700,29112.9677,-28.8000,12.8196,31.3900,30702.9339,0,88890.0000,116271.0000
2023-05-01,2023,5,Valle del Cauca,9,Articulos y utensilios domesticos,0,101.9786,-22.8000,12.3673,30.2700,29112.9677,-28.8000,12.8196,31.3900,30702.9339,0,88890.0000,116271.0000
2023-05-01,2023,5,Valle del Cauca,10,Aseo del hogar,0,154.3134,-22.8000,12.3673,30.2700,29112.9677,-28.8000,12.8196,31.3900,30702.9339,0,88890.0000,116271.0000
2023-05-01,2023,5,Valle del Cauca,11,Informatica y telecomunicaciones,0,136.9068,-22.8000,12.3673,30.2700,29112.9677,-28.8000,12.8196,31.3900,30702.9339,0,88890.0000,116271.0000
2023-05-01,2023,5,Valle del Cauca,12,Sonido y video,0,108.2088,-22.8000,12.3673,30.2700,29112.9677,-28.8000,12.8196,31.3900,30702.9339,0,88890.0000,116271.0000
2023-05-01,2023,5,Valle del Cauca,14,"Ferreteria, vidrios y pinturas",0,98.3316,-22.8000,12.3673,30.2700,29112.9677,-28.8000,12.8196,31.3900,30702.9339,0,88890.0000,116271.0000
2023-05-01,2023,5,Valle del Cauca,15,Otras mercancias de uso domestico,0,113.5821,-22.8000,12.3673,30.2700,29112.9677,-28.8000,12.8196,31.3900,30702.9339,0,88890.0000,116271.0000
2023-05-01,2023,5,Otros departamentos,4,Prendas de vestir y textiles,0,108.8745,-22.8000,12.3673,30.2700,29112.9677,-28.8000,12.8196,31.3900,30702.9339,0,564609.0000,465250.0000
2023-05-01,2023,5,Otros departamentos,8,Electrodomesticos y muebles,1,113.6503,-22.8000,12.3673,30.2700,29112.9677,-28.8000,12.8196,31.3900,30702.9339,0,564609.0000,465250.0000
2023-05-01,2023,5,Otros departamentos,9,Articulos y utensilios domesticos,0,133.6185,-22.8000,12.3673,30.2700,29112.9677,-28.8000,12.8196,31.3900,30702.9339,0,564609.0000,465250.0000
2023-05-01,2023,5,Otros departamentos,10,Aseo del hogar,0,121.9545,-22.8000,12.3673,30.2700,29112.9677,-28.8000,12.8196,31.3900,30702.9339,0,564609.0000,465250.0000
2023-05-01,2023,5,Otros departamentos,11,Informatica y telecomunicaciones,0,189.9615,-22.8000,12.3673,30.2700,29112.9677,-28.8000,12.8196,31.3900,30702.9339,0,564609.0000,465250.0000
2023-05-01,2023,5,Otros departamentos,12,Sonido y video,0,89.9923,-22.8000,12.3673,30.2700,29112.9677,-28.8000,12.8196,31.3900,30702.9339,0,564609.0000,465250.0000
2023-05-01,2023,5,Otros departamentos,14,"Ferreteria, vidrios y pinturas",0,117.0164,-22.8000,12.3673,30.2700,29112.9677,-28.8000,12.8196,31.3900,30702.9339,0,564609.0000,465250.0000
2023-05-01,2023,5,Otros departamentos,15,Otras mercancias de uso domestico,0,121.7838,-22.8000,12.3673,30.2700,29112.9677,-28.8000,12.8196,31.3900,30702.9339,0,564609.0000,465250.0000
2023-06-01,2023,6,Antioquia,4,Prendas de vestir y textiles,0,127.2386,-14.1000,12.1281,29.7600,37784.3027,-22.8000,12.3673,30.2700,29112.9677,0,186816.0000,186846.0000
2023-06-01,2023,6,Antioquia,8,Electrodomesticos y muebles,1,142.0362,-14.1000,12.1281,29.7600,37784.3027,-22.8000,12.3673,30.2700,29112.9677,0,186816.0000,186846.0000
2023-06-01,2023,6,Antioquia,9,Articulos y utensilios domesticos,0,120.3048,-14.1000,12.1281,29.7600,37784.3027,-22.8000,12.3673,30.2700,29112.9677,0,186816.0000,186846.0000
2023-06-01,2023,6,Antioquia,10,Aseo del hogar,0,116.9782,-14.1000,12.1281,29.7600,37784.3027,-22.8000,12.3673,30.2700,29112.9677,0,186816.0000,186846.0000
2023-06-01,2023,6,Antioquia,11,Informatica y telecomunicaciones,0,129.3885,-14.1000,12.1281,29.7600,37784.3027,-22.8000,12.3673,30.2700,29112.9677,0,186816.0000,186846.0000
2023-06-01,2023,6,Antioquia,12,Sonido y video,0,113.6023,-14.1000,12.1281,29.7600,37784.3027,-22.8000,12.3673,30.2700,29112.9677,0,186816.0000,186846.0000
2023-06-01,2023,6,Antioquia,14,"Ferreteria, vidrios y pinturas",0,85.4685,-14.1000,12.1281,29.7600,37784.3027,-22.8000,12.3673,30.2700,29112.9677,0,186816.0000,186846.0000
2023-06-01,2023,6,Antioquia,15,Otras mercancias de uso domestico,0,96.0069,-14.1000,12.1281,29.7600,37784.3027,-22.8000,12.3673,30.2700,29112.9677,0,186816.0000,186846.0000
2023-06-01,2023,6,Atlantico,4,Prendas de vestir y textiles,0,139.5032,-14.1000,12.1281,29.7600,37784.3027,-22.8000,12.3673,30.2700,29112.9677,0,24625.0000,293618.0000
2023-06-01,2023,6,Atlantico,8,Electrodomesticos y muebles,1,114.8006,-14.1000,12.1281,29.7600,37784.3027,-22.8000,12.3673,30.2700,29112.9677,0,24625.0000,293618.0000
2023-06-01,2023,6,Atlantico,9,Articulos y utensilios domesticos,0,146.4696,-14.1000,12.1281,29.7600,37784.3027,-22.8000,12.3673,30.2700,29112.9677,0,24625.0000,293618.0000
2023-06-01,2023,6,Atlantico,10,Aseo del hogar,0,131.4501,-14.1000,12.1281,29.7600,37784.3027,-22.8000,12.3673,30.2700,29112.9677,0,24625.0000,293618.0000
2023-06-01,2023,6,Atlantico,11,Informatica y telecomunicaciones,0,136.4493,-14.1000,12.1281,29.7600,37784.3027,-22.8000,12.3673,30.2700,29112.9677,0,24625.0000,293618.0000
2023-06-01,2023,6,Atlantico,12,Sonido y video,0,99.1004,-14.1000,12.1281,29.7600,37784.3027,-22.8000,12.3673,30.2700,29112.9677,0,24625.0000,293618.0000
2023-06-01,2023,6,Atlantico,14,"Ferreteria, vidrios y pinturas",0,109.3237,-14.1000,12.1281,29.7600,37784.3027,-22.8000,12.3673,30.2700,29112.9677,0,24625.0000,293618.0000
2023-06-01,2023,6,Atlantico,15,Otras mercancias de uso domestico,0,71.5121,-14.1000,12.1281,29.7600,37784.3027,-22.8000,12.3673,30.2700,29112.9677,0,24625.0000,293618.0000
2023-06-01,2023,6,Bogota,4,Prendas de vestir y textiles,0,135.7306,-14.1000,12.1281,29.7600,37784.3027,-22.8000,12.3673,30.2700,29112.9677,0,215502.0000,174214.0000
2023-06-01,2023,6,Bogota,8,Electrodomesticos y muebles,1,118.4401,-14.1000,12.1281,29.7600,37784.3027,-22.8000,12.3673,30.2700,29112.9677,0,215502.0000,174214.0000
2023-06-01,2023,6,Bogota,9,Articulos y utensilios domesticos,0,114.1106,-14.1000,12.1281,29.7600,37784.3027,-22.8000,12.3673,30.2700,29112.9677,0,215502.0000,174214.0000
2023-06-01,2023,6,Bogota,10,Aseo del hogar,0,106.4753,-14.1000,12.1281,29.7600,37784.3027,-22.8000,12.3673,30.2700,29112.9677,0,215502.0000,174214.0000
2023-06-01,2023,6,Bogota,11,Informatica y telecomunicaciones,0,139.0790,-14.1000,12.1281,29.7600,37784.3027,-22.8000,12.3673,30.2700,29112.9677,0,215502.0000,174214.0000
2023-06-01,2023,6,Bogota,12,Sonido y video,0,120.5871,-14.1000,12.1281,29.7600,37784.3027,-22.8000,12.3673,30.2700,29112.9677,0,215502.0000,174214.0000
2023-06-01,2023,6,Bogota,14,"Ferreteria, vidrios y pinturas",0,88.7603,-14.1000,12.1281,29.7600,37784.3027,-22.8000,12.3673,30.2700,29112.9677,0,215502.0000,174214.0000
2023-06-01,2023,6,Bogota,15,Otras mercancias de uso domestico,0,103.3532,-14.1000,12.1281,29.7600,37784.3027,-22.8000,12.3673,30.2700,29112.9677,0,215502.0000,174214.0000
2023-06-01,2023,6,Cundinamarca,4,Prendas de vestir y textiles,0,134.7426,-14.1000,12.1281,29.7600,37784.3027,-22.8000,12.3673,30.2700,29112.9677,0,236449.0000,223963.0000
2023-06-01,2023,6,Cundinamarca,8,Electrodomesticos y muebles,1,121.1436,-14.1000,12.1281,29.7600,37784.3027,-22.8000,12.3673,30.2700,29112.9677,0,236449.0000,223963.0000
2023-06-01,2023,6,Cundinamarca,9,Articulos y utensilios domesticos,0,142.8472,-14.1000,12.1281,29.7600,37784.3027,-22.8000,12.3673,30.2700,29112.9677,0,236449.0000,223963.0000
2023-06-01,2023,6,Cundinamarca,10,Aseo del hogar,0,156.2877,-14.1000,12.1281,29.7600,37784.3027,-22.8000,12.3673,30.2700,29112.9677,0,236449.0000,223963.0000
2023-06-01,2023,6,Cundinamarca,11,Informatica y telecomunicaciones,0,156.4497,-14.1000,12.1281,29.7600,37784.3027,-22.8000,12.3673,30.2700,29112.9677,0,236449.0000,223963.0000
2023-06-01,2023,6,Cundinamarca,12,Sonido y video,0,144.5106,-14.1000,12.1281,29.7600,37784.3027,-22.8000,12.3673,30.2700,29112.9677,0,236449.0000,223963.0000
2023-06-01,2023,6,Cundinamarca,14,"Ferreteria, vidrios y pinturas",0,104.6064,-14.1000,12.1281,29.7600,37784.3027,-22.8000,12.3673,30.2700,29112.9677,0,236449.0000,223963.0000
2023-06-01,2023,6,Cundinamarca,15,Otras mercancias de uso domestico,0,120.2438,-14.1000,12.1281,29.7600,37784.3027,-22.8000,12.3673,30.2700,29112.9677,0,236449.0000,223963.0000
2023-06-01,2023,6,Santander,4,Prendas de vestir y textiles,0,123.1041,-14.1000,12.1281,29.7600,37784.3027,-22.8000,12.3673,30.2700,29112.9677,0,98939.0000,134916.0000
2023-06-01,2023,6,Santander,8,Electrodomesticos y muebles,1,100.3038,-14.1000,12.1281,29.7600,37784.3027,-22.8000,12.3673,30.2700,29112.9677,0,98939.0000,134916.0000
2023-06-01,2023,6,Santander,9,Articulos y utensilios domesticos,0,109.8854,-14.1000,12.1281,29.7600,37784.3027,-22.8000,12.3673,30.2700,29112.9677,0,98939.0000,134916.0000
2023-06-01,2023,6,Santander,10,Aseo del hogar,0,108.4446,-14.1000,12.1281,29.7600,37784.3027,-22.8000,12.3673,30.2700,29112.9677,0,98939.0000,134916.0000
2023-06-01,2023,6,Santander,11,Informatica y telecomunicaciones,0,99.4380,-14.1000,12.1281,29.7600,37784.3027,-22.8000,12.3673,30.2700,29112.9677,0,98939.0000,134916.0000
2023-06-01,2023,6,Santander,12,Sonido y video,0,101.5416,-14.1000,12.1281,29.7600,37784.3027,-22.8000,12.3673,30.2700,29112.9677,0,98939.0000,134916.0000
2023-06-01,2023,6,Santander,14,"Ferreteria, vidrios y pinturas",0,95.1448,-14.1000,12.1281,29.7600,37784.3027,-22.8000,12.3673,30.2700,29112.9677,0,98939.0000,134916.0000
2023-06-01,2023,6,Santander,15,Otras mercancias de uso domestico,0,77.2000,-14.1000,12.1281,29.7600,37784.3027,-22.8000,12.3673,30.2700,29112.9677,0,98939.0000,134916.0000
2023-06-01,2023,6,Valle del Cauca,4,Prendas de vestir y textiles,0,90.6800,-14.1000,12.1281,29.7600,37784.3027,-22.8000,12.3673,30.2700,29112.9677,0,56193.0000,88890.0000
2023-06-01,2023,6,Valle del Cauca,8,Electrodomesticos y muebles,1,98.0122,-14.1000,12.1281,29.7600,37784.3027,-22.8000,12.3673,30.2700,29112.9677,0,56193.0000,88890.0000
2023-06-01,2023,6,Valle del Cauca,9,Articulos y utensilios domesticos,0,103.4177,-14.1000,12.1281,29.7600,37784.3027,-22.8000,12.3673,30.2700,29112.9677,0,56193.0000,88890.0000
2023-06-01,2023,6,Valle del Cauca,10,Aseo del hogar,0,135.9103,-14.1000,12.1281,29.7600,37784.3027,-22.8000,12.3673,30.2700,29112.9677,0,56193.0000,88890.0000
2023-06-01,2023,6,Valle del Cauca,11,Informatica y telecomunicaciones,0,126.1193,-14.1000,12.1281,29.7600,37784.3027,-22.8000,12.3673,30.2700,29112.9677,0,56193.0000,88890.0000
2023-06-01,2023,6,Valle del Cauca,12,Sonido y video,0,130.0224,-14.1000,12.1281,29.7600,37784.3027,-22.8000,12.3673,30.2700,29112.9677,0,56193.0000,88890.0000
2023-06-01,2023,6,Valle del Cauca,14,"Ferreteria, vidrios y pinturas",0,101.9930,-14.1000,12.1281,29.7600,37784.3027,-22.8000,12.3673,30.2700,29112.9677,0,56193.0000,88890.0000
2023-06-01,2023,6,Valle del Cauca,15,Otras mercancias de uso domestico,0,117.7450,-14.1000,12.1281,29.7600,37784.3027,-22.8000,12.3673,30.2700,29112.9677,0,56193.0000,88890.0000
2023-06-01,2023,6,Otros departamentos,4,Prendas de vestir y textiles,0,108.4902,-14.1000,12.1281,29.7600,37784.3027,-22.8000,12.3673,30.2700,29112.9677,0,422255.0000,564609.0000
2023-06-01,2023,6,Otros departamentos,8,Electrodomesticos y muebles,1,98.1864,-14.1000,12.1281,29.7600,37784.3027,-22.8000,12.3673,30.2700,29112.9677,0,422255.0000,564609.0000
2023-06-01,2023,6,Otros departamentos,9,Articulos y utensilios domesticos,0,134.0223,-14.1000,12.1281,29.7600,37784.3027,-22.8000,12.3673,30.2700,29112.9677,0,422255.0000,564609.0000
2023-06-01,2023,6,Otros departamentos,10,Aseo del hogar,0,114.8853,-14.1000,12.1281,29.7600,37784.3027,-22.8000,12.3673,30.2700,29112.9677,0,422255.0000,564609.0000
2023-06-01,2023,6,Otros departamentos,11,Informatica y telecomunicaciones,0,167.5190,-14.1000,12.1281,29.7600,37784.3027,-22.8000,12.3673,30.2700,29112.9677,0,422255.0000,564609.0000
2023-06-01,2023,6,Otros departamentos,12,Sonido y video,0,105.1808,-14.1000,12.1281,29.7600,37784.3027,-22.8000,12.3673,30.2700,29112.9677,0,422255.0000,564609.0000
2023-06-01,2023,6,Otros departamentos,14,"Ferreteria, vidrios y pinturas",0,115.3568,-14.1000,12.1281,29.7600,37784.3027,-22.8000,12.3673,30.2700,29112.9677,0,422255.0000,564609.0000
2023-06-01,2023,6,Otros departamentos,15,Otras mercancias de uso domestico,0,109.3613,-14.1000,12.1281,29.7600,37784.3027,-22.8000,12.3673,30.2700,29112.9677,0,422255.0000,564609.0000
2023-07-01,2023,7,Antioquia,4,Prendas de vestir y textiles,0,129.1107,-17.4000,11.7901,29.3600,30392.8678,-14.1000,12.1281,29.7600,37784.3027,0,193748.0000,186816.0000
2023-07-01,2023,7,Antioquia,8,Electrodomesticos y muebles,1,141.8124,-17.4000,11.7901,29.3600,30392.8678,-14.1000,12.1281,29.7600,37784.3027,0,193748.0000,186816.0000
2023-07-01,2023,7,Antioquia,9,Articulos y utensilios domesticos,0,137.6263,-17.4000,11.7901,29.3600,30392.8678,-14.1000,12.1281,29.7600,37784.3027,0,193748.0000,186816.0000
2023-07-01,2023,7,Antioquia,10,Aseo del hogar,0,123.2535,-17.4000,11.7901,29.3600,30392.8678,-14.1000,12.1281,29.7600,37784.3027,0,193748.0000,186816.0000
2023-07-01,2023,7,Antioquia,11,Informatica y telecomunicaciones,0,129.0778,-17.4000,11.7901,29.3600,30392.8678,-14.1000,12.1281,29.7600,37784.3027,0,193748.0000,186816.0000
2023-07-01,2023,7,Antioquia,12,Sonido y video,0,142.4351,-17.4000,11.7901,29.3600,30392.8678,-14.1000,12.1281,29.7600,37784.3027,0,193748.0000,186816.0000
2023-07-01,2023,7,Antioquia,14,"Ferreteria, vidrios y pinturas",0,96.4707,-17.4000,11.7901,29.3600,30392.8678,-14.1000,12.1281,29.7600,37784.3027,0,193748.0000,186816.0000
2023-07-01,2023,7,Antioquia,15,Otras mercancias de uso domestico,0,102.8648,-17.4000,11.7901,29.3600,30392.8678,-14.1000,12.1281,29.7600,37784.3027,0,193748.0000,186816.0000
2023-07-01,2023,7,Atlantico,4,Prendas de vestir y textiles,0,137.1056,-17.4000,11.7901,29.3600,30392.8678,-14.1000,12.1281,29.7600,37784.3027,0,7107.0000,24625.0000
2023-07-01,2023,7,Atlantico,8,Electrodomesticos y muebles,1,119.5322,-17.4000,11.7901,29.3600,30392.8678,-14.1000,12.1281,29.7600,37784.3027,0,7107.0000,24625.0000
2023-07-01,2023,7,Atlantico,9,Articulos y utensilios domesticos,0,126.6112,-17.4000,11.7901,29.3600,30392.8678,-14.1000,12.1281,29.7600,37784.3027,0,7107.0000,24625.0000
2023-07-01,2023,7,Atlantico,10,Aseo del hogar,0,148.4539,-17.4000,11.7901,29.3600,30392.8678,-14.1000,12.1281,29.7600,37784.3027,0,7107.0000,24625.0000
2023-07-01,2023,7,Atlantico,11,Informatica y telecomunicaciones,0,133.6832,-17.4000,11.7901,29.3600,30392.8678,-14.1000,12.1281,29.7600,37784.3027,0,7107.0000,24625.0000
2023-07-01,2023,7,Atlantico,12,Sonido y video,0,108.0997,-17.4000,11.7901,29.3600,30392.8678,-14.1000,12.1281,29.7600,37784.3027,0,7107.0000,24625.0000
2023-07-01,2023,7,Atlantico,14,"Ferreteria, vidrios y pinturas",0,103.5847,-17.4000,11.7901,29.3600,30392.8678,-14.1000,12.1281,29.7600,37784.3027,0,7107.0000,24625.0000
2023-07-01,2023,7,Atlantico,15,Otras mercancias de uso domestico,0,91.1211,-17.4000,11.7901,29.3600,30392.8678,-14.1000,12.1281,29.7600,37784.3027,0,7107.0000,24625.0000
2023-07-01,2023,7,Bogota,4,Prendas de vestir y textiles,0,133.3182,-17.4000,11.7901,29.3600,30392.8678,-14.1000,12.1281,29.7600,37784.3027,0,91210.0000,215502.0000
2023-07-01,2023,7,Bogota,8,Electrodomesticos y muebles,1,143.1881,-17.4000,11.7901,29.3600,30392.8678,-14.1000,12.1281,29.7600,37784.3027,0,91210.0000,215502.0000
2023-07-01,2023,7,Bogota,9,Articulos y utensilios domesticos,0,144.8308,-17.4000,11.7901,29.3600,30392.8678,-14.1000,12.1281,29.7600,37784.3027,0,91210.0000,215502.0000
2023-07-01,2023,7,Bogota,10,Aseo del hogar,0,112.4740,-17.4000,11.7901,29.3600,30392.8678,-14.1000,12.1281,29.7600,37784.3027,0,91210.0000,215502.0000
2023-07-01,2023,7,Bogota,11,Informatica y telecomunicaciones,0,165.0715,-17.4000,11.7901,29.3600,30392.8678,-14.1000,12.1281,29.7600,37784.3027,0,91210.0000,215502.0000
2023-07-01,2023,7,Bogota,12,Sonido y video,0,109.9979,-17.4000,11.7901,29.3600,30392.8678,-14.1000,12.1281,29.7600,37784.3027,0,91210.0000,215502.0000
2023-07-01,2023,7,Bogota,14,"Ferreteria, vidrios y pinturas",0,109.1007,-17.4000,11.7901,29.3600,30392.8678,-14.1000,12.1281,29.7600,37784.3027,0,91210.0000,215502.0000
2023-07-01,2023,7,Bogota,15,Otras mercancias de uso domestico,0,97.8158,-17.4000,11.7901,29.3600,30392.8678,-14.1000,12.1281,29.7600,37784.3027,0,91210.0000,215502.0000
2023-07-01,2023,7,Cundinamarca,4,Prendas de vestir y textiles,0,119.1423,-17.4000,11.7901,29.3600,30392.8678,-14.1000,12.1281,29.7600,37784.3027,0,171821.0000,236449.0000
2023-07-01,2023,7,Cundinamarca,8,Electrodomesticos y muebles,1,121.0685,-17.4000,11.7901,29.3600,30392.8678,-14.1000,12.1281,29.7600,37784.3027,0,171821.0000,236449.0000
2023-07-01,2023,7,Cundinamarca,9,Articulos y utensilios domesticos,0,147.4415,-17.4000,11.7901,29.3600,30392.8678,-14.1000,12.1281,29.7600,37784.3027,0,171821.0000,236449.0000
2023-07-01,2023,7,Cundinamarca,10,Aseo del hogar,0,156.4685,-17.4000,11.7901,29.3600,30392.8678,-14.1000,12.1281,29.7600,37784.3027,0,171821.0000,236449.0000
2023-07-01,2023,7,Cundinamarca,11,Informatica y telecomunicaciones,0,165.2779,-17.4000,11.7901,29.3600,30392.8678,-14.1000,12.1281,29.7600,37784.3027,0,171821.0000,236449.0000
2023-07-01,2023,7,Cundinamarca,12,Sonido y video,0,164.1623,-17.4000,11.7901,29.3600,30392.8678,-14.1000,12.1281,29.7600,37784.3027,0,171821.0000,236449.0000
2023-07-01,2023,7,Cundinamarca,14,"Ferreteria, vidrios y pinturas",0,106.5051,-17.4000,11.7901,29.3600,30392.8678,-14.1000,12.1281,29.7600,37784.3027,0,171821.0000,236449.0000
2023-07-01,2023,7,Cundinamarca,15,Otras mercancias de uso domestico,0,120.0441,-17.4000,11.7901,29.3600,30392.8678,-14.1000,12.1281,29.7600,37784.3027,0,171821.0000,236449.0000
2023-07-01,2023,7,Santander,4,Prendas de vestir y textiles,0,109.0926,-17.4000,11.7901,29.3600,30392.8678,-14.1000,12.1281,29.7600,37784.3027,0,76642.0000,98939.0000
2023-07-01,2023,7,Santander,8,Electrodomesticos y muebles,1,133.0929,-17.4000,11.7901,29.3600,30392.8678,-14.1000,12.1281,29.7600,37784.3027,0,76642.0000,98939.0000
2023-07-01,2023,7,Santander,9,Articulos y utensilios domesticos,0,141.2360,-17.4000,11.7901,29.3600,30392.8678,-14.1000,12.1281,29.7600,37784.3027,0,76642.0000,98939.0000
2023-07-01,2023,7,Santander,10,Aseo del hogar,0,105.3927,-17.4000,11.7901,29.3600,30392.8678,-14.1000,12.1281,29.7600,37784.3027,0,76642.0000,98939.0000
2023-07-01,2023,7,Santander,11,Informatica y telecomunicaciones,0,117.1968,-17.4000,11.7901,29.3600,30392.8678,-14.1000,12.1281,29.7600,37784.3027,0,76642.0000,98939.0000
2023-07-01,2023,7,Santander,12,Sonido y video,0,117.1488,-17.4000,11.7901,29.3600,30392.8678,-14.1000,12.1281,29.7600,37784.3027,0,76642.0000,98939.0000
2023-07-01,2023,7,Santander,14,"Ferreteria, vidrios y pinturas",0,96.3903,-17.4000,11.7901,29.3600,30392.8678,-14.1000,12.1281,29.7600,37784.3027,0,76642.0000,98939.0000
2023-07-01,2023,7,Santander,15,Otras mercancias de uso domestico,0,81.8454,-17.4000,11.7901,29.3600,30392.8678,-14.1000,12.1281,29.7600,37784.3027,0,76642.0000,98939.0000
2023-07-01,2023,7,Valle del Cauca,4,Prendas de vestir y textiles,0,97.9481,-17.4000,11.7901,29.3600,30392.8678,-14.1000,12.1281,29.7600,37784.3027,0,60077.0000,56193.0000
2023-07-01,2023,7,Valle del Cauca,8,Electrodomesticos y muebles,1,103.7034,-17.4000,11.7901,29.3600,30392.8678,-14.1000,12.1281,29.7600,37784.3027,0,60077.0000,56193.0000
2023-07-01,2023,7,Valle del Cauca,9,Articulos y utensilios domesticos,0,139.6257,-17.4000,11.7901,29.3600,30392.8678,-14.1000,12.1281,29.7600,37784.3027,0,60077.0000,56193.0000
2023-07-01,2023,7,Valle del Cauca,10,Aseo del hogar,0,141.2451,-17.4000,11.7901,29.3600,30392.8678,-14.1000,12.1281,29.7600,37784.3027,0,60077.0000,56193.0000
2023-07-01,2023,7,Valle del Cauca,11,Informatica y telecomunicaciones,0,126.8993,-17.4000,11.7901,29.3600,30392.8678,-14.1000,12.1281,29.7600,37784.3027,0,60077.0000,56193.0000
2023-07-01,2023,7,Valle del Cauca,12,Sonido y video,0,120.4507,-17.4000,11.7901,29.3600,30392.8678,-14.1000,12.1281,29.7600,37784.3027,0,60077.0000,56193.0000
2023-07-01,2023,7,Valle del Cauca,14,"Ferreteria, vidrios y pinturas",0,90.0515,-17.4000,11.7901,29.3600,30392.8678,-14.1000,12.1281,29.7600,37784.3027,0,60077.0000,56193.0000
2023-07-01,2023,7,Valle del Cauca,15,Otras mercancias de uso domestico,0,117.6632,-17.4000,11.7901,29.3600,30392.8678,-14.1000,12.1281,29.7600,37784.3027,0,60077.0000,56193.0000
2023-07-01,2023,7,Otros departamentos,4,Prendas de vestir y textiles,0,105.4289,-17.4000,11.7901,29.3600,30392.8678,-14.1000,12.1281,29.7600,37784.3027,0,500672.0000,422255.0000
2023-07-01,2023,7,Otros departamentos,8,Electrodomesticos y muebles,1,107.9047,-17.4000,11.7901,29.3600,30392.8678,-14.1000,12.1281,29.7600,37784.3027,0,500672.0000,422255.0000
2023-07-01,2023,7,Otros departamentos,9,Articulos y utensilios domesticos,0,131.5030,-17.4000,11.7901,29.3600,30392.8678,-14.1000,12.1281,29.7600,37784.3027,0,500672.0000,422255.0000
2023-07-01,2023,7,Otros departamentos,10,Aseo del hogar,0,136.5682,-17.4000,11.7901,29.3600,30392.8678,-14.1000,12.1281,29.7600,37784.3027,0,500672.0000,422255.0000
2023-07-01,2023,7,Otros departamentos,11,Informatica y telecomunicaciones,0,186.1087,-17.4000,11.7901,29.3600,30392.8678,-14.1000,12.1281,29.7600,37784.3027,0,500672.0000,422255.0000
2023-07-01,2023,7,Otros departamentos,12,Sonido y video,0,120.9228,-17.4000,11.7901,29.3600,30392.8678,-14.1000,12.1281,29.7600,37784.3027,0,500672.0000,422255.0000
2023-07-01,2023,7,Otros departamentos,14,"Ferreteria, vidrios y pinturas",0,112.6597,-17.4000,11.7901,29.3600,30392.8678,-14.1000,12.1281,29.7600,37784.3027,0,500672.0000,422255.0000
2023-07-01,2023,7,Otros departamentos,15,Otras mercancias de uso domestico,0,110.7905,-17.4000,11.7901,29.3600,30392.8678,-14.1000,12.1281,29.7600,37784.3027,0,500672.0000,422255.0000
2023-08-01,2023,8,Antioquia,4,Prendas de vestir y textiles,0,109.8184,-18.8000,11.4321,28.7500,31961.2262,-17.4000,11.7901,29.3600,30392.8678,0,263316.0000,193748.0000
2023-08-01,2023,8,Antioquia,8,Electrodomesticos y muebles,1,150.2700,-18.8000,11.4321,28.7500,31961.2262,-17.4000,11.7901,29.3600,30392.8678,0,263316.0000,193748.0000
2023-08-01,2023,8,Antioquia,9,Articulos y utensilios domesticos,0,144.0619,-18.8000,11.4321,28.7500,31961.2262,-17.4000,11.7901,29.3600,30392.8678,0,263316.0000,193748.0000
2023-08-01,2023,8,Antioquia,10,Aseo del hogar,0,115.8615,-18.8000,11.4321,28.7500,31961.2262,-17.4000,11.7901,29.3600,30392.8678,0,263316.0000,193748.0000
2023-08-01,2023,8,Antioquia,11,Informatica y telecomunicaciones,0,136.4829,-18.8000,11.4321,28.7500,31961.2262,-17.4000,11.7901,29.3600,30392.8678,0,263316.0000,193748.0000
2023-08-01,2023,8,Antioquia,12,Sonido y video,0,102.5364,-18.8000,11.4321,28.7500,31961.2262,-17.4000,11.7901,29.3600,30392.8678,0,263316.0000,193748.0000
2023-08-01,2023,8,Antioquia,14,"Ferreteria, vidrios y pinturas",0,104.1312,-18.8000,11.4321,28.7500,31961.2262,-17.4000,11.7901,29.3600,30392.8678,0,263316.0000,193748.0000
2023-08-01,2023,8,Antioquia,15,Otras mercancias de uso domestico,0,109.6921,-18.8000,11.4321,28.7500,31961.2262,-17.4000,11.7901,29.3600,30392.8678,0,263316.0000,193748.0000
2023-08-01,2023,8,Atlantico,4,Prendas de vestir y textiles,0,102.2189,-18.8000,11.4321,28.7500,31961.2262,-17.4000,11.7901,29.3600,30392.8678,0,47540.0000,7107.0000
2023-08-01,2023,8,Atlantico,8,Electrodomesticos y muebles,1,86.9135,-18.8000,11.4321,28.7500,31961.2262,-17.4000,11.7901,29.3600,30392.8678,0,47540.0000,7107.0000
2023-08-01,2023,8,Atlantico,9,Articulos y utensilios domesticos,0,104.1488,-18.8000,11.4321,28.7500,31961.2262,-17.4000,11.7901,29.3600,30392.8678,0,47540.0000,7107.0000
2023-08-01,2023,8,Atlantico,10,Aseo del hogar,0,135.3900,-18.8000,11.4321,28.7500,31961.2262,-17.4000,11.7901,29.3600,30392.8678,0,47540.0000,7107.0000
2023-08-01,2023,8,Atlantico,11,Informatica y telecomunicaciones,0,141.2183,-18.8000,11.4321,28.7500,31961.2262,-17.4000,11.7901,29.3600,30392.8678,0,47540.0000,7107.0000
2023-08-01,2023,8,Atlantico,12,Sonido y video,0,121.7614,-18.8000,11.4321,28.7500,31961.2262,-17.4000,11.7901,29.3600,30392.8678,0,47540.0000,7107.0000
2023-08-01,2023,8,Atlantico,14,"Ferreteria, vidrios y pinturas",0,95.0232,-18.8000,11.4321,28.7500,31961.2262,-17.4000,11.7901,29.3600,30392.8678,0,47540.0000,7107.0000
2023-08-01,2023,8,Atlantico,15,Otras mercancias de uso domestico,0,100.6461,-18.8000,11.4321,28.7500,31961.2262,-17.4000,11.7901,29.3600,30392.8678,0,47540.0000,7107.0000
2023-08-01,2023,8,Bogota,4,Prendas de vestir y textiles,0,120.7352,-18.8000,11.4321,28.7500,31961.2262,-17.4000,11.7901,29.3600,30392.8678,0,287310.0000,91210.0000
2023-08-01,2023,8,Bogota,8,Electrodomesticos y muebles,1,133.8401,-18.8000,11.4321,28.7500,31961.2262,-17.4000,11.7901,29.3600,30392.8678,0,287310.0000,91210.0000
2023-08-01,2023,8,Bogota,9,Articulos y utensilios domesticos,0,111.8999,-18.8000,11.4321,28.7500,31961.2262,-17.4000,11.7901,29.3600,30392.8678,0,287310.0000,91210.0000
2023-08-01,2023,8,Bogota,10,Aseo del hogar,0,105.1445,-18.8000,11.4321,28.7500,31961.2262,-17.4000,11.7901,29.3600,30392.8678,0,287310.0000,91210.0000
2023-08-01,2023,8,Bogota,11,Informatica y telecomunicaciones,0,170.1270,-18.8000,11.4321,28.7500,31961.2262,-17.4000,11.7901,29.3600,30392.8678,0,287310.0000,91210.0000
2023-08-01,2023,8,Bogota,12,Sonido y video,0,139.9317,-18.8000,11.4321,28.7500,31961.2262,-17.4000,11.7901,29.3600,30392.8678,0,287310.0000,91210.0000
2023-08-01,2023,8,Bogota,14,"Ferreteria, vidrios y pinturas",0,129.0412,-18.8000,11.4321,28.7500,31961.2262,-17.4000,11.7901,29.3600,30392.8678,0,287310.0000,91210.0000
2023-08-01,2023,8,Bogota,15,Otras mercancias de uso domestico,0,101.9846,-18.8000,11.4321,28.7500,31961.2262,-17.4000,11.7901,29.3600,30392.8678,0,287310.0000,91210.0000
2023-08-01,2023,8,Cundinamarca,4,Prendas de vestir y textiles,0,99.1166,-18.8000,11.4321,28.7500,31961.2262,-17.4000,11.7901,29.3600,30392.8678,0,312809.0000,171821.0000
2023-08-01,2023,8,Cundinamarca,8,Electrodomesticos y muebles,1,88.1150,-18.8000,11.4321,28.7500,31961.2262,-17.4000,11.7901,29.3600,30392.8678,0,312809.0000,171821.0000
2023-08-01,2023,8,Cundinamarca,9,Articulos y utensilios domesticos,0,149.5531,-18.8000,11.4321,28.7500,31961.2262,-17.4000,11.7901,29.3600,30392.8678,0,312809.0000,171821.0000
2023-08-01,2023,8,Cundinamarca,10,Aseo del hogar,0,133.8550,-18.8000,11.4321,28.7500,31961.2262,-17.4000,11.7901,29.3600,30392.8678,0,312809.0000,171821.0000
2023-08-01,2023,8,Cundinamarca,11,Informatica y telecomunicaciones,0,233.9353,-18.8000,11.4321,28.7500,31961.2262,-17.4000,11.7901,29.3600,30392.8678,0,312809.0000,171821.0000
2023-08-01,2023,8,Cundinamarca,12,Sonido y video,0,143.2237,-18.8000,11.4321,28.7500,31961.2262,-17.4000,11.7901,29.3600,30392.8678,0,312809.0000,171821.0000
2023-08-01,2023,8,Cundinamarca,14,"Ferreteria, vidrios y pinturas",0,126.6273,-18.8000,11.4321,28.7500,31961.2262,-17.4000,11.7901,29.3600,30392.8678,0,312809.0000,171821.0000
2023-08-01,2023,8,Cundinamarca,15,Otras mercancias de uso domestico,0,123.3205,-18.8000,11.4321,28.7500,31961.2262,-17.4000,11.7901,29.3600,30392.8678,0,312809.0000,171821.0000
2023-08-01,2023,8,Santander,4,Prendas de vestir y textiles,0,85.6349,-18.8000,11.4321,28.7500,31961.2262,-17.4000,11.7901,29.3600,30392.8678,0,42634.0000,76642.0000
2023-08-01,2023,8,Santander,8,Electrodomesticos y muebles,1,111.3770,-18.8000,11.4321,28.7500,31961.2262,-17.4000,11.7901,29.3600,30392.8678,0,42634.0000,76642.0000
2023-08-01,2023,8,Santander,9,Articulos y utensilios domesticos,0,137.3137,-18.8000,11.4321,28.7500,31961.2262,-17.4000,11.7901,29.3600,30392.8678,0,42634.0000,76642.0000
2023-08-01,2023,8,Santander,10,Aseo del hogar,0,103.9029,-18.8000,11.4321,28.7500,31961.2262,-17.4000,11.7901,29.3600,30392.8678,0,42634.0000,76642.0000
2023-08-01,2023,8,Santander,11,Informatica y telecomunicaciones,0,145.2225,-18.8000,11.4321,28.7500,31961.2262,-17.4000,11.7901,29.3600,30392.8678,0,42634.0000,76642.0000
2023-08-01,2023,8,Santander,12,Sonido y video,0,130.8068,-18.8000,11.4321,28.7500,31961.2262,-17.4000,11.7901,29.3600,30392.8678,0,42634.0000,76642.0000
2023-08-01,2023,8,Santander,14,"Ferreteria, vidrios y pinturas",0,96.9746,-18.8000,11.4321,28.7500,31961.2262,-17.4000,11.7901,29.3600,30392.8678,0,42634.0000,76642.0000
2023-08-01,2023,8,Santander,15,Otras mercancias de uso domestico,0,86.0932,-18.8000,11.4321,28.7500,31961.2262,-17.4000,11.7901,29.3600,30392.8678,0,42634.0000,76642.0000
2023-08-01,2023,8,Valle del Cauca,4,Prendas de vestir y textiles,0,80.0096,-18.8000,11.4321,28.7500,31961.2262,-17.4000,11.7901,29.3600,30392.8678,0,177091.0000,60077.0000
2023-08-01,2023,8,Valle del Cauca,8,Electrodomesticos y muebles,1,93.9769,-18.8000,11.4321,28.7500,31961.2262,-17.4000,11.7901,29.3600,30392.8678,0,177091.0000,60077.0000
2023-08-01,2023,8,Valle del Cauca,9,Articulos y utensilios domesticos,0,129.7280,-18.8000,11.4321,28.7500,31961.2262,-17.4000,11.7901,29.3600,30392.8678,0,177091.0000,60077.0000
2023-08-01,2023,8,Valle del Cauca,10,Aseo del hogar,0,105.5749,-18.8000,11.4321,28.7500,31961.2262,-17.4000,11.7901,29.3600,30392.8678,0,177091.0000,60077.0000
2023-08-01,2023,8,Valle del Cauca,11,Informatica y telecomunicaciones,0,143.7974,-18.8000,11.4321,28.7500,31961.2262,-17.4000,11.7901,29.3600,30392.8678,0,177091.0000,60077.0000
2023-08-01,2023,8,Valle del Cauca,12,Sonido y video,0,122.4174,-18.8000,11.4321,28.7500,31961.2262,-17.4000,11.7901,29.3600,30392.8678,0,177091.0000,60077.0000
2023-08-01,2023,8,Valle del Cauca,14,"Ferreteria, vidrios y pinturas",0,77.3802,-18.8000,11.4321,28.7500,31961.2262,-17.4000,11.7901,29.3600,30392.8678,0,177091.0000,60077.0000
2023-08-01,2023,8,Valle del Cauca,15,Otras mercancias de uso domestico,0,104.8229,-18.8000,11.4321,28.7500,31961.2262,-17.4000,11.7901,29.3600,30392.8678,0,177091.0000,60077.0000
2023-08-01,2023,8,Otros departamentos,4,Prendas de vestir y textiles,0,92.1744,-18.8000,11.4321,28.7500,31961.2262,-17.4000,11.7901,29.3600,30392.8678,0,493552.0000,500672.0000
2023-08-01,2023,8,Otros departamentos,8,Electrodomesticos y muebles,1,119.4869,-18.8000,11.4321,28.7500,31961.2262,-17.4000,11.7901,29.3600,30392.8678,0,493552.0000,500672.0000
2023-08-01,2023,8,Otros departamentos,9,Articulos y utensilios domesticos,0,126.6813,-18.8000,11.4321,28.7500,31961.2262,-17.4000,11.7901,29.3600,30392.8678,0,493552.0000,500672.0000
2023-08-01,2023,8,Otros departamentos,10,Aseo del hogar,0,141.1310,-18.8000,11.4321,28.7500,31961.2262,-17.4000,11.7901,29.3600,30392.8678,0,493552.0000,500672.0000
2023-08-01,2023,8,Otros departamentos,11,Informatica y telecomunicaciones,0,176.9608,-18.8000,11.4321,28.7500,31961.2262,-17.4000,11.7901,29.3600,30392.8678,0,493552.0000,500672.0000
2023-08-01,2023,8,Otros departamentos,12,Sonido y video,0,102.7787,-18.8000,11.4321,28.7500,31961.2262,-17.4000,11.7901,29.3600,30392.8678,0,493552.0000,500672.0000
2023-08-01,2023,8,Otros departamentos,14,"Ferreteria, vidrios y pinturas",0,109.4548,-18.8000,11.4321,28.7500,31961.2262,-17.4000,11.7901,29.3600,30392.8678,0,493552.0000,500672.0000
2023-08-01,2023,8,Otros departamentos,15,Otras mercancias de uso domestico,0,98.4901,-18.8000,11.4321,28.7500,31961.2262,-17.4000,11.7901,29.3600,30392.8678,0,493552.0000,500672.0000
2023-09-01,2023,9,Antioquia,4,Prendas de vestir y textiles,0,107.7959,-17.9000,10.9924,28.0300,30656.4849,-18.8000,11.4321,28.7500,31961.2262,0,249627.0000,263316.0000
2023-09-01,2023,9,Antioquia,8,Electrodomesticos y muebles,1,113.6316,-17.9000,10.9924,28.0300,30656.4849,-18.8000,11.4321,28.7500,31961.2262,0,249627.0000,263316.0000
2023-09-01,2023,9,Antioquia,9,Articulos y utensilios domesticos,0,136.1391,-17.9000,10.9924,28.0300,30656.4849,-18.8000,11.4321,28.7500,31961.2262,0,249627.0000,263316.0000
2023-09-01,2023,9,Antioquia,10,Aseo del hogar,0,113.6304,-17.9000,10.9924,28.0300,30656.4849,-18.8000,11.4321,28.7500,31961.2262,0,249627.0000,263316.0000
2023-09-01,2023,9,Antioquia,11,Informatica y telecomunicaciones,0,141.7541,-17.9000,10.9924,28.0300,30656.4849,-18.8000,11.4321,28.7500,31961.2262,0,249627.0000,263316.0000
2023-09-01,2023,9,Antioquia,12,Sonido y video,0,131.1420,-17.9000,10.9924,28.0300,30656.4849,-18.8000,11.4321,28.7500,31961.2262,0,249627.0000,263316.0000
2023-09-01,2023,9,Antioquia,14,"Ferreteria, vidrios y pinturas",0,110.2018,-17.9000,10.9924,28.0300,30656.4849,-18.8000,11.4321,28.7500,31961.2262,0,249627.0000,263316.0000
2023-09-01,2023,9,Antioquia,15,Otras mercancias de uso domestico,0,98.9121,-17.9000,10.9924,28.0300,30656.4849,-18.8000,11.4321,28.7500,31961.2262,0,249627.0000,263316.0000
2023-09-01,2023,9,Atlantico,4,Prendas de vestir y textiles,0,91.6476,-17.9000,10.9924,28.0300,30656.4849,-18.8000,11.4321,28.7500,31961.2262,0,15611.0000,47540.0000
2023-09-01,2023,9,Atlantico,8,Electrodomesticos y muebles,1,73.3966,-17.9000,10.9924,28.0300,30656.4849,-18.8000,11.4321,28.7500,31961.2262,0,15611.0000,47540.0000
2023-09-01,2023,9,Atlantico,9,Articulos y utensilios domesticos,0,115.2551,-17.9000,10.9924,28.0300,30656.4849,-18.8000,11.4321,28.7500,31961.2262,0,15611.0000,47540.0000
2023-09-01,2023,9,Atlantico,10,Aseo del hogar,0,100.8388,-17.9000,10.9924,28.0300,30656.4849,-18.8000,11.4321,28.7500,31961.2262,0,15611.0000,47540.0000
2023-09-01,2023,9,Atlantico,11,Informatica y telecomunicaciones,0,121.1041,-17.9000,10.9924,28.0300,30656.4849,-18.8000,11.4321,28.7500,31961.2262,0,15611.0000,47540.0000
2023-09-01,2023,9,Atlantico,12,Sonido y video,0,116.9644,-17.9000,10.9924,28.0300,30656.4849,-18.8000,11.4321,28.7500,31961.2262,0,15611.0000,47540.0000
2023-09-01,2023,9,Atlantico,14,"Ferreteria, vidrios y pinturas",0,88.0096,-17.9000,10.9924,28.0300,30656.4849,-18.8000,11.4321,28.7500,31961.2262,0,15611.0000,47540.0000
2023-09-01,2023,9,Atlantico,15,Otras mercancias de uso domestico,0,96.6273,-17.9000,10.9924,28.0300,30656.4849,-18.8000,11.4321,28.7500,31961.2262,0,15611.0000,47540.0000
2023-09-01,2023,9,Bogota,4,Prendas de vestir y textiles,0,113.3761,-17.9000,10.9924,28.0300,30656.4849,-18.8000,11.4321,28.7500,31961.2262,0,304937.0000,287310.0000
2023-09-01,2023,9,Bogota,8,Electrodomesticos y muebles,1,129.3808,-17.9000,10.9924,28.0300,30656.4849,-18.8000,11.4321,28.7500,31961.2262,0,304937.0000,287310.0000
2023-09-01,2023,9,Bogota,9,Articulos y utensilios domesticos,0,143.8575,-17.9000,10.9924,28.0300,30656.4849,-18.8000,11.4321,28.7500,31961.2262,0,304937.0000,287310.0000
2023-09-01,2023,9,Bogota,10,Aseo del hogar,0,104.6816,-17.9000,10.9924,28.0300,30656.4849,-18.8000,11.4321,28.7500,31961.2262,0,304937.0000,287310.0000
2023-09-01,2023,9,Bogota,11,Informatica y telecomunicaciones,0,147.9082,-17.9000,10.9924,28.0300,30656.4849,-18.8000,11.4321,28.7500,31961.2262,0,304937.0000,287310.0000
2023-09-01,2023,9,Bogota,12,Sonido y video,0,117.2246,-17.9000,10.9924,28.0300,30656.4849,-18.8000,11.4321,28.7500,31961.2262,0,304937.0000,287310.0000
2023-09-01,2023,9,Bogota,14,"Ferreteria, vidrios y pinturas",0,126.4692,-17.9000,10.9924,28.0300,30656.4849,-18.8000,11.4321,28.7500,31961.2262,0,304937.0000,287310.0000
2023-09-01,2023,9,Bogota,15,Otras mercancias de uso domestico,0,118.6740,-17.9000,10.9924,28.0300,30656.4849,-18.8000,11.4321,28.7500,31961.2262,0,304937.0000,287310.0000
2023-09-01,2023,9,Cundinamarca,4,Prendas de vestir y textiles,0,102.8705,-17.9000,10.9924,28.0300,30656.4849,-18.8000,11.4321,28.7500,31961.2262,0,208773.0000,312809.0000
2023-09-01,2023,9,Cundinamarca,8,Electrodomesticos y muebles,1,85.0282,-17.9000,10.9924,28.0300,30656.4849,-18.8000,11.4321,28.7500,31961.2262,0,208773.0000,312809.0000
2023-09-01,2023,9,Cundinamarca,9,Articulos y utensilios domesticos,0,131.3767,-17.9000,10.9924,28.0300,30656.4849,-18.8000,11.4321,28.7500,31961.2262,0,208773.0000,312809.0000
2023-09-01,2023,9,Cundinamarca,10,Aseo del hogar,0,110.8307,-17.9000,10.9924,28.0300,30656.4849,-18.8000,11.4321,28.7500,31961.2262,0,208773.0000,312809.0000
2023-09-01,2023,9,Cundinamarca,11,Informatica y telecomunicaciones,0,191.4710,-17.9000,10.9924,28.0300,30656.4849,-18.8000,11.4321,28.7500,31961.2262,0,208773.0000,312809.0000
2023-09-01,2023,9,Cundinamarca,12,Sonido y video,0,132.3304,-17.9000,10.9924,28.0300,30656.4849,-18.8000,11.4321,28.7500,31961.2262,0,208773.0000,312809.0000
2023-09-01,2023,9,Cundinamarca,14,"Ferreteria, vidrios y pinturas",0,116.5660,-17.9000,10.9924,28.0300,30656.4849,-18.8000,11.4321,28.7500,31961.2262,0,208773.0000,312809.0000
2023-09-01,2023,9,Cundinamarca,15,Otras mercancias de uso domestico,0,141.2906,-17.9000,10.9924,28.0300,30656.4849,-18.8000,11.4321,28.7500,31961.2262,0,208773.0000,312809.0000
2023-09-01,2023,9,Santander,4,Prendas de vestir y textiles,0,119.0054,-17.9000,10.9924,28.0300,30656.4849,-18.8000,11.4321,28.7500,31961.2262,0,65064.0000,42634.0000
2023-09-01,2023,9,Santander,8,Electrodomesticos y muebles,1,87.1544,-17.9000,10.9924,28.0300,30656.4849,-18.8000,11.4321,28.7500,31961.2262,0,65064.0000,42634.0000
2023-09-01,2023,9,Santander,9,Articulos y utensilios domesticos,0,131.1444,-17.9000,10.9924,28.0300,30656.4849,-18.8000,11.4321,28.7500,31961.2262,0,65064.0000,42634.0000
2023-09-01,2023,9,Santander,10,Aseo del hogar,0,95.3054,-17.9000,10.9924,28.0300,30656.4849,-18.8000,11.4321,28.7500,31961.2262,0,65064.0000,42634.0000
2023-09-01,2023,9,Santander,11,Informatica y telecomunicaciones,0,117.8405,-17.9000,10.9924,28.0300,30656.4849,-18.8000,11.4321,28.7500,31961.2262,0,65064.0000,42634.0000
2023-09-01,2023,9,Santander,12,Sonido y video,0,127.6772,-17.9000,10.9924,28.0300,30656.4849,-18.8000,11.4321,28.7500,31961.2262,0,65064.0000,42634.0000
2023-09-01,2023,9,Santander,14,"Ferreteria, vidrios y pinturas",0,93.8880,-17.9000,10.9924,28.0300,30656.4849,-18.8000,11.4321,28.7500,31961.2262,0,65064.0000,42634.0000
2023-09-01,2023,9,Santander,15,Otras mercancias de uso domestico,0,104.9905,-17.9000,10.9924,28.0300,30656.4849,-18.8000,11.4321,28.7500,31961.2262,0,65064.0000,42634.0000
2023-09-01,2023,9,Valle del Cauca,4,Prendas de vestir y textiles,0,99.8412,-17.9000,10.9924,28.0300,30656.4849,-18.8000,11.4321,28.7500,31961.2262,0,222072.0000,177091.0000
2023-09-01,2023,9,Valle del Cauca,8,Electrodomesticos y muebles,1,71.4375,-17.9000,10.9924,28.0300,30656.4849,-18.8000,11.4321,28.7500,31961.2262,0,222072.0000,177091.0000
2023-09-01,2023,9,Valle del Cauca,9,Articulos y utensilios domesticos,0,108.8638,-17.9000,10.9924,28.0300,30656.4849,-18.8000,11.4321,28.7500,31961.2262,0,222072.0000,177091.0000
2023-09-01,2023,9,Valle del Cauca,10,Aseo del hogar,0,105.0311,-17.9000,10.9924,28.0300,30656.4849,-18.8000,11.4321,28.7500,31961.2262,0,222072.0000,177091.0000
2023-09-01,2023,9,Valle del Cauca,11,Informatica y telecomunicaciones,0,136.6914,-17.9000,10.9924,28.0300,30656.4849,-18.8000,11.4321,28.7500,31961.2262,0,222072.0000,177091.0000
2023-09-01,2023,9,Valle del Cauca,12,Sonido y video,0,122.5260,-17.9000,10.9924,28.0300,30656.4849,-18.8000,11.4321,28.7500,31961.2262,0,222072.0000,177091.0000
2023-09-01,2023,9,Valle del Cauca,14,"Ferreteria, vidrios y pinturas",0,82.0370,-17.9000,10.9924,28.0300,30656.4849,-18.8000,11.4321,28.7500,31961.2262,0,222072.0000,177091.0000
2023-09-01,2023,9,Valle del Cauca,15,Otras mercancias de uso domestico,0,91.3685,-17.9000,10.9924,28.0300,30656.4849,-18.8000,11.4321,28.7500,31961.2262,0,222072.0000,177091.0000
2023-09-01,2023,9,Otros departamentos,4,Prendas de vestir y textiles,0,107.3885,-17.9000,10.9924,28.0300,30656.4849,-18.8000,11.4321,28.7500,31961.2262,0,612820.0000,493552.0000
2023-09-01,2023,9,Otros departamentos,8,Electrodomesticos y muebles,1,121.4234,-17.9000,10.9924,28.0300,30656.4849,-18.8000,11.4321,28.7500,31961.2262,0,612820.0000,493552.0000
2023-09-01,2023,9,Otros departamentos,9,Articulos y utensilios domesticos,0,114.9064,-17.9000,10.9924,28.0300,30656.4849,-18.8000,11.4321,28.7500,31961.2262,0,612820.0000,493552.0000
2023-09-01,2023,9,Otros departamentos,10,Aseo del hogar,0,148.0639,-17.9000,10.9924,28.0300,30656.4849,-18.8000,11.4321,28.7500,31961.2262,0,612820.0000,493552.0000
2023-09-01,2023,9,Otros departamentos,11,Informatica y telecomunicaciones,0,150.9579,-17.9000,10.9924,28.0300,30656.4849,-18.8000,11.4321,28.7500,31961.2262,0,612820.0000,493552.0000
2023-09-01,2023,9,Otros departamentos,12,Sonido y video,0,87.2117,-17.9000,10.9924,28.0300,30656.4849,-18.8000,11.4321,28.7500,31961.2262,0,612820.0000,493552.0000
2023-09-01,2023,9,Otros departamentos,14,"Ferreteria, vidrios y pinturas",0,97.1084,-17.9000,10.9924,28.0300,30656.4849,-18.8000,11.4321,28.7500,31961.2262,0,612820.0000,493552.0000
2023-09-01,2023,9,Otros departamentos,15,Otras mercancias de uso domestico,0,104.7063,-17.9000,10.9924,28.0300,30656.4849,-18.8000,11.4321,28.7500,31961.2262,0,612820.0000,493552.0000
2023-10-01,2023,10,Antioquia,4,Prendas de vestir y textiles,0,119.8989,-14.0000,10.4769,26.5300,33499.4737,-17.9000,10.9924,28.0300,30656.4849,0,327501.0000,249627.0000
2023-10-01,2023,10,Antioquia,8,Electrodomesticos y muebles,1,111.8646,-14.0000,10.4769,26.5300,33499.4737,-17.9000,10.9924,28.0300,30656.4849,0,327501.0000,249627.0000
2023-10-01,2023,10,Antioquia,9,Articulos y utensilios domesticos,0,124.0929,-14.0000,10.4769,26.5300,33499.4737,-17.9000,10.9924,28.0300,30656.4849,0,327501.0000,249627.0000
2023-10-01,2023,10,Antioquia,10,Aseo del hogar,0,138.4660,-14.0000,10.4769,26.5300,33499.4737,-17.9000,10.9924,28.0300,30656.4849,0,327501.0000,249627.0000
2023-10-01,2023,10,Antioquia,11,Informatica y telecomunicaciones,0,146.5193,-14.0000,10.4769,26.5300,33499.4737,-17.9000,10.9924,28.0300,30656.4849,0,327501.0000,249627.0000
2023-10-01,2023,10,Antioquia,12,Sonido y video,0,113.1945,-14.0000,10.4769,26.5300,33499.4737,-17.9000,10.9924,28.0300,30656.4849,0,327501.0000,249627.0000
2023-10-01,2023,10,Antioquia,14,"Ferreteria, vidrios y pinturas",0,106.1518,-14.0000,10.4769,26.5300,33499.4737,-17.9000,10.9924,28.0300,30656.4849,0,327501.0000,249627.0000
2023-10-01,2023,10,Antioquia,15,Otras mercancias de uso domestico,0,105.1751,-14.0000,10.4769,26.5300,33499.4737,-17.9000,10.9924,28.0300,30656.4849,0,327501.0000,249627.0000
2023-10-01,2023,10,Atlantico,4,Prendas de vestir y textiles,0,94.3433,-14.0000,10.4769,26.5300,33499.4737,-17.9000,10.9924,28.0300,30656.4849,0,101663.0000,15611.0000
2023-10-01,2023,10,Atlantico,8,Electrodomesticos y muebles,1,79.8366,-14.0000,10.4769,26.5300,33499.4737,-17.9000,10.9924,28.0300,30656.4849,0,101663.0000,15611.0000
2023-10-01,2023,10,Atlantico,9,Articulos y utensilios domesticos,0,121.9759,-14.0000,10.4769,26.5300,33499.4737,-17.9000,10.9924,28.0300,30656.4849,0,101663.0000,15611.0000
2023-10-01,2023,10,Atlantico,10,Aseo del hogar,0,100.3412,-14.0000,10.4769,26.5300,33499.4737,-17.9000,10.9924,28.0300,30656.4849,0,101663.0000,15611.0000
2023-10-01,2023,10,Atlantico,11,Informatica y telecomunicaciones,0,97.4645,-14.0000,10.4769,26.5300,33499.4737,-17.9000,10.9924,28.0300,30656.4849,0,101663.0000,15611.0000
2023-10-01,2023,10,Atlantico,12,Sonido y video,0,120.0781,-14.0000,10.4769,26.5300,33499.4737,-17.9000,10.9924,28.0300,30656.4849,0,101663.0000,15611.0000
2023-10-01,2023,10,Atlantico,14,"Ferreteria, vidrios y pinturas",0,77.9155,-14.0000,10.4769,26.5300,33499.4737,-17.9000,10.9924,28.0300,30656.4849,0,101663.0000,15611.0000
2023-10-01,2023,10,Atlantico,15,Otras mercancias de uso domestico,0,90.1321,-14.0000,10.4769,26.5300,33499.4737,-17.9000,10.9924,28.0300,30656.4849,0,101663.0000,15611.0000
2023-10-01,2023,10,Bogota,4,Prendas de vestir y textiles,0,103.6007,-14.0000,10.4769,26.5300,33499.4737,-17.9000,10.9924,28.0300,30656.4849,0,354896.0000,304937.0000
2023-10-01,2023,10,Bogota,8,Electrodomesticos y muebles,1,109.4820,-14.0000,10.4769,26.5300,33499.4737,-17.9000,10.9924,28.0300,30656.4849,0,354896.0000,304937.0000
2023-10-01,2023,10,Bogota,9,Articulos y utensilios domesticos,0,162.3346,-14.0000,10.4769,26.5300,33499.4737,-17.9000,10.9924,28.0300,30656.4849,0,354896.0000,304937.0000
2023-10-01,2023,10,Bogota,10,Aseo del hogar,0,125.3424,-14.0000,10.4769,26.5300,33499.4737,-17.9000,10.9924,28.0300,30656.4849,0,354896.0000,304937.0000
2023-10-01,2023,10,Bogota,11,Informatica y telecomunicaciones,0,150.9723,-14.0000,10.4769,26.5300,33499.4737,-17.9000,10.9924,28.0300,30656.4849,0,354896.0000,304937.0000
2023-10-01,2023,10,Bogota,12,Sonido y video,0,114.4412,-14.0000,10.4769,26.5300,33499.4737,-17.9000,10.9924,28.0300,30656.4849,0,354896.0000,304937.0000
2023-10-01,2023,10,Bogota,14,"Ferreteria, vidrios y pinturas",0,124.4747,-14.0000,10.4769,26.5300,33499.4737,-17.9000,10.9924,28.0300,30656.4849,0,354896.0000,304937.0000
2023-10-01,2023,10,Bogota,15,Otras mercancias de uso domestico,0,131.5418,-14.0000,10.4769,26.5300,33499.4737,-17.9000,10.9924,28.0300,30656.4849,0,354896.0000,304937.0000
2023-10-01,2023,10,Cundinamarca,4,Prendas de vestir y textiles,0,113.1494,-14.0000,10.4769,26.5300,33499.4737,-17.9000,10.9924,28.0300,30656.4849,0,125923.0000,208773.0000
2023-10-01,2023,10,Cundinamarca,8,Electrodomesticos y muebles,1,106.5455,-14.0000,10.4769,26.5300,33499.4737,-17.9000,10.9924,28.0300,30656.4849,0,125923.0000,208773.0000
2023-10-01,2023,10,Cundinamarca,9,Articulos y utensilios domesticos,0,157.4200,-14.0000,10.4769,26.5300,33499.4737,-17.9000,10.9924,28.0300,30656.4849,0,125923.0000,208773.0000
2023-10-01,2023,10,Cundinamarca,10,Aseo del hogar,0,125.1946,-14.0000,10.4769,26.5300,33499.4737,-17.9000,10.9924,28.0300,30656.4849,0,125923.0000,208773.0000
2023-10-01,2023,10,Cundinamarca,11,Informatica y telecomunicaciones,0,144.5904,-14.0000,10.4769,26.5300,33499.4737,-17.9000,10.9924,28.0300,30656.4849,0,125923.0000,208773.0000
2023-10-01,2023,10,Cundinamarca,12,Sonido y video,0,126.2964,-14.0000,10.4769,26.5300,33499.4737,-17.9000,10.9924,28.0300,30656.4849,0,125923.0000,208773.0000
2023-10-01,2023,10,Cundinamarca,14,"Ferreteria, vidrios y pinturas",0,121.6208,-14.0000,10.4769,26.5300,33499.4737,-17.9000,10.9924,28.0300,30656.4849,0,125923.0000,208773.0000
2023-10-01,2023,10,Cundinamarca,15,Otras mercancias de uso domestico,0,125.4319,-14.0000,10.4769,26.5300,33499.4737,-17.9000,10.9924,28.0300,30656.4849,0,125923.0000,208773.0000
2023-10-01,2023,10,Santander,4,Prendas de vestir y textiles,0,101.2776,-14.0000,10.4769,26.5300,33499.4737,-17.9000,10.9924,28.0300,30656.4849,0,101329.0000,65064.0000
2023-10-01,2023,10,Santander,8,Electrodomesticos y muebles,1,91.0208,-14.0000,10.4769,26.5300,33499.4737,-17.9000,10.9924,28.0300,30656.4849,0,101329.0000,65064.0000
2023-10-01,2023,10,Santander,9,Articulos y utensilios domesticos,0,166.7071,-14.0000,10.4769,26.5300,33499.4737,-17.9000,10.9924,28.0300,30656.4849,0,101329.0000,65064.0000
2023-10-01,2023,10,Santander,10,Aseo del hogar,0,101.5731,-14.0000,10.4769,26.5300,33499.4737,-17.9000,10.9924,28.0300,30656.4849,0,101329.0000,65064.0000
2023-10-01,2023,10,Santander,11,Informatica y telecomunicaciones,0,119.2242,-14.0000,10.4769,26.5300,33499.4737,-17.9000,10.9924,28.0300,30656.4849,0,101329.0000,65064.0000
2023-10-01,2023,10,Santander,12,Sonido y video,0,106.2074,-14.0000,10.4769,26.5300,33499.4737,-17.9000,10.9924,28.0300,30656.4849,0,101329.0000,65064.0000
2023-10-01,2023,10,Santander,14,"Ferreteria, vidrios y pinturas",0,111.7841,-14.0000,10.4769,26.5300,33499.4737,-17.9000,10.9924,28.0300,30656.4849,0,101329.0000,65064.0000
2023-10-01,2023,10,Santander,15,Otras mercancias de uso domestico,0,113.4456,-14.0000,10.4769,26.5300,33499.4737,-17.9000,10.9924,28.0300,30656.4849,0,101329.0000,65064.0000
2023-10-01,2023,10,Valle del Cauca,4,Prendas de vestir y textiles,0,112.5447,-14.0000,10.4769,26.5300,33499.4737,-17.9000,10.9924,28.0300,30656.4849,0,63579.0000,222072.0000
2023-10-01,2023,10,Valle del Cauca,8,Electrodomesticos y muebles,1,94.0004,-14.0000,10.4769,26.5300,33499.4737,-17.9000,10.9924,28.0300,30656.4849,0,63579.0000,222072.0000
2023-10-01,2023,10,Valle del Cauca,9,Articulos y utensilios domesticos,0,112.6948,-14.0000,10.4769,26.5300,33499.4737,-17.9000,10.9924,28.0300,30656.4849,0,63579.0000,222072.0000
2023-10-01,2023,10,Valle del Cauca,10,Aseo del hogar,0,111.6939,-14.0000,10.4769,26.5300,33499.4737,-17.9000,10.9924,28.0300,30656.4849,0,63579.0000,222072.0000
2023-10-01,2023,10,Valle del Cauca,11,Informatica y telecomunicaciones,0,158.4631,-14.0000,10.4769,26.5300,33499.4737,-17.9000,10.9924,28.0300,30656.4849,0,63579.0000,222072.0000
2023-10-01,2023,10,Valle del Cauca,12,Sonido y video,0,129.0631,-14.0000,10.4769,26.5300,33499.4737,-17.9000,10.9924,28.0300,30656.4849,0,63579.0000,222072.0000
2023-10-01,2023,10,Valle del Cauca,14,"Ferreteria, vidrios y pinturas",0,73.1753,-14.0000,10.4769,26.5300,33499.4737,-17.9000,10.9924,28.0300,30656.4849,0,63579.0000,222072.0000
2023-10-01,2023,10,Valle del Cauca,15,Otras mercancias de uso domestico,0,101.6596,-14.0000,10.4769,26.5300,33499.4737,-17.9000,10.9924,28.0300,30656.4849,0,63579.0000,222072.0000
2023-10-01,2023,10,Otros departamentos,4,Prendas de vestir y textiles,0,102.7006,-14.0000,10.4769,26.5300,33499.4737,-17.9000,10.9924,28.0300,30656.4849,0,520504.0000,612820.0000
2023-10-01,2023,10,Otros departamentos,8,Electrodomesticos y muebles,1,124.2882,-14.0000,10.4769,26.5300,33499.4737,-17.9000,10.9924,28.0300,30656.4849,0,520504.0000,612820.0000
2023-10-01,2023,10,Otros departamentos,9,Articulos y utensilios domesticos,0,128.1278,-14.0000,10.4769,26.5300,33499.4737,-17.9000,10.9924,28.0300,30656.4849,0,520504.0000,612820.0000
2023-10-01,2023,10,Otros departamentos,10,Aseo del hogar,0,119.2553,-14.0000,10.4769,26.5300,33499.4737,-17.9000,10.9924,28.0300,30656.4849,0,520504.0000,612820.0000
2023-10-01,2023,10,Otros departamentos,11,Informatica y telecomunicaciones,0,146.0947,-14.0000,10.4769,26.5300,33499.4737,-17.9000,10.9924,28.0300,30656.4849,0,520504.0000,612820.0000
2023-10-01,2023,10,Otros departamentos,12,Sonido y video,0,101.6412,-14.0000,10.4769,26.5300,33499.4737,-17.9000,10.9924,28.0300,30656.4849,0,520504.0000,612820.0000
2023-10-01,2023,10,Otros departamentos,14,"Ferreteria, vidrios y pinturas",0,106.8782,-14.0000,10.4769,26.5300,33499.4737,-17.9000,10.9924,28.0300,30656.4849,0,520504.0000,612820.0000
2023-10-01,2023,10,Otros departamentos,15,Otras mercancias de uso domestico,0,112.7278,-14.0000,10.4769,26.5300,33499.4737,-17.9000,10.9924,28.0300,30656.4849,0,520504.0000,612820.0000
2023-11-01,2023,11,Antioquia,4,Prendas de vestir y textiles,0,162.3135,-20.9000,10.1478,25.5200,35429.2260,-14.0000,10.4769,26.5300,33499.4737,0,326796.0000,327501.0000
2023-11-01,2023,11,Antioquia,8,Electrodomesticos y muebles,1,131.7705,-20.9000,10.1478,25.5200,35429.2260,-14.0000,10.4769,26.5300,33499.4737,0,326796.0000,327501.0000
2023-11-01,2023,11,Antioquia,9,Articulos y utensilios domesticos,0,141.2179,-20.9000,10.1478,25.5200,35429.2260,-14.0000,10.4769,26.5300,33499.4737,0,326796.0000,327501.0000
2023-11-01,2023,11,Antioquia,10,Aseo del hogar,0,145.5933,-20.9000,10.1478,25.5200,35429.2260,-14.0000,10.4769,26.5300,33499.4737,0,326796.0000,327501.0000
2023-11-01,2023,11,Antioquia,11,Informatica y telecomunicaciones,0,197.4669,-20.9000,10.1478,25.5200,35429.2260,-14.0000,10.4769,26.5300,33499.4737,0,326796.0000,327501.0000
2023-11-01,2023,11,Antioquia,12,Sonido y video,0,163.3932,-20.9000,10.1478,25.5200,35429.2260,-14.0000,10.4769,26.5300,33499.4737,0,326796.0000,327501.0000
2023-11-01,2023,11,Antioquia,14,"Ferreteria, vidrios y pinturas",0,111.4733,-20.9000,10.1478,25.5200,35429.2260,-14.0000,10.4769,26.5300,33499.4737,0,326796.0000,327501.0000
2023-11-01,2023,11,Antioquia,15,Otras mercancias de uso domestico,0,135.1746,-20.9000,10.1478,25.5200,35429.2260,-14.0000,10.4769,26.5300,33499.4737,0,326796.0000,327501.0000
2023-11-01,2023,11,Atlantico,4,Prendas de vestir y textiles,0,126.8496,-20.9000,10.1478,25.5200,35429.2260,-14.0000,10.4769,26.5300,33499.4737,0,78702.0000,101663.0000
2023-11-01,2023,11,Atlantico,8,Electrodomesticos y muebles,1,106.0392,-20.9000,10.1478,25.5200,35429.2260,-14.0000,10.4769,26.5300,33499.4737,0,78702.0000,101663.0000
2023-11-01,2023,11,Atlantico,9,Articulos y utensilios domesticos,0,179.2938,-20.9000,10.1478,25.5200,35429.2260,-14.0000,10.4769,26.5300,33499.4737,0,78702.0000,101663.0000
2023-11-01,2023,11,Atlantico,10,Aseo del hogar,0,101.1443,-20.9000,10.1478,25.5200,35429.2260,-14.0000,10.4769,26.5300,33499.4737,0,78702.0000,101663.0000
2023-11-01,2023,11,Atlantico,11,Informatica y telecomunicaciones,0,141.7528,-20.9000,10.1478,25.5200,35429.2260,-14.0000,10.4769,26.5300,33499.4737,0,78702.0000,101663.0000
2023-11-01,2023,11,Atlantico,12,Sonido y video,0,155.9559,-20.9000,10.1478,25.5200,35429.2260,-14.0000,10.4769,26.5300,33499.4737,0,78702.0000,101663.0000
2023-11-01,2023,11,Atlantico,14,"Ferreteria, vidrios y pinturas",0,79.7645,-20.9000,10.1478,25.5200,35429.2260,-14.0000,10.4769,26.5300,33499.4737,0,78702.0000,101663.0000
2023-11-01,2023,11,Atlantico,15,Otras mercancias de uso domestico,0,118.5860,-20.9000,10.1478,25.5200,35429.2260,-14.0000,10.4769,26.5300,33499.4737,0,78702.0000,101663.0000
2023-11-01,2023,11,Bogota,4,Prendas de vestir y textiles,0,130.5885,-20.9000,10.1478,25.5200,35429.2260,-14.0000,10.4769,26.5300,33499.4737,0,334998.0000,354896.0000
2023-11-01,2023,11,Bogota,8,Electrodomesticos y muebles,1,143.7100,-20.9000,10.1478,25.5200,35429.2260,-14.0000,10.4769,26.5300,33499.4737,0,334998.0000,354896.0000
2023-11-01,2023,11,Bogota,9,Articulos y utensilios domesticos,0,181.4943,-20.9000,10.1478,25.5200,35429.2260,-14.0000,10.4769,26.5300,33499.4737,0,334998.0000,354896.0000
2023-11-01,2023,11,Bogota,10,Aseo del hogar,0,118.8690,-20.9000,10.1478,25.5200,35429.2260,-14.0000,10.4769,26.5300,33499.4737,0,334998.0000,354896.0000
2023-11-01,2023,11,Bogota,11,Informatica y telecomunicaciones,0,201.5229,-20.9000,10.1478,25.5200,35429.2260,-14.0000,10.4769,26.5300,33499.4737,0,334998.0000,354896.0000
2023-11-01,2023,11,Bogota,12,Sonido y video,0,181.9200,-20.9000,10.1478,25.5200,35429.2260,-14.0000,10.4769,26.5300,33499.4737,0,334998.0000,354896.0000
2023-11-01,2023,11,Bogota,14,"Ferreteria, vidrios y pinturas",0,153.7700,-20.9000,10.1478,25.5200,35429.2260,-14.0000,10.4769,26.5300,33499.4737,0,334998.0000,354896.0000
2023-11-01,2023,11,Bogota,15,Otras mercancias de uso domestico,0,164.5272,-20.9000,10.1478,25.5200,35429.2260,-14.0000,10.4769,26.5300,33499.4737,0,334998.0000,354896.0000
2023-11-01,2023,11,Cundinamarca,4,Prendas de vestir y textiles,0,137.8541,-20.9000,10.1478,25.5200,35429.2260,-14.0000,10.4769,26.5300,33499.4737,0,244050.0000,125923.0000
2023-11-01,2023,11,Cundinamarca,8,Electrodomesticos y muebles,1,136.0039,-20.9000,10.1478,25.5200,35429.2260,-14.0000,10.4769,26.5300,33499.4737,0,244050.0000,125923.0000
2023-11-01,2023,11,Cundinamarca,9,Articulos y utensilios domesticos,0,157.7992,-20.9000,10.1478,25.5200,35429.2260,-14.0000,10.4769,26.5300,33499.4737,0,244050.0000,125923.0000
2023-11-01,2023,11,Cundinamarca,10,Aseo del hogar,0,127.1322,-20.9000,10.1478,25.5200,35429.2260,-14.0000,10.4769,26.5300,33499.4737,0,244050.0000,125923.0000
2023-11-01,2023,11,Cundinamarca,11,Informatica y telecomunicaciones,0,157.0918,-20.9000,10.1478,25.5200,35429.2260,-14.0000,10.4769,26.5300,33499.4737,0,244050.0000,125923.0000
2023-11-01,2023,11,Cundinamarca,12,Sonido y video,0,140.5390,-20.9000,10.1478,25.5200,35429.2260,-14.0000,10.4769,26.5300,33499.4737,0,244050.0000,125923.0000
2023-11-01,2023,11,Cundinamarca,14,"Ferreteria, vidrios y pinturas",0,123.7104,-20.9000,10.1478,25.5200,35429.2260,-14.0000,10.4769,26.5300,33499.4737,0,244050.0000,125923.0000
2023-11-01,2023,11,Cundinamarca,15,Otras mercancias de uso domestico,0,141.4762,-20.9000,10.1478,25.5200,35429.2260,-14.0000,10.4769,26.5300,33499.4737,0,244050.0000,125923.0000
2023-11-01,2023,11,Santander,4,Prendas de vestir y textiles,0,119.6574,-20.9000,10.1478,25.5200,35429.2260,-14.0000,10.4769,26.5300,33499.4737,0,78335.0000,101329.0000
2023-11-01,2023,11,Santander,8,Electrodomesticos y muebles,1,113.2173,-20.9000,10.1478,25.5200,35429.2260,-14.0000,10.4769,26.5300,33499.4737,0,78335.0000,101329.0000
2023-11-01,2023,11,Santander,9,Articulos y utensilios domesticos,0,187.6482,-20.9000,10.1478,25.5200,35429.2260,-14.0000,10.4769,26.5300,33499.4737,0,78335.0000,101329.0000
2023-11-01,2023,11,Santander,10,Aseo del hogar,0,96.0076,-20.9000,10.1478,25.5200,35429.2260,-14.0000,10.4769,26.5300,33499.4737,0,78335.0000,101329.0000
2023-11-01,2023,11,Santander,11,Informatica y telecomunicaciones,0,130.4267,-20.9000,10.1478,25.5200,35429.2260,-14.0000,10.4769,26.5300,33499.4737,0,78335.0000,101329.0000
2023-11-01,2023,11,Santander,12,Sonido y video,0,129.0725,-20.9000,10.1478,25.5200,35429.2260,-14.0000,10.4769,26.5300,33499.4737,0,78335.0000,101329.0000
2023-11-01,2023,11,Santander,14,"Ferreteria, vidrios y pinturas",0,100.9070,-20.9000,10.1478,25.5200,35429.2260,-14.0000,10.4769,26.5300,33499.4737,0,78335.0000,101329.0000
2023-11-01,2023,11,Santander,15,Otras mercancias de uso domestico,0,124.2562,-20.9000,10.1478,25.5200,35429.2260,-14.0000,10.4769,26.5300,33499.4737,0,78335.0000,101329.0000
2023-11-01,2023,11,Valle del Cauca,4,Prendas de vestir y textiles,0,125.8982,-20.9000,10.1478,25.5200,35429.2260,-14.0000,10.4769,26.5300,33499.4737,0,272382.0000,63579.0000
2023-11-01,2023,11,Valle del Cauca,8,Electrodomesticos y muebles,1,116.1042,-20.9000,10.1478,25.5200,35429.2260,-14.0000,10.4769,26.5300,33499.4737,0,272382.0000,63579.0000
2023-11-01,2023,11,Valle del Cauca,9,Articulos y utensilios domesticos,0,132.0756,-20.9000,10.1478,25.5200,35429.2260,-14.0000,10.4769,26.5300,33499.4737,0,272382.0000,63579.0000
2023-11-01,2023,11,Valle del Cauca,10,Aseo del hogar,0,97.7616,-20.9000,10.1478,25.5200,35429.2260,-14.0000,10.4769,26.5300,33499.4737,0,272382.0000,63579.0000
2023-11-01,2023,11,Valle del Cauca,11,Informatica y telecomunicaciones,0,180.1647,-20.9000,10.1478,25.5200,35429.2260,-14.0000,10.4769,26.5300,33499.4737,0,272382.0000,63579.0000
2023-11-01,2023,11,Valle del Cauca,12,Sonido y video,0,170.3511,-20.9000,10.1478,25.5200,35429.2260,-14.0000,10.4769,26.5300,33499.4737,0,272382.0000,63579.0000
2023-11-01,2023,11,Valle del Cauca,14,"Ferreteria, vidrios y pinturas",0,76.3512,-20.9000,10.1478,25.5200,35429.2260,-14.0000,10.4769,26.5300,33499.4737,0,272382.0000,63579.0000
2023-11-01,2023,11,Valle del Cauca,15,Otras mercancias de uso domestico,0,138.1621,-20.9000,10.1478,25.5200,35429.2260,-14.0000,10.4769,26.5300,33499.4737,0,272382.0000,63579.0000
2023-11-01,2023,11,Otros departamentos,4,Prendas de vestir y textiles,0,133.2737,-20.9000,10.1478,25.5200,35429.2260,-14.0000,10.4769,26.5300,33499.4737,0,630790.0000,520504.0000
2023-11-01,2023,11,Otros departamentos,8,Electrodomesticos y muebles,1,134.5972,-20.9000,10.1478,25.5200,35429.2260,-14.0000,10.4769,26.5300,33499.4737,0,630790.0000,520504.0000
2023-11-01,2023,11,Otros departamentos,9,Articulos y utensilios domesticos,0,151.6710,-20.9000,10.1478,25.5200,35429.2260,-14.0000,10.4769,26.5300,33499.4737,0,630790.0000,520504.0000
2023-11-01,2023,11,Otros departamentos,10,Aseo del hogar,0,119.8793,-20.9000,10.1478,25.5200,35429.2260,-14.0000,10.4769,26.5300,33499.4737,0,630790.0000,520504.0000
2023-11-01,2023,11,Otros departamentos,11,Informatica y telecomunicaciones,0,168.1111,-20.9000,10.1478,25.5200,35429.2260,-14.0000,10.4769,26.5300,33499.4737,0,630790.0000,520504.0000
2023-11-01,2023,11,Otros departamentos,12,Sonido y video,0,144.4929,-20.9000,10.1478,25.5200,35429.2260,-14.0000,10.4769,26.5300,33499.4737,0,630790.0000,520504.0000
2023-11-01,2023,11,Otros departamentos,14,"Ferreteria, vidrios y pinturas",0,107.6291,-20.9000,10.1478,25.5200,35429.2260,-14.0000,10.4769,26.5300,33499.4737,0,630790.0000,520504.0000
2023-11-01,2023,11,Otros departamentos,15,Otras mercancias de uso domestico,0,111.0366,-20.9000,10.1478,25.5200,35429.2260,-14.0000,10.4769,26.5300,33499.4737,0,630790.0000,520504.0000
2023-12-01,2023,12,Antioquia,4,Prendas de vestir y textiles,0,327.2124,-17.3000,9.2756,25.0400,35736.3028,-20.9000,10.1478,25.5200,35429.2260,0,564405.0000,326796.0000
2023-12-01,2023,12,Antioquia,8,Electrodomesticos y muebles,1,117.5910,-17.3000,9.2756,25.0400,35736.3028,-20.9000,10.1478,25.5200,35429.2260,0,564405.0000,326796.0000
2023-12-01,2023,12,Antioquia,9,Articulos y utensilios domesticos,0,194.0553,-17.3000,9.2756,25.0400,35736.3028,-20.9000,10.1478,25.5200,35429.2260,0,564405.0000,326796.0000
2023-12-01,2023,12,Antioquia,10,Aseo del hogar,0,164.5649,-17.3000,9.2756,25.0400,35736.3028,-20.9000,10.1478,25.5200,35429.2260,0,564405.0000,326796.0000
2023-12-01,2023,12,Antioquia,11,Informatica y telecomunicaciones,0,223.5587,-17.3000,9.2756,25.0400,35736.3028,-20.9000,10.1478,25.5200,35429.2260,0,564405.0000,326796.0000
2023-12-01,2023,12,Antioquia,12,Sonido y video,0,177.6510,-17.3000,9.2756,25.0400,35736.3028,-20.9000,10.1478,25.5200,35429.2260,0,564405.0000,326796.0000
2023-12-01,2023,12,Antioquia,14,"Ferreteria, vidrios y pinturas",0,111.0523,-17.3000,9.2756,25.0400,35736.3028,-20.9000,10.1478,25.5200,35429.2260,0,564405.0000,326796.0000
2023-12-01,2023,12,Antioquia,15,Otras mercancias de uso domestico,0,151.5143,-17.3000,9.2756,25.0400,35736.3028,-20.9000,10.1478,25.5200,35429.2260,0,564405.0000,326796.0000
2023-12-01,2023,12,Atlantico,4,Prendas de vestir y textiles,0,266.2849,-17.3000,9.2756,25.0400,35736.3028,-20.9000,10.1478,25.5200,35429.2260,0,109681.0000,78702.0000
2023-12-01,2023,12,Atlantico,8,Electrodomesticos y muebles,1,129.2664,-17.3000,9.2756,25.0400,35736.3028,-20.9000,10.1478,25.5200,35429.2260,0,109681.0000,78702.0000
2023-12-01,2023,12,Atlantico,9,Articulos y utensilios domesticos,0,193.9024,-17.3000,9.2756,25.0400,35736.3028,-20.9000,10.1478,25.5200,35429.2260,0,109681.0000,78702.0000
2023-12-01,2023,12,Atlantico,10,Aseo del hogar,0,122.9965,-17.3000,9.2756,25.0400,35736.3028,-20.9000,10.1478,25.5200,35429.2260,0,109681.0000,78702.0000
2023-12-01,2023,12,Atlantico,11,Informatica y telecomunicaciones,0,168.9023,-17.3000,9.2756,25.0400,35736.3028,-20.9000,10.1478,25.5200,35429.2260,0,109681.0000,78702.0000
2023-12-01,2023,12,Atlantico,12,Sonido y video,0,169.3763,-17.3000,9.2756,25.0400,35736.3028,-20.9000,10.1478,25.5200,35429.2260,0,109681.0000,78702.0000
2023-12-01,2023,12,Atlantico,14,"Ferreteria, vidrios y pinturas",0,84.6389,-17.3000,9.2756,25.0400,35736.3028,-20.9000,10.1478,25.5200,35429.2260,0,109681.0000,78702.0000
2023-12-01,2023,12,Atlantico,15,Otras mercancias de uso domestico,0,132.5931,-17.3000,9.2756,25.0400,35736.3028,-20.9000,10.1478,25.5200,35429.2260,0,109681.0000,78702.0000
2023-12-01,2023,12,Bogota,4,Prendas de vestir y textiles,0,250.7886,-17.3000,9.2756,25.0400,35736.3028,-20.9000,10.1478,25.5200,35429.2260,0,298966.0000,334998.0000
2023-12-01,2023,12,Bogota,8,Electrodomesticos y muebles,1,126.1806,-17.3000,9.2756,25.0400,35736.3028,-20.9000,10.1478,25.5200,35429.2260,0,298966.0000,334998.0000
2023-12-01,2023,12,Bogota,9,Articulos y utensilios domesticos,0,177.8227,-17.3000,9.2756,25.0400,35736.3028,-20.9000,10.1478,25.5200,35429.2260,0,298966.0000,334998.0000
2023-12-01,2023,12,Bogota,10,Aseo del hogar,0,106.8379,-17.3000,9.2756,25.0400,35736.3028,-20.9000,10.1478,25.5200,35429.2260,0,298966.0000,334998.0000
2023-12-01,2023,12,Bogota,11,Informatica y telecomunicaciones,0,239.5371,-17.3000,9.2756,25.0400,35736.3028,-20.9000,10.1478,25.5200,35429.2260,0,298966.0000,334998.0000
2023-12-01,2023,12,Bogota,12,Sonido y video,0,133.1054,-17.3000,9.2756,25.0400,35736.3028,-20.9000,10.1478,25.5200,35429.2260,0,298966.0000,334998.0000
2023-12-01,2023,12,Bogota,14,"Ferreteria, vidrios y pinturas",0,140.2755,-17.3000,9.2756,25.0400,35736.3028,-20.9000,10.1478,25.5200,35429.2260,0,298966.0000,334998.0000
2023-12-01,2023,12,Bogota,15,Otras mercancias de uso domestico,0,191.8532,-17.3000,9.2756,25.0400,35736.3028,-20.9000,10.1478,25.5200,35429.2260,0,298966.0000,334998.0000
2023-12-01,2023,12,Cundinamarca,4,Prendas de vestir y textiles,0,274.5210,-17.3000,9.2756,25.0400,35736.3028,-20.9000,10.1478,25.5200,35429.2260,0,675151.0000,244050.0000
2023-12-01,2023,12,Cundinamarca,8,Electrodomesticos y muebles,1,141.8143,-17.3000,9.2756,25.0400,35736.3028,-20.9000,10.1478,25.5200,35429.2260,0,675151.0000,244050.0000
2023-12-01,2023,12,Cundinamarca,9,Articulos y utensilios domesticos,0,189.7393,-17.3000,9.2756,25.0400,35736.3028,-20.9000,10.1478,25.5200,35429.2260,0,675151.0000,244050.0000
2023-12-01,2023,12,Cundinamarca,10,Aseo del hogar,0,169.4408,-17.3000,9.2756,25.0400,35736.3028,-20.9000,10.1478,25.5200,35429.2260,0,675151.0000,244050.0000
2023-12-01,2023,12,Cundinamarca,11,Informatica y telecomunicaciones,0,191.6106,-17.3000,9.2756,25.0400,35736.3028,-20.9000,10.1478,25.5200,35429.2260,0,675151.0000,244050.0000
2023-12-01,2023,12,Cundinamarca,12,Sonido y video,0,113.4546,-17.3000,9.2756,25.0400,35736.3028,-20.9000,10.1478,25.5200,35429.2260,0,675151.0000,244050.0000
2023-12-01,2023,12,Cundinamarca,14,"Ferreteria, vidrios y pinturas",0,114.1151,-17.3000,9.2756,25.0400,35736.3028,-20.9000,10.1478,25.5200,35429.2260,0,675151.0000,244050.0000
2023-12-01,2023,12,Cundinamarca,15,Otras mercancias de uso domestico,0,181.8084,-17.3000,9.2756,25.0400,35736.3028,-20.9000,10.1478,25.5200,35429.2260,0,675151.0000,244050.0000
2023-12-01,2023,12,Santander,4,Prendas de vestir y textiles,0,259.0569,-17.3000,9.2756,25.0400,35736.3028,-20.9000,10.1478,25.5200,35429.2260,0,290782.0000,78335.0000
2023-12-01,2023,12,Santander,8,Electrodomesticos y muebles,1,100.4836,-17.3000,9.2756,25.0400,35736.3028,-20.9000,10.1478,25.5200,35429.2260,0,290782.0000,78335.0000
2023-12-01,2023,12,Santander,9,Articulos y utensilios domesticos,0,208.6314,-17.3000,9.2756,25.0400,35736.3028,-20.9000,10.1478,25.5200,35429.2260,0,290782.0000,78335.0000
2023-12-01,2023,12,Santander,10,Aseo del hogar,0,128.1167,-17.3000,9.2756,25.0400,35736.3028,-20.9000,10.1478,25.5200,35429.2260,0,290782.0000,78335.0000
2023-12-01,2023,12,Santander,11,Informatica y telecomunicaciones,0,170.1428,-17.3000,9.2756,25.0400,35736.3028,-20.9000,10.1478,25.5200,35429.2260,0,290782.0000,78335.0000
2023-12-01,2023,12,Santander,12,Sonido y video,0,173.0655,-17.3000,9.2756,25.0400,35736.3028,-20.9000,10.1478,25.5200,35429.2260,0,290782.0000,78335.0000
2023-12-01,2023,12,Santander,14,"Ferreteria, vidrios y pinturas",0,92.1762,-17.3000,9.2756,25.0400,35736.3028,-20.9000,10.1478,25.5200,35429.2260,0,290782.0000,78335.0000
2023-12-01,2023,12,Santander,15,Otras mercancias de uso domestico,0,149.2998,-17.3000,9.2756,25.0400,35736.3028,-20.9000,10.1478,25.5200,35429.2260,0,290782.0000,78335.0000
2023-12-01,2023,12,Valle del Cauca,4,Prendas de vestir y textiles,0,253.1597,-17.3000,9.2756,25.0400,35736.3028,-20.9000,10.1478,25.5200,35429.2260,0,356878.0000,272382.0000
2023-12-01,2023,12,Valle del Cauca,8,Electrodomesticos y muebles,1,92.6452,-17.3000,9.2756,25.0400,35736.3028,-20.9000,10.1478,25.5200,35429.2260,0,356878.0000,272382.0000
2023-12-01,2023,12,Valle del Cauca,9,Articulos y utensilios domesticos,0,144.6574,-17.3000,9.2756,25.0400,35736.3028,-20.9000,10.1478,25.5200,35429.2260,0,356878.0000,272382.0000
2023-12-01,2023,12,Valle del Cauca,10,Aseo del hogar,0,120.4883,-17.3000,9.2756,25.0400,35736.3028,-20.9000,10.1478,25.5200,35429.2260,0,356878.0000,272382.0000
2023-12-01,2023,12,Valle del Cauca,11,Informatica y telecomunicaciones,0,195.8403,-17.3000,9.2756,25.0400,35736.3028,-20.9000,10.1478,25.5200,35429.2260,0,356878.0000,272382.0000
2023-12-01,2023,12,Valle del Cauca,12,Sonido y video,0,149.1632,-17.3000,9.2756,25.0400,35736.3028,-20.9000,10.1478,25.5200,35429.2260,0,356878.0000,272382.0000
2023-12-01,2023,12,Valle del Cauca,14,"Ferreteria, vidrios y pinturas",0,64.2590,-17.3000,9.2756,25.0400,35736.3028,-20.9000,10.1478,25.5200,35429.2260,0,356878.0000,272382.0000
2023-12-01,2023,12,Valle del Cauca,15,Otras mercancias de uso domestico,0,142.0859,-17.3000,9.2756,25.0400,35736.3028,-20.9000,10.1478,25.5200,35429.2260,0,356878.0000,272382.0000
2023-12-01,2023,12,Otros departamentos,4,Prendas de vestir y textiles,0,308.7234,-17.3000,9.2756,25.0400,35736.3028,-20.9000,10.1478,25.5200,35429.2260,0,964386.0000,630790.0000
2023-12-01,2023,12,Otros departamentos,8,Electrodomesticos y muebles,1,133.9171,-17.3000,9.2756,25.0400,35736.3028,-20.9000,10.1478,25.5200,35429.2260,0,964386.0000,630790.0000
2023-12-01,2023,12,Otros departamentos,9,Articulos y utensilios domesticos,0,211.1724,-17.3000,9.2756,25.0400,35736.3028,-20.9000,10.1478,25.5200,35429.2260,0,964386.0000,630790.0000
2023-12-01,2023,12,Otros departamentos,10,Aseo del hogar,0,145.3454,-17.3000,9.2756,25.0400,35736.3028,-20.9000,10.1478,25.5200,35429.2260,0,964386.0000,630790.0000
2023-12-01,2023,12,Otros departamentos,11,Informatica y telecomunicaciones,0,215.4578,-17.3000,9.2756,25.0400,35736.3028,-20.9000,10.1478,25.5200,35429.2260,0,964386.0000,630790.0000
2023-12-01,2023,12,Otros departamentos,12,Sonido y video,0,157.5237,-17.3000,9.2756,25.0400,35736.3028,-20.9000,10.1478,25.5200,35429.2260,0,964386.0000,630790.0000
2023-12-01,2023,12,Otros departamentos,14,"Ferreteria, vidrios y pinturas",0,110.4346,-17.3000,9.2756,25.0400,35736.3028,-20.9000,10.1478,25.5200,35429.2260,0,964386.0000,630790.0000
2023-12-01,2023,12,Otros departamentos,15,Otras mercancias de uso domestico,0,180.8145,-17.3000,9.2756,25.0400,35736.3028,-20.9000,10.1478,25.5200,35429.2260,0,964386.0000,630790.0000
2024-01-01,2024,1,Antioquia,4,Prendas de vestir y textiles,0,109.2435,-7.9000,8.3496,23.3200,34833.1347,-17.3000,9.2756,25.0400,35736.3028,0,259205.0000,564405.0000
2024-01-01,2024,1,Antioquia,8,Electrodomesticos y muebles,1,100.0021,-7.9000,8.3496,23.3200,34833.1347,-17.3000,9.2756,25.0400,35736.3028,0,259205.0000,564405.0000
2024-01-01,2024,1,Antioquia,9,Articulos y utensilios domesticos,0,161.5327,-7.9000,8.3496,23.3200,34833.1347,-17.3000,9.2756,25.0400,35736.3028,0,259205.0000,564405.0000
2024-01-01,2024,1,Antioquia,10,Aseo del hogar,0,134.0935,-7.9000,8.3496,23.3200,34833.1347,-17.3000,9.2756,25.0400,35736.3028,0,259205.0000,564405.0000
2024-01-01,2024,1,Antioquia,11,Informatica y telecomunicaciones,0,166.4980,-7.9000,8.3496,23.3200,34833.1347,-17.3000,9.2756,25.0400,35736.3028,0,259205.0000,564405.0000
2024-01-01,2024,1,Antioquia,12,Sonido y video,0,122.8601,-7.9000,8.3496,23.3200,34833.1347,-17.3000,9.2756,25.0400,35736.3028,0,259205.0000,564405.0000
2024-01-01,2024,1,Antioquia,14,"Ferreteria, vidrios y pinturas",0,85.3083,-7.9000,8.3496,23.3200,34833.1347,-17.3000,9.2756,25.0400,35736.3028,0,259205.0000,564405.0000
2024-01-01,2024,1,Antioquia,15,Otras mercancias de uso domestico,0,89.7064,-7.9000,8.3496,23.3200,34833.1347,-17.3000,9.2756,25.0400,35736.3028,0,259205.0000,564405.0000
2024-01-01,2024,1,Atlantico,4,Prendas de vestir y textiles,0,73.2928,-7.9000,8.3496,23.3200,34833.1347,-17.3000,9.2756,25.0400,35736.3028,0,19569.0000,109681.0000
2024-01-01,2024,1,Atlantico,8,Electrodomesticos y muebles,1,105.9543,-7.9000,8.3496,23.3200,34833.1347,-17.3000,9.2756,25.0400,35736.3028,0,19569.0000,109681.0000
2024-01-01,2024,1,Atlantico,9,Articulos y utensilios domesticos,0,120.2911,-7.9000,8.3496,23.3200,34833.1347,-17.3000,9.2756,25.0400,35736.3028,0,19569.0000,109681.0000
2024-01-01,2024,1,Atlantico,10,Aseo del hogar,0,103.5236,-7.9000,8.3496,23.3200,34833.1347,-17.3000,9.2756,25.0400,35736.3028,0,19569.0000,109681.0000
2024-01-01,2024,1,Atlantico,11,Informatica y telecomunicaciones,0,122.7094,-7.9000,8.3496,23.3200,34833.1347,-17.3000,9.2756,25.0400,35736.3028,0,19569.0000,109681.0000
2024-01-01,2024,1,Atlantico,12,Sonido y video,0,107.6451,-7.9000,8.3496,23.3200,34833.1347,-17.3000,9.2756,25.0400,35736.3028,0,19569.0000,109681.0000
2024-01-01,2024,1,Atlantico,14,"Ferreteria, vidrios y pinturas",0,81.3297,-7.9000,8.3496,23.3200,34833.1347,-17.3000,9.2756,25.0400,35736.3028,0,19569.0000,109681.0000
2024-01-01,2024,1,Atlantico,15,Otras mercancias de uso domestico,0,75.5227,-7.9000,8.3496,23.3200,34833.1347,-17.3000,9.2756,25.0400,35736.3028,0,19569.0000,109681.0000
2024-01-01,2024,1,Bogota,4,Prendas de vestir y textiles,0,84.6191,-7.9000,8.3496,23.3200,34833.1347,-17.3000,9.2756,25.0400,35736.3028,0,174669.0000,298966.0000
2024-01-01,2024,1,Bogota,8,Electrodomesticos y muebles,1,137.3842,-7.9000,8.3496,23.3200,34833.1347,-17.3000,9.2756,25.0400,35736.3028,0,174669.0000,298966.0000
2024-01-01,2024,1,Bogota,9,Articulos y utensilios domesticos,0,124.2273,-7.9000,8.3496,23.3200,34833.1347,-17.3000,9.2756,25.0400,35736.3028,0,174669.0000,298966.0000
2024-01-01,2024,1,Bogota,10,Aseo del hogar,0,100.9366,-7.9000,8.3496,23.3200,34833.1347,-17.3000,9.2756,25.0400,35736.3028,0,174669.0000,298966.0000
2024-01-01,2024,1,Bogota,11,Informatica y telecomunicaciones,0,139.5525,-7.9000,8.3496,23.3200,34833.1347,-17.3000,9.2756,25.0400,35736.3028,0,174669.0000,298966.0000
2024-01-01,2024,1,Bogota,12,Sonido y video,0,79.7593,-7.9000,8.3496,23.3200,34833.1347,-17.3000,9.2756,25.0400,35736.3028,0,174669.0000,298966.0000
2024-01-01,2024,1,Bogota,14,"Ferreteria, vidrios y pinturas",0,112.8862,-7.9000,8.3496,23.3200,34833.1347,-17.3000,9.2756,25.0400,35736.3028,0,174669.0000,298966.0000
2024-01-01,2024,1,Bogota,15,Otras mercancias de uso domestico,0,103.0472,-7.9000,8.3496,23.3200,34833.1347,-17.3000,9.2756,25.0400,35736.3028,0,174669.0000,298966.0000
2024-01-01,2024,1,Cundinamarca,4,Prendas de vestir y textiles,0,98.2032,-7.9000,8.3496,23.3200,34833.1347,-17.3000,9.2756,25.0400,35736.3028,0,66025.0000,675151.0000
2024-01-01,2024,1,Cundinamarca,8,Electrodomesticos y muebles,1,149.3425,-7.9000,8.3496,23.3200,34833.1347,-17.3000,9.2756,25.0400,35736.3028,0,66025.0000,675151.0000
2024-01-01,2024,1,Cundinamarca,9,Articulos y utensilios domesticos,0,141.4208,-7.9000,8.3496,23.3200,34833.1347,-17.3000,9.2756,25.0400,35736.3028,0,66025.0000,675151.0000
2024-01-01,2024,1,Cundinamarca,10,Aseo del hogar,0,151.0172,-7.9000,8.3496,23.3200,34833.1347,-17.3000,9.2756,25.0400,35736.3028,0,66025.0000,675151.0000
2024-01-01,2024,1,Cundinamarca,11,Informatica y telecomunicaciones,0,187.6422,-7.9000,8.3496,23.3200,34833.1347,-17.3000,9.2756,25.0400,35736.3028,0,66025.0000,675151.0000
2024-01-01,2024,1,Cundinamarca,12,Sonido y video,0,114.7216,-7.9000,8.3496,23.3200,34833.1347,-17.3000,9.2756,25.0400,35736.3028,0,66025.0000,675151.0000
2024-01-01,2024,1,Cundinamarca,14,"Ferreteria, vidrios y pinturas",0,110.3609,-7.9000,8.3496,23.3200,34833.1347,-17.3000,9.2756,25.0400,35736.3028,0,66025.0000,675151.0000
2024-01-01,2024,1,Cundinamarca,15,Otras mercancias de uso domestico,0,122.4044,-7.9000,8.3496,23.3200,34833.1347,-17.3000,9.2756,25.0400,35736.3028,0,66025.0000,675151.0000
2024-01-01,2024,1,Santander,4,Prendas de vestir y textiles,0,69.4141,-7.9000,8.3496,23.3200,34833.1347,-17.3000,9.2756,25.0400,35736.3028,0,65002.0000,290782.0000
2024-01-01,2024,1,Santander,8,Electrodomesticos y muebles,1,84.5914,-7.9000,8.3496,23.3200,34833.1347,-17.3000,9.2756,25.0400,35736.3028,0,65002.0000,290782.0000
2024-01-01,2024,1,Santander,9,Articulos y utensilios domesticos,0,125.8083,-7.9000,8.3496,23.3200,34833.1347,-17.3000,9.2756,25.0400,35736.3028,0,65002.0000,290782.0000
2024-01-01,2024,1,Santander,10,Aseo del hogar,0,133.0826,-7.9000,8.3496,23.3200,34833.1347,-17.3000,9.2756,25.0400,35736.3028,0,65002.0000,290782.0000
2024-01-01,2024,1,Santander,11,Informatica y telecomunicaciones,0,127.3216,-7.9000,8.3496,23.3200,34833.1347,-17.3000,9.2756,25.0400,35736.3028,0,65002.0000,290782.0000
2024-01-01,2024,1,Santander,12,Sonido y video,0,99.1618,-7.9000,8.3496,23.3200,34833.1347,-17.3000,9.2756,25.0400,35736.3028,0,65002.0000,290782.0000
2024-01-01,2024,1,Santander,14,"Ferreteria, vidrios y pinturas",0,92.0864,-7.9000,8.3496,23.3200,34833.1347,-17.3000,9.2756,25.0400,35736.3028,0,65002.0000,290782.0000
2024-01-01,2024,1,Santander,15,Otras mercancias de uso domestico,0,89.6415,-7.9000,8.3496,23.3200,34833.1347,-17.3000,9.2756,25.0400,35736.3028,0,65002.0000,290782.0000
2024-01-01,2024,1,Valle del Cauca,4,Prendas de vestir y textiles,0,73.7792,-7.9000,8.3496,23.3200,34833.1347,-17.3000,9.2756,25.0400,35736.3028,0,128359.0000,356878.0000
2024-01-01,2024,1,Valle del Cauca,8,Electrodomesticos y muebles,1,110.7590,-7.9000,8.3496,23.3200,34833.1347,-17.3000,9.2756,25.0400,35736.3028,0,128359.0000,356878.0000
2024-01-01,2024,1,Valle del Cauca,9,Articulos y utensilios domesticos,0,100.1840,-7.9000,8.3496,23.3200,34833.1347,-17.3000,9.2756,25.0400,35736.3028,0,128359.0000,356878.0000
2024-01-01,2024,1,Valle del Cauca,10,Aseo del hogar,0,110.6369,-7.9000,8.3496,23.3200,34833.1347,-17.3000,9.2756,25.0400,35736.3028,0,128359.0000,356878.0000
2024-01-01,2024,1,Valle del Cauca,11,Informatica y telecomunicaciones,0,138.1927,-7.9000,8.3496,23.3200,34833.1347,-17.3000,9.2756,25.0400,35736.3028,0,128359.0000,356878.0000
2024-01-01,2024,1,Valle del Cauca,12,Sonido y video,0,99.1410,-7.9000,8.3496,23.3200,34833.1347,-17.3000,9.2756,25.0400,35736.3028,0,128359.0000,356878.0000
2024-01-01,2024,1,Valle del Cauca,14,"Ferreteria, vidrios y pinturas",0,80.5822,-7.9000,8.3496,23.3200,34833.1347,-17.3000,9.2756,25.0400,35736.3028,0,128359.0000,356878.0000
2024-01-01,2024,1,Valle del Cauca,15,Otras mercancias de uso domestico,0,98.8500,-7.9000,8.3496,23.3200,34833.1347,-17.3000,9.2756,25.0400,35736.3028,0,128359.0000,356878.0000
2024-01-01,2024,1,Otros departamentos,4,Prendas de vestir y textiles,0,85.8707,-7.9000,8.3496,23.3200,34833.1347,-17.3000,9.2756,25.0400,35736.3028,0,452656.0000,964386.0000
2024-01-01,2024,1,Otros departamentos,8,Electrodomesticos y muebles,1,129.8878,-7.9000,8.3496,23.3200,34833.1347,-17.3000,9.2756,25.0400,35736.3028,0,452656.0000,964386.0000
2024-01-01,2024,1,Otros departamentos,9,Articulos y utensilios domesticos,0,141.0465,-7.9000,8.3496,23.3200,34833.1347,-17.3000,9.2756,25.0400,35736.3028,0,452656.0000,964386.0000
2024-01-01,2024,1,Otros departamentos,10,Aseo del hogar,0,139.5834,-7.9000,8.3496,23.3200,34833.1347,-17.3000,9.2756,25.0400,35736.3028,0,452656.0000,964386.0000
2024-01-01,2024,1,Otros departamentos,11,Informatica y telecomunicaciones,0,155.7871,-7.9000,8.3496,23.3200,34833.1347,-17.3000,9.2756,25.0400,35736.3028,0,452656.0000,964386.0000
2024-01-01,2024,1,Otros departamentos,12,Sonido y video,0,98.9275,-7.9000,8.3496,23.3200,34833.1347,-17.3000,9.2756,25.0400,35736.3028,0,452656.0000,964386.0000
2024-01-01,2024,1,Otros departamentos,14,"Ferreteria, vidrios y pinturas",0,111.4292,-7.9000,8.3496,23.3200,34833.1347,-17.3000,9.2756,25.0400,35736.3028,0,452656.0000,964386.0000
2024-01-01,2024,1,Otros departamentos,15,Otras mercancias de uso domestico,0,109.3798,-7.9000,8.3496,23.3200,34833.1347,-17.3000,9.2756,25.0400,35736.3028,0,452656.0000,964386.0000
2024-02-01,2024,2,Antioquia,4,Prendas de vestir y textiles,0,99.3428,-9.4000,7.7377,23.3100,32558.6629,-7.9000,8.3496,23.3200,34833.1347,0,138824.0000,259205.0000
2024-02-01,2024,2,Antioquia,8,Electrodomesticos y muebles,1,109.0684,-9.4000,7.7377,23.3100,32558.6629,-7.9000,8.3496,23.3200,34833.1347,0,138824.0000,259205.0000
2024-02-01,2024,2,Antioquia,9,Articulos y utensilios domesticos,0,142.2426,-9.4000,7.7377,23.3100,32558.6629,-7.9000,8.3496,23.3200,34833.1347,0,138824.0000,259205.0000
2024-02-01,2024,2,Antioquia,10,Aseo del hogar,0,105.8492,-9.4000,7.7377,23.3100,32558.6629,-7.9000,8.3496,23.3200,34833.1347,0,138824.0000,259205.0000
2024-02-01,2024,2,Antioquia,11,Informatica y telecomunicaciones,0,148.1104,-9.4000,7.7377,23.3100,32558.6629,-7.9000,8.3496,23.3200,34833.1347,0,138824.0000,259205.0000
2024-02-01,2024,2,Antioquia,12,Sonido y video,0,106.8545,-9.4000,7.7377,23.3100,32558.6629,-7.9000,8.3496,23.3200,34833.1347,0,138824.0000,259205.0000
2024-02-01,2024,2,Antioquia,14,"Ferreteria, vidrios y pinturas",0,80.1894,-9.4000,7.7377,23.3100,32558.6629,-7.9000,8.3496,23.3200,34833.1347,0,138824.0000,259205.0000
2024-02-01,2024,2,Antioquia,15,Otras mercancias de uso domestico,0,93.4980,-9.4000,7.7377,23.3100,32558.6629,-7.9000,8.3496,23.3200,34833.1347,0,138824.0000,259205.0000
2024-02-01,2024,2,Atlantico,4,Prendas de vestir y textiles,0,55.3382,-9.4000,7.7377,23.3100,32558.6629,-7.9000,8.3496,23.3200,34833.1347,0,18091.0000,19569.0000
2024-02-01,2024,2,Atlantico,8,Electrodomesticos y muebles,1,100.2147,-9.4000,7.7377,23.3100,32558.6629,-7.9000,8.3496,23.3200,34833.1347,0,18091.0000,19569.0000
2024-02-01,2024,2,Atlantico,9,Articulos y utensilios domesticos,0,109.6355,-9.4000,7.7377,23.3100,32558.6629,-7.9000,8.3496,23.3200,34833.1347,0,18091.0000,19569.0000
2024-02-01,2024,2,Atlantico,10,Aseo del hogar,0,126.6371,-9.4000,7.7377,23.3100,32558.6629,-7.9000,8.3496,23.3200,34833.1347,0,18091.0000,19569.0000
2024-02-01,2024,2,Atlantico,11,Informatica y telecomunicaciones,0,130.6612,-9.4000,7.7377,23.3100,32558.6629,-7.9000,8.3496,23.3200,34833.1347,0,18091.0000,19569.0000
2024-02-01,2024,2,Atlantico,12,Sonido y video,0,102.8870,-9.4000,7.7377,23.3100,32558.6629,-7.9000,8.3496,23.3200,34833.1347,0,18091.0000,19569.0000
2024-02-01,2024,2,Atlantico,14,"Ferreteria, vidrios y pinturas",0,85.1175,-9.4000,7.7377,23.3100,32558.6629,-7.9000,8.3496,23.3200,34833.1347,0,18091.0000,19569.0000
2024-02-01,2024,2,Atlantico,15,Otras mercancias de uso domestico,0,81.2379,-9.4000,7.7377,23.3100,32558.6629,-7.9000,8.3496,23.3200,34833.1347,0,18091.0000,19569.0000
2024-02-01,2024,2,Bogota,4,Prendas de vestir y textiles,0,80.3947,-9.4000,7.7377,23.3100,32558.6629,-7.9000,8.3496,23.3200,34833.1347,0,183212.0000,174669.0000
2024-02-01,2024,2,Bogota,8,Electrodomesticos y muebles,1,130.9007,-9.4000,7.7377,23.3100,32558.6629,-7.9000,8.3496,23.3200,34833.1347,0,183212.0000,174669.0000
2024-02-01,2024,2,Bogota,9,Articulos y utensilios domesticos,0,104.6601,-9.4000,7.7377,23.3100,32558.6629,-7.9000,8.3496,23.3200,34833.1347,0,183212.0000,174669.0000
2024-02-01,2024,2,Bogota,10,Aseo del hogar,0,114.3596,-9.4000,7.7377,23.3100,32558.6629,-7.9000,8.3496,23.3200,34833.1347,0,183212.0000,174669.0000
2024-02-01,2024,2,Bogota,11,Informatica y telecomunicaciones,0,159.7427,-9.4000,7.7377,23.3100,32558.6629,-7.9000,8.3496,23.3200,34833.1347,0,183212.0000,174669.0000
2024-02-01,2024,2,Bogota,12,Sonido y video,0,89.9300,-9.4000,7.7377,23.3100,32558.6629,-7.9000,8.3496,23.3200,34833.1347,0,183212.0000,174669.0000
2024-02-01,2024,2,Bogota,14,"Ferreteria, vidrios y pinturas",0,100.1128,-9.4000,7.7377,23.3100,32558.6629,-7.9000,8.3496,23.3200,34833.1347,0,183212.0000,174669.0000
2024-02-01,2024,2,Bogota,15,Otras mercancias de uso domestico,0,106.8203,-9.4000,7.7377,23.3100,32558.6629,-7.9000,8.3496,23.3200,34833.1347,0,183212.0000,174669.0000
2024-02-01,2024,2,Cundinamarca,4,Prendas de vestir y textiles,0,81.6348,-9.4000,7.7377,23.3100,32558.6629,-7.9000,8.3496,23.3200,34833.1347,0,146267.0000,66025.0000
2024-02-01,2024,2,Cundinamarca,8,Electrodomesticos y muebles,1,127.1347,-9.4000,7.7377,23.3100,32558.6629,-7.9000,8.3496,23.3200,34833.1347,0,146267.0000,66025.0000
2024-02-01,2024,2,Cundinamarca,9,Articulos y utensilios domesticos,0,130.3521,-9.4000,7.7377,23.3100,32558.6629,-7.9000,8.3496,23.3200,34833.1347,0,146267.0000,66025.0000
2024-02-01,2024,2,Cundinamarca,10,Aseo del hogar,0,184.7021,-9.4000,7.7377,23.3100,32558.6629,-7.9000,8.3496,23.3200,34833.1347,0,146267.0000,66025.0000
2024-02-01,2024,2,Cundinamarca,11,Informatica y telecomunicaciones,0,207.5513,-9.4000,7.7377,23.3100,32558.6629,-7.9000,8.3496,23.3200,34833.1347,0,146267.0000,66025.0000
2024-02-01,2024,2,Cundinamarca,12,Sonido y video,0,122.6591,-9.4000,7.7377,23.3100,32558.6629,-7.9000,8.3496,23.3200,34833.1347,0,146267.0000,66025.0000
2024-02-01,2024,2,Cundinamarca,14,"Ferreteria, vidrios y pinturas",0,96.9397,-9.4000,7.7377,23.3100,32558.6629,-7.9000,8.3496,23.3200,34833.1347,0,146267.0000,66025.0000
2024-02-01,2024,2,Cundinamarca,15,Otras mercancias de uso domestico,0,99.1989,-9.4000,7.7377,23.3100,32558.6629,-7.9000,8.3496,23.3200,34833.1347,0,146267.0000,66025.0000
2024-02-01,2024,2,Santander,4,Prendas de vestir y textiles,0,59.8096,-9.4000,7.7377,23.3100,32558.6629,-7.9000,8.3496,23.3200,34833.1347,0,70914.0000,65002.0000
2024-02-01,2024,2,Santander,8,Electrodomesticos y muebles,1,98.3442,-9.4000,7.7377,23.3100,32558.6629,-7.9000,8.3496,23.3200,34833.1347,0,70914.0000,65002.0000
2024-02-01,2024,2,Santander,9,Articulos y utensilios domesticos,0,121.3858,-9.4000,7.7377,23.3100,32558.6629,-7.9000,8.3496,23.3200,34833.1347,0,70914.0000,65002.0000
2024-02-01,2024,2,Santander,10,Aseo del hogar,0,129.1246,-9.4000,7.7377,23.3100,32558.6629,-7.9000,8.3496,23.3200,34833.1347,0,70914.0000,65002.0000
2024-02-01,2024,2,Santander,11,Informatica y telecomunicaciones,0,143.3216,-9.4000,7.7377,23.3100,32558.6629,-7.9000,8.3496,23.3200,34833.1347,0,70914.0000,65002.0000
2024-02-01,2024,2,Santander,12,Sonido y video,0,89.9902,-9.4000,7.7377,23.3100,32558.6629,-7.9000,8.3496,23.3200,34833.1347,0,70914.0000,65002.0000
2024-02-01,2024,2,Santander,14,"Ferreteria, vidrios y pinturas",0,92.2458,-9.4000,7.7377,23.3100,32558.6629,-7.9000,8.3496,23.3200,34833.1347,0,70914.0000,65002.0000
2024-02-01,2024,2,Santander,15,Otras mercancias de uso domestico,0,96.2546,-9.4000,7.7377,23.3100,32558.6629,-7.9000,8.3496,23.3200,34833.1347,0,70914.0000,65002.0000
2024-02-01,2024,2,Valle del Cauca,4,Prendas de vestir y textiles,0,53.8873,-9.4000,7.7377,23.3100,32558.6629,-7.9000,8.3496,23.3200,34833.1347,0,77562.0000,128359.0000
2024-02-01,2024,2,Valle del Cauca,8,Electrodomesticos y muebles,1,111.3503,-9.4000,7.7377,23.3100,32558.6629,-7.9000,8.3496,23.3200,34833.1347,0,77562.0000,128359.0000
2024-02-01,2024,2,Valle del Cauca,9,Articulos y utensilios domesticos,0,117.8703,-9.4000,7.7377,23.3100,32558.6629,-7.9000,8.3496,23.3200,34833.1347,0,77562.0000,128359.0000
2024-02-01,2024,2,Valle del Cauca,10,Aseo del hogar,0,113.0059,-9.4000,7.7377,23.3100,32558.6629,-7.9000,8.3496,23.3200,34833.1347,0,77562.0000,128359.0000
2024-02-01,2024,2,Valle del Cauca,11,Informatica y telecomunicaciones,0,140.1547,-9.4000,7.7377,23.3100,32558.6629,-7.9000,8.3496,23.3200,34833.1347,0,77562.0000,128359.0000
2024-02-01,2024,2,Valle del Cauca,12,Sonido y video,0,101.8916,-9.4000,7.7377,23.3100,32558.6629,-7.9000,8.3496,23.3200,34833.1347,0,77562.0000,128359.0000
2024-02-01,2024,2,Valle del Cauca,14,"Ferreteria, vidrios y pinturas",0,74.1706,-9.4000,7.7377,23.3100,32558.6629,-7.9000,8.3496,23.3200,34833.1347,0,77562.0000,128359.0000
2024-02-01,2024,2,Valle del Cauca,15,Otras mercancias de uso domestico,0,85.8987,-9.4000,7.7377,23.3100,32558.6629,-7.9000,8.3496,23.3200,34833.1347,0,77562.0000,128359.0000
2024-02-01,2024,2,Otros departamentos,4,Prendas de vestir y textiles,0,65.0747,-9.4000,7.7377,23.3100,32558.6629,-7.9000,8.3496,23.3200,34833.1347,0,286017.0000,452656.0000
2024-02-01,2024,2,Otros departamentos,8,Electrodomesticos y muebles,1,102.1155,-9.4000,7.7377,23.3100,32558.6629,-7.9000,8.3496,23.3200,34833.1347,0,286017.0000,452656.0000
2024-02-01,2024,2,Otros departamentos,9,Articulos y utensilios domesticos,0,129.5229,-9.4000,7.7377,23.3100,32558.6629,-7.9000,8.3496,23.3200,34833.1347,0,286017.0000,452656.0000
2024-02-01,2024,2,Otros departamentos,10,Aseo del hogar,0,121.8637,-9.4000,7.7377,23.3100,32558.6629,-7.9000,8.3496,23.3200,34833.1347,0,286017.0000,452656.0000
2024-02-01,2024,2,Otros departamentos,11,Informatica y telecomunicaciones,0,166.8009,-9.4000,7.7377,23.3100,32558.6629,-7.9000,8.3496,23.3200,34833.1347,0,286017.0000,452656.0000
2024-02-01,2024,2,Otros departamentos,12,Sonido y video,0,108.9423,-9.4000,7.7377,23.3100,32558.6629,-7.9000,8.3496,23.3200,34833.1347,0,286017.0000,452656.0000
2024-02-01,2024,2,Otros departamentos,14,"Ferreteria, vidrios y pinturas",0,127.0265,-9.4000,7.7377,23.3100,32558.6629,-7.9000,8.3496,23.3200,34833.1347,0,286017.0000,452656.0000
2024-02-01,2024,2,Otros departamentos,15,Otras mercancias de uso domestico,0,96.9650,-9.4000,7.7377,23.3100,32558.6629,-7.9000,8.3496,23.3200,34833.1347,0,286017.0000,452656.0000
2024-03-01,2024,3,Antioquia,4,Prendas de vestir y textiles,0,109.1076,-13.0000,7.3689,22.2000,26706.5149,-9.4000,7.7377,23.3100,32558.6629,0,191218.0000,138824.0000
2024-03-01,2024,3,Antioquia,8,Electrodomesticos y muebles,1,111.4838,-13.0000,7.3689,22.2000,26706.5149,-9.4000,7.7377,23.3100,32558.6629,0,191218.0000,138824.0000
2024-03-01,2024,3,Antioquia,9,Articulos y utensilios domesticos,0,149.5561,-13.0000,7.3689,22.2000,26706.5149,-9.4000,7.7377,23.3100,32558.6629,0,191218.0000,138824.0000
2024-03-01,2024,3,Antioquia,10,Aseo del hogar,0,101.5069,-13.0000,7.3689,22.2000,26706.5149,-9.4000,7.7377,23.3100,32558.6629,0,191218.0000,138824.0000
2024-03-01,2024,3,Antioquia,11,Informatica y telecomunicaciones,0,180.0601,-13.0000,7.3689,22.2000,26706.5149,-9.4000,7.7377,23.3100,32558.6629,0,191218.0000,138824.0000
2024-03-01,2024,3,Antioquia,12,Sonido y video,0,103.9215,-13.0000,7.3689,22.2000,26706.5149,-9.4000,7.7377,23.3100,32558.6629,0,191218.0000,138824.0000
2024-03-01,2024,3,Antioquia,14,"Ferreteria, vidrios y pinturas",0,90.2996,-13.0000,7.3689,22.2000,26706.5149,-9.4000,7.7377,23.3100,32558.6629,0,191218.0000,138824.0000
2024-03-01,2024,3,Antioquia,15,Otras mercancias de uso domestico,0,112.7106,-13.0000,7.3689,22.2000,26706.5149,-9.4000,7.7377,23.3100,32558.6629,0,191218.0000,138824.0000
2024-03-01,2024,3,Atlantico,4,Prendas de vestir y textiles,0,58.2653,-13.0000,7.3689,22.2000,26706.5149,-9.4000,7.7377,23.3100,32558.6629,0,8124.0000,18091.0000
2024-03-01,2024,3,Atlantico,8,Electrodomesticos y muebles,1,98.0308,-13.0000,7.3689,22.2000,26706.5149,-9.4000,7.7377,23.3100,32558.6629,0,8124.0000,18091.0000
2024-03-01,2024,3,Atlantico,9,Articulos y utensilios domesticos,0,155.1446,-13.0000,7.3689,22.2000,26706.5149,-9.4000,7.7377,23.3100,32558.6629,0,8124.0000,18091.0000
2024-03-01,2024,3,Atlantico,10,Aseo del hogar,0,151.2358,-13.0000,7.3689,22.2000,26706.5149,-9.4000,7.7377,23.3100,32558.6629,0,8124.0000,18091.0000
2024-03-01,2024,3,Atlantico,11,Informatica y telecomunicaciones,0,124.8167,-13.0000,7.3689,22.2000,26706.5149,-9.4000,7.7377,23.3100,32558.6629,0,8124.0000,18091.0000
2024-03-01,2024,3,Atlantico,12,Sonido y video,0,98.2228,-13.0000,7.3689,22.2000,26706.5149,-9.4000,7.7377,23.3100,32558.6629,0,8124.0000,18091.0000
2024-03-01,2024,3,Atlantico,14,"Ferreteria, vidrios y pinturas",0,76.4606,-13.0000,7.3689,22.2000,26706.5149,-9.4000,7.7377,23.3100,32558.6629,0,8124.0000,18091.0000
2024-03-01,2024,3,Atlantico,15,Otras mercancias de uso domestico,0,89.8993,-13.0000,7.3689,22.2000,26706.5149,-9.4000,7.7377,23.3100,32558.6629,0,8124.0000,18091.0000
2024-03-01,2024,3,Bogota,4,Prendas de vestir y textiles,0,100.6463,-13.0000,7.3689,22.2000,26706.5149,-9.4000,7.7377,23.3100,32558.6629,0,176639.0000,183212.0000
2024-03-01,2024,3,Bogota,8,Electrodomesticos y muebles,1,132.4576,-13.0000,7.3689,22.2000,26706.5149,-9.4000,7.7377,23.3100,32558.6629,0,176639.0000,183212.0000
2024-03-01,2024,3,Bogota,9,Articulos y utensilios domesticos,0,111.5991,-13.0000,7.3689,22.2000,26706.5149,-9.4000,7.7377,23.3100,32558.6629,0,176639.0000,183212.0000
2024-03-01,2024,3,Bogota,10,Aseo del hogar,0,140.0341,-13.0000,7.3689,22.2000,26706.5149,-9.4000,7.7377,23.3100,32558.6629,0,176639.0000,183212.0000
2024-03-01,2024,3,Bogota,11,Informatica y telecomunicaciones,0,160.5096,-13.0000,7.3689,22.2000,26706.5149,-9.4000,7.7377,23.3100,32558.6629,0,176639.0000,183212.0000
2024-03-01,2024,3,Bogota,12,Sonido y video,0,107.8370,-13.0000,7.3689,22.2000,26706.5149,-9.4000,7.7377,23.3100,32558.6629,0,176639.0000,183212.0000
2024-03-01,2024,3,Bogota,14,"Ferreteria, vidrios y pinturas",0,94.2394,-13.0000,7.3689,22.2000,26706.5149,-9.4000,7.7377,23.3100,32558.6629,0,176639.0000,183212.0000
2024-03-01,2024,3,Bogota,15,Otras mercancias de uso domestico,0,134.4333,-13.0000,7.3689,22.2000,26706.5149,-9.4000,7.7377,23.3100,32558.6629,0,176639.0000,183212.0000
2024-03-01,2024,3,Cundinamarca,4,Prendas de vestir y textiles,0,106.7519,-13.0000,7.3689,22.2000,26706.5149,-9.4000,7.7377,23.3100,32558.6629,0,70385.0000,146267.0000
2024-03-01,2024,3,Cundinamarca,8,Electrodomesticos y muebles,1,119.8991,-13.0000,7.3689,22.2000,26706.5149,-9.4000,7.7377,23.3100,32558.6629,0,70385.0000,146267.0000
2024-03-01,2024,3,Cundinamarca,9,Articulos y utensilios domesticos,0,162.2789,-13.0000,7.3689,22.2000,26706.5149,-9.4000,7.7377,23.3100,32558.6629,0,70385.0000,146267.0000
2024-03-01,2024,3,Cundinamarca,10,Aseo del hogar,0,182.7225,-13.0000,7.3689,22.2000,26706.5149,-9.4000,7.7377,23.3100,32558.6629,0,70385.0000,146267.0000
2024-03-01,2024,3,Cundinamarca,11,Informatica y telecomunicaciones,0,172.7680,-13.0000,7.3689,22.2000,26706.5149,-9.4000,7.7377,23.3100,32558.6629,0,70385.0000,146267.0000
2024-03-01,2024,3,Cundinamarca,12,Sonido y video,0,137.6077,-13.0000,7.3689,22.2000,26706.5149,-9.4000,7.7377,23.3100,32558.6629,0,70385.0000,146267.0000
2024-03-01,2024,3,Cundinamarca,14,"Ferreteria, vidrios y pinturas",0,117.3630,-13.0000,7.3689,22.2000,26706.5149,-9.4000,7.7377,23.3100,32558.6629,0,70385.0000,146267.0000
2024-03-01,2024,3,Cundinamarca,15,Otras mercancias de uso domestico,0,102.1793,-13.0000,7.3689,22.2000,26706.5149,-9.4000,7.7377,23.3100,32558.6629,0,70385.0000,146267.0000
2024-03-01,2024,3,Santander,4,Prendas de vestir y textiles,0,68.2130,-13.0000,7.3689,22.2000,26706.5149,-9.4000,7.7377,23.3100,32558.6629,0,73806.0000,70914.0000
2024-03-01,2024,3,Santander,8,Electrodomesticos y muebles,1,94.4146,-13.0000,7.3689,22.2000,26706.5149,-9.4000,7.7377,23.3100,32558.6629,0,73806.0000,70914.0000
2024-03-01,2024,3,Santander,9,Articulos y utensilios domesticos,0,137.7654,-13.0000,7.3689,22.2000,26706.5149,-9.4000,7.7377,23.3100,32558.6629,0,73806.0000,70914.0000
2024-03-01,2024,3,Santander,10,Aseo del hogar,0,119.4247,-13.0000,7.3689,22.2000,26706.5149,-9.4000,7.7377,23.3100,32558.6629,0,73806.0000,70914.0000
2024-03-01,2024,3,Santander,11,Informatica y telecomunicaciones,0,121.4439,-13.0000,7.3689,22.2000,26706.5149,-9.4000,7.7377,23.3100,32558.6629,0,73806.0000,70914.0000
2024-03-01,2024,3,Santander,12,Sonido y video,0,85.5890,-13.0000,7.3689,22.2000,26706.5149,-9.4000,7.7377,23.3100,32558.6629,0,73806.0000,70914.0000
2024-03-01,2024,3,Santander,14,"Ferreteria, vidrios y pinturas",0,92.2987,-13.0000,7.3689,22.2000,26706.5149,-9.4000,7.7377,23.3100,32558.6629,0,73806.0000,70914.0000
2024-03-01,2024,3,Santander,15,Otras mercancias de uso domestico,0,92.5249,-13.0000,7.3689,22.2000,26706.5149,-9.4000,7.7377,23.3100,32558.6629,0,73806.0000,70914.0000
2024-03-01,2024,3,Valle del Cauca,4,Prendas de vestir y textiles,0,60.7803,-13.0000,7.3689,22.2000,26706.5149,-9.4000,7.7377,23.3100,32558.6629,0,54486.0000,77562.0000
2024-03-01,2024,3,Valle del Cauca,8,Electrodomesticos y muebles,1,126.9235,-13.0000,7.3689,22.2000,26706.5149,-9.4000,7.7377,23.3100,32558.6629,0,54486.0000,77562.0000
2024-03-01,2024,3,Valle del Cauca,9,Articulos y utensilios domesticos,0,121.3010,-13.0000,7.3689,22.2000,26706.5149,-9.4000,7.7377,23.3100,32558.6629,0,54486.0000,77562.0000
2024-03-01,2024,3,Valle del Cauca,10,Aseo del hogar,0,125.8462,-13.0000,7.3689,22.2000,26706.5149,-9.4000,7.7377,23.3100,32558.6629,0,54486.0000,77562.0000
2024-03-01,2024,3,Valle del Cauca,11,Informatica y telecomunicaciones,0,154.7077,-13.0000,7.3689,22.2000,26706.5149,-9.4000,7.7377,23.3100,32558.6629,0,54486.0000,77562.0000
2024-03-01,2024,3,Valle del Cauca,12,Sonido y video,0,117.8880,-13.0000,7.3689,22.2000,26706.5149,-9.4000,7.7377,23.3100,32558.6629,0,54486.0000,77562.0000
2024-03-01,2024,3,Valle del Cauca,14,"Ferreteria, vidrios y pinturas",0,61.1860,-13.0000,7.3689,22.2000,26706.5149,-9.4000,7.7377,23.3100,32558.6629,0,54486.0000,77562.0000
2024-03-01,2024,3,Valle del Cauca,15,Otras mercancias de uso domestico,0,88.5738,-13.0000,7.3689,22.2000,26706.5149,-9.4000,7.7377,23.3100,32558.6629,0,54486.0000,77562.0000
2024-03-01,2024,3,Otros departamentos,4,Prendas de vestir y textiles,0,77.1814,-13.0000,7.3689,22.2000,26706.5149,-9.4000,7.7377,23.3100,32558.6629,0,362747.0000,286017.0000
2024-03-01,2024,3,Otros departamentos,8,Electrodomesticos y muebles,1,123.4311,-13.0000,7.3689,22.2000,26706.5149,-9.4000,7.7377,23.3100,32558.6629,0,362747.0000,286017.0000
2024-03-01,2024,3,Otros departamentos,9,Articulos y utensilios domesticos,0,133.5282,-13.0000,7.3689,22.2000,26706.5149,-9.4000,7.7377,23.3100,32558.6629,0,362747.0000,286017.0000
2024-03-01,2024,3,Otros departamentos,10,Aseo del hogar,0,125.9269,-13.0000,7.3689,22.2000,26706.5149,-9.4000,7.7377,23.3100,32558.6629,0,362747.0000,286017.0000
2024-03-01,2024,3,Otros departamentos,11,Informatica y telecomunicaciones,0,167.5493,-13.0000,7.3689,22.2000,26706.5149,-9.4000,7.7377,23.3100,32558.6629,0,362747.0000,286017.0000
2024-03-01,2024,3,Otros departamentos,12,Sonido y video,0,122.8542,-13.0000,7.3689,22.2000,26706.5149,-9.4000,7.7377,23.3100,32558.6629,0,362747.0000,286017.0000
2024-03-01,2024,3,Otros departamentos,14,"Ferreteria, vidrios y pinturas",0,108.6656,-13.0000,7.3689,22.2000,26706.5149,-9.4000,7.7377,23.3100,32558.6629,0,362747.0000,286017.0000
2024-03-01,2024,3,Otros departamentos,15,Otras mercancias de uso domestico,0,98.0052,-13.0000,7.3689,22.2000,26706.5149,-9.4000,7.7377,23.3100,32558.6629,0,362747.0000,286017.0000
2024-04-01,2024,4,Antioquia,4,Prendas de vestir y textiles,0,83.7459,-11.4000,7.1687,22.0600,38078.2561,-13.0000,7.3689,22.2000,26706.5149,0,107290.0000,191218.0000
2024-04-01,2024,4,Antioquia,8,Electrodomesticos y muebles,1,106.9953,-11.4000,7.1687,22.0600,38078.2561,-13.0000,7.3689,22.2000,26706.5149,0,107290.0000,191218.0000
2024-04-01,2024,4,Antioquia,9,Articulos y utensilios domesticos,0,131.9848,-11.4000,7.1687,22.0600,38078.2561,-13.0000,7.3689,22.2000,26706.5149,0,107290.0000,191218.0000
2024-04-01,2024,4,Antioquia,10,Aseo del hogar,0,98.8331,-11.4000,7.1687,22.0600,38078.2561,-13.0000,7.3689,22.2000,26706.5149,0,107290.0000,191218.0000
2024-04-01,2024,4,Antioquia,11,Informatica y telecomunicaciones,0,154.8528,-11.4000,7.1687,22.0600,38078.2561,-13.0000,7.3689,22.2000,26706.5149,0,107290.0000,191218.0000
2024-04-01,2024,4,Antioquia,12,Sonido y video,0,82.0157,-11.4000,7.1687,22.0600,38078.2561,-13.0000,7.3689,22.2000,26706.5149,0,107290.0000,191218.0000
2024-04-01,2024,4,Antioquia,14,"Ferreteria, vidrios y pinturas",0,115.0299,-11.4000,7.1687,22.0600,38078.2561,-13.0000,7.3689,22.2000,26706.5149,0,107290.0000,191218.0000
2024-04-01,2024,4,Antioquia,15,Otras mercancias de uso domestico,0,96.5781,-11.4000,7.1687,22.0600,38078.2561,-13.0000,7.3689,22.2000,26706.5149,0,107290.0000,191218.0000
2024-04-01,2024,4,Atlantico,4,Prendas de vestir y textiles,0,60.8198,-11.4000,7.1687,22.0600,38078.2561,-13.0000,7.3689,22.2000,26706.5149,0,21932.0000,8124.0000
2024-04-01,2024,4,Atlantico,8,Electrodomesticos y muebles,1,86.9583,-11.4000,7.1687,22.0600,38078.2561,-13.0000,7.3689,22.2000,26706.5149,0,21932.0000,8124.0000
2024-04-01,2024,4,Atlantico,9,Articulos y utensilios domesticos,0,106.8462,-11.4000,7.1687,22.0600,38078.2561,-13.0000,7.3689,22.2000,26706.5149,0,21932.0000,8124.0000
2024-04-01,2024,4,Atlantico,10,Aseo del hogar,0,98.5472,-11.4000,7.1687,22.0600,38078.2561,-13.0000,7.3689,22.2000,26706.5149,0,21932.0000,8124.0000
2024-04-01,2024,4,Atlantico,11,Informatica y telecomunicaciones,0,89.1530,-11.4000,7.1687,22.0600,38078.2561,-13.0000,7.3689,22.2000,26706.5149,0,21932.0000,8124.0000
2024-04-01,2024,4,Atlantico,12,Sonido y video,0,89.9336,-11.4000,7.1687,22.0600,38078.2561,-13.0000,7.3689,22.2000,26706.5149,0,21932.0000,8124.0000
2024-04-01,2024,4,Atlantico,14,"Ferreteria, vidrios y pinturas",0,77.3874,-11.4000,7.1687,22.0600,38078.2561,-13.0000,7.3689,22.2000,26706.5149,0,21932.0000,8124.0000
2024-04-01,2024,4,Atlantico,15,Otras mercancias de uso domestico,0,75.8837,-11.4000,7.1687,22.0600,38078.2561,-13.0000,7.3689,22.2000,26706.5149,0,21932.0000,8124.0000
2024-04-01,2024,4,Bogota,4,Prendas de vestir y textiles,0,74.7410,-11.4000,7.1687,22.0600,38078.2561,-13.0000,7.3689,22.2000,26706.5149,0,333492.0000,176639.0000
2024-04-01,2024,4,Bogota,8,Electrodomesticos y muebles,1,106.6047,-11.4000,7.1687,22.0600,38078.2561,-13.0000,7.3689,22.2000,26706.5149,0,333492.0000,176639.0000
2024-04-01,2024,4,Bogota,9,Articulos y utensilios domesticos,0,109.4506,-11.4000,7.1687,22.0600,38078.2561,-13.0000,7.3689,22.2000,26706.5149,0,333492.0000,176639.0000
2024-04-01,2024,4,Bogota,10,Aseo del hogar,0,148.6371,-11.4000,7.1687,22.0600,38078.2561,-13.0000,7.3689,22.2000,26706.5149,0,333492.0000,176639.0000
2024-04-01,2024,4,Bogota,11,Informatica y telecomunicaciones,0,137.0661,-11.4000,7.1687,22.0600,38078.2561,-13.0000,7.3689,22.2000,26706.5149,0,333492.0000,176639.0000
2024-04-01,2024,4,Bogota,12,Sonido y video,0,100.9752,-11.4000,7.1687,22.0600,38078.2561,-13.0000,7.3689,22.2000,26706.5149,0,333492.0000,176639.0000
2024-04-01,2024,4,Bogota,14,"Ferreteria, vidrios y pinturas",0,100.0876,-11.4000,7.1687,22.0600,38078.2561,-13.0000,7.3689,22.2000,26706.5149,0,333492.0000,176639.0000
2024-04-01,2024,4,Bogota,15,Otras mercancias de uso domestico,0,105.2947,-11.4000,7.1687,22.0600,38078.2561,-13.0000,7.3689,22.2000,26706.5149,0,333492.0000,176639.0000
2024-04-01,2024,4,Cundinamarca,4,Prendas de vestir y textiles,0,110.5621,-11.4000,7.1687,22.0600,38078.2561,-13.0000,7.3689,22.2000,26706.5149,0,176883.0000,70385.0000
2024-04-01,2024,4,Cundinamarca,8,Electrodomesticos y muebles,1,108.8371,-11.4000,7.1687,22.0600,38078.2561,-13.0000,7.3689,22.2000,26706.5149,0,176883.0000,70385.0000
2024-04-01,2024,4,Cundinamarca,9,Articulos y utensilios domesticos,0,144.3696,-11.4000,7.1687,22.0600,38078.2561,-13.0000,7.3689,22.2000,26706.5149,0,176883.0000,70385.0000
2024-04-01,2024,4,Cundinamarca,10,Aseo del hogar,0,156.5784,-11.4000,7.1687,22.0600,38078.2561,-13.0000,7.3689,22.2000,26706.5149,0,176883.0000,70385.0000
2024-04-01,2024,4,Cundinamarca,11,Informatica y telecomunicaciones,0,157.7770,-11.4000,7.1687,22.0600,38078.2561,-13.0000,7.3689,22.2000,26706.5149,0,176883.0000,70385.0000
2024-04-01,2024,4,Cundinamarca,12,Sonido y video,0,130.0226,-11.4000,7.1687,22.0600,38078.2561,-13.0000,7.3689,22.2000,26706.5149,0,176883.0000,70385.0000
2024-04-01,2024,4,Cundinamarca,14,"Ferreteria, vidrios y pinturas",0,119.3217,-11.4000,7.1687,22.0600,38078.2561,-13.0000,7.3689,22.2000,26706.5149,0,176883.0000,70385.0000
2024-04-01,2024,4,Cundinamarca,15,Otras mercancias de uso domestico,0,92.6077,-11.4000,7.1687,22.0600,38078.2561,-13.0000,7.3689,22.2000,26706.5149,0,176883.0000,70385.0000
2024-04-01,2024,4,Santander,4,Prendas de vestir y textiles,0,77.6130,-11.4000,7.1687,22.0600,38078.2561,-13.0000,7.3689,22.2000,26706.5149,0,106818.0000,73806.0000
2024-04-01,2024,4,Santander,8,Electrodomesticos y muebles,1,108.5877,-11.4000,7.1687,22.0600,38078.2561,-13.0000,7.3689,22.2000,26706.5149,0,106818.0000,73806.0000
2024-04-01,2024,4,Santander,9,Articulos y utensilios domesticos,0,125.7267,-11.4000,7.1687,22.0600,38078.2561,-13.0000,7.3689,22.2000,26706.5149,0,106818.0000,73806.0000
2024-04-01,2024,4,Santander,10,Aseo del hogar,0,75.0692,-11.4000,7.1687,22.0600,38078.2561,-13.0000,7.3689,22.2000,26706.5149,0,106818.0000,73806.0000
2024-04-01,2024,4,Santander,11,Informatica y telecomunicaciones,0,129.1845,-11.4000,7.1687,22.0600,38078.2561,-13.0000,7.3689,22.2000,26706.5149,0,106818.0000,73806.0000
2024-04-01,2024,4,Santander,12,Sonido y video,0,83.6123,-11.4000,7.1687,22.0600,38078.2561,-13.0000,7.3689,22.2000,26706.5149,0,106818.0000,73806.0000
2024-04-01,2024,4,Santander,14,"Ferreteria, vidrios y pinturas",0,96.3416,-11.4000,7.1687,22.0600,38078.2561,-13.0000,7.3689,22.2000,26706.5149,0,106818.0000,73806.0000
2024-04-01,2024,4,Santander,15,Otras mercancias de uso domestico,0,90.5851,-11.4000,7.1687,22.0600,38078.2561,-13.0000,7.3689,22.2000,26706.5149,0,106818.0000,73806.0000
2024-04-01,2024,4,Valle del Cauca,4,Prendas de vestir y textiles,0,59.5203,-11.4000,7.1687,22.0600,38078.2561,-13.0000,7.3689,22.2000,26706.5149,0,99843.0000,54486.0000
2024-04-01,2024,4,Valle del Cauca,8,Electrodomesticos y muebles,1,112.8239,-11.4000,7.1687,22.0600,38078.2561,-13.0000,7.3689,22.2000,26706.5149,0,99843.0000,54486.0000
2024-04-01,2024,4,Valle del Cauca,9,Articulos y utensilios domesticos,0,92.2997,-11.4000,7.1687,22.0600,38078.2561,-13.0000,7.3689,22.2000,26706.5149,0,99843.0000,54486.0000
2024-04-01,2024,4,Valle del Cauca,10,Aseo del hogar,0,125.2292,-11.4000,7.1687,22.0600,38078.2561,-13.0000,7.3689,22.2000,26706.5149,0,99843.0000,54486.0000
2024-04-01,2024,4,Valle del Cauca,11,Informatica y telecomunicaciones,0,142.8639,-11.4000,7.1687,22.0600,38078.2561,-13.0000,7.3689,22.2000,26706.5149,0,99843.0000,54486.0000
2024-04-01,2024,4,Valle del Cauca,12,Sonido y video,0,96.8176,-11.4000,7.1687,22.0600,38078.2561,-13.0000,7.3689,22.2000,26706.5149,0,99843.0000,54486.0000
2024-04-01,2024,4,Valle del Cauca,14,"Ferreteria, vidrios y pinturas",0,73.4330,-11.4000,7.1687,22.0600,38078.2561,-13.0000,7.3689,22.2000,26706.5149,0,99843.0000,54486.0000
2024-04-01,2024,4,Valle del Cauca,15,Otras mercancias de uso domestico,0,86.2468,-11.4000,7.1687,22.0600,38078.2561,-13.0000,7.3689,22.2000,26706.5149,0,99843.0000,54486.0000
2024-04-01,2024,4,Otros departamentos,4,Prendas de vestir y textiles,0,81.7292,-11.4000,7.1687,22.0600,38078.2561,-13.0000,7.3689,22.2000,26706.5149,0,537462.0000,362747.0000
2024-04-01,2024,4,Otros departamentos,8,Electrodomesticos y muebles,1,112.3329,-11.4000,7.1687,22.0600,38078.2561,-13.0000,7.3689,22.2000,26706.5149,0,537462.0000,362747.0000
2024-04-01,2024,4,Otros departamentos,9,Articulos y utensilios domesticos,0,122.5015,-11.4000,7.1687,22.0600,38078.2561,-13.0000,7.3689,22.2000,26706.5149,0,537462.0000,362747.0000
2024-04-01,2024,4,Otros departamentos,10,Aseo del hogar,0,119.9915,-11.4000,7.1687,22.0600,38078.2561,-13.0000,7.3689,22.2000,26706.5149,0,537462.0000,362747.0000
2024-04-01,2024,4,Otros departamentos,11,Informatica y telecomunicaciones,0,185.4318,-11.4000,7.1687,22.0600,38078.2561,-13.0000,7.3689,22.2000,26706.5149,0,537462.0000,362747.0000
2024-04-01,2024,4,Otros departamentos,12,Sonido y video,0,115.5760,-11.4000,7.1687,22.0600,38078.2561,-13.0000,7.3689,22.2000,26706.5149,0,537462.0000,362747.0000
2024-04-01,2024,4,Otros departamentos,14,"Ferreteria, vidrios y pinturas",0,101.4107,-11.4000,7.1687,22.0600,38078.2561,-13.0000,7.3689,22.2000,26706.5149,0,537462.0000,362747.0000
2024-04-01,2024,4,Otros departamentos,15,Otras mercancias de uso domestico,0,113.8135,-11.4000,7.1687,22.0600,38078.2561,-13.0000,7.3689,22.2000,26706.5149,0,537462.0000,362747.0000
2024-05-01,2024,5,Antioquia,4,Prendas de vestir y textiles,0,89.9769,-14.1000,7.1525,21.0200,34758.4130,-11.4000,7.1687,22.0600,38078.2561,0,304116.0000,107290.0000
2024-05-01,2024,5,Antioquia,8,Electrodomesticos y muebles,1,118.2578,-14.1000,7.1525,21.0200,34758.4130,-11.4000,7.1687,22.0600,38078.2561,0,304116.0000,107290.0000
2024-05-01,2024,5,Antioquia,9,Articulos y utensilios domesticos,0,128.4528,-14.1000,7.1525,21.0200,34758.4130,-11.4000,7.1687,22.0600,38078.2561,0,304116.0000,107290.0000
2024-05-01,2024,5,Antioquia,10,Aseo del hogar,0,125.3393,-14.1000,7.1525,21.0200,34758.4130,-11.4000,7.1687,22.0600,38078.2561,0,304116.0000,107290.0000
2024-05-01,2024,5,Antioquia,11,Informatica y telecomunicaciones,0,177.2832,-14.1000,7.1525,21.0200,34758.4130,-11.4000,7.1687,22.0600,38078.2561,0,304116.0000,107290.0000
2024-05-01,2024,5,Antioquia,12,Sonido y video,0,92.1033,-14.1000,7.1525,21.0200,34758.4130,-11.4000,7.1687,22.0600,38078.2561,0,304116.0000,107290.0000
2024-05-01,2024,5,Antioquia,14,"Ferreteria, vidrios y pinturas",0,99.5821,-14.1000,7.1525,21.0200,34758.4130,-11.4000,7.1687,22.0600,38078.2561,0,304116.0000,107290.0000
2024-05-01,2024,5,Antioquia,15,Otras mercancias de uso domestico,0,103.4686,-14.1000,7.1525,21.0200,34758.4130,-11.4000,7.1687,22.0600,38078.2561,0,304116.0000,107290.0000
2024-05-01,2024,5,Atlantico,4,Prendas de vestir y textiles,0,78.9926,-14.1000,7.1525,21.0200,34758.4130,-11.4000,7.1687,22.0600,38078.2561,0,29519.0000,21932.0000
2024-05-01,2024,5,Atlantico,8,Electrodomesticos y muebles,1,83.3378,-14.1000,7.1525,21.0200,34758.4130,-11.4000,7.1687,22.0600,38078.2561,0,29519.0000,21932.0000
2024-05-01,2024,5,Atlantico,9,Articulos y utensilios domesticos,0,99.2842,-14.1000,7.1525,21.0200,34758.4130,-11.4000,7.1687,22.0600,38078.2561,0,29519.0000,21932.0000
2024-05-01,2024,5,Atlantico,10,Aseo del hogar,0,93.3672,-14.1000,7.1525,21.0200,34758.4130,-11.4000,7.1687,22.0600,38078.2561,0,29519.0000,21932.0000
2024-05-01,2024,5,Atlantico,11,Informatica y telecomunicaciones,0,113.9528,-14.1000,7.1525,21.0200,34758.4130,-11.4000,7.1687,22.0600,38078.2561,0,29519.0000,21932.0000
2024-05-01,2024,5,Atlantico,12,Sonido y video,0,84.1044,-14.1000,7.1525,21.0200,34758.4130,-11.4000,7.1687,22.0600,38078.2561,0,29519.0000,21932.0000
2024-05-01,2024,5,Atlantico,14,"Ferreteria, vidrios y pinturas",0,59.9392,-14.1000,7.1525,21.0200,34758.4130,-11.4000,7.1687,22.0600,38078.2561,0,29519.0000,21932.0000
2024-05-01,2024,5,Atlantico,15,Otras mercancias de uso domestico,0,87.8894,-14.1000,7.1525,21.0200,34758.4130,-11.4000,7.1687,22.0600,38078.2561,0,29519.0000,21932.0000
2024-05-01,2024,5,Bogota,4,Prendas de vestir y textiles,0,110.8068,-14.1000,7.1525,21.0200,34758.4130,-11.4000,7.1687,22.0600,38078.2561,0,122520.0000,333492.0000
2024-05-01,2024,5,Bogota,8,Electrodomesticos y muebles,1,119.4489,-14.1000,7.1525,21.0200,34758.4130,-11.4000,7.1687,22.0600,38078.2561,0,122520.0000,333492.0000
2024-05-01,2024,5,Bogota,9,Articulos y utensilios domesticos,0,131.0428,-14.1000,7.1525,21.0200,34758.4130,-11.4000,7.1687,22.0600,38078.2561,0,122520.0000,333492.0000
2024-05-01,2024,5,Bogota,10,Aseo del hogar,0,155.4377,-14.1000,7.1525,21.0200,34758.4130,-11.4000,7.1687,22.0600,38078.2561,0,122520.0000,333492.0000
2024-05-01,2024,5,Bogota,11,Informatica y telecomunicaciones,0,178.4848,-14.1000,7.1525,21.0200,34758.4130,-11.4000,7.1687,22.0600,38078.2561,0,122520.0000,333492.0000
2024-05-01,2024,5,Bogota,12,Sonido y video,0,150.1305,-14.1000,7.1525,21.0200,34758.4130,-11.4000,7.1687,22.0600,38078.2561,0,122520.0000,333492.0000
2024-05-01,2024,5,Bogota,14,"Ferreteria, vidrios y pinturas",0,130.3517,-14.1000,7.1525,21.0200,34758.4130,-11.4000,7.1687,22.0600,38078.2561,0,122520.0000,333492.0000
2024-05-01,2024,5,Bogota,15,Otras mercancias de uso domestico,0,98.0110,-14.1000,7.1525,21.0200,34758.4130,-11.4000,7.1687,22.0600,38078.2561,0,122520.0000,333492.0000
2024-05-01,2024,5,Cundinamarca,4,Prendas de vestir y textiles,0,113.1375,-14.1000,7.1525,21.0200,34758.4130,-11.4000,7.1687,22.0600,38078.2561,0,200853.0000,176883.0000
2024-05-01,2024,5,Cundinamarca,8,Electrodomesticos y muebles,1,120.0995,-14.1000,7.1525,21.0200,34758.4130,-11.4000,7.1687,22.0600,38078.2561,0,200853.0000,176883.0000
2024-05-01,2024,5,Cundinamarca,9,Articulos y utensilios domesticos,0,165.0903,-14.1000,7.1525,21.0200,34758.4130,-11.4000,7.1687,22.0600,38078.2561,0,200853.0000,176883.0000
2024-05-01,2024,5,Cundinamarca,10,Aseo del hogar,0,144.8542,-14.1000,7.1525,21.0200,34758.4130,-11.4000,7.1687,22.0600,38078.2561,0,200853.0000,176883.0000
2024-05-01,2024,5,Cundinamarca,11,Informatica y telecomunicaciones,0,201.9703,-14.1000,7.1525,21.0200,34758.4130,-11.4000,7.1687,22.0600,38078.2561,0,200853.0000,176883.0000
2024-05-01,2024,5,Cundinamarca,12,Sonido y video,0,137.8418,-14.1000,7.1525,21.0200,34758.4130,-11.4000,7.1687,22.0600,38078.2561,0,200853.0000,176883.0000
2024-05-01,2024,5,Cundinamarca,14,"Ferreteria, vidrios y pinturas",0,104.6658,-14.1000,7.1525,21.0200,34758.4130,-11.4000,7.1687,22.0600,38078.2561,0,200853.0000,176883.0000
2024-05-01,2024,5,Cundinamarca,15,Otras mercancias de uso domestico,0,110.4029,-14.1000,7.1525,21.0200,34758.4130,-11.4000,7.1687,22.0600,38078.2561,0,200853.0000,176883.0000
2024-05-01,2024,5,Santander,4,Prendas de vestir y textiles,0,99.3842,-14.1000,7.1525,21.0200,34758.4130,-11.4000,7.1687,22.0600,38078.2561,0,31683.0000,106818.0000
2024-05-01,2024,5,Santander,8,Electrodomesticos y muebles,1,115.6361,-14.1000,7.1525,21.0200,34758.4130,-11.4000,7.1687,22.0600,38078.2561,0,31683.0000,106818.0000
2024-05-01,2024,5,Santander,9,Articulos y utensilios domesticos,0,120.9626,-14.1000,7.1525,21.0200,34758.4130,-11.4000,7.1687,22.0600,38078.2561,0,31683.0000,106818.0000
2024-05-01,2024,5,Santander,10,Aseo del hogar,0,80.4382,-14.1000,7.1525,21.0200,34758.4130,-11.4000,7.1687,22.0600,38078.2561,0,31683.0000,106818.0000
2024-05-01,2024,5,Santander,11,Informatica y telecomunicaciones,0,155.9127,-14.1000,7.1525,21.0200,34758.4130,-11.4000,7.1687,22.0600,38078.2561,0,31683.0000,106818.0000
2024-05-01,2024,5,Santander,12,Sonido y video,0,94.0321,-14.1000,7.1525,21.0200,34758.4130,-11.4000,7.1687,22.0600,38078.2561,0,31683.0000,106818.0000
2024-05-01,2024,5,Santander,14,"Ferreteria, vidrios y pinturas",0,98.0755,-14.1000,7.1525,21.0200,34758.4130,-11.4000,7.1687,22.0600,38078.2561,0,31683.0000,106818.0000
2024-05-01,2024,5,Santander,15,Otras mercancias de uso domestico,0,92.4556,-14.1000,7.1525,21.0200,34758.4130,-11.4000,7.1687,22.0600,38078.2561,0,31683.0000,106818.0000
2024-05-01,2024,5,Valle del Cauca,4,Prendas de vestir y textiles,0,77.1362,-14.1000,7.1525,21.0200,34758.4130,-11.4000,7.1687,22.0600,38078.2561,0,71514.0000,99843.0000
2024-05-01,2024,5,Valle del Cauca,8,Electrodomesticos y muebles,1,112.2311,-14.1000,7.1525,21.0200,34758.4130,-11.4000,7.1687,22.0600,38078.2561,0,71514.0000,99843.0000
2024-05-01,2024,5,Valle del Cauca,9,Articulos y utensilios domesticos,0,110.5979,-14.1000,7.1525,21.0200,34758.4130,-11.4000,7.1687,22.0600,38078.2561,0,71514.0000,99843.0000
2024-05-01,2024,5,Valle del Cauca,10,Aseo del hogar,0,103.3190,-14.1000,7.1525,21.0200,34758.4130,-11.4000,7.1687,22.0600,38078.2561,0,71514.0000,99843.0000
2024-05-01,2024,5,Valle del Cauca,11,Informatica y telecomunicaciones,0,180.0640,-14.1000,7.1525,21.0200,34758.4130,-11.4000,7.1687,22.0600,38078.2561,0,71514.0000,99843.0000
2024-05-01,2024,5,Valle del Cauca,12,Sonido y video,0,128.4682,-14.1000,7.1525,21.0200,34758.4130,-11.4000,7.1687,22.0600,38078.2561,0,71514.0000,99843.0000
2024-05-01,2024,5,Valle del Cauca,14,"Ferreteria, vidrios y pinturas",0,69.7265,-14.1000,7.1525,21.0200,34758.4130,-11.4000,7.1687,22.0600,38078.2561,0,71514.0000,99843.0000
2024-05-01,2024,5,Valle del Cauca,15,Otras mercancias de uso domestico,0,115.6750,-14.1000,7.1525,21.0200,34758.4130,-11.4000,7.1687,22.0600,38078.2561,0,71514.0000,99843.0000
2024-05-01,2024,5,Otros departamentos,4,Prendas de vestir y textiles,0,84.5417,-14.1000,7.1525,21.0200,34758.4130,-11.4000,7.1687,22.0600,38078.2561,0,463703.0000,537462.0000
2024-05-01,2024,5,Otros departamentos,8,Electrodomesticos y muebles,1,125.1051,-14.1000,7.1525,21.0200,34758.4130,-11.4000,7.1687,22.0600,38078.2561,0,463703.0000,537462.0000
2024-05-01,2024,5,Otros departamentos,9,Articulos y utensilios domesticos,0,118.5664,-14.1000,7.1525,21.0200,34758.4130,-11.4000,7.1687,22.0600,38078.2561,0,463703.0000,537462.0000
2024-05-01,2024,5,Otros departamentos,10,Aseo del hogar,0,125.7920,-14.1000,7.1525,21.0200,34758.4130,-11.4000,7.1687,22.0600,38078.2561,0,463703.0000,537462.0000
2024-05-01,2024,5,Otros departamentos,11,Informatica y telecomunicaciones,0,170.8966,-14.1000,7.1525,21.0200,34758.4130,-11.4000,7.1687,22.0600,38078.2561,0,463703.0000,537462.0000
2024-05-01,2024,5,Otros departamentos,12,Sonido y video,0,119.7733,-14.1000,7.1525,21.0200,34758.4130,-11.4000,7.1687,22.0600,38078.2561,0,463703.0000,537462.0000
2024-05-01,2024,5,Otros departamentos,14,"Ferreteria, vidrios y pinturas",0,85.6513,-14.1000,7.1525,21.0200,34758.4130,-11.4000,7.1687,22.0600,38078.2561,0,463703.0000,537462.0000
2024-05-01,2024,5,Otros departamentos,15,Otras mercancias de uso domestico,0,118.0663,-14.1000,7.1525,21.0200,34758.4130,-11.4000,7.1687,22.0600,38078.2561,0,463703.0000,537462.0000
2024-06-01,2024,6,Antioquia,4,Prendas de vestir y textiles,0,120.4264,-12.7000,7.1760,20.5600,32379.5524,-14.1000,7.1525,21.0200,34758.4130,0,114504.0000,304116.0000
2024-06-01,2024,6,Antioquia,8,Electrodomesticos y muebles,1,114.2388,-12.7000,7.1760,20.5600,32379.5524,-14.1000,7.1525,21.0200,34758.4130,0,114504.0000,304116.0000
2024-06-01,2024,6,Antioquia,9,Articulos y utensilios domesticos,0,161.7221,-12.7000,7.1760,20.5600,32379.5524,-14.1000,7.1525,21.0200,34758.4130,0,114504.0000,304116.0000
2024-06-01,2024,6,Antioquia,10,Aseo del hogar,0,129.0017,-12.7000,7.1760,20.5600,32379.5524,-14.1000,7.1525,21.0200,34758.4130,0,114504.0000,304116.0000
2024-06-01,2024,6,Antioquia,11,Informatica y telecomunicaciones,0,182.6203,-12.7000,7.1760,20.5600,32379.5524,-14.1000,7.1525,21.0200,34758.4130,0,114504.0000,304116.0000
2024-06-01,2024,6,Antioquia,12,Sonido y video,0,104.6737,-12.7000,7.1760,20.5600,32379.5524,-14.1000,7.1525,21.0200,34758.4130,0,114504.0000,304116.0000
2024-06-01,2024,6,Antioquia,14,"Ferreteria, vidrios y pinturas",0,92.3056,-12.7000,7.1760,20.5600,32379.5524,-14.1000,7.1525,21.0200,34758.4130,0,114504.0000,304116.0000
2024-06-01,2024,6,Antioquia,15,Otras mercancias de uso domestico,0,108.9518,-12.7000,7.1760,20.5600,32379.5524,-14.1000,7.1525,21.0200,34758.4130,0,114504.0000,304116.0000
2024-06-01,2024,6,Atlantico,4,Prendas de vestir y textiles,0,101.9357,-12.7000,7.1760,20.5600,32379.5524,-14.1000,7.1525,21.0200,34758.4130,0,11115.0000,29519.0000
2024-06-01,2024,6,Atlantico,8,Electrodomesticos y muebles,1,90.0727,-12.7000,7.1760,20.5600,32379.5524,-14.1000,7.1525,21.0200,34758.4130,0,11115.0000,29519.0000
2024-06-01,2024,6,Atlantico,9,Articulos y utensilios domesticos,0,84.4801,-12.7000,7.1760,20.5600,32379.5524,-14.1000,7.1525,21.0200,34758.4130,0,11115.0000,29519.0000
2024-06-01,2024,6,Atlantico,10,Aseo del hogar,0,92.6491,-12.7000,7.1760,20.5600,32379.5524,-14.1000,7.1525,21.0200,34758.4130,0,11115.0000,29519.0000
2024-06-01,2024,6,Atlantico,11,Informatica y telecomunicaciones,0,101.8584,-12.7000,7.1760,20.5600,32379.5524,-14.1000,7.1525,21.0200,34758.4130,0,11115.0000,29519.0000
2024-06-01,2024,6,Atlantico,12,Sonido y video,0,122.0418,-12.7000,7.1760,20.5600,32379.5524,-14.1000,7.1525,21.0200,34758.4130,0,11115.0000,29519.0000
2024-06-01,2024,6,Atlantico,14,"Ferreteria, vidrios y pinturas",0,71.9409,-12.7000,7.1760,20.5600,32379.5524,-14.1000,7.1525,21.0200,34758.4130,0,11115.0000,29519.0000
2024-06-01,2024,6,Atlantico,15,Otras mercancias de uso domestico,0,95.5185,-12.7000,7.1760,20.5600,32379.5524,-14.1000,7.1525,21.0200,34758.4130,0,11115.0000,29519.0000
2024-06-01,2024,6,Bogota,4,Prendas de vestir y textiles,0,109.5187,-12.7000,7.1760,20.5600,32379.5524,-14.1000,7.1525,21.0200,34758.4130,0,172122.0000,122520.0000
2024-06-01,2024,6,Bogota,8,Electrodomesticos y muebles,1,128.7029,-12.7000,7.1760,20.5600,32379.5524,-14.1000,7.1525,21.0200,34758.4130,0,172122.0000,122520.0000
2024-06-01,2024,6,Bogota,9,Articulos y utensilios domesticos,0,120.1076,-12.7000,7.1760,20.5600,32379.5524,-14.1000,7.1525,21.0200,34758.4130,0,172122.0000,122520.0000
2024-06-01,2024,6,Bogota,10,Aseo del hogar,0,164.7043,-12.7000,7.1760,20.5600,32379.5524,-14.1000,7.1525,21.0200,34758.4130,0,172122.0000,122520.0000
2024-06-01,2024,6,Bogota,11,Informatica y telecomunicaciones,0,167.7598,-12.7000,7.1760,20.5600,32379.5524,-14.1000,7.1525,21.0200,34758.4130,0,172122.0000,122520.0000
2024-06-01,2024,6,Bogota,12,Sonido y video,0,166.0007,-12.7000,7.1760,20.5600,32379.5524,-14.1000,7.1525,21.0200,34758.4130,0,172122.0000,122520.0000
2024-06-01,2024,6,Bogota,14,"Ferreteria, vidrios y pinturas",0,119.7355,-12.7000,7.1760,20.5600,32379.5524,-14.1000,7.1525,21.0200,34758.4130,0,172122.0000,122520.0000
2024-06-01,2024,6,Bogota,15,Otras mercancias de uso domestico,0,115.8432,-12.7000,7.1760,20.5600,32379.5524,-14.1000,7.1525,21.0200,34758.4130,0,172122.0000,122520.0000
2024-06-01,2024,6,Cundinamarca,4,Prendas de vestir y textiles,0,128.4671,-12.7000,7.1760,20.5600,32379.5524,-14.1000,7.1525,21.0200,34758.4130,0,91413.0000,200853.0000
2024-06-01,2024,6,Cundinamarca,8,Electrodomesticos y muebles,1,108.3998,-12.7000,7.1760,20.5600,32379.5524,-14.1000,7.1525,21.0200,34758.4130,0,91413.0000,200853.0000
2024-06-01,2024,6,Cundinamarca,9,Articulos y utensilios domesticos,0,171.8564,-12.7000,7.1760,20.5600,32379.5524,-14.1000,7.1525,21.0200,34758.4130,0,91413.0000,200853.0000
2024-06-01,2024,6,Cundinamarca,10,Aseo del hogar,0,174.0465,-12.7000,7.1760,20.5600,32379.5524,-14.1000,7.1525,21.0200,34758.4130,0,91413.0000,200853.0000
2024-06-01,2024,6,Cundinamarca,11,Informatica y telecomunicaciones,0,186.7279,-12.7000,7.1760,20.5600,32379.5524,-14.1000,7.1525,21.0200,34758.4130,0,91413.0000,200853.0000
2024-06-01,2024,6,Cundinamarca,12,Sonido y video,0,179.4951,-12.7000,7.1760,20.5600,32379.5524,-14.1000,7.1525,21.0200,34758.4130,0,91413.0000,200853.0000
2024-06-01,2024,6,Cundinamarca,14,"Ferreteria, vidrios y pinturas",0,103.4542,-12.7000,7.1760,20.5600,32379.5524,-14.1000,7.1525,21.0200,34758.4130,0,91413.0000,200853.0000
2024-06-01,2024,6,Cundinamarca,15,Otras mercancias de uso domestico,0,140.3394,-12.7000,7.1760,20.5600,32379.5524,-14.1000,7.1525,21.0200,34758.4130,0,91413.0000,200853.0000
2024-06-01,2024,6,Santander,4,Prendas de vestir y textiles,0,105.5278,-12.7000,7.1760,20.5600,32379.5524,-14.1000,7.1525,21.0200,34758.4130,0,46909.0000,31683.0000
2024-06-01,2024,6,Santander,8,Electrodomesticos y muebles,1,100.3313,-12.7000,7.1760,20.5600,32379.5524,-14.1000,7.1525,21.0200,34758.4130,0,46909.0000,31683.0000
2024-06-01,2024,6,Santander,9,Articulos y utensilios domesticos,0,135.2954,-12.7000,7.1760,20.5600,32379.5524,-14.1000,7.1525,21.0200,34758.4130,0,46909.0000,31683.0000
2024-06-01,2024,6,Santander,10,Aseo del hogar,0,86.1143,-12.7000,7.1760,20.5600,32379.5524,-14.1000,7.1525,21.0200,34758.4130,0,46909.0000,31683.0000
2024-06-01,2024,6,Santander,11,Informatica y telecomunicaciones,0,147.8800,-12.7000,7.1760,20.5600,32379.5524,-14.1000,7.1525,21.0200,34758.4130,0,46909.0000,31683.0000
2024-06-01,2024,6,Santander,12,Sonido y video,0,119.6049,-12.7000,7.1760,20.5600,32379.5524,-14.1000,7.1525,21.0200,34758.4130,0,46909.0000,31683.0000
2024-06-01,2024,6,Santander,14,"Ferreteria, vidrios y pinturas",0,89.2060,-12.7000,7.1760,20.5600,32379.5524,-14.1000,7.1525,21.0200,34758.4130,0,46909.0000,31683.0000
2024-06-01,2024,6,Santander,15,Otras mercancias de uso domestico,0,108.7250,-12.7000,7.1760,20.5600,32379.5524,-14.1000,7.1525,21.0200,34758.4130,0,46909.0000,31683.0000
2024-06-01,2024,6,Valle del Cauca,4,Prendas de vestir y textiles,0,78.9645,-12.7000,7.1760,20.5600,32379.5524,-14.1000,7.1525,21.0200,34758.4130,0,81205.0000,71514.0000
2024-06-01,2024,6,Valle del Cauca,8,Electrodomesticos y muebles,1,110.5899,-12.7000,7.1760,20.5600,32379.5524,-14.1000,7.1525,21.0200,34758.4130,0,81205.0000,71514.0000
2024-06-01,2024,6,Valle del Cauca,9,Articulos y utensilios domesticos,0,111.8261,-12.7000,7.1760,20.5600,32379.5524,-14.1000,7.1525,21.0200,34758.4130,0,81205.0000,71514.0000
2024-06-01,2024,6,Valle del Cauca,10,Aseo del hogar,0,105.0310,-12.7000,7.1760,20.5600,32379.5524,-14.1000,7.1525,21.0200,34758.4130,0,81205.0000,71514.0000
2024-06-01,2024,6,Valle del Cauca,11,Informatica y telecomunicaciones,0,169.8985,-12.7000,7.1760,20.5600,32379.5524,-14.1000,7.1525,21.0200,34758.4130,0,81205.0000,71514.0000
2024-06-01,2024,6,Valle del Cauca,12,Sonido y video,0,144.7931,-12.7000,7.1760,20.5600,32379.5524,-14.1000,7.1525,21.0200,34758.4130,0,81205.0000,71514.0000
2024-06-01,2024,6,Valle del Cauca,14,"Ferreteria, vidrios y pinturas",0,76.7913,-12.7000,7.1760,20.5600,32379.5524,-14.1000,7.1525,21.0200,34758.4130,0,81205.0000,71514.0000
2024-06-01,2024,6,Valle del Cauca,15,Otras mercancias de uso domestico,0,133.6630,-12.7000,7.1760,20.5600,32379.5524,-14.1000,7.1525,21.0200,34758.4130,0,81205.0000,71514.0000
2024-06-01,2024,6,Otros departamentos,4,Prendas de vestir y textiles,0,109.5323,-12.7000,7.1760,20.5600,32379.5524,-14.1000,7.1525,21.0200,34758.4130,0,429417.0000,463703.0000
2024-06-01,2024,6,Otros departamentos,8,Electrodomesticos y muebles,1,125.3170,-12.7000,7.1760,20.5600,32379.5524,-14.1000,7.1525,21.0200,34758.4130,0,429417.0000,463703.0000
2024-06-01,2024,6,Otros departamentos,9,Articulos y utensilios domesticos,0,118.4082,-12.7000,7.1760,20.5600,32379.5524,-14.1000,7.1525,21.0200,34758.4130,0,429417.0000,463703.0000
2024-06-01,2024,6,Otros departamentos,10,Aseo del hogar,0,114.5124,-12.7000,7.1760,20.5600,32379.5524,-14.1000,7.1525,21.0200,34758.4130,0,429417.0000,463703.0000
2024-06-01,2024,6,Otros departamentos,11,Informatica y telecomunicaciones,0,154.3167,-12.7000,7.1760,20.5600,32379.5524,-14.1000,7.1525,21.0200,34758.4130,0,429417.0000,463703.0000
2024-06-01,2024,6,Otros departamentos,12,Sonido y video,0,160.5540,-12.7000,7.1760,20.5600,32379.5524,-14.1000,7.1525,21.0200,34758.4130,0,429417.0000,463703.0000
2024-06-01,2024,6,Otros departamentos,14,"Ferreteria, vidrios y pinturas",0,88.9960,-12.7000,7.1760,20.5600,32379.5524,-14.1000,7.1525,21.0200,34758.4130,0,429417.0000,463703.0000
2024-06-01,2024,6,Otros departamentos,15,Otras mercancias de uso domestico,0,86.0450,-12.7000,7.1760,20.5600,32379.5524,-14.1000,7.1525,21.0200,34758.4130,0,429417.0000,463703.0000
2024-07-01,2024,7,Antioquia,4,Prendas de vestir y textiles,0,113.0685,-9.0000,6.8576,19.6600,38012.8995,-12.7000,7.1760,20.5600,32379.5524,0,183413.0000,114504.0000
2024-07-01,2024,7,Antioquia,8,Electrodomesticos y muebles,1,129.4219,-9.0000,6.8576,19.6600,38012.8995,-12.7000,7.1760,20.5600,32379.5524,0,183413.0000,114504.0000
2024-07-01,2024,7,Antioquia,9,Articulos y utensilios domesticos,0,143.5252,-9.0000,6.8576,19.6600,38012.8995,-12.7000,7.1760,20.5600,32379.5524,0,183413.0000,114504.0000
2024-07-01,2024,7,Antioquia,10,Aseo del hogar,0,144.1177,-9.0000,6.8576,19.6600,38012.8995,-12.7000,7.1760,20.5600,32379.5524,0,183413.0000,114504.0000
2024-07-01,2024,7,Antioquia,11,Informatica y telecomunicaciones,0,186.2099,-9.0000,6.8576,19.6600,38012.8995,-12.7000,7.1760,20.5600,32379.5524,0,183413.0000,114504.0000
2024-07-01,2024,7,Antioquia,12,Sonido y video,0,110.7477,-9.0000,6.8576,19.6600,38012.8995,-12.7000,7.1760,20.5600,32379.5524,0,183413.0000,114504.0000
2024-07-01,2024,7,Antioquia,14,"Ferreteria, vidrios y pinturas",0,117.8510,-9.0000,6.8576,19.6600,38012.8995,-12.7000,7.1760,20.5600,32379.5524,0,183413.0000,114504.0000
2024-07-01,2024,7,Antioquia,15,Otras mercancias de uso domestico,0,99.5714,-9.0000,6.8576,19.6600,38012.8995,-12.7000,7.1760,20.5600,32379.5524,0,183413.0000,114504.0000
2024-07-01,2024,7,Atlantico,4,Prendas de vestir y textiles,0,85.9238,-9.0000,6.8576,19.6600,38012.8995,-12.7000,7.1760,20.5600,32379.5524,0,77526.0000,11115.0000
2024-07-01,2024,7,Atlantico,8,Electrodomesticos y muebles,1,92.6839,-9.0000,6.8576,19.6600,38012.8995,-12.7000,7.1760,20.5600,32379.5524,0,77526.0000,11115.0000
2024-07-01,2024,7,Atlantico,9,Articulos y utensilios domesticos,0,85.1402,-9.0000,6.8576,19.6600,38012.8995,-12.7000,7.1760,20.5600,32379.5524,0,77526.0000,11115.0000
2024-07-01,2024,7,Atlantico,10,Aseo del hogar,0,101.7742,-9.0000,6.8576,19.6600,38012.8995,-12.7000,7.1760,20.5600,32379.5524,0,77526.0000,11115.0000
2024-07-01,2024,7,Atlantico,11,Informatica y telecomunicaciones,0,130.2525,-9.0000,6.8576,19.6600,38012.8995,-12.7000,7.1760,20.5600,32379.5524,0,77526.0000,11115.0000
2024-07-01,2024,7,Atlantico,12,Sonido y video,0,137.3246,-9.0000,6.8576,19.6600,38012.8995,-12.7000,7.1760,20.5600,32379.5524,0,77526.0000,11115.0000
2024-07-01,2024,7,Atlantico,14,"Ferreteria, vidrios y pinturas",0,88.6624,-9.0000,6.8576,19.6600,38012.8995,-12.7000,7.1760,20.5600,32379.5524,0,77526.0000,11115.0000
2024-07-01,2024,7,Atlantico,15,Otras mercancias de uso domestico,0,81.3931,-9.0000,6.8576,19.6600,38012.8995,-12.7000,7.1760,20.5600,32379.5524,0,77526.0000,11115.0000
2024-07-01,2024,7,Bogota,4,Prendas de vestir y textiles,0,85.1672,-9.0000,6.8576,19.6600,38012.8995,-12.7000,7.1760,20.5600,32379.5524,0,158390.0000,172122.0000
2024-07-01,2024,7,Bogota,8,Electrodomesticos y muebles,1,128.7698,-9.0000,6.8576,19.6600,38012.8995,-12.7000,7.1760,20.5600,32379.5524,0,158390.0000,172122.0000
2024-07-01,2024,7,Bogota,9,Articulos y utensilios domesticos,0,123.8160,-9.0000,6.8576,19.6600,38012.8995,-12.7000,7.1760,20.5600,32379.5524,0,158390.0000,172122.0000
2024-07-01,2024,7,Bogota,10,Aseo del hogar,0,143.4018,-9.0000,6.8576,19.6600,38012.8995,-12.7000,7.1760,20.5600,32379.5524,0,158390.0000,172122.0000
2024-07-01,2024,7,Bogota,11,Informatica y telecomunicaciones,0,202.7164,-9.0000,6.8576,19.6600,38012.8995,-12.7000,7.1760,20.5600,32379.5524,0,158390.0000,172122.0000
2024-07-01,2024,7,Bogota,12,Sonido y video,0,159.0561,-9.0000,6.8576,19.6600,38012.8995,-12.7000,7.1760,20.5600,32379.5524,0,158390.0000,172122.0000
2024-07-01,2024,7,Bogota,14,"Ferreteria, vidrios y pinturas",0,128.0907,-9.0000,6.8576,19.6600,38012.8995,-12.7000,7.1760,20.5600,32379.5524,0,158390.0000,172122.0000
2024-07-01,2024,7,Bogota,15,Otras mercancias de uso domestico,0,131.0065,-9.0000,6.8576,19.6600,38012.8995,-12.7000,7.1760,20.5600,32379.5524,0,158390.0000,172122.0000
2024-07-01,2024,7,Cundinamarca,4,Prendas de vestir y textiles,0,115.9967,-9.0000,6.8576,19.6600,38012.8995,-12.7000,7.1760,20.5600,32379.5524,0,163017.0000,91413.0000
2024-07-01,2024,7,Cundinamarca,8,Electrodomesticos y muebles,1,160.0925,-9.0000,6.8576,19.6600,38012.8995,-12.7000,7.1760,20.5600,32379.5524,0,163017.0000,91413.0000
2024-07-01,2024,7,Cundinamarca,9,Articulos y utensilios domesticos,0,149.6150,-9.0000,6.8576,19.6600,38012.8995,-12.7000,7.1760,20.5600,32379.5524,0,163017.0000,91413.0000
2024-07-01,2024,7,Cundinamarca,10,Aseo del hogar,0,156.9718,-9.0000,6.8576,19.6600,38012.8995,-12.7000,7.1760,20.5600,32379.5524,0,163017.0000,91413.0000
2024-07-01,2024,7,Cundinamarca,11,Informatica y telecomunicaciones,0,172.1587,-9.0000,6.8576,19.6600,38012.8995,-12.7000,7.1760,20.5600,32379.5524,0,163017.0000,91413.0000
2024-07-01,2024,7,Cundinamarca,12,Sonido y video,0,207.7224,-9.0000,6.8576,19.6600,38012.8995,-12.7000,7.1760,20.5600,32379.5524,0,163017.0000,91413.0000
2024-07-01,2024,7,Cundinamarca,14,"Ferreteria, vidrios y pinturas",0,129.1011,-9.0000,6.8576,19.6600,38012.8995,-12.7000,7.1760,20.5600,32379.5524,0,163017.0000,91413.0000
2024-07-01,2024,7,Cundinamarca,15,Otras mercancias de uso domestico,0,134.2299,-9.0000,6.8576,19.6600,38012.8995,-12.7000,7.1760,20.5600,32379.5524,0,163017.0000,91413.0000
2024-07-01,2024,7,Santander,4,Prendas de vestir y textiles,0,83.3558,-9.0000,6.8576,19.6600,38012.8995,-12.7000,7.1760,20.5600,32379.5524,0,52275.0000,46909.0000
2024-07-01,2024,7,Santander,8,Electrodomesticos y muebles,1,119.9452,-9.0000,6.8576,19.6600,38012.8995,-12.7000,7.1760,20.5600,32379.5524,0,52275.0000,46909.0000
2024-07-01,2024,7,Santander,9,Articulos y utensilios domesticos,0,132.0387,-9.0000,6.8576,19.6600,38012.8995,-12.7000,7.1760,20.5600,32379.5524,0,52275.0000,46909.0000
2024-07-01,2024,7,Santander,10,Aseo del hogar,0,112.9254,-9.0000,6.8576,19.6600,38012.8995,-12.7000,7.1760,20.5600,32379.5524,0,52275.0000,46909.0000
2024-07-01,2024,7,Santander,11,Informatica y telecomunicaciones,0,145.9697,-9.0000,6.8576,19.6600,38012.8995,-12.7000,7.1760,20.5600,32379.5524,0,52275.0000,46909.0000
2024-07-01,2024,7,Santander,12,Sonido y video,0,129.8588,-9.0000,6.8576,19.6600,38012.8995,-12.7000,7.1760,20.5600,32379.5524,0,52275.0000,46909.0000
2024-07-01,2024,7,Santander,14,"Ferreteria, vidrios y pinturas",0,99.7462,-9.0000,6.8576,19.6600,38012.8995,-12.7000,7.1760,20.5600,32379.5524,0,52275.0000,46909.0000
2024-07-01,2024,7,Santander,15,Otras mercancias de uso domestico,0,101.6187,-9.0000,6.8576,19.6600,38012.8995,-12.7000,7.1760,20.5600,32379.5524,0,52275.0000,46909.0000
2024-07-01,2024,7,Valle del Cauca,4,Prendas de vestir y textiles,0,76.0753,-9.0000,6.8576,19.6600,38012.8995,-12.7000,7.1760,20.5600,32379.5524,0,78495.0000,81205.0000
2024-07-01,2024,7,Valle del Cauca,8,Electrodomesticos y muebles,1,98.1000,-9.0000,6.8576,19.6600,38012.8995,-12.7000,7.1760,20.5600,32379.5524,0,78495.0000,81205.0000
2024-07-01,2024,7,Valle del Cauca,9,Articulos y utensilios domesticos,0,120.3370,-9.0000,6.8576,19.6600,38012.8995,-12.7000,7.1760,20.5600,32379.5524,0,78495.0000,81205.0000
2024-07-01,2024,7,Valle del Cauca,10,Aseo del hogar,0,119.8331,-9.0000,6.8576,19.6600,38012.8995,-12.7000,7.1760,20.5600,32379.5524,0,78495.0000,81205.0000
2024-07-01,2024,7,Valle del Cauca,11,Informatica y telecomunicaciones,0,178.3324,-9.0000,6.8576,19.6600,38012.8995,-12.7000,7.1760,20.5600,32379.5524,0,78495.0000,81205.0000
2024-07-01,2024,7,Valle del Cauca,12,Sonido y video,0,149.1532,-9.0000,6.8576,19.6600,38012.8995,-12.7000,7.1760,20.5600,32379.5524,0,78495.0000,81205.0000
2024-07-01,2024,7,Valle del Cauca,14,"Ferreteria, vidrios y pinturas",0,87.8732,-9.0000,6.8576,19.6600,38012.8995,-12.7000,7.1760,20.5600,32379.5524,0,78495.0000,81205.0000
2024-07-01,2024,7,Valle del Cauca,15,Otras mercancias de uso domestico,0,145.3549,-9.0000,6.8576,19.6600,38012.8995,-12.7000,7.1760,20.5600,32379.5524,0,78495.0000,81205.0000
2024-07-01,2024,7,Otros departamentos,4,Prendas de vestir y textiles,0,108.7355,-9.0000,6.8576,19.6600,38012.8995,-12.7000,7.1760,20.5600,32379.5524,0,402892.0000,429417.0000
2024-07-01,2024,7,Otros departamentos,8,Electrodomesticos y muebles,1,145.7140,-9.0000,6.8576,19.6600,38012.8995,-12.7000,7.1760,20.5600,32379.5524,0,402892.0000,429417.0000
2024-07-01,2024,7,Otros departamentos,9,Articulos y utensilios domesticos,0,145.0719,-9.0000,6.8576,19.6600,38012.8995,-12.7000,7.1760,20.5600,32379.5524,0,402892.0000,429417.0000
2024-07-01,2024,7,Otros departamentos,10,Aseo del hogar,0,121.3642,-9.0000,6.8576,19.6600,38012.8995,-12.7000,7.1760,20.5600,32379.5524,0,402892.0000,429417.0000
2024-07-01,2024,7,Otros departamentos,11,Informatica y telecomunicaciones,0,166.7285,-9.0000,6.8576,19.6600,38012.8995,-12.7000,7.1760,20.5600,32379.5524,0,402892.0000,429417.0000
2024-07-01,2024,7,Otros departamentos,12,Sonido y video,0,169.2326,-9.0000,6.8576,19.6600,38012.8995,-12.7000,7.1760,20.5600,32379.5524,0,402892.0000,429417.0000
2024-07-01,2024,7,Otros departamentos,14,"Ferreteria, vidrios y pinturas",0,91.0391,-9.0000,6.8576,19.6600,38012.8995,-12.7000,7.1760,20.5600,32379.5524,0,402892.0000,429417.0000
2024-07-01,2024,7,Otros departamentos,15,Otras mercancias de uso domestico,0,89.0652,-9.0000,6.8576,19.6600,38012.8995,-12.7000,7.1760,20.5600,32379.5524,0,402892.0000,429417.0000
2024-08-01,2024,8,Antioquia,4,Prendas de vestir y textiles,0,86.5885,-15.3000,6.1157,19.4700,45150.7705,-9.0000,6.8576,19.6600,38012.8995,0,251851.0000,183413.0000
2024-08-01,2024,8,Antioquia,8,Electrodomesticos y muebles,1,142.4793,-15.3000,6.1157,19.4700,45150.7705,-9.0000,6.8576,19.6600,38012.8995,0,251851.0000,183413.0000
2024-08-01,2024,8,Antioquia,9,Articulos y utensilios domesticos,0,130.8292,-15.3000,6.1157,19.4700,45150.7705,-9.0000,6.8576,19.6600,38012.8995,0,251851.0000,183413.0000
2024-08-01,2024,8,Antioquia,10,Aseo del hogar,0,117.3008,-15.3000,6.1157,19.4700,45150.7705,-9.0000,6.8576,19.6600,38012.8995,0,251851.0000,183413.0000
2024-08-01,2024,8,Antioquia,11,Informatica y telecomunicaciones,0,228.6062,-15.3000,6.1157,19.4700,45150.7705,-9.0000,6.8576,19.6600,38012.8995,0,251851.0000,183413.0000
2024-08-01,2024,8,Antioquia,12,Sonido y video,0,119.0842,-15.3000,6.1157,19.4700,45150.7705,-9.0000,6.8576,19.6600,38012.8995,0,251851.0000,183413.0000
2024-08-01,2024,8,Antioquia,14,"Ferreteria, vidrios y pinturas",0,126.1765,-15.3000,6.1157,19.4700,45150.7705,-9.0000,6.8576,19.6600,38012.8995,0,251851.0000,183413.0000
2024-08-01,2024,8,Antioquia,15,Otras mercancias de uso domestico,0,128.8007,-15.3000,6.1157,19.4700,45150.7705,-9.0000,6.8576,19.6600,38012.8995,0,251851.0000,183413.0000
2024-08-01,2024,8,Atlantico,4,Prendas de vestir y textiles,0,82.0539,-15.3000,6.1157,19.4700,45150.7705,-9.0000,6.8576,19.6600,38012.8995,0,50750.0000,77526.0000
2024-08-01,2024,8,Atlantico,8,Electrodomesticos y muebles,1,102.1038,-15.3000,6.1157,19.4700,45150.7705,-9.0000,6.8576,19.6600,38012.8995,0,50750.0000,77526.0000
2024-08-01,2024,8,Atlantico,9,Articulos y utensilios domesticos,0,98.5753,-15.3000,6.1157,19.4700,45150.7705,-9.0000,6.8576,19.6600,38012.8995,0,50750.0000,77526.0000
2024-08-01,2024,8,Atlantico,10,Aseo del hogar,0,102.9893,-15.3000,6.1157,19.4700,45150.7705,-9.0000,6.8576,19.6600,38012.8995,0,50750.0000,77526.0000
2024-08-01,2024,8,Atlantico,11,Informatica y telecomunicaciones,0,164.9075,-15.3000,6.1157,19.4700,45150.7705,-9.0000,6.8576,19.6600,38012.8995,0,50750.0000,77526.0000
2024-08-01,2024,8,Atlantico,12,Sonido y video,0,116.4608,-15.3000,6.1157,19.4700,45150.7705,-9.0000,6.8576,19.6600,38012.8995,0,50750.0000,77526.0000
2024-08-01,2024,8,Atlantico,14,"Ferreteria, vidrios y pinturas",0,83.4318,-15.3000,6.1157,19.4700,45150.7705,-9.0000,6.8576,19.6600,38012.8995,0,50750.0000,77526.0000
2024-08-01,2024,8,Atlantico,15,Otras mercancias de uso domestico,0,84.5892,-15.3000,6.1157,19.4700,45150.7705,-9.0000,6.8576,19.6600,38012.8995,0,50750.0000,77526.0000
2024-08-01,2024,8,Bogota,4,Prendas de vestir y textiles,0,96.0997,-15.3000,6.1157,19.4700,45150.7705,-9.0000,6.8576,19.6600,38012.8995,0,167868.0000,158390.0000
2024-08-01,2024,8,Bogota,8,Electrodomesticos y muebles,1,160.1398,-15.3000,6.1157,19.4700,45150.7705,-9.0000,6.8576,19.6600,38012.8995,0,167868.0000,158390.0000
2024-08-01,2024,8,Bogota,9,Articulos y utensilios domesticos,0,158.4249,-15.3000,6.1157,19.4700,45150.7705,-9.0000,6.8576,19.6600,38012.8995,0,167868.0000,158390.0000
2024-08-01,2024,8,Bogota,10,Aseo del hogar,0,153.9590,-15.3000,6.1157,19.4700,45150.7705,-9.0000,6.8576,19.6600,38012.8995,0,167868.0000,158390.0000
2024-08-01,2024,8,Bogota,11,Informatica y telecomunicaciones,0,261.6600,-15.3000,6.1157,19.4700,45150.7705,-9.0000,6.8576,19.6600,38012.8995,0,167868.0000,158390.0000
2024-08-01,2024,8,Bogota,12,Sonido y video,0,153.0280,-15.3000,6.1157,19.4700,45150.7705,-9.0000,6.8576,19.6600,38012.8995,0,167868.0000,158390.0000
2024-08-01,2024,8,Bogota,14,"Ferreteria, vidrios y pinturas",0,111.3096,-15.3000,6.1157,19.4700,45150.7705,-9.0000,6.8576,19.6600,38012.8995,0,167868.0000,158390.0000
2024-08-01,2024,8,Bogota,15,Otras mercancias de uso domestico,0,122.7025,-15.3000,6.1157,19.4700,45150.7705,-9.0000,6.8576,19.6600,38012.8995,0,167868.0000,158390.0000
2024-08-01,2024,8,Cundinamarca,4,Prendas de vestir y textiles,0,97.3036,-15.3000,6.1157,19.4700,45150.7705,-9.0000,6.8576,19.6600,38012.8995,0,135222.0000,163017.0000
2024-08-01,2024,8,Cundinamarca,8,Electrodomesticos y muebles,1,130.4113,-15.3000,6.1157,19.4700,45150.7705,-9.0000,6.8576,19.6600,38012.8995,0,135222.0000,163017.0000
2024-08-01,2024,8,Cundinamarca,9,Articulos y utensilios domesticos,0,130.0054,-15.3000,6.1157,19.4700,45150.7705,-9.0000,6.8576,19.6600,38012.8995,0,135222.0000,163017.0000
2024-08-01,2024,8,Cundinamarca,10,Aseo del hogar,0,176.0778,-15.3000,6.1157,19.4700,45150.7705,-9.0000,6.8576,19.6600,38012.8995,0,135222.0000,163017.0000
2024-08-01,2024,8,Cundinamarca,11,Informatica y telecomunicaciones,0,231.9938,-15.3000,6.1157,19.4700,45150.7705,-9.0000,6.8576,19.6600,38012.8995,0,135222.0000,163017.0000
2024-08-01,2024,8,Cundinamarca,12,Sonido y video,0,175.3824,-15.3000,6.1157,19.4700,45150.7705,-9.0000,6.8576,19.6600,38012.8995,0,135222.0000,163017.0000
2024-08-01,2024,8,Cundinamarca,14,"Ferreteria, vidrios y pinturas",0,127.7224,-15.3000,6.1157,19.4700,45150.7705,-9.0000,6.8576,19.6600,38012.8995,0,135222.0000,163017.0000
2024-08-01,2024,8,Cundinamarca,15,Otras mercancias de uso domestico,0,106.0546,-15.3000,6.1157,19.4700,45150.7705,-9.0000,6.8576,19.6600,38012.8995,0,135222.0000,163017.0000
2024-08-01,2024,8,Santander,4,Prendas de vestir y textiles,0,83.5638,-15.3000,6.1157,19.4700,45150.7705,-9.0000,6.8576,19.6600,38012.8995,0,30335.0000,52275.0000
2024-08-01,2024,8,Santander,8,Electrodomesticos y muebles,1,154.5589,-15.3000,6.1157,19.4700,45150.7705,-9.0000,6.8576,19.6600,38012.8995,0,30335.0000,52275.0000
2024-08-01,2024,8,Santander,9,Articulos y utensilios domesticos,0,125.0626,-15.3000,6.1157,19.4700,45150.7705,-9.0000,6.8576,19.6600,38012.8995,0,30335.0000,52275.0000
2024-08-01,2024,8,Santander,10,Aseo del hogar,0,96.1899,-15.3000,6.1157,19.4700,45150.7705,-9.0000,6.8576,19.6600,38012.8995,0,30335.0000,52275.0000
2024-08-01,2024,8,Santander,11,Informatica y telecomunicaciones,0,183.1370,-15.3000,6.1157,19.4700,45150.7705,-9.0000,6.8576,19.6600,38012.8995,0,30335.0000,52275.0000
2024-08-01,2024,8,Santander,12,Sonido y video,0,148.5968,-15.3000,6.1157,19.4700,45150.7705,-9.0000,6.8576,19.6600,38012.8995,0,30335.0000,52275.0000
2024-08-01,2024,8,Santander,14,"Ferreteria, vidrios y pinturas",0,101.9470,-15.3000,6.1157,19.4700,45150.7705,-9.0000,6.8576,19.6600,38012.8995,0,30335.0000,52275.0000
2024-08-01,2024,8,Santander,15,Otras mercancias de uso domestico,0,89.7050,-15.3000,6.1157,19.4700,45150.7705,-9.0000,6.8576,19.6600,38012.8995,0,30335.0000,52275.0000
2024-08-01,2024,8,Valle del Cauca,4,Prendas de vestir y textiles,0,94.7506,-15.3000,6.1157,19.4700,45150.7705,-9.0000,6.8576,19.6600,38012.8995,0,108362.0000,78495.0000
2024-08-01,2024,8,Valle del Cauca,8,Electrodomesticos y muebles,1,101.5216,-15.3000,6.1157,19.4700,45150.7705,-9.0000,6.8576,19.6600,38012.8995,0,108362.0000,78495.0000
2024-08-01,2024,8,Valle del Cauca,9,Articulos y utensilios domesticos,0,112.6230,-15.3000,6.1157,19.4700,45150.7705,-9.0000,6.8576,19.6600,38012.8995,0,108362.0000,78495.0000
2024-08-01,2024,8,Valle del Cauca,10,Aseo del hogar,0,103.7441,-15.3000,6.1157,19.4700,45150.7705,-9.0000,6.8576,19.6600,38012.8995,0,108362.0000,78495.0000
2024-08-01,2024,8,Valle del Cauca,11,Informatica y telecomunicaciones,0,186.6565,-15.3000,6.1157,19.4700,45150.7705,-9.0000,6.8576,19.6600,38012.8995,0,108362.0000,78495.0000
2024-08-01,2024,8,Valle del Cauca,12,Sonido y video,0,130.0430,-15.3000,6.1157,19.4700,45150.7705,-9.0000,6.8576,19.6600,38012.8995,0,108362.0000,78495.0000
2024-08-01,2024,8,Valle del Cauca,14,"Ferreteria, vidrios y pinturas",0,94.7512,-15.3000,6.1157,19.4700,45150.7705,-9.0000,6.8576,19.6600,38012.8995,0,108362.0000,78495.0000
2024-08-01,2024,8,Valle del Cauca,15,Otras mercancias de uso domestico,0,142.1093,-15.3000,6.1157,19.4700,45150.7705,-9.0000,6.8576,19.6600,38012.8995,0,108362.0000,78495.0000
2024-08-01,2024,8,Otros departamentos,4,Prendas de vestir y textiles,0,93.5874,-15.3000,6.1157,19.4700,45150.7705,-9.0000,6.8576,19.6600,38012.8995,0,545485.0000,402892.0000
2024-08-01,2024,8,Otros departamentos,8,Electrodomesticos y muebles,1,140.1527,-15.3000,6.1157,19.4700,45150.7705,-9.0000,6.8576,19.6600,38012.8995,0,545485.0000,402892.0000
2024-08-01,2024,8,Otros departamentos,9,Articulos y utensilios domesticos,0,144.1673,-15.3000,6.1157,19.4700,45150.7705,-9.0000,6.8576,19.6600,38012.8995,0,545485.0000,402892.0000
2024-08-01,2024,8,Otros departamentos,10,Aseo del hogar,0,130.3191,-15.3000,6.1157,19.4700,45150.7705,-9.0000,6.8576,19.6600,38012.8995,0,545485.0000,402892.0000
2024-08-01,2024,8,Otros departamentos,11,Informatica y telecomunicaciones,0,217.3196,-15.3000,6.1157,19.4700,45150.7705,-9.0000,6.8576,19.6600,38012.8995,0,545485.0000,402892.0000
2024-08-01,2024,8,Otros departamentos,12,Sonido y video,0,160.6248,-15.3000,6.1157,19.4700,45150.7705,-9.0000,6.8576,19.6600,38012.8995,0,545485.0000,402892.0000
2024-08-01,2024,8,Otros departamentos,14,"Ferreteria, vidrios y pinturas",0,95.0450,-15.3000,6.1157,19.4700,45150.7705,-9.0000,6.8576,19.6600,38012.8995,0,545485.0000,402892.0000
2024-08-01,2024,8,Otros departamentos,15,Otras mercancias de uso domestico,0,99.3280,-15.3000,6.1157,19.4700,45150.7705,-9.0000,6.8576,19.6600,38012.8995,0,545485.0000,402892.0000
2024-09-01,2024,9,Antioquia,4,Prendas de vestir y textiles,0,91.3183,-16.0000,5.8115,19.2300,42134.5416,-15.3000,6.1157,19.4700,45150.7705,0,335610.0000,251851.0000
2024-09-01,2024,9,Antioquia,8,Electrodomesticos y muebles,1,135.1560,-16.0000,5.8115,19.2300,42134.5416,-15.3000,6.1157,19.4700,45150.7705,0,335610.0000,251851.0000
2024-09-01,2024,9,Antioquia,9,Articulos y utensilios domesticos,0,151.5817,-16.0000,5.8115,19.2300,42134.5416,-15.3000,6.1157,19.4700,45150.7705,0,335610.0000,251851.0000
2024-09-01,2024,9,Antioquia,10,Aseo del hogar,0,121.6761,-16.0000,5.8115,19.2300,42134.5416,-15.3000,6.1157,19.4700,45150.7705,0,335610.0000,251851.0000
2024-09-01,2024,9,Antioquia,11,Informatica y telecomunicaciones,0,193.8705,-16.0000,5.8115,19.2300,42134.5416,-15.3000,6.1157,19.4700,45150.7705,0,335610.0000,251851.0000
2024-09-01,2024,9,Antioquia,12,Sonido y video,0,107.0099,-16.0000,5.8115,19.2300,42134.5416,-15.3000,6.1157,19.4700,45150.7705,0,335610.0000,251851.0000
2024-09-01,2024,9,Antioquia,14,"Ferreteria, vidrios y pinturas",0,105.4683,-16.0000,5.8115,19.2300,42134.5416,-15.3000,6.1157,19.4700,45150.7705,0,335610.0000,251851.0000
2024-09-01,2024,9,Antioquia,15,Otras mercancias de uso domestico,0,130.7586,-16.0000,5.8115,19.2300,42134.5416,-15.3000,6.1157,19.4700,45150.7705,0,335610.0000,251851.0000
2024-09-01,2024,9,Atlantico,4,Prendas de vestir y textiles,0,85.8634,-16.0000,5.8115,19.2300,42134.5416,-15.3000,6.1157,19.4700,45150.7705,0,108682.0000,50750.0000
2024-09-01,2024,9,Atlantico,8,Electrodomesticos y muebles,1,86.2610,-16.0000,5.8115,19.2300,42134.5416,-15.3000,6.1157,19.4700,45150.7705,0,108682.0000,50750.0000
2024-09-01,2024,9,Atlantico,9,Articulos y utensilios domesticos,0,101.4173,-16.0000,5.8115,19.2300,42134.5416,-15.3000,6.1157,19.4700,45150.7705,0,108682.0000,50750.0000
2024-09-01,2024,9,Atlantico,10,Aseo del hogar,0,100.7347,-16.0000,5.8115,19.2300,42134.5416,-15.3000,6.1157,19.4700,45150.7705,0,108682.0000,50750.0000
2024-09-01,2024,9,Atlantico,11,Informatica y telecomunicaciones,0,131.2265,-16.0000,5.8115,19.2300,42134.5416,-15.3000,6.1157,19.4700,45150.7705,0,108682.0000,50750.0000
2024-09-01,2024,9,Atlantico,12,Sonido y video,0,97.0687,-16.0000,5.8115,19.2300,42134.5416,-15.3000,6.1157,19.4700,45150.7705,0,108682.0000,50750.0000
2024-09-01,2024,9,Atlantico,14,"Ferreteria, vidrios y pinturas",0,82.2034,-16.0000,5.8115,19.2300,42134.5416,-15.3000,6.1157,19.4700,45150.7705,0,108682.0000,50750.0000
2024-09-01,2024,9,Atlantico,15,Otras mercancias de uso domestico,0,94.3781,-16.0000,5.8115,19.2300,42134.5416,-15.3000,6.1157,19.4700,45150.7705,0,108682.0000,50750.0000
2024-09-01,2024,9,Bogota,4,Prendas de vestir y textiles,0,114.9326,-16.0000,5.8115,19.2300,42134.5416,-15.3000,6.1157,19.4700,45150.7705,0,232490.0000,167868.0000
2024-09-01,2024,9,Bogota,8,Electrodomesticos y muebles,1,136.4509,-16.0000,5.8115,19.2300,42134.5416,-15.3000,6.1157,19.4700,45150.7705,0,232490.0000,167868.0000
2024-09-01,2024,9,Bogota,9,Articulos y utensilios domesticos,0,136.6184,-16.0000,5.8115,19.2300,42134.5416,-15.3000,6.1157,19.4700,45150.7705,0,232490.0000,167868.0000
2024-09-01,2024,9,Bogota,10,Aseo del hogar,0,149.6228,-16.0000,5.8115,19.2300,42134.5416,-15.3000,6.1157,19.4700,45150.7705,0,232490.0000,167868.0000
2024-09-01,2024,9,Bogota,11,Informatica y telecomunicaciones,0,232.4733,-16.0000,5.8115,19.2300,42134.5416,-15.3000,6.1157,19.4700,45150.7705,0,232490.0000,167868.0000
2024-09-01,2024,9,Bogota,12,Sonido y video,0,135.5291,-16.0000,5.8115,19.2300,42134.5416,-15.3000,6.1157,19.4700,45150.7705,0,232490.0000,167868.0000
2024-09-01,2024,9,Bogota,14,"Ferreteria, vidrios y pinturas",0,115.0137,-16.0000,5.8115,19.2300,42134.5416,-15.3000,6.1157,19.4700,45150.7705,0,232490.0000,167868.0000
2024-09-01,2024,9,Bogota,15,Otras mercancias de uso domestico,0,123.6363,-16.0000,5.8115,19.2300,42134.5416,-15.3000,6.1157,19.4700,45150.7705,0,232490.0000,167868.0000
2024-09-01,2024,9,Cundinamarca,4,Prendas de vestir y textiles,0,122.0634,-16.0000,5.8115,19.2300,42134.5416,-15.3000,6.1157,19.4700,45150.7705,0,91363.0000,135222.0000
2024-09-01,2024,9,Cundinamarca,8,Electrodomesticos y muebles,1,117.8628,-16.0000,5.8115,19.2300,42134.5416,-15.3000,6.1157,19.4700,45150.7705,0,91363.0000,135222.0000
2024-09-01,2024,9,Cundinamarca,9,Articulos y utensilios domesticos,0,170.8969,-16.0000,5.8115,19.2300,42134.5416,-15.3000,6.1157,19.4700,45150.7705,0,91363.0000,135222.0000
2024-09-01,2024,9,Cundinamarca,10,Aseo del hogar,0,181.8852,-16.0000,5.8115,19.2300,42134.5416,-15.3000,6.1157,19.4700,45150.7705,0,91363.0000,135222.0000
2024-09-01,2024,9,Cundinamarca,11,Informatica y telecomunicaciones,0,191.9180,-16.0000,5.8115,19.2300,42134.5416,-15.3000,6.1157,19.4700,45150.7705,0,91363.0000,135222.0000
2024-09-01,2024,9,Cundinamarca,12,Sonido y video,0,147.7446,-16.0000,5.8115,19.2300,42134.5416,-15.3000,6.1157,19.4700,45150.7705,0,91363.0000,135222.0000
2024-09-01,2024,9,Cundinamarca,14,"Ferreteria, vidrios y pinturas",0,135.9282,-16.0000,5.8115,19.2300,42134.5416,-15.3000,6.1157,19.4700,45150.7705,0,91363.0000,135222.0000
2024-09-01,2024,9,Cundinamarca,15,Otras mercancias de uso domestico,0,114.2627,-16.0000,5.8115,19.2300,42134.5416,-15.3000,6.1157,19.4700,45150.7705,0,91363.0000,135222.0000
2024-09-01,2024,9,Santander,4,Prendas de vestir y textiles,0,76.2252,-16.0000,5.8115,19.2300,42134.5416,-15.3000,6.1157,19.4700,45150.7705,0,75655.0000,30335.0000
2024-09-01,2024,9,Santander,8,Electrodomesticos y muebles,1,111.4044,-16.0000,5.8115,19.2300,42134.5416,-15.3000,6.1157,19.4700,45150.7705,0,75655.0000,30335.0000
2024-09-01,2024,9,Santander,9,Articulos y utensilios domesticos,0,121.0222,-16.0000,5.8115,19.2300,42134.5416,-15.3000,6.1157,19.4700,45150.7705,0,75655.0000,30335.0000
2024-09-01,2024,9,Santander,10,Aseo del hogar,0,86.3516,-16.0000,5.8115,19.2300,42134.5416,-15.3000,6.1157,19.4700,45150.7705,0,75655.0000,30335.0000
2024-09-01,2024,9,Santander,11,Informatica y telecomunicaciones,0,142.7879,-16.0000,5.8115,19.2300,42134.5416,-15.3000,6.1157,19.4700,45150.7705,0,75655.0000,30335.0000
2024-09-01,2024,9,Santander,12,Sonido y video,0,123.0098,-16.0000,5.8115,19.2300,42134.5416,-15.3000,6.1157,19.4700,45150.7705,0,75655.0000,30335.0000
2024-09-01,2024,9,Santander,14,"Ferreteria, vidrios y pinturas",0,94.9196,-16.0000,5.8115,19.2300,42134.5416,-15.3000,6.1157,19.4700,45150.7705,0,75655.0000,30335.0000
2024-09-01,2024,9,Santander,15,Otras mercancias de uso domestico,0,88.3820,-16.0000,5.8115,19.2300,42134.5416,-15.3000,6.1157,19.4700,45150.7705,0,75655.0000,30335.0000
2024-09-01,2024,9,Valle del Cauca,4,Prendas de vestir y textiles,0,88.8968,-16.0000,5.8115,19.2300,42134.5416,-15.3000,6.1157,19.4700,45150.7705,0,184363.0000,108362.0000
2024-09-01,2024,9,Valle del Cauca,8,Electrodomesticos y muebles,1,80.6759,-16.0000,5.8115,19.2300,42134.5416,-15.3000,6.1157,19.4700,45150.7705,0,184363.0000,108362.0000
2024-09-01,2024,9,Valle del Cauca,9,Articulos y utensilios domesticos,0,110.1097,-16.0000,5.8115,19.2300,42134.5416,-15.3000,6.1157,19.4700,45150.7705,0,184363.0000,108362.0000
2024-09-01,2024,9,Valle del Cauca,10,Aseo del hogar,0,97.1976,-16.0000,5.8115,19.2300,42134.5416,-15.3000,6.1157,19.4700,45150.7705,0,184363.0000,108362.0000
2024-09-01,2024,9,Valle del Cauca,11,Informatica y telecomunicaciones,0,154.8030,-16.0000,5.8115,19.2300,42134.5416,-15.3000,6.1157,19.4700,45150.7705,0,184363.0000,108362.0000
2024-09-01,2024,9,Valle del Cauca,12,Sonido y video,0,108.5091,-16.0000,5.8115,19.2300,42134.5416,-15.3000,6.1157,19.4700,45150.7705,0,184363.0000,108362.0000
2024-09-01,2024,9,Valle del Cauca,14,"Ferreteria, vidrios y pinturas",0,88.2280,-16.0000,5.8115,19.2300,42134.5416,-15.3000,6.1157,19.4700,45150.7705,0,184363.0000,108362.0000
2024-09-01,2024,9,Valle del Cauca,15,Otras mercancias de uso domestico,0,113.4254,-16.0000,5.8115,19.2300,42134.5416,-15.3000,6.1157,19.4700,45150.7705,0,184363.0000,108362.0000
2024-09-01,2024,9,Otros departamentos,4,Prendas de vestir y textiles,0,78.0390,-16.0000,5.8115,19.2300,42134.5416,-15.3000,6.1157,19.4700,45150.7705,0,457054.0000,545485.0000
2024-09-01,2024,9,Otros departamentos,8,Electrodomesticos y muebles,1,122.4482,-16.0000,5.8115,19.2300,42134.5416,-15.3000,6.1157,19.4700,45150.7705,0,457054.0000,545485.0000
2024-09-01,2024,9,Otros departamentos,9,Articulos y utensilios domesticos,0,126.4769,-16.0000,5.8115,19.2300,42134.5416,-15.3000,6.1157,19.4700,45150.7705,0,457054.0000,545485.0000
2024-09-01,2024,9,Otros departamentos,10,Aseo del hogar,0,118.6582,-16.0000,5.8115,19.2300,42134.5416,-15.3000,6.1157,19.4700,45150.7705,0,457054.0000,545485.0000
2024-09-01,2024,9,Otros departamentos,11,Informatica y telecomunicaciones,0,166.3070,-16.0000,5.8115,19.2300,42134.5416,-15.3000,6.1157,19.4700,45150.7705,0,457054.0000,545485.0000
2024-09-01,2024,9,Otros departamentos,12,Sonido y video,0,122.9052,-16.0000,5.8115,19.2300,42134.5416,-15.3000,6.1157,19.4700,45150.7705,0,457054.0000,545485.0000
2024-09-01,2024,9,Otros departamentos,14,"Ferreteria, vidrios y pinturas",0,98.5964,-16.0000,5.8115,19.2300,42134.5416,-15.3000,6.1157,19.4700,45150.7705,0,457054.0000,545485.0000
2024-09-01,2024,9,Otros departamentos,15,Otras mercancias de uso domestico,0,102.7490,-16.0000,5.8115,19.2300,42134.5416,-15.3000,6.1157,19.4700,45150.7705,0,457054.0000,545485.0000
2024-10-01,2024,10,Antioquia,4,Prendas de vestir y textiles,0,121.7244,-3.7000,5.4086,18.7800,39459.9490,-16.0000,5.8115,19.2300,42134.5416,0,223288.0000,335610.0000
2024-10-01,2024,10,Antioquia,8,Electrodomesticos y muebles,1,147.5497,-3.7000,5.4086,18.7800,39459.9490,-16.0000,5.8115,19.2300,42134.5416,0,223288.0000,335610.0000
2024-10-01,2024,10,Antioquia,9,Articulos y utensilios domesticos,0,163.5287,-3.7000,5.4086,18.7800,39459.9490,-16.0000,5.8115,19.2300,42134.5416,0,223288.0000,335610.0000
2024-10-01,2024,10,Antioquia,10,Aseo del hogar,0,138.5349,-3.7000,5.4086,18.7800,39459.9490,-16.0000,5.8115,19.2300,42134.5416,0,223288.0000,335610.0000
2024-10-01,2024,10,Antioquia,11,Informatica y telecomunicaciones,0,209.2546,-3.7000,5.4086,18.7800,39459.9490,-16.0000,5.8115,19.2300,42134.5416,0,223288.0000,335610.0000
2024-10-01,2024,10,Antioquia,12,Sonido y video,0,130.2423,-3.7000,5.4086,18.7800,39459.9490,-16.0000,5.8115,19.2300,42134.5416,0,223288.0000,335610.0000
2024-10-01,2024,10,Antioquia,14,"Ferreteria, vidrios y pinturas",0,124.4602,-3.7000,5.4086,18.7800,39459.9490,-16.0000,5.8115,19.2300,42134.5416,0,223288.0000,335610.0000
2024-10-01,2024,10,Antioquia,15,Otras mercancias de uso domestico,0,133.6957,-3.7000,5.4086,18.7800,39459.9490,-16.0000,5.8115,19.2300,42134.5416,0,223288.0000,335610.0000
2024-10-01,2024,10,Atlantico,4,Prendas de vestir y textiles,0,87.9782,-3.7000,5.4086,18.7800,39459.9490,-16.0000,5.8115,19.2300,42134.5416,0,10489.0000,108682.0000
2024-10-01,2024,10,Atlantico,8,Electrodomesticos y muebles,1,105.1499,-3.7000,5.4086,18.7800,39459.9490,-16.0000,5.8115,19.2300,42134.5416,0,10489.0000,108682.0000
2024-10-01,2024,10,Atlantico,9,Articulos y utensilios domesticos,0,119.0296,-3.7000,5.4086,18.7800,39459.9490,-16.0000,5.8115,19.2300,42134.5416,0,10489.0000,108682.0000
2024-10-01,2024,10,Atlantico,10,Aseo del hogar,0,97.7933,-3.7000,5.4086,18.7800,39459.9490,-16.0000,5.8115,19.2300,42134.5416,0,10489.0000,108682.0000
2024-10-01,2024,10,Atlantico,11,Informatica y telecomunicaciones,0,122.3776,-3.7000,5.4086,18.7800,39459.9490,-16.0000,5.8115,19.2300,42134.5416,0,10489.0000,108682.0000
2024-10-01,2024,10,Atlantico,12,Sonido y video,0,85.6526,-3.7000,5.4086,18.7800,39459.9490,-16.0000,5.8115,19.2300,42134.5416,0,10489.0000,108682.0000
2024-10-01,2024,10,Atlantico,14,"Ferreteria, vidrios y pinturas",0,103.1082,-3.7000,5.4086,18.7800,39459.9490,-16.0000,5.8115,19.2300,42134.5416,0,10489.0000,108682.0000
2024-10-01,2024,10,Atlantico,15,Otras mercancias de uso domestico,0,110.5694,-3.7000,5.4086,18.7800,39459.9490,-16.0000,5.8115,19.2300,42134.5416,0,10489.0000,108682.0000
2024-10-01,2024,10,Bogota,4,Prendas de vestir y textiles,0,109.3148,-3.7000,5.4086,18.7800,39459.9490,-16.0000,5.8115,19.2300,42134.5416,0,144669.0000,232490.0000
2024-10-01,2024,10,Bogota,8,Electrodomesticos y muebles,1,140.9650,-3.7000,5.4086,18.7800,39459.9490,-16.0000,5.8115,19.2300,42134.5416,0,144669.0000,232490.0000
2024-10-01,2024,10,Bogota,9,Articulos y utensilios domesticos,0,138.7683,-3.7000,5.4086,18.7800,39459.9490,-16.0000,5.8115,19.2300,42134.5416,0,144669.0000,232490.0000
2024-10-01,2024,10,Bogota,10,Aseo del hogar,0,138.3141,-3.7000,5.4086,18.7800,39459.9490,-16.0000,5.8115,19.2300,42134.5416,0,144669.0000,232490.0000
2024-10-01,2024,10,Bogota,11,Informatica y telecomunicaciones,0,207.5064,-3.7000,5.4086,18.7800,39459.9490,-16.0000,5.8115,19.2300,42134.5416,0,144669.0000,232490.0000
2024-10-01,2024,10,Bogota,12,Sonido y video,0,127.1100,-3.7000,5.4086,18.7800,39459.9490,-16.0000,5.8115,19.2300,42134.5416,0,144669.0000,232490.0000
2024-10-01,2024,10,Bogota,14,"Ferreteria, vidrios y pinturas",0,90.7228,-3.7000,5.4086,18.7800,39459.9490,-16.0000,5.8115,19.2300,42134.5416,0,144669.0000,232490.0000
2024-10-01,2024,10,Bogota,15,Otras mercancias de uso domestico,0,118.4844,-3.7000,5.4086,18.7800,39459.9490,-16.0000,5.8115,19.2300,42134.5416,0,144669.0000,232490.0000
2024-10-01,2024,10,Cundinamarca,4,Prendas de vestir y textiles,0,150.1440,-3.7000,5.4086,18.7800,39459.9490,-16.0000,5.8115,19.2300,42134.5416,0,88087.0000,91363.0000
2024-10-01,2024,10,Cundinamarca,8,Electrodomesticos y muebles,1,125.9587,-3.7000,5.4086,18.7800,39459.9490,-16.0000,5.8115,19.2300,42134.5416,0,88087.0000,91363.0000
2024-10-01,2024,10,Cundinamarca,9,Articulos y utensilios domesticos,0,207.5977,-3.7000,5.4086,18.7800,39459.9490,-16.0000,5.8115,19.2300,42134.5416,0,88087.0000,91363.0000
2024-10-01,2024,10,Cundinamarca,10,Aseo del hogar,0,199.3190,-3.7000,5.4086,18.7800,39459.9490,-16.0000,5.8115,19.2300,42134.5416,0,88087.0000,91363.0000
2024-10-01,2024,10,Cundinamarca,11,Informatica y telecomunicaciones,0,229.0656,-3.7000,5.4086,18.7800,39459.9490,-16.0000,5.8115,19.2300,42134.5416,0,88087.0000,91363.0000
2024-10-01,2024,10,Cundinamarca,12,Sonido y video,0,168.5192,-3.7000,5.4086,18.7800,39459.9490,-16.0000,5.8115,19.2300,42134.5416,0,88087.0000,91363.0000
2024-10-01,2024,10,Cundinamarca,14,"Ferreteria, vidrios y pinturas",0,141.8961,-3.7000,5.4086,18.7800,39459.9490,-16.0000,5.8115,19.2300,42134.5416,0,88087.0000,91363.0000
2024-10-01,2024,10,Cundinamarca,15,Otras mercancias de uso domestico,0,143.2499,-3.7000,5.4086,18.7800,39459.9490,-16.0000,5.8115,19.2300,42134.5416,0,88087.0000,91363.0000
2024-10-01,2024,10,Santander,4,Prendas de vestir y textiles,0,103.9235,-3.7000,5.4086,18.7800,39459.9490,-16.0000,5.8115,19.2300,42134.5416,0,36377.0000,75655.0000
2024-10-01,2024,10,Santander,8,Electrodomesticos y muebles,1,147.7488,-3.7000,5.4086,18.7800,39459.9490,-16.0000,5.8115,19.2300,42134.5416,0,36377.0000,75655.0000
2024-10-01,2024,10,Santander,9,Articulos y utensilios domesticos,0,167.2147,-3.7000,5.4086,18.7800,39459.9490,-16.0000,5.8115,19.2300,42134.5416,0,36377.0000,75655.0000
2024-10-01,2024,10,Santander,10,Aseo del hogar,0,83.1179,-3.7000,5.4086,18.7800,39459.9490,-16.0000,5.8115,19.2300,42134.5416,0,36377.0000,75655.0000
2024-10-01,2024,10,Santander,11,Informatica y telecomunicaciones,0,164.8416,-3.7000,5.4086,18.7800,39459.9490,-16.0000,5.8115,19.2300,42134.5416,0,36377.0000,75655.0000
2024-10-01,2024,10,Santander,12,Sonido y video,0,140.3553,-3.7000,5.4086,18.7800,39459.9490,-16.0000,5.8115,19.2300,42134.5416,0,36377.0000,75655.0000
2024-10-01,2024,10,Santander,14,"Ferreteria, vidrios y pinturas",0,106.6484,-3.7000,5.4086,18.7800,39459.9490,-16.0000,5.8115,19.2300,42134.5416,0,36377.0000,75655.0000
2024-10-01,2024,10,Santander,15,Otras mercancias de uso domestico,0,96.5205,-3.7000,5.4086,18.7800,39459.9490,-16.0000,5.8115,19.2300,42134.5416,0,36377.0000,75655.0000
2024-10-01,2024,10,Valle del Cauca,4,Prendas de vestir y textiles,0,78.8860,-3.7000,5.4086,18.7800,39459.9490,-16.0000,5.8115,19.2300,42134.5416,0,89282.0000,184363.0000
2024-10-01,2024,10,Valle del Cauca,8,Electrodomesticos y muebles,1,107.9024,-3.7000,5.4086,18.7800,39459.9490,-16.0000,5.8115,19.2300,42134.5416,0,89282.0000,184363.0000
2024-10-01,2024,10,Valle del Cauca,9,Articulos y utensilios domesticos,0,120.5728,-3.7000,5.4086,18.7800,39459.9490,-16.0000,5.8115,19.2300,42134.5416,0,89282.0000,184363.0000
2024-10-01,2024,10,Valle del Cauca,10,Aseo del hogar,0,89.9205,-3.7000,5.4086,18.7800,39459.9490,-16.0000,5.8115,19.2300,42134.5416,0,89282.0000,184363.0000
2024-10-01,2024,10,Valle del Cauca,11,Informatica y telecomunicaciones,0,151.8261,-3.7000,5.4086,18.7800,39459.9490,-16.0000,5.8115,19.2300,42134.5416,0,89282.0000,184363.0000
2024-10-01,2024,10,Valle del Cauca,12,Sonido y video,0,127.4468,-3.7000,5.4086,18.7800,39459.9490,-16.0000,5.8115,19.2300,42134.5416,0,89282.0000,184363.0000
2024-10-01,2024,10,Valle del Cauca,14,"Ferreteria, vidrios y pinturas",0,83.9796,-3.7000,5.4086,18.7800,39459.9490,-16.0000,5.8115,19.2300,42134.5416,0,89282.0000,184363.0000
2024-10-01,2024,10,Valle del Cauca,15,Otras mercancias de uso domestico,0,129.3879,-3.7000,5.4086,18.7800,39459.9490,-16.0000,5.8115,19.2300,42134.5416,0,89282.0000,184363.0000
2024-10-01,2024,10,Otros departamentos,4,Prendas de vestir y textiles,0,82.2799,-3.7000,5.4086,18.7800,39459.9490,-16.0000,5.8115,19.2300,42134.5416,0,401892.0000,457054.0000
2024-10-01,2024,10,Otros departamentos,8,Electrodomesticos y muebles,1,105.1120,-3.7000,5.4086,18.7800,39459.9490,-16.0000,5.8115,19.2300,42134.5416,0,401892.0000,457054.0000
2024-10-01,2024,10,Otros departamentos,9,Articulos y utensilios domesticos,0,167.7444,-3.7000,5.4086,18.7800,39459.9490,-16.0000,5.8115,19.2300,42134.5416,0,401892.0000,457054.0000
2024-10-01,2024,10,Otros departamentos,10,Aseo del hogar,0,128.4427,-3.7000,5.4086,18.7800,39459.9490,-16.0000,5.8115,19.2300,42134.5416,0,401892.0000,457054.0000
2024-10-01,2024,10,Otros departamentos,11,Informatica y telecomunicaciones,0,178.8536,-3.7000,5.4086,18.7800,39459.9490,-16.0000,5.8115,19.2300,42134.5416,0,401892.0000,457054.0000
2024-10-01,2024,10,Otros departamentos,12,Sonido y video,0,130.1086,-3.7000,5.4086,18.7800,39459.9490,-16.0000,5.8115,19.2300,42134.5416,0,401892.0000,457054.0000
2024-10-01,2024,10,Otros departamentos,14,"Ferreteria, vidrios y pinturas",0,118.6156,-3.7000,5.4086,18.7800,39459.9490,-16.0000,5.8115,19.2300,42134.5416,0,401892.0000,457054.0000
2024-10-01,2024,10,Otros departamentos,15,Otras mercancias de uso domestico,0,131.7155,-3.7000,5.4086,18.7800,39459.9490,-16.0000,5.8115,19.2300,42134.5416,0,401892.0000,457054.0000
2024-11-01,2024,11,Antioquia,4,Prendas de vestir y textiles,0,162.1748,-5.7000,5.2010,18.6000,46738.1667,-3.7000,5.4086,18.7800,39459.9490,0,170926.0000,223288.0000
2024-11-01,2024,11,Antioquia,8,Electrodomesticos y muebles,1,160.9866,-5.7000,5.2010,18.6000,46738.1667,-3.7000,5.4086,18.7800,39459.9490,0,170926.0000,223288.0000
2024-11-01,2024,11,Antioquia,9,Articulos y utensilios domesticos,0,185.6285,-5.7000,5.2010,18.6000,46738.1667,-3.7000,5.4086,18.7800,39459.9490,0,170926.0000,223288.0000
2024-11-01,2024,11,Antioquia,10,Aseo del hogar,0,139.9314,-5.7000,5.2010,18.6000,46738.1667,-3.7000,5.4086,18.7800,39459.9490,0,170926.0000,223288.0000
2024-11-01,2024,11,Antioquia,11,Informatica y telecomunicaciones,0,270.8006,-5.7000,5.2010,18.6000,46738.1667,-3.7000,5.4086,18.7800,39459.9490,0,170926.0000,223288.0000
2024-11-01,2024,11,Antioquia,12,Sonido y video,0,194.3751,-5.7000,5.2010,18.6000,46738.1667,-3.7000,5.4086,18.7800,39459.9490,0,170926.0000,223288.0000
2024-11-01,2024,11,Antioquia,14,"Ferreteria, vidrios y pinturas",0,117.0069,-5.7000,5.2010,18.6000,46738.1667,-3.7000,5.4086,18.7800,39459.9490,0,170926.0000,223288.0000
2024-11-01,2024,11,Antioquia,15,Otras mercancias de uso domestico,0,167.8024,-5.7000,5.2010,18.6000,46738.1667,-3.7000,5.4086,18.7800,39459.9490,0,170926.0000,223288.0000
2024-11-01,2024,11,Atlantico,4,Prendas de vestir y textiles,0,97.1540,-5.7000,5.2010,18.6000,46738.1667,-3.7000,5.4086,18.7800,39459.9490,0,104632.0000,10489.0000
2024-11-01,2024,11,Atlantico,8,Electrodomesticos y muebles,1,139.4020,-5.7000,5.2010,18.6000,46738.1667,-3.7000,5.4086,18.7800,39459.9490,0,104632.0000,10489.0000
2024-11-01,2024,11,Atlantico,9,Articulos y utensilios domesticos,0,148.3154,-5.7000,5.2010,18.6000,46738.1667,-3.7000,5.4086,18.7800,39459.9490,0,104632.0000,10489.0000
2024-11-01,2024,11,Atlantico,10,Aseo del hogar,0,100.3173,-5.7000,5.2010,18.6000,46738.1667,-3.7000,5.4086,18.7800,39459.9490,0,104632.0000,10489.0000
2024-11-01,2024,11,Atlantico,11,Informatica y telecomunicaciones,0,204.9147,-5.7000,5.2010,18.6000,46738.1667,-3.7000,5.4086,18.7800,39459.9490,0,104632.0000,10489.0000
2024-11-01,2024,11,Atlantico,12,Sonido y video,0,138.3009,-5.7000,5.2010,18.6000,46738.1667,-3.7000,5.4086,18.7800,39459.9490,0,104632.0000,10489.0000
2024-11-01,2024,11,Atlantico,14,"Ferreteria, vidrios y pinturas",0,97.4587,-5.7000,5.2010,18.6000,46738.1667,-3.7000,5.4086,18.7800,39459.9490,0,104632.0000,10489.0000
2024-11-01,2024,11,Atlantico,15,Otras mercancias de uso domestico,0,143.0218,-5.7000,5.2010,18.6000,46738.1667,-3.7000,5.4086,18.7800,39459.9490,0,104632.0000,10489.0000
2024-11-01,2024,11,Bogota,4,Prendas de vestir y textiles,0,153.5138,-5.7000,5.2010,18.6000,46738.1667,-3.7000,5.4086,18.7800,39459.9490,0,102295.0000,144669.0000
2024-11-01,2024,11,Bogota,8,Electrodomesticos y muebles,1,168.9712,-5.7000,5.2010,18.6000,46738.1667,-3.7000,5.4086,18.7800,39459.9490,0,102295.0000,144669.0000
2024-11-01,2024,11,Bogota,9,Articulos y utensilios domesticos,0,168.3664,-5.7000,5.2010,18.6000,46738.1667,-3.7000,5.4086,18.7800,39459.9490,0,102295.0000,144669.0000
2024-11-01,2024,11,Bogota,10,Aseo del hogar,0,140.7786,-5.7000,5.2010,18.6000,46738.1667,-3.7000,5.4086,18.7800,39459.9490,0,102295.0000,144669.0000
2024-11-01,2024,11,Bogota,11,Informatica y telecomunicaciones,0,288.2992,-5.7000,5.2010,18.6000,46738.1667,-3.7000,5.4086,18.7800,39459.9490,0,102295.0000,144669.0000
2024-11-01,2024,11,Bogota,12,Sonido y video,0,242.6410,-5.7000,5.2010,18.6000,46738.1667,-3.7000,5.4086,18.7800,39459.9490,0,102295.0000,144669.0000
2024-11-01,2024,11,Bogota,14,"Ferreteria, vidrios y pinturas",0,113.7481,-5.7000,5.2010,18.6000,46738.1667,-3.7000,5.4086,18.7800,39459.9490,0,102295.0000,144669.0000
2024-11-01,2024,11,Bogota,15,Otras mercancias de uso domestico,0,160.4823,-5.7000,5.2010,18.6000,46738.1667,-3.7000,5.4086,18.7800,39459.9490,0,102295.0000,144669.0000
2024-11-01,2024,11,Cundinamarca,4,Prendas de vestir y textiles,0,152.7573,-5.7000,5.2010,18.6000,46738.1667,-3.7000,5.4086,18.7800,39459.9490,0,113818.0000,88087.0000
2024-11-01,2024,11,Cundinamarca,8,Electrodomesticos y muebles,1,173.2092,-5.7000,5.2010,18.6000,46738.1667,-3.7000,5.4086,18.7800,39459.9490,0,113818.0000,88087.0000
2024-11-01,2024,11,Cundinamarca,9,Articulos y utensilios domesticos,0,206.1463,-5.7000,5.2010,18.6000,46738.1667,-3.7000,5.4086,18.7800,39459.9490,0,113818.0000,88087.0000
2024-11-01,2024,11,Cundinamarca,10,Aseo del hogar,0,160.8150,-5.7000,5.2010,18.6000,46738.1667,-3.7000,5.4086,18.7800,39459.9490,0,113818.0000,88087.0000
2024-11-01,2024,11,Cundinamarca,11,Informatica y telecomunicaciones,0,338.2422,-5.7000,5.2010,18.6000,46738.1667,-3.7000,5.4086,18.7800,39459.9490,0,113818.0000,88087.0000
2024-11-01,2024,11,Cundinamarca,12,Sonido y video,0,245.9542,-5.7000,5.2010,18.6000,46738.1667,-3.7000,5.4086,18.7800,39459.9490,0,113818.0000,88087.0000
2024-11-01,2024,11,Cundinamarca,14,"Ferreteria, vidrios y pinturas",0,106.8879,-5.7000,5.2010,18.6000,46738.1667,-3.7000,5.4086,18.7800,39459.9490,0,113818.0000,88087.0000
2024-11-01,2024,11,Cundinamarca,15,Otras mercancias de uso domestico,0,170.1768,-5.7000,5.2010,18.6000,46738.1667,-3.7000,5.4086,18.7800,39459.9490,0,113818.0000,88087.0000
2024-11-01,2024,11,Santander,4,Prendas de vestir y textiles,0,129.5092,-5.7000,5.2010,18.6000,46738.1667,-3.7000,5.4086,18.7800,39459.9490,0,101638.0000,36377.0000
2024-11-01,2024,11,Santander,8,Electrodomesticos y muebles,1,161.3653,-5.7000,5.2010,18.6000,46738.1667,-3.7000,5.4086,18.7800,39459.9490,0,101638.0000,36377.0000
2024-11-01,2024,11,Santander,9,Articulos y utensilios domesticos,0,185.8026,-5.7000,5.2010,18.6000,46738.1667,-3.7000,5.4086,18.7800,39459.9490,0,101638.0000,36377.0000
2024-11-01,2024,11,Santander,10,Aseo del hogar,0,79.8982,-5.7000,5.2010,18.6000,46738.1667,-3.7000,5.4086,18.7800,39459.9490,0,101638.0000,36377.0000
2024-11-01,2024,11,Santander,11,Informatica y telecomunicaciones,0,180.7615,-5.7000,5.2010,18.6000,46738.1667,-3.7000,5.4086,18.7800,39459.9490,0,101638.0000,36377.0000
2024-11-01,2024,11,Santander,12,Sonido y video,0,181.1454,-5.7000,5.2010,18.6000,46738.1667,-3.7000,5.4086,18.7800,39459.9490,0,101638.0000,36377.0000
2024-11-01,2024,11,Santander,14,"Ferreteria, vidrios y pinturas",0,113.9508,-5.7000,5.2010,18.6000,46738.1667,-3.7000,5.4086,18.7800,39459.9490,0,101638.0000,36377.0000
2024-11-01,2024,11,Santander,15,Otras mercancias de uso domestico,0,92.4398,-5.7000,5.2010,18.6000,46738.1667,-3.7000,5.4086,18.7800,39459.9490,0,101638.0000,36377.0000
2024-11-01,2024,11,Valle del Cauca,4,Prendas de vestir y textiles,0,94.7887,-5.7000,5.2010,18.6000,46738.1667,-3.7000,5.4086,18.7800,39459.9490,0,352347.0000,89282.0000
2024-11-01,2024,11,Valle del Cauca,8,Electrodomesticos y muebles,1,108.2585,-5.7000,5.2010,18.6000,46738.1667,-3.7000,5.4086,18.7800,39459.9490,0,352347.0000,89282.0000
2024-11-01,2024,11,Valle del Cauca,9,Articulos y utensilios domesticos,0,139.8585,-5.7000,5.2010,18.6000,46738.1667,-3.7000,5.4086,18.7800,39459.9490,0,352347.0000,89282.0000
2024-11-01,2024,11,Valle del Cauca,10,Aseo del hogar,0,118.3746,-5.7000,5.2010,18.6000,46738.1667,-3.7000,5.4086,18.7800,39459.9490,0,352347.0000,89282.0000
2024-11-01,2024,11,Valle del Cauca,11,Informatica y telecomunicaciones,0,215.6681,-5.7000,5.2010,18.6000,46738.1667,-3.7000,5.4086,18.7800,39459.9490,0,352347.0000,89282.0000
2024-11-01,2024,11,Valle del Cauca,12,Sonido y video,0,178.7080,-5.7000,5.2010,18.6000,46738.1667,-3.7000,5.4086,18.7800,39459.9490,0,352347.0000,89282.0000
2024-11-01,2024,11,Valle del Cauca,14,"Ferreteria, vidrios y pinturas",0,99.9217,-5.7000,5.2010,18.6000,46738.1667,-3.7000,5.4086,18.7800,39459.9490,0,352347.0000,89282.0000
2024-11-01,2024,11,Valle del Cauca,15,Otras mercancias de uso domestico,0,147.5366,-5.7000,5.2010,18.6000,46738.1667,-3.7000,5.4086,18.7800,39459.9490,0,352347.0000,89282.0000
2024-11-01,2024,11,Otros departamentos,4,Prendas de vestir y textiles,0,105.4359,-5.7000,5.2010,18.6000,46738.1667,-3.7000,5.4086,18.7800,39459.9490,0,539350.0000,401892.0000
2024-11-01,2024,11,Otros departamentos,8,Electrodomesticos y muebles,1,145.6125,-5.7000,5.2010,18.6000,46738.1667,-3.7000,5.4086,18.7800,39459.9490,0,539350.0000,401892.0000
2024-11-01,2024,11,Otros departamentos,9,Articulos y utensilios domesticos,0,186.5804,-5.7000,5.2010,18.6000,46738.1667,-3.7000,5.4086,18.7800,39459.9490,0,539350.0000,401892.0000
2024-11-01,2024,11,Otros departamentos,10,Aseo del hogar,0,125.2100,-5.7000,5.2010,18.6000,46738.1667,-3.7000,5.4086,18.7800,39459.9490,0,539350.0000,401892.0000
2024-11-01,2024,11,Otros departamentos,11,Informatica y telecomunicaciones,0,243.7156,-5.7000,5.2010,18.6000,46738.1667,-3.7000,5.4086,18.7800,39459.9490,0,539350.0000,401892.0000
2024-11-01,2024,11,Otros departamentos,12,Sonido y video,0,179.3168,-5.7000,5.2010,18.6000,46738.1667,-3.7000,5.4086,18.7800,39459.9490,0,539350.0000,401892.0000
2024-11-01,2024,11,Otros departamentos,14,"Ferreteria, vidrios y pinturas",0,125.9003,-5.7000,5.2010,18.6000,46738.1667,-3.7000,5.4086,18.7800,39459.9490,0,539350.0000,401892.0000
2024-11-01,2024,11,Otros departamentos,15,Otras mercancias de uso domestico,0,145.9663,-5.7000,5.2010,18.6000,46738.1667,-3.7000,5.4086,18.7800,39459.9490,0,539350.0000,401892.0000
2024-12-01,2024,12,Antioquia,4,Prendas de vestir y textiles,0,348.0737,-3.4000,5.1990,17.5900,38354.1573,-5.7000,5.2010,18.6000,46738.1667,0,361615.0000,170926.0000
2024-12-01,2024,12,Antioquia,8,Electrodomesticos y muebles,1,136.9170,-3.4000,5.1990,17.5900,38354.1573,-5.7000,5.2010,18.6000,46738.1667,0,361615.0000,170926.0000
2024-12-01,2024,12,Antioquia,9,Articulos y utensilios domesticos,0,237.5373,-3.4000,5.1990,17.5900,38354.1573,-5.7000,5.2010,18.6000,46738.1667,0,361615.0000,170926.0000
2024-12-01,2024,12,Antioquia,10,Aseo del hogar,0,148.8594,-3.4000,5.1990,17.5900,38354.1573,-5.7000,5.2010,18.6000,46738.1667,0,361615.0000,170926.0000
2024-12-01,2024,12,Antioquia,11,Informatica y telecomunicaciones,0,322.7926,-3.4000,5.1990,17.5900,38354.1573,-5.7000,5.2010,18.6000,46738.1667,0,361615.0000,170926.0000
2024-12-01,2024,12,Antioquia,12,Sonido y video,0,195.5003,-3.4000,5.1990,17.5900,38354.1573,-5.7000,5.2010,18.6000,46738.1667,0,361615.0000,170926.0000
2024-12-01,2024,12,Antioquia,14,"Ferreteria, vidrios y pinturas",0,114.8846,-3.4000,5.1990,17.5900,38354.1573,-5.7000,5.2010,18.6000,46738.1667,0,361615.0000,170926.0000
2024-12-01,2024,12,Antioquia,15,Otras mercancias de uso domestico,0,187.2708,-3.4000,5.1990,17.5900,38354.1573,-5.7000,5.2010,18.6000,46738.1667,0,361615.0000,170926.0000
2024-12-01,2024,12,Atlantico,4,Prendas de vestir y textiles,0,216.3845,-3.4000,5.1990,17.5900,38354.1573,-5.7000,5.2010,18.6000,46738.1667,0,164148.0000,104632.0000
2024-12-01,2024,12,Atlantico,8,Electrodomesticos y muebles,1,139.6039,-3.4000,5.1990,17.5900,38354.1573,-5.7000,5.2010,18.6000,46738.1667,0,164148.0000,104632.0000
2024-12-01,2024,12,Atlantico,9,Articulos y utensilios domesticos,0,199.3785,-3.4000,5.1990,17.5900,38354.1573,-5.7000,5.2010,18.6000,46738.1667,0,164148.0000,104632.0000
2024-12-01,2024,12,Atlantico,10,Aseo del hogar,0,123.8258,-3.4000,5.1990,17.5900,38354.1573,-5.7000,5.2010,18.6000,46738.1667,0,164148.0000,104632.0000
2024-12-01,2024,12,Atlantico,11,Informatica y telecomunicaciones,0,271.5524,-3.4000,5.1990,17.5900,38354.1573,-5.7000,5.2010,18.6000,46738.1667,0,164148.0000,104632.0000
2024-12-01,2024,12,Atlantico,12,Sonido y video,0,136.7371,-3.4000,5.1990,17.5900,38354.1573,-5.7000,5.2010,18.6000,46738.1667,0,164148.0000,104632.0000
2024-12-01,2024,12,Atlantico,14,"Ferreteria, vidrios y pinturas",0,114.5220,-3.4000,5.1990,17.5900,38354.1573,-5.7000,5.2010,18.6000,46738.1667,0,164148.0000,104632.0000
2024-12-01,2024,12,Atlantico,15,Otras mercancias de uso domestico,0,177.6162,-3.4000,5.1990,17.5900,38354.1573,-5.7000,5.2010,18.6000,46738.1667,0,164148.0000,104632.0000
2024-12-01,2024,12,Bogota,4,Prendas de vestir y textiles,0,282.7048,-3.4000,5.1990,17.5900,38354.1573,-5.7000,5.2010,18.6000,46738.1667,0,327905.0000,102295.0000
2024-12-01,2024,12,Bogota,8,Electrodomesticos y muebles,1,189.7925,-3.4000,5.1990,17.5900,38354.1573,-5.7000,5.2010,18.6000,46738.1667,0,327905.0000,102295.0000
2024-12-01,2024,12,Bogota,9,Articulos y utensilios domesticos,0,214.9410,-3.4000,5.1990,17.5900,38354.1573,-5.7000,5.2010,18.6000,46738.1667,0,327905.0000,102295.0000
2024-12-01,2024,12,Bogota,10,Aseo del hogar,0,136.3989,-3.4000,5.1990,17.5900,38354.1573,-5.7000,5.2010,18.6000,46738.1667,0,327905.0000,102295.0000
2024-12-01,2024,12,Bogota,11,Informatica y telecomunicaciones,0,351.8852,-3.4000,5.1990,17.5900,38354.1573,-5.7000,5.2010,18.6000,46738.1667,0,327905.0000,102295.0000
2024-12-01,2024,12,Bogota,12,Sonido y video,0,211.6901,-3.4000,5.1990,17.5900,38354.1573,-5.7000,5.2010,18.6000,46738.1667,0,327905.0000,102295.0000
2024-12-01,2024,12,Bogota,14,"Ferreteria, vidrios y pinturas",0,119.4874,-3.4000,5.1990,17.5900,38354.1573,-5.7000,5.2010,18.6000,46738.1667,0,327905.0000,102295.0000
2024-12-01,2024,12,Bogota,15,Otras mercancias de uso domestico,0,211.8904,-3.4000,5.1990,17.5900,38354.1573,-5.7000,5.2010,18.6000,46738.1667,0,327905.0000,102295.0000
2024-12-01,2024,12,Cundinamarca,4,Prendas de vestir y textiles,0,331.4245,-3.4000,5.1990,17.5900,38354.1573,-5.7000,5.2010,18.6000,46738.1667,0,234581.0000,113818.0000
2024-12-01,2024,12,Cundinamarca,8,Electrodomesticos y muebles,1,162.1259,-3.4000,5.1990,17.5900,38354.1573,-5.7000,5.2010,18.6000,46738.1667,0,234581.0000,113818.0000
2024-12-01,2024,12,Cundinamarca,9,Articulos y utensilios domesticos,0,236.7860,-3.4000,5.1990,17.5900,38354.1573,-5.7000,5.2010,18.6000,46738.1667,0,234581.0000,113818.0000
2024-12-01,2024,12,Cundinamarca,10,Aseo del hogar,0,169.9495,-3.4000,5.1990,17.5900,38354.1573,-5.7000,5.2010,18.6000,46738.1667,0,234581.0000,113818.0000
2024-12-01,2024,12,Cundinamarca,11,Informatica y telecomunicaciones,0,415.6172,-3.4000,5.1990,17.5900,38354.1573,-5.7000,5.2010,18.6000,46738.1667,0,234581.0000,113818.0000
2024-12-01,2024,12,Cundinamarca,12,Sonido y video,0,225.4851,-3.4000,5.1990,17.5900,38354.1573,-5.7000,5.2010,18.6000,46738.1667,0,234581.0000,113818.0000
2024-12-01,2024,12,Cundinamarca,14,"Ferreteria, vidrios y pinturas",0,125.4145,-3.4000,5.1990,17.5900,38354.1573,-5.7000,5.2010,18.6000,46738.1667,0,234581.0000,113818.0000
2024-12-01,2024,12,Cundinamarca,15,Otras mercancias de uso domestico,0,200.4893,-3.4000,5.1990,17.5900,38354.1573,-5.7000,5.2010,18.6000,46738.1667,0,234581.0000,113818.0000
2024-12-01,2024,12,Santander,4,Prendas de vestir y textiles,0,244.4005,-3.4000,5.1990,17.5900,38354.1573,-5.7000,5.2010,18.6000,46738.1667,0,45052.0000,101638.0000
2024-12-01,2024,12,Santander,8,Electrodomesticos y muebles,1,141.1185,-3.4000,5.1990,17.5900,38354.1573,-5.7000,5.2010,18.6000,46738.1667,0,45052.0000,101638.0000
2024-12-01,2024,12,Santander,9,Articulos y utensilios domesticos,0,196.7932,-3.4000,5.1990,17.5900,38354.1573,-5.7000,5.2010,18.6000,46738.1667,0,45052.0000,101638.0000
2024-12-01,2024,12,Santander,10,Aseo del hogar,0,93.1836,-3.4000,5.1990,17.5900,38354.1573,-5.7000,5.2010,18.6000,46738.1667,0,45052.0000,101638.0000
2024-12-01,2024,12,Santander,11,Informatica y telecomunicaciones,0,238.0322,-3.4000,5.1990,17.5900,38354.1573,-5.7000,5.2010,18.6000,46738.1667,0,45052.0000,101638.0000
2024-12-01,2024,12,Santander,12,Sonido y video,0,188.8639,-3.4000,5.1990,17.5900,38354.1573,-5.7000,5.2010,18.6000,46738.1667,0,45052.0000,101638.0000
2024-12-01,2024,12,Santander,14,"Ferreteria, vidrios y pinturas",0,124.2257,-3.4000,5.1990,17.5900,38354.1573,-5.7000,5.2010,18.6000,46738.1667,0,45052.0000,101638.0000
2024-12-01,2024,12,Santander,15,Otras mercancias de uso domestico,0,112.4424,-3.4000,5.1990,17.5900,38354.1573,-5.7000,5.2010,18.6000,46738.1667,0,45052.0000,101638.0000
2024-12-01,2024,12,Valle del Cauca,4,Prendas de vestir y textiles,0,186.8881,-3.4000,5.1990,17.5900,38354.1573,-5.7000,5.2010,18.6000,46738.1667,0,364038.0000,352347.0000
2024-12-01,2024,12,Valle del Cauca,8,Electrodomesticos y muebles,1,101.9466,-3.4000,5.1990,17.5900,38354.1573,-5.7000,5.2010,18.6000,46738.1667,0,364038.0000,352347.0000
2024-12-01,2024,12,Valle del Cauca,9,Articulos y utensilios domesticos,0,151.9695,-3.4000,5.1990,17.5900,38354.1573,-5.7000,5.2010,18.6000,46738.1667,0,364038.0000,352347.0000
2024-12-01,2024,12,Valle del Cauca,10,Aseo del hogar,0,98.9315,-3.4000,5.1990,17.5900,38354.1573,-5.7000,5.2010,18.6000,46738.1667,0,364038.0000,352347.0000
2024-12-01,2024,12,Valle del Cauca,11,Informatica y telecomunicaciones,0,233.6334,-3.4000,5.1990,17.5900,38354.1573,-5.7000,5.2010,18.6000,46738.1667,0,364038.0000,352347.0000
2024-12-01,2024,12,Valle del Cauca,12,Sonido y video,0,160.7216,-3.4000,5.1990,17.5900,38354.1573,-5.7000,5.2010,18.6000,46738.1667,0,364038.0000,352347.0000
2024-12-01,2024,12,Valle del Cauca,14,"Ferreteria, vidrios y pinturas",0,82.3301,-3.4000,5.1990,17.5900,38354.1573,-5.7000,5.2010,18.6000,46738.1667,0,364038.0000,352347.0000
2024-12-01,2024,12,Valle del Cauca,15,Otras mercancias de uso domestico,0,145.6304,-3.4000,5.1990,17.5900,38354.1573,-5.7000,5.2010,18.6000,46738.1667,0,364038.0000,352347.0000
2024-12-01,2024,12,Otros departamentos,4,Prendas de vestir y textiles,0,251.2020,-3.4000,5.1990,17.5900,38354.1573,-5.7000,5.2010,18.6000,46738.1667,0,595510.0000,539350.0000
2024-12-01,2024,12,Otros departamentos,8,Electrodomesticos y muebles,1,155.9260,-3.4000,5.1990,17.5900,38354.1573,-5.7000,5.2010,18.6000,46738.1667,0,595510.0000,539350.0000
2024-12-01,2024,12,Otros departamentos,9,Articulos y utensilios domesticos,0,231.5304,-3.4000,5.1990,17.5900,38354.1573,-5.7000,5.2010,18.6000,46738.1667,0,595510.0000,539350.0000
2024-12-01,2024,12,Otros departamentos,10,Aseo del hogar,0,172.0206,-3.4000,5.1990,17.5900,38354.1573,-5.7000,5.2010,18.6000,46738.1667,0,595510.0000,539350.0000
2024-12-01,2024,12,Otros departamentos,11,Informatica y telecomunicaciones,0,311.7839,-3.4000,5.1990,17.5900,38354.1573,-5.7000,5.2010,18.6000,46738.1667,0,595510.0000,539350.0000
2024-12-01,2024,12,Otros departamentos,12,Sonido y video,0,212.6312,-3.4000,5.1990,17.5900,38354.1573,-5.7000,5.2010,18.6000,46738.1667,0,595510.0000,539350.0000
2024-12-01,2024,12,Otros departamentos,14,"Ferreteria, vidrios y pinturas",0,108.6790,-3.4000,5.1990,17.5900,38354.1573,-5.7000,5.2010,18.6000,46738.1667,0,595510.0000,539350.0000
2024-12-01,2024,12,Otros departamentos,15,Otras mercancias de uso domestico,0,218.0068,-3.4000,5.1990,17.5900,38354.1573,-5.7000,5.2010,18.6000,46738.1667,0,595510.0000,539350.0000
2025-01-01,2025,1,Antioquia,4,Prendas de vestir y textiles,0,92.8667,-1.1000,5.2238,16.5900,39350.4604,-3.4000,5.1990,17.5900,38354.1573,0,194348.0000,361615.0000
2025-01-01,2025,1,Antioquia,8,Electrodomesticos y muebles,1,178.2298,-1.1000,5.2238,16.5900,39350.4604,-3.4000,5.1990,17.5900,38354.1573,0,194348.0000,361615.0000
2025-01-01,2025,1,Antioquia,9,Articulos y utensilios domesticos,0,141.9133,-1.1000,5.2238,16.5900,39350.4604,-3.4000,5.1990,17.5900,38354.1573,0,194348.0000,361615.0000
2025-01-01,2025,1,Antioquia,10,Aseo del hogar,0,152.9789,-1.1000,5.2238,16.5900,39350.4604,-3.4000,5.1990,17.5900,38354.1573,0,194348.0000,361615.0000
2025-01-01,2025,1,Antioquia,11,Informatica y telecomunicaciones,0,256.5045,-1.1000,5.2238,16.5900,39350.4604,-3.4000,5.1990,17.5900,38354.1573,0,194348.0000,361615.0000
2025-01-01,2025,1,Antioquia,12,Sonido y video,0,117.2989,-1.1000,5.2238,16.5900,39350.4604,-3.4000,5.1990,17.5900,38354.1573,0,194348.0000,361615.0000
2025-01-01,2025,1,Antioquia,14,"Ferreteria, vidrios y pinturas",0,116.8689,-1.1000,5.2238,16.5900,39350.4604,-3.4000,5.1990,17.5900,38354.1573,0,194348.0000,361615.0000
2025-01-01,2025,1,Antioquia,15,Otras mercancias de uso domestico,0,114.4779,-1.1000,5.2238,16.5900,39350.4604,-3.4000,5.1990,17.5900,38354.1573,0,194348.0000,361615.0000
2025-01-01,2025,1,Atlantico,4,Prendas de vestir y textiles,0,84.2585,-1.1000,5.2238,16.5900,39350.4604,-3.4000,5.1990,17.5900,38354.1573,0,131536.0000,164148.0000
2025-01-01,2025,1,Atlantico,8,Electrodomesticos y muebles,1,120.4099,-1.1000,5.2238,16.5900,39350.4604,-3.4000,5.1990,17.5900,38354.1573,0,131536.0000,164148.0000
2025-01-01,2025,1,Atlantico,9,Articulos y utensilios domesticos,0,109.8482,-1.1000,5.2238,16.5900,39350.4604,-3.4000,5.1990,17.5900,38354.1573,0,131536.0000,164148.0000
2025-01-01,2025,1,Atlantico,10,Aseo del hogar,0,113.8742,-1.1000,5.2238,16.5900,39350.4604,-3.4000,5.1990,17.5900,38354.1573,0,131536.0000,164148.0000
2025-01-01,2025,1,Atlantico,11,Informatica y telecomunicaciones,0,169.1808,-1.1000,5.2238,16.5900,39350.4604,-3.4000,5.1990,17.5900,38354.1573,0,131536.0000,164148.0000
2025-01-01,2025,1,Atlantico,12,Sonido y video,0,86.0560,-1.1000,5.2238,16.5900,39350.4604,-3.4000,5.1990,17.5900,38354.1573,0,131536.0000,164148.0000
2025-01-01,2025,1,Atlantico,14,"Ferreteria, vidrios y pinturas",0,110.0904,-1.1000,5.2238,16.5900,39350.4604,-3.4000,5.1990,17.5900,38354.1573,0,131536.0000,164148.0000
2025-01-01,2025,1,Atlantico,15,Otras mercancias de uso domestico,0,101.7449,-1.1000,5.2238,16.5900,39350.4604,-3.4000,5.1990,17.5900,38354.1573,0,131536.0000,164148.0000
2025-01-01,2025,1,Bogota,4,Prendas de vestir y textiles,0,97.9538,-1.1000,5.2238,16.5900,39350.4604,-3.4000,5.1990,17.5900,38354.1573,0,115347.0000,327905.0000
2025-01-01,2025,1,Bogota,8,Electrodomesticos y muebles,1,200.7501,-1.1000,5.2238,16.5900,39350.4604,-3.4000,5.1990,17.5900,38354.1573,0,115347.0000,327905.0000
2025-01-01,2025,1,Bogota,9,Articulos y utensilios domesticos,0,138.5644,-1.1000,5.2238,16.5900,39350.4604,-3.4000,5.1990,17.5900,38354.1573,0,115347.0000,327905.0000
2025-01-01,2025,1,Bogota,10,Aseo del hogar,0,124.3435,-1.1000,5.2238,16.5900,39350.4604,-3.4000,5.1990,17.5900,38354.1573,0,115347.0000,327905.0000
2025-01-01,2025,1,Bogota,11,Informatica y telecomunicaciones,0,240.9906,-1.1000,5.2238,16.5900,39350.4604,-3.4000,5.1990,17.5900,38354.1573,0,115347.0000,327905.0000
2025-01-01,2025,1,Bogota,12,Sonido y video,0,137.2660,-1.1000,5.2238,16.5900,39350.4604,-3.4000,5.1990,17.5900,38354.1573,0,115347.0000,327905.0000
2025-01-01,2025,1,Bogota,14,"Ferreteria, vidrios y pinturas",0,113.4446,-1.1000,5.2238,16.5900,39350.4604,-3.4000,5.1990,17.5900,38354.1573,0,115347.0000,327905.0000
2025-01-01,2025,1,Bogota,15,Otras mercancias de uso domestico,0,142.9915,-1.1000,5.2238,16.5900,39350.4604,-3.4000,5.1990,17.5900,38354.1573,0,115347.0000,327905.0000
2025-01-01,2025,1,Cundinamarca,4,Prendas de vestir y textiles,0,123.7497,-1.1000,5.2238,16.5900,39350.4604,-3.4000,5.1990,17.5900,38354.1573,0,116247.0000,234581.0000
2025-01-01,2025,1,Cundinamarca,8,Electrodomesticos y muebles,1,137.3466,-1.1000,5.2238,16.5900,39350.4604,-3.4000,5.1990,17.5900,38354.1573,0,116247.0000,234581.0000
2025-01-01,2025,1,Cundinamarca,9,Articulos y utensilios domesticos,0,192.0767,-1.1000,5.2238,16.5900,39350.4604,-3.4000,5.1990,17.5900,38354.1573,0,116247.0000,234581.0000
2025-01-01,2025,1,Cundinamarca,10,Aseo del hogar,0,182.1745,-1.1000,5.2238,16.5900,39350.4604,-3.4000,5.1990,17.5900,38354.1573,0,116247.0000,234581.0000
2025-01-01,2025,1,Cundinamarca,11,Informatica y telecomunicaciones,0,265.1323,-1.1000,5.2238,16.5900,39350.4604,-3.4000,5.1990,17.5900,38354.1573,0,116247.0000,234581.0000
2025-01-01,2025,1,Cundinamarca,12,Sonido y video,0,128.5662,-1.1000,5.2238,16.5900,39350.4604,-3.4000,5.1990,17.5900,38354.1573,0,116247.0000,234581.0000
2025-01-01,2025,1,Cundinamarca,14,"Ferreteria, vidrios y pinturas",0,141.4919,-1.1000,5.2238,16.5900,39350.4604,-3.4000,5.1990,17.5900,38354.1573,0,116247.0000,234581.0000
2025-01-01,2025,1,Cundinamarca,15,Otras mercancias de uso domestico,0,121.2095,-1.1000,5.2238,16.5900,39350.4604,-3.4000,5.1990,17.5900,38354.1573,0,116247.0000,234581.0000
2025-01-01,2025,1,Santander,4,Prendas de vestir y textiles,0,103.9594,-1.1000,5.2238,16.5900,39350.4604,-3.4000,5.1990,17.5900,38354.1573,0,33766.0000,45052.0000
2025-01-01,2025,1,Santander,8,Electrodomesticos y muebles,1,130.2895,-1.1000,5.2238,16.5900,39350.4604,-3.4000,5.1990,17.5900,38354.1573,0,33766.0000,45052.0000
2025-01-01,2025,1,Santander,9,Articulos y utensilios domesticos,0,151.7405,-1.1000,5.2238,16.5900,39350.4604,-3.4000,5.1990,17.5900,38354.1573,0,33766.0000,45052.0000
2025-01-01,2025,1,Santander,10,Aseo del hogar,0,90.0134,-1.1000,5.2238,16.5900,39350.4604,-3.4000,5.1990,17.5900,38354.1573,0,33766.0000,45052.0000
2025-01-01,2025,1,Santander,11,Informatica y telecomunicaciones,0,183.2071,-1.1000,5.2238,16.5900,39350.4604,-3.4000,5.1990,17.5900,38354.1573,0,33766.0000,45052.0000
2025-01-01,2025,1,Santander,12,Sonido y video,0,133.1990,-1.1000,5.2238,16.5900,39350.4604,-3.4000,5.1990,17.5900,38354.1573,0,33766.0000,45052.0000
2025-01-01,2025,1,Santander,14,"Ferreteria, vidrios y pinturas",0,119.3915,-1.1000,5.2238,16.5900,39350.4604,-3.4000,5.1990,17.5900,38354.1573,0,33766.0000,45052.0000
2025-01-01,2025,1,Santander,15,Otras mercancias de uso domestico,0,91.8659,-1.1000,5.2238,16.5900,39350.4604,-3.4000,5.1990,17.5900,38354.1573,0,33766.0000,45052.0000
2025-01-01,2025,1,Valle del Cauca,4,Prendas de vestir y textiles,0,81.1950,-1.1000,5.2238,16.5900,39350.4604,-3.4000,5.1990,17.5900,38354.1573,0,237576.0000,364038.0000
2025-01-01,2025,1,Valle del Cauca,8,Electrodomesticos y muebles,1,100.2473,-1.1000,5.2238,16.5900,39350.4604,-3.4000,5.1990,17.5900,38354.1573,0,237576.0000,364038.0000
2025-01-01,2025,1,Valle del Cauca,9,Articulos y utensilios domesticos,0,90.8564,-1.1000,5.2238,16.5900,39350.4604,-3.4000,5.1990,17.5900,38354.1573,0,237576.0000,364038.0000
2025-01-01,2025,1,Valle del Cauca,10,Aseo del hogar,0,82.4330,-1.1000,5.2238,16.5900,39350.4604,-3.4000,5.1990,17.5900,38354.1573,0,237576.0000,364038.0000
2025-01-01,2025,1,Valle del Cauca,11,Informatica y telecomunicaciones,0,183.8009,-1.1000,5.2238,16.5900,39350.4604,-3.4000,5.1990,17.5900,38354.1573,0,237576.0000,364038.0000
2025-01-01,2025,1,Valle del Cauca,12,Sonido y video,0,104.1421,-1.1000,5.2238,16.5900,39350.4604,-3.4000,5.1990,17.5900,38354.1573,0,237576.0000,364038.0000
2025-01-01,2025,1,Valle del Cauca,14,"Ferreteria, vidrios y pinturas",0,101.6668,-1.1000,5.2238,16.5900,39350.4604,-3.4000,5.1990,17.5900,38354.1573,0,237576.0000,364038.0000
2025-01-01,2025,1,Valle del Cauca,15,Otras mercancias de uso domestico,0,95.6592,-1.1000,5.2238,16.5900,39350.4604,-3.4000,5.1990,17.5900,38354.1573,0,237576.0000,364038.0000
2025-01-01,2025,1,Otros departamentos,4,Prendas de vestir y textiles,0,81.2664,-1.1000,5.2238,16.5900,39350.4604,-3.4000,5.1990,17.5900,38354.1573,0,481213.0000,595510.0000
2025-01-01,2025,1,Otros departamentos,8,Electrodomesticos y muebles,1,116.9336,-1.1000,5.2238,16.5900,39350.4604,-3.4000,5.1990,17.5900,38354.1573,0,481213.0000,595510.0000
2025-01-01,2025,1,Otros departamentos,9,Articulos y utensilios domesticos,0,195.8310,-1.1000,5.2238,16.5900,39350.4604,-3.4000,5.1990,17.5900,38354.1573,0,481213.0000,595510.0000
2025-01-01,2025,1,Otros departamentos,10,Aseo del hogar,0,153.8945,-1.1000,5.2238,16.5900,39350.4604,-3.4000,5.1990,17.5900,38354.1573,0,481213.0000,595510.0000
2025-01-01,2025,1,Otros departamentos,11,Informatica y telecomunicaciones,0,227.3295,-1.1000,5.2238,16.5900,39350.4604,-3.4000,5.1990,17.5900,38354.1573,0,481213.0000,595510.0000
2025-01-01,2025,1,Otros departamentos,12,Sonido y video,0,132.7009,-1.1000,5.2238,16.5900,39350.4604,-3.4000,5.1990,17.5900,38354.1573,0,481213.0000,595510.0000
2025-01-01,2025,1,Otros departamentos,14,"Ferreteria, vidrios y pinturas",0,100.9767,-1.1000,5.2238,16.5900,39350.4604,-3.4000,5.1990,17.5900,38354.1573,0,481213.0000,595510.0000
2025-01-01,2025,1,Otros departamentos,15,Otras mercancias de uso domestico,0,125.7835,-1.1000,5.2238,16.5900,39350.4604,-3.4000,5.1990,17.5900,38354.1573,0,481213.0000,595510.0000
2025-02-01,2025,2,Antioquia,4,Prendas de vestir y textiles,0,93.0879,-12.0000,5.2744,17.5300,41251.7897,-1.1000,5.2238,16.5900,39350.4604,0,354882.0000,194348.0000
2025-02-01,2025,2,Antioquia,8,Electrodomesticos y muebles,1,167.5601,-12.0000,5.2744,17.5300,41251.7897,-1.1000,5.2238,16.5900,39350.4604,0,354882.0000,194348.0000
2025-02-01,2025,2,Antioquia,9,Articulos y utensilios domesticos,0,114.1904,-12.0000,5.2744,17.5300,41251.7897,-1.1000,5.2238,16.5900,39350.4604,0,354882.0000,194348.0000
2025-02-01,2025,2,Antioquia,10,Aseo del hogar,0,118.1475,-12.0000,5.2744,17.5300,41251.7897,-1.1000,5.2238,16.5900,39350.4604,0,354882.0000,194348.0000
2025-02-01,2025,2,Antioquia,11,Informatica y telecomunicaciones,0,238.2190,-12.0000,5.2744,17.5300,41251.7897,-1.1000,5.2238,16.5900,39350.4604,0,354882.0000,194348.0000
2025-02-01,2025,2,Antioquia,12,Sonido y video,0,110.0219,-12.0000,5.2744,17.5300,41251.7897,-1.1000,5.2238,16.5900,39350.4604,0,354882.0000,194348.0000
2025-02-01,2025,2,Antioquia,14,"Ferreteria, vidrios y pinturas",0,138.9502,-12.0000,5.2744,17.5300,41251.7897,-1.1000,5.2238,16.5900,39350.4604,0,354882.0000,194348.0000
2025-02-01,2025,2,Antioquia,15,Otras mercancias de uso domestico,0,114.4327,-12.0000,5.2744,17.5300,41251.7897,-1.1000,5.2238,16.5900,39350.4604,0,354882.0000,194348.0000
2025-02-01,2025,2,Atlantico,4,Prendas de vestir y textiles,0,60.0126,-12.0000,5.2744,17.5300,41251.7897,-1.1000,5.2238,16.5900,39350.4604,0,195014.0000,131536.0000
2025-02-01,2025,2,Atlantico,8,Electrodomesticos y muebles,1,113.9628,-12.0000,5.2744,17.5300,41251.7897,-1.1000,5.2238,16.5900,39350.4604,0,195014.0000,131536.0000
2025-02-01,2025,2,Atlantico,9,Articulos y utensilios domesticos,0,101.0382,-12.0000,5.2744,17.5300,41251.7897,-1.1000,5.2238,16.5900,39350.4604,0,195014.0000,131536.0000
2025-02-01,2025,2,Atlantico,10,Aseo del hogar,0,91.2514,-12.0000,5.2744,17.5300,41251.7897,-1.1000,5.2238,16.5900,39350.4604,0,195014.0000,131536.0000
2025-02-01,2025,2,Atlantico,11,Informatica y telecomunicaciones,0,189.3007,-12.0000,5.2744,17.5300,41251.7897,-1.1000,5.2238,16.5900,39350.4604,0,195014.0000,131536.0000
2025-02-01,2025,2,Atlantico,12,Sonido y video,0,99.2628,-12.0000,5.2744,17.5300,41251.7897,-1.1000,5.2238,16.5900,39350.4604,0,195014.0000,131536.0000
2025-02-01,2025,2,Atlantico,14,"Ferreteria, vidrios y pinturas",0,101.8980,-12.0000,5.2744,17.5300,41251.7897,-1.1000,5.2238,16.5900,39350.4604,0,195014.0000,131536.0000
2025-02-01,2025,2,Atlantico,15,Otras mercancias de uso domestico,0,92.7882,-12.0000,5.2744,17.5300,41251.7897,-1.1000,5.2238,16.5900,39350.4604,0,195014.0000,131536.0000
2025-02-01,2025,2,Bogota,4,Prendas de vestir y textiles,0,76.3553,-12.0000,5.2744,17.5300,41251.7897,-1.1000,5.2238,16.5900,39350.4604,0,145285.0000,115347.0000
2025-02-01,2025,2,Bogota,8,Electrodomesticos y muebles,1,142.2963,-12.0000,5.2744,17.5300,41251.7897,-1.1000,5.2238,16.5900,39350.4604,0,145285.0000,115347.0000
2025-02-01,2025,2,Bogota,9,Articulos y utensilios domesticos,0,120.9283,-12.0000,5.2744,17.5300,41251.7897,-1.1000,5.2238,16.5900,39350.4604,0,145285.0000,115347.0000
2025-02-01,2025,2,Bogota,10,Aseo del hogar,0,123.1812,-12.0000,5.2744,17.5300,41251.7897,-1.1000,5.2238,16.5900,39350.4604,0,145285.0000,115347.0000
2025-02-01,2025,2,Bogota,11,Informatica y telecomunicaciones,0,221.9171,-12.0000,5.2744,17.5300,41251.7897,-1.1000,5.2238,16.5900,39350.4604,0,145285.0000,115347.0000
2025-02-01,2025,2,Bogota,12,Sonido y video,0,153.8063,-12.0000,5.2744,17.5300,41251.7897,-1.1000,5.2238,16.5900,39350.4604,0,145285.0000,115347.0000
2025-02-01,2025,2,Bogota,14,"Ferreteria, vidrios y pinturas",0,120.5088,-12.0000,5.2744,17.5300,41251.7897,-1.1000,5.2238,16.5900,39350.4604,0,145285.0000,115347.0000
2025-02-01,2025,2,Bogota,15,Otras mercancias de uso domestico,0,111.3550,-12.0000,5.2744,17.5300,41251.7897,-1.1000,5.2238,16.5900,39350.4604,0,145285.0000,115347.0000
2025-02-01,2025,2,Cundinamarca,4,Prendas de vestir y textiles,0,82.2484,-12.0000,5.2744,17.5300,41251.7897,-1.1000,5.2238,16.5900,39350.4604,0,103230.0000,116247.0000
2025-02-01,2025,2,Cundinamarca,8,Electrodomesticos y muebles,1,129.5102,-12.0000,5.2744,17.5300,41251.7897,-1.1000,5.2238,16.5900,39350.4604,0,103230.0000,116247.0000
2025-02-01,2025,2,Cundinamarca,9,Articulos y utensilios domesticos,0,187.1786,-12.0000,5.2744,17.5300,41251.7897,-1.1000,5.2238,16.5900,39350.4604,0,103230.0000,116247.0000
2025-02-01,2025,2,Cundinamarca,10,Aseo del hogar,0,175.3075,-12.0000,5.2744,17.5300,41251.7897,-1.1000,5.2238,16.5900,39350.4604,0,103230.0000,116247.0000
2025-02-01,2025,2,Cundinamarca,11,Informatica y telecomunicaciones,0,325.4153,-12.0000,5.2744,17.5300,41251.7897,-1.1000,5.2238,16.5900,39350.4604,0,103230.0000,116247.0000
2025-02-01,2025,2,Cundinamarca,12,Sonido y video,0,128.9134,-12.0000,5.2744,17.5300,41251.7897,-1.1000,5.2238,16.5900,39350.4604,0,103230.0000,116247.0000
2025-02-01,2025,2,Cundinamarca,14,"Ferreteria, vidrios y pinturas",0,132.0916,-12.0000,5.2744,17.5300,41251.7897,-1.1000,5.2238,16.5900,39350.4604,0,103230.0000,116247.0000
2025-02-01,2025,2,Cundinamarca,15,Otras mercancias de uso domestico,0,113.7124,-12.0000,5.2744,17.5300,41251.7897,-1.1000,5.2238,16.5900,39350.4604,0,103230.0000,116247.0000
2025-02-01,2025,2,Santander,4,Prendas de vestir y textiles,0,85.8871,-12.0000,5.2744,17.5300,41251.7897,-1.1000,5.2238,16.5900,39350.4604,0,130944.0000,33766.0000
2025-02-01,2025,2,Santander,8,Electrodomesticos y muebles,1,126.6227,-12.0000,5.2744,17.5300,41251.7897,-1.1000,5.2238,16.5900,39350.4604,0,130944.0000,33766.0000
2025-02-01,2025,2,Santander,9,Articulos y utensilios domesticos,0,125.1831,-12.0000,5.2744,17.5300,41251.7897,-1.1000,5.2238,16.5900,39350.4604,0,130944.0000,33766.0000
2025-02-01,2025,2,Santander,10,Aseo del hogar,0,115.1601,-12.0000,5.2744,17.5300,41251.7897,-1.1000,5.2238,16.5900,39350.4604,0,130944.0000,33766.0000
2025-02-01,2025,2,Santander,11,Informatica y telecomunicaciones,0,202.0457,-12.0000,5.2744,17.5300,41251.7897,-1.1000,5.2238,16.5900,39350.4604,0,130944.0000,33766.0000
2025-02-01,2025,2,Santander,12,Sonido y video,0,140.4576,-12.0000,5.2744,17.5300,41251.7897,-1.1000,5.2238,16.5900,39350.4604,0,130944.0000,33766.0000
2025-02-01,2025,2,Santander,14,"Ferreteria, vidrios y pinturas",0,96.0997,-12.0000,5.2744,17.5300,41251.7897,-1.1000,5.2238,16.5900,39350.4604,0,130944.0000,33766.0000
2025-02-01,2025,2,Santander,15,Otras mercancias de uso domestico,0,134.8047,-12.0000,5.2744,17.5300,41251.7897,-1.1000,5.2238,16.5900,39350.4604,0,130944.0000,33766.0000
2025-02-01,2025,2,Valle del Cauca,4,Prendas de vestir y textiles,0,63.4357,-12.0000,5.2744,17.5300,41251.7897,-1.1000,5.2238,16.5900,39350.4604,0,134285.0000,237576.0000
2025-02-01,2025,2,Valle del Cauca,8,Electrodomesticos y muebles,1,109.7667,-12.0000,5.2744,17.5300,41251.7897,-1.1000,5.2238,16.5900,39350.4604,0,134285.0000,237576.0000
2025-02-01,2025,2,Valle del Cauca,9,Articulos y utensilios domesticos,0,95.2980,-12.0000,5.2744,17.5300,41251.7897,-1.1000,5.2238,16.5900,39350.4604,0,134285.0000,237576.0000
2025-02-01,2025,2,Valle del Cauca,10,Aseo del hogar,0,80.9640,-12.0000,5.2744,17.5300,41251.7897,-1.1000,5.2238,16.5900,39350.4604,0,134285.0000,237576.0000
2025-02-01,2025,2,Valle del Cauca,11,Informatica y telecomunicaciones,0,206.2774,-12.0000,5.2744,17.5300,41251.7897,-1.1000,5.2238,16.5900,39350.4604,0,134285.0000,237576.0000
2025-02-01,2025,2,Valle del Cauca,12,Sonido y video,0,106.6853,-12.0000,5.2744,17.5300,41251.7897,-1.1000,5.2238,16.5900,39350.4604,0,134285.0000,237576.0000
2025-02-01,2025,2,Valle del Cauca,14,"Ferreteria, vidrios y pinturas",0,88.2720,-12.0000,5.2744,17.5300,41251.7897,-1.1000,5.2238,16.5900,39350.4604,0,134285.0000,237576.0000
2025-02-01,2025,2,Valle del Cauca,15,Otras mercancias de uso domestico,0,89.6643,-12.0000,5.2744,17.5300,41251.7897,-1.1000,5.2238,16.5900,39350.4604,0,134285.0000,237576.0000
2025-02-01,2025,2,Otros departamentos,4,Prendas de vestir y textiles,0,72.3407,-12.0000,5.2744,17.5300,41251.7897,-1.1000,5.2238,16.5900,39350.4604,0,533883.0000,481213.0000
2025-02-01,2025,2,Otros departamentos,8,Electrodomesticos y muebles,1,120.6000,-12.0000,5.2744,17.5300,41251.7897,-1.1000,5.2238,16.5900,39350.4604,0,533883.0000,481213.0000
2025-02-01,2025,2,Otros departamentos,9,Articulos y utensilios domesticos,0,174.1445,-12.0000,5.2744,17.5300,41251.7897,-1.1000,5.2238,16.5900,39350.4604,0,533883.0000,481213.0000
2025-02-01,2025,2,Otros departamentos,10,Aseo del hogar,0,145.5730,-12.0000,5.2744,17.5300,41251.7897,-1.1000,5.2238,16.5900,39350.4604,0,533883.0000,481213.0000
2025-02-01,2025,2,Otros departamentos,11,Informatica y telecomunicaciones,0,233.1188,-12.0000,5.2744,17.5300,41251.7897,-1.1000,5.2238,16.5900,39350.4604,0,533883.0000,481213.0000
2025-02-01,2025,2,Otros departamentos,12,Sonido y video,0,130.9789,-12.0000,5.2744,17.5300,41251.7897,-1.1000,5.2238,16.5900,39350.4604,0,533883.0000,481213.0000
2025-02-01,2025,2,Otros departamentos,14,"Ferreteria, vidrios y pinturas",0,83.5088,-12.0000,5.2744,17.5300,41251.7897,-1.1000,5.2238,16.5900,39350.4604,0,533883.0000,481213.0000
2025-02-01,2025,2,Otros departamentos,15,Otras mercancias de uso domestico,0,116.3472,-12.0000,5.2744,17.5300,41251.7897,-1.1000,5.2238,16.5900,39350.4604,0,533883.0000,481213.0000
2025-03-01,2025,3,Antioquia,4,Prendas de vestir y textiles,0,105.6799,-7.1000,5.0891,16.6100,35887.9024,-12.0000,5.2744,17.5300,41251.7897,0,262714.0000,354882.0000
2025-03-01,2025,3,Antioquia,8,Electrodomesticos y muebles,1,191.6416,-7.1000,5.0891,16.6100,35887.9024,-12.0000,5.2744,17.5300,41251.7897,0,262714.0000,354882.0000
2025-03-01,2025,3,Antioquia,9,Articulos y utensilios domesticos,0,129.2733,-7.1000,5.0891,16.6100,35887.9024,-12.0000,5.2744,17.5300,41251.7897,0,262714.0000,354882.0000
2025-03-01,2025,3,Antioquia,10,Aseo del hogar,0,157.1465,-7.1000,5.0891,16.6100,35887.9024,-12.0000,5.2744,17.5300,41251.7897,0,262714.0000,354882.0000
2025-03-01,2025,3,Antioquia,11,Informatica y telecomunicaciones,0,287.9696,-7.1000,5.0891,16.6100,35887.9024,-12.0000,5.2744,17.5300,41251.7897,0,262714.0000,354882.0000
2025-03-01,2025,3,Antioquia,12,Sonido y video,0,123.1478,-7.1000,5.0891,16.6100,35887.9024,-12.0000,5.2744,17.5300,41251.7897,0,262714.0000,354882.0000
2025-03-01,2025,3,Antioquia,14,"Ferreteria, vidrios y pinturas",0,126.9562,-7.1000,5.0891,16.6100,35887.9024,-12.0000,5.2744,17.5300,41251.7897,0,262714.0000,354882.0000
2025-03-01,2025,3,Antioquia,15,Otras mercancias de uso domestico,0,126.4360,-7.1000,5.0891,16.6100,35887.9024,-12.0000,5.2744,17.5300,41251.7897,0,262714.0000,354882.0000
2025-03-01,2025,3,Atlantico,4,Prendas de vestir y textiles,0,65.0471,-7.1000,5.0891,16.6100,35887.9024,-12.0000,5.2744,17.5300,41251.7897,0,66473.0000,195014.0000
2025-03-01,2025,3,Atlantico,8,Electrodomesticos y muebles,1,137.3157,-7.1000,5.0891,16.6100,35887.9024,-12.0000,5.2744,17.5300,41251.7897,0,66473.0000,195014.0000
2025-03-01,2025,3,Atlantico,9,Articulos y utensilios domesticos,0,90.6591,-7.1000,5.0891,16.6100,35887.9024,-12.0000,5.2744,17.5300,41251.7897,0,66473.0000,195014.0000
2025-03-01,2025,3,Atlantico,10,Aseo del hogar,0,103.3467,-7.1000,5.0891,16.6100,35887.9024,-12.0000,5.2744,17.5300,41251.7897,0,66473.0000,195014.0000
2025-03-01,2025,3,Atlantico,11,Informatica y telecomunicaciones,0,213.9720,-7.1000,5.0891,16.6100,35887.9024,-12.0000,5.2744,17.5300,41251.7897,0,66473.0000,195014.0000
2025-03-01,2025,3,Atlantico,12,Sonido y video,0,101.9528,-7.1000,5.0891,16.6100,35887.9024,-12.0000,5.2744,17.5300,41251.7897,0,66473.0000,195014.0000
2025-03-01,2025,3,Atlantico,14,"Ferreteria, vidrios y pinturas",0,87.4411,-7.1000,5.0891,16.6100,35887.9024,-12.0000,5.2744,17.5300,41251.7897,0,66473.0000,195014.0000
2025-03-01,2025,3,Atlantico,15,Otras mercancias de uso domestico,0,91.6732,-7.1000,5.0891,16.6100,35887.9024,-12.0000,5.2744,17.5300,41251.7897,0,66473.0000,195014.0000
2025-03-01,2025,3,Bogota,4,Prendas de vestir y textiles,0,102.2839,-7.1000,5.0891,16.6100,35887.9024,-12.0000,5.2744,17.5300,41251.7897,0,177078.0000,145285.0000
2025-03-01,2025,3,Bogota,8,Electrodomesticos y muebles,1,151.6079,-7.1000,5.0891,16.6100,35887.9024,-12.0000,5.2744,17.5300,41251.7897,0,177078.0000,145285.0000
2025-03-01,2025,3,Bogota,9,Articulos y utensilios domesticos,0,121.0368,-7.1000,5.0891,16.6100,35887.9024,-12.0000,5.2744,17.5300,41251.7897,0,177078.0000,145285.0000
2025-03-01,2025,3,Bogota,10,Aseo del hogar,0,161.0841,-7.1000,5.0891,16.6100,35887.9024,-12.0000,5.2744,17.5300,41251.7897,0,177078.0000,145285.0000
2025-03-01,2025,3,Bogota,11,Informatica y telecomunicaciones,0,271.3189,-7.1000,5.0891,16.6100,35887.9024,-12.0000,5.2744,17.5300,41251.7897,0,177078.0000,145285.0000
2025-03-01,2025,3,Bogota,12,Sonido y video,0,181.5823,-7.1000,5.0891,16.6100,35887.9024,-12.0000,5.2744,17.5300,41251.7897,0,177078.0000,145285.0000
2025-03-01,2025,3,Bogota,14,"Ferreteria, vidrios y pinturas",0,132.1121,-7.1000,5.0891,16.6100,35887.9024,-12.0000,5.2744,17.5300,41251.7897,0,177078.0000,145285.0000
2025-03-01,2025,3,Bogota,15,Otras mercancias de uso domestico,0,154.3654,-7.1000,5.0891,16.6100,35887.9024,-12.0000,5.2744,17.5300,41251.7897,0,177078.0000,145285.0000
2025-03-01,2025,3,Cundinamarca,4,Prendas de vestir y textiles,0,116.5315,-7.1000,5.0891,16.6100,35887.9024,-12.0000,5.2744,17.5300,41251.7897,0,80795.0000,103230.0000
2025-03-01,2025,3,Cundinamarca,8,Electrodomesticos y muebles,1,147.7881,-7.1000,5.0891,16.6100,35887.9024,-12.0000,5.2744,17.5300,41251.7897,0,80795.0000,103230.0000
2025-03-01,2025,3,Cundinamarca,9,Articulos y utensilios domesticos,0,194.9187,-7.1000,5.0891,16.6100,35887.9024,-12.0000,5.2744,17.5300,41251.7897,0,80795.0000,103230.0000
2025-03-01,2025,3,Cundinamarca,10,Aseo del hogar,0,175.9695,-7.1000,5.0891,16.6100,35887.9024,-12.0000,5.2744,17.5300,41251.7897,0,80795.0000,103230.0000
2025-03-01,2025,3,Cundinamarca,11,Informatica y telecomunicaciones,0,329.8080,-7.1000,5.0891,16.6100,35887.9024,-12.0000,5.2744,17.5300,41251.7897,0,80795.0000,103230.0000
2025-03-01,2025,3,Cundinamarca,12,Sonido y video,0,134.0687,-7.1000,5.0891,16.6100,35887.9024,-12.0000,5.2744,17.5300,41251.7897,0,80795.0000,103230.0000
2025-03-01,2025,3,Cundinamarca,14,"Ferreteria, vidrios y pinturas",0,132.1954,-7.1000,5.0891,16.6100,35887.9024,-12.0000,5.2744,17.5300,41251.7897,0,80795.0000,103230.0000
2025-03-01,2025,3,Cundinamarca,15,Otras mercancias de uso domestico,0,139.2345,-7.1000,5.0891,16.6100,35887.9024,-12.0000,5.2744,17.5300,41251.7897,0,80795.0000,103230.0000
2025-03-01,2025,3,Santander,4,Prendas de vestir y textiles,0,93.0409,-7.1000,5.0891,16.6100,35887.9024,-12.0000,5.2744,17.5300,41251.7897,0,152445.0000,130944.0000
2025-03-01,2025,3,Santander,8,Electrodomesticos y muebles,1,123.3403,-7.1000,5.0891,16.6100,35887.9024,-12.0000,5.2744,17.5300,41251.7897,0,152445.0000,130944.0000
2025-03-01,2025,3,Santander,9,Articulos y utensilios domesticos,0,109.4683,-7.1000,5.0891,16.6100,35887.9024,-12.0000,5.2744,17.5300,41251.7897,0,152445.0000,130944.0000
2025-03-01,2025,3,Santander,10,Aseo del hogar,0,158.7796,-7.1000,5.0891,16.6100,35887.9024,-12.0000,5.2744,17.5300,41251.7897,0,152445.0000,130944.0000
2025-03-01,2025,3,Santander,11,Informatica y telecomunicaciones,0,236.3510,-7.1000,5.0891,16.6100,35887.9024,-12.0000,5.2744,17.5300,41251.7897,0,152445.0000,130944.0000
2025-03-01,2025,3,Santander,12,Sonido y video,0,131.9911,-7.1000,5.0891,16.6100,35887.9024,-12.0000,5.2744,17.5300,41251.7897,0,152445.0000,130944.0000
2025-03-01,2025,3,Santander,14,"Ferreteria, vidrios y pinturas",0,103.8474,-7.1000,5.0891,16.6100,35887.9024,-12.0000,5.2744,17.5300,41251.7897,0,152445.0000,130944.0000
2025-03-01,2025,3,Santander,15,Otras mercancias de uso domestico,0,160.9302,-7.1000,5.0891,16.6100,35887.9024,-12.0000,5.2744,17.5300,41251.7897,0,152445.0000,130944.0000
2025-03-01,2025,3,Valle del Cauca,4,Prendas de vestir y textiles,0,80.3584,-7.1000,5.0891,16.6100,35887.9024,-12.0000,5.2744,17.5300,41251.7897,0,108842.0000,134285.0000
2025-03-01,2025,3,Valle del Cauca,8,Electrodomesticos y muebles,1,91.6137,-7.1000,5.0891,16.6100,35887.9024,-12.0000,5.2744,17.5300,41251.7897,0,108842.0000,134285.0000
2025-03-01,2025,3,Valle del Cauca,9,Articulos y utensilios domesticos,0,138.3898,-7.1000,5.0891,16.6100,35887.9024,-12.0000,5.2744,17.5300,41251.7897,0,108842.0000,134285.0000
2025-03-01,2025,3,Valle del Cauca,10,Aseo del hogar,0,82.1084,-7.1000,5.0891,16.6100,35887.9024,-12.0000,5.2744,17.5300,41251.7897,0,108842.0000,134285.0000
2025-03-01,2025,3,Valle del Cauca,11,Informatica y telecomunicaciones,0,218.4114,-7.1000,5.0891,16.6100,35887.9024,-12.0000,5.2744,17.5300,41251.7897,0,108842.0000,134285.0000
2025-03-01,2025,3,Valle del Cauca,12,Sonido y video,0,104.5241,-7.1000,5.0891,16.6100,35887.9024,-12.0000,5.2744,17.5300,41251.7897,0,108842.0000,134285.0000
2025-03-01,2025,3,Valle del Cauca,14,"Ferreteria, vidrios y pinturas",0,84.0008,-7.1000,5.0891,16.6100,35887.9024,-12.0000,5.2744,17.5300,41251.7897,0,108842.0000,134285.0000
2025-03-01,2025,3,Valle del Cauca,15,Otras mercancias de uso domestico,0,99.6924,-7.1000,5.0891,16.6100,35887.9024,-12.0000,5.2744,17.5300,41251.7897,0,108842.0000,134285.0000
2025-03-01,2025,3,Otros departamentos,4,Prendas de vestir y textiles,0,70.5630,-7.1000,5.0891,16.6100,35887.9024,-12.0000,5.2744,17.5300,41251.7897,0,377973.0000,533883.0000
2025-03-01,2025,3,Otros departamentos,8,Electrodomesticos y muebles,1,137.7762,-7.1000,5.0891,16.6100,35887.9024,-12.0000,5.2744,17.5300,41251.7897,0,377973.0000,533883.0000
2025-03-01,2025,3,Otros departamentos,9,Articulos y utensilios domesticos,0,182.4347,-7.1000,5.0891,16.6100,35887.9024,-12.0000,5.2744,17.5300,41251.7897,0,377973.0000,533883.0000
2025-03-01,2025,3,Otros departamentos,10,Aseo del hogar,0,139.1810,-7.1000,5.0891,16.6100,35887.9024,-12.0000,5.2744,17.5300,41251.7897,0,377973.0000,533883.0000
2025-03-01,2025,3,Otros departamentos,11,Informatica y telecomunicaciones,0,223.1220,-7.1000,5.0891,16.6100,35887.9024,-12.0000,5.2744,17.5300,41251.7897,0,377973.0000,533883.0000
2025-03-01,2025,3,Otros departamentos,12,Sonido y video,0,140.7525,-7.1000,5.0891,16.6100,35887.9024,-12.0000,5.2744,17.5300,41251.7897,0,377973.0000,533883.0000
2025-03-01,2025,3,Otros departamentos,14,"Ferreteria, vidrios y pinturas",0,90.9604,-7.1000,5.0891,16.6100,35887.9024,-12.0000,5.2744,17.5300,41251.7897,0,377973.0000,533883.0000
2025-03-01,2025,3,Otros departamentos,15,Otras mercancias de uso domestico,0,114.2075,-7.1000,5.0891,16.6100,35887.9024,-12.0000,5.2744,17.5300,41251.7897,0,377973.0000,533883.0000
2025-04-01,2025,4,Antioquia,4,Prendas de vestir y textiles,0,87.8409,-8.6000,5.1574,17.0800,34136.1408,-7.1000,5.0891,16.6100,35887.9024,0,208716.0000,262714.0000
2025-04-01,2025,4,Antioquia,8,Electrodomesticos y muebles,1,160.8107,-8.6000,5.1574,17.0800,34136.1408,-7.1000,5.0891,16.6100,35887.9024,0,208716.0000,262714.0000
2025-04-01,2025,4,Antioquia,9,Articulos y utensilios domesticos,0,141.2117,-8.6000,5.1574,17.0800,34136.1408,-7.1000,5.0891,16.6100,35887.9024,0,208716.0000,262714.0000
2025-04-01,2025,4,Antioquia,10,Aseo del hogar,0,121.4471,-8.6000,5.1574,17.0800,34136.1408,-7.1000,5.0891,16.6100,35887.9024,0,208716.0000,262714.0000
2025-04-01,2025,4,Antioquia,11,Informatica y telecomunicaciones,0,233.4205,-8.6000,5.1574,17.0800,34136.1408,-7.1000,5.0891,16.6100,35887.9024,0,208716.0000,262714.0000
2025-04-01,2025,4,Antioquia,12,Sonido y video,0,129.1831,-8.6000,5.1574,17.0800,34136.1408,-7.1000,5.0891,16.6100,35887.9024,0,208716.0000,262714.0000
2025-04-01,2025,4,Antioquia,14,"Ferreteria, vidrios y pinturas",0,112.7064,-8.6000,5.1574,17.0800,34136.1408,-7.1000,5.0891,16.6100,35887.9024,0,208716.0000,262714.0000
2025-04-01,2025,4,Antioquia,15,Otras mercancias de uso domestico,0,114.3008,-8.6000,5.1574,17.0800,34136.1408,-7.1000,5.0891,16.6100,35887.9024,0,208716.0000,262714.0000
2025-04-01,2025,4,Atlantico,4,Prendas de vestir y textiles,0,76.4188,-8.6000,5.1574,17.0800,34136.1408,-7.1000,5.0891,16.6100,35887.9024,0,94277.0000,66473.0000
2025-04-01,2025,4,Atlantico,8,Electrodomesticos y muebles,1,109.4670,-8.6000,5.1574,17.0800,34136.1408,-7.1000,5.0891,16.6100,35887.9024,0,94277.0000,66473.0000
2025-04-01,2025,4,Atlantico,9,Articulos y utensilios domesticos,0,83.5013,-8.6000,5.1574,17.0800,34136.1408,-7.1000,5.0891,16.6100,35887.9024,0,94277.0000,66473.0000
2025-04-01,2025,4,Atlantico,10,Aseo del hogar,0,97.0523,-8.6000,5.1574,17.0800,34136.1408,-7.1000,5.0891,16.6100,35887.9024,0,94277.0000,66473.0000
2025-04-01,2025,4,Atlantico,11,Informatica y telecomunicaciones,0,186.4593,-8.6000,5.1574,17.0800,34136.1408,-7.1000,5.0891,16.6100,35887.9024,0,94277.0000,66473.0000
2025-04-01,2025,4,Atlantico,12,Sonido y video,0,98.8608,-8.6000,5.1574,17.0800,34136.1408,-7.1000,5.0891,16.6100,35887.9024,0,94277.0000,66473.0000
2025-04-01,2025,4,Atlantico,14,"Ferreteria, vidrios y pinturas",0,92.4317,-8.6000,5.1574,17.0800,34136.1408,-7.1000,5.0891,16.6100,35887.9024,0,94277.0000,66473.0000
2025-04-01,2025,4,Atlantico,15,Otras mercancias de uso domestico,0,87.7801,-8.6000,5.1574,17.0800,34136.1408,-7.1000,5.0891,16.6100,35887.9024,0,94277.0000,66473.0000
2025-04-01,2025,4,Bogota,4,Prendas de vestir y textiles,0,95.5059,-8.6000,5.1574,17.0800,34136.1408,-7.1000,5.0891,16.6100,35887.9024,0,348091.0000,177078.0000
2025-04-01,2025,4,Bogota,8,Electrodomesticos y muebles,1,128.4195,-8.6000,5.1574,17.0800,34136.1408,-7.1000,5.0891,16.6100,35887.9024,0,348091.0000,177078.0000
2025-04-01,2025,4,Bogota,9,Articulos y utensilios domesticos,0,154.3834,-8.6000,5.1574,17.0800,34136.1408,-7.1000,5.0891,16.6100,35887.9024,0,348091.0000,177078.0000
2025-04-01,2025,4,Bogota,10,Aseo del hogar,0,152.3212,-8.6000,5.1574,17.0800,34136.1408,-7.1000,5.0891,16.6100,35887.9024,0,348091.0000,177078.0000
2025-04-01,2025,4,Bogota,11,Informatica y telecomunicaciones,0,264.0681,-8.6000,5.1574,17.0800,34136.1408,-7.1000,5.0891,16.6100,35887.9024,0,348091.0000,177078.0000
2025-04-01,2025,4,Bogota,12,Sonido y video,0,159.1191,-8.6000,5.1574,17.0800,34136.1408,-7.1000,5.0891,16.6100,35887.9024,0,348091.0000,177078.0000
2025-04-01,2025,4,Bogota,14,"Ferreteria, vidrios y pinturas",0,112.2142,-8.6000,5.1574,17.0800,34136.1408,-7.1000,5.0891,16.6100,35887.9024,0,348091.0000,177078.0000
2025-04-01,2025,4,Bogota,15,Otras mercancias de uso domestico,0,138.8273,-8.6000,5.1574,17.0800,34136.1408,-7.1000,5.0891,16.6100,35887.9024,0,348091.0000,177078.0000
2025-04-01,2025,4,Cundinamarca,4,Prendas de vestir y textiles,0,109.4370,-8.6000,5.1574,17.0800,34136.1408,-7.1000,5.0891,16.6100,35887.9024,0,92167.0000,80795.0000
2025-04-01,2025,4,Cundinamarca,8,Electrodomesticos y muebles,1,125.5718,-8.6000,5.1574,17.0800,34136.1408,-7.1000,5.0891,16.6100,35887.9024,0,92167.0000,80795.0000
2025-04-01,2025,4,Cundinamarca,9,Articulos y utensilios domesticos,0,169.3619,-8.6000,5.1574,17.0800,34136.1408,-7.1000,5.0891,16.6100,35887.9024,0,92167.0000,80795.0000
2025-04-01,2025,4,Cundinamarca,10,Aseo del hogar,0,134.3277,-8.6000,5.1574,17.0800,34136.1408,-7.1000,5.0891,16.6100,35887.9024,0,92167.0000,80795.0000
2025-04-01,2025,4,Cundinamarca,11,Informatica y telecomunicaciones,0,318.3690,-8.6000,5.1574,17.0800,34136.1408,-7.1000,5.0891,16.6100,35887.9024,0,92167.0000,80795.0000
2025-04-01,2025,4,Cundinamarca,12,Sonido y video,0,147.1763,-8.6000,5.1574,17.0800,34136.1408,-7.1000,5.0891,16.6100,35887.9024,0,92167.0000,80795.0000
2025-04-01,2025,4,Cundinamarca,14,"Ferreteria, vidrios y pinturas",0,133.0701,-8.6000,5.1574,17.0800,34136.1408,-7.1000,5.0891,16.6100,35887.9024,0,92167.0000,80795.0000
2025-04-01,2025,4,Cundinamarca,15,Otras mercancias de uso domestico,0,121.0539,-8.6000,5.1574,17.0800,34136.1408,-7.1000,5.0891,16.6100,35887.9024,0,92167.0000,80795.0000
2025-04-01,2025,4,Santander,4,Prendas de vestir y textiles,0,82.3339,-8.6000,5.1574,17.0800,34136.1408,-7.1000,5.0891,16.6100,35887.9024,0,88895.0000,152445.0000
2025-04-01,2025,4,Santander,8,Electrodomesticos y muebles,1,89.9433,-8.6000,5.1574,17.0800,34136.1408,-7.1000,5.0891,16.6100,35887.9024,0,88895.0000,152445.0000
2025-04-01,2025,4,Santander,9,Articulos y utensilios domesticos,0,99.5355,-8.6000,5.1574,17.0800,34136.1408,-7.1000,5.0891,16.6100,35887.9024,0,88895.0000,152445.0000
2025-04-01,2025,4,Santander,10,Aseo del hogar,0,121.2867,-8.6000,5.1574,17.0800,34136.1408,-7.1000,5.0891,16.6100,35887.9024,0,88895.0000,152445.0000
2025-04-01,2025,4,Santander,11,Informatica y telecomunicaciones,0,199.6903,-8.6000,5.1574,17.0800,34136.1408,-7.1000,5.0891,16.6100,35887.9024,0,88895.0000,152445.0000
2025-04-01,2025,4,Santander,12,Sonido y video,0,131.3178,-8.6000,5.1574,17.0800,34136.1408,-7.1000,5.0891,16.6100,35887.9024,0,88895.0000,152445.0000
2025-04-01,2025,4,Santander,14,"Ferreteria, vidrios y pinturas",0,115.3383,-8.6000,5.1574,17.0800,34136.1408,-7.1000,5.0891,16.6100,35887.9024,0,88895.0000,152445.0000
2025-04-01,2025,4,Santander,15,Otras mercancias de uso domestico,0,122.7951,-8.6000,5.1574,17.0800,34136.1408,-7.1000,5.0891,16.6100,35887.9024,0,88895.0000,152445.0000
2025-04-01,2025,4,Valle del Cauca,4,Prendas de vestir y textiles,0,86.1308,-8.6000,5.1574,17.0800,34136.1408,-7.1000,5.0891,16.6100,35887.9024,0,96685.0000,108842.0000
2025-04-01,2025,4,Valle del Cauca,8,Electrodomesticos y muebles,1,79.5638,-8.6000,5.1574,17.0800,34136.1408,-7.1000,5.0891,16.6100,35887.9024,0,96685.0000,108842.0000
2025-04-01,2025,4,Valle del Cauca,9,Articulos y utensilios domesticos,0,120.2676,-8.6000,5.1574,17.0800,34136.1408,-7.1000,5.0891,16.6100,35887.9024,0,96685.0000,108842.0000
2025-04-01,2025,4,Valle del Cauca,10,Aseo del hogar,0,80.6482,-8.6000,5.1574,17.0800,34136.1408,-7.1000,5.0891,16.6100,35887.9024,0,96685.0000,108842.0000
2025-04-01,2025,4,Valle del Cauca,11,Informatica y telecomunicaciones,0,215.1970,-8.6000,5.1574,17.0800,34136.1408,-7.1000,5.0891,16.6100,35887.9024,0,96685.0000,108842.0000
2025-04-01,2025,4,Valle del Cauca,12,Sonido y video,0,102.9499,-8.6000,5.1574,17.0800,34136.1408,-7.1000,5.0891,16.6100,35887.9024,0,96685.0000,108842.0000
2025-04-01,2025,4,Valle del Cauca,14,"Ferreteria, vidrios y pinturas",0,86.9906,-8.6000,5.1574,17.0800,34136.1408,-7.1000,5.0891,16.6100,35887.9024,0,96685.0000,108842.0000
2025-04-01,2025,4,Valle del Cauca,15,Otras mercancias de uso domestico,0,72.2502,-8.6000,5.1574,17.0800,34136.1408,-7.1000,5.0891,16.6100,35887.9024,0,96685.0000,108842.0000
2025-04-01,2025,4,Otros departamentos,4,Prendas de vestir y textiles,0,71.3564,-8.6000,5.1574,17.0800,34136.1408,-7.1000,5.0891,16.6100,35887.9024,0,517722.0000,377973.0000
2025-04-01,2025,4,Otros departamentos,8,Electrodomesticos y muebles,1,140.7130,-8.6000,5.1574,17.0800,34136.1408,-7.1000,5.0891,16.6100,35887.9024,0,517722.0000,377973.0000
2025-04-01,2025,4,Otros departamentos,9,Articulos y utensilios domesticos,0,132.1191,-8.6000,5.1574,17.0800,34136.1408,-7.1000,5.0891,16.6100,35887.9024,0,517722.0000,377973.0000
2025-04-01,2025,4,Otros departamentos,10,Aseo del hogar,0,145.7138,-8.6000,5.1574,17.0800,34136.1408,-7.1000,5.0891,16.6100,35887.9024,0,517722.0000,377973.0000
2025-04-01,2025,4,Otros departamentos,11,Informatica y telecomunicaciones,0,233.3799,-8.6000,5.1574,17.0800,34136.1408,-7.1000,5.0891,16.6100,35887.9024,0,517722.0000,377973.0000
2025-04-01,2025,4,Otros departamentos,12,Sonido y video,0,128.2488,-8.6000,5.1574,17.0800,34136.1408,-7.1000,5.0891,16.6100,35887.9024,0,517722.0000,377973.0000
2025-04-01,2025,4,Otros departamentos,14,"Ferreteria, vidrios y pinturas",0,93.9787,-8.6000,5.1574,17.0800,34136.1408,-7.1000,5.0891,16.6100,35887.9024,0,517722.0000,377973.0000
2025-04-01,2025,4,Otros departamentos,15,Otras mercancias de uso domestico,0,129.1415,-8.6000,5.1574,17.0800,34136.1408,-7.1000,5.0891,16.6100,35887.9024,0,517722.0000,377973.0000
2025-05-01,2025,5,Antioquia,4,Prendas de vestir y textiles,0,120.6294,-3.8000,5.0518,17.3100,37608.6481,-8.6000,5.1574,17.0800,34136.1408,0,171763.0000,208716.0000
2025-05-01,2025,5,Antioquia,8,Electrodomesticos y muebles,1,167.9391,-3.8000,5.0518,17.3100,37608.6481,-8.6000,5.1574,17.0800,34136.1408,0,171763.0000,208716.0000
2025-05-01,2025,5,Antioquia,9,Articulos y utensilios domesticos,0,160.2326,-3.8000,5.0518,17.3100,37608.6481,-8.6000,5.1574,17.0800,34136.1408,0,171763.0000,208716.0000
2025-05-01,2025,5,Antioquia,10,Aseo del hogar,0,109.0869,-3.8000,5.0518,17.3100,37608.6481,-8.6000,5.1574,17.0800,34136.1408,0,171763.0000,208716.0000
2025-05-01,2025,5,Antioquia,11,Informatica y telecomunicaciones,0,274.2250,-3.8000,5.0518,17.3100,37608.6481,-8.6000,5.1574,17.0800,34136.1408,0,171763.0000,208716.0000
2025-05-01,2025,5,Antioquia,12,Sonido y video,0,141.1233,-3.8000,5.0518,17.3100,37608.6481,-8.6000,5.1574,17.0800,34136.1408,0,171763.0000,208716.0000
2025-05-01,2025,5,Antioquia,14,"Ferreteria, vidrios y pinturas",0,108.0467,-3.8000,5.0518,17.3100,37608.6481,-8.6000,5.1574,17.0800,34136.1408,0,171763.0000,208716.0000
2025-05-01,2025,5,Antioquia,15,Otras mercancias de uso domestico,0,143.0547,-3.8000,5.0518,17.3100,37608.6481,-8.6000,5.1574,17.0800,34136.1408,0,171763.0000,208716.0000
2025-05-01,2025,5,Atlantico,4,Prendas de vestir y textiles,0,89.4825,-3.8000,5.0518,17.3100,37608.6481,-8.6000,5.1574,17.0800,34136.1408,0,22790.0000,94277.0000
2025-05-01,2025,5,Atlantico,8,Electrodomesticos y muebles,1,114.1937,-3.8000,5.0518,17.3100,37608.6481,-8.6000,5.1574,17.0800,34136.1408,0,22790.0000,94277.0000
2025-05-01,2025,5,Atlantico,9,Articulos y utensilios domesticos,0,94.3411,-3.8000,5.0518,17.3100,37608.6481,-8.6000,5.1574,17.0800,34136.1408,0,22790.0000,94277.0000
2025-05-01,2025,5,Atlantico,10,Aseo del hogar,0,97.4812,-3.8000,5.0518,17.3100,37608.6481,-8.6000,5.1574,17.0800,34136.1408,0,22790.0000,94277.0000
2025-05-01,2025,5,Atlantico,11,Informatica y telecomunicaciones,0,205.9535,-3.8000,5.0518,17.3100,37608.6481,-8.6000,5.1574,17.0800,34136.1408,0,22790.0000,94277.0000
2025-05-01,2025,5,Atlantico,12,Sonido y video,0,124.7716,-3.8000,5.0518,17.3100,37608.6481,-8.6000,5.1574,17.0800,34136.1408,0,22790.0000,94277.0000
2025-05-01,2025,5,Atlantico,14,"Ferreteria, vidrios y pinturas",0,77.0876,-3.8000,5.0518,17.3100,37608.6481,-8.6000,5.1574,17.0800,34136.1408,0,22790.0000,94277.0000
2025-05-01,2025,5,Atlantico,15,Otras mercancias de uso domestico,0,102.5109,-3.8000,5.0518,17.3100,37608.6481,-8.6000,5.1574,17.0800,34136.1408,0,22790.0000,94277.0000
2025-05-01,2025,5,Bogota,4,Prendas de vestir y textiles,0,101.2430,-3.8000,5.0518,17.3100,37608.6481,-8.6000,5.1574,17.0800,34136.1408,0,140930.0000,348091.0000
2025-05-01,2025,5,Bogota,8,Electrodomesticos y muebles,1,154.0889,-3.8000,5.0518,17.3100,37608.6481,-8.6000,5.1574,17.0800,34136.1408,0,140930.0000,348091.0000
2025-05-01,2025,5,Bogota,9,Articulos y utensilios domesticos,0,166.1016,-3.8000,5.0518,17.3100,37608.6481,-8.6000,5.1574,17.0800,34136.1408,0,140930.0000,348091.0000
2025-05-01,2025,5,Bogota,10,Aseo del hogar,0,164.9454,-3.8000,5.0518,17.3100,37608.6481,-8.6000,5.1574,17.0800,34136.1408,0,140930.0000,348091.0000
2025-05-01,2025,5,Bogota,11,Informatica y telecomunicaciones,0,305.9533,-3.8000,5.0518,17.3100,37608.6481,-8.6000,5.1574,17.0800,34136.1408,0,140930.0000,348091.0000
2025-05-01,2025,5,Bogota,12,Sonido y video,0,216.7510,-3.8000,5.0518,17.3100,37608.6481,-8.6000,5.1574,17.0800,34136.1408,0,140930.0000,348091.0000
2025-05-01,2025,5,Bogota,14,"Ferreteria, vidrios y pinturas",0,118.8747,-3.8000,5.0518,17.3100,37608.6481,-8.6000,5.1574,17.0800,34136.1408,0,140930.0000,348091.0000
2025-05-01,2025,5,Bogota,15,Otras mercancias de uso domestico,0,159.4101,-3.8000,5.0518,17.3100,37608.6481,-8.6000,5.1574,17.0800,34136.1408,0,140930.0000,348091.0000
2025-05-01,2025,5,Cundinamarca,4,Prendas de vestir y textiles,0,122.8297,-3.8000,5.0518,17.3100,37608.6481,-8.6000,5.1574,17.0800,34136.1408,0,89865.0000,92167.0000
2025-05-01,2025,5,Cundinamarca,8,Electrodomesticos y muebles,1,160.4896,-3.8000,5.0518,17.3100,37608.6481,-8.6000,5.1574,17.0800,34136.1408,0,89865.0000,92167.0000
2025-05-01,2025,5,Cundinamarca,9,Articulos y utensilios domesticos,0,211.2660,-3.8000,5.0518,17.3100,37608.6481,-8.6000,5.1574,17.0800,34136.1408,0,89865.0000,92167.0000
2025-05-01,2025,5,Cundinamarca,10,Aseo del hogar,0,143.8295,-3.8000,5.0518,17.3100,37608.6481,-8.6000,5.1574,17.0800,34136.1408,0,89865.0000,92167.0000
2025-05-01,2025,5,Cundinamarca,11,Informatica y telecomunicaciones,0,363.6019,-3.8000,5.0518,17.3100,37608.6481,-8.6000,5.1574,17.0800,34136.1408,0,89865.0000,92167.0000
2025-05-01,2025,5,Cundinamarca,12,Sonido y video,0,167.0909,-3.8000,5.0518,17.3100,37608.6481,-8.6000,5.1574,17.0800,34136.1408,0,89865.0000,92167.0000
2025-05-01,2025,5,Cundinamarca,14,"Ferreteria, vidrios y pinturas",0,125.0303,-3.8000,5.0518,17.3100,37608.6481,-8.6000,5.1574,17.0800,34136.1408,0,89865.0000,92167.0000
2025-05-01,2025,5,Cundinamarca,15,Otras mercancias de uso domestico,0,145.8231,-3.8000,5.0518,17.3100,37608.6481,-8.6000,5.1574,17.0800,34136.1408,0,89865.0000,92167.0000
2025-05-01,2025,5,Santander,4,Prendas de vestir y textiles,0,113.7479,-3.8000,5.0518,17.3100,37608.6481,-8.6000,5.1574,17.0800,34136.1408,0,102410.0000,88895.0000
2025-05-01,2025,5,Santander,8,Electrodomesticos y muebles,1,111.3475,-3.8000,5.0518,17.3100,37608.6481,-8.6000,5.1574,17.0800,34136.1408,0,102410.0000,88895.0000
2025-05-01,2025,5,Santander,9,Articulos y utensilios domesticos,0,117.0206,-3.8000,5.0518,17.3100,37608.6481,-8.6000,5.1574,17.0800,34136.1408,0,102410.0000,88895.0000
2025-05-01,2025,5,Santander,10,Aseo del hogar,0,104.7361,-3.8000,5.0518,17.3100,37608.6481,-8.6000,5.1574,17.0800,34136.1408,0,102410.0000,88895.0000
2025-05-01,2025,5,Santander,11,Informatica y telecomunicaciones,0,264.9378,-3.8000,5.0518,17.3100,37608.6481,-8.6000,5.1574,17.0800,34136.1408,0,102410.0000,88895.0000
2025-05-01,2025,5,Santander,12,Sonido y video,0,136.9763,-3.8000,5.0518,17.3100,37608.6481,-8.6000,5.1574,17.0800,34136.1408,0,102410.0000,88895.0000
2025-05-01,2025,5,Santander,14,"Ferreteria, vidrios y pinturas",0,118.6920,-3.8000,5.0518,17.3100,37608.6481,-8.6000,5.1574,17.0800,34136.1408,0,102410.0000,88895.0000
2025-05-01,2025,5,Santander,15,Otras mercancias de uso domestico,0,129.2352,-3.8000,5.0518,17.3100,37608.6481,-8.6000,5.1574,17.0800,34136.1408,0,102410.0000,88895.0000
2025-05-01,2025,5,Valle del Cauca,4,Prendas de vestir y textiles,0,90.0753,-3.8000,5.0518,17.3100,37608.6481,-8.6000,5.1574,17.0800,34136.1408,0,78269.0000,96685.0000
2025-05-01,2025,5,Valle del Cauca,8,Electrodomesticos y muebles,1,121.4689,-3.8000,5.0518,17.3100,37608.6481,-8.6000,5.1574,17.0800,34136.1408,0,78269.0000,96685.0000
2025-05-01,2025,5,Valle del Cauca,9,Articulos y utensilios domesticos,0,114.1399,-3.8000,5.0518,17.3100,37608.6481,-8.6000,5.1574,17.0800,34136.1408,0,78269.0000,96685.0000
2025-05-01,2025,5,Valle del Cauca,10,Aseo del hogar,0,100.4344,-3.8000,5.0518,17.3100,37608.6481,-8.6000,5.1574,17.0800,34136.1408,0,78269.0000,96685.0000
2025-05-01,2025,5,Valle del Cauca,11,Informatica y telecomunicaciones,0,246.5384,-3.8000,5.0518,17.3100,37608.6481,-8.6000,5.1574,17.0800,34136.1408,0,78269.0000,96685.0000
2025-05-01,2025,5,Valle del Cauca,12,Sonido y video,0,98.6010,-3.8000,5.0518,17.3100,37608.6481,-8.6000,5.1574,17.0800,34136.1408,0,78269.0000,96685.0000
2025-05-01,2025,5,Valle del Cauca,14,"Ferreteria, vidrios y pinturas",0,101.9101,-3.8000,5.0518,17.3100,37608.6481,-8.6000,5.1574,17.0800,34136.1408,0,78269.0000,96685.0000
2025-05-01,2025,5,Valle del Cauca,15,Otras mercancias de uso domestico,0,92.2073,-3.8000,5.0518,17.3100,37608.6481,-8.6000,5.1574,17.0800,34136.1408,0,78269.0000,96685.0000
2025-05-01,2025,5,Otros departamentos,4,Prendas de vestir y textiles,0,89.8940,-3.8000,5.0518,17.3100,37608.6481,-8.6000,5.1574,17.0800,34136.1408,0,509763.0000,517722.0000
2025-05-01,2025,5,Otros departamentos,8,Electrodomesticos y muebles,1,145.1142,-3.8000,5.0518,17.3100,37608.6481,-8.6000,5.1574,17.0800,34136.1408,0,509763.0000,517722.0000
2025-05-01,2025,5,Otros departamentos,9,Articulos y utensilios domesticos,0,131.8209,-3.8000,5.0518,17.3100,37608.6481,-8.6000,5.1574,17.0800,34136.1408,0,509763.0000,517722.0000
2025-05-01,2025,5,Otros departamentos,10,Aseo del hogar,0,171.0208,-3.8000,5.0518,17.3100,37608.6481,-8.6000,5.1574,17.0800,34136.1408,0,509763.0000,517722.0000
2025-05-01,2025,5,Otros departamentos,11,Informatica y telecomunicaciones,0,251.0688,-3.8000,5.0518,17.3100,37608.6481,-8.6000,5.1574,17.0800,34136.1408,0,509763.0000,517722.0000
2025-05-01,2025,5,Otros departamentos,12,Sonido y video,0,135.0822,-3.8000,5.0518,17.3100,37608.6481,-8.6000,5.1574,17.0800,34136.1408,0,509763.0000,517722.0000
2025-05-01,2025,5,Otros departamentos,14,"Ferreteria, vidrios y pinturas",0,102.6676,-3.8000,5.0518,17.3100,37608.6481,-8.6000,5.1574,17.0800,34136.1408,0,509763.0000,517722.0000
2025-05-01,2025,5,Otros departamentos,15,Otras mercancias de uso domestico,0,109.9239,-3.8000,5.0518,17.3100,37608.6481,-8.6000,5.1574,17.0800,34136.1408,0,509763.0000,517722.0000
2025-06-01,2025,6,Antioquia,4,Prendas de vestir y textiles,0,109.4404,2.2000,4.8263,17.0300,36437.2273,-3.8000,5.0518,17.3100,37608.6481,0,280987.0000,171763.0000
2025-06-01,2025,6,Antioquia,8,Electrodomesticos y muebles,1,182.2032,2.2000,4.8263,17.0300,36437.2273,-3.8000,5.0518,17.3100,37608.6481,0,280987.0000,171763.0000
2025-06-01,2025,6,Antioquia,9,Articulos y utensilios domesticos,0,151.6292,2.2000,4.8263,17.0300,36437.2273,-3.8000,5.0518,17.3100,37608.6481,0,280987.0000,171763.0000
2025-06-01,2025,6,Antioquia,10,Aseo del hogar,0,116.1154,2.2000,4.8263,17.0300,36437.2273,-3.8000,5.0518,17.3100,37608.6481,0,280987.0000,171763.0000
2025-06-01,2025,6,Antioquia,11,Informatica y telecomunicaciones,0,262.3674,2.2000,4.8263,17.0300,36437.2273,-3.8000,5.0518,17.3100,37608.6481,0,280987.0000,171763.0000
2025-06-01,2025,6,Antioquia,12,Sonido y video,0,145.7293,2.2000,4.8263,17.0300,36437.2273,-3.8000,5.0518,17.3100,37608.6481,0,280987.0000,171763.0000
2025-06-01,2025,6,Antioquia,14,"Ferreteria, vidrios y pinturas",0,100.4956,2.2000,4.8263,17.0300,36437.2273,-3.8000,5.0518,17.3100,37608.6481,0,280987.0000,171763.0000
2025-06-01,2025,6,Antioquia,15,Otras mercancias de uso domestico,0,128.4174,2.2000,4.8263,17.0300,36437.2273,-3.8000,5.0518,17.3100,37608.6481,0,280987.0000,171763.0000
2025-06-01,2025,6,Atlantico,4,Prendas de vestir y textiles,0,86.9083,2.2000,4.8263,17.0300,36437.2273,-3.8000,5.0518,17.3100,37608.6481,0,14716.0000,22790.0000
2025-06-01,2025,6,Atlantico,8,Electrodomesticos y muebles,1,111.4590,2.2000,4.8263,17.0300,36437.2273,-3.8000,5.0518,17.3100,37608.6481,0,14716.0000,22790.0000
2025-06-01,2025,6,Atlantico,9,Articulos y utensilios domesticos,0,88.8358,2.2000,4.8263,17.0300,36437.2273,-3.8000,5.0518,17.3100,37608.6481,0,14716.0000,22790.0000
2025-06-01,2025,6,Atlantico,10,Aseo del hogar,0,114.7537,2.2000,4.8263,17.0300,36437.2273,-3.8000,5.0518,17.3100,37608.6481,0,14716.0000,22790.0000
2025-06-01,2025,6,Atlantico,11,Informatica y telecomunicaciones,0,217.6961,2.2000,4.8263,17.0300,36437.2273,-3.8000,5.0518,17.3100,37608.6481,0,14716.0000,22790.0000
2025-06-01,2025,6,Atlantico,12,Sonido y video,0,117.1971,2.2000,4.8263,17.0300,36437.2273,-3.8000,5.0518,17.3100,37608.6481,0,14716.0000,22790.0000
2025-06-01,2025,6,Atlantico,14,"Ferreteria, vidrios y pinturas",0,66.4678,2.2000,4.8263,17.0300,36437.2273,-3.8000,5.0518,17.3100,37608.6481,0,14716.0000,22790.0000
2025-06-01,2025,6,Atlantico,15,Otras mercancias de uso domestico,0,102.0179,2.2000,4.8263,17.0300,36437.2273,-3.8000,5.0518,17.3100,37608.6481,0,14716.0000,22790.0000
2025-06-01,2025,6,Bogota,4,Prendas de vestir y textiles,0,140.5241,2.2000,4.8263,17.0300,36437.2273,-3.8000,5.0518,17.3100,37608.6481,0,390575.0000,140930.0000
2025-06-01,2025,6,Bogota,8,Electrodomesticos y muebles,1,144.3165,2.2000,4.8263,17.0300,36437.2273,-3.8000,5.0518,17.3100,37608.6481,0,390575.0000,140930.0000
2025-06-01,2025,6,Bogota,9,Articulos y utensilios domesticos,0,149.4354,2.2000,4.8263,17.0300,36437.2273,-3.8000,5.0518,17.3100,37608.6481,0,390575.0000,140930.0000
2025-06-01,2025,6,Bogota,10,Aseo del hogar,0,160.9291,2.2000,4.8263,17.0300,36437.2273,-3.8000,5.0518,17.3100,37608.6481,0,390575.0000,140930.0000
2025-06-01,2025,6,Bogota,11,Informatica y telecomunicaciones,0,284.6104,2.2000,4.8263,17.0300,36437.2273,-3.8000,5.0518,17.3100,37608.6481,0,390575.0000,140930.0000
2025-06-01,2025,6,Bogota,12,Sonido y video,0,193.7310,2.2000,4.8263,17.0300,36437.2273,-3.8000,5.0518,17.3100,37608.6481,0,390575.0000,140930.0000
2025-06-01,2025,6,Bogota,14,"Ferreteria, vidrios y pinturas",0,124.3228,2.2000,4.8263,17.0300,36437.2273,-3.8000,5.0518,17.3100,37608.6481,0,390575.0000,140930.0000
2025-06-01,2025,6,Bogota,15,Otras mercancias de uso domestico,0,160.0711,2.2000,4.8263,17.0300,36437.2273,-3.8000,5.0518,17.3100,37608.6481,0,390575.0000,140930.0000
2025-06-01,2025,6,Cundinamarca,4,Prendas de vestir y textiles,0,141.9860,2.2000,4.8263,17.0300,36437.2273,-3.8000,5.0518,17.3100,37608.6481,0,86530.0000,89865.0000
2025-06-01,2025,6,Cundinamarca,8,Electrodomesticos y muebles,1,180.3999,2.2000,4.8263,17.0300,36437.2273,-3.8000,5.0518,17.3100,37608.6481,0,86530.0000,89865.0000
2025-06-01,2025,6,Cundinamarca,9,Articulos y utensilios domesticos,0,198.6379,2.2000,4.8263,17.0300,36437.2273,-3.8000,5.0518,17.3100,37608.6481,0,86530.0000,89865.0000
2025-06-01,2025,6,Cundinamarca,10,Aseo del hogar,0,178.5545,2.2000,4.8263,17.0300,36437.2273,-3.8000,5.0518,17.3100,37608.6481,0,86530.0000,89865.0000
2025-06-01,2025,6,Cundinamarca,11,Informatica y telecomunicaciones,0,378.0382,2.2000,4.8263,17.0300,36437.2273,-3.8000,5.0518,17.3100,37608.6481,0,86530.0000,89865.0000
2025-06-01,2025,6,Cundinamarca,12,Sonido y video,0,228.2286,2.2000,4.8263,17.0300,36437.2273,-3.8000,5.0518,17.3100,37608.6481,0,86530.0000,89865.0000
2025-06-01,2025,6,Cundinamarca,14,"Ferreteria, vidrios y pinturas",0,132.9827,2.2000,4.8263,17.0300,36437.2273,-3.8000,5.0518,17.3100,37608.6481,0,86530.0000,89865.0000
2025-06-01,2025,6,Cundinamarca,15,Otras mercancias de uso domestico,0,139.1915,2.2000,4.8263,17.0300,36437.2273,-3.8000,5.0518,17.3100,37608.6481,0,86530.0000,89865.0000
2025-06-01,2025,6,Santander,4,Prendas de vestir y textiles,0,125.2961,2.2000,4.8263,17.0300,36437.2273,-3.8000,5.0518,17.3100,37608.6481,0,146691.0000,102410.0000
2025-06-01,2025,6,Santander,8,Electrodomesticos y muebles,1,135.5451,2.2000,4.8263,17.0300,36437.2273,-3.8000,5.0518,17.3100,37608.6481,0,146691.0000,102410.0000
2025-06-01,2025,6,Santander,9,Articulos y utensilios domesticos,0,143.2579,2.2000,4.8263,17.0300,36437.2273,-3.8000,5.0518,17.3100,37608.6481,0,146691.0000,102410.0000
2025-06-01,2025,6,Santander,10,Aseo del hogar,0,104.5958,2.2000,4.8263,17.0300,36437.2273,-3.8000,5.0518,17.3100,37608.6481,0,146691.0000,102410.0000
2025-06-01,2025,6,Santander,11,Informatica y telecomunicaciones,0,266.5436,2.2000,4.8263,17.0300,36437.2273,-3.8000,5.0518,17.3100,37608.6481,0,146691.0000,102410.0000
2025-06-01,2025,6,Santander,12,Sonido y video,0,136.9179,2.2000,4.8263,17.0300,36437.2273,-3.8000,5.0518,17.3100,37608.6481,0,146691.0000,102410.0000
2025-06-01,2025,6,Santander,14,"Ferreteria, vidrios y pinturas",0,110.6740,2.2000,4.8263,17.0300,36437.2273,-3.8000,5.0518,17.3100,37608.6481,0,146691.0000,102410.0000
2025-06-01,2025,6,Santander,15,Otras mercancias de uso domestico,0,125.4073,2.2000,4.8263,17.0300,36437.2273,-3.8000,5.0518,17.3100,37608.6481,0,146691.0000,102410.0000
2025-06-01,2025,6,Valle del Cauca,4,Prendas de vestir y textiles,0,98.5610,2.2000,4.8263,17.0300,36437.2273,-3.8000,5.0518,17.3100,37608.6481,0,119111.0000,78269.0000
2025-06-01,2025,6,Valle del Cauca,8,Electrodomesticos y muebles,1,107.6840,2.2000,4.8263,17.0300,36437.2273,-3.8000,5.0518,17.3100,37608.6481,0,119111.0000,78269.0000
2025-06-01,2025,6,Valle del Cauca,9,Articulos y utensilios domesticos,0,118.0054,2.2000,4.8263,17.0300,36437.2273,-3.8000,5.0518,17.3100,37608.6481,0,119111.0000,78269.0000
2025-06-01,2025,6,Valle del Cauca,10,Aseo del hogar,0,108.3329,2.2000,4.8263,17.0300,36437.2273,-3.8000,5.0518,17.3100,37608.6481,0,119111.0000,78269.0000
2025-06-01,2025,6,Valle del Cauca,11,Informatica y telecomunicaciones,0,230.0755,2.2000,4.8263,17.0300,36437.2273,-3.8000,5.0518,17.3100,37608.6481,0,119111.0000,78269.0000
2025-06-01,2025,6,Valle del Cauca,12,Sonido y video,0,138.9419,2.2000,4.8263,17.0300,36437.2273,-3.8000,5.0518,17.3100,37608.6481,0,119111.0000,78269.0000
2025-06-01,2025,6,Valle del Cauca,14,"Ferreteria, vidrios y pinturas",0,86.5131,2.2000,4.8263,17.0300,36437.2273,-3.8000,5.0518,17.3100,37608.6481,0,119111.0000,78269.0000
2025-06-01,2025,6,Valle del Cauca,15,Otras mercancias de uso domestico,0,102.0225,2.2000,4.8263,17.0300,36437.2273,-3.8000,5.0518,17.3100,37608.6481,0,119111.0000,78269.0000
2025-06-01,2025,6,Otros departamentos,4,Prendas de vestir y textiles,0,99.9779,2.2000,4.8263,17.0300,36437.2273,-3.8000,5.0518,17.3100,37608.6481,0,451230.0000,509763.0000
2025-06-01,2025,6,Otros departamentos,8,Electrodomesticos y muebles,1,149.6215,2.2000,4.8263,17.0300,36437.2273,-3.8000,5.0518,17.3100,37608.6481,0,451230.0000,509763.0000
2025-06-01,2025,6,Otros departamentos,9,Articulos y utensilios domesticos,0,157.6904,2.2000,4.8263,17.0300,36437.2273,-3.8000,5.0518,17.3100,37608.6481,0,451230.0000,509763.0000
2025-06-01,2025,6,Otros departamentos,10,Aseo del hogar,0,155.1981,2.2000,4.8263,17.0300,36437.2273,-3.8000,5.0518,17.3100,37608.6481,0,451230.0000,509763.0000
2025-06-01,2025,6,Otros departamentos,11,Informatica y telecomunicaciones,0,228.0186,2.2000,4.8263,17.0300,36437.2273,-3.8000,5.0518,17.3100,37608.6481,0,451230.0000,509763.0000
2025-06-01,2025,6,Otros departamentos,12,Sonido y video,0,175.8456,2.2000,4.8263,17.0300,36437.2273,-3.8000,5.0518,17.3100,37608.6481,0,451230.0000,509763.0000
2025-06-01,2025,6,Otros departamentos,14,"Ferreteria, vidrios y pinturas",0,92.5211,2.2000,4.8263,17.0300,36437.2273,-3.8000,5.0518,17.3100,37608.6481,0,451230.0000,509763.0000
2025-06-01,2025,6,Otros departamentos,15,Otras mercancias de uso domestico,0,97.8102,2.2000,4.8263,17.0300,36437.2273,-3.8000,5.0518,17.3100,37608.6481,0,451230.0000,509763.0000
2025-07-01,2025,7,Antioquia,4,Prendas de vestir y textiles,0,95.1835,5.3000,4.9001,16.5200,49454.0321,2.2000,4.8263,17.0300,36437.2273,0,300539.0000,280987.0000
2025-07-01,2025,7,Antioquia,8,Electrodomesticos y muebles,1,175.0864,5.3000,4.9001,16.5200,49454.0321,2.2000,4.8263,17.0300,36437.2273,0,300539.0000,280987.0000
2025-07-01,2025,7,Antioquia,9,Articulos y utensilios domesticos,0,134.4156,5.3000,4.9001,16.5200,49454.0321,2.2000,4.8263,17.0300,36437.2273,0,300539.0000,280987.0000
2025-07-01,2025,7,Antioquia,10,Aseo del hogar,0,121.7598,5.3000,4.9001,16.5200,49454.0321,2.2000,4.8263,17.0300,36437.2273,0,300539.0000,280987.0000
2025-07-01,2025,7,Antioquia,11,Informatica y telecomunicaciones,0,288.5891,5.3000,4.9001,16.5200,49454.0321,2.2000,4.8263,17.0300,36437.2273,0,300539.0000,280987.0000
2025-07-01,2025,7,Antioquia,12,Sonido y video,0,186.5543,5.3000,4.9001,16.5200,49454.0321,2.2000,4.8263,17.0300,36437.2273,0,300539.0000,280987.0000
2025-07-01,2025,7,Antioquia,14,"Ferreteria, vidrios y pinturas",0,120.4548,5.3000,4.9001,16.5200,49454.0321,2.2000,4.8263,17.0300,36437.2273,0,300539.0000,280987.0000
2025-07-01,2025,7,Antioquia,15,Otras mercancias de uso domestico,0,132.6347,5.3000,4.9001,16.5200,49454.0321,2.2000,4.8263,17.0300,36437.2273,0,300539.0000,280987.0000
2025-07-01,2025,7,Atlantico,4,Prendas de vestir y textiles,0,75.7335,5.3000,4.9001,16.5200,49454.0321,2.2000,4.8263,17.0300,36437.2273,0,98337.0000,14716.0000
2025-07-01,2025,7,Atlantico,8,Electrodomesticos y muebles,1,151.0566,5.3000,4.9001,16.5200,49454.0321,2.2000,4.8263,17.0300,36437.2273,0,98337.0000,14716.0000
2025-07-01,2025,7,Atlantico,9,Articulos y utensilios domesticos,0,126.1672,5.3000,4.9001,16.5200,49454.0321,2.2000,4.8263,17.0300,36437.2273,0,98337.0000,14716.0000
2025-07-01,2025,7,Atlantico,10,Aseo del hogar,0,121.4299,5.3000,4.9001,16.5200,49454.0321,2.2000,4.8263,17.0300,36437.2273,0,98337.0000,14716.0000
2025-07-01,2025,7,Atlantico,11,Informatica y telecomunicaciones,0,252.1028,5.3000,4.9001,16.5200,49454.0321,2.2000,4.8263,17.0300,36437.2273,0,98337.0000,14716.0000
2025-07-01,2025,7,Atlantico,12,Sonido y video,0,117.8320,5.3000,4.9001,16.5200,49454.0321,2.2000,4.8263,17.0300,36437.2273,0,98337.0000,14716.0000
2025-07-01,2025,7,Atlantico,14,"Ferreteria, vidrios y pinturas",0,91.1965,5.3000,4.9001,16.5200,49454.0321,2.2000,4.8263,17.0300,36437.2273,0,98337.0000,14716.0000
2025-07-01,2025,7,Atlantico,15,Otras mercancias de uso domestico,0,121.4594,5.3000,4.9001,16.5200,49454.0321,2.2000,4.8263,17.0300,36437.2273,0,98337.0000,14716.0000
2025-07-01,2025,7,Bogota,4,Prendas de vestir y textiles,0,122.4925,5.3000,4.9001,16.5200,49454.0321,2.2000,4.8263,17.0300,36437.2273,0,376320.0000,390575.0000
2025-07-01,2025,7,Bogota,8,Electrodomesticos y muebles,1,161.5562,5.3000,4.9001,16.5200,49454.0321,2.2000,4.8263,17.0300,36437.2273,0,376320.0000,390575.0000
2025-07-01,2025,7,Bogota,9,Articulos y utensilios domesticos,0,156.6714,5.3000,4.9001,16.5200,49454.0321,2.2000,4.8263,17.0300,36437.2273,0,376320.0000,390575.0000
2025-07-01,2025,7,Bogota,10,Aseo del hogar,0,145.9869,5.3000,4.9001,16.5200,49454.0321,2.2000,4.8263,17.0300,36437.2273,0,376320.0000,390575.0000
2025-07-01,2025,7,Bogota,11,Informatica y telecomunicaciones,0,291.5624,5.3000,4.9001,16.5200,49454.0321,2.2000,4.8263,17.0300,36437.2273,0,376320.0000,390575.0000
2025-07-01,2025,7,Bogota,12,Sonido y video,0,207.6345,5.3000,4.9001,16.5200,49454.0321,2.2000,4.8263,17.0300,36437.2273,0,376320.0000,390575.0000
2025-07-01,2025,7,Bogota,14,"Ferreteria, vidrios y pinturas",0,130.8630,5.3000,4.9001,16.5200,49454.0321,2.2000,4.8263,17.0300,36437.2273,0,376320.0000,390575.0000
2025-07-01,2025,7,Bogota,15,Otras mercancias de uso domestico,0,156.8199,5.3000,4.9001,16.5200,49454.0321,2.2000,4.8263,17.0300,36437.2273,0,376320.0000,390575.0000
2025-07-01,2025,7,Cundinamarca,4,Prendas de vestir y textiles,0,126.2641,5.3000,4.9001,16.5200,49454.0321,2.2000,4.8263,17.0300,36437.2273,0,133843.0000,86530.0000
2025-07-01,2025,7,Cundinamarca,8,Electrodomesticos y muebles,1,183.0630,5.3000,4.9001,16.5200,49454.0321,2.2000,4.8263,17.0300,36437.2273,0,133843.0000,86530.0000
2025-07-01,2025,7,Cundinamarca,9,Articulos y utensilios domesticos,0,182.8794,5.3000,4.9001,16.5200,49454.0321,2.2000,4.8263,17.0300,36437.2273,0,133843.0000,86530.0000
2025-07-01,2025,7,Cundinamarca,10,Aseo del hogar,0,156.0525,5.3000,4.9001,16.5200,49454.0321,2.2000,4.8263,17.0300,36437.2273,0,133843.0000,86530.0000
2025-07-01,2025,7,Cundinamarca,11,Informatica y telecomunicaciones,0,358.8131,5.3000,4.9001,16.5200,49454.0321,2.2000,4.8263,17.0300,36437.2273,0,133843.0000,86530.0000
2025-07-01,2025,7,Cundinamarca,12,Sonido y video,0,263.0896,5.3000,4.9001,16.5200,49454.0321,2.2000,4.8263,17.0300,36437.2273,0,133843.0000,86530.0000
2025-07-01,2025,7,Cundinamarca,14,"Ferreteria, vidrios y pinturas",0,165.3274,5.3000,4.9001,16.5200,49454.0321,2.2000,4.8263,17.0300,36437.2273,0,133843.0000,86530.0000
2025-07-01,2025,7,Cundinamarca,15,Otras mercancias de uso domestico,0,144.4544,5.3000,4.9001,16.5200,49454.0321,2.2000,4.8263,17.0300,36437.2273,0,133843.0000,86530.0000
2025-07-01,2025,7,Santander,4,Prendas de vestir y textiles,0,113.4291,5.3000,4.9001,16.5200,49454.0321,2.2000,4.8263,17.0300,36437.2273,0,50799.0000,146691.0000
2025-07-01,2025,7,Santander,8,Electrodomesticos y muebles,1,145.5638,5.3000,4.9001,16.5200,49454.0321,2.2000,4.8263,17.0300,36437.2273,0,50799.0000,146691.0000
2025-07-01,2025,7,Santander,9,Articulos y utensilios domesticos,0,161.0526,5.3000,4.9001,16.5200,49454.0321,2.2000,4.8263,17.0300,36437.2273,0,50799.0000,146691.0000
2025-07-01,2025,7,Santander,10,Aseo del hogar,0,109.9193,5.3000,4.9001,16.5200,49454.0321,2.2000,4.8263,17.0300,36437.2273,0,50799.0000,146691.0000
2025-07-01,2025,7,Santander,11,Informatica y telecomunicaciones,0,349.3758,5.3000,4.9001,16.5200,49454.0321,2.2000,4.8263,17.0300,36437.2273,0,50799.0000,146691.0000
2025-07-01,2025,7,Santander,12,Sonido y video,0,135.1363,5.3000,4.9001,16.5200,49454.0321,2.2000,4.8263,17.0300,36437.2273,0,50799.0000,146691.0000
2025-07-01,2025,7,Santander,14,"Ferreteria, vidrios y pinturas",0,125.0208,5.3000,4.9001,16.5200,49454.0321,2.2000,4.8263,17.0300,36437.2273,0,50799.0000,146691.0000
2025-07-01,2025,7,Santander,15,Otras mercancias de uso domestico,0,112.9019,5.3000,4.9001,16.5200,49454.0321,2.2000,4.8263,17.0300,36437.2273,0,50799.0000,146691.0000
2025-07-01,2025,7,Valle del Cauca,4,Prendas de vestir y textiles,0,90.4855,5.3000,4.9001,16.5200,49454.0321,2.2000,4.8263,17.0300,36437.2273,0,198808.0000,119111.0000
2025-07-01,2025,7,Valle del Cauca,8,Electrodomesticos y muebles,1,146.1729,5.3000,4.9001,16.5200,49454.0321,2.2000,4.8263,17.0300,36437.2273,0,198808.0000,119111.0000
2025-07-01,2025,7,Valle del Cauca,9,Articulos y utensilios domesticos,0,145.4948,5.3000,4.9001,16.5200,49454.0321,2.2000,4.8263,17.0300,36437.2273,0,198808.0000,119111.0000
2025-07-01,2025,7,Valle del Cauca,10,Aseo del hogar,0,113.0707,5.3000,4.9001,16.5200,49454.0321,2.2000,4.8263,17.0300,36437.2273,0,198808.0000,119111.0000
2025-07-01,2025,7,Valle del Cauca,11,Informatica y telecomunicaciones,0,272.8213,5.3000,4.9001,16.5200,49454.0321,2.2000,4.8263,17.0300,36437.2273,0,198808.0000,119111.0000
2025-07-01,2025,7,Valle del Cauca,12,Sonido y video,0,140.4120,5.3000,4.9001,16.5200,49454.0321,2.2000,4.8263,17.0300,36437.2273,0,198808.0000,119111.0000
2025-07-01,2025,7,Valle del Cauca,14,"Ferreteria, vidrios y pinturas",0,99.2467,5.3000,4.9001,16.5200,49454.0321,2.2000,4.8263,17.0300,36437.2273,0,198808.0000,119111.0000
2025-07-01,2025,7,Valle del Cauca,15,Otras mercancias de uso domestico,0,113.2051,5.3000,4.9001,16.5200,49454.0321,2.2000,4.8263,17.0300,36437.2273,0,198808.0000,119111.0000
2025-07-01,2025,7,Otros departamentos,4,Prendas de vestir y textiles,0,102.3688,5.3000,4.9001,16.5200,49454.0321,2.2000,4.8263,17.0300,36437.2273,0,440912.0000,451230.0000
2025-07-01,2025,7,Otros departamentos,8,Electrodomesticos y muebles,1,170.2235,5.3000,4.9001,16.5200,49454.0321,2.2000,4.8263,17.0300,36437.2273,0,440912.0000,451230.0000
2025-07-01,2025,7,Otros departamentos,9,Articulos y utensilios domesticos,0,163.7068,5.3000,4.9001,16.5200,49454.0321,2.2000,4.8263,17.0300,36437.2273,0,440912.0000,451230.0000
2025-07-01,2025,7,Otros departamentos,10,Aseo del hogar,0,169.8558,5.3000,4.9001,16.5200,49454.0321,2.2000,4.8263,17.0300,36437.2273,0,440912.0000,451230.0000
2025-07-01,2025,7,Otros departamentos,11,Informatica y telecomunicaciones,0,242.2598,5.3000,4.9001,16.5200,49454.0321,2.2000,4.8263,17.0300,36437.2273,0,440912.0000,451230.0000
2025-07-01,2025,7,Otros departamentos,12,Sonido y video,0,170.0173,5.3000,4.9001,16.5200,49454.0321,2.2000,4.8263,17.0300,36437.2273,0,440912.0000,451230.0000
2025-07-01,2025,7,Otros departamentos,14,"Ferreteria, vidrios y pinturas",0,116.0735,5.3000,4.9001,16.5200,49454.0321,2.2000,4.8263,17.0300,36437.2273,0,440912.0000,451230.0000
2025-07-01,2025,7,Otros departamentos,15,Otras mercancias de uso domestico,0,102.8531,5.3000,4.9001,16.5200,49454.0321,2.2000,4.8263,17.0300,36437.2273,0,440912.0000,451230.0000
2025-08-01,2025,8,Antioquia,4,Prendas de vestir y textiles,0,72.8358,-2.4000,5.0950,16.7800,45577.5255,5.3000,4.9001,16.5200,49454.0321,0,283929.0000,300539.0000
2025-08-01,2025,8,Antioquia,8,Electrodomesticos y muebles,1,193.8654,-2.4000,5.0950,16.7800,45577.5255,5.3000,4.9001,16.5200,49454.0321,0,283929.0000,300539.0000
2025-08-01,2025,8,Antioquia,9,Articulos y utensilios domesticos,0,140.6903,-2.4000,5.0950,16.7800,45577.5255,5.3000,4.9001,16.5200,49454.0321,0,283929.0000,300539.0000
2025-08-01,2025,8,Antioquia,10,Aseo del hogar,0,122.9020,-2.4000,5.0950,16.7800,45577.5255,5.3000,4.9001,16.5200,49454.0321,0,283929.0000,300539.0000
2025-08-01,2025,8,Antioquia,11,Informatica y telecomunicaciones,0,321.5364,-2.4000,5.0950,16.7800,45577.5255,5.3000,4.9001,16.5200,49454.0321,0,283929.0000,300539.0000
2025-08-01,2025,8,Antioquia,12,Sonido y video,0,183.2885,-2.4000,5.0950,16.7800,45577.5255,5.3000,4.9001,16.5200,49454.0321,0,283929.0000,300539.0000
2025-08-01,2025,8,Antioquia,14,"Ferreteria, vidrios y pinturas",0,106.6301,-2.4000,5.0950,16.7800,45577.5255,5.3000,4.9001,16.5200,49454.0321,0,283929.0000,300539.0000
2025-08-01,2025,8,Antioquia,15,Otras mercancias de uso domestico,0,138.2518,-2.4000,5.0950,16.7800,45577.5255,5.3000,4.9001,16.5200,49454.0321,0,283929.0000,300539.0000
2025-08-01,2025,8,Atlantico,4,Prendas de vestir y textiles,0,69.0481,-2.4000,5.0950,16.7800,45577.5255,5.3000,4.9001,16.5200,49454.0321,0,16673.0000,98337.0000
2025-08-01,2025,8,Atlantico,8,Electrodomesticos y muebles,1,157.8284,-2.4000,5.0950,16.7800,45577.5255,5.3000,4.9001,16.5200,49454.0321,0,16673.0000,98337.0000
2025-08-01,2025,8,Atlantico,9,Articulos y utensilios domesticos,0,131.7193,-2.4000,5.0950,16.7800,45577.5255,5.3000,4.9001,16.5200,49454.0321,0,16673.0000,98337.0000
2025-08-01,2025,8,Atlantico,10,Aseo del hogar,0,144.5230,-2.4000,5.0950,16.7800,45577.5255,5.3000,4.9001,16.5200,49454.0321,0,16673.0000,98337.0000
2025-08-01,2025,8,Atlantico,11,Informatica y telecomunicaciones,0,239.7176,-2.4000,5.0950,16.7800,45577.5255,5.3000,4.9001,16.5200,49454.0321,0,16673.0000,98337.0000
2025-08-01,2025,8,Atlantico,12,Sonido y video,0,112.4595,-2.4000,5.0950,16.7800,45577.5255,5.3000,4.9001,16.5200,49454.0321,0,16673.0000,98337.0000
2025-08-01,2025,8,Atlantico,14,"Ferreteria, vidrios y pinturas",0,109.7096,-2.4000,5.0950,16.7800,45577.5255,5.3000,4.9001,16.5200,49454.0321,0,16673.0000,98337.0000
2025-08-01,2025,8,Atlantico,15,Otras mercancias de uso domestico,0,118.2009,-2.4000,5.0950,16.7800,45577.5255,5.3000,4.9001,16.5200,49454.0321,0,16673.0000,98337.0000
2025-08-01,2025,8,Bogota,4,Prendas de vestir y textiles,0,107.9218,-2.4000,5.0950,16.7800,45577.5255,5.3000,4.9001,16.5200,49454.0321,0,123105.0000,376320.0000
2025-08-01,2025,8,Bogota,8,Electrodomesticos y muebles,1,177.4178,-2.4000,5.0950,16.7800,45577.5255,5.3000,4.9001,16.5200,49454.0321,0,123105.0000,376320.0000
2025-08-01,2025,8,Bogota,9,Articulos y utensilios domesticos,0,193.9276,-2.4000,5.0950,16.7800,45577.5255,5.3000,4.9001,16.5200,49454.0321,0,123105.0000,376320.0000
2025-08-01,2025,8,Bogota,10,Aseo del hogar,0,152.5382,-2.4000,5.0950,16.7800,45577.5255,5.3000,4.9001,16.5200,49454.0321,0,123105.0000,376320.0000
2025-08-01,2025,8,Bogota,11,Informatica y telecomunicaciones,0,329.7941,-2.4000,5.0950,16.7800,45577.5255,5.3000,4.9001,16.5200,49454.0321,0,123105.0000,376320.0000
2025-08-01,2025,8,Bogota,12,Sonido y video,0,231.9630,-2.4000,5.0950,16.7800,45577.5255,5.3000,4.9001,16.5200,49454.0321,0,123105.0000,376320.0000
2025-08-01,2025,8,Bogota,14,"Ferreteria, vidrios y pinturas",0,139.0780,-2.4000,5.0950,16.7800,45577.5255,5.3000,4.9001,16.5200,49454.0321,0,123105.0000,376320.0000
2025-08-01,2025,8,Bogota,15,Otras mercancias de uso domestico,0,174.0043,-2.4000,5.0950,16.7800,45577.5255,5.3000,4.9001,16.5200,49454.0321,0,123105.0000,376320.0000
2025-08-01,2025,8,Cundinamarca,4,Prendas de vestir y textiles,0,129.5775,-2.4000,5.0950,16.7800,45577.5255,5.3000,4.9001,16.5200,49454.0321,0,101062.0000,133843.0000
2025-08-01,2025,8,Cundinamarca,8,Electrodomesticos y muebles,1,192.4256,-2.4000,5.0950,16.7800,45577.5255,5.3000,4.9001,16.5200,49454.0321,0,101062.0000,133843.0000
2025-08-01,2025,8,Cundinamarca,9,Articulos y utensilios domesticos,0,179.4541,-2.4000,5.0950,16.7800,45577.5255,5.3000,4.9001,16.5200,49454.0321,0,101062.0000,133843.0000
2025-08-01,2025,8,Cundinamarca,10,Aseo del hogar,0,188.1589,-2.4000,5.0950,16.7800,45577.5255,5.3000,4.9001,16.5200,49454.0321,0,101062.0000,133843.0000
2025-08-01,2025,8,Cundinamarca,11,Informatica y telecomunicaciones,0,377.7614,-2.4000,5.0950,16.7800,45577.5255,5.3000,4.9001,16.5200,49454.0321,0,101062.0000,133843.0000
2025-08-01,2025,8,Cundinamarca,12,Sonido y video,0,258.6208,-2.4000,5.0950,16.7800,45577.5255,5.3000,4.9001,16.5200,49454.0321,0,101062.0000,133843.0000
2025-08-01,2025,8,Cundinamarca,14,"Ferreteria, vidrios y pinturas",0,147.9078,-2.4000,5.0950,16.7800,45577.5255,5.3000,4.9001,16.5200,49454.0321,0,101062.0000,133843.0000
2025-08-01,2025,8,Cundinamarca,15,Otras mercancias de uso domestico,0,138.8171,-2.4000,5.0950,16.7800,45577.5255,5.3000,4.9001,16.5200,49454.0321,0,101062.0000,133843.0000
2025-08-01,2025,8,Santander,4,Prendas de vestir y textiles,0,103.6495,-2.4000,5.0950,16.7800,45577.5255,5.3000,4.9001,16.5200,49454.0321,0,46690.0000,50799.0000
2025-08-01,2025,8,Santander,8,Electrodomesticos y muebles,1,157.3203,-2.4000,5.0950,16.7800,45577.5255,5.3000,4.9001,16.5200,49454.0321,0,46690.0000,50799.0000
2025-08-01,2025,8,Santander,9,Articulos y utensilios domesticos,0,188.6236,-2.4000,5.0950,16.7800,45577.5255,5.3000,4.9001,16.5200,49454.0321,0,46690.0000,50799.0000
2025-08-01,2025,8,Santander,10,Aseo del hogar,0,110.2659,-2.4000,5.0950,16.7800,45577.5255,5.3000,4.9001,16.5200,49454.0321,0,46690.0000,50799.0000
2025-08-01,2025,8,Santander,11,Informatica y telecomunicaciones,0,384.1772,-2.4000,5.0950,16.7800,45577.5255,5.3000,4.9001,16.5200,49454.0321,0,46690.0000,50799.0000
2025-08-01,2025,8,Santander,12,Sonido y video,0,146.2775,-2.4000,5.0950,16.7800,45577.5255,5.3000,4.9001,16.5200,49454.0321,0,46690.0000,50799.0000
2025-08-01,2025,8,Santander,14,"Ferreteria, vidrios y pinturas",0,119.1004,-2.4000,5.0950,16.7800,45577.5255,5.3000,4.9001,16.5200,49454.0321,0,46690.0000,50799.0000
2025-08-01,2025,8,Santander,15,Otras mercancias de uso domestico,0,117.0702,-2.4000,5.0950,16.7800,45577.5255,5.3000,4.9001,16.5200,49454.0321,0,46690.0000,50799.0000
2025-08-01,2025,8,Valle del Cauca,4,Prendas de vestir y textiles,0,94.0853,-2.4000,5.0950,16.7800,45577.5255,5.3000,4.9001,16.5200,49454.0321,0,152558.0000,198808.0000
2025-08-01,2025,8,Valle del Cauca,8,Electrodomesticos y muebles,1,139.0520,-2.4000,5.0950,16.7800,45577.5255,5.3000,4.9001,16.5200,49454.0321,0,152558.0000,198808.0000
2025-08-01,2025,8,Valle del Cauca,9,Articulos y utensilios domesticos,0,125.3135,-2.4000,5.0950,16.7800,45577.5255,5.3000,4.9001,16.5200,49454.0321,0,152558.0000,198808.0000
2025-08-01,2025,8,Valle del Cauca,10,Aseo del hogar,0,131.1360,-2.4000,5.0950,16.7800,45577.5255,5.3000,4.9001,16.5200,49454.0321,0,152558.0000,198808.0000
2025-08-01,2025,8,Valle del Cauca,11,Informatica y telecomunicaciones,0,328.3207,-2.4000,5.0950,16.7800,45577.5255,5.3000,4.9001,16.5200,49454.0321,0,152558.0000,198808.0000
2025-08-01,2025,8,Valle del Cauca,12,Sonido y video,0,148.6136,-2.4000,5.0950,16.7800,45577.5255,5.3000,4.9001,16.5200,49454.0321,0,152558.0000,198808.0000
2025-08-01,2025,8,Valle del Cauca,14,"Ferreteria, vidrios y pinturas",0,93.9851,-2.4000,5.0950,16.7800,45577.5255,5.3000,4.9001,16.5200,49454.0321,0,152558.0000,198808.0000
2025-08-01,2025,8,Valle del Cauca,15,Otras mercancias de uso domestico,0,99.9542,-2.4000,5.0950,16.7800,45577.5255,5.3000,4.9001,16.5200,49454.0321,0,152558.0000,198808.0000
2025-08-01,2025,8,Otros departamentos,4,Prendas de vestir y textiles,0,108.7479,-2.4000,5.0950,16.7800,45577.5255,5.3000,4.9001,16.5200,49454.0321,0,409141.0000,440912.0000
2025-08-01,2025,8,Otros departamentos,8,Electrodomesticos y muebles,1,167.2777,-2.4000,5.0950,16.7800,45577.5255,5.3000,4.9001,16.5200,49454.0321,0,409141.0000,440912.0000
2025-08-01,2025,8,Otros departamentos,9,Articulos y utensilios domesticos,0,148.8535,-2.4000,5.0950,16.7800,45577.5255,5.3000,4.9001,16.5200,49454.0321,0,409141.0000,440912.0000
2025-08-01,2025,8,Otros departamentos,10,Aseo del hogar,0,159.2440,-2.4000,5.0950,16.7800,45577.5255,5.3000,4.9001,16.5200,49454.0321,0,409141.0000,440912.0000
2025-08-01,2025,8,Otros departamentos,11,Informatica y telecomunicaciones,0,351.5921,-2.4000,5.0950,16.7800,45577.5255,5.3000,4.9001,16.5200,49454.0321,0,409141.0000,440912.0000
2025-08-01,2025,8,Otros departamentos,12,Sonido y video,0,182.5603,-2.4000,5.0950,16.7800,45577.5255,5.3000,4.9001,16.5200,49454.0321,0,409141.0000,440912.0000
2025-08-01,2025,8,Otros departamentos,14,"Ferreteria, vidrios y pinturas",0,104.5698,-2.4000,5.0950,16.7800,45577.5255,5.3000,4.9001,16.5200,49454.0321,0,409141.0000,440912.0000
2025-08-01,2025,8,Otros departamentos,15,Otras mercancias de uso domestico,0,99.8458,-2.4000,5.0950,16.7800,45577.5255,5.3000,4.9001,16.5200,49454.0321,0,409141.0000,440912.0000
2025-09-01,2025,9,Antioquia,4,Prendas de vestir y textiles,0,70.1602,1.6000,5.1798,16.6700,46624.5969,-2.4000,5.0950,16.7800,45577.5255,0,328564.0000,283929.0000
2025-09-01,2025,9,Antioquia,8,Electrodomesticos y muebles,1,169.4903,1.6000,5.1798,16.6700,46624.5969,-2.4000,5.0950,16.7800,45577.5255,0,328564.0000,283929.0000
2025-09-01,2025,9,Antioquia,9,Articulos y utensilios domesticos,0,133.5587,1.6000,5.1798,16.6700,46624.5969,-2.4000,5.0950,16.7800,45577.5255,0,328564.0000,283929.0000
2025-09-01,2025,9,Antioquia,10,Aseo del hogar,0,103.0434,1.6000,5.1798,16.6700,46624.5969,-2.4000,5.0950,16.7800,45577.5255,0,328564.0000,283929.0000
2025-09-01,2025,9,Antioquia,11,Informatica y telecomunicaciones,0,279.3656,1.6000,5.1798,16.6700,46624.5969,-2.4000,5.0950,16.7800,45577.5255,0,328564.0000,283929.0000
2025-09-01,2025,9,Antioquia,12,Sonido y video,0,152.7569,1.6000,5.1798,16.6700,46624.5969,-2.4000,5.0950,16.7800,45577.5255,0,328564.0000,283929.0000
2025-09-01,2025,9,Antioquia,14,"Ferreteria, vidrios y pinturas",0,100.0524,1.6000,5.1798,16.6700,46624.5969,-2.4000,5.0950,16.7800,45577.5255,0,328564.0000,283929.0000
2025-09-01,2025,9,Antioquia,15,Otras mercancias de uso domestico,0,118.6973,1.6000,5.1798,16.6700,46624.5969,-2.4000,5.0950,16.7800,45577.5255,0,328564.0000,283929.0000
2025-09-01,2025,9,Atlantico,4,Prendas de vestir y textiles,0,62.7333,1.6000,5.1798,16.6700,46624.5969,-2.4000,5.0950,16.7800,45577.5255,0,30787.0000,16673.0000
2025-09-01,2025,9,Atlantico,8,Electrodomesticos y muebles,1,134.2302,1.6000,5.1798,16.6700,46624.5969,-2.4000,5.0950,16.7800,45577.5255,0,30787.0000,16673.0000
2025-09-01,2025,9,Atlantico,9,Articulos y utensilios domesticos,0,124.4121,1.6000,5.1798,16.6700,46624.5969,-2.4000,5.0950,16.7800,45577.5255,0,30787.0000,16673.0000
2025-09-01,2025,9,Atlantico,10,Aseo del hogar,0,133.2390,1.6000,5.1798,16.6700,46624.5969,-2.4000,5.0950,16.7800,45577.5255,0,30787.0000,16673.0000
2025-09-01,2025,9,Atlantico,11,Informatica y telecomunicaciones,0,216.4227,1.6000,5.1798,16.6700,46624.5969,-2.4000,5.0950,16.7800,45577.5255,0,30787.0000,16673.0000
2025-09-01,2025,9,Atlantico,12,Sonido y video,0,108.9158,1.6000,5.1798,16.6700,46624.5969,-2.4000,5.0950,16.7800,45577.5255,0,30787.0000,16673.0000
2025-09-01,2025,9,Atlantico,14,"Ferreteria, vidrios y pinturas",0,95.2157,1.6000,5.1798,16.6700,46624.5969,-2.4000,5.0950,16.7800,45577.5255,0,30787.0000,16673.0000
2025-09-01,2025,9,Atlantico,15,Otras mercancias de uso domestico,0,110.2416,1.6000,5.1798,16.6700,46624.5969,-2.4000,5.0950,16.7800,45577.5255,0,30787.0000,16673.0000
2025-09-01,2025,9,Bogota,4,Prendas de vestir y textiles,0,121.4851,1.6000,5.1798,16.6700,46624.5969,-2.4000,5.0950,16.7800,45577.5255,0,278672.0000,123105.0000
2025-09-01,2025,9,Bogota,8,Electrodomesticos y muebles,1,175.0383,1.6000,5.1798,16.6700,46624.5969,-2.4000,5.0950,16.7800,45577.5255,0,278672.0000,123105.0000
2025-09-01,2025,9,Bogota,9,Articulos y utensilios domesticos,0,158.2204,1.6000,5.1798,16.6700,46624.5969,-2.4000,5.0950,16.7800,45577.5255,0,278672.0000,123105.0000
2025-09-01,2025,9,Bogota,10,Aseo del hogar,0,150.5407,1.6000,5.1798,16.6700,46624.5969,-2.4000,5.0950,16.7800,45577.5255,0,278672.0000,123105.0000
2025-09-01,2025,9,Bogota,11,Informatica y telecomunicaciones,0,327.5398,1.6000,5.1798,16.6700,46624.5969,-2.4000,5.0950,16.7800,45577.5255,0,278672.0000,123105.0000
2025-09-01,2025,9,Bogota,12,Sonido y video,0,232.2383,1.6000,5.1798,16.6700,46624.5969,-2.4000,5.0950,16.7800,45577.5255,0,278672.0000,123105.0000
2025-09-01,2025,9,Bogota,14,"Ferreteria, vidrios y pinturas",0,162.9823,1.6000,5.1798,16.6700,46624.5969,-2.4000,5.0950,16.7800,45577.5255,0,278672.0000,123105.0000
2025-09-01,2025,9,Bogota,15,Otras mercancias de uso domestico,0,153.6196,1.6000,5.1798,16.6700,46624.5969,-2.4000,5.0950,16.7800,45577.5255,0,278672.0000,123105.0000
2025-09-01,2025,9,Cundinamarca,4,Prendas de vestir y textiles,0,128.7245,1.6000,5.1798,16.6700,46624.5969,-2.4000,5.0950,16.7800,45577.5255,0,88867.0000,101062.0000
2025-09-01,2025,9,Cundinamarca,8,Electrodomesticos y muebles,1,149.8168,1.6000,5.1798,16.6700,46624.5969,-2.4000,5.0950,16.7800,45577.5255,0,88867.0000,101062.0000
2025-09-01,2025,9,Cundinamarca,9,Articulos y utensilios domesticos,0,179.4457,1.6000,5.1798,16.6700,46624.5969,-2.4000,5.0950,16.7800,45577.5255,0,88867.0000,101062.0000
2025-09-01,2025,9,Cundinamarca,10,Aseo del hogar,0,177.7721,1.6000,5.1798,16.6700,46624.5969,-2.4000,5.0950,16.7800,45577.5255,0,88867.0000,101062.0000
2025-09-01,2025,9,Cundinamarca,11,Informatica y telecomunicaciones,0,268.0181,1.6000,5.1798,16.6700,46624.5969,-2.4000,5.0950,16.7800,45577.5255,0,88867.0000,101062.0000
2025-09-01,2025,9,Cundinamarca,12,Sonido y video,0,202.5936,1.6000,5.1798,16.6700,46624.5969,-2.4000,5.0950,16.7800,45577.5255,0,88867.0000,101062.0000
2025-09-01,2025,9,Cundinamarca,14,"Ferreteria, vidrios y pinturas",0,146.4303,1.6000,5.1798,16.6700,46624.5969,-2.4000,5.0950,16.7800,45577.5255,0,88867.0000,101062.0000
2025-09-01,2025,9,Cundinamarca,15,Otras mercancias de uso domestico,0,136.4959,1.6000,5.1798,16.6700,46624.5969,-2.4000,5.0950,16.7800,45577.5255,0,88867.0000,101062.0000
2025-09-01,2025,9,Santander,4,Prendas de vestir y textiles,0,88.3046,1.6000,5.1798,16.6700,46624.5969,-2.4000,5.0950,16.7800,45577.5255,0,64941.0000,46690.0000
2025-09-01,2025,9,Santander,8,Electrodomesticos y muebles,1,102.9562,1.6000,5.1798,16.6700,46624.5969,-2.4000,5.0950,16.7800,45577.5255,0,64941.0000,46690.0000
2025-09-01,2025,9,Santander,9,Articulos y utensilios domesticos,0,163.6201,1.6000,5.1798,16.6700,46624.5969,-2.4000,5.0950,16.7800,45577.5255,0,64941.0000,46690.0000
2025-09-01,2025,9,Santander,10,Aseo del hogar,0,111.5969,1.6000,5.1798,16.6700,46624.5969,-2.4000,5.0950,16.7800,45577.5255,0,64941.0000,46690.0000
2025-09-01,2025,9,Santander,11,Informatica y telecomunicaciones,0,257.7529,1.6000,5.1798,16.6700,46624.5969,-2.4000,5.0950,16.7800,45577.5255,0,64941.0000,46690.0000
2025-09-01,2025,9,Santander,12,Sonido y video,0,120.7232,1.6000,5.1798,16.6700,46624.5969,-2.4000,5.0950,16.7800,45577.5255,0,64941.0000,46690.0000
2025-09-01,2025,9,Santander,14,"Ferreteria, vidrios y pinturas",0,108.1316,1.6000,5.1798,16.6700,46624.5969,-2.4000,5.0950,16.7800,45577.5255,0,64941.0000,46690.0000
2025-09-01,2025,9,Santander,15,Otras mercancias de uso domestico,0,107.0568,1.6000,5.1798,16.6700,46624.5969,-2.4000,5.0950,16.7800,45577.5255,0,64941.0000,46690.0000
2025-09-01,2025,9,Valle del Cauca,4,Prendas de vestir y textiles,0,80.9504,1.6000,5.1798,16.6700,46624.5969,-2.4000,5.0950,16.7800,45577.5255,0,137788.0000,152558.0000
2025-09-01,2025,9,Valle del Cauca,8,Electrodomesticos y muebles,1,88.8491,1.6000,5.1798,16.6700,46624.5969,-2.4000,5.0950,16.7800,45577.5255,0,137788.0000,152558.0000
2025-09-01,2025,9,Valle del Cauca,9,Articulos y utensilios domesticos,0,129.8873,1.6000,5.1798,16.6700,46624.5969,-2.4000,5.0950,16.7800,45577.5255,0,137788.0000,152558.0000
2025-09-01,2025,9,Valle del Cauca,10,Aseo del hogar,0,114.9020,1.6000,5.1798,16.6700,46624.5969,-2.4000,5.0950,16.7800,45577.5255,0,137788.0000,152558.0000
2025-09-01,2025,9,Valle del Cauca,11,Informatica y telecomunicaciones,0,218.0109,1.6000,5.1798,16.6700,46624.5969,-2.4000,5.0950,16.7800,45577.5255,0,137788.0000,152558.0000
2025-09-01,2025,9,Valle del Cauca,12,Sonido y video,0,92.4180,1.6000,5.1798,16.6700,46624.5969,-2.4000,5.0950,16.7800,45577.5255,0,137788.0000,152558.0000
2025-09-01,2025,9,Valle del Cauca,14,"Ferreteria, vidrios y pinturas",0,97.2660,1.6000,5.1798,16.6700,46624.5969,-2.4000,5.0950,16.7800,45577.5255,0,137788.0000,152558.0000
2025-09-01,2025,9,Valle del Cauca,15,Otras mercancias de uso domestico,0,103.5340,1.6000,5.1798,16.6700,46624.5969,-2.4000,5.0950,16.7800,45577.5255,0,137788.0000,152558.0000
2025-09-01,2025,9,Otros departamentos,4,Prendas de vestir y textiles,0,98.7169,1.6000,5.1798,16.6700,46624.5969,-2.4000,5.0950,16.7800,45577.5255,0,440963.0000,409141.0000
2025-09-01,2025,9,Otros departamentos,8,Electrodomesticos y muebles,1,142.5260,1.6000,5.1798,16.6700,46624.5969,-2.4000,5.0950,16.7800,45577.5255,0,440963.0000,409141.0000
2025-09-01,2025,9,Otros departamentos,9,Articulos y utensilios domesticos,0,149.7602,1.6000,5.1798,16.6700,46624.5969,-2.4000,5.0950,16.7800,45577.5255,0,440963.0000,409141.0000
2025-09-01,2025,9,Otros departamentos,10,Aseo del hogar,0,143.8910,1.6000,5.1798,16.6700,46624.5969,-2.4000,5.0950,16.7800,45577.5255,0,440963.0000,409141.0000
2025-09-01,2025,9,Otros departamentos,11,Informatica y telecomunicaciones,0,271.3519,1.6000,5.1798,16.6700,46624.5969,-2.4000,5.0950,16.7800,45577.5255,0,440963.0000,409141.0000
2025-09-01,2025,9,Otros departamentos,12,Sonido y video,0,141.4683,1.6000,5.1798,16.6700,46624.5969,-2.4000,5.0950,16.7800,45577.5255,0,440963.0000,409141.0000
2025-09-01,2025,9,Otros departamentos,14,"Ferreteria, vidrios y pinturas",0,106.4970,1.6000,5.1798,16.6700,46624.5969,-2.4000,5.0950,16.7800,45577.5255,0,440963.0000,409141.0000
2025-09-01,2025,9,Otros departamentos,15,Otras mercancias de uso domestico,0,123.5180,1.6000,5.1798,16.6700,46624.5969,-2.4000,5.0950,16.7800,45577.5255,0,440963.0000,409141.0000
2025-10-01,2025,10,Antioquia,4,Prendas de vestir y textiles,0,79.3905,13.6000,5.5135,16.2400,50810.8833,1.6000,5.1798,16.6700,46624.5969,0,312051.0000,328564.0000
2025-10-01,2025,10,Antioquia,8,Electrodomesticos y muebles,1,174.3206,13.6000,5.5135,16.2400,50810.8833,1.6000,5.1798,16.6700,46624.5969,0,312051.0000,328564.0000
2025-10-01,2025,10,Antioquia,9,Articulos y utensilios domesticos,0,151.5578,13.6000,5.5135,16.2400,50810.8833,1.6000,5.1798,16.6700,46624.5969,0,312051.0000,328564.0000
2025-10-01,2025,10,Antioquia,10,Aseo del hogar,0,133.2683,13.6000,5.5135,16.2400,50810.8833,1.6000,5.1798,16.6700,46624.5969,0,312051.0000,328564.0000
2025-10-01,2025,10,Antioquia,11,Informatica y telecomunicaciones,0,346.8523,13.6000,5.5135,16.2400,50810.8833,1.6000,5.1798,16.6700,46624.5969,0,312051.0000,328564.0000
2025-10-01,2025,10,Antioquia,12,Sonido y video,0,211.6326,13.6000,5.5135,16.2400,50810.8833,1.6000,5.1798,16.6700,46624.5969,0,312051.0000,328564.0000
2025-10-01,2025,10,Antioquia,14,"Ferreteria, vidrios y pinturas",0,133.3771,13.6000,5.5135,16.2400,50810.8833,1.6000,5.1798,16.6700,46624.5969,0,312051.0000,328564.0000
2025-10-01,2025,10,Antioquia,15,Otras mercancias de uso domestico,0,129.6558,13.6000,5.5135,16.2400,50810.8833,1.6000,5.1798,16.6700,46624.5969,0,312051.0000,328564.0000
2025-10-01,2025,10,Atlantico,4,Prendas de vestir y textiles,0,85.6616,13.6000,5.5135,16.2400,50810.8833,1.6000,5.1798,16.6700,46624.5969,0,38311.0000,30787.0000
2025-10-01,2025,10,Atlantico,8,Electrodomesticos y muebles,1,117.1340,13.6000,5.5135,16.2400,50810.8833,1.6000,5.1798,16.6700,46624.5969,0,38311.0000,30787.0000
2025-10-01,2025,10,Atlantico,9,Articulos y utensilios domesticos,0,124.0154,13.6000,5.5135,16.2400,50810.8833,1.6000,5.1798,16.6700,46624.5969,0,38311.0000,30787.0000
2025-10-01,2025,10,Atlantico,10,Aseo del hogar,0,108.5138,13.6000,5.5135,16.2400,50810.8833,1.6000,5.1798,16.6700,46624.5969,0,38311.0000,30787.0000
2025-10-01,2025,10,Atlantico,11,Informatica y telecomunicaciones,0,217.8921,13.6000,5.5135,16.2400,50810.8833,1.6000,5.1798,16.6700,46624.5969,0,38311.0000,30787.0000
2025-10-01,2025,10,Atlantico,12,Sonido y video,0,118.1331,13.6000,5.5135,16.2400,50810.8833,1.6000,5.1798,16.6700,46624.5969,0,38311.0000,30787.0000
2025-10-01,2025,10,Atlantico,14,"Ferreteria, vidrios y pinturas",0,103.1109,13.6000,5.5135,16.2400,50810.8833,1.6000,5.1798,16.6700,46624.5969,0,38311.0000,30787.0000
2025-10-01,2025,10,Atlantico,15,Otras mercancias de uso domestico,0,108.5446,13.6000,5.5135,16.2400,50810.8833,1.6000,5.1798,16.6700,46624.5969,0,38311.0000,30787.0000
2025-10-01,2025,10,Bogota,4,Prendas de vestir y textiles,0,138.1757,13.6000,5.5135,16.2400,50810.8833,1.6000,5.1798,16.6700,46624.5969,0,302784.0000,278672.0000
2025-10-01,2025,10,Bogota,8,Electrodomesticos y muebles,1,165.8544,13.6000,5.5135,16.2400,50810.8833,1.6000,5.1798,16.6700,46624.5969,0,302784.0000,278672.0000
2025-10-01,2025,10,Bogota,9,Articulos y utensilios domesticos,0,210.1903,13.6000,5.5135,16.2400,50810.8833,1.6000,5.1798,16.6700,46624.5969,0,302784.0000,278672.0000
2025-10-01,2025,10,Bogota,10,Aseo del hogar,0,148.5478,13.6000,5.5135,16.2400,50810.8833,1.6000,5.1798,16.6700,46624.5969,0,302784.0000,278672.0000
2025-10-01,2025,10,Bogota,11,Informatica y telecomunicaciones,0,358.6740,13.6000,5.5135,16.2400,50810.8833,1.6000,5.1798,16.6700,46624.5969,0,302784.0000,278672.0000
2025-10-01,2025,10,Bogota,12,Sonido y video,0,195.1795,13.6000,5.5135,16.2400,50810.8833,1.6000,5.1798,16.6700,46624.5969,0,302784.0000,278672.0000
2025-10-01,2025,10,Bogota,14,"Ferreteria, vidrios y pinturas",0,157.6051,13.6000,5.5135,16.2400,50810.8833,1.6000,5.1798,16.6700,46624.5969,0,302784.0000,278672.0000
2025-10-01,2025,10,Bogota,15,Otras mercancias de uso domestico,0,158.2169,13.6000,5.5135,16.2400,50810.8833,1.6000,5.1798,16.6700,46624.5969,0,302784.0000,278672.0000
2025-10-01,2025,10,Cundinamarca,4,Prendas de vestir y textiles,0,113.5437,13.6000,5.5135,16.2400,50810.8833,1.6000,5.1798,16.6700,46624.5969,0,126243.0000,88867.0000
2025-10-01,2025,10,Cundinamarca,8,Electrodomesticos y muebles,1,135.5250,13.6000,5.5135,16.2400,50810.8833,1.6000,5.1798,16.6700,46624.5969,0,126243.0000,88867.0000
2025-10-01,2025,10,Cundinamarca,9,Articulos y utensilios domesticos,0,163.0060,13.6000,5.5135,16.2400,50810.8833,1.6000,5.1798,16.6700,46624.5969,0,126243.0000,88867.0000
2025-10-01,2025,10,Cundinamarca,10,Aseo del hogar,0,160.5387,13.6000,5.5135,16.2400,50810.8833,1.6000,5.1798,16.6700,46624.5969,0,126243.0000,88867.0000
2025-10-01,2025,10,Cundinamarca,11,Informatica y telecomunicaciones,0,259.1571,13.6000,5.5135,16.2400,50810.8833,1.6000,5.1798,16.6700,46624.5969,0,126243.0000,88867.0000
2025-10-01,2025,10,Cundinamarca,12,Sonido y video,0,220.0846,13.6000,5.5135,16.2400,50810.8833,1.6000,5.1798,16.6700,46624.5969,0,126243.0000,88867.0000
2025-10-01,2025,10,Cundinamarca,14,"Ferreteria, vidrios y pinturas",0,163.6454,13.6000,5.5135,16.2400,50810.8833,1.6000,5.1798,16.6700,46624.5969,0,126243.0000,88867.0000
2025-10-01,2025,10,Cundinamarca,15,Otras mercancias de uso domestico,0,162.7055,13.6000,5.5135,16.2400,50810.8833,1.6000,5.1798,16.6700,46624.5969,0,126243.0000,88867.0000
2025-10-01,2025,10,Santander,4,Prendas de vestir y textiles,0,103.0936,13.6000,5.5135,16.2400,50810.8833,1.6000,5.1798,16.6700,46624.5969,0,78825.0000,64941.0000
2025-10-01,2025,10,Santander,8,Electrodomesticos y muebles,1,94.2307,13.6000,5.5135,16.2400,50810.8833,1.6000,5.1798,16.6700,46624.5969,0,78825.0000,64941.0000
2025-10-01,2025,10,Santander,9,Articulos y utensilios domesticos,0,156.0480,13.6000,5.5135,16.2400,50810.8833,1.6000,5.1798,16.6700,46624.5969,0,78825.0000,64941.0000
2025-10-01,2025,10,Santander,10,Aseo del hogar,0,143.4222,13.6000,5.5135,16.2400,50810.8833,1.6000,5.1798,16.6700,46624.5969,0,78825.0000,64941.0000
2025-10-01,2025,10,Santander,11,Informatica y telecomunicaciones,0,264.3773,13.6000,5.5135,16.2400,50810.8833,1.6000,5.1798,16.6700,46624.5969,0,78825.0000,64941.0000
2025-10-01,2025,10,Santander,12,Sonido y video,0,140.2508,13.6000,5.5135,16.2400,50810.8833,1.6000,5.1798,16.6700,46624.5969,0,78825.0000,64941.0000
2025-10-01,2025,10,Santander,14,"Ferreteria, vidrios y pinturas",0,128.1974,13.6000,5.5135,16.2400,50810.8833,1.6000,5.1798,16.6700,46624.5969,0,78825.0000,64941.0000
2025-10-01,2025,10,Santander,15,Otras mercancias de uso domestico,0,124.1987,13.6000,5.5135,16.2400,50810.8833,1.6000,5.1798,16.6700,46624.5969,0,78825.0000,64941.0000
2025-10-01,2025,10,Valle del Cauca,4,Prendas de vestir y textiles,0,76.0167,13.6000,5.5135,16.2400,50810.8833,1.6000,5.1798,16.6700,46624.5969,0,78190.0000,137788.0000
2025-10-01,2025,10,Valle del Cauca,8,Electrodomesticos y muebles,1,100.6205,13.6000,5.5135,16.2400,50810.8833,1.6000,5.1798,16.6700,46624.5969,0,78190.0000,137788.0000
2025-10-01,2025,10,Valle del Cauca,9,Articulos y utensilios domesticos,0,135.2280,13.6000,5.5135,16.2400,50810.8833,1.6000,5.1798,16.6700,46624.5969,0,78190.0000,137788.0000
2025-10-01,2025,10,Valle del Cauca,10,Aseo del hogar,0,122.0746,13.6000,5.5135,16.2400,50810.8833,1.6000,5.1798,16.6700,46624.5969,0,78190.0000,137788.0000
2025-10-01,2025,10,Valle del Cauca,11,Informatica y telecomunicaciones,0,207.0485,13.6000,5.5135,16.2400,50810.8833,1.6000,5.1798,16.6700,46624.5969,0,78190.0000,137788.0000
2025-10-01,2025,10,Valle del Cauca,12,Sonido y video,0,111.1726,13.6000,5.5135,16.2400,50810.8833,1.6000,5.1798,16.6700,46624.5969,0,78190.0000,137788.0000
2025-10-01,2025,10,Valle del Cauca,14,"Ferreteria, vidrios y pinturas",0,99.6223,13.6000,5.5135,16.2400,50810.8833,1.6000,5.1798,16.6700,46624.5969,0,78190.0000,137788.0000
2025-10-01,2025,10,Valle del Cauca,15,Otras mercancias de uso domestico,0,137.1555,13.6000,5.5135,16.2400,50810.8833,1.6000,5.1798,16.6700,46624.5969,0,78190.0000,137788.0000
2025-10-01,2025,10,Otros departamentos,4,Prendas de vestir y textiles,0,100.1854,13.6000,5.5135,16.2400,50810.8833,1.6000,5.1798,16.6700,46624.5969,0,396128.0000,440963.0000
2025-10-01,2025,10,Otros departamentos,8,Electrodomesticos y muebles,1,147.6283,13.6000,5.5135,16.2400,50810.8833,1.6000,5.1798,16.6700,46624.5969,0,396128.0000,440963.0000
2025-10-01,2025,10,Otros departamentos,9,Articulos y utensilios domesticos,0,163.3918,13.6000,5.5135,16.2400,50810.8833,1.6000,5.1798,16.6700,46624.5969,0,396128.0000,440963.0000
2025-10-01,2025,10,Otros departamentos,10,Aseo del hogar,0,145.6296,13.6000,5.5135,16.2400,50810.8833,1.6000,5.1798,16.6700,46624.5969,0,396128.0000,440963.0000
2025-10-01,2025,10,Otros departamentos,11,Informatica y telecomunicaciones,0,221.7206,13.6000,5.5135,16.2400,50810.8833,1.6000,5.1798,16.6700,46624.5969,0,396128.0000,440963.0000
2025-10-01,2025,10,Otros departamentos,12,Sonido y video,0,153.2608,13.6000,5.5135,16.2400,50810.8833,1.6000,5.1798,16.6700,46624.5969,0,396128.0000,440963.0000
2025-10-01,2025,10,Otros departamentos,14,"Ferreteria, vidrios y pinturas",0,107.5413,13.6000,5.5135,16.2400,50810.8833,1.6000,5.1798,16.6700,46624.5969,0,396128.0000,440963.0000
2025-10-01,2025,10,Otros departamentos,15,Otras mercancias de uso domestico,0,132.3557,13.6000,5.5135,16.2400,50810.8833,1.6000,5.1798,16.6700,46624.5969,0,396128.0000,440963.0000
2025-11-01,2025,11,Antioquia,4,Prendas de vestir y textiles,0,112.3005,17.0000,5.3044,16.6600,40300.2285,13.6000,5.5135,16.2400,50810.8833,0,259734.0000,312051.0000
2025-11-01,2025,11,Antioquia,8,Electrodomesticos y muebles,1,240.8488,17.0000,5.3044,16.6600,40300.2285,13.6000,5.5135,16.2400,50810.8833,0,259734.0000,312051.0000
2025-11-01,2025,11,Antioquia,9,Articulos y utensilios domesticos,0,205.9913,17.0000,5.3044,16.6600,40300.2285,13.6000,5.5135,16.2400,50810.8833,0,259734.0000,312051.0000
2025-11-01,2025,11,Antioquia,10,Aseo del hogar,0,122.0158,17.0000,5.3044,16.6600,40300.2285,13.6000,5.5135,16.2400,50810.8833,0,259734.0000,312051.0000
2025-11-01,2025,11,Antioquia,11,Informatica y telecomunicaciones,0,490.7707,17.0000,5.3044,16.6600,40300.2285,13.6000,5.5135,16.2400,50810.8833,0,259734.0000,312051.0000
2025-11-01,2025,11,Antioquia,12,Sonido y video,0,344.7307,17.0000,5.3044,16.6600,40300.2285,13.6000,5.5135,16.2400,50810.8833,0,259734.0000,312051.0000
2025-11-01,2025,11,Antioquia,14,"Ferreteria, vidrios y pinturas",0,131.9860,17.0000,5.3044,16.6600,40300.2285,13.6000,5.5135,16.2400,50810.8833,0,259734.0000,312051.0000
2025-11-01,2025,11,Antioquia,15,Otras mercancias de uso domestico,0,161.9490,17.0000,5.3044,16.6600,40300.2285,13.6000,5.5135,16.2400,50810.8833,0,259734.0000,312051.0000
2025-11-01,2025,11,Atlantico,4,Prendas de vestir y textiles,0,114.7465,17.0000,5.3044,16.6600,40300.2285,13.6000,5.5135,16.2400,50810.8833,0,26326.0000,38311.0000
2025-11-01,2025,11,Atlantico,8,Electrodomesticos y muebles,1,161.9803,17.0000,5.3044,16.6600,40300.2285,13.6000,5.5135,16.2400,50810.8833,0,26326.0000,38311.0000
2025-11-01,2025,11,Atlantico,9,Articulos y utensilios domesticos,0,135.9379,17.0000,5.3044,16.6600,40300.2285,13.6000,5.5135,16.2400,50810.8833,0,26326.0000,38311.0000
2025-11-01,2025,11,Atlantico,10,Aseo del hogar,0,103.9555,17.0000,5.3044,16.6600,40300.2285,13.6000,5.5135,16.2400,50810.8833,0,26326.0000,38311.0000
2025-11-01,2025,11,Atlantico,11,Informatica y telecomunicaciones,0,233.7798,17.0000,5.3044,16.6600,40300.2285,13.6000,5.5135,16.2400,50810.8833,0,26326.0000,38311.0000
2025-11-01,2025,11,Atlantico,12,Sonido y video,0,197.0973,17.0000,5.3044,16.6600,40300.2285,13.6000,5.5135,16.2400,50810.8833,0,26326.0000,38311.0000
2025-11-01,2025,11,Atlantico,14,"Ferreteria, vidrios y pinturas",0,102.2602,17.0000,5.3044,16.6600,40300.2285,13.6000,5.5135,16.2400,50810.8833,0,26326.0000,38311.0000
2025-11-01,2025,11,Atlantico,15,Otras mercancias de uso domestico,0,117.7405,17.0000,5.3044,16.6600,40300.2285,13.6000,5.5135,16.2400,50810.8833,0,26326.0000,38311.0000
2025-11-01,2025,11,Bogota,4,Prendas de vestir y textiles,0,166.0001,17.0000,5.3044,16.6600,40300.2285,13.6000,5.5135,16.2400,50810.8833,0,110616.0000,302784.0000
2025-11-01,2025,11,Bogota,8,Electrodomesticos y muebles,1,204.1510,17.0000,5.3044,16.6600,40300.2285,13.6000,5.5135,16.2400,50810.8833,0,110616.0000,302784.0000
2025-11-01,2025,11,Bogota,9,Articulos y utensilios domesticos,0,243.3008,17.0000,5.3044,16.6600,40300.2285,13.6000,5.5135,16.2400,50810.8833,0,110616.0000,302784.0000
2025-11-01,2025,11,Bogota,10,Aseo del hogar,0,166.5735,17.0000,5.3044,16.6600,40300.2285,13.6000,5.5135,16.2400,50810.8833,0,110616.0000,302784.0000
2025-11-01,2025,11,Bogota,11,Informatica y telecomunicaciones,0,457.0400,17.0000,5.3044,16.6600,40300.2285,13.6000,5.5135,16.2400,50810.8833,0,110616.0000,302784.0000
2025-11-01,2025,11,Bogota,12,Sonido y video,0,310.6192,17.0000,5.3044,16.6600,40300.2285,13.6000,5.5135,16.2400,50810.8833,0,110616.0000,302784.0000
2025-11-01,2025,11,Bogota,14,"Ferreteria, vidrios y pinturas",0,148.3620,17.0000,5.3044,16.6600,40300.2285,13.6000,5.5135,16.2400,50810.8833,0,110616.0000,302784.0000
2025-11-01,2025,11,Bogota,15,Otras mercancias de uso domestico,0,211.0208,17.0000,5.3044,16.6600,40300.2285,13.6000,5.5135,16.2400,50810.8833,0,110616.0000,302784.0000
2025-11-01,2025,11,Cundinamarca,4,Prendas de vestir y textiles,0,135.5927,17.0000,5.3044,16.6600,40300.2285,13.6000,5.5135,16.2400,50810.8833,0,123321.0000,126243.0000
2025-11-01,2025,11,Cundinamarca,8,Electrodomesticos y muebles,1,203.5169,17.0000,5.3044,16.6600,40300.2285,13.6000,5.5135,16.2400,50810.8833,0,123321.0000,126243.0000
2025-11-01,2025,11,Cundinamarca,9,Articulos y utensilios domesticos,0,190.5699,17.0000,5.3044,16.6600,40300.2285,13.6000,5.5135,16.2400,50810.8833,0,123321.0000,126243.0000
2025-11-01,2025,11,Cundinamarca,10,Aseo del hogar,0,146.1745,17.0000,5.3044,16.6600,40300.2285,13.6000,5.5135,16.2400,50810.8833,0,123321.0000,126243.0000
2025-11-01,2025,11,Cundinamarca,11,Informatica y telecomunicaciones,0,315.2335,17.0000,5.3044,16.6600,40300.2285,13.6000,5.5135,16.2400,50810.8833,0,123321.0000,126243.0000
2025-11-01,2025,11,Cundinamarca,12,Sonido y video,0,349.5551,17.0000,5.3044,16.6600,40300.2285,13.6000,5.5135,16.2400,50810.8833,0,123321.0000,126243.0000
2025-11-01,2025,11,Cundinamarca,14,"Ferreteria, vidrios y pinturas",0,173.7336,17.0000,5.3044,16.6600,40300.2285,13.6000,5.5135,16.2400,50810.8833,0,123321.0000,126243.0000
2025-11-01,2025,11,Cundinamarca,15,Otras mercancias de uso domestico,0,176.7827,17.0000,5.3044,16.6600,40300.2285,13.6000,5.5135,16.2400,50810.8833,0,123321.0000,126243.0000
2025-11-01,2025,11,Santander,4,Prendas de vestir y textiles,0,120.3849,17.0000,5.3044,16.6600,40300.2285,13.6000,5.5135,16.2400,50810.8833,0,36025.0000,78825.0000
2025-11-01,2025,11,Santander,8,Electrodomesticos y muebles,1,166.8687,17.0000,5.3044,16.6600,40300.2285,13.6000,5.5135,16.2400,50810.8833,0,36025.0000,78825.0000
2025-11-01,2025,11,Santander,9,Articulos y utensilios domesticos,0,182.3597,17.0000,5.3044,16.6600,40300.2285,13.6000,5.5135,16.2400,50810.8833,0,36025.0000,78825.0000
2025-11-01,2025,11,Santander,10,Aseo del hogar,0,126.6161,17.0000,5.3044,16.6600,40300.2285,13.6000,5.5135,16.2400,50810.8833,0,36025.0000,78825.0000
2025-11-01,2025,11,Santander,11,Informatica y telecomunicaciones,0,294.2229,17.0000,5.3044,16.6600,40300.2285,13.6000,5.5135,16.2400,50810.8833,0,36025.0000,78825.0000
2025-11-01,2025,11,Santander,12,Sonido y video,0,193.5758,17.0000,5.3044,16.6600,40300.2285,13.6000,5.5135,16.2400,50810.8833,0,36025.0000,78825.0000
2025-11-01,2025,11,Santander,14,"Ferreteria, vidrios y pinturas",0,124.3258,17.0000,5.3044,16.6600,40300.2285,13.6000,5.5135,16.2400,50810.8833,0,36025.0000,78825.0000
2025-11-01,2025,11,Santander,15,Otras mercancias de uso domestico,0,170.1281,17.0000,5.3044,16.6600,40300.2285,13.6000,5.5135,16.2400,50810.8833,0,36025.0000,78825.0000
2025-11-01,2025,11,Valle del Cauca,4,Prendas de vestir y textiles,0,86.5110,17.0000,5.3044,16.6600,40300.2285,13.6000,5.5135,16.2400,50810.8833,0,49201.0000,78190.0000
2025-11-01,2025,11,Valle del Cauca,8,Electrodomesticos y muebles,1,138.9925,17.0000,5.3044,16.6600,40300.2285,13.6000,5.5135,16.2400,50810.8833,0,49201.0000,78190.0000
2025-11-01,2025,11,Valle del Cauca,9,Articulos y utensilios domesticos,0,135.3915,17.0000,5.3044,16.6600,40300.2285,13.6000,5.5135,16.2400,50810.8833,0,49201.0000,78190.0000
2025-11-01,2025,11,Valle del Cauca,10,Aseo del hogar,0,112.0081,17.0000,5.3044,16.6600,40300.2285,13.6000,5.5135,16.2400,50810.8833,0,49201.0000,78190.0000
2025-11-01,2025,11,Valle del Cauca,11,Informatica y telecomunicaciones,0,287.7352,17.0000,5.3044,16.6600,40300.2285,13.6000,5.5135,16.2400,50810.8833,0,49201.0000,78190.0000
2025-11-01,2025,11,Valle del Cauca,12,Sonido y video,0,164.1564,17.0000,5.3044,16.6600,40300.2285,13.6000,5.5135,16.2400,50810.8833,0,49201.0000,78190.0000
2025-11-01,2025,11,Valle del Cauca,14,"Ferreteria, vidrios y pinturas",0,119.9988,17.0000,5.3044,16.6600,40300.2285,13.6000,5.5135,16.2400,50810.8833,0,49201.0000,78190.0000
2025-11-01,2025,11,Valle del Cauca,15,Otras mercancias de uso domestico,0,148.3602,17.0000,5.3044,16.6600,40300.2285,13.6000,5.5135,16.2400,50810.8833,0,49201.0000,78190.0000
2025-11-01,2025,11,Otros departamentos,4,Prendas de vestir y textiles,0,149.1919,17.0000,5.3044,16.6600,40300.2285,13.6000,5.5135,16.2400,50810.8833,0,420934.0000,396128.0000
2025-11-01,2025,11,Otros departamentos,8,Electrodomesticos y muebles,1,172.4526,17.0000,5.3044,16.6600,40300.2285,13.6000,5.5135,16.2400,50810.8833,0,420934.0000,396128.0000
2025-11-01,2025,11,Otros departamentos,9,Articulos y utensilios domesticos,0,199.7207,17.0000,5.3044,16.6600,40300.2285,13.6000,5.5135,16.2400,50810.8833,0,420934.0000,396128.0000
2025-11-01,2025,11,Otros departamentos,10,Aseo del hogar,0,159.2003,17.0000,5.3044,16.6600,40300.2285,13.6000,5.5135,16.2400,50810.8833,0,420934.0000,396128.0000
2025-11-01,2025,11,Otros departamentos,11,Informatica y telecomunicaciones,0,301.0281,17.0000,5.3044,16.6600,40300.2285,13.6000,5.5135,16.2400,50810.8833,0,420934.0000,396128.0000
2025-11-01,2025,11,Otros departamentos,12,Sonido y video,0,228.4286,17.0000,5.3044,16.6600,40300.2285,13.6000,5.5135,16.2400,50810.8833,0,420934.0000,396128.0000
2025-11-01,2025,11,Otros departamentos,14,"Ferreteria, vidrios y pinturas",0,106.7530,17.0000,5.3044,16.6600,40300.2285,13.6000,5.5135,16.2400,50810.8833,0,420934.0000,396128.0000
2025-11-01,2025,11,Otros departamentos,15,Otras mercancias de uso domestico,0,140.3923,17.0000,5.3044,16.6600,40300.2285,13.6000,5.5135,16.2400,50810.8833,0,420934.0000,396128.0000
2025-12-01,2025,12,Antioquia,4,Prendas de vestir y textiles,0,263.4772,19.9000,5.1008,16.6800,54114.9753,17.0000,5.3044,16.6600,40300.2285,0,281467.0000,259734.0000
2025-12-01,2025,12,Antioquia,8,Electrodomesticos y muebles,1,195.6209,19.9000,5.1008,16.6800,54114.9753,17.0000,5.3044,16.6600,40300.2285,0,281467.0000,259734.0000
2025-12-01,2025,12,Antioquia,9,Articulos y utensilios domesticos,0,184.9490,19.9000,5.1008,16.6800,54114.9753,17.0000,5.3044,16.6600,40300.2285,0,281467.0000,259734.0000
2025-12-01,2025,12,Antioquia,10,Aseo del hogar,0,168.7507,19.9000,5.1008,16.6800,54114.9753,17.0000,5.3044,16.6600,40300.2285,0,281467.0000,259734.0000
2025-12-01,2025,12,Antioquia,11,Informatica y telecomunicaciones,0,534.0300,19.9000,5.1008,16.6800,54114.9753,17.0000,5.3044,16.6600,40300.2285,0,281467.0000,259734.0000
2025-12-01,2025,12,Antioquia,12,Sonido y video,0,297.6825,19.9000,5.1008,16.6800,54114.9753,17.0000,5.3044,16.6600,40300.2285,0,281467.0000,259734.0000
2025-12-01,2025,12,Antioquia,14,"Ferreteria, vidrios y pinturas",0,124.1603,19.9000,5.1008,16.6800,54114.9753,17.0000,5.3044,16.6600,40300.2285,0,281467.0000,259734.0000
2025-12-01,2025,12,Antioquia,15,Otras mercancias de uso domestico,0,195.5235,19.9000,5.1008,16.6800,54114.9753,17.0000,5.3044,16.6600,40300.2285,0,281467.0000,259734.0000
2025-12-01,2025,12,Atlantico,4,Prendas de vestir y textiles,0,238.5838,19.9000,5.1008,16.6800,54114.9753,17.0000,5.3044,16.6600,40300.2285,0,41992.0000,26326.0000
2025-12-01,2025,12,Atlantico,8,Electrodomesticos y muebles,1,142.6918,19.9000,5.1008,16.6800,54114.9753,17.0000,5.3044,16.6600,40300.2285,0,41992.0000,26326.0000
2025-12-01,2025,12,Atlantico,9,Articulos y utensilios domesticos,0,157.7179,19.9000,5.1008,16.6800,54114.9753,17.0000,5.3044,16.6600,40300.2285,0,41992.0000,26326.0000
2025-12-01,2025,12,Atlantico,10,Aseo del hogar,0,121.8114,19.9000,5.1008,16.6800,54114.9753,17.0000,5.3044,16.6600,40300.2285,0,41992.0000,26326.0000
2025-12-01,2025,12,Atlantico,11,Informatica y telecomunicaciones,0,333.9851,19.9000,5.1008,16.6800,54114.9753,17.0000,5.3044,16.6600,40300.2285,0,41992.0000,26326.0000
2025-12-01,2025,12,Atlantico,12,Sonido y video,0,211.0283,19.9000,5.1008,16.6800,54114.9753,17.0000,5.3044,16.6600,40300.2285,0,41992.0000,26326.0000
2025-12-01,2025,12,Atlantico,14,"Ferreteria, vidrios y pinturas",0,105.3785,19.9000,5.1008,16.6800,54114.9753,17.0000,5.3044,16.6600,40300.2285,0,41992.0000,26326.0000
2025-12-01,2025,12,Atlantico,15,Otras mercancias de uso domestico,0,157.7802,19.9000,5.1008,16.6800,54114.9753,17.0000,5.3044,16.6600,40300.2285,0,41992.0000,26326.0000
2025-12-01,2025,12,Bogota,4,Prendas de vestir y textiles,0,320.4135,19.9000,5.1008,16.6800,54114.9753,17.0000,5.3044,16.6600,40300.2285,0,69795.0000,110616.0000
2025-12-01,2025,12,Bogota,8,Electrodomesticos y muebles,1,193.5153,19.9000,5.1008,16.6800,54114.9753,17.0000,5.3044,16.6600,40300.2285,0,69795.0000,110616.0000
2025-12-01,2025,12,Bogota,9,Articulos y utensilios domesticos,0,246.2504,19.9000,5.1008,16.6800,54114.9753,17.0000,5.3044,16.6600,40300.2285,0,69795.0000,110616.0000
2025-12-01,2025,12,Bogota,10,Aseo del hogar,0,155.4653,19.9000,5.1008,16.6800,54114.9753,17.0000,5.3044,16.6600,40300.2285,0,69795.0000,110616.0000
2025-12-01,2025,12,Bogota,11,Informatica y telecomunicaciones,0,508.4505,19.9000,5.1008,16.6800,54114.9753,17.0000,5.3044,16.6600,40300.2285,0,69795.0000,110616.0000
2025-12-01,2025,12,Bogota,12,Sonido y video,0,270.8373,19.9000,5.1008,16.6800,54114.9753,17.0000,5.3044,16.6600,40300.2285,0,69795.0000,110616.0000
2025-12-01,2025,12,Bogota,14,"Ferreteria, vidrios y pinturas",0,140.6447,19.9000,5.1008,16.6800,54114.9753,17.0000,5.3044,16.6600,40300.2285,0,69795.0000,110616.0000
2025-12-01,2025,12,Bogota,15,Otras mercancias de uso domestico,0,231.0388,19.9000,5.1008,16.6800,54114.9753,17.0000,5.3044,16.6600,40300.2285,0,69795.0000,110616.0000
2025-12-01,2025,12,Cundinamarca,4,Prendas de vestir y textiles,0,320.1576,19.9000,5.1008,16.6800,54114.9753,17.0000,5.3044,16.6600,40300.2285,0,216379.0000,123321.0000
2025-12-01,2025,12,Cundinamarca,8,Electrodomesticos y muebles,1,219.7169,19.9000,5.1008,16.6800,54114.9753,17.0000,5.3044,16.6600,40300.2285,0,216379.0000,123321.0000
2025-12-01,2025,12,Cundinamarca,9,Articulos y utensilios domesticos,0,261.3793,19.9000,5.1008,16.6800,54114.9753,17.0000,5.3044,16.6600,40300.2285,0,216379.0000,123321.0000
2025-12-01,2025,12,Cundinamarca,10,Aseo del hogar,0,205.1263,19.9000,5.1008,16.6800,54114.9753,17.0000,5.3044,16.6600,40300.2285,0,216379.0000,123321.0000
2025-12-01,2025,12,Cundinamarca,11,Informatica y telecomunicaciones,0,454.3568,19.9000,5.1008,16.6800,54114.9753,17.0000,5.3044,16.6600,40300.2285,0,216379.0000,123321.0000
2025-12-01,2025,12,Cundinamarca,12,Sonido y video,0,367.4799,19.9000,5.1008,16.6800,54114.9753,17.0000,5.3044,16.6600,40300.2285,0,216379.0000,123321.0000
2025-12-01,2025,12,Cundinamarca,14,"Ferreteria, vidrios y pinturas",0,147.3580,19.9000,5.1008,16.6800,54114.9753,17.0000,5.3044,16.6600,40300.2285,0,216379.0000,123321.0000
2025-12-01,2025,12,Cundinamarca,15,Otras mercancias de uso domestico,0,265.6210,19.9000,5.1008,16.6800,54114.9753,17.0000,5.3044,16.6600,40300.2285,0,216379.0000,123321.0000
2025-12-01,2025,12,Santander,4,Prendas de vestir y textiles,0,227.1411,19.9000,5.1008,16.6800,54114.9753,17.0000,5.3044,16.6600,40300.2285,0,83751.0000,36025.0000
2025-12-01,2025,12,Santander,8,Electrodomesticos y muebles,1,136.0191,19.9000,5.1008,16.6800,54114.9753,17.0000,5.3044,16.6600,40300.2285,0,83751.0000,36025.0000
2025-12-01,2025,12,Santander,9,Articulos y utensilios domesticos,0,202.2453,19.9000,5.1008,16.6800,54114.9753,17.0000,5.3044,16.6600,40300.2285,0,83751.0000,36025.0000
2025-12-01,2025,12,Santander,10,Aseo del hogar,0,122.5825,19.9000,5.1008,16.6800,54114.9753,17.0000,5.3044,16.6600,40300.2285,0,83751.0000,36025.0000
2025-12-01,2025,12,Santander,11,Informatica y telecomunicaciones,0,358.8506,19.9000,5.1008,16.6800,54114.9753,17.0000,5.3044,16.6600,40300.2285,0,83751.0000,36025.0000
2025-12-01,2025,12,Santander,12,Sonido y video,0,191.3001,19.9000,5.1008,16.6800,54114.9753,17.0000,5.3044,16.6600,40300.2285,0,83751.0000,36025.0000
2025-12-01,2025,12,Santander,14,"Ferreteria, vidrios y pinturas",0,132.6914,19.9000,5.1008,16.6800,54114.9753,17.0000,5.3044,16.6600,40300.2285,0,83751.0000,36025.0000
2025-12-01,2025,12,Santander,15,Otras mercancias de uso domestico,0,180.7849,19.9000,5.1008,16.6800,54114.9753,17.0000,5.3044,16.6600,40300.2285,0,83751.0000,36025.0000
2025-12-01,2025,12,Valle del Cauca,4,Prendas de vestir y textiles,0,196.6981,19.9000,5.1008,16.6800,54114.9753,17.0000,5.3044,16.6600,40300.2285,0,84238.0000,49201.0000
2025-12-01,2025,12,Valle del Cauca,8,Electrodomesticos y muebles,1,118.4644,19.9000,5.1008,16.6800,54114.9753,17.0000,5.3044,16.6600,40300.2285,0,84238.0000,49201.0000
2025-12-01,2025,12,Valle del Cauca,9,Articulos y utensilios domesticos,0,162.3917,19.9000,5.1008,16.6800,54114.9753,17.0000,5.3044,16.6600,40300.2285,0,84238.0000,49201.0000
2025-12-01,2025,12,Valle del Cauca,10,Aseo del hogar,0,121.0920,19.9000,5.1008,16.6800,54114.9753,17.0000,5.3044,16.6600,40300.2285,0,84238.0000,49201.0000
2025-12-01,2025,12,Valle del Cauca,11,Informatica y telecomunicaciones,0,288.8844,19.9000,5.1008,16.6800,54114.9753,17.0000,5.3044,16.6600,40300.2285,0,84238.0000,49201.0000
2025-12-01,2025,12,Valle del Cauca,12,Sonido y video,0,185.4054,19.9000,5.1008,16.6800,54114.9753,17.0000,5.3044,16.6600,40300.2285,0,84238.0000,49201.0000
2025-12-01,2025,12,Valle del Cauca,14,"Ferreteria, vidrios y pinturas",0,103.1177,19.9000,5.1008,16.6800,54114.9753,17.0000,5.3044,16.6600,40300.2285,0,84238.0000,49201.0000
2025-12-01,2025,12,Valle del Cauca,15,Otras mercancias de uso domestico,0,171.6156,19.9000,5.1008,16.6800,54114.9753,17.0000,5.3044,16.6600,40300.2285,0,84238.0000,49201.0000
2025-12-01,2025,12,Otros departamentos,4,Prendas de vestir y textiles,0,295.6757,19.9000,5.1008,16.6800,54114.9753,17.0000,5.3044,16.6600,40300.2285,0,570006.0000,420934.0000
2025-12-01,2025,12,Otros departamentos,8,Electrodomesticos y muebles,1,173.2339,19.9000,5.1008,16.6800,54114.9753,17.0000,5.3044,16.6600,40300.2285,0,570006.0000,420934.0000
2025-12-01,2025,12,Otros departamentos,9,Articulos y utensilios domesticos,0,291.7694,19.9000,5.1008,16.6800,54114.9753,17.0000,5.3044,16.6600,40300.2285,0,570006.0000,420934.0000
2025-12-01,2025,12,Otros departamentos,10,Aseo del hogar,0,164.8734,19.9000,5.1008,16.6800,54114.9753,17.0000,5.3044,16.6600,40300.2285,0,570006.0000,420934.0000
2025-12-01,2025,12,Otros departamentos,11,Informatica y telecomunicaciones,0,406.9948,19.9000,5.1008,16.6800,54114.9753,17.0000,5.3044,16.6600,40300.2285,0,570006.0000,420934.0000
2025-12-01,2025,12,Otros departamentos,12,Sonido y video,0,235.2344,19.9000,5.1008,16.6800,54114.9753,17.0000,5.3044,16.6600,40300.2285,0,570006.0000,420934.0000
2025-12-01,2025,12,Otros departamentos,14,"Ferreteria, vidrios y pinturas",0,104.4871,19.9000,5.1008,16.6800,54114.9753,17.0000,5.3044,16.6600,40300.2285,0,570006.0000,420934.0000
2025-12-01,2025,12,Otros departamentos,15,Otras mercancias de uso domestico,0,223.8294,19.9000,5.1008,16.6800,54114.9753,17.0000,5.3044,16.6600,40300.2285,0,570006.0000,420934.0000
2026-01-01,2026,1,Antioquia,4,Prendas de vestir y textiles,0,96.6858,18.2000,5.3542,16.2400,41889.1414,19.9000,5.1008,16.6800,54114.9753,0,355985.0000,281467.0000
2026-01-01,2026,1,Antioquia,8,Electrodomesticos y muebles,1,171.7314,18.2000,5.3542,16.2400,41889.1414,19.9000,5.1008,16.6800,54114.9753,0,355985.0000,281467.0000
2026-01-01,2026,1,Antioquia,9,Articulos y utensilios domesticos,0,145.0883,18.2000,5.3542,16.2400,41889.1414,19.9000,5.1008,16.6800,54114.9753,0,355985.0000,281467.0000
2026-01-01,2026,1,Antioquia,10,Aseo del hogar,0,171.1181,18.2000,5.3542,16.2400,41889.1414,19.9000,5.1008,16.6800,54114.9753,0,355985.0000,281467.0000
2026-01-01,2026,1,Antioquia,11,Informatica y telecomunicaciones,0,409.0430,18.2000,5.3542,16.2400,41889.1414,19.9000,5.1008,16.6800,54114.9753,0,355985.0000,281467.0000
2026-01-01,2026,1,Antioquia,12,Sonido y video,0,176.7832,18.2000,5.3542,16.2400,41889.1414,19.9000,5.1008,16.6800,54114.9753,0,355985.0000,281467.0000
2026-01-01,2026,1,Antioquia,14,"Ferreteria, vidrios y pinturas",0,127.8441,18.2000,5.3542,16.2400,41889.1414,19.9000,5.1008,16.6800,54114.9753,0,355985.0000,281467.0000
2026-01-01,2026,1,Antioquia,15,Otras mercancias de uso domestico,0,123.5301,18.2000,5.3542,16.2400,41889.1414,19.9000,5.1008,16.6800,54114.9753,0,355985.0000,281467.0000
2026-01-01,2026,1,Atlantico,4,Prendas de vestir y textiles,0,72.5849,18.2000,5.3542,16.2400,41889.1414,19.9000,5.1008,16.6800,54114.9753,0,12965.0000,41992.0000
2026-01-01,2026,1,Atlantico,8,Electrodomesticos y muebles,1,136.8937,18.2000,5.3542,16.2400,41889.1414,19.9000,5.1008,16.6800,54114.9753,0,12965.0000,41992.0000
2026-01-01,2026,1,Atlantico,9,Articulos y utensilios domesticos,0,159.4051,18.2000,5.3542,16.2400,41889.1414,19.9000,5.1008,16.6800,54114.9753,0,12965.0000,41992.0000
2026-01-01,2026,1,Atlantico,10,Aseo del hogar,0,110.2713,18.2000,5.3542,16.2400,41889.1414,19.9000,5.1008,16.6800,54114.9753,0,12965.0000,41992.0000
2026-01-01,2026,1,Atlantico,11,Informatica y telecomunicaciones,0,235.3997,18.2000,5.3542,16.2400,41889.1414,19.9000,5.1008,16.6800,54114.9753,0,12965.0000,41992.0000
2026-01-01,2026,1,Atlantico,12,Sonido y video,0,162.2920,18.2000,5.3542,16.2400,41889.1414,19.9000,5.1008,16.6800,54114.9753,0,12965.0000,41992.0000
2026-01-01,2026,1,Atlantico,14,"Ferreteria, vidrios y pinturas",0,95.7023,18.2000,5.3542,16.2400,41889.1414,19.9000,5.1008,16.6800,54114.9753,0,12965.0000,41992.0000
2026-01-01,2026,1,Atlantico,15,Otras mercancias de uso domestico,0,91.5753,18.2000,5.3542,16.2400,41889.1414,19.9000,5.1008,16.6800,54114.9753,0,12965.0000,41992.0000
2026-01-01,2026,1,Bogota,4,Prendas de vestir y textiles,0,113.9035,18.2000,5.3542,16.2400,41889.1414,19.9000,5.1008,16.6800,54114.9753,0,171754.0000,69795.0000
2026-01-01,2026,1,Bogota,8,Electrodomesticos y muebles,1,206.9550,18.2000,5.3542,16.2400,41889.1414,19.9000,5.1008,16.6800,54114.9753,0,171754.0000,69795.0000
2026-01-01,2026,1,Bogota,9,Articulos y utensilios domesticos,0,194.0206,18.2000,5.3542,16.2400,41889.1414,19.9000,5.1008,16.6800,54114.9753,0,171754.0000,69795.0000
2026-01-01,2026,1,Bogota,10,Aseo del hogar,0,149.3920,18.2000,5.3542,16.2400,41889.1414,19.9000,5.1008,16.6800,54114.9753,0,171754.0000,69795.0000
2026-01-01,2026,1,Bogota,11,Informatica y telecomunicaciones,0,336.4593,18.2000,5.3542,16.2400,41889.1414,19.9000,5.1008,16.6800,54114.9753,0,171754.0000,69795.0000
2026-01-01,2026,1,Bogota,12,Sonido y video,0,189.8485,18.2000,5.3542,16.2400,41889.1414,19.9000,5.1008,16.6800,54114.9753,0,171754.0000,69795.0000
2026-01-01,2026,1,Bogota,14,"Ferreteria, vidrios y pinturas",0,104.8020,18.2000,5.3542,16.2400,41889.1414,19.9000,5.1008,16.6800,54114.9753,0,171754.0000,69795.0000
2026-01-01,2026,1,Bogota,15,Otras mercancias de uso domestico,0,154.9257,18.2000,5.3542,16.2400,41889.1414,19.9000,5.1008,16.6800,54114.9753,0,171754.0000,69795.0000
2026-01-01,2026,1,Cundinamarca,4,Prendas de vestir y textiles,0,133.6279,18.2000,5.3542,16.2400,41889.1414,19.9000,5.1008,16.6800,54114.9753,0,133841.0000,216379.0000
2026-01-01,2026,1,Cundinamarca,8,Electrodomesticos y muebles,1,213.2738,18.2000,5.3542,16.2400,41889.1414,19.9000,5.1008,16.6800,54114.9753,0,133841.0000,216379.0000
2026-01-01,2026,1,Cundinamarca,9,Articulos y utensilios domesticos,0,219.2060,18.2000,5.3542,16.2400,41889.1414,19.9000,5.1008,16.6800,54114.9753,0,133841.0000,216379.0000
2026-01-01,2026,1,Cundinamarca,10,Aseo del hogar,0,231.2760,18.2000,5.3542,16.2400,41889.1414,19.9000,5.1008,16.6800,54114.9753,0,133841.0000,216379.0000
2026-01-01,2026,1,Cundinamarca,11,Informatica y telecomunicaciones,0,439.5411,18.2000,5.3542,16.2400,41889.1414,19.9000,5.1008,16.6800,54114.9753,0,133841.0000,216379.0000
2026-01-01,2026,1,Cundinamarca,12,Sonido y video,0,282.9697,18.2000,5.3542,16.2400,41889.1414,19.9000,5.1008,16.6800,54114.9753,0,133841.0000,216379.0000
2026-01-01,2026,1,Cundinamarca,14,"Ferreteria, vidrios y pinturas",0,112.1344,18.2000,5.3542,16.2400,41889.1414,19.9000,5.1008,16.6800,54114.9753,0,133841.0000,216379.0000
2026-01-01,2026,1,Cundinamarca,15,Otras mercancias de uso domestico,0,154.3824,18.2000,5.3542,16.2400,41889.1414,19.9000,5.1008,16.6800,54114.9753,0,133841.0000,216379.0000
2026-01-01,2026,1,Santander,4,Prendas de vestir y textiles,0,87.7751,18.2000,5.3542,16.2400,41889.1414,19.9000,5.1008,16.6800,54114.9753,0,28842.0000,83751.0000
2026-01-01,2026,1,Santander,8,Electrodomesticos y muebles,1,142.3665,18.2000,5.3542,16.2400,41889.1414,19.9000,5.1008,16.6800,54114.9753,0,28842.0000,83751.0000
2026-01-01,2026,1,Santander,9,Articulos y utensilios domesticos,0,199.3185,18.2000,5.3542,16.2400,41889.1414,19.9000,5.1008,16.6800,54114.9753,0,28842.0000,83751.0000
2026-01-01,2026,1,Santander,10,Aseo del hogar,0,162.5934,18.2000,5.3542,16.2400,41889.1414,19.9000,5.1008,16.6800,54114.9753,0,28842.0000,83751.0000
2026-01-01,2026,1,Santander,11,Informatica y telecomunicaciones,0,261.4713,18.2000,5.3542,16.2400,41889.1414,19.9000,5.1008,16.6800,54114.9753,0,28842.0000,83751.0000
2026-01-01,2026,1,Santander,12,Sonido y video,0,146.2391,18.2000,5.3542,16.2400,41889.1414,19.9000,5.1008,16.6800,54114.9753,0,28842.0000,83751.0000
2026-01-01,2026,1,Santander,14,"Ferreteria, vidrios y pinturas",0,106.6712,18.2000,5.3542,16.2400,41889.1414,19.9000,5.1008,16.6800,54114.9753,0,28842.0000,83751.0000
2026-01-01,2026,1,Santander,15,Otras mercancias de uso domestico,0,113.4672,18.2000,5.3542,16.2400,41889.1414,19.9000,5.1008,16.6800,54114.9753,0,28842.0000,83751.0000
2026-01-01,2026,1,Valle del Cauca,4,Prendas de vestir y textiles,0,69.2712,18.2000,5.3542,16.2400,41889.1414,19.9000,5.1008,16.6800,54114.9753,0,94762.0000,84238.0000
2026-01-01,2026,1,Valle del Cauca,8,Electrodomesticos y muebles,1,141.3509,18.2000,5.3542,16.2400,41889.1414,19.9000,5.1008,16.6800,54114.9753,0,94762.0000,84238.0000
2026-01-01,2026,1,Valle del Cauca,9,Articulos y utensilios domesticos,0,122.7959,18.2000,5.3542,16.2400,41889.1414,19.9000,5.1008,16.6800,54114.9753,0,94762.0000,84238.0000
2026-01-01,2026,1,Valle del Cauca,10,Aseo del hogar,0,96.2958,18.2000,5.3542,16.2400,41889.1414,19.9000,5.1008,16.6800,54114.9753,0,94762.0000,84238.0000
2026-01-01,2026,1,Valle del Cauca,11,Informatica y telecomunicaciones,0,196.2306,18.2000,5.3542,16.2400,41889.1414,19.9000,5.1008,16.6800,54114.9753,0,94762.0000,84238.0000
2026-01-01,2026,1,Valle del Cauca,12,Sonido y video,0,121.6952,18.2000,5.3542,16.2400,41889.1414,19.9000,5.1008,16.6800,54114.9753,0,94762.0000,84238.0000
2026-01-01,2026,1,Valle del Cauca,14,"Ferreteria, vidrios y pinturas",0,85.9125,18.2000,5.3542,16.2400,41889.1414,19.9000,5.1008,16.6800,54114.9753,0,94762.0000,84238.0000
2026-01-01,2026,1,Valle del Cauca,15,Otras mercancias de uso domestico,0,106.1817,18.2000,5.3542,16.2400,41889.1414,19.9000,5.1008,16.6800,54114.9753,0,94762.0000,84238.0000
2026-01-01,2026,1,Otros departamentos,4,Prendas de vestir y textiles,0,87.6978,18.2000,5.3542,16.2400,41889.1414,19.9000,5.1008,16.6800,54114.9753,0,749948.0000,570006.0000
2026-01-01,2026,1,Otros departamentos,8,Electrodomesticos y muebles,1,153.5815,18.2000,5.3542,16.2400,41889.1414,19.9000,5.1008,16.6800,54114.9753,0,749948.0000,570006.0000
2026-01-01,2026,1,Otros departamentos,9,Articulos y utensilios domesticos,0,188.2926,18.2000,5.3542,16.2400,41889.1414,19.9000,5.1008,16.6800,54114.9753,0,749948.0000,570006.0000
2026-01-01,2026,1,Otros departamentos,10,Aseo del hogar,0,146.7719,18.2000,5.3542,16.2400,41889.1414,19.9000,5.1008,16.6800,54114.9753,0,749948.0000,570006.0000
2026-01-01,2026,1,Otros departamentos,11,Informatica y telecomunicaciones,0,291.2914,18.2000,5.3542,16.2400,41889.1414,19.9000,5.1008,16.6800,54114.9753,0,749948.0000,570006.0000
2026-01-01,2026,1,Otros departamentos,12,Sonido y video,0,159.0680,18.2000,5.3542,16.2400,41889.1414,19.9000,5.1008,16.6800,54114.9753,0,749948.0000,570006.0000
2026-01-01,2026,1,Otros departamentos,14,"Ferreteria, vidrios y pinturas",0,107.9062,18.2000,5.3542,16.2400,41889.1414,19.9000,5.1008,16.6800,54114.9753,0,749948.0000,570006.0000
2026-01-01,2026,1,Otros departamentos,15,Otras mercancias de uso domestico,0,119.3804,18.2000,5.3542,16.2400,41889.1414,19.9000,5.1008,16.6800,54114.9753,0,749948.0000,570006.0000
2026-02-01,2026,2,Antioquia,4,Prendas de vestir y textiles,0,75.3695,18.3000,5.2941,16.8200,40623.5187,18.2000,5.3542,16.2400,41889.1414,0,248219.0000,355985.0000
2026-02-01,2026,2,Antioquia,8,Electrodomesticos y muebles,1,149.1765,18.3000,5.2941,16.8200,40623.5187,18.2000,5.3542,16.2400,41889.1414,0,248219.0000,355985.0000
2026-02-01,2026,2,Antioquia,9,Articulos y utensilios domesticos,0,150.8066,18.3000,5.2941,16.8200,40623.5187,18.2000,5.3542,16.2400,41889.1414,0,248219.0000,355985.0000
2026-02-01,2026,2,Antioquia,10,Aseo del hogar,0,152.8433,18.3000,5.2941,16.8200,40623.5187,18.2000,5.3542,16.2400,41889.1414,0,248219.0000,355985.0000
2026-02-01,2026,2,Antioquia,11,Informatica y telecomunicaciones,0,408.6429,18.3000,5.2941,16.8200,40623.5187,18.2000,5.3542,16.2400,41889.1414,0,248219.0000,355985.0000
2026-02-01,2026,2,Antioquia,12,Sonido y video,0,164.6206,18.3000,5.2941,16.8200,40623.5187,18.2000,5.3542,16.2400,41889.1414,0,248219.0000,355985.0000
2026-02-01,2026,2,Antioquia,14,"Ferreteria, vidrios y pinturas",0,125.6491,18.3000,5.2941,16.8200,40623.5187,18.2000,5.3542,16.2400,41889.1414,0,248219.0000,355985.0000
2026-02-01,2026,2,Antioquia,15,Otras mercancias de uso domestico,0,108.6179,18.3000,5.2941,16.8200,40623.5187,18.2000,5.3542,16.2400,41889.1414,0,248219.0000,355985.0000
2026-02-01,2026,2,Atlantico,4,Prendas de vestir y textiles,0,52.1114,18.3000,5.2941,16.8200,40623.5187,18.2000,5.3542,16.2400,41889.1414,0,10974.0000,12965.0000
2026-02-01,2026,2,Atlantico,8,Electrodomesticos y muebles,1,122.9874,18.3000,5.2941,16.8200,40623.5187,18.2000,5.3542,16.2400,41889.1414,0,10974.0000,12965.0000
2026-02-01,2026,2,Atlantico,9,Articulos y utensilios domesticos,0,157.8885,18.3000,5.2941,16.8200,40623.5187,18.2000,5.3542,16.2400,41889.1414,0,10974.0000,12965.0000
2026-02-01,2026,2,Atlantico,10,Aseo del hogar,0,98.1441,18.3000,5.2941,16.8200,40623.5187,18.2000,5.3542,16.2400,41889.1414,0,10974.0000,12965.0000
2026-02-01,2026,2,Atlantico,11,Informatica y telecomunicaciones,0,233.2520,18.3000,5.2941,16.8200,40623.5187,18.2000,5.3542,16.2400,41889.1414,0,10974.0000,12965.0000
2026-02-01,2026,2,Atlantico,12,Sonido y video,0,138.2451,18.3000,5.2941,16.8200,40623.5187,18.2000,5.3542,16.2400,41889.1414,0,10974.0000,12965.0000
2026-02-01,2026,2,Atlantico,14,"Ferreteria, vidrios y pinturas",0,81.9781,18.3000,5.2941,16.8200,40623.5187,18.2000,5.3542,16.2400,41889.1414,0,10974.0000,12965.0000
2026-02-01,2026,2,Atlantico,15,Otras mercancias de uso domestico,0,79.8051,18.3000,5.2941,16.8200,40623.5187,18.2000,5.3542,16.2400,41889.1414,0,10974.0000,12965.0000
2026-02-01,2026,2,Bogota,4,Prendas de vestir y textiles,0,84.4176,18.3000,5.2941,16.8200,40623.5187,18.2000,5.3542,16.2400,41889.1414,0,273166.0000,171754.0000
2026-02-01,2026,2,Bogota,8,Electrodomesticos y muebles,1,173.5080,18.3000,5.2941,16.8200,40623.5187,18.2000,5.3542,16.2400,41889.1414,0,273166.0000,171754.0000
2026-02-01,2026,2,Bogota,9,Articulos y utensilios domesticos,0,165.2386,18.3000,5.2941,16.8200,40623.5187,18.2000,5.3542,16.2400,41889.1414,0,273166.0000,171754.0000
2026-02-01,2026,2,Bogota,10,Aseo del hogar,0,123.6202,18.3000,5.2941,16.8200,40623.5187,18.2000,5.3542,16.2400,41889.1414,0,273166.0000,171754.0000
2026-02-01,2026,2,Bogota,11,Informatica y telecomunicaciones,0,312.9099,18.3000,5.2941,16.8200,40623.5187,18.2000,5.3542,16.2400,41889.1414,0,273166.0000,171754.0000
2026-02-01,2026,2,Bogota,12,Sonido y video,0,209.1611,18.3000,5.2941,16.8200,40623.5187,18.2000,5.3542,16.2400,41889.1414,0,273166.0000,171754.0000
2026-02-01,2026,2,Bogota,14,"Ferreteria, vidrios y pinturas",0,99.7609,18.3000,5.2941,16.8200,40623.5187,18.2000,5.3542,16.2400,41889.1414,0,273166.0000,171754.0000
2026-02-01,2026,2,Bogota,15,Otras mercancias de uso domestico,0,130.4932,18.3000,5.2941,16.8200,40623.5187,18.2000,5.3542,16.2400,41889.1414,0,273166.0000,171754.0000
2026-02-01,2026,2,Cundinamarca,4,Prendas de vestir y textiles,0,106.9069,18.3000,5.2941,16.8200,40623.5187,18.2000,5.3542,16.2400,41889.1414,0,181274.0000,133841.0000
2026-02-01,2026,2,Cundinamarca,8,Electrodomesticos y muebles,1,180.9459,18.3000,5.2941,16.8200,40623.5187,18.2000,5.3542,16.2400,41889.1414,0,181274.0000,133841.0000
2026-02-01,2026,2,Cundinamarca,9,Articulos y utensilios domesticos,0,200.8883,18.3000,5.2941,16.8200,40623.5187,18.2000,5.3542,16.2400,41889.1414,0,181274.0000,133841.0000
2026-02-01,2026,2,Cundinamarca,10,Aseo del hogar,0,173.4294,18.3000,5.2941,16.8200,40623.5187,18.2000,5.3542,16.2400,41889.1414,0,181274.0000,133841.0000
2026-02-01,2026,2,Cundinamarca,11,Informatica y telecomunicaciones,0,458.0000,18.3000,5.2941,16.8200,40623.5187,18.2000,5.3542,16.2400,41889.1414,0,181274.0000,133841.0000
2026-02-01,2026,2,Cundinamarca,12,Sonido y video,0,279.0908,18.3000,5.2941,16.8200,40623.5187,18.2000,5.3542,16.2400,41889.1414,0,181274.0000,133841.0000
2026-02-01,2026,2,Cundinamarca,14,"Ferreteria, vidrios y pinturas",0,128.1886,18.3000,5.2941,16.8200,40623.5187,18.2000,5.3542,16.2400,41889.1414,0,181274.0000,133841.0000
2026-02-01,2026,2,Cundinamarca,15,Otras mercancias de uso domestico,0,161.7794,18.3000,5.2941,16.8200,40623.5187,18.2000,5.3542,16.2400,41889.1414,0,181274.0000,133841.0000
2026-02-01,2026,2,Santander,4,Prendas de vestir y textiles,0,72.7512,18.3000,5.2941,16.8200,40623.5187,18.2000,5.3542,16.2400,41889.1414,0,71068.0000,28842.0000
2026-02-01,2026,2,Santander,8,Electrodomesticos y muebles,1,134.9302,18.3000,5.2941,16.8200,40623.5187,18.2000,5.3542,16.2400,41889.1414,0,71068.0000,28842.0000
2026-02-01,2026,2,Santander,9,Articulos y utensilios domesticos,0,197.3293,18.3000,5.2941,16.8200,40623.5187,18.2000,5.3542,16.2400,41889.1414,0,71068.0000,28842.0000
2026-02-01,2026,2,Santander,10,Aseo del hogar,0,186.0388,18.3000,5.2941,16.8200,40623.5187,18.2000,5.3542,16.2400,41889.1414,0,71068.0000,28842.0000
2026-02-01,2026,2,Santander,11,Informatica y telecomunicaciones,0,265.7809,18.3000,5.2941,16.8200,40623.5187,18.2000,5.3542,16.2400,41889.1414,0,71068.0000,28842.0000
2026-02-01,2026,2,Santander,12,Sonido y video,0,166.9293,18.3000,5.2941,16.8200,40623.5187,18.2000,5.3542,16.2400,41889.1414,0,71068.0000,28842.0000
2026-02-01,2026,2,Santander,14,"Ferreteria, vidrios y pinturas",0,128.8170,18.3000,5.2941,16.8200,40623.5187,18.2000,5.3542,16.2400,41889.1414,0,71068.0000,28842.0000
2026-02-01,2026,2,Santander,15,Otras mercancias de uso domestico,0,110.8677,18.3000,5.2941,16.8200,40623.5187,18.2000,5.3542,16.2400,41889.1414,0,71068.0000,28842.0000
2026-02-01,2026,2,Valle del Cauca,4,Prendas de vestir y textiles,0,62.6351,18.3000,5.2941,16.8200,40623.5187,18.2000,5.3542,16.2400,41889.1414,0,111664.0000,94762.0000
2026-02-01,2026,2,Valle del Cauca,8,Electrodomesticos y muebles,1,140.0671,18.3000,5.2941,16.8200,40623.5187,18.2000,5.3542,16.2400,41889.1414,0,111664.0000,94762.0000
2026-02-01,2026,2,Valle del Cauca,9,Articulos y utensilios domesticos,0,108.7729,18.3000,5.2941,16.8200,40623.5187,18.2000,5.3542,16.2400,41889.1414,0,111664.0000,94762.0000
2026-02-01,2026,2,Valle del Cauca,10,Aseo del hogar,0,105.6429,18.3000,5.2941,16.8200,40623.5187,18.2000,5.3542,16.2400,41889.1414,0,111664.0000,94762.0000
2026-02-01,2026,2,Valle del Cauca,11,Informatica y telecomunicaciones,0,216.6247,18.3000,5.2941,16.8200,40623.5187,18.2000,5.3542,16.2400,41889.1414,0,111664.0000,94762.0000
2026-02-01,2026,2,Valle del Cauca,12,Sonido y video,0,120.1633,18.3000,5.2941,16.8200,40623.5187,18.2000,5.3542,16.2400,41889.1414,0,111664.0000,94762.0000
2026-02-01,2026,2,Valle del Cauca,14,"Ferreteria, vidrios y pinturas",0,82.5309,18.3000,5.2941,16.8200,40623.5187,18.2000,5.3542,16.2400,41889.1414,0,111664.0000,94762.0000
2026-02-01,2026,2,Valle del Cauca,15,Otras mercancias de uso domestico,0,90.4717,18.3000,5.2941,16.8200,40623.5187,18.2000,5.3542,16.2400,41889.1414,0,111664.0000,94762.0000
2026-02-01,2026,2,Otros departamentos,4,Prendas de vestir y textiles,0,81.8679,18.3000,5.2941,16.8200,40623.5187,18.2000,5.3542,16.2400,41889.1414,0,631410.0000,749948.0000
2026-02-01,2026,2,Otros departamentos,8,Electrodomesticos y muebles,1,164.3937,18.3000,5.2941,16.8200,40623.5187,18.2000,5.3542,16.2400,41889.1414,0,631410.0000,749948.0000
2026-02-01,2026,2,Otros departamentos,9,Articulos y utensilios domesticos,0,176.5755,18.3000,5.2941,16.8200,40623.5187,18.2000,5.3542,16.2400,41889.1414,0,631410.0000,749948.0000
2026-02-01,2026,2,Otros departamentos,10,Aseo del hogar,0,149.4013,18.3000,5.2941,16.8200,40623.5187,18.2000,5.3542,16.2400,41889.1414,0,631410.0000,749948.0000
2026-02-01,2026,2,Otros departamentos,11,Informatica y telecomunicaciones,0,314.2837,18.3000,5.2941,16.8200,40623.5187,18.2000,5.3542,16.2400,41889.1414,0,631410.0000,749948.0000
2026-02-01,2026,2,Otros departamentos,12,Sonido y video,0,180.6374,18.3000,5.2941,16.8200,40623.5187,18.2000,5.3542,16.2400,41889.1414,0,631410.0000,749948.0000
2026-02-01,2026,2,Otros departamentos,14,"Ferreteria, vidrios y pinturas",0,119.9144,18.3000,5.2941,16.8200,40623.5187,18.2000,5.3542,16.2400,41889.1414,0,631410.0000,749948.0000
2026-02-01,2026,2,Otros departamentos,15,Otras mercancias de uso domestico,0,119.6004,18.3000,5.2941,16.8200,40623.5187,18.2000,5.3542,16.2400,41889.1414,0,631410.0000,749948.0000
2026-03-01,2026,3,Antioquia,4,Prendas de vestir y textiles,0,75.1043,19.3000,5.5556,17.0100,42359.6093,18.3000,5.2941,16.8200,40623.5187,0,239784.0000,248219.0000
2026-03-01,2026,3,Antioquia,8,Electrodomesticos y muebles,1,152.6392,19.3000,5.5556,17.0100,42359.6093,18.3000,5.2941,16.8200,40623.5187,0,239784.0000,248219.0000
2026-03-01,2026,3,Antioquia,9,Articulos y utensilios domesticos,0,158.8167,19.3000,5.5556,17.0100,42359.6093,18.3000,5.2941,16.8200,40623.5187,0,239784.0000,248219.0000
2026-03-01,2026,3,Antioquia,10,Aseo del hogar,0,180.6850,19.3000,5.5556,17.0100,42359.6093,18.3000,5.2941,16.8200,40623.5187,0,239784.0000,248219.0000
2026-03-01,2026,3,Antioquia,11,Informatica y telecomunicaciones,0,427.9904,19.3000,5.5556,17.0100,42359.6093,18.3000,5.2941,16.8200,40623.5187,0,239784.0000,248219.0000
2026-03-01,2026,3,Antioquia,12,Sonido y video,0,145.8430,19.3000,5.5556,17.0100,42359.6093,18.3000,5.2941,16.8200,40623.5187,0,239784.0000,248219.0000
2026-03-01,2026,3,Antioquia,14,"Ferreteria, vidrios y pinturas",0,164.0981,19.3000,5.5556,17.0100,42359.6093,18.3000,5.2941,16.8200,40623.5187,0,239784.0000,248219.0000
2026-03-01,2026,3,Antioquia,15,Otras mercancias de uso domestico,0,120.2555,19.3000,5.5556,17.0100,42359.6093,18.3000,5.2941,16.8200,40623.5187,0,239784.0000,248219.0000
2026-03-01,2026,3,Atlantico,4,Prendas de vestir y textiles,0,74.6807,19.3000,5.5556,17.0100,42359.6093,18.3000,5.2941,16.8200,40623.5187,0,40323.0000,10974.0000
2026-03-01,2026,3,Atlantico,8,Electrodomesticos y muebles,1,150.1264,19.3000,5.5556,17.0100,42359.6093,18.3000,5.2941,16.8200,40623.5187,0,40323.0000,10974.0000
2026-03-01,2026,3,Atlantico,9,Articulos y utensilios domesticos,0,203.6628,19.3000,5.5556,17.0100,42359.6093,18.3000,5.2941,16.8200,40623.5187,0,40323.0000,10974.0000
2026-03-01,2026,3,Atlantico,10,Aseo del hogar,0,121.7549,19.3000,5.5556,17.0100,42359.6093,18.3000,5.2941,16.8200,40623.5187,0,40323.0000,10974.0000
2026-03-01,2026,3,Atlantico,11,Informatica y telecomunicaciones,0,215.5544,19.3000,5.5556,17.0100,42359.6093,18.3000,5.2941,16.8200,40623.5187,0,40323.0000,10974.0000
2026-03-01,2026,3,Atlantico,12,Sonido y video,0,157.0751,19.3000,5.5556,17.0100,42359.6093,18.3000,5.2941,16.8200,40623.5187,0,40323.0000,10974.0000
2026-03-01,2026,3,Atlantico,14,"Ferreteria, vidrios y pinturas",0,109.8921,19.3000,5.5556,17.0100,42359.6093,18.3000,5.2941,16.8200,40623.5187,0,40323.0000,10974.0000
2026-03-01,2026,3,Atlantico,15,Otras mercancias de uso domestico,0,93.4626,19.3000,5.5556,17.0100,42359.6093,18.3000,5.2941,16.8200,40623.5187,0,40323.0000,10974.0000
2026-03-01,2026,3,Bogota,4,Prendas de vestir y textiles,0,109.8301,19.3000,5.5556,17.0100,42359.6093,18.3000,5.2941,16.8200,40623.5187,0,438218.0000,273166.0000
2026-03-01,2026,3,Bogota,8,Electrodomesticos y muebles,1,198.6719,19.3000,5.5556,17.0100,42359.6093,18.3000,5.2941,16.8200,40623.5187,0,438218.0000,273166.0000
2026-03-01,2026,3,Bogota,9,Articulos y utensilios domesticos,0,193.4908,19.3000,5.5556,17.0100,42359.6093,18.3000,5.2941,16.8200,40623.5187,0,438218.0000,273166.0000
2026-03-01,2026,3,Bogota,10,Aseo del hogar,0,139.6193,19.3000,5.5556,17.0100,42359.6093,18.3000,5.2941,16.8200,40623.5187,0,438218.0000,273166.0000
2026-03-01,2026,3,Bogota,11,Informatica y telecomunicaciones,0,324.9718,19.3000,5.5556,17.0100,42359.6093,18.3000,5.2941,16.8200,40623.5187,0,438218.0000,273166.0000
2026-03-01,2026,3,Bogota,12,Sonido y video,0,237.6105,19.3000,5.5556,17.0100,42359.6093,18.3000,5.2941,16.8200,40623.5187,0,438218.0000,273166.0000
2026-03-01,2026,3,Bogota,14,"Ferreteria, vidrios y pinturas",0,109.1896,19.3000,5.5556,17.0100,42359.6093,18.3000,5.2941,16.8200,40623.5187,0,438218.0000,273166.0000
2026-03-01,2026,3,Bogota,15,Otras mercancias de uso domestico,0,135.2508,19.3000,5.5556,17.0100,42359.6093,18.3000,5.2941,16.8200,40623.5187,0,438218.0000,273166.0000
2026-03-01,2026,3,Cundinamarca,4,Prendas de vestir y textiles,0,95.8832,19.3000,5.5556,17.0100,42359.6093,18.3000,5.2941,16.8200,40623.5187,0,160604.0000,181274.0000
2026-03-01,2026,3,Cundinamarca,8,Electrodomesticos y muebles,1,192.1052,19.3000,5.5556,17.0100,42359.6093,18.3000,5.2941,16.8200,40623.5187,0,160604.0000,181274.0000
2026-03-01,2026,3,Cundinamarca,9,Articulos y utensilios domesticos,0,261.7645,19.3000,5.5556,17.0100,42359.6093,18.3000,5.2941,16.8200,40623.5187,0,160604.0000,181274.0000
2026-03-01,2026,3,Cundinamarca,10,Aseo del hogar,0,169.0485,19.3000,5.5556,17.0100,42359.6093,18.3000,5.2941,16.8200,40623.5187,0,160604.0000,181274.0000
2026-03-01,2026,3,Cundinamarca,11,Informatica y telecomunicaciones,0,457.0237,19.3000,5.5556,17.0100,42359.6093,18.3000,5.2941,16.8200,40623.5187,0,160604.0000,181274.0000
2026-03-01,2026,3,Cundinamarca,12,Sonido y video,0,371.3859,19.3000,5.5556,17.0100,42359.6093,18.3000,5.2941,16.8200,40623.5187,0,160604.0000,181274.0000
2026-03-01,2026,3,Cundinamarca,14,"Ferreteria, vidrios y pinturas",0,180.7316,19.3000,5.5556,17.0100,42359.6093,18.3000,5.2941,16.8200,40623.5187,0,160604.0000,181274.0000
2026-03-01,2026,3,Cundinamarca,15,Otras mercancias de uso domestico,0,168.9561,19.3000,5.5556,17.0100,42359.6093,18.3000,5.2941,16.8200,40623.5187,0,160604.0000,181274.0000
2026-03-01,2026,3,Santander,4,Prendas de vestir y textiles,0,88.7186,19.3000,5.5556,17.0100,42359.6093,18.3000,5.2941,16.8200,40623.5187,0,38771.0000,71068.0000
2026-03-01,2026,3,Santander,8,Electrodomesticos y muebles,1,129.0320,19.3000,5.5556,17.0100,42359.6093,18.3000,5.2941,16.8200,40623.5187,0,38771.0000,71068.0000
2026-03-01,2026,3,Santander,9,Articulos y utensilios domesticos,0,168.1603,19.3000,5.5556,17.0100,42359.6093,18.3000,5.2941,16.8200,40623.5187,0,38771.0000,71068.0000
2026-03-01,2026,3,Santander,10,Aseo del hogar,0,173.2942,19.3000,5.5556,17.0100,42359.6093,18.3000,5.2941,16.8200,40623.5187,0,38771.0000,71068.0000
2026-03-01,2026,3,Santander,11,Informatica y telecomunicaciones,0,276.6899,19.3000,5.5556,17.0100,42359.6093,18.3000,5.2941,16.8200,40623.5187,0,38771.0000,71068.0000
2026-03-01,2026,3,Santander,12,Sonido y video,0,196.9116,19.3000,5.5556,17.0100,42359.6093,18.3000,5.2941,16.8200,40623.5187,0,38771.0000,71068.0000
2026-03-01,2026,3,Santander,14,"Ferreteria, vidrios y pinturas",0,127.2281,19.3000,5.5556,17.0100,42359.6093,18.3000,5.2941,16.8200,40623.5187,0,38771.0000,71068.0000
2026-03-01,2026,3,Santander,15,Otras mercancias de uso domestico,0,117.3877,19.3000,5.5556,17.0100,42359.6093,18.3000,5.2941,16.8200,40623.5187,0,38771.0000,71068.0000
2026-03-01,2026,3,Valle del Cauca,4,Prendas de vestir y textiles,0,73.1122,19.3000,5.5556,17.0100,42359.6093,18.3000,5.2941,16.8200,40623.5187,0,212328.0000,111664.0000
2026-03-01,2026,3,Valle del Cauca,8,Electrodomesticos y muebles,1,145.5249,19.3000,5.5556,17.0100,42359.6093,18.3000,5.2941,16.8200,40623.5187,0,212328.0000,111664.0000
2026-03-01,2026,3,Valle del Cauca,9,Articulos y utensilios domesticos,0,133.3176,19.3000,5.5556,17.0100,42359.6093,18.3000,5.2941,16.8200,40623.5187,0,212328.0000,111664.0000
2026-03-01,2026,3,Valle del Cauca,10,Aseo del hogar,0,109.1440,19.3000,5.5556,17.0100,42359.6093,18.3000,5.2941,16.8200,40623.5187,0,212328.0000,111664.0000
2026-03-01,2026,3,Valle del Cauca,11,Informatica y telecomunicaciones,0,234.3729,19.3000,5.5556,17.0100,42359.6093,18.3000,5.2941,16.8200,40623.5187,0,212328.0000,111664.0000
2026-03-01,2026,3,Valle del Cauca,12,Sonido y video,0,142.7474,19.3000,5.5556,17.0100,42359.6093,18.3000,5.2941,16.8200,40623.5187,0,212328.0000,111664.0000
2026-03-01,2026,3,Valle del Cauca,14,"Ferreteria, vidrios y pinturas",0,95.7102,19.3000,5.5556,17.0100,42359.6093,18.3000,5.2941,16.8200,40623.5187,0,212328.0000,111664.0000
2026-03-01,2026,3,Valle del Cauca,15,Otras mercancias de uso domestico,0,105.8174,19.3000,5.5556,17.0100,42359.6093,18.3000,5.2941,16.8200,40623.5187,0,212328.0000,111664.0000
2026-03-01,2026,3,Otros departamentos,4,Prendas de vestir y textiles,0,103.7164,19.3000,5.5556,17.0100,42359.6093,18.3000,5.2941,16.8200,40623.5187,0,1364982.0000,631410.0000
2026-03-01,2026,3,Otros departamentos,8,Electrodomesticos y muebles,1,192.3266,19.3000,5.5556,17.0100,42359.6093,18.3000,5.2941,16.8200,40623.5187,0,1364982.0000,631410.0000
2026-03-01,2026,3,Otros departamentos,9,Articulos y utensilios domesticos,0,177.8961,19.3000,5.5556,17.0100,42359.6093,18.3000,5.2941,16.8200,40623.5187,0,1364982.0000,631410.0000
2026-03-01,2026,3,Otros departamentos,10,Aseo del hogar,0,163.7783,19.3000,5.5556,17.0100,42359.6093,18.3000,5.2941,16.8200,40623.5187,0,1364982.0000,631410.0000
2026-03-01,2026,3,Otros departamentos,11,Informatica y telecomunicaciones,0,285.7060,19.3000,5.5556,17.0100,42359.6093,18.3000,5.2941,16.8200,40623.5187,0,1364982.0000,631410.0000
2026-03-01,2026,3,Otros departamentos,12,Sonido y video,0,199.1518,19.3000,5.5556,17.0100,42359.6093,18.3000,5.2941,16.8200,40623.5187,0,1364982.0000,631410.0000
2026-03-01,2026,3,Otros departamentos,14,"Ferreteria, vidrios y pinturas",0,125.9036,19.3000,5.5556,17.0100,42359.6093,18.3000,5.2941,16.8200,40623.5187,0,1364982.0000,631410.0000
2026-03-01,2026,3,Otros departamentos,15,Otras mercancias de uso domestico,0,147.1454,19.3000,5.5556,17.0100,42359.6093,18.3000,5.2941,16.8200,40623.5187,0,1364982.0000,631410.0000
2026-04-01,2026,4,Antioquia,4,Prendas de vestir y textiles,0,84.7799,13.7000,5.6862,17.8400,41985.8494,19.3000,5.5556,17.0100,42359.6093,0,198837.0000,239784.0000
2026-04-01,2026,4,Antioquia,8,Electrodomesticos y muebles,1,183.3749,13.7000,5.6862,17.8400,41985.8494,19.3000,5.5556,17.0100,42359.6093,0,198837.0000,239784.0000
2026-04-01,2026,4,Antioquia,9,Articulos y utensilios domesticos,0,154.9970,13.7000,5.6862,17.8400,41985.8494,19.3000,5.5556,17.0100,42359.6093,0,198837.0000,239784.0000
2026-04-01,2026,4,Antioquia,10,Aseo del hogar,0,156.1743,13.7000,5.6862,17.8400,41985.8494,19.3000,5.5556,17.0100,42359.6093,0,198837.0000,239784.0000
2026-04-01,2026,4,Antioquia,11,Informatica y telecomunicaciones,0,325.5216,13.7000,5.6862,17.8400,41985.8494,19.3000,5.5556,17.0100,42359.6093,0,198837.0000,239784.0000
2026-04-01,2026,4,Antioquia,12,Sonido y video,0,183.6093,13.7000,5.6862,17.8400,41985.8494,19.3000,5.5556,17.0100,42359.6093,0,198837.0000,239784.0000
2026-04-01,2026,4,Antioquia,14,"Ferreteria, vidrios y pinturas",0,133.5785,13.7000,5.6862,17.8400,41985.8494,19.3000,5.5556,17.0100,42359.6093,0,198837.0000,239784.0000
2026-04-01,2026,4,Antioquia,15,Otras mercancias de uso domestico,0,115.2146,13.7000,5.6862,17.8400,41985.8494,19.3000,5.5556,17.0100,42359.6093,0,198837.0000,239784.0000
2026-04-01,2026,4,Atlantico,4,Prendas de vestir y textiles,0,76.3359,13.7000,5.6862,17.8400,41985.8494,19.3000,5.5556,17.0100,42359.6093,0,45605.0000,40323.0000
2026-04-01,2026,4,Atlantico,8,Electrodomesticos y muebles,1,144.2842,13.7000,5.6862,17.8400,41985.8494,19.3000,5.5556,17.0100,42359.6093,0,45605.0000,40323.0000
2026-04-01,2026,4,Atlantico,9,Articulos y utensilios domesticos,0,166.5081,13.7000,5.6862,17.8400,41985.8494,19.3000,5.5556,17.0100,42359.6093,0,45605.0000,40323.0000
2026-04-01,2026,4,Atlantico,10,Aseo del hogar,0,114.7444,13.7000,5.6862,17.8400,41985.8494,19.3000,5.5556,17.0100,42359.6093,0,45605.0000,40323.0000
2026-04-01,2026,4,Atlantico,11,Informatica y telecomunicaciones,0,198.5914,13.7000,5.6862,17.8400,41985.8494,19.3000,5.5556,17.0100,42359.6093,0,45605.0000,40323.0000
2026-04-01,2026,4,Atlantico,12,Sonido y video,0,165.6825,13.7000,5.6862,17.8400,41985.8494,19.3000,5.5556,17.0100,42359.6093,0,45605.0000,40323.0000
2026-04-01,2026,4,Atlantico,14,"Ferreteria, vidrios y pinturas",0,80.3548,13.7000,5.6862,17.8400,41985.8494,19.3000,5.5556,17.0100,42359.6093,0,45605.0000,40323.0000
2026-04-01,2026,4,Atlantico,15,Otras mercancias de uso domestico,0,94.7016,13.7000,5.6862,17.8400,41985.8494,19.3000,5.5556,17.0100,42359.6093,0,45605.0000,40323.0000
2026-04-01,2026,4,Bogota,4,Prendas de vestir y textiles,0,87.6546,13.7000,5.6862,17.8400,41985.8494,19.3000,5.5556,17.0100,42359.6093,0,155024.0000,438218.0000
2026-04-01,2026,4,Bogota,8,Electrodomesticos y muebles,1,148.4941,13.7000,5.6862,17.8400,41985.8494,19.3000,5.5556,17.0100,42359.6093,0,155024.0000,438218.0000
2026-04-01,2026,4,Bogota,9,Articulos y utensilios domesticos,0,167.7356,13.7000,5.6862,17.8400,41985.8494,19.3000,5.5556,17.0100,42359.6093,0,155024.0000,438218.0000
2026-04-01,2026,4,Bogota,10,Aseo del hogar,0,127.1677,13.7000,5.6862,17.8400,41985.8494,19.3000,5.5556,17.0100,42359.6093,0,155024.0000,438218.0000
2026-04-01,2026,4,Bogota,11,Informatica y telecomunicaciones,0,310.3491,13.7000,5.6862,17.8400,41985.8494,19.3000,5.5556,17.0100,42359.6093,0,155024.0000,438218.0000
2026-04-01,2026,4,Bogota,12,Sonido y video,0,209.3614,13.7000,5.6862,17.8400,41985.8494,19.3000,5.5556,17.0100,42359.6093,0,155024.0000,438218.0000
2026-04-01,2026,4,Bogota,14,"Ferreteria, vidrios y pinturas",0,111.0124,13.7000,5.6862,17.8400,41985.8494,19.3000,5.5556,17.0100,42359.6093,0,155024.0000,438218.0000
2026-04-01,2026,4,Bogota,15,Otras mercancias de uso domestico,0,132.9381,13.7000,5.6862,17.8400,41985.8494,19.3000,5.5556,17.0100,42359.6093,0,155024.0000,438218.0000
2026-04-01,2026,4,Cundinamarca,4,Prendas de vestir y textiles,0,94.4757,13.7000,5.6862,17.8400,41985.8494,19.3000,5.5556,17.0100,42359.6093,0,126615.0000,160604.0000
2026-04-01,2026,4,Cundinamarca,8,Electrodomesticos y muebles,1,213.0695,13.7000,5.6862,17.8400,41985.8494,19.3000,5.5556,17.0100,42359.6093,0,126615.0000,160604.0000
2026-04-01,2026,4,Cundinamarca,9,Articulos y utensilios domesticos,0,233.2517,13.7000,5.6862,17.8400,41985.8494,19.3000,5.5556,17.0100,42359.6093,0,126615.0000,160604.0000
2026-04-01,2026,4,Cundinamarca,10,Aseo del hogar,0,173.5759,13.7000,5.6862,17.8400,41985.8494,19.3000,5.5556,17.0100,42359.6093,0,126615.0000,160604.0000
2026-04-01,2026,4,Cundinamarca,11,Informatica y telecomunicaciones,0,371.9476,13.7000,5.6862,17.8400,41985.8494,19.3000,5.5556,17.0100,42359.6093,0,126615.0000,160604.0000
2026-04-01,2026,4,Cundinamarca,12,Sonido y video,0,267.8644,13.7000,5.6862,17.8400,41985.8494,19.3000,5.5556,17.0100,42359.6093,0,126615.0000,160604.0000
2026-04-01,2026,4,Cundinamarca,14,"Ferreteria, vidrios y pinturas",0,166.2853,13.7000,5.6862,17.8400,41985.8494,19.3000,5.5556,17.0100,42359.6093,0,126615.0000,160604.0000
2026-04-01,2026,4,Cundinamarca,15,Otras mercancias de uso domestico,0,173.5982,13.7000,5.6862,17.8400,41985.8494,19.3000,5.5556,17.0100,42359.6093,0,126615.0000,160604.0000
2026-04-01,2026,4,Santander,4,Prendas de vestir y textiles,0,85.8035,13.7000,5.6862,17.8400,41985.8494,19.3000,5.5556,17.0100,42359.6093,0,147866.0000,38771.0000
2026-04-01,2026,4,Santander,8,Electrodomesticos y muebles,1,143.5888,13.7000,5.6862,17.8400,41985.8494,19.3000,5.5556,17.0100,42359.6093,0,147866.0000,38771.0000
2026-04-01,2026,4,Santander,9,Articulos y utensilios domesticos,0,137.4253,13.7000,5.6862,17.8400,41985.8494,19.3000,5.5556,17.0100,42359.6093,0,147866.0000,38771.0000
2026-04-01,2026,4,Santander,10,Aseo del hogar,0,161.6747,13.7000,5.6862,17.8400,41985.8494,19.3000,5.5556,17.0100,42359.6093,0,147866.0000,38771.0000
2026-04-01,2026,4,Santander,11,Informatica y telecomunicaciones,0,277.7199,13.7000,5.6862,17.8400,41985.8494,19.3000,5.5556,17.0100,42359.6093,0,147866.0000,38771.0000
2026-04-01,2026,4,Santander,12,Sonido y video,0,225.2405,13.7000,5.6862,17.8400,41985.8494,19.3000,5.5556,17.0100,42359.6093,0,147866.0000,38771.0000
2026-04-01,2026,4,Santander,14,"Ferreteria, vidrios y pinturas",0,126.3397,13.7000,5.6862,17.8400,41985.8494,19.3000,5.5556,17.0100,42359.6093,0,147866.0000,38771.0000
2026-04-01,2026,4,Santander,15,Otras mercancias de uso domestico,0,154.4559,13.7000,5.6862,17.8400,41985.8494,19.3000,5.5556,17.0100,42359.6093,0,147866.0000,38771.0000
2026-04-01,2026,4,Valle del Cauca,4,Prendas de vestir y textiles,0,63.7570,13.7000,5.6862,17.8400,41985.8494,19.3000,5.5556,17.0100,42359.6093,0,66534.0000,212328.0000
2026-04-01,2026,4,Valle del Cauca,8,Electrodomesticos y muebles,1,120.8122,13.7000,5.6862,17.8400,41985.8494,19.3000,5.5556,17.0100,42359.6093,0,66534.0000,212328.0000
2026-04-01,2026,4,Valle del Cauca,9,Articulos y utensilios domesticos,0,112.7607,13.7000,5.6862,17.8400,41985.8494,19.3000,5.5556,17.0100,42359.6093,0,66534.0000,212328.0000
2026-04-01,2026,4,Valle del Cauca,10,Aseo del hogar,0,117.1727,13.7000,5.6862,17.8400,41985.8494,19.3000,5.5556,17.0100,42359.6093,0,66534.0000,212328.0000
2026-04-01,2026,4,Valle del Cauca,11,Informatica y telecomunicaciones,0,230.2239,13.7000,5.6862,17.8400,41985.8494,19.3000,5.5556,17.0100,42359.6093,0,66534.0000,212328.0000
2026-04-01,2026,4,Valle del Cauca,12,Sonido y video,0,154.8619,13.7000,5.6862,17.8400,41985.8494,19.3000,5.5556,17.0100,42359.6093,0,66534.0000,212328.0000
2026-04-01,2026,4,Valle del Cauca,14,"Ferreteria, vidrios y pinturas",0,68.1921,13.7000,5.6862,17.8400,41985.8494,19.3000,5.5556,17.0100,42359.6093,0,66534.0000,212328.0000
2026-04-01,2026,4,Valle del Cauca,15,Otras mercancias de uso domestico,0,126.3419,13.7000,5.6862,17.8400,41985.8494,19.3000,5.5556,17.0100,42359.6093,0,66534.0000,212328.0000
2026-04-01,2026,4,Otros departamentos,4,Prendas de vestir y textiles,0,98.4983,13.7000,5.6862,17.8400,41985.8494,19.3000,5.5556,17.0100,42359.6093,0,887917.0000,1364982.0000
2026-04-01,2026,4,Otros departamentos,8,Electrodomesticos y muebles,1,159.5896,13.7000,5.6862,17.8400,41985.8494,19.3000,5.5556,17.0100,42359.6093,0,887917.0000,1364982.0000
2026-04-01,2026,4,Otros departamentos,9,Articulos y utensilios domesticos,0,160.8115,13.7000,5.6862,17.8400,41985.8494,19.3000,5.5556,17.0100,42359.6093,0,887917.0000,1364982.0000
2026-04-01,2026,4,Otros departamentos,10,Aseo del hogar,0,154.5761,13.7000,5.6862,17.8400,41985.8494,19.3000,5.5556,17.0100,42359.6093,0,887917.0000,1364982.0000
2026-04-01,2026,4,Otros departamentos,11,Informatica y telecomunicaciones,0,278.5918,13.7000,5.6862,17.8400,41985.8494,19.3000,5.5556,17.0100,42359.6093,0,887917.0000,1364982.0000
2026-04-01,2026,4,Otros departamentos,12,Sonido y video,0,205.4886,13.7000,5.6862,17.8400,41985.8494,19.3000,5.5556,17.0100,42359.6093,0,887917.0000,1364982.0000
2026-04-01,2026,4,Otros departamentos,14,"Ferreteria, vidrios y pinturas",0,121.5750,13.7000,5.6862,17.8400,41985.8494,19.3000,5.5556,17.0100,42359.6093,0,887917.0000,1364982.0000
2026-04-01,2026,4,Otros departamentos,15,Otras mercancias de uso domestico,0,128.8270,13.7000,5.6862,17.8400,41985.8494,19.3000,5.5556,17.0100,42359.6093,0,887917.0000,1364982.0000
2026-05-01,2026,5,Antioquia,4,Prendas de vestir y textiles,0,95.8319,17.8000,5.8412,18.7800,38455.8965,13.7000,5.6862,17.8400,41985.8494,0,327922.0000,198837.0000
2026-05-01,2026,5,Antioquia,8,Electrodomesticos y muebles,1,160.6906,17.8000,5.8412,18.7800,38455.8965,13.7000,5.6862,17.8400,41985.8494,0,327922.0000,198837.0000
2026-05-01,2026,5,Antioquia,9,Articulos y utensilios domesticos,0,185.8802,17.8000,5.8412,18.7800,38455.8965,13.7000,5.6862,17.8400,41985.8494,0,327922.0000,198837.0000
2026-05-01,2026,5,Antioquia,10,Aseo del hogar,0,199.0393,17.8000,5.8412,18.7800,38455.8965,13.7000,5.6862,17.8400,41985.8494,0,327922.0000,198837.0000
2026-05-01,2026,5,Antioquia,11,Informatica y telecomunicaciones,0,301.0701,17.8000,5.8412,18.7800,38455.8965,13.7000,5.6862,17.8400,41985.8494,0,327922.0000,198837.0000
2026-05-01,2026,5,Antioquia,12,Sonido y video,0,229.1602,17.8000,5.8412,18.7800,38455.8965,13.7000,5.6862,17.8400,41985.8494,0,327922.0000,198837.0000
2026-05-01,2026,5,Antioquia,14,"Ferreteria, vidrios y pinturas",0,111.5252,17.8000,5.8412,18.7800,38455.8965,13.7000,5.6862,17.8400,41985.8494,0,327922.0000,198837.0000
2026-05-01,2026,5,Antioquia,15,Otras mercancias de uso domestico,0,124.5763,17.8000,5.8412,18.7800,38455.8965,13.7000,5.6862,17.8400,41985.8494,0,327922.0000,198837.0000
2026-05-01,2026,5,Atlantico,4,Prendas de vestir y textiles,0,86.0220,17.8000,5.8412,18.7800,38455.8965,13.7000,5.6862,17.8400,41985.8494,0,62836.0000,45605.0000
2026-05-01,2026,5,Atlantico,8,Electrodomesticos y muebles,1,141.8794,17.8000,5.8412,18.7800,38455.8965,13.7000,5.6862,17.8400,41985.8494,0,62836.0000,45605.0000
2026-05-01,2026,5,Atlantico,9,Articulos y utensilios domesticos,0,175.1487,17.8000,5.8412,18.7800,38455.8965,13.7000,5.6862,17.8400,41985.8494,0,62836.0000,45605.0000
2026-05-01,2026,5,Atlantico,10,Aseo del hogar,0,144.1916,17.8000,5.8412,18.7800,38455.8965,13.7000,5.6862,17.8400,41985.8494,0,62836.0000,45605.0000
2026-05-01,2026,5,Atlantico,11,Informatica y telecomunicaciones,0,257.6801,17.8000,5.8412,18.7800,38455.8965,13.7000,5.6862,17.8400,41985.8494,0,62836.0000,45605.0000
2026-05-01,2026,5,Atlantico,12,Sonido y video,0,185.5844,17.8000,5.8412,18.7800,38455.8965,13.7000,5.6862,17.8400,41985.8494,0,62836.0000,45605.0000
2026-05-01,2026,5,Atlantico,14,"Ferreteria, vidrios y pinturas",0,93.9160,17.8000,5.8412,18.7800,38455.8965,13.7000,5.6862,17.8400,41985.8494,0,62836.0000,45605.0000
2026-05-01,2026,5,Atlantico,15,Otras mercancias de uso domestico,0,122.0153,17.8000,5.8412,18.7800,38455.8965,13.7000,5.6862,17.8400,41985.8494,0,62836.0000,45605.0000
2026-05-01,2026,5,Bogota,4,Prendas de vestir y textiles,0,118.2708,17.8000,5.8412,18.7800,38455.8965,13.7000,5.6862,17.8400,41985.8494,0,246865.0000,155024.0000
2026-05-01,2026,5,Bogota,8,Electrodomesticos y muebles,1,167.1231,17.8000,5.8412,18.7800,38455.8965,13.7000,5.6862,17.8400,41985.8494,0,246865.0000,155024.0000
2026-05-01,2026,5,Bogota,9,Articulos y utensilios domesticos,0,170.8556,17.8000,5.8412,18.7800,38455.8965,13.7000,5.6862,17.8400,41985.8494,0,246865.0000,155024.0000
2026-05-01,2026,5,Bogota,10,Aseo del hogar,0,139.2809,17.8000,5.8412,18.7800,38455.8965,13.7000,5.6862,17.8400,41985.8494,0,246865.0000,155024.0000
2026-05-01,2026,5,Bogota,11,Informatica y telecomunicaciones,0,301.0422,17.8000,5.8412,18.7800,38455.8965,13.7000,5.6862,17.8400,41985.8494,0,246865.0000,155024.0000
2026-05-01,2026,5,Bogota,12,Sonido y video,0,269.9509,17.8000,5.8412,18.7800,38455.8965,13.7000,5.6862,17.8400,41985.8494,0,246865.0000,155024.0000
2026-05-01,2026,5,Bogota,14,"Ferreteria, vidrios y pinturas",0,121.1689,17.8000,5.8412,18.7800,38455.8965,13.7000,5.6862,17.8400,41985.8494,0,246865.0000,155024.0000
2026-05-01,2026,5,Bogota,15,Otras mercancias de uso domestico,0,165.3193,17.8000,5.8412,18.7800,38455.8965,13.7000,5.6862,17.8400,41985.8494,0,246865.0000,155024.0000
2026-05-01,2026,5,Cundinamarca,4,Prendas de vestir y textiles,0,108.5800,17.8000,5.8412,18.7800,38455.8965,13.7000,5.6862,17.8400,41985.8494,0,191006.0000,126615.0000
2026-05-01,2026,5,Cundinamarca,8,Electrodomesticos y muebles,1,227.9867,17.8000,5.8412,18.7800,38455.8965,13.7000,5.6862,17.8400,41985.8494,0,191006.0000,126615.0000
2026-05-01,2026,5,Cundinamarca,9,Articulos y utensilios domesticos,0,241.6610,17.8000,5.8412,18.7800,38455.8965,13.7000,5.6862,17.8400,41985.8494,0,191006.0000,126615.0000
2026-05-01,2026,5,Cundinamarca,10,Aseo del hogar,0,188.8538,17.8000,5.8412,18.7800,38455.8965,13.7000,5.6862,17.8400,41985.8494,0,191006.0000,126615.0000
2026-05-01,2026,5,Cundinamarca,11,Informatica y telecomunicaciones,0,440.7643,17.8000,5.8412,18.7800,38455.8965,13.7000,5.6862,17.8400,41985.8494,0,191006.0000,126615.0000
2026-05-01,2026,5,Cundinamarca,12,Sonido y video,0,352.1777,17.8000,5.8412,18.7800,38455.8965,13.7000,5.6862,17.8400,41985.8494,0,191006.0000,126615.0000
2026-05-01,2026,5,Cundinamarca,14,"Ferreteria, vidrios y pinturas",0,155.6671,17.8000,5.8412,18.7800,38455.8965,13.7000,5.6862,17.8400,41985.8494,0,191006.0000,126615.0000
2026-05-01,2026,5,Cundinamarca,15,Otras mercancias de uso domestico,0,190.7379,17.8000,5.8412,18.7800,38455.8965,13.7000,5.6862,17.8400,41985.8494,0,191006.0000,126615.0000
2026-05-01,2026,5,Santander,4,Prendas de vestir y textiles,0,98.8549,17.8000,5.8412,18.7800,38455.8965,13.7000,5.6862,17.8400,41985.8494,0,34126.0000,147866.0000
2026-05-01,2026,5,Santander,8,Electrodomesticos y muebles,1,165.4896,17.8000,5.8412,18.7800,38455.8965,13.7000,5.6862,17.8400,41985.8494,0,34126.0000,147866.0000
2026-05-01,2026,5,Santander,9,Articulos y utensilios domesticos,0,140.2150,17.8000,5.8412,18.7800,38455.8965,13.7000,5.6862,17.8400,41985.8494,0,34126.0000,147866.0000
2026-05-01,2026,5,Santander,10,Aseo del hogar,0,182.5592,17.8000,5.8412,18.7800,38455.8965,13.7000,5.6862,17.8400,41985.8494,0,34126.0000,147866.0000
2026-05-01,2026,5,Santander,11,Informatica y telecomunicaciones,0,302.6864,17.8000,5.8412,18.7800,38455.8965,13.7000,5.6862,17.8400,41985.8494,0,34126.0000,147866.0000
2026-05-01,2026,5,Santander,12,Sonido y video,0,251.2989,17.8000,5.8412,18.7800,38455.8965,13.7000,5.6862,17.8400,41985.8494,0,34126.0000,147866.0000
2026-05-01,2026,5,Santander,14,"Ferreteria, vidrios y pinturas",0,114.6545,17.8000,5.8412,18.7800,38455.8965,13.7000,5.6862,17.8400,41985.8494,0,34126.0000,147866.0000
2026-05-01,2026,5,Santander,15,Otras mercancias de uso domestico,0,152.7484,17.8000,5.8412,18.7800,38455.8965,13.7000,5.6862,17.8400,41985.8494,0,34126.0000,147866.0000
2026-05-01,2026,5,Valle del Cauca,4,Prendas de vestir y textiles,0,84.1557,17.8000,5.8412,18.7800,38455.8965,13.7000,5.6862,17.8400,41985.8494,0,125647.0000,66534.0000
2026-05-01,2026,5,Valle del Cauca,8,Electrodomesticos y muebles,1,121.7804,17.8000,5.8412,18.7800,38455.8965,13.7000,5.6862,17.8400,41985.8494,0,125647.0000,66534.0000
2026-05-01,2026,5,Valle del Cauca,9,Articulos y utensilios domesticos,0,151.1385,17.8000,5.8412,18.7800,38455.8965,13.7000,5.6862,17.8400,41985.8494,0,125647.0000,66534.0000
2026-05-01,2026,5,Valle del Cauca,10,Aseo del hogar,0,133.1944,17.8000,5.8412,18.7800,38455.8965,13.7000,5.6862,17.8400,41985.8494,0,125647.0000,66534.0000
2026-05-01,2026,5,Valle del Cauca,11,Informatica y telecomunicaciones,0,242.1771,17.8000,5.8412,18.7800,38455.8965,13.7000,5.6862,17.8400,41985.8494,0,125647.0000,66534.0000
2026-05-01,2026,5,Valle del Cauca,12,Sonido y video,0,192.4711,17.8000,5.8412,18.7800,38455.8965,13.7000,5.6862,17.8400,41985.8494,0,125647.0000,66534.0000
2026-05-01,2026,5,Valle del Cauca,14,"Ferreteria, vidrios y pinturas",0,67.5008,17.8000,5.8412,18.7800,38455.8965,13.7000,5.6862,17.8400,41985.8494,0,125647.0000,66534.0000
2026-05-01,2026,5,Valle del Cauca,15,Otras mercancias de uso domestico,0,105.6433,17.8000,5.8412,18.7800,38455.8965,13.7000,5.6862,17.8400,41985.8494,0,125647.0000,66534.0000
2026-05-01,2026,5,Otros departamentos,4,Prendas de vestir y textiles,0,114.2461,17.8000,5.8412,18.7800,38455.8965,13.7000,5.6862,17.8400,41985.8494,0,463642.0000,887917.0000
2026-05-01,2026,5,Otros departamentos,8,Electrodomesticos y muebles,1,215.0387,17.8000,5.8412,18.7800,38455.8965,13.7000,5.6862,17.8400,41985.8494,0,463642.0000,887917.0000
2026-05-01,2026,5,Otros departamentos,9,Articulos y utensilios domesticos,0,150.1915,17.8000,5.8412,18.7800,38455.8965,13.7000,5.6862,17.8400,41985.8494,0,463642.0000,887917.0000
2026-05-01,2026,5,Otros departamentos,10,Aseo del hogar,0,155.0183,17.8000,5.8412,18.7800,38455.8965,13.7000,5.6862,17.8400,41985.8494,0,463642.0000,887917.0000
2026-05-01,2026,5,Otros departamentos,11,Informatica y telecomunicaciones,0,337.5307,17.8000,5.8412,18.7800,38455.8965,13.7000,5.6862,17.8400,41985.8494,0,463642.0000,887917.0000
2026-05-01,2026,5,Otros departamentos,12,Sonido y video,0,261.7793,17.8000,5.8412,18.7800,38455.8965,13.7000,5.6862,17.8400,41985.8494,0,463642.0000,887917.0000
2026-05-01,2026,5,Otros departamentos,14,"Ferreteria, vidrios y pinturas",0,126.0588,17.8000,5.8412,18.7800,38455.8965,13.7000,5.6862,17.8400,41985.8494,0,463642.0000,887917.0000
2026-05-01,2026,5,Otros departamentos,15,Otras mercancias de uso domestico,0,138.2407,17.8000,5.8412,18.7800,38455.8965,13.7000,5.6862,17.8400,41985.8494,0,463642.0000,887917.0000
2026-06-01,2026,6,Antioquia,4,Prendas de vestir y textiles,0,106.4075,24.3000,6.1411,19.1900,46647.1828,17.8000,5.8412,18.7800,38455.8965,0,192725.0000,327922.0000
2026-06-01,2026,6,Antioquia,8,Electrodomesticos y muebles,1,147.9731,24.3000,6.1411,19.1900,46647.1828,17.8000,5.8412,18.7800,38455.8965,0,192725.0000,327922.0000
2026-06-01,2026,6,Antioquia,9,Articulos y utensilios domesticos,0,142.5654,24.3000,6.1411,19.1900,46647.1828,17.8000,5.8412,18.7800,38455.8965,0,192725.0000,327922.0000
2026-06-01,2026,6,Antioquia,10,Aseo del hogar,0,146.3335,24.3000,6.1411,19.1900,46647.1828,17.8000,5.8412,18.7800,38455.8965,0,192725.0000,327922.0000
2026-06-01,2026,6,Antioquia,11,Informatica y telecomunicaciones,0,284.0697,24.3000,6.1411,19.1900,46647.1828,17.8000,5.8412,18.7800,38455.8965,0,192725.0000,327922.0000
2026-06-01,2026,6,Antioquia,12,Sonido y video,0,327.5465,24.3000,6.1411,19.1900,46647.1828,17.8000,5.8412,18.7800,38455.8965,0,192725.0000,327922.0000
2026-06-01,2026,6,Antioquia,14,"Ferreteria, vidrios y pinturas",0,135.9058,24.3000,6.1411,19.1900,46647.1828,17.8000,5.8412,18.7800,38455.8965,0,192725.0000,327922.0000
2026-06-01,2026,6,Antioquia,15,Otras mercancias de uso domestico,0,133.4734,24.3000,6.1411,19.1900,46647.1828,17.8000,5.8412,18.7800,38455.8965,0,192725.0000,327922.0000
2026-06-01,2026,6,Atlantico,4,Prendas de vestir y textiles,0,78.5798,24.3000,6.1411,19.1900,46647.1828,17.8000,5.8412,18.7800,38455.8965,0,49621.0000,62836.0000
2026-06-01,2026,6,Atlantico,8,Electrodomesticos y muebles,1,123.4277,24.3000,6.1411,19.1900,46647.1828,17.8000,5.8412,18.7800,38455.8965,0,49621.0000,62836.0000
2026-06-01,2026,6,Atlantico,9,Articulos y utensilios domesticos,0,189.7111,24.3000,6.1411,19.1900,46647.1828,17.8000,5.8412,18.7800,38455.8965,0,49621.0000,62836.0000
2026-06-01,2026,6,Atlantico,10,Aseo del hogar,0,150.8179,24.3000,6.1411,19.1900,46647.1828,17.8000,5.8412,18.7800,38455.8965,0,49621.0000,62836.0000
2026-06-01,2026,6,Atlantico,11,Informatica y telecomunicaciones,0,253.3621,24.3000,6.1411,19.1900,46647.1828,17.8000,5.8412,18.7800,38455.8965,0,49621.0000,62836.0000
2026-06-01,2026,6,Atlantico,12,Sonido y video,0,233.3258,24.3000,6.1411,19.1900,46647.1828,17.8000,5.8412,18.7800,38455.8965,0,49621.0000,62836.0000
2026-06-01,2026,6,Atlantico,14,"Ferreteria, vidrios y pinturas",0,86.7133,24.3000,6.1411,19.1900,46647.1828,17.8000,5.8412,18.7800,38455.8965,0,49621.0000,62836.0000
2026-06-01,2026,6,Atlantico,15,Otras mercancias de uso domestico,0,117.5946,24.3000,6.1411,19.1900,46647.1828,17.8000,5.8412,18.7800,38455.8965,0,49621.0000,62836.0000
2026-06-01,2026,6,Bogota,4,Prendas de vestir y textiles,0,131.0783,24.3000,6.1411,19.1900,46647.1828,17.8000,5.8412,18.7800,38455.8965,0,302542.0000,246865.0000
2026-06-01,2026,6,Bogota,8,Electrodomesticos y muebles,1,186.2801,24.3000,6.1411,19.1900,46647.1828,17.8000,5.8412,18.7800,38455.8965,0,302542.0000,246865.0000
2026-06-01,2026,6,Bogota,9,Articulos y utensilios domesticos,0,181.4577,24.3000,6.1411,19.1900,46647.1828,17.8000,5.8412,18.7800,38455.8965,0,302542.0000,246865.0000
2026-06-01,2026,6,Bogota,10,Aseo del hogar,0,136.0068,24.3000,6.1411,19.1900,46647.1828,17.8000,5.8412,18.7800,38455.8965,0,302542.0000,246865.0000
2026-06-01,2026,6,Bogota,11,Informatica y telecomunicaciones,0,264.6879,24.3000,6.1411,19.1900,46647.1828,17.8000,5.8412,18.7800,38455.8965,0,302542.0000,246865.0000
2026-06-01,2026,6,Bogota,12,Sonido y video,0,339.6494,24.3000,6.1411,19.1900,46647.1828,17.8000,5.8412,18.7800,38455.8965,0,302542.0000,246865.0000
2026-06-01,2026,6,Bogota,14,"Ferreteria, vidrios y pinturas",0,134.4237,24.3000,6.1411,19.1900,46647.1828,17.8000,5.8412,18.7800,38455.8965,0,302542.0000,246865.0000
2026-06-01,2026,6,Bogota,15,Otras mercancias de uso domestico,0,142.9994,24.3000,6.1411,19.1900,46647.1828,17.8000,5.8412,18.7800,38455.8965,0,302542.0000,246865.0000
2026-06-01,2026,6,Cundinamarca,4,Prendas de vestir y textiles,0,128.0381,24.3000,6.1411,19.1900,46647.1828,17.8000,5.8412,18.7800,38455.8965,0,105327.0000,191006.0000
2026-06-01,2026,6,Cundinamarca,8,Electrodomesticos y muebles,1,252.8165,24.3000,6.1411,19.1900,46647.1828,17.8000,5.8412,18.7800,38455.8965,0,105327.0000,191006.0000
2026-06-01,2026,6,Cundinamarca,9,Articulos y utensilios domesticos,0,211.4637,24.3000,6.1411,19.1900,46647.1828,17.8000,5.8412,18.7800,38455.8965,0,105327.0000,191006.0000
2026-06-01,2026,6,Cundinamarca,10,Aseo del hogar,0,222.1479,24.3000,6.1411,19.1900,46647.1828,17.8000,5.8412,18.7800,38455.8965,0,105327.0000,191006.0000
2026-06-01,2026,6,Cundinamarca,11,Informatica y telecomunicaciones,0,311.1615,24.3000,6.1411,19.1900,46647.1828,17.8000,5.8412,18.7800,38455.8965,0,105327.0000,191006.0000
2026-06-01,2026,6,Cundinamarca,12,Sonido y video,0,413.4071,24.3000,6.1411,19.1900,46647.1828,17.8000,5.8412,18.7800,38455.8965,0,105327.0000,191006.0000
2026-06-01,2026,6,Cundinamarca,14,"Ferreteria, vidrios y pinturas",0,186.1587,24.3000,6.1411,19.1900,46647.1828,17.8000,5.8412,18.7800,38455.8965,0,105327.0000,191006.0000
2026-06-01,2026,6,Cundinamarca,15,Otras mercancias de uso domestico,0,193.1370,24.3000,6.1411,19.1900,46647.1828,17.8000,5.8412,18.7800,38455.8965,0,105327.0000,191006.0000
2026-06-01,2026,6,Santander,4,Prendas de vestir y textiles,0,99.0366,24.3000,6.1411,19.1900,46647.1828,17.8000,5.8412,18.7800,38455.8965,0,48749.0000,34126.0000
2026-06-01,2026,6,Santander,8,Electrodomesticos y muebles,1,158.9564,24.3000,6.1411,19.1900,46647.1828,17.8000,5.8412,18.7800,38455.8965,0,48749.0000,34126.0000
2026-06-01,2026,6,Santander,9,Articulos y utensilios domesticos,0,153.1562,24.3000,6.1411,19.1900,46647.1828,17.8000,5.8412,18.7800,38455.8965,0,48749.0000,34126.0000
2026-06-01,2026,6,Santander,10,Aseo del hogar,0,150.8962,24.3000,6.1411,19.1900,46647.1828,17.8000,5.8412,18.7800,38455.8965,0,48749.0000,34126.0000
2026-06-01,2026,6,Santander,11,Informatica y telecomunicaciones,0,238.6577,24.3000,6.1411,19.1900,46647.1828,17.8000,5.8412,18.7800,38455.8965,0,48749.0000,34126.0000
2026-06-01,2026,6,Santander,12,Sonido y video,0,300.5198,24.3000,6.1411,19.1900,46647.1828,17.8000,5.8412,18.7800,38455.8965,0,48749.0000,34126.0000
2026-06-01,2026,6,Santander,14,"Ferreteria, vidrios y pinturas",0,110.8205,24.3000,6.1411,19.1900,46647.1828,17.8000,5.8412,18.7800,38455.8965,0,48749.0000,34126.0000
2026-06-01,2026,6,Santander,15,Otras mercancias de uso domestico,0,183.0344,24.3000,6.1411,19.1900,46647.1828,17.8000,5.8412,18.7800,38455.8965,0,48749.0000,34126.0000
2026-06-01,2026,6,Valle del Cauca,4,Prendas de vestir y textiles,0,95.9882,24.3000,6.1411,19.1900,46647.1828,17.8000,5.8412,18.7800,38455.8965,0,84503.0000,125647.0000
2026-06-01,2026,6,Valle del Cauca,8,Electrodomesticos y muebles,1,116.1371,24.3000,6.1411,19.1900,46647.1828,17.8000,5.8412,18.7800,38455.8965,0,84503.0000,125647.0000
2026-06-01,2026,6,Valle del Cauca,9,Articulos y utensilios domesticos,0,143.5302,24.3000,6.1411,19.1900,46647.1828,17.8000,5.8412,18.7800,38455.8965,0,84503.0000,125647.0000
2026-06-01,2026,6,Valle del Cauca,10,Aseo del hogar,0,146.6545,24.3000,6.1411,19.1900,46647.1828,17.8000,5.8412,18.7800,38455.8965,0,84503.0000,125647.0000
2026-06-01,2026,6,Valle del Cauca,11,Informatica y telecomunicaciones,0,179.2914,24.3000,6.1411,19.1900,46647.1828,17.8000,5.8412,18.7800,38455.8965,0,84503.0000,125647.0000
2026-06-01,2026,6,Valle del Cauca,12,Sonido y video,0,254.6397,24.3000,6.1411,19.1900,46647.1828,17.8000,5.8412,18.7800,38455.8965,0,84503.0000,125647.0000
2026-06-01,2026,6,Valle del Cauca,14,"Ferreteria, vidrios y pinturas",0,79.7622,24.3000,6.1411,19.1900,46647.1828,17.8000,5.8412,18.7800,38455.8965,0,84503.0000,125647.0000
2026-06-01,2026,6,Valle del Cauca,15,Otras mercancias de uso domestico,0,93.7460,24.3000,6.1411,19.1900,46647.1828,17.8000,5.8412,18.7800,38455.8965,0,84503.0000,125647.0000
2026-06-01,2026,6,Otros departamentos,4,Prendas de vestir y textiles,0,117.8808,24.3000,6.1411,19.1900,46647.1828,17.8000,5.8412,18.7800,38455.8965,0,368967.0000,463642.0000
2026-06-01,2026,6,Otros departamentos,8,Electrodomesticos y muebles,1,190.5709,24.3000,6.1411,19.1900,46647.1828,17.8000,5.8412,18.7800,38455.8965,0,368967.0000,463642.0000
2026-06-01,2026,6,Otros departamentos,9,Articulos y utensilios domesticos,0,150.1248,24.3000,6.1411,19.1900,46647.1828,17.8000,5.8412,18.7800,38455.8965,0,368967.0000,463642.0000
2026-06-01,2026,6,Otros departamentos,10,Aseo del hogar,0,148.9441,24.3000,6.1411,19.1900,46647.1828,17.8000,5.8412,18.7800,38455.8965,0,368967.0000,463642.0000
2026-06-01,2026,6,Otros departamentos,11,Informatica y telecomunicaciones,0,337.2281,24.3000,6.1411,19.1900,46647.1828,17.8000,5.8412,18.7800,38455.8965,0,368967.0000,463642.0000
2026-06-01,2026,6,Otros departamentos,12,Sonido y video,0,326.0348,24.3000,6.1411,19.1900,46647.1828,17.8000,5.8412,18.7800,38455.8965,0,368967.0000,463642.0000
2026-06-01,2026,6,Otros departamentos,14,"Ferreteria, vidrios y pinturas",0,111.0294,24.3000,6.1411,19.1900,46647.1828,17.8000,5.8412,18.7800,38455.8965,0,368967.0000,463642.0000
2026-06-01,2026,6,Otros departamentos,15,Otras mercancias de uso domestico,0,126.9981,24.3000,6.1411,19.1900,46647.1828,17.8000,5.8412,18.7800,38455.8965,0,368967.0000,463642.0000
2026-07-01,2026,7,Antioquia,4,Prendas de vestir y textiles,0,88.4942,20.7000,6.0248,19.1900,61858.2972,24.3000,6.1411,19.1900,46647.1828,0,211429.0000,192725.0000
2026-07-01,2026,7,Antioquia,8,Electrodomesticos y muebles,1,167.0187,20.7000,6.0248,19.1900,61858.2972,24.3000,6.1411,19.1900,46647.1828,0,211429.0000,192725.0000
2026-07-01,2026,7,Antioquia,9,Articulos y utensilios domesticos,0,161.2708,20.7000,6.0248,19.1900,61858.2972,24.3000,6.1411,19.1900,46647.1828,0,211429.0000,192725.0000
2026-07-01,2026,7,Antioquia,10,Aseo del hogar,0,154.4627,20.7000,6.0248,19.1900,61858.2972,24.3000,6.1411,19.1900,46647.1828,0,211429.0000,192725.0000
2026-07-01,2026,7,Antioquia,11,Informatica y telecomunicaciones,0,334.5229,20.7000,6.0248,19.1900,61858.2972,24.3000,6.1411,19.1900,46647.1828,0,211429.0000,192725.0000
2026-07-01,2026,7,Antioquia,12,Sonido y video,0,225.7321,20.7000,6.0248,19.1900,61858.2972,24.3000,6.1411,19.1900,46647.1828,0,211429.0000,192725.0000
2026-07-01,2026,7,Antioquia,14,"Ferreteria, vidrios y pinturas",0,111.9758,20.7000,6.0248,19.1900,61858.2972,24.3000,6.1411,19.1900,46647.1828,0,211429.0000,192725.0000
2026-07-01,2026,7,Antioquia,15,Otras mercancias de uso domestico,0,153.3528,20.7000,6.0248,19.1900,61858.2972,24.3000,6.1411,19.1900,46647.1828,0,211429.0000,192725.0000
2026-07-01,2026,7,Atlantico,4,Prendas de vestir y textiles,0,81.9170,20.7000,6.0248,19.1900,61858.2972,24.3000,6.1411,19.1900,46647.1828,0,117438.0000,49621.0000
2026-07-01,2026,7,Atlantico,8,Electrodomesticos y muebles,1,150.4628,20.7000,6.0248,19.1900,61858.2972,24.3000,6.1411,19.1900,46647.1828,0,117438.0000,49621.0000
2026-07-01,2026,7,Atlantico,9,Articulos y utensilios domesticos,0,173.5907,20.7000,6.0248,19.1900,61858.2972,24.3000,6.1411,19.1900,46647.1828,0,117438.0000,49621.0000
2026-07-01,2026,7,Atlantico,10,Aseo del hogar,0,153.5372,20.7000,6.0248,19.1900,61858.2972,24.3000,6.1411,19.1900,46647.1828,0,117438.0000,49621.0000
2026-07-01,2026,7,Atlantico,11,Informatica y telecomunicaciones,0,241.2339,20.7000,6.0248,19.1900,61858.2972,24.3000,6.1411,19.1900,46647.1828,0,117438.0000,49621.0000
2026-07-01,2026,7,Atlantico,12,Sonido y video,0,140.6190,20.7000,6.0248,19.1900,61858.2972,24.3000,6.1411,19.1900,46647.1828,0,117438.0000,49621.0000
2026-07-01,2026,7,Atlantico,14,"Ferreteria, vidrios y pinturas",0,96.6145,20.7000,6.0248,19.1900,61858.2972,24.3000,6.1411,19.1900,46647.1828,0,117438.0000,49621.0000
2026-07-01,2026,7,Atlantico,15,Otras mercancias de uso domestico,0,130.7350,20.7000,6.0248,19.1900,61858.2972,24.3000,6.1411,19.1900,46647.1828,0,117438.0000,49621.0000
2026-07-01,2026,7,Bogota,4,Prendas de vestir y textiles,0,122.4469,20.7000,6.0248,19.1900,61858.2972,24.3000,6.1411,19.1900,46647.1828,0,115597.0000,302542.0000
2026-07-01,2026,7,Bogota,8,Electrodomesticos y muebles,1,188.0947,20.7000,6.0248,19.1900,61858.2972,24.3000,6.1411,19.1900,46647.1828,0,115597.0000,302542.0000
2026-07-01,2026,7,Bogota,9,Articulos y utensilios domesticos,0,191.6371,20.7000,6.0248,19.1900,61858.2972,24.3000,6.1411,19.1900,46647.1828,0,115597.0000,302542.0000
2026-07-01,2026,7,Bogota,10,Aseo del hogar,0,149.8138,20.7000,6.0248,19.1900,61858.2972,24.3000,6.1411,19.1900,46647.1828,0,115597.0000,302542.0000
2026-07-01,2026,7,Bogota,11,Informatica y telecomunicaciones,0,275.6916,20.7000,6.0248,19.1900,61858.2972,24.3000,6.1411,19.1900,46647.1828,0,115597.0000,302542.0000
2026-07-01,2026,7,Bogota,12,Sonido y video,0,238.2986,20.7000,6.0248,19.1900,61858.2972,24.3000,6.1411,19.1900,46647.1828,0,115597.0000,302542.0000
2026-07-01,2026,7,Bogota,14,"Ferreteria, vidrios y pinturas",0,128.4407,20.7000,6.0248,19.1900,61858.2972,24.3000,6.1411,19.1900,46647.1828,0,115597.0000,302542.0000
2026-07-01,2026,7,Bogota,15,Otras mercancias de uso domestico,0,147.8508,20.7000,6.0248,19.1900,61858.2972,24.3000,6.1411,19.1900,46647.1828,0,115597.0000,302542.0000
2026-07-01,2026,7,Cundinamarca,4,Prendas de vestir y textiles,0,128.2822,20.7000,6.0248,19.1900,61858.2972,24.3000,6.1411,19.1900,46647.1828,0,164004.0000,105327.0000
2026-07-01,2026,7,Cundinamarca,8,Electrodomesticos y muebles,1,316.2646,20.7000,6.0248,19.1900,61858.2972,24.3000,6.1411,19.1900,46647.1828,0,164004.0000,105327.0000
2026-07-01,2026,7,Cundinamarca,9,Articulos y utensilios domesticos,0,216.7446,20.7000,6.0248,19.1900,61858.2972,24.3000,6.1411,19.1900,46647.1828,0,164004.0000,105327.0000
2026-07-01,2026,7,Cundinamarca,10,Aseo del hogar,0,219.9858,20.7000,6.0248,19.1900,61858.2972,24.3000,6.1411,19.1900,46647.1828,0,164004.0000,105327.0000
2026-07-01,2026,7,Cundinamarca,11,Informatica y telecomunicaciones,0,329.3054,20.7000,6.0248,19.1900,61858.2972,24.3000,6.1411,19.1900,46647.1828,0,164004.0000,105327.0000
2026-07-01,2026,7,Cundinamarca,12,Sonido y video,0,285.4704,20.7000,6.0248,19.1900,61858.2972,24.3000,6.1411,19.1900,46647.1828,0,164004.0000,105327.0000
2026-07-01,2026,7,Cundinamarca,14,"Ferreteria, vidrios y pinturas",0,150.2615,20.7000,6.0248,19.1900,61858.2972,24.3000,6.1411,19.1900,46647.1828,0,164004.0000,105327.0000
2026-07-01,2026,7,Cundinamarca,15,Otras mercancias de uso domestico,0,198.4455,20.7000,6.0248,19.1900,61858.2972,24.3000,6.1411,19.1900,46647.1828,0,164004.0000,105327.0000
2026-07-01,2026,7,Santander,4,Prendas de vestir y textiles,0,92.2303,20.7000,6.0248,19.1900,61858.2972,24.3000,6.1411,19.1900,46647.1828,0,61373.0000,48749.0000
2026-07-01,2026,7,Santander,8,Electrodomesticos y muebles,1,178.8343,20.7000,6.0248,19.1900,61858.2972,24.3000,6.1411,19.1900,46647.1828,0,61373.0000,48749.0000
2026-07-01,2026,7,Santander,9,Articulos y utensilios domesticos,0,166.3726,20.7000,6.0248,19.1900,61858.2972,24.3000,6.1411,19.1900,46647.1828,0,61373.0000,48749.0000
2026-07-01,2026,7,Santander,10,Aseo del hogar,0,159.8586,20.7000,6.0248,19.1900,61858.2972,24.3000,6.1411,19.1900,46647.1828,0,61373.0000,48749.0000
2026-07-01,2026,7,Santander,11,Informatica y telecomunicaciones,0,292.9099,20.7000,6.0248,19.1900,61858.2972,24.3000,6.1411,19.1900,46647.1828,0,61373.0000,48749.0000
2026-07-01,2026,7,Santander,12,Sonido y video,0,206.2939,20.7000,6.0248,19.1900,61858.2972,24.3000,6.1411,19.1900,46647.1828,0,61373.0000,48749.0000
2026-07-01,2026,7,Santander,14,"Ferreteria, vidrios y pinturas",0,99.3575,20.7000,6.0248,19.1900,61858.2972,24.3000,6.1411,19.1900,46647.1828,0,61373.0000,48749.0000
2026-07-01,2026,7,Santander,15,Otras mercancias de uso domestico,0,163.6442,20.7000,6.0248,19.1900,61858.2972,24.3000,6.1411,19.1900,46647.1828,0,61373.0000,48749.0000
2026-07-01,2026,7,Valle del Cauca,4,Prendas de vestir y textiles,0,97.8935,20.7000,6.0248,19.1900,61858.2972,24.3000,6.1411,19.1900,46647.1828,0,131119.0000,84503.0000
2026-07-01,2026,7,Valle del Cauca,8,Electrodomesticos y muebles,1,124.6925,20.7000,6.0248,19.1900,61858.2972,24.3000,6.1411,19.1900,46647.1828,0,131119.0000,84503.0000
2026-07-01,2026,7,Valle del Cauca,9,Articulos y utensilios domesticos,0,160.1543,20.7000,6.0248,19.1900,61858.2972,24.3000,6.1411,19.1900,46647.1828,0,131119.0000,84503.0000
2026-07-01,2026,7,Valle del Cauca,10,Aseo del hogar,0,158.6019,20.7000,6.0248,19.1900,61858.2972,24.3000,6.1411,19.1900,46647.1828,0,131119.0000,84503.0000
2026-07-01,2026,7,Valle del Cauca,11,Informatica y telecomunicaciones,0,155.6783,20.7000,6.0248,19.1900,61858.2972,24.3000,6.1411,19.1900,46647.1828,0,131119.0000,84503.0000
2026-07-01,2026,7,Valle del Cauca,12,Sonido y video,0,190.2867,20.7000,6.0248,19.1900,61858.2972,24.3000,6.1411,19.1900,46647.1828,0,131119.0000,84503.0000
2026-07-01,2026,7,Valle del Cauca,14,"Ferreteria, vidrios y pinturas",0,91.6814,20.7000,6.0248,19.1900,61858.2972,24.3000,6.1411,19.1900,46647.1828,0,131119.0000,84503.0000
2026-07-01,2026,7,Valle del Cauca,15,Otras mercancias de uso domestico,0,100.4998,20.7000,6.0248,19.1900,61858.2972,24.3000,6.1411,19.1900,46647.1828,0,131119.0000,84503.0000
2026-07-01,2026,7,Otros departamentos,4,Prendas de vestir y textiles,0,95.1044,20.7000,6.0248,19.1900,61858.2972,24.3000,6.1411,19.1900,46647.1828,0,361486.0000,368967.0000
2026-07-01,2026,7,Otros departamentos,8,Electrodomesticos y muebles,1,198.9896,20.7000,6.0248,19.1900,61858.2972,24.3000,6.1411,19.1900,46647.1828,0,361486.0000,368967.0000
2026-07-01,2026,7,Otros departamentos,9,Articulos y utensilios domesticos,0,166.0437,20.7000,6.0248,19.1900,61858.2972,24.3000,6.1411,19.1900,46647.1828,0,361486.0000,368967.0000
2026-07-01,2026,7,Otros departamentos,10,Aseo del hogar,0,153.6684,20.7000,6.0248,19.1900,61858.2972,24.3000,6.1411,19.1900,46647.1828,0,361486.0000,368967.0000
2026-07-01,2026,7,Otros departamentos,11,Informatica y telecomunicaciones,0,308.8205,20.7000,6.0248,19.1900,61858.2972,24.3000,6.1411,19.1900,46647.1828,0,361486.0000,368967.0000
2026-07-01,2026,7,Otros departamentos,12,Sonido y video,0,227.9854,20.7000,6.0248,19.1900,61858.2972,24.3000,6.1411,19.1900,46647.1828,0,361486.0000,368967.0000
2026-07-01,2026,7,Otros departamentos,14,"Ferreteria, vidrios y pinturas",0,132.7941,20.7000,6.0248,19.1900,61858.2972,24.3000,6.1411,19.1900,46647.1828,0,361486.0000,368967.0000
2026-07-01,2026,7,Otros departamentos,15,Otras mercancias de uso domestico,0,122.0894,20.7000,6.0248,19.1900,61858.2972,24.3000,6.1411,19.1900,46647.1828,0,361486.0000,368967.0000
