fecha,anio,mes,departamento,linea_codigo,linea,es_muebles,indice_ventas_real,icc,inflacion_anual,tasa_consumo,importaciones_muebles_usd_miles,icc_rez1,inflacion_anual_rez1,tasa_consumo_rez1,importaciones_muebles_usd_miles_rez1,covid,area_vivienda_m2,area_vivienda_m2_rez1
2019-01-01,2019,1,Antioquia,4,Prendas de vestir y textiles,0,84.0887,-2.8000,3.1477,19.1600,35394.7523,-8.3000,3.1779,19.4000,33042.9878,0,232741.0000,
2019-01-01,2019,1,Antioquia,8,Electrodomesticos y muebles,1,102.0791,-2.8000,3.1477,19.1600,35394.7523,-8.3000,3.1779,19.4000,33042.9878,0,232741.0000,
2019-01-01,2019,1,Antioquia,9,Articulos y utensilios domesticos,0,83.7883,-2.8000,3.1477,19.1600,35394.7523,-8.3000,3.1779,19.4000,33042.9878,0,232741.0000,
2019-01-01,2019,1,Antioquia,10,Aseo del hogar,0,91.2822,-2.8000,3.1477,19.1600,35394.7523,-8.3000,3.1779,19.4000,33042.9878,0,232741.0000,
2019-01-01,2019,1,Antioquia,11,Informatica y telecomunicaciones,0,72.4723,-2.8000,3.1477,19.1600,35394.7523,-8.3000,3.1779,19.4000,33042.9878,0,232741.0000,
2019-01-01,2019,1,Antioquia,12,Sonido y video,0,78.6773,-2.8000,3.1477,19.1600,35394.7523,-8.3000,3.1779,19.4000,33042.9878,0,232741.0000,
2019-01-01,2019,1,Antioquia,14,"Ferreteria, vidrios y pinturas",0,94.8086,-2.8000,3.1477,19.1600,35394.7523,-8.3000,3.1779,19.4000,33042.9878,0,232741.0000,
2019-01-01,2019,1,Antioquia,15,Otras mercancias de uso domestico,0,82.5226,-2.8000,3.1477,19.1600,35394.7523,-8.3000,3.1779,19.4000,33042.9878,0,232741.0000,
2019-01-01,2019,1,Atlantico,4,Prendas de vestir y textiles,0,77.8703,-2.8000,3.1477,19.1600,35394.7523,-8.3000,3.1779,19.4000,33042.9878,0,142765.0000,
2019-01-01,2019,1,Atlantico,8,Electrodomesticos y muebles,1,81.6690,-2.8000,3.1477,19.1600,35394.7523,-8.3000,3.1779,19.4000,33042.9878,0,142765.0000,
2019-01-01,2019,1,Atlantico,9,Articulos y utensilios domesticos,0,94.8979,-2.8000,3.1477,19.1600,35394.7523,-8.3000,3.1779,19.4000,33042.9878,0,142765.0000,
2019-01-01,2019,1,Atlantico,10,Aseo del hogar,0,95.0897,-2.8000,3.1477,19.1600,35394.7523,-8.3000,3.1779,19.4000,33042.9878,0,142765.0000,
2019-01-01,2019,1,Atlantico,11,Informatica y telecomunicaciones,0,75.3658,-2.8000,3.1477,19.1600,35394.7523,-8.3000,3.1779,19.4000,33042.9878,0,142765.0000,
2019-01-01,2019,1,Atlantico,12,Sonido y video,0,73.0723,-2.8000,3.1477,19.1600,35394.7523,-8.3000,3.1779,19.4000,33042.9878,0,142765.0000,
2019-01-01,2019,1,Atlantico,14,"Ferreteria, vidrios y pinturas",0,86.6301,-2.8000,3.1477,19.1600,35394.7523,-8.3000,3.1779,19.4000,33042.9878,0,142765.0000,
2019-01-01,2019,1,Atlantico,15,Otras mercancias de uso domestico,0,81.6158,-2.8000,3.1477,19.1600,35394.7523,-8.3000,3.1779,19.4000,33042.9878,0,142765.0000,
2019-01-01,2019,1,Bogota,4,Prendas de vestir y textiles,0,74.3027,-2.8000,3.1477,19.1600,35394.7523,-8.3000,3.1779,19.4000,33042.9878,0,167676.0000,
2019-01-01,2019,1,Bogota,8,Electrodomesticos y muebles,1,87.3942,-2.8000,3.1477,19.1600,35394.7523,-8.3000,3.1779,19.4000,33042.9878,0,167676.0000,
2019-01-01,2019,1,Bogota,9,Articulos y utensilios domesticos,0,95.6481,-2.8000,3.1477,19.1600,35394.7523,-8.3000,3.1779,19.4000,33042.9878,0,167676.0000,
2019-01-01,2019,1,Bogota,10,Aseo del hogar,0,97.2534,-2.8000,3.1477,19.1600,35394.7523,-8.3000,3.1779,19.4000,33042.9878,0,167676.0000,
2019-01-01,2019,1,Bogota,11,Informatica y telecomunicaciones,0,77.6113,-2.8000,3.1477,19.1600,35394.7523,-8.3000,3.1779,19.4000,33042.9878,0,167676.0000,
2019-01-01,2019,1,Bogota,12,Sonido y video,0,66.0073,-2.8000,3.1477,19.1600,35394.7523,-8.3000,3.1779,19.4000,33042.9878,0,167676.0000,
2019-01-01,2019,1,Bogota,14,"Ferreteria, vidrios y pinturas",0,79.8526,-2.8000,3.1477,19.1600,35394.7523,-8.3000,3.1779,19.4000,33042.9878,0,167676.0000,
2019-01-01,2019,1,Bogota,15,Otras mercancias de uso domestico,0,83.0275,-2.8000,3.1477,19.1600,35394.7523,-8.3000,3.1779,19.4000,33042.9878,0,167676.0000,
2019-01-01,2019,1,Cundinamarca,4,Prendas de vestir y textiles,0,80.1648,-2.8000,3.1477,19.1600,35394.7523,-8.3000,3.1779,19.4000,33042.9878,0,75419.0000,
2019-01-01,2019,1,Cundinamarca,8,Electrodomesticos y muebles,1,79.8270,-2.8000,3.1477,19.1600,35394.7523,-8.3000,3.1779,19.4000,33042.9878,0,75419.0000,
2019-01-01,2019,1,Cundinamarca,9,Articulos y utensilios domesticos,0,88.8676,-2.8000,3.1477,19.1600,35394.7523,-8.3000,3.1779,19.4000,33042.9878,0,75419.0000,
2019-01-01,2019,1,Cundinamarca,10,Aseo del hogar,0,99.0103,-2.8000,3.1477,19.1600,35394.7523,-8.3000,3.1779,19.4000,33042.9878,0,75419.0000,
2019-01-01,2019,1,Cundinamarca,11,Informatica y telecomunicaciones,0,75.5232,-2.8000,3.1477,19.1600,35394.7523,-8.3000,3.1779,19.4000,33042.9878,0,75419.0000,
2019-01-01,2019,1,Cundinamarca,12,Sonido y video,0,79.2152,-2.8000,3.1477,19.1600,35394.7523,-8.3000,3.1779,19.4000,33042.9878,0,75419.0000,
2019-01-01,2019,1,Cundinamarca,14,"Ferreteria, vidrios y pinturas",0,92.5740,-2.8000,3.1477,19.1600,35394.7523,-8.3000,3.1779,19.4000,33042.9878,0,75419.0000,
2019-01-01,2019,1,Cundinamarca,15,Otras mercancias de uso domestico,0,93.1495,-2.8000,3.1477,19.1600,35394.7523,-8.3000,3.1779,19.4000,33042.9878,0,75419.0000,
2019-01-01,2019,1,Santander,4,Prendas de vestir y textiles,0,81.0272,-2.8000,3.1477,19.1600,35394.7523,-8.3000,3.1779,19.4000,33042.9878,0,33899.0000,
2019-01-01,2019,1,Santander,8,Electrodomesticos y muebles,1,89.0670,-2.8000,3.1477,19.1600,35394.7523,-8.3000,3.1779,19.4000,33042.9878,0,33899.0000,
2019-01-01,2019,1,Santander,9,Articulos y utensilios domesticos,0,85.5241,-2.8000,3.1477,19.1600,35394.7523,-8.3000,3.1779,19.4000,33042.9878,0,33899.0000,
2019-01-01,2019,1,Santander,10,Aseo del hogar,0,100.0939,-2.8000,3.1477,19.1600,35394.7523,-8.3000,3.1779,19.4000,33042.9878,0,33899.0000,
2019-01-01,2019,1,Santander,11,Informatica y telecomunicaciones,0,78.6756,-2.8000,3.1477,19.1600,35394.7523,-8.3000,3.1779,19.4000,33042.9878,0,33899.0000,
2019-01-01,2019,1,Santander,12,Sonido y video,0,65.1698,-2.8000,3.1477,19.1600,35394.7523,-8.3000,3.1779,19.4000,33042.9878,0,33899.0000,
2019-01-01,2019,1,Santander,14,"Ferreteria, vidrios y pinturas",0,86.5654,-2.8000,3.1477,19.1600,35394.7523,-8.3000,3.1779,19.4000,33042.9878,0,33899.0000,
2019-01-01,2019,1,Santander,15,Otras mercancias de uso domestico,0,83.0714,-2.8000,3.1477,19.1600,35394.7523,-8.3000,3.1779,19.4000,33042.9878,0,33899.0000,
2019-01-01,2019,1,Valle del Cauca,4,Prendas de vestir y textiles,0,83.0436,-2.8000,3.1477,19.1600,35394.7523,-8.3000,3.1779,19.4000,33042.9878,0,279828.0000,
2019-01-01,2019,1,Valle del Cauca,8,Electrodomesticos y muebles,1,92.7645,-2.8000,3.1477,19.1600,35394.7523,-8.3000,3.1779,19.4000,33042.9878,0,279828.0000,
2019-01-01,2019,1,Valle del Cauca,9,Articulos y utensilios domesticos,0,88.9207,-2.8000,3.1477,19.1600,35394.7523,-8.3000,3.1779,19.4000,33042.9878,0,279828.0000,
2019-01-01,2019,1,Valle del Cauca,10,Aseo del hogar,0,104.8124,-2.8000,3.1477,19.1600,35394.7523,-8.3000,3.1779,19.4000,33042.9878,0,279828.0000,
2019-01-01,2019,1,Valle del Cauca,11,Informatica y telecomunicaciones,0,78.7085,-2.8000,3.1477,19.1600,35394.7523,-8.3000,3.1779,19.4000,33042.9878,0,279828.0000,
2019-01-01,2019,1,Valle del Cauca,12,Sonido y video,0,59.4953,-2.8000,3.1477,19.1600,35394.7523,-8.3000,3.1779,19.4000,33042.9878,0,279828.0000,
2019-01-01,2019,1,Valle del Cauca,14,"Ferreteria, vidrios y pinturas",0,88.1302,-2.8000,3.1477,19.1600,35394.7523,-8.3000,3.1779,19.4000,33042.9878,0,279828.0000,
2019-01-01,2019,1,Valle del Cauca,15,Otras mercancias de uso domestico,0,92.9385,-2.8000,3.1477,19.1600,35394.7523,-8.3000,3.1779,19.4000,33042.9878,0,279828.0000,
2019-01-01,2019,1,Otros departamentos,4,Prendas de vestir y textiles,0,70.9184,-2.8000,3.1477,19.1600,35394.7523,-8.3000,3.1779,19.4000,33042.9878,0,381407.0000,
2019-01-01,2019,1,Otros departamentos,8,Electrodomesticos y muebles,1,89.5227,-2.8000,3.1477,19.1600,35394.7523,-8.3000,3.1779,19.4000,33042.9878,0,381407.0000,
2019-01-01,2019,1,Otros departamentos,9,Articulos y utensilios domesticos,0,102.3338,-2.8000,3.1477,19.1600,35394.7523,-8.3000,3.1779,19.4000,33042.9878,0,381407.0000,
2019-01-01,2019,1,Otros departamentos,10,Aseo del hogar,0,95.1013,-2.8000,3.1477,19.1600,35394.7523,-8.3000,3.1779,19.4000,33042.9878,0,381407.0000,
2019-01-01,2019,1,Otros departamentos,11,Informatica y telecomunicaciones,0,78.8448,-2.8000,3.1477,19.1600,35394.7523,-8.3000,3.1779,19.4000,33042.9878,0,381407.0000,
2019-01-01,2019,1,Otros departamentos,12,Sonido y video,0,65.6491,-2.8000,3.1477,19.1600,35394.7523,-8.3000,3.1779,19.4000,33042.9878,0,381407.0000,
2019-01-01,2019,1,Otros departamentos,14,"Ferreteria, vidrios y pinturas",0,101.0368,-2.8000,3.1477,19.1600,35394.7523,-8.3000,3.1779,19.4000,33042.9878,0,381407.0000,
2019-01-01,2019,1,Otros departamentos,15,Otras mercancias de uso domestico,0,84.7249,-2.8000,3.1477,19.1600,35394.7523,-8.3000,3.1779,19.4000,33042.9878,0,381407.0000,
2019-02-01,2019,2,Antioquia,4,Prendas de vestir y textiles,0,64.1180,-5.6000,3.0136,19.7000,31224.5745,-2.8000,3.1477,19.1600,35394.7523,0,335956.0000,232741.0000
2019-02-01,2019,2,Antioquia,8,Electrodomesticos y muebles,1,91.8312,-5.6000,3.0136,19.7000,31224.5745,-2.8000,3.1477,19.1600,35394.7523,0,335956.0000,232741.0000
2019-02-01,2019,2,Antioquia,9,Articulos y utensilios domesticos,0,78.6524,-5.6000,3.0136,19.7000,31224.5745,-2.8000,3.1477,19.1600,35394.7523,0,335956.0000,232741.0000
2019-02-01,2019,2,Antioquia,10,Aseo del hogar,0,82.5162,-5.6000,3.0136,19.7000,31224.5745,-2.8000,3.1477,19.1600,35394.7523,0,335956.0000,232741.0000
2019-02-01,2019,2,Antioquia,11,Informatica y telecomunicaciones,0,79.1833,-5.6000,3.0136,19.7000,31224.5745,-2.8000,3.1477,19.1600,35394.7523,0,335956.0000,232741.0000
2019-02-01,2019,2,Antioquia,12,Sonido y video,0,87.1578,-5.6000,3.0136,19.7000,31224.5745,-2.8000,3.1477,19.1600,35394.7523,0,335956.0000,232741.0000
2019-02-01,2019,2,Antioquia,14,"Ferreteria, vidrios y pinturas",0,87.4165,-5.6000,3.0136,19.7000,31224.5745,-2.8000,3.1477,19.1600,35394.7523,0,335956.0000,232741.0000
2019-02-01,2019,2,Antioquia,15,Otras mercancias de uso domestico,0,68.4969,-5.6000,3.0136,19.7000,31224.5745,-2.8000,3.1477,19.1600,35394.7523,0,335956.0000,232741.0000
2019-02-01,2019,2,Atlantico,4,Prendas de vestir y textiles,0,62.8781,-5.6000,3.0136,19.7000,31224.5745,-2.8000,3.1477,19.1600,35394.7523,0,23332.0000,142765.0000
2019-02-01,2019,2,Atlantico,8,Electrodomesticos y muebles,1,70.7772,-5.6000,3.0136,19.7000,31224.5745,-2.8000,3.1477,19.1600,35394.7523,0,23332.0000,142765.0000
2019-02-01,2019,2,Atlantico,9,Articulos y utensilios domesticos,0,92.3305,-5.6000,3.0136,19.7000,31224.5745,-2.8000,3.1477,19.1600,35394.7523,0,23332.0000,142765.0000
2019-02-01,2019,2,Atlantico,10,Aseo del hogar,0,92.6298,-5.6000,3.0136,19.7000,31224.5745,-2.8000,3.1477,19.1600,35394.7523,0,23332.0000,142765.0000
2019-02-01,2019,2,Atlantico,11,Informatica y telecomunicaciones,0,82.5146,-5.6000,3.0136,19.7000,31224.5745,-2.8000,3.1477,19.1600,35394.7523,0,23332.0000,142765.0000
2019-02-01,2019,2,Atlantico,12,Sonido y video,0,80.5356,-5.6000,3.0136,19.7000,31224.5745,-2.8000,3.1477,19.1600,35394.7523,0,23332.0000,142765.0000
2019-02-01,2019,2,Atlantico,14,"Ferreteria, vidrios y pinturas",0,79.6677,-5.6000,3.0136,19.7000,31224.5745,-2.8000,3.1477,19.1600,35394.7523,0,23332.0000,142765.0000
2019-02-01,2019,2,Atlantico,15,Otras mercancias de uso domestico,0,74.3897,-5.6000,3.0136,19.7000,31224.5745,-2.8000,3.1477,19.1600,35394.7523,0,23332.0000,142765.0000
2019-02-01,2019,2,Bogota,4,Prendas de vestir y textiles,0,65.1608,-5.6000,3.0136,19.7000,31224.5745,-2.8000,3.1477,19.1600,35394.7523,0,245045.0000,167676.0000
2019-02-01,2019,2,Bogota,8,Electrodomesticos y muebles,1,91.1006,-5.6000,3.0136,19.7000,31224.5745,-2.8000,3.1477,19.1600,35394.7523,0,245045.0000,167676.0000
2019-02-01,2019,2,Bogota,9,Articulos y utensilios domesticos,0,88.6031,-5.6000,3.0136,19.7000,31224.5745,-2.8000,3.1477,19.1600,35394.7523,0,245045.0000,167676.0000
2019-02-01,2019,2,Bogota,10,Aseo del hogar,0,92.8474,-5.6000,3.0136,19.7000,31224.5745,-2.8000,3.1477,19.1600,35394.7523,0,245045.0000,167676.0000
2019-02-01,2019,2,Bogota,11,Informatica y telecomunicaciones,0,86.5734,-5.6000,3.0136,19.7000,31224.5745,-2.8000,3.1477,19.1600,35394.7523,0,245045.0000,167676.0000
2019-02-01,2019,2,Bogota,12,Sonido y video,0,74.9747,-5.6000,3.0136,19.7000,31224.5745,-2.8000,3.1477,19.1600,35394.7523,0,245045.0000,167676.0000
2019-02-01,2019,2,Bogota,14,"Ferreteria, vidrios y pinturas",0,95.0155,-5.6000,3.0136,19.7000,31224.5745,-2.8000,3.1477,19.1600,35394.7523,0,245045.0000,167676.0000
2019-02-01,2019,2,Bogota,15,Otras mercancias de uso domestico,0,79.4008,-5.6000,3.0136,19.7000,31224.5745,-2.8000,3.1477,19.1600,35394.7523,0,245045.0000,167676.0000
2019-02-01,2019,2,Cundinamarca,4,Prendas de vestir y textiles,0,69.8840,-5.6000,3.0136,19.7000,31224.5745,-2.8000,3.1477,19.1600,35394.7523,0,120218.0000,75419.0000
2019-02-01,2019,2,Cundinamarca,8,Electrodomesticos y muebles,1,79.3237,-5.6000,3.0136,19.7000,31224.5745,-2.8000,3.1477,19.1600,35394.7523,0,120218.0000,75419.0000
2019-02-01,2019,2,Cundinamarca,9,Articulos y utensilios domesticos,0,71.1467,-5.6000,3.0136,19.7000,31224.5745,-2.8000,3.1477,19.1600,35394.7523,0,120218.0000,75419.0000
2019-02-01,2019,2,Cundinamarca,10,Aseo del hogar,0,87.5682,-5.6000,3.0136,19.7000,31224.5745,-2.8000,3.1477,19.1600,35394.7523,0,120218.0000,75419.0000
2019-02-01,2019,2,Cundinamarca,11,Informatica y telecomunicaciones,0,80.9805,-5.6000,3.0136,19.7000,31224.5745,-2.8000,3.1477,19.1600,35394.7523,0,120218.0000,75419.0000
2019-02-01,2019,2,Cundinamarca,12,Sonido y video,0,84.6513,-5.6000,3.0136,19.7000,31224.5745,-2.8000,3.1477,19.1600,35394.7523,0,120218.0000,75419.0000
2019-02-01,2019,2,Cundinamarca,14,"Ferreteria, vidrios y pinturas",0,88.8427,-5.6000,3.0136,19.7000,31224.5745,-2.8000,3.1477,19.1600,35394.7523,0,120218.0000,75419.0000
2019-02-01,2019,2,Cundinamarca,15,Otras mercancias de uso domestico,0,97.9781,-5.6000,3.0136,19.7000,31224.5745,-2.8000,3.1477,19.1600,35394.7523,0,120218.0000,75419.0000
2019-02-01,2019,2,Santander,4,Prendas de vestir y textiles,0,63.0115,-5.6000,3.0136,19.7000,31224.5745,-2.8000,3.1477,19.1600,35394.7523,0,49704.0000,33899.0000
2019-02-01,2019,2,Santander,8,Electrodomesticos y muebles,1,85.0210,-5.6000,3.0136,19.7000,31224.5745,-2.8000,3.1477,19.1600,35394.7523,0,49704.0000,33899.0000
2019-02-01,2019,2,Santander,9,Articulos y utensilios domesticos,0,84.9959,-5.6000,3.0136,19.7000,31224.5745,-2.8000,3.1477,19.1600,35394.7523,0,49704.0000,33899.0000
2019-02-01,2019,2,Santander,10,Aseo del hogar,0,98.0045,-5.6000,3.0136,19.7000,31224.5745,-2.8000,3.1477,19.1600,35394.7523,0,49704.0000,33899.0000
2019-02-01,2019,2,Santander,11,Informatica y telecomunicaciones,0,92.8737,-5.6000,3.0136,19.7000,31224.5745,-2.8000,3.1477,19.1600,35394.7523,0,49704.0000,33899.0000
2019-02-01,2019,2,Santander,12,Sonido y video,0,76.4212,-5.6000,3.0136,19.7000,31224.5745,-2.8000,3.1477,19.1600,35394.7523,0,49704.0000,33899.0000
2019-02-01,2019,2,Santander,14,"Ferreteria, vidrios y pinturas",0,92.2777,-5.6000,3.0136,19.7000,31224.5745,-2.8000,3.1477,19.1600,35394.7523,0,49704.0000,33899.0000
2019-02-01,2019,2,Santander,15,Otras mercancias de uso domestico,0,85.2638,-5.6000,3.0136,19.7000,31224.5745,-2.8000,3.1477,19.1600,35394.7523,0,49704.0000,33899.0000
2019-02-01,2019,2,Valle del Cauca,4,Prendas de vestir y textiles,0,68.0127,-5.6000,3.0136,19.7000,31224.5745,-2.8000,3.1477,19.1600,35394.7523,0,186642.0000,279828.0000
2019-02-01,2019,2,Valle del Cauca,8,Electrodomesticos y muebles,1,87.3018,-5.6000,3.0136,19.7000,31224.5745,-2.8000,3.1477,19.1600,35394.7523,0,186642.0000,279828.0000
2019-02-01,2019,2,Valle del Cauca,9,Articulos y utensilios domesticos,0,89.4349,-5.6000,3.0136,19.7000,31224.5745,-2.8000,3.1477,19.1600,35394.7523,0,186642.0000,279828.0000
2019-02-01,2019,2,Valle del Cauca,10,Aseo del hogar,0,104.3935,-5.6000,3.0136,19.7000,31224.5745,-2.8000,3.1477,19.1600,35394.7523,0,186642.0000,279828.0000
2019-02-01,2019,2,Valle del Cauca,11,Informatica y telecomunicaciones,0,91.1286,-5.6000,3.0136,19.7000,31224.5745,-2.8000,3.1477,19.1600,35394.7523,0,186642.0000,279828.0000
2019-02-01,2019,2,Valle del Cauca,12,Sonido y video,0,70.6296,-5.6000,3.0136,19.7000,31224.5745,-2.8000,3.1477,19.1600,35394.7523,0,186642.0000,279828.0000
2019-02-01,2019,2,Valle del Cauca,14,"Ferreteria, vidrios y pinturas",0,88.1418,-5.6000,3.0136,19.7000,31224.5745,-2.8000,3.1477,19.1600,35394.7523,0,186642.0000,279828.0000
2019-02-01,2019,2,Valle del Cauca,15,Otras mercancias de uso domestico,0,86.0658,-5.6000,3.0136,19.7000,31224.5745,-2.8000,3.1477,19.1600,35394.7523,0,186642.0000,279828.0000
2019-02-01,2019,2,Otros departamentos,4,Prendas de vestir y textiles,0,60.8828,-5.6000,3.0136,19.7000,31224.5745,-2.8000,3.1477,19.1600,35394.7523,0,459221.0000,381407.0000
2019-02-01,2019,2,Otros departamentos,8,Electrodomesticos y muebles,1,79.6372,-5.6000,3.0136,19.7000,31224.5745,-2.8000,3.1477,19.1600,35394.7523,0,459221.0000,381407.0000
2019-02-01,2019,2,Otros departamentos,9,Articulos y utensilios domesticos,0,84.3076,-5.6000,3.0136,19.7000,31224.5745,-2.8000,3.1477,19.1600,35394.7523,0,459221.0000,381407.0000
2019-02-01,2019,2,Otros departamentos,10,Aseo del hogar,0,86.4005,-5.6000,3.0136,19.7000,31224.5745,-2.8000,3.1477,19.1600,35394.7523,0,459221.0000,381407.0000
2019-02-01,2019,2,Otros departamentos,11,Informatica y telecomunicaciones,0,81.8611,-5.6000,3.0136,19.7000,31224.5745,-2.8000,3.1477,19.1600,35394.7523,0,459221.0000,381407.0000
2019-02-01,2019,2,Otros departamentos,12,Sonido y video,0,78.0336,-5.6000,3.0136,19.7000,31224.5745,-2.8000,3.1477,19.1600,35394.7523,0,459221.0000,381407.0000
2019-02-01,2019,2,Otros departamentos,14,"Ferreteria, vidrios y pinturas",0,90.0549,-5.6000,3.0136,19.7000,31224.5745,-2.8000,3.1477,19.1600,35394.7523,0,459221.0000,381407.0000
2019-02-01,2019,2,Otros departamentos,15,Otras mercancias de uso domestico,0,77.0179,-5.6000,3.0136,19.7000,31224.5745,-2.8000,3.1477,19.1600,35394.7523,0,459221.0000,381407.0000
2019-03-01,2019,3,Antioquia,4,Prendas de vestir y textiles,0,76.0217,1.2000,3.2199,19.3700,31509.3750,-5.6000,3.0136,19.7000,31224.5745,0,291196.0000,335956.0000
2019-03-01,2019,3,Antioquia,8,Electrodomesticos y muebles,1,101.1114,1.2000,3.2199,19.3700,31509.3750,-5.6000,3.0136,19.7000,31224.5745,0,291196.0000,335956.0000
2019-03-01,2019,3,Antioquia,9,Articulos y utensilios domesticos,0,101.0278,1.2000,3.2199,19.3700,31509.3750,-5.6000,3.0136,19.7000,31224.5745,0,291196.0000,335956.0000
2019-03-01,2019,3,Antioquia,10,Aseo del hogar,0,102.3815,1.2000,3.2199,19.3700,31509.3750,-5.6000,3.0136,19.7000,31224.5745,0,291196.0000,335956.0000
2019-03-01,2019,3,Antioquia,11,Informatica y telecomunicaciones,0,90.0107,1.2000,3.2199,19.3700,31509.3750,-5.6000,3.0136,19.7000,31224.5745,0,291196.0000,335956.0000
2019-03-01,2019,3,Antioquia,12,Sonido y video,0,100.0719,1.2000,3.2199,19.3700,31509.3750,-5.6000,3.0136,19.7000,31224.5745,0,291196.0000,335956.0000
2019-03-01,2019,3,Antioquia,14,"Ferreteria, vidrios y pinturas",0,98.7865,1.2000,3.2199,19.3700,31509.3750,-5.6000,3.0136,19.7000,31224.5745,0,291196.0000,335956.0000
2019-03-01,2019,3,Antioquia,15,Otras mercancias de uso domestico,0,82.1234,1.2000,3.2199,19.3700,31509.3750,-5.6000,3.0136,19.7000,31224.5745,0,291196.0000,335956.0000
2019-03-01,2019,3,Atlantico,4,Prendas de vestir y textiles,0,67.5107,1.2000,3.2199,19.3700,31509.3750,-5.6000,3.0136,19.7000,31224.5745,0,90257.0000,23332.0000
2019-03-01,2019,3,Atlantico,8,Electrodomesticos y muebles,1,91.5190,1.2000,3.2199,19.3700,31509.3750,-5.6000,3.0136,19.7000,31224.5745,0,90257.0000,23332.0000
2019-03-01,2019,3,Atlantico,9,Articulos y utensilios domesticos,0,105.0676,1.2000,3.2199,19.3700,31509.3750,-5.6000,3.0136,19.7000,31224.5745,0,90257.0000,23332.0000
2019-03-01,2019,3,Atlantico,10,Aseo del hogar,0,99.9898,1.2000,3.2199,19.3700,31509.3750,-5.6000,3.0136,19.7000,31224.5745,0,90257.0000,23332.0000
2019-03-01,2019,3,Atlantico,11,Informatica y telecomunicaciones,0,92.0210,1.2000,3.2199,19.3700,31509.3750,-5.6000,3.0136,19.7000,31224.5745,0,90257.0000,23332.0000
2019-03-01,2019,3,Atlantico,12,Sonido y video,0,80.3973,1.2000,3.2199,19.3700,31509.3750,-5.6000,3.0136,19.7000,31224.5745,0,90257.0000,23332.0000
2019-03-01,2019,3,Atlantico,14,"Ferreteria, vidrios y pinturas",0,89.8144,1.2000,3.2199,19.3700,31509.3750,-5.6000,3.0136,19.7000,31224.5745,0,90257.0000,23332.0000
2019-03-01,2019,3,Atlantico,15,Otras mercancias de uso domestico,0,84.3047,1.2000,3.2199,19.3700,31509.3750,-5.6000,3.0136,19.7000,31224.5745,0,90257.0000,23332.0000
2019-03-01,2019,3,Bogota,4,Prendas de vestir y textiles,0,81.8679,1.2000,3.2199,19.3700,31509.3750,-5.6000,3.0136,19.7000,31224.5745,0,325930.0000,245045.0000
2019-03-01,2019,3,Bogota,8,Electrodomesticos y muebles,1,109.2532,1.2000,3.2199,19.3700,31509.3750,-5.6000,3.0136,19.7000,31224.5745,0,325930.0000,245045.0000
2019-03-01,2019,3,Bogota,9,Articulos y utensilios domesticos,0,105.0139,1.2000,3.2199,19.3700,31509.3750,-5.6000,3.0136,19.7000,31224.5745,0,325930.0000,245045.0000
2019-03-01,2019,3,Bogota,10,Aseo del hogar,0,102.3461,1.2000,3.2199,19.3700,31509.3750,-5.6000,3.0136,19.7000,31224.5745,0,325930.0000,245045.0000
2019-03-01,2019,3,Bogota,11,Informatica y telecomunicaciones,0,98.5476,1.2000,3.2199,19.3700,31509.3750,-5.6000,3.0136,19.7000,31224.5745,0,325930.0000,245045.0000
2019-03-01,2019,3,Bogota,12,Sonido y video,0,90.7682,1.2000,3.2199,19.3700,31509.3750,-5.6000,3.0136,19.7000,31224.5745,0,325930.0000,245045.0000
2019-03-01,2019,3,Bogota,14,"Ferreteria, vidrios y pinturas",0,104.2953,1.2000,3.2199,19.3700,31509.3750,-5.6000,3.0136,19.7000,31224.5745,0,325930.0000,245045.0000
2019-03-01,2019,3,Bogota,15,Otras mercancias de uso domestico,0,84.2462,1.2000,3.2199,19.3700,31509.3750,-5.6000,3.0136,19.7000,31224.5745,0,325930.0000,245045.0000
2019-03-01,2019,3,Cundinamarca,4,Prendas de vestir y textiles,0,78.3044,1.2000,3.2199,19.3700,31509.3750,-5.6000,3.0136,19.7000,31224.5745,0,96575.0000,120218.0000
2019-03-01,2019,3,Cundinamarca,8,Electrodomesticos y muebles,1,110.3748,1.2000,3.2199,19.3700,31509.3750,-5.6000,3.0136,19.7000,31224.5745,0,96575.0000,120218.0000
2019-03-01,2019,3,Cundinamarca,9,Articulos y utensilios domesticos,0,88.6840,1.2000,3.2199,19.3700,31509.3750,-5.6000,3.0136,19.7000,31224.5745,0,96575.0000,120218.0000
2019-03-01,2019,3,Cundinamarca,10,Aseo del hogar,0,99.0603,1.2000,3.2199,19.3700,31509.3750,-5.6000,3.0136,19.7000,31224.5745,0,96575.0000,120218.0000
2019-03-01,2019,3,Cundinamarca,11,Informatica y telecomunicaciones,0,88.3164,1.2000,3.2199,19.3700,31509.3750,-5.6000,3.0136,19.7000,31224.5745,0,96575.0000,120218.0000
2019-03-01,2019,3,Cundinamarca,12,Sonido y video,0,101.2760,1.2000,3.2199,19.3700,31509.3750,-5.6000,3.0136,19.7000,31224.5745,0,96575.0000,120218.0000
2019-03-01,2019,3,Cundinamarca,14,"Ferreteria, vidrios y pinturas",0,91.6092,1.2000,3.2199,19.3700,31509.3750,-5.6000,3.0136,19.7000,31224.5745,0,96575.0000,120218.0000
2019-03-01,2019,3,Cundinamarca,15,Otras mercancias de uso domestico,0,103.4175,1.2000,3.2199,19.3700,31509.3750,-5.6000,3.0136,19.7000,31224.5745,0,96575.0000,120218.0000
2019-03-01,2019,3,Santander,4,Prendas de vestir y textiles,0,76.6808,1.2000,3.2199,19.3700,31509.3750,-5.6000,3.0136,19.7000,31224.5745,0,84976.0000,49704.0000
2019-03-01,2019,3,Santander,8,Electrodomesticos y muebles,1,95.1214,1.2000,3.2199,19.3700,31509.3750,-5.6000,3.0136,19.7000,31224.5745,0,84976.0000,49704.0000
2019-03-01,2019,3,Santander,9,Articulos y utensilios domesticos,0,102.9572,1.2000,3.2199,19.3700,31509.3750,-5.6000,3.0136,19.7000,31224.5745,0,84976.0000,49704.0000
2019-03-01,2019,3,Santander,10,Aseo del hogar,0,108.4179,1.2000,3.2199,19.3700,31509.3750,-5.6000,3.0136,19.7000,31224.5745,0,84976.0000,49704.0000
2019-03-01,2019,3,Santander,11,Informatica y telecomunicaciones,0,103.0220,1.2000,3.2199,19.3700,31509.3750,-5.6000,3.0136,19.7000,31224.5745,0,84976.0000,49704.0000
2019-03-01,2019,3,Santander,12,Sonido y video,0,90.8163,1.2000,3.2199,19.3700,31509.3750,-5.6000,3.0136,19.7000,31224.5745,0,84976.0000,49704.0000
2019-03-01,2019,3,Santander,14,"Ferreteria, vidrios y pinturas",0,112.8805,1.2000,3.2199,19.3700,31509.3750,-5.6000,3.0136,19.7000,31224.5745,0,84976.0000,49704.0000
2019-03-01,2019,3,Santander,15,Otras mercancias de uso domestico,0,98.3095,1.2000,3.2199,19.3700,31509.3750,-5.6000,3.0136,19.7000,31224.5745,0,84976.0000,49704.0000
2019-03-01,2019,3,Valle del Cauca,4,Prendas de vestir y textiles,0,75.8819,1.2000,3.2199,19.3700,31509.3750,-5.6000,3.0136,19.7000,31224.5745,0,102741.0000,186642.0000
2019-03-01,2019,3,Valle del Cauca,8,Electrodomesticos y muebles,1,93.1452,1.2000,3.2199,19.3700,31509.3750,-5.6000,3.0136,19.7000,31224.5745,0,102741.0000,186642.0000
2019-03-01,2019,3,Valle del Cauca,9,Articulos y utensilios domesticos,0,98.3275,1.2000,3.2199,19.3700,31509.3750,-5.6000,3.0136,19.7000,31224.5745,0,102741.0000,186642.0000
2019-03-01,2019,3,Valle del Cauca,10,Aseo del hogar,0,113.3815,1.2000,3.2199,19.3700,31509.3750,-5.6000,3.0136,19.7000,31224.5745,0,102741.0000,186642.0000
2019-03-01,2019,3,Valle del Cauca,11,Informatica y telecomunicaciones,0,102.8489,1.2000,3.2199,19.3700,31509.3750,-5.6000,3.0136,19.7000,31224.5745,0,102741.0000,186642.0000
2019-03-01,2019,3,Valle del Cauca,12,Sonido y video,0,90.8776,1.2000,3.2199,19.3700,31509.3750,-5.6000,3.0136,19.7000,31224.5745,0,102741.0000,186642.0000
2019-03-01,2019,3,Valle del Cauca,14,"Ferreteria, vidrios y pinturas",0,93.1601,1.2000,3.2199,19.3700,31509.3750,-5.6000,3.0136,19.7000,31224.5745,0,102741.0000,186642.0000
2019-03-01,2019,3,Valle del Cauca,15,Otras mercancias de uso domestico,0,84.5557,1.2000,3.2199,19.3700,31509.3750,-5.6000,3.0136,19.7000,31224.5745,0,102741.0000,186642.0000
2019-03-01,2019,3,Otros departamentos,4,Prendas de vestir y textiles,0,71.8132,1.2000,3.2199,19.3700,31509.3750,-5.6000,3.0136,19.7000,31224.5745,0,630148.0000,459221.0000
2019-03-01,2019,3,Otros departamentos,8,Electrodomesticos y muebles,1,86.5574,1.2000,3.2199,19.3700,31509.3750,-5.6000,3.0136,19.7000,31224.5745,0,630148.0000,459221.0000
2019-03-01,2019,3,Otros departamentos,9,Articulos y utensilios domesticos,0,87.9938,1.2000,3.2199,19.3700,31509.3750,-5.6000,3.0136,19.7000,31224.5745,0,630148.0000,459221.0000
2019-03-01,2019,3,Otros departamentos,10,Aseo del hogar,0,94.9187,1.2000,3.2199,19.3700,31509.3750,-5.6000,3.0136,19.7000,31224.5745,0,630148.0000,459221.0000
2019-03-01,2019,3,Otros departamentos,11,Informatica y telecomunicaciones,0,90.4435,1.2000,3.2199,19.3700,31509.3750,-5.6000,3.0136,19.7000,31224.5745,0,630148.0000,459221.0000
2019-03-01,2019,3,Otros departamentos,12,Sonido y video,0,93.6325,1.2000,3.2199,19.3700,31509.3750,-5.6000,3.0136,19.7000,31224.5745,0,630148.0000,459221.0000
2019-03-01,2019,3,Otros departamentos,14,"Ferreteria, vidrios y pinturas",0,93.0671,1.2000,3.2199,19.3700,31509.3750,-5.6000,3.0136,19.7000,31224.5745,0,630148.0000,459221.0000
2019-03-01,2019,3,Otros departamentos,15,Otras mercancias de uso domestico,0,87.6279,1.2000,3.2199,19.3700,31509.3750,-5.6000,3.0136,19.7000,31224.5745,0,630148.0000,459221.0000
2019-04-01,2019,4,Antioquia,4,Prendas de vestir y textiles,0,67.7551,-9.6000,3.2454,19.3200,28112.0651,1.2000,3.2199,19.3700,31509.3750,0,277712.0000,291196.0000
2019-04-01,2019,4,Antioquia,8,Electrodomesticos y muebles,1,86.5389,-9.6000,3.2454,19.3200,28112.0651,1.2000,3.2199,19.3700,31509.3750,0,277712.0000,291196.0000
2019-04-01,2019,4,Antioquia,9,Articulos y utensilios domesticos,0,80.7716,-9.6000,3.2454,19.3200,28112.0651,1.2000,3.2199,19.3700,31509.3750,0,277712.0000,291196.0000
2019-04-01,2019,4,Antioquia,10,Aseo del hogar,0,82.8375,-9.6000,3.2454,19.3200,28112.0651,1.2000,3.2199,19.3700,31509.3750,0,277712.0000,291196.0000
2019-04-01,2019,4,Antioquia,11,Informatica y telecomunicaciones,0,79.7130,-9.6000,3.2454,19.3200,28112.0651,1.2000,3.2199,19.3700,31509.3750,0,277712.0000,291196.0000
2019-04-01,2019,4,Antioquia,12,Sonido y video,0,77.3335,-9.6000,3.2454,19.3200,28112.0651,1.2000,3.2199,19.3700,31509.3750,0,277712.0000,291196.0000
2019-04-01,2019,4,Antioquia,14,"Ferreteria, vidrios y pinturas",0,101.0407,-9.6000,3.2454,19.3200,28112.0651,1.2000,3.2199,19.3700,31509.3750,0,277712.0000,291196.0000
2019-04-01,2019,4,Antioquia,15,Otras mercancias de uso domestico,0,86.2755,-9.6000,3.2454,19.3200,28112.0651,1.2000,3.2199,19.3700,31509.3750,0,277712.0000,291196.0000
2019-04-01,2019,4,Atlantico,4,Prendas de vestir y textiles,0,68.6335,-9.6000,3.2454,19.3200,28112.0651,1.2000,3.2199,19.3700,31509.3750,0,42760.0000,90257.0000
2019-04-01,2019,4,Atlantico,8,Electrodomesticos y muebles,1,90.3225,-9.6000,3.2454,19.3200,28112.0651,1.2000,3.2199,19.3700,31509.3750,0,42760.0000,90257.0000
2019-04-01,2019,4,Atlantico,9,Articulos y utensilios domesticos,0,92.4055,-9.6000,3.2454,19.3200,28112.0651,1.2000,3.2199,19.3700,31509.3750,0,42760.0000,90257.0000
2019-04-01,2019,4,Atlantico,10,Aseo del hogar,0,87.8104,-9.6000,3.2454,19.3200,28112.0651,1.2000,3.2199,19.3700,31509.3750,0,42760.0000,90257.0000
2019-04-01,2019,4,Atlantico,11,Informatica y telecomunicaciones,0,83.1608,-9.6000,3.2454,19.3200,28112.0651,1.2000,3.2199,19.3700,31509.3750,0,42760.0000,90257.0000
2019-04-01,2019,4,Atlantico,12,Sonido y video,0,73.4239,-9.6000,3.2454,19.3200,28112.0651,1.2000,3.2199,19.3700,31509.3750,0,42760.0000,90257.0000
2019-04-01,2019,4,Atlantico,14,"Ferreteria, vidrios y pinturas",0,94.4953,-9.6000,3.2454,19.3200,28112.0651,1.2000,3.2199,19.3700,31509.3750,0,42760.0000,90257.0000
2019-04-01,2019,4,Atlantico,15,Otras mercancias de uso domestico,0,98.0510,-9.6000,3.2454,19.3200,28112.0651,1.2000,3.2199,19.3700,31509.3750,0,42760.0000,90257.0000
2019-04-01,2019,4,Bogota,4,Prendas de vestir y textiles,0,64.2813,-9.6000,3.2454,19.3200,28112.0651,1.2000,3.2199,19.3700,31509.3750,0,192199.0000,325930.0000
2019-04-01,2019,4,Bogota,8,Electrodomesticos y muebles,1,87.1478,-9.6000,3.2454,19.3200,28112.0651,1.2000,3.2199,19.3700,31509.3750,0,192199.0000,325930.0000
2019-04-01,2019,4,Bogota,9,Articulos y utensilios domesticos,0,79.5796,-9.6000,3.2454,19.3200,28112.0651,1.2000,3.2199,19.3700,31509.3750,0,192199.0000,325930.0000
2019-04-01,2019,4,Bogota,10,Aseo del hogar,0,91.1904,-9.6000,3.2454,19.3200,28112.0651,1.2000,3.2199,19.3700,31509.3750,0,192199.0000,325930.0000
2019-04-01,2019,4,Bogota,11,Informatica y telecomunicaciones,0,76.8042,-9.6000,3.2454,19.3200,28112.0651,1.2000,3.2199,19.3700,31509.3750,0,192199.0000,325930.0000
2019-04-01,2019,4,Bogota,12,Sonido y video,0,72.6913,-9.6000,3.2454,19.3200,28112.0651,1.2000,3.2199,19.3700,31509.3750,0,192199.0000,325930.0000
2019-04-01,2019,4,Bogota,14,"Ferreteria, vidrios y pinturas",0,88.1934,-9.6000,3.2454,19.3200,28112.0651,1.2000,3.2199,19.3700,31509.3750,0,192199.0000,325930.0000
2019-04-01,2019,4,Bogota,15,Otras mercancias de uso domestico,0,73.7840,-9.6000,3.2454,19.3200,28112.0651,1.2000,3.2199,19.3700,31509.3750,0,192199.0000,325930.0000
2019-04-01,2019,4,Cundinamarca,4,Prendas de vestir y textiles,0,76.4510,-9.6000,3.2454,19.3200,28112.0651,1.2000,3.2199,19.3700,31509.3750,0,249146.0000,96575.0000
2019-04-01,2019,4,Cundinamarca,8,Electrodomesticos y muebles,1,100.9036,-9.6000,3.2454,19.3200,28112.0651,1.2000,3.2199,19.3700,31509.3750,0,249146.0000,96575.0000
2019-04-01,2019,4,Cundinamarca,9,Articulos y utensilios domesticos,0,83.1516,-9.6000,3.2454,19.3200,28112.0651,1.2000,3.2199,19.3700,31509.3750,0,249146.0000,96575.0000
2019-04-01,2019,4,Cundinamarca,10,Aseo del hogar,0,86.0528,-9.6000,3.2454,19.3200,28112.0651,1.2000,3.2199,19.3700,31509.3750,0,249146.0000,96575.0000
2019-04-01,2019,4,Cundinamarca,11,Informatica y telecomunicaciones,0,76.7434,-9.6000,3.2454,19.3200,28112.0651,1.2000,3.2199,19.3700,31509.3750,0,249146.0000,96575.0000
2019-04-01,2019,4,Cundinamarca,12,Sonido y video,0,92.6983,-9.6000,3.2454,19.3200,28112.0651,1.2000,3.2199,19.3700,31509.3750,0,249146.0000,96575.0000
2019-04-01,2019,4,Cundinamarca,14,"Ferreteria, vidrios y pinturas",0,92.1183,-9.6000,3.2454,19.3200,28112.0651,1.2000,3.2199,19.3700,31509.3750,0,249146.0000,96575.0000
2019-04-01,2019,4,Cundinamarca,15,Otras mercancias de uso domestico,0,100.6455,-9.6000,3.2454,19.3200,28112.0651,1.2000,3.2199,19.3700,31509.3750,0,249146.0000,96575.0000
2019-04-01,2019,4,Santander,4,Prendas de vestir y textiles,0,71.3829,-9.6000,3.2454,19.3200,28112.0651,1.2000,3.2199,19.3700,31509.3750,0,100116.0000,84976.0000
2019-04-01,2019,4,Santander,8,Electrodomesticos y muebles,1,86.5543,-9.6000,3.2454,19.3200,28112.0651,1.2000,3.2199,19.3700,31509.3750,0,100116.0000,84976.0000
2019-04-01,2019,4,Santander,9,Articulos y utensilios domesticos,0,95.1418,-9.6000,3.2454,19.3200,28112.0651,1.2000,3.2199,19.3700,31509.3750,0,100116.0000,84976.0000
2019-04-01,2019,4,Santander,10,Aseo del hogar,0,101.3915,-9.6000,3.2454,19.3200,28112.0651,1.2000,3.2199,19.3700,31509.3750,0,100116.0000,84976.0000
2019-04-01,2019,4,Santander,11,Informatica y telecomunicaciones,0,82.1333,-9.6000,3.2454,19.3200,28112.0651,1.2000,3.2199,19.3700,31509.3750,0,100116.0000,84976.0000
2019-04-01,2019,4,Santander,12,Sonido y video,0,75.1914,-9.6000,3.2454,19.3200,28112.0651,1.2000,3.2199,19.3700,31509.3750,0,100116.0000,84976.0000
2019-04-01,2019,4,Santander,14,"Ferreteria, vidrios y pinturas",0,113.9005,-9.6000,3.2454,19.3200,28112.0651,1.2000,3.2199,19.3700,31509.3750,0,100116.0000,84976.0000
2019-04-01,2019,4,Santander,15,Otras mercancias de uso domestico,0,99.8272,-9.6000,3.2454,19.3200,28112.0651,1.2000,3.2199,19.3700,31509.3750,0,100116.0000,84976.0000
2019-04-01,2019,4,Valle del Cauca,4,Prendas de vestir y textiles,0,76.2799,-9.6000,3.2454,19.3200,28112.0651,1.2000,3.2199,19.3700,31509.3750,0,228884.0000,102741.0000
2019-04-01,2019,4,Valle del Cauca,8,Electrodomesticos y muebles,1,89.8416,-9.6000,3.2454,19.3200,28112.0651,1.2000,3.2199,19.3700,31509.3750,0,228884.0000,102741.0000
2019-04-01,2019,4,Valle del Cauca,9,Articulos y utensilios domesticos,0,85.3791,-9.6000,3.2454,19.3200,28112.0651,1.2000,3.2199,19.3700,31509.3750,0,228884.0000,102741.0000
2019-04-01,2019,4,Valle del Cauca,10,Aseo del hogar,0,94.8851,-9.6000,3.2454,19.3200,28112.0651,1.2000,3.2199,19.3700,31509.3750,0,228884.0000,102741.0000
2019-04-01,2019,4,Valle del Cauca,11,Informatica y telecomunicaciones,0,87.5670,-9.6000,3.2454,19.3200,28112.0651,1.2000,3.2199,19.3700,31509.3750,0,228884.0000,102741.0000
2019-04-01,2019,4,Valle del Cauca,12,Sonido y video,0,77.6492,-9.6000,3.2454,19.3200,28112.0651,1.2000,3.2199,19.3700,31509.3750,0,228884.0000,102741.0000
2019-04-01,2019,4,Valle del Cauca,14,"Ferreteria, vidrios y pinturas",0,86.1641,-9.6000,3.2454,19.3200,28112.0651,1.2000,3.2199,19.3700,31509.3750,0,228884.0000,102741.0000
2019-04-01,2019,4,Valle del Cauca,15,Otras mercancias de uso domestico,0,76.3173,-9.6000,3.2454,19.3200,28112.0651,1.2000,3.2199,19.3700,31509.3750,0,228884.0000,102741.0000
2019-04-01,2019,4,Otros departamentos,4,Prendas de vestir y textiles,0,73.7885,-9.6000,3.2454,19.3200,28112.0651,1.2000,3.2199,19.3700,31509.3750,0,422305.0000,630148.0000
2019-04-01,2019,4,Otros departamentos,8,Electrodomesticos y muebles,1,81.4575,-9.6000,3.2454,19.3200,28112.0651,1.2000,3.2199,19.3700,31509.3750,0,422305.0000,630148.0000
2019-04-01,2019,4,Otros departamentos,9,Articulos y utensilios domesticos,0,83.8016,-9.6000,3.2454,19.3200,28112.0651,1.2000,3.2199,19.3700,31509.3750,0,422305.0000,630148.0000
2019-04-01,2019,4,Otros departamentos,10,Aseo del hogar,0,97.5637,-9.6000,3.2454,19.3200,28112.0651,1.2000,3.2199,19.3700,31509.3750,0,422305.0000,630148.0000
2019-04-01,2019,4,Otros departamentos,11,Informatica y telecomunicaciones,0,83.0236,-9.6000,3.2454,19.3200,28112.0651,1.2000,3.2199,19.3700,31509.3750,0,422305.0000,630148.0000
2019-04-01,2019,4,Otros departamentos,12,Sonido y video,0,86.6306,-9.6000,3.2454,19.3200,28112.0651,1.2000,3.2199,19.3700,31509.3750,0,422305.0000,630148.0000
2019-04-01,2019,4,Otros departamentos,14,"Ferreteria, vidrios y pinturas",0,86.4441,-9.6000,3.2454,19.3200,28112.0651,1.2000,3.2199,19.3700,31509.3750,0,422305.0000,630148.0000
2019-04-01,2019,4,Otros departamentos,15,Otras mercancias de uso domestico,0,88.7106,-9.6000,3.2454,19.3200,28112.0651,1.2000,3.2199,19.3700,31509.3750,0,422305.0000,630148.0000
2019-05-01,2019,5,Antioquia,4,Prendas de vestir y textiles,0,83.6895,-5.0000,3.3078,19.3400,30511.9727,-9.6000,3.2454,19.3200,28112.0651,0,221195.0000,277712.0000
2019-05-01,2019,5,Antioquia,8,Electrodomesticos y muebles,1,87.1031,-5.0000,3.3078,19.3400,30511.9727,-9.6000,3.2454,19.3200,28112.0651,0,221195.0000,277712.0000
2019-05-01,2019,5,Antioquia,9,Articulos y utensilios domesticos,0,79.8072,-5.0000,3.3078,19.3400,30511.9727,-9.6000,3.2454,19.3200,28112.0651,0,221195.0000,277712.0000
2019-05-01,2019,5,Antioquia,10,Aseo del hogar,0,84.4121,-5.0000,3.3078,19.3400,30511.9727,-9.6000,3.2454,19.3200,28112.0651,0,221195.0000,277712.0000
2019-05-01,2019,5,Antioquia,11,Informatica y telecomunicaciones,0,90.8671,-5.0000,3.3078,19.3400,30511.9727,-9.6000,3.2454,19.3200,28112.0651,0,221195.0000,277712.0000
2019-05-01,2019,5,Antioquia,12,Sonido y video,0,99.1481,-5.0000,3.3078,19.3400,30511.9727,-9.6000,3.2454,19.3200,28112.0651,0,221195.0000,277712.0000
2019-05-01,2019,5,Antioquia,14,"Ferreteria, vidrios y pinturas",0,114.5423,-5.0000,3.3078,19.3400,30511.9727,-9.6000,3.2454,19.3200,28112.0651,0,221195.0000,277712.0000
2019-05-01,2019,5,Antioquia,15,Otras mercancias de uso domestico,0,87.6214,-5.0000,3.3078,19.3400,30511.9727,-9.6000,3.2454,19.3200,28112.0651,0,221195.0000,277712.0000
2019-05-01,2019,5,Atlantico,4,Prendas de vestir y textiles,0,82.1864,-5.0000,3.3078,19.3400,30511.9727,-9.6000,3.2454,19.3200,28112.0651,0,62500.0000,42760.0000
2019-05-01,2019,5,Atlantico,8,Electrodomesticos y muebles,1,98.8015,-5.0000,3.3078,19.3400,30511.9727,-9.6000,3.2454,19.3200,28112.0651,0,62500.0000,42760.0000
2019-05-01,2019,5,Atlantico,9,Articulos y utensilios domesticos,0,90.2239,-5.0000,3.3078,19.3400,30511.9727,-9.6000,3.2454,19.3200,28112.0651,0,62500.0000,42760.0000
2019-05-01,2019,5,Atlantico,10,Aseo del hogar,0,92.1726,-5.0000,3.3078,19.3400,30511.9727,-9.6000,3.2454,19.3200,28112.0651,0,62500.0000,42760.0000
2019-05-01,2019,5,Atlantico,11,Informatica y telecomunicaciones,0,93.1454,-5.0000,3.3078,19.3400,30511.9727,-9.6000,3.2454,19.3200,28112.0651,0,62500.0000,42760.0000
2019-05-01,2019,5,Atlantico,12,Sonido y video,0,94.8594,-5.0000,3.3078,19.3400,30511.9727,-9.6000,3.2454,19.3200,28112.0651,0,62500.0000,42760.0000
2019-05-01,2019,5,Atlantico,14,"Ferreteria, vidrios y pinturas",0,102.8012,-5.0000,3.3078,19.3400,30511.9727,-9.6000,3.2454,19.3200,28112.0651,0,62500.0000,42760.0000
2019-05-01,2019,5,Atlantico,15,Otras mercancias de uso domestico,0,91.7975,-5.0000,3.3078,19.3400,30511.9727,-9.6000,3.2454,19.3200,28112.0651,0,62500.0000,42760.0000
2019-05-01,2019,5,Bogota,4,Prendas de vestir y textiles,0,83.8869,-5.0000,3.3078,19.3400,30511.9727,-9.6000,3.2454,19.3200,28112.0651,0,323605.0000,192199.0000
2019-05-01,2019,5,Bogota,8,Electrodomesticos y muebles,1,103.0317,-5.0000,3.3078,19.3400,30511.9727,-9.6000,3.2454,19.3200,28112.0651,0,323605.0000,192199.0000
2019-05-01,2019,5,Bogota,9,Articulos y utensilios domesticos,0,85.9084,-5.0000,3.3078,19.3400,30511.9727,-9.6000,3.2454,19.3200,28112.0651,0,323605.0000,192199.0000
2019-05-01,2019,5,Bogota,10,Aseo del hogar,0,102.7248,-5.0000,3.3078,19.3400,30511.9727,-9.6000,3.2454,19.3200,28112.0651,0,323605.0000,192199.0000
2019-05-01,2019,5,Bogota,11,Informatica y telecomunicaciones,0,92.2670,-5.0000,3.3078,19.3400,30511.9727,-9.6000,3.2454,19.3200,28112.0651,0,323605.0000,192199.0000
2019-05-01,2019,5,Bogota,12,Sonido y video,0,90.7233,-5.0000,3.3078,19.3400,30511.9727,-9.6000,3.2454,19.3200,28112.0651,0,323605.0000,192199.0000
2019-05-01,2019,5,Bogota,14,"Ferreteria, vidrios y pinturas",0,97.6266,-5.0000,3.3078,19.3400,30511.9727,-9.6000,3.2454,19.3200,28112.0651,0,323605.0000,192199.0000
2019-05-01,2019,5,Bogota,15,Otras mercancias de uso domestico,0,76.7104,-5.0000,3.3078,19.3400,30511.9727,-9.6000,3.2454,19.3200,28112.0651,0,323605.0000,192199.0000
2019-05-01,2019,5,Cundinamarca,4,Prendas de vestir y textiles,0,87.1616,-5.0000,3.3078,19.3400,30511.9727,-9.6000,3.2454,19.3200,28112.0651,0,217689.0000,249146.0000
2019-05-01,2019,5,Cundinamarca,8,Electrodomesticos y muebles,1,101.3832,-5.0000,3.3078,19.3400,30511.9727,-9.6000,3.2454,19.3200,28112.0651,0,217689.0000,249146.0000
2019-05-01,2019,5,Cundinamarca,9,Articulos y utensilios domesticos,0,79.7483,-5.0000,3.3078,19.3400,30511.9727,-9.6000,3.2454,19.3200,28112.0651,0,217689.0000,249146.0000
2019-05-01,2019,5,Cundinamarca,10,Aseo del hogar,0,99.2394,-5.0000,3.3078,19.3400,30511.9727,-9.6000,3.2454,19.3200,28112.0651,0,217689.0000,249146.0000
2019-05-01,2019,5,Cundinamarca,11,Informatica y telecomunicaciones,0,92.3185,-5.0000,3.3078,19.3400,30511.9727,-9.6000,3.2454,19.3200,28112.0651,0,217689.0000,249146.0000
2019-05-01,2019,5,Cundinamarca,12,Sonido y video,0,101.9133,-5.0000,3.3078,19.3400,30511.9727,-9.6000,3.2454,19.3200,28112.0651,0,217689.0000,249146.0000
2019-05-01,2019,5,Cundinamarca,14,"Ferreteria, vidrios y pinturas",0,94.8394,-5.0000,3.3078,19.3400,30511.9727,-9.6000,3.2454,19.3200,28112.0651,0,217689.0000,249146.0000
2019-05-01,2019,5,Cundinamarca,15,Otras mercancias de uso domestico,0,103.4668,-5.0000,3.3078,19.3400,30511.9727,-9.6000,3.2454,19.3200,28112.0651,0,217689.0000,249146.0000
2019-05-01,2019,5,Santander,4,Prendas de vestir y textiles,0,88.2265,-5.0000,3.3078,19.3400,30511.9727,-9.6000,3.2454,19.3200,28112.0651,0,87903.0000,100116.0000
2019-05-01,2019,5,Santander,8,Electrodomesticos y muebles,1,91.0363,-5.0000,3.3078,19.3400,30511.9727,-9.6000,3.2454,19.3200,28112.0651,0,87903.0000,100116.0000
2019-05-01,2019,5,Santander,9,Articulos y utensilios domesticos,0,91.7570,-5.0000,3.3078,19.3400,30511.9727,-9.6000,3.2454,19.3200,28112.0651,0,87903.0000,100116.0000
2019-05-01,2019,5,Santander,10,Aseo del hogar,0,105.3760,-5.0000,3.3078,19.3400,30511.9727,-9.6000,3.2454,19.3200,28112.0651,0,87903.0000,100116.0000
2019-05-01,2019,5,Santander,11,Informatica y telecomunicaciones,0,83.3121,-5.0000,3.3078,19.3400,30511.9727,-9.6000,3.2454,19.3200,28112.0651,0,87903.0000,100116.0000
2019-05-01,2019,5,Santander,12,Sonido y video,0,89.1444,-5.0000,3.3078,19.3400,30511.9727,-9.6000,3.2454,19.3200,28112.0651,0,87903.0000,100116.0000
2019-05-01,2019,5,Santander,14,"Ferreteria, vidrios y pinturas",0,107.8133,-5.0000,3.3078,19.3400,30511.9727,-9.6000,3.2454,19.3200,28112.0651,0,87903.0000,100116.0000
2019-05-01,2019,5,Santander,15,Otras mercancias de uso domestico,0,99.8380,-5.0000,3.3078,19.3400,30511.9727,-9.6000,3.2454,19.3200,28112.0651,0,87903.0000,100116.0000
2019-05-01,2019,5,Valle del Cauca,4,Prendas de vestir y textiles,0,85.4664,-5.0000,3.3078,19.3400,30511.9727,-9.6000,3.2454,19.3200,28112.0651,0,151513.0000,228884.0000
2019-05-01,2019,5,Valle del Cauca,8,Electrodomesticos y muebles,1,99.4504,-5.0000,3.3078,19.3400,30511.9727,-9.6000,3.2454,19.3200,28112.0651,0,151513.0000,228884.0000
2019-05-01,2019,5,Valle del Cauca,9,Articulos y utensilios domesticos,0,96.9499,-5.0000,3.3078,19.3400,30511.9727,-9.6000,3.2454,19.3200,28112.0651,0,151513.0000,228884.0000
2019-05-01,2019,5,Valle del Cauca,10,Aseo del hogar,0,95.8713,-5.0000,3.3078,19.3400,30511.9727,-9.6000,3.2454,19.3200,28112.0651,0,151513.0000,228884.0000
2019-05-01,2019,5,Valle del Cauca,11,Informatica y telecomunicaciones,0,99.2656,-5.0000,3.3078,19.3400,30511.9727,-9.6000,3.2454,19.3200,28112.0651,0,151513.0000,228884.0000
2019-05-01,2019,5,Valle del Cauca,12,Sonido y video,0,103.1829,-5.0000,3.3078,19.3400,30511.9727,-9.6000,3.2454,19.3200,28112.0651,0,151513.0000,228884.0000
2019-05-01,2019,5,Valle del Cauca,14,"Ferreteria, vidrios y pinturas",0,91.6718,-5.0000,3.3078,19.3400,30511.9727,-9.6000,3.2454,19.3200,28112.0651,0,151513.0000,228884.0000
2019-05-01,2019,5,Valle del Cauca,15,Otras mercancias de uso domestico,0,95.9242,-5.0000,3.3078,19.3400,30511.9727,-9.6000,3.2454,19.3200,28112.0651,0,151513.0000,228884.0000
2019-05-01,2019,5,Otros departamentos,4,Prendas de vestir y textiles,0,85.3127,-5.0000,3.3078,19.3400,30511.9727,-9.6000,3.2454,19.3200,28112.0651,0,669047.0000,422305.0000
2019-05-01,2019,5,Otros departamentos,8,Electrodomesticos y muebles,1,101.7676,-5.0000,3.3078,19.3400,30511.9727,-9.6000,3.2454,19.3200,28112.0651,0,669047.0000,422305.0000
2019-05-01,2019,5,Otros departamentos,9,Articulos y utensilios domesticos,0,88.8568,-5.0000,3.3078,19.3400,30511.9727,-9.6000,3.2454,19.3200,28112.0651,0,669047.0000,422305.0000
2019-05-01,2019,5,Otros departamentos,10,Aseo del hogar,0,99.9612,-5.0000,3.3078,19.3400,30511.9727,-9.6000,3.2454,19.3200,28112.0651,0,669047.0000,422305.0000
2019-05-01,2019,5,Otros departamentos,11,Informatica y telecomunicaciones,0,93.2753,-5.0000,3.3078,19.3400,30511.9727,-9.6000,3.2454,19.3200,28112.0651,0,669047.0000,422305.0000
2019-05-01,2019,5,Otros departamentos,12,Sonido y video,0,94.1845,-5.0000,3.3078,19.3400,30511.9727,-9.6000,3.2454,19.3200,28112.0651,0,669047.0000,422305.0000
2019-05-01,2019,5,Otros departamentos,14,"Ferreteria, vidrios y pinturas",0,94.1548,-5.0000,3.3078,19.3400,30511.9727,-9.6000,3.2454,19.3200,28112.0651,0,669047.0000,422305.0000
2019-05-01,2019,5,Otros departamentos,15,Otras mercancias de uso domestico,0,98.7123,-5.0000,3.3078,19.3400,30511.9727,-9.6000,3.2454,19.3200,28112.0651,0,669047.0000,422305.0000
2019-06-01,2019,6,Antioquia,4,Prendas de vestir y textiles,0,97.2448,-6.3000,3.4236,19.3000,33746.0760,-5.0000,3.3078,19.3400,30511.9727,0,270708.0000,221195.0000
2019-06-01,2019,6,Antioquia,8,Electrodomesticos y muebles,1,90.0651,-6.3000,3.4236,19.3000,33746.0760,-5.0000,3.3078,19.3400,30511.9727,0,270708.0000,221195.0000
2019-06-01,2019,6,Antioquia,9,Articulos y utensilios domesticos,0,86.2655,-6.3000,3.4236,19.3000,33746.0760,-5.0000,3.3078,19.3400,30511.9727,0,270708.0000,221195.0000
2019-06-01,2019,6,Antioquia,10,Aseo del hogar,0,96.1237,-6.3000,3.4236,19.3000,33746.0760,-5.0000,3.3078,19.3400,30511.9727,0,270708.0000,221195.0000
2019-06-01,2019,6,Antioquia,11,Informatica y telecomunicaciones,0,90.9508,-6.3000,3.4236,19.3000,33746.0760,-5.0000,3.3078,19.3400,30511.9727,0,270708.0000,221195.0000
2019-06-01,2019,6,Antioquia,12,Sonido y video,0,105.2031,-6.3000,3.4236,19.3000,33746.0760,-5.0000,3.3078,19.3400,30511.9727,0,270708.0000,221195.0000
2019-06-01,2019,6,Antioquia,14,"Ferreteria, vidrios y pinturas",0,103.3985,-6.3000,3.4236,19.3000,33746.0760,-5.0000,3.3078,19.3400,30511.9727,0,270708.0000,221195.0000
2019-06-01,2019,6,Antioquia,15,Otras mercancias de uso domestico,0,90.3181,-6.3000,3.4236,19.3000,33746.0760,-5.0000,3.3078,19.3400,30511.9727,0,270708.0000,221195.0000
2019-06-01,2019,6,Atlantico,4,Prendas de vestir y textiles,0,104.1488,-6.3000,3.4236,19.3000,33746.0760,-5.0000,3.3078,19.3400,30511.9727,0,34658.0000,62500.0000
2019-06-01,2019,6,Atlantico,8,Electrodomesticos y muebles,1,104.7146,-6.3000,3.4236,19.3000,33746.0760,-5.0000,3.3078,19.3400,30511.9727,0,34658.0000,62500.0000
2019-06-01,2019,6,Atlantico,9,Articulos y utensilios domesticos,0,87.1966,-6.3000,3.4236,19.3000,33746.0760,-5.0000,3.3078,19.3400,30511.9727,0,34658.0000,62500.0000
2019-06-01,2019,6,Atlantico,10,Aseo del hogar,0,93.8059,-6.3000,3.4236,19.3000,33746.0760,-5.0000,3.3078,19.3400,30511.9727,0,34658.0000,62500.0000
2019-06-01,2019,6,Atlantico,11,Informatica y telecomunicaciones,0,81.2590,-6.3000,3.4236,19.3000,33746.0760,-5.0000,3.3078,19.3400,30511.9727,0,34658.0000,62500.0000
2019-06-01,2019,6,Atlantico,12,Sonido y video,0,104.0559,-6.3000,3.4236,19.3000,33746.0760,-5.0000,3.3078,19.3400,30511.9727,0,34658.0000,62500.0000
2019-06-01,2019,6,Atlantico,14,"Ferreteria, vidrios y pinturas",0,109.3088,-6.3000,3.4236,19.3000,33746.0760,-5.0000,3.3078,19.3400,30511.9727,0,34658.0000,62500.0000
2019-06-01,2019,6,Atlantico,15,Otras mercancias de uso domestico,0,83.3919,-6.3000,3.4236,19.3000,33746.0760,-5.0000,3.3078,19.3400,30511.9727,0,34658.0000,62500.0000
2019-06-01,2019,6,Bogota,4,Prendas de vestir y textiles,0,91.1085,-6.3000,3.4236,19.3000,33746.0760,-5.0000,3.3078,19.3400,30511.9727,0,264947.0000,323605.0000
2019-06-01,2019,6,Bogota,8,Electrodomesticos y muebles,1,99.0832,-6.3000,3.4236,19.3000,33746.0760,-5.0000,3.3078,19.3400,30511.9727,0,264947.0000,323605.0000
2019-06-01,2019,6,Bogota,9,Articulos y utensilios domesticos,0,95.1155,-6.3000,3.4236,19.3000,33746.0760,-5.0000,3.3078,19.3400,30511.9727,0,264947.0000,323605.0000
2019-06-01,2019,6,Bogota,10,Aseo del hogar,0,108.4137,-6.3000,3.4236,19.3000,33746.0760,-5.0000,3.3078,19.3400,30511.9727,0,264947.0000,323605.0000
2019-06-01,2019,6,Bogota,11,Informatica y telecomunicaciones,0,89.9010,-6.3000,3.4236,19.3000,33746.0760,-5.0000,3.3078,19.3400,30511.9727,0,264947.0000,323605.0000
2019-06-01,2019,6,Bogota,12,Sonido y video,0,113.1981,-6.3000,3.4236,19.3000,33746.0760,-5.0000,3.3078,19.3400,30511.9727,0,264947.0000,323605.0000
2019-06-01,2019,6,Bogota,14,"Ferreteria, vidrios y pinturas",0,90.4458,-6.3000,3.4236,19.3000,33746.0760,-5.0000,3.3078,19.3400,30511.9727,0,264947.0000,323605.0000
2019-06-01,2019,6,Bogota,15,Otras mercancias de uso domestico,0,89.3156,-6.3000,3.4236,19.3000,33746.0760,-5.0000,3.3078,19.3400,30511.9727,0,264947.0000,323605.0000
2019-06-01,2019,6,Cundinamarca,4,Prendas de vestir y textiles,0,97.2340,-6.3000,3.4236,19.3000,33746.0760,-5.0000,3.3078,19.3400,30511.9727,0,306072.0000,217689.0000
2019-06-01,2019,6,Cundinamarca,8,Electrodomesticos y muebles,1,103.8095,-6.3000,3.4236,19.3000,33746.0760,-5.0000,3.3078,19.3400,30511.9727,0,306072.0000,217689.0000
2019-06-01,2019,6,Cundinamarca,9,Articulos y utensilios domesticos,0,80.5727,-6.3000,3.4236,19.3000,33746.0760,-5.0000,3.3078,19.3400,30511.9727,0,306072.0000,217689.0000
2019-06-01,2019,6,Cundinamarca,10,Aseo del hogar,0,99.4516,-6.3000,3.4236,19.3000,33746.0760,-5.0000,3.3078,19.3400,30511.9727,0,306072.0000,217689.0000
2019-06-01,2019,6,Cundinamarca,11,Informatica y telecomunicaciones,0,86.2017,-6.3000,3.4236,19.3000,33746.0760,-5.0000,3.3078,19.3400,30511.9727,0,306072.0000,217689.0000
2019-06-01,2019,6,Cundinamarca,12,Sonido y video,0,117.5333,-6.3000,3.4236,19.3000,33746.0760,-5.0000,3.3078,19.3400,30511.9727,0,306072.0000,217689.0000
2019-06-01,2019,6,Cundinamarca,14,"Ferreteria, vidrios y pinturas",0,87.0292,-6.3000,3.4236,19.3000,33746.0760,-5.0000,3.3078,19.3400,30511.9727,0,306072.0000,217689.0000
2019-06-01,2019,6,Cundinamarca,15,Otras mercancias de uso domestico,0,97.1050,-6.3000,3.4236,19.3000,33746.0760,-5.0000,3.3078,19.3400,30511.9727,0,306072.0000,217689.0000
2019-06-01,2019,6,Santander,4,Prendas de vestir y textiles,0,91.3706,-6.3000,3.4236,19.3000,33746.0760,-5.0000,3.3078,19.3400,30511.9727,0,74298.0000,87903.0000
2019-06-01,2019,6,Santander,8,Electrodomesticos y muebles,1,93.6089,-6.3000,3.4236,19.3000,33746.0760,-5.0000,3.3078,19.3400,30511.9727,0,74298.0000,87903.0000
2019-06-01,2019,6,Santander,9,Articulos y utensilios domesticos,0,96.0405,-6.3000,3.4236,19.3000,33746.0760,-5.0000,3.3078,19.3400,30511.9727,0,74298.0000,87903.0000
2019-06-01,2019,6,Santander,10,Aseo del hogar,0,107.9089,-6.3000,3.4236,19.3000,33746.0760,-5.0000,3.3078,19.3400,30511.9727,0,74298.0000,87903.0000
2019-06-01,2019,6,Santander,11,Informatica y telecomunicaciones,0,75.6199,-6.3000,3.4236,19.3000,33746.0760,-5.0000,3.3078,19.3400,30511.9727,0,74298.0000,87903.0000
2019-06-01,2019,6,Santander,12,Sonido y video,0,104.3153,-6.3000,3.4236,19.3000,33746.0760,-5.0000,3.3078,19.3400,30511.9727,0,74298.0000,87903.0000
2019-06-01,2019,6,Santander,14,"Ferreteria, vidrios y pinturas",0,107.9826,-6.3000,3.4236,19.3000,33746.0760,-5.0000,3.3078,19.3400,30511.9727,0,74298.0000,87903.0000
2019-06-01,2019,6,Santander,15,Otras mercancias de uso domestico,0,84.3049,-6.3000,3.4236,19.3000,33746.0760,-5.0000,3.3078,19.3400,30511.9727,0,74298.0000,87903.0000
2019-06-01,2019,6,Valle del Cauca,4,Prendas de vestir y textiles,0,101.1702,-6.3000,3.4236,19.3000,33746.0760,-5.0000,3.3078,19.3400,30511.9727,0,144989.0000,151513.0000
2019-06-01,2019,6,Valle del Cauca,8,Electrodomesticos y muebles,1,103.8991,-6.3000,3.4236,19.3000,33746.0760,-5.0000,3.3078,19.3400,30511.9727,0,144989.0000,151513.0000
2019-06-01,2019,6,Valle del Cauca,9,Articulos y utensilios domesticos,0,96.1274,-6.3000,3.4236,19.3000,33746.0760,-5.0000,3.3078,19.3400,30511.9727,0,144989.0000,151513.0000
2019-06-01,2019,6,Valle del Cauca,10,Aseo del hogar,0,90.9739,-6.3000,3.4236,19.3000,33746.0760,-5.0000,3.3078,19.3400,30511.9727,0,144989.0000,151513.0000
2019-06-01,2019,6,Valle del Cauca,11,Informatica y telecomunicaciones,0,93.6437,-6.3000,3.4236,19.3000,33746.0760,-5.0000,3.3078,19.3400,30511.9727,0,144989.0000,151513.0000
2019-06-01,2019,6,Valle del Cauca,12,Sonido y video,0,103.7469,-6.3000,3.4236,19.3000,33746.0760,-5.0000,3.3078,19.3400,30511.9727,0,144989.0000,151513.0000
2019-06-01,2019,6,Valle del Cauca,14,"Ferreteria, vidrios y pinturas",0,92.2356,-6.3000,3.4236,19.3000,33746.0760,-5.0000,3.3078,19.3400,30511.9727,0,144989.0000,151513.0000
2019-06-01,2019,6,Valle del Cauca,15,Otras mercancias de uso domestico,0,92.3982,-6.3000,3.4236,19.3000,33746.0760,-5.0000,3.3078,19.3400,30511.9727,0,144989.0000,151513.0000
2019-06-01,2019,6,Otros departamentos,4,Prendas de vestir y textiles,0,102.7653,-6.3000,3.4236,19.3000,33746.0760,-5.0000,3.3078,19.3400,30511.9727,0,410928.0000,669047.0000
2019-06-01,2019,6,Otros departamentos,8,Electrodomesticos y muebles,1,97.4576,-6.3000,3.4236,19.3000,33746.0760,-5.0000,3.3078,19.3400,30511.9727,0,410928.0000,669047.0000
2019-06-01,2019,6,Otros departamentos,9,Articulos y utensilios domesticos,0,90.0595,-6.3000,3.4236,19.3000,33746.0760,-5.0000,3.3078,19.3400,30511.9727,0,410928.0000,669047.0000
2019-06-01,2019,6,Otros departamentos,10,Aseo del hogar,0,101.4865,-6.3000,3.4236,19.3000,33746.0760,-5.0000,3.3078,19.3400,30511.9727,0,410928.0000,669047.0000
2019-06-01,2019,6,Otros departamentos,11,Informatica y telecomunicaciones,0,91.5283,-6.3000,3.4236,19.3000,33746.0760,-5.0000,3.3078,19.3400,30511.9727,0,410928.0000,669047.0000
2019-06-01,2019,6,Otros departamentos,12,Sonido y video,0,120.7137,-6.3000,3.4236,19.3000,33746.0760,-5.0000,3.3078,19.3400,30511.9727,0,410928.0000,669047.0000
2019-06-01,2019,6,Otros departamentos,14,"Ferreteria, vidrios y pinturas",0,87.9612,-6.3000,3.4236,19.3000,33746.0760,-5.0000,3.3078,19.3400,30511.9727,0,410928.0000,669047.0000
2019-06-01,2019,6,Otros departamentos,15,Otras mercancias de uso domestico,0,96.9456,-6.3000,3.4236,19.3000,33746.0760,-5.0000,3.3078,19.3400,30511.9727,0,410928.0000,669047.0000
2019-07-01,2019,7,Antioquia,4,Prendas de vestir y textiles,0,85.2774,-5.1000,3.7911,19.2800,34408.8733,-6.3000,3.4236,19.3000,33746.0760,0,239582.0000,270708.0000
2019-07-01,2019,7,Antioquia,8,Electrodomesticos y muebles,1,107.1499,-5.1000,3.7911,19.2800,34408.8733,-6.3000,3.4236,19.3000,33746.0760,0,239582.0000,270708.0000
2019-07-01,2019,7,Antioquia,9,Articulos y utensilios domesticos,0,95.0109,-5.1000,3.7911,19.2800,34408.8733,-6.3000,3.4236,19.3000,33746.0760,0,239582.0000,270708.0000
2019-07-01,2019,7,Antioquia,10,Aseo del hogar,0,97.6895,-5.1000,3.7911,19.2800,34408.8733,-6.3000,3.4236,19.3000,33746.0760,0,239582.0000,270708.0000
2019-07-01,2019,7,Antioquia,11,Informatica y telecomunicaciones,0,89.5089,-5.1000,3.7911,19.2800,34408.8733,-6.3000,3.4236,19.3000,33746.0760,0,239582.0000,270708.0000
2019-07-01,2019,7,Antioquia,12,Sonido y video,0,93.5936,-5.1000,3.7911,19.2800,34408.8733,-6.3000,3.4236,19.3000,33746.0760,0,239582.0000,270708.0000
2019-07-01,2019,7,Antioquia,14,"Ferreteria, vidrios y pinturas",0,110.4540,-5.1000,3.7911,19.2800,34408.8733,-6.3000,3.4236,19.3000,33746.0760,0,239582.0000,270708.0000
2019-07-01,2019,7,Antioquia,15,Otras mercancias de uso domestico,0,95.3563,-5.1000,3.7911,19.2800,34408.8733,-6.3000,3.4236,19.3000,33746.0760,0,239582.0000,270708.0000
2019-07-01,2019,7,Atlantico,4,Prendas de vestir y textiles,0,92.7435,-5.1000,3.7911,19.2800,34408.8733,-6.3000,3.4236,19.3000,33746.0760,0,93611.0000,34658.0000
2019-07-01,2019,7,Atlantico,8,Electrodomesticos y muebles,1,101.0258,-5.1000,3.7911,19.2800,34408.8733,-6.3000,3.4236,19.3000,33746.0760,0,93611.0000,34658.0000
2019-07-01,2019,7,Atlantico,9,Articulos y utensilios domesticos,0,103.1309,-5.1000,3.7911,19.2800,34408.8733,-6.3000,3.4236,19.3000,33746.0760,0,93611.0000,34658.0000
2019-07-01,2019,7,Atlantico,10,Aseo del hogar,0,97.9262,-5.1000,3.7911,19.2800,34408.8733,-6.3000,3.4236,19.3000,33746.0760,0,93611.0000,34658.0000
2019-07-01,2019,7,Atlantico,11,Informatica y telecomunicaciones,0,90.6530,-5.1000,3.7911,19.2800,34408.8733,-6.3000,3.4236,19.3000,33746.0760,0,93611.0000,34658.0000
2019-07-01,2019,7,Atlantico,12,Sonido y video,0,88.1702,-5.1000,3.7911,19.2800,34408.8733,-6.3000,3.4236,19.3000,33746.0760,0,93611.0000,34658.0000
2019-07-01,2019,7,Atlantico,14,"Ferreteria, vidrios y pinturas",0,100.7232,-5.1000,3.7911,19.2800,34408.8733,-6.3000,3.4236,19.3000,33746.0760,0,93611.0000,34658.0000
2019-07-01,2019,7,Atlantico,15,Otras mercancias de uso domestico,0,86.7480,-5.1000,3.7911,19.2800,34408.8733,-6.3000,3.4236,19.3000,33746.0760,0,93611.0000,34658.0000
2019-07-01,2019,7,Bogota,4,Prendas de vestir y textiles,0,89.3852,-5.1000,3.7911,19.2800,34408.8733,-6.3000,3.4236,19.3000,33746.0760,0,325154.0000,264947.0000
2019-07-01,2019,7,Bogota,8,Electrodomesticos y muebles,1,103.1493,-5.1000,3.7911,19.2800,34408.8733,-6.3000,3.4236,19.3000,33746.0760,0,325154.0000,264947.0000
2019-07-01,2019,7,Bogota,9,Articulos y utensilios domesticos,0,100.1531,-5.1000,3.7911,19.2800,34408.8733,-6.3000,3.4236,19.3000,33746.0760,0,325154.0000,264947.0000
2019-07-01,2019,7,Bogota,10,Aseo del hogar,0,99.0634,-5.1000,3.7911,19.2800,34408.8733,-6.3000,3.4236,19.3000,33746.0760,0,325154.0000,264947.0000
2019-07-01,2019,7,Bogota,11,Informatica y telecomunicaciones,0,96.6929,-5.1000,3.7911,19.2800,34408.8733,-6.3000,3.4236,19.3000,33746.0760,0,325154.0000,264947.0000
2019-07-01,2019,7,Bogota,12,Sonido y video,0,88.4338,-5.1000,3.7911,19.2800,34408.8733,-6.3000,3.4236,19.3000,33746.0760,0,325154.0000,264947.0000
2019-07-01,2019,7,Bogota,14,"Ferreteria, vidrios y pinturas",0,91.6804,-5.1000,3.7911,19.2800,34408.8733,-6.3000,3.4236,19.3000,33746.0760,0,325154.0000,264947.0000
2019-07-01,2019,7,Bogota,15,Otras mercancias de uso domestico,0,90.7848,-5.1000,3.7911,19.2800,34408.8733,-6.3000,3.4236,19.3000,33746.0760,0,325154.0000,264947.0000
2019-07-01,2019,7,Cundinamarca,4,Prendas de vestir y textiles,0,78.0252,-5.1000,3.7911,19.2800,34408.8733,-6.3000,3.4236,19.3000,33746.0760,0,278199.0000,306072.0000
2019-07-01,2019,7,Cundinamarca,8,Electrodomesticos y muebles,1,113.0745,-5.1000,3.7911,19.2800,34408.8733,-6.3000,3.4236,19.3000,33746.0760,0,278199.0000,306072.0000
2019-07-01,2019,7,Cundinamarca,9,Articulos y utensilios domesticos,0,95.0900,-5.1000,3.7911,19.2800,34408.8733,-6.3000,3.4236,19.3000,33746.0760,0,278199.0000,306072.0000
2019-07-01,2019,7,Cundinamarca,10,Aseo del hogar,0,104.0251,-5.1000,3.7911,19.2800,34408.8733,-6.3000,3.4236,19.3000,33746.0760,0,278199.0000,306072.0000
2019-07-01,2019,7,Cundinamarca,11,Informatica y telecomunicaciones,0,88.2960,-5.1000,3.7911,19.2800,34408.8733,-6.3000,3.4236,19.3000,33746.0760,0,278199.0000,306072.0000
2019-07-01,2019,7,Cundinamarca,12,Sonido y video,0,95.1052,-5.1000,3.7911,19.2800,34408.8733,-6.3000,3.4236,19.3000,33746.0760,0,278199.0000,306072.0000
2019-07-01,2019,7,Cundinamarca,14,"Ferreteria, vidrios y pinturas",0,88.0439,-5.1000,3.7911,19.2800,34408.8733,-6.3000,3.4236,19.3000,33746.0760,0,278199.0000,306072.0000
2019-07-01,2019,7,Cundinamarca,15,Otras mercancias de uso domestico,0,91.8762,-5.1000,3.7911,19.2800,34408.8733,-6.3000,3.4236,19.3000,33746.0760,0,278199.0000,306072.0000
2019-07-01,2019,7,Santander,4,Prendas de vestir y textiles,0,81.9291,-5.1000,3.7911,19.2800,34408.8733,-6.3000,3.4236,19.3000,33746.0760,0,57574.0000,74298.0000
2019-07-01,2019,7,Santander,8,Electrodomesticos y muebles,1,105.4938,-5.1000,3.7911,19.2800,34408.8733,-6.3000,3.4236,19.3000,33746.0760,0,57574.0000,74298.0000
2019-07-01,2019,7,Santander,9,Articulos y utensilios domesticos,0,110.7451,-5.1000,3.7911,19.2800,34408.8733,-6.3000,3.4236,19.3000,33746.0760,0,57574.0000,74298.0000
2019-07-01,2019,7,Santander,10,Aseo del hogar,0,117.0690,-5.1000,3.7911,19.2800,34408.8733,-6.3000,3.4236,19.3000,33746.0760,0,57574.0000,74298.0000
2019-07-01,2019,7,Santander,11,Informatica y telecomunicaciones,0,83.8051,-5.1000,3.7911,19.2800,34408.8733,-6.3000,3.4236,19.3000,33746.0760,0,57574.0000,74298.0000
2019-07-01,2019,7,Santander,12,Sonido y video,0,97.6137,-5.1000,3.7911,19.2800,34408.8733,-6.3000,3.4236,19.3000,33746.0760,0,57574.0000,74298.0000
2019-07-01,2019,7,Santander,14,"Ferreteria, vidrios y pinturas",0,108.5255,-5.1000,3.7911,19.2800,34408.8733,-6.3000,3.4236,19.3000,33746.0760,0,57574.0000,74298.0000
2019-07-01,2019,7,Santander,15,Otras mercancias de uso domestico,0,85.9279,-5.1000,3.7911,19.2800,34408.8733,-6.3000,3.4236,19.3000,33746.0760,0,57574.0000,74298.0000
2019-07-01,2019,7,Valle del Cauca,4,Prendas de vestir y textiles,0,94.1224,-5.1000,3.7911,19.2800,34408.8733,-6.3000,3.4236,19.3000,33746.0760,0,92985.0000,144989.0000
2019-07-01,2019,7,Valle del Cauca,8,Electrodomesticos y muebles,1,106.5737,-5.1000,3.7911,19.2800,34408.8733,-6.3000,3.4236,19.3000,33746.0760,0,92985.0000,144989.0000
2019-07-01,2019,7,Valle del Cauca,9,Articulos y utensilios domesticos,0,107.1407,-5.1000,3.7911,19.2800,34408.8733,-6.3000,3.4236,19.3000,33746.0760,0,92985.0000,144989.0000
2019-07-01,2019,7,Valle del Cauca,10,Aseo del hogar,0,91.3484,-5.1000,3.7911,19.2800,34408.8733,-6.3000,3.4236,19.3000,33746.0760,0,92985.0000,144989.0000
2019-07-01,2019,7,Valle del Cauca,11,Informatica y telecomunicaciones,0,88.5037,-5.1000,3.7911,19.2800,34408.8733,-6.3000,3.4236,19.3000,33746.0760,0,92985.0000,144989.0000
2019-07-01,2019,7,Valle del Cauca,12,Sonido y video,0,95.3945,-5.1000,3.7911,19.2800,34408.8733,-6.3000,3.4236,19.3000,33746.0760,0,92985.0000,144989.0000
2019-07-01,2019,7,Valle del Cauca,14,"Ferreteria, vidrios y pinturas",0,105.1282,-5.1000,3.7911,19.2800,34408.8733,-6.3000,3.4236,19.3000,33746.0760,0,92985.0000,144989.0000
2019-07-01,2019,7,Valle del Cauca,15,Otras mercancias de uso domestico,0,87.9325,-5.1000,3.7911,19.2800,34408.8733,-6.3000,3.4236,19.3000,33746.0760,0,92985.0000,144989.0000
2019-07-01,2019,7,Otros departamentos,4,Prendas de vestir y textiles,0,95.2891,-5.1000,3.7911,19.2800,34408.8733,-6.3000,3.4236,19.3000,33746.0760,0,680328.0000,410928.0000
2019-07-01,2019,7,Otros departamentos,8,Electrodomesticos y muebles,1,100.9019,-5.1000,3.7911,19.2800,34408.8733,-6.3000,3.4236,19.3000,33746.0760,0,680328.0000,410928.0000
2019-07-01,2019,7,Otros departamentos,9,Articulos y utensilios domesticos,0,100.7634,-5.1000,3.7911,19.2800,34408.8733,-6.3000,3.4236,19.3000,33746.0760,0,680328.0000,410928.0000
2019-07-01,2019,7,Otros departamentos,10,Aseo del hogar,0,111.1602,-5.1000,3.7911,19.2800,34408.8733,-6.3000,3.4236,19.3000,33746.0760,0,680328.0000,410928.0000
2019-07-01,2019,7,Otros departamentos,11,Informatica y telecomunicaciones,0,95.1857,-5.1000,3.7911,19.2800,34408.8733,-6.3000,3.4236,19.3000,33746.0760,0,680328.0000,410928.0000
2019-07-01,2019,7,Otros departamentos,12,Sonido y video,0,104.5631,-5.1000,3.7911,19.2800,34408.8733,-6.3000,3.4236,19.3000,33746.0760,0,680328.0000,410928.0000
2019-07-01,2019,7,Otros departamentos,14,"Ferreteria, vidrios y pinturas",0,107.3239,-5.1000,3.7911,19.2800,34408.8733,-6.3000,3.4236,19.3000,33746.0760,0,680328.0000,410928.0000
2019-07-01,2019,7,Otros departamentos,15,Otras mercancias de uso domestico,0,91.2022,-5.1000,3.7911,19.2800,34408.8733,-6.3000,3.4236,19.3000,33746.0760,0,680328.0000,410928.0000
2019-08-01,2019,8,Antioquia,4,Prendas de vestir y textiles,0,79.1007,-11.8000,3.7563,19.3200,37648.3168,-5.1000,3.7911,19.2800,34408.8733,0,385746.0000,239582.0000
2019-08-01,2019,8,Antioquia,8,Electrodomesticos y muebles,1,112.3157,-11.8000,3.7563,19.3200,37648.3168,-5.1000,3.7911,19.2800,34408.8733,0,385746.0000,239582.0000
2019-08-01,2019,8,Antioquia,9,Articulos y utensilios domesticos,0,95.7812,-11.8000,3.7563,19.3200,37648.3168,-5.1000,3.7911,19.2800,34408.8733,0,385746.0000,239582.0000
2019-08-01,2019,8,Antioquia,10,Aseo del hogar,0,90.3996,-11.8000,3.7563,19.3200,37648.3168,-5.1000,3.7911,19.2800,34408.8733,0,385746.0000,239582.0000
2019-08-01,2019,8,Antioquia,11,Informatica y telecomunicaciones,0,102.8792,-11.8000,3.7563,19.3200,37648.3168,-5.1000,3.7911,19.2800,34408.8733,0,385746.0000,239582.0000
2019-08-01,2019,8,Antioquia,12,Sonido y video,0,97.1306,-11.8000,3.7563,19.3200,37648.3168,-5.1000,3.7911,19.2800,34408.8733,0,385746.0000,239582.0000
2019-08-01,2019,8,Antioquia,14,"Ferreteria, vidrios y pinturas",0,109.6862,-11.8000,3.7563,19.3200,37648.3168,-5.1000,3.7911,19.2800,34408.8733,0,385746.0000,239582.0000
2019-08-01,2019,8,Antioquia,15,Otras mercancias de uso domestico,0,101.7882,-11.8000,3.7563,19.3200,37648.3168,-5.1000,3.7911,19.2800,34408.8733,0,385746.0000,239582.0000
2019-08-01,2019,8,Atlantico,4,Prendas de vestir y textiles,0,86.9209,-11.8000,3.7563,19.3200,37648.3168,-5.1000,3.7911,19.2800,34408.8733,0,67426.0000,93611.0000
2019-08-01,2019,8,Atlantico,8,Electrodomesticos y muebles,1,119.3223,-11.8000,3.7563,19.3200,37648.3168,-5.1000,3.7911,19.2800,34408.8733,0,67426.0000,93611.0000
2019-08-01,2019,8,Atlantico,9,Articulos y utensilios domesticos,0,108.6765,-11.8000,3.7563,19.3200,37648.3168,-5.1000,3.7911,19.2800,34408.8733,0,67426.0000,93611.0000
2019-08-01,2019,8,Atlantico,10,Aseo del hogar,0,101.1756,-11.8000,3.7563,19.3200,37648.3168,-5.1000,3.7911,19.2800,34408.8733,0,67426.0000,93611.0000
2019-08-01,2019,8,Atlantico,11,Informatica y telecomunicaciones,0,104.3272,-11.8000,3.7563,19.3200,37648.3168,-5.1000,3.7911,19.2800,34408.8733,0,67426.0000,93611.0000
2019-08-01,2019,8,Atlantico,12,Sonido y video,0,87.2227,-11.8000,3.7563,19.3200,37648.3168,-5.1000,3.7911,19.2800,34408.8733,0,67426.0000,93611.0000
2019-08-01,2019,8,Atlantico,14,"Ferreteria, vidrios y pinturas",0,95.5520,-11.8000,3.7563,19.3200,37648.3168,-5.1000,3.7911,19.2800,34408.8733,0,67426.0000,93611.0000
2019-08-01,2019,8,Atlantico,15,Otras mercancias de uso domestico,0,92.4956,-11.8000,3.7563,19.3200,37648.3168,-5.1000,3.7911,19.2800,34408.8733,0,67426.0000,93611.0000
2019-08-01,2019,8,Bogota,4,Prendas de vestir y textiles,0,90.9503,-11.8000,3.7563,19.3200,37648.3168,-5.1000,3.7911,19.2800,34408.8733,0,305668.0000,325154.0000
2019-08-01,2019,8,Bogota,8,Electrodomesticos y muebles,1,114.2035,-11.8000,3.7563,19.3200,37648.3168,-5.1000,3.7911,19.2800,34408.8733,0,305668.0000,325154.0000
2019-08-01,2019,8,Bogota,9,Articulos y utensilios domesticos,0,102.6363,-11.8000,3.7563,19.3200,37648.3168,-5.1000,3.7911,19.2800,34408.8733,0,305668.0000,325154.0000
2019-08-01,2019,8,Bogota,10,Aseo del hogar,0,102.2946,-11.8000,3.7563,19.3200,37648.3168,-5.1000,3.7911,19.2800,34408.8733,0,305668.0000,325154.0000
2019-08-01,2019,8,Bogota,11,Informatica y telecomunicaciones,0,115.9404,-11.8000,3.7563,19.3200,37648.3168,-5.1000,3.7911,19.2800,34408.8733,0,305668.0000,325154.0000
2019-08-01,2019,8,Bogota,12,Sonido y video,0,104.4145,-11.8000,3.7563,19.3200,37648.3168,-5.1000,3.7911,19.2800,34408.8733,0,305668.0000,325154.0000
2019-08-01,2019,8,Bogota,14,"Ferreteria, vidrios y pinturas",0,101.1386,-11.8000,3.7563,19.3200,37648.3168,-5.1000,3.7911,19.2800,34408.8733,0,305668.0000,325154.0000
2019-08-01,2019,8,Bogota,15,Otras mercancias de uso domestico,0,102.1431,-11.8000,3.7563,19.3200,37648.3168,-5.1000,3.7911,19.2800,34408.8733,0,305668.0000,325154.0000
2019-08-01,2019,8,Cundinamarca,4,Prendas de vestir y textiles,0,72.7916,-11.8000,3.7563,19.3200,37648.3168,-5.1000,3.7911,19.2800,34408.8733,0,115036.0000,278199.0000
2019-08-01,2019,8,Cundinamarca,8,Electrodomesticos y muebles,1,116.8186,-11.8000,3.7563,19.3200,37648.3168,-5.1000,3.7911,19.2800,34408.8733,0,115036.0000,278199.0000
2019-08-01,2019,8,Cundinamarca,9,Articulos y utensilios domesticos,0,95.1357,-11.8000,3.7563,19.3200,37648.3168,-5.1000,3.7911,19.2800,34408.8733,0,115036.0000,278199.0000
2019-08-01,2019,8,Cundinamarca,10,Aseo del hogar,0,104.8477,-11.8000,3.7563,19.3200,37648.3168,-5.1000,3.7911,19.2800,34408.8733,0,115036.0000,278199.0000
2019-08-01,2019,8,Cundinamarca,11,Informatica y telecomunicaciones,0,103.8014,-11.8000,3.7563,19.3200,37648.3168,-5.1000,3.7911,19.2800,34408.8733,0,115036.0000,278199.0000
2019-08-01,2019,8,Cundinamarca,12,Sonido y video,0,109.6497,-11.8000,3.7563,19.3200,37648.3168,-5.1000,3.7911,19.2800,34408.8733,0,115036.0000,278199.0000
2019-08-01,2019,8,Cundinamarca,14,"Ferreteria, vidrios y pinturas",0,96.0095,-11.8000,3.7563,19.3200,37648.3168,-5.1000,3.7911,19.2800,34408.8733,0,115036.0000,278199.0000
2019-08-01,2019,8,Cundinamarca,15,Otras mercancias de uso domestico,0,92.4664,-11.8000,3.7563,19.3200,37648.3168,-5.1000,3.7911,19.2800,34408.8733,0,115036.0000,278199.0000
2019-08-01,2019,8,Santander,4,Prendas de vestir y textiles,0,85.3123,-11.8000,3.7563,19.3200,37648.3168,-5.1000,3.7911,19.2800,34408.8733,0,30518.0000,57574.0000
2019-08-01,2019,8,Santander,8,Electrodomesticos y muebles,1,120.8673,-11.8000,3.7563,19.3200,37648.3168,-5.1000,3.7911,19.2800,34408.8733,0,30518.0000,57574.0000
2019-08-01,2019,8,Santander,9,Articulos y utensilios domesticos,0,102.4681,-11.8000,3.7563,19.3200,37648.3168,-5.1000,3.7911,19.2800,34408.8733,0,30518.0000,57574.0000
2019-08-01,2019,8,Santander,10,Aseo del hogar,0,121.3456,-11.8000,3.7563,19.3200,37648.3168,-5.1000,3.7911,19.2800,34408.8733,0,30518.0000,57574.0000
2019-08-01,2019,8,Santander,11,Informatica y telecomunicaciones,0,99.7945,-11.8000,3.7563,19.3200,37648.3168,-5.1000,3.7911,19.2800,34408.8733,0,30518.0000,57574.0000
2019-08-01,2019,8,Santander,12,Sonido y video,0,95.5125,-11.8000,3.7563,19.3200,37648.3168,-5.1000,3.7911,19.2800,34408.8733,0,30518.0000,57574.0000
2019-08-01,2019,8,Santander,14,"Ferreteria, vidrios y pinturas",0,107.2416,-11.8000,3.7563,19.3200,37648.3168,-5.1000,3.7911,19.2800,34408.8733,0,30518.0000,57574.0000
2019-08-01,2019,8,Santander,15,Otras mercancias de uso domestico,0,95.5137,-11.8000,3.7563,19.3200,37648.3168,-5.1000,3.7911,19.2800,34408.8733,0,30518.0000,57574.0000
2019-08-01,2019,8,Valle del Cauca,4,Prendas de vestir y textiles,0,92.1730,-11.8000,3.7563,19.3200,37648.3168,-5.1000,3.7911,19.2800,34408.8733,0,147816.0000,92985.0000
2019-08-01,2019,8,Valle del Cauca,8,Electrodomesticos y muebles,1,122.4490,-11.8000,3.7563,19.3200,37648.3168,-5.1000,3.7911,19.2800,34408.8733,0,147816.0000,92985.0000
2019-08-01,2019,8,Valle del Cauca,9,Articulos y utensilios domesticos,0,105.5743,-11.8000,3.7563,19.3200,37648.3168,-5.1000,3.7911,19.2800,34408.8733,0,147816.0000,92985.0000
2019-08-01,2019,8,Valle del Cauca,10,Aseo del hogar,0,107.9069,-11.8000,3.7563,19.3200,37648.3168,-5.1000,3.7911,19.2800,34408.8733,0,147816.0000,92985.0000
2019-08-01,2019,8,Valle del Cauca,11,Informatica y telecomunicaciones,0,108.5527,-11.8000,3.7563,19.3200,37648.3168,-5.1000,3.7911,19.2800,34408.8733,0,147816.0000,92985.0000
2019-08-01,2019,8,Valle del Cauca,12,Sonido y video,0,107.6174,-11.8000,3.7563,19.3200,37648.3168,-5.1000,3.7911,19.2800,34408.8733,0,147816.0000,92985.0000
2019-08-01,2019,8,Valle del Cauca,14,"Ferreteria, vidrios y pinturas",0,109.4377,-11.8000,3.7563,19.3200,37648.3168,-5.1000,3.7911,19.2800,34408.8733,0,147816.0000,92985.0000
2019-08-01,2019,8,Valle del Cauca,15,Otras mercancias de uso domestico,0,93.7982,-11.8000,3.7563,19.3200,37648.3168,-5.1000,3.7911,19.2800,34408.8733,0,147816.0000,92985.0000
2019-08-01,2019,8,Otros departamentos,4,Prendas de vestir y textiles,0,85.0927,-11.8000,3.7563,19.3200,37648.3168,-5.1000,3.7911,19.2800,34408.8733,0,438939.0000,680328.0000
2019-08-01,2019,8,Otros departamentos,8,Electrodomesticos y muebles,1,99.8066,-11.8000,3.7563,19.3200,37648.3168,-5.1000,3.7911,19.2800,34408.8733,0,438939.0000,680328.0000
2019-08-01,2019,8,Otros departamentos,9,Articulos y utensilios domesticos,0,104.0114,-11.8000,3.7563,19.3200,37648.3168,-5.1000,3.7911,19.2800,34408.8733,0,438939.0000,680328.0000
2019-08-01,2019,8,Otros departamentos,10,Aseo del hogar,0,104.2722,-11.8000,3.7563,19.3200,37648.3168,-5.1000,3.7911,19.2800,34408.8733,0,438939.0000,680328.0000
2019-08-01,2019,8,Otros departamentos,11,Informatica y telecomunicaciones,0,108.9377,-11.8000,3.7563,19.3200,37648.3168,-5.1000,3.7911,19.2800,34408.8733,0,438939.0000,680328.0000
2019-08-01,2019,8,Otros departamentos,12,Sonido y video,0,109.4110,-11.8000,3.7563,19.3200,37648.3168,-5.1000,3.7911,19.2800,34408.8733,0,438939.0000,680328.0000
2019-08-01,2019,8,Otros departamentos,14,"Ferreteria, vidrios y pinturas",0,106.8581,-11.8000,3.7563,19.3200,37648.3168,-5.1000,3.7911,19.2800,34408.8733,0,438939.0000,680328.0000
2019-08-01,2019,8,Otros departamentos,15,Otras mercancias de uso domestico,0,90.9486,-11.8000,3.7563,19.3200,37648.3168,-5.1000,3.7911,19.2800,34408.8733,0,438939.0000,680328.0000
2019-09-01,2019,9,Antioquia,4,Prendas de vestir y textiles,0,80.3617,-10.7000,3.8102,19.3200,33155.6416,-11.8000,3.7563,19.3200,37648.3168,0,287866.0000,385746.0000
2019-09-01,2019,9,Antioquia,8,Electrodomesticos y muebles,1,103.5556,-10.7000,3.8102,19.3200,33155.6416,-11.8000,3.7563,19.3200,37648.3168,0,287866.0000,385746.0000
2019-09-01,2019,9,Antioquia,9,Articulos y utensilios domesticos,0,97.7927,-10.7000,3.8102,19.3200,33155.6416,-11.8000,3.7563,19.3200,37648.3168,0,287866.0000,385746.0000
2019-09-01,2019,9,Antioquia,10,Aseo del hogar,0,98.9516,-10.7000,3.8102,19.3200,33155.6416,-11.8000,3.7563,19.3200,37648.3168,0,287866.0000,385746.0000
2019-09-01,2019,9,Antioquia,11,Informatica y telecomunicaciones,0,92.6292,-10.7000,3.8102,19.3200,33155.6416,-11.8000,3.7563,19.3200,37648.3168,0,287866.0000,385746.0000
2019-09-01,2019,9,Antioquia,12,Sonido y video,0,88.0715,-10.7000,3.8102,19.3200,33155.6416,-11.8000,3.7563,19.3200,37648.3168,0,287866.0000,385746.0000
2019-09-01,2019,9,Antioquia,14,"Ferreteria, vidrios y pinturas",0,106.5780,-10.7000,3.8102,19.3200,33155.6416,-11.8000,3.7563,19.3200,37648.3168,0,287866.0000,385746.0000
2019-09-01,2019,9,Antioquia,15,Otras mercancias de uso domestico,0,99.0924,-10.7000,3.8102,19.3200,33155.6416,-11.8000,3.7563,19.3200,37648.3168,0,287866.0000,385746.0000
2019-09-01,2019,9,Atlantico,4,Prendas de vestir y textiles,0,86.5343,-10.7000,3.8102,19.3200,33155.6416,-11.8000,3.7563,19.3200,37648.3168,0,60868.0000,67426.0000
2019-09-01,2019,9,Atlantico,8,Electrodomesticos y muebles,1,92.7439,-10.7000,3.8102,19.3200,33155.6416,-11.8000,3.7563,19.3200,37648.3168,0,60868.0000,67426.0000
2019-09-01,2019,9,Atlantico,9,Articulos y utensilios domesticos,0,93.2560,-10.7000,3.8102,19.3200,33155.6416,-11.8000,3.7563,19.3200,37648.3168,0,60868.0000,67426.0000
2019-09-01,2019,9,Atlantico,10,Aseo del hogar,0,99.3355,-10.7000,3.8102,19.3200,33155.6416,-11.8000,3.7563,19.3200,37648.3168,0,60868.0000,67426.0000
2019-09-01,2019,9,Atlantico,11,Informatica y telecomunicaciones,0,91.3120,-10.7000,3.8102,19.3200,33155.6416,-11.8000,3.7563,19.3200,37648.3168,0,60868.0000,67426.0000
2019-09-01,2019,9,Atlantico,12,Sonido y video,0,88.2283,-10.7000,3.8102,19.3200,33155.6416,-11.8000,3.7563,19.3200,37648.3168,0,60868.0000,67426.0000
2019-09-01,2019,9,Atlantico,14,"Ferreteria, vidrios y pinturas",0,89.6423,-10.7000,3.8102,19.3200,33155.6416,-11.8000,3.7563,19.3200,37648.3168,0,60868.0000,67426.0000
2019-09-01,2019,9,Atlantico,15,Otras mercancias de uso domestico,0,86.0250,-10.7000,3.8102,19.3200,33155.6416,-11.8000,3.7563,19.3200,37648.3168,0,60868.0000,67426.0000
2019-09-01,2019,9,Bogota,4,Prendas de vestir y textiles,0,94.8937,-10.7000,3.8102,19.3200,33155.6416,-11.8000,3.7563,19.3200,37648.3168,0,170637.0000,305668.0000
2019-09-01,2019,9,Bogota,8,Electrodomesticos y muebles,1,108.1805,-10.7000,3.8102,19.3200,33155.6416,-11.8000,3.7563,19.3200,37648.3168,0,170637.0000,305668.0000
2019-09-01,2019,9,Bogota,9,Articulos y utensilios domesticos,0,93.8040,-10.7000,3.8102,19.3200,33155.6416,-11.8000,3.7563,19.3200,37648.3168,0,170637.0000,305668.0000
2019-09-01,2019,9,Bogota,10,Aseo del hogar,0,92.4989,-10.7000,3.8102,19.3200,33155.6416,-11.8000,3.7563,19.3200,37648.3168,0,170637.0000,305668.0000
2019-09-01,2019,9,Bogota,11,Informatica y telecomunicaciones,0,92.3834,-10.7000,3.8102,19.3200,33155.6416,-11.8000,3.7563,19.3200,37648.3168,0,170637.0000,305668.0000
2019-09-01,2019,9,Bogota,12,Sonido y video,0,98.9052,-10.7000,3.8102,19.3200,33155.6416,-11.8000,3.7563,19.3200,37648.3168,0,170637.0000,305668.0000
2019-09-01,2019,9,Bogota,14,"Ferreteria, vidrios y pinturas",0,103.8436,-10.7000,3.8102,19.3200,33155.6416,-11.8000,3.7563,19.3200,37648.3168,0,170637.0000,305668.0000
2019-09-01,2019,9,Bogota,15,Otras mercancias de uso domestico,0,92.4712,-10.7000,3.8102,19.3200,33155.6416,-11.8000,3.7563,19.3200,37648.3168,0,170637.0000,305668.0000
2019-09-01,2019,9,Cundinamarca,4,Prendas de vestir y textiles,0,73.1159,-10.7000,3.8102,19.3200,33155.6416,-11.8000,3.7563,19.3200,37648.3168,0,217619.0000,115036.0000
2019-09-01,2019,9,Cundinamarca,8,Electrodomesticos y muebles,1,93.6744,-10.7000,3.8102,19.3200,33155.6416,-11.8000,3.7563,19.3200,37648.3168,0,217619.0000,115036.0000
2019-09-01,2019,9,Cundinamarca,9,Articulos y utensilios domesticos,0,89.1128,-10.7000,3.8102,19.3200,33155.6416,-11.8000,3.7563,19.3200,37648.3168,0,217619.0000,115036.0000
2019-09-01,2019,9,Cundinamarca,10,Aseo del hogar,0,96.3277,-10.7000,3.8102,19.3200,33155.6416,-11.8000,3.7563,19.3200,37648.3168,0,217619.0000,115036.0000
2019-09-01,2019,9,Cundinamarca,11,Informatica y telecomunicaciones,0,80.3331,-10.7000,3.8102,19.3200,33155.6416,-11.8000,3.7563,19.3200,37648.3168,0,217619.0000,115036.0000
2019-09-01,2019,9,Cundinamarca,12,Sonido y video,0,99.5498,-10.7000,3.8102,19.3200,33155.6416,-11.8000,3.7563,19.3200,37648.3168,0,217619.0000,115036.0000
2019-09-01,2019,9,Cundinamarca,14,"Ferreteria, vidrios y pinturas",0,96.5839,-10.7000,3.8102,19.3200,33155.6416,-11.8000,3.7563,19.3200,37648.3168,0,217619.0000,115036.0000
2019-09-01,2019,9,Cundinamarca,15,Otras mercancias de uso domestico,0,90.1381,-10.7000,3.8102,19.3200,33155.6416,-11.8000,3.7563,19.3200,37648.3168,0,217619.0000,115036.0000
2019-09-01,2019,9,Santander,4,Prendas de vestir y textiles,0,82.9849,-10.7000,3.8102,19.3200,33155.6416,-11.8000,3.7563,19.3200,37648.3168,0,37924.0000,30518.0000
2019-09-01,2019,9,Santander,8,Electrodomesticos y muebles,1,92.2453,-10.7000,3.8102,19.3200,33155.6416,-11.8000,3.7563,19.3200,37648.3168,0,37924.0000,30518.0000
2019-09-01,2019,9,Santander,9,Articulos y utensilios domesticos,0,84.8087,-10.7000,3.8102,19.3200,33155.6416,-11.8000,3.7563,19.3200,37648.3168,0,37924.0000,30518.0000
2019-09-01,2019,9,Santander,10,Aseo del hogar,0,113.7364,-10.7000,3.8102,19.3200,33155.6416,-11.8000,3.7563,19.3200,37648.3168,0,37924.0000,30518.0000
2019-09-01,2019,9,Santander,11,Informatica y telecomunicaciones,0,87.6684,-10.7000,3.8102,19.3200,33155.6416,-11.8000,3.7563,19.3200,37648.3168,0,37924.0000,30518.0000
2019-09-01,2019,9,Santander,12,Sonido y video,0,91.1255,-10.7000,3.8102,19.3200,33155.6416,-11.8000,3.7563,19.3200,37648.3168,0,37924.0000,30518.0000
2019-09-01,2019,9,Santander,14,"Ferreteria, vidrios y pinturas",0,105.5992,-10.7000,3.8102,19.3200,33155.6416,-11.8000,3.7563,19.3200,37648.3168,0,37924.0000,30518.0000
2019-09-01,2019,9,Santander,15,Otras mercancias de uso domestico,0,87.1890,-10.7000,3.8102,19.3200,33155.6416,-11.8000,3.7563,19.3200,37648.3168,0,37924.0000,30518.0000
2019-09-01,2019,9,Valle del Cauca,4,Prendas de vestir y textiles,0,86.5712,-10.7000,3.8102,19.3200,33155.6416,-11.8000,3.7563,19.3200,37648.3168,0,152566.0000,147816.0000
2019-09-01,2019,9,Valle del Cauca,8,Electrodomesticos y muebles,1,101.2075,-10.7000,3.8102,19.3200,33155.6416,-11.8000,3.7563,19.3200,37648.3168,0,152566.0000,147816.0000
2019-09-01,2019,9,Valle del Cauca,9,Articulos y utensilios domesticos,0,92.1653,-10.7000,3.8102,19.3200,33155.6416,-11.8000,3.7563,19.3200,37648.3168,0,152566.0000,147816.0000
2019-09-01,2019,9,Valle del Cauca,10,Aseo del hogar,0,109.8747,-10.7000,3.8102,19.3200,33155.6416,-11.8000,3.7563,19.3200,37648.3168,0,152566.0000,147816.0000
2019-09-01,2019,9,Valle del Cauca,11,Informatica y telecomunicaciones,0,93.8171,-10.7000,3.8102,19.3200,33155.6416,-11.8000,3.7563,19.3200,37648.3168,0,152566.0000,147816.0000
2019-09-01,2019,9,Valle del Cauca,12,Sonido y video,0,94.6605,-10.7000,3.8102,19.3200,33155.6416,-11.8000,3.7563,19.3200,37648.3168,0,152566.0000,147816.0000
2019-09-01,2019,9,Valle del Cauca,14,"Ferreteria, vidrios y pinturas",0,103.6359,-10.7000,3.8102,19.3200,33155.6416,-11.8000,3.7563,19.3200,37648.3168,0,152566.0000,147816.0000
2019-09-01,2019,9,Valle del Cauca,15,Otras mercancias de uso domestico,0,97.0590,-10.7000,3.8102,19.3200,33155.6416,-11.8000,3.7563,19.3200,37648.3168,0,152566.0000,147816.0000
2019-09-01,2019,9,Otros departamentos,4,Prendas de vestir y textiles,0,86.8303,-10.7000,3.8102,19.3200,33155.6416,-11.8000,3.7563,19.3200,37648.3168,0,497984.0000,438939.0000
2019-09-01,2019,9,Otros departamentos,8,Electrodomesticos y muebles,1,87.8259,-10.7000,3.8102,19.3200,33155.6416,-11.8000,3.7563,19.3200,37648.3168,0,497984.0000,438939.0000
2019-09-01,2019,9,Otros departamentos,9,Articulos y utensilios domesticos,0,93.6673,-10.7000,3.8102,19.3200,33155.6416,-11.8000,3.7563,19.3200,37648.3168,0,497984.0000,438939.0000
2019-09-01,2019,9,Otros departamentos,10,Aseo del hogar,0,101.5500,-10.7000,3.8102,19.3200,33155.6416,-11.8000,3.7563,19.3200,37648.3168,0,497984.0000,438939.0000
2019-09-01,2019,9,Otros departamentos,11,Informatica y telecomunicaciones,0,91.0231,-10.7000,3.8102,19.3200,33155.6416,-11.8000,3.7563,19.3200,37648.3168,0,497984.0000,438939.0000
2019-09-01,2019,9,Otros departamentos,12,Sonido y video,0,94.0076,-10.7000,3.8102,19.3200,33155.6416,-11.8000,3.7563,19.3200,37648.3168,0,497984.0000,438939.0000
2019-09-01,2019,9,Otros departamentos,14,"Ferreteria, vidrios y pinturas",0,100.1583,-10.7000,3.8102,19.3200,33155.6416,-11.8000,3.7563,19.3200,37648.3168,0,497984.0000,438939.0000
2019-09-01,2019,9,Otros departamentos,15,Otras mercancias de uso domestico,0,89.6850,-10.7000,3.8102,19.3200,33155.6416,-11.8000,3.7563,19.3200,37648.3168,0,497984.0000,438939.0000
2019-10-01,2019,10,Antioquia,4,Prendas de vestir y textiles,0,95.8433,-9.8000,3.8558,19.1000,35234.2208,-10.7000,3.8102,19.3200,33155.6416,0,236082.0000,287866.0000
2019-10-01,2019,10,Antioquia,8,Electrodomesticos y muebles,1,104.7408,-9.8000,3.8558,19.1000,35234.2208,-10.7000,3.8102,19.3200,33155.6416,0,236082.0000,287866.0000
2019-10-01,2019,10,Antioquia,9,Articulos y utensilios domesticos,0,106.9772,-9.8000,3.8558,19.1000,35234.2208,-10.7000,3.8102,19.3200,33155.6416,0,236082.0000,287866.0000
2019-10-01,2019,10,Antioquia,10,Aseo del hogar,0,101.5364,-9.8000,3.8558,19.1000,35234.2208,-10.7000,3.8102,19.3200,33155.6416,0,236082.0000,287866.0000
2019-10-01,2019,10,Antioquia,11,Informatica y telecomunicaciones,0,91.3711,-9.8000,3.8558,19.1000,35234.2208,-10.7000,3.8102,19.3200,33155.6416,0,236082.0000,287866.0000
2019-10-01,2019,10,Antioquia,12,Sonido y video,0,80.8759,-9.8000,3.8558,19.1000,35234.2208,-10.7000,3.8102,19.3200,33155.6416,0,236082.0000,287866.0000
2019-10-01,2019,10,Antioquia,14,"Ferreteria, vidrios y pinturas",0,108.4391,-9.8000,3.8558,19.1000,35234.2208,-10.7000,3.8102,19.3200,33155.6416,0,236082.0000,287866.0000
2019-10-01,2019,10,Antioquia,15,Otras mercancias de uso domestico,0,105.7346,-9.8000,3.8558,19.1000,35234.2208,-10.7000,3.8102,19.3200,33155.6416,0,236082.0000,287866.0000
2019-10-01,2019,10,Atlantico,4,Prendas de vestir y textiles,0,93.6016,-9.8000,3.8558,19.1000,35234.2208,-10.7000,3.8102,19.3200,33155.6416,0,76149.0000,60868.0000
2019-10-01,2019,10,Atlantico,8,Electrodomesticos y muebles,1,94.6487,-9.8000,3.8558,19.1000,35234.2208,-10.7000,3.8102,19.3200,33155.6416,0,76149.0000,60868.0000
2019-10-01,2019,10,Atlantico,9,Articulos y utensilios domesticos,0,107.1235,-9.8000,3.8558,19.1000,35234.2208,-10.7000,3.8102,19.3200,33155.6416,0,76149.0000,60868.0000
2019-10-01,2019,10,Atlantico,10,Aseo del hogar,0,97.1735,-9.8000,3.8558,19.1000,35234.2208,-10.7000,3.8102,19.3200,33155.6416,0,76149.0000,60868.0000
2019-10-01,2019,10,Atlantico,11,Informatica y telecomunicaciones,0,88.8297,-9.8000,3.8558,19.1000,35234.2208,-10.7000,3.8102,19.3200,33155.6416,0,76149.0000,60868.0000
2019-10-01,2019,10,Atlantico,12,Sonido y video,0,95.5420,-9.8000,3.8558,19.1000,35234.2208,-10.7000,3.8102,19.3200,33155.6416,0,76149.0000,60868.0000
2019-10-01,2019,10,Atlantico,14,"Ferreteria, vidrios y pinturas",0,104.7264,-9.8000,3.8558,19.1000,35234.2208,-10.7000,3.8102,19.3200,33155.6416,0,76149.0000,60868.0000
2019-10-01,2019,10,Atlantico,15,Otras mercancias de uso domestico,0,95.7971,-9.8000,3.8558,19.1000,35234.2208,-10.7000,3.8102,19.3200,33155.6416,0,76149.0000,60868.0000
2019-10-01,2019,10,Bogota,4,Prendas de vestir y textiles,0,103.5401,-9.8000,3.8558,19.1000,35234.2208,-10.7000,3.8102,19.3200,33155.6416,0,204983.0000,170637.0000
2019-10-01,2019,10,Bogota,8,Electrodomesticos y muebles,1,107.2257,-9.8000,3.8558,19.1000,35234.2208,-10.7000,3.8102,19.3200,33155.6416,0,204983.0000,170637.0000
2019-10-01,2019,10,Bogota,9,Articulos y utensilios domesticos,0,109.0827,-9.8000,3.8558,19.1000,35234.2208,-10.7000,3.8102,19.3200,33155.6416,0,204983.0000,170637.0000
2019-10-01,2019,10,Bogota,10,Aseo del hogar,0,105.9936,-9.8000,3.8558,19.1000,35234.2208,-10.7000,3.8102,19.3200,33155.6416,0,204983.0000,170637.0000
2019-10-01,2019,10,Bogota,11,Informatica y telecomunicaciones,0,114.2475,-9.8000,3.8558,19.1000,35234.2208,-10.7000,3.8102,19.3200,33155.6416,0,204983.0000,170637.0000
2019-10-01,2019,10,Bogota,12,Sonido y video,0,101.6890,-9.8000,3.8558,19.1000,35234.2208,-10.7000,3.8102,19.3200,33155.6416,0,204983.0000,170637.0000
2019-10-01,2019,10,Bogota,14,"Ferreteria, vidrios y pinturas",0,121.2618,-9.8000,3.8558,19.1000,35234.2208,-10.7000,3.8102,19.3200,33155.6416,0,204983.0000,170637.0000
2019-10-01,2019,10,Bogota,15,Otras mercancias de uso domestico,0,99.2323,-9.8000,3.8558,19.1000,35234.2208,-10.7000,3.8102,19.3200,33155.6416,0,204983.0000,170637.0000
2019-10-01,2019,10,Cundinamarca,4,Prendas de vestir y textiles,0,79.0837,-9.8000,3.8558,19.1000,35234.2208,-10.7000,3.8102,19.3200,33155.6416,0,276187.0000,217619.0000
2019-10-01,2019,10,Cundinamarca,8,Electrodomesticos y muebles,1,96.6641,-9.8000,3.8558,19.1000,35234.2208,-10.7000,3.8102,19.3200,33155.6416,0,276187.0000,217619.0000
2019-10-01,2019,10,Cundinamarca,9,Articulos y utensilios domesticos,0,98.5151,-9.8000,3.8558,19.1000,35234.2208,-10.7000,3.8102,19.3200,33155.6416,0,276187.0000,217619.0000
2019-10-01,2019,10,Cundinamarca,10,Aseo del hogar,0,75.4582,-9.8000,3.8558,19.1000,35234.2208,-10.7000,3.8102,19.3200,33155.6416,0,276187.0000,217619.0000
2019-10-01,2019,10,Cundinamarca,11,Informatica y telecomunicaciones,0,86.3508,-9.8000,3.8558,19.1000,35234.2208,-10.7000,3.8102,19.3200,33155.6416,0,276187.0000,217619.0000
2019-10-01,2019,10,Cundinamarca,12,Sonido y video,0,102.5893,-9.8000,3.8558,19.1000,35234.2208,-10.7000,3.8102,19.3200,33155.6416,0,276187.0000,217619.0000
2019-10-01,2019,10,Cundinamarca,14,"Ferreteria, vidrios y pinturas",0,91.2604,-9.8000,3.8558,19.1000,35234.2208,-10.7000,3.8102,19.3200,33155.6416,0,276187.0000,217619.0000
2019-10-01,2019,10,Cundinamarca,15,Otras mercancias de uso domestico,0,106.6748,-9.8000,3.8558,19.1000,35234.2208,-10.7000,3.8102,19.3200,33155.6416,0,276187.0000,217619.0000
2019-10-01,2019,10,Santander,4,Prendas de vestir y textiles,0,76.9748,-9.8000,3.8558,19.1000,35234.2208,-10.7000,3.8102,19.3200,33155.6416,0,48353.0000,37924.0000
2019-10-01,2019,10,Santander,8,Electrodomesticos y muebles,1,96.6223,-9.8000,3.8558,19.1000,35234.2208,-10.7000,3.8102,19.3200,33155.6416,0,48353.0000,37924.0000
2019-10-01,2019,10,Santander,9,Articulos y utensilios domesticos,0,95.8296,-9.8000,3.8558,19.1000,35234.2208,-10.7000,3.8102,19.3200,33155.6416,0,48353.0000,37924.0000
2019-10-01,2019,10,Santander,10,Aseo del hogar,0,95.8253,-9.8000,3.8558,19.1000,35234.2208,-10.7000,3.8102,19.3200,33155.6416,0,48353.0000,37924.0000
2019-10-01,2019,10,Santander,11,Informatica y telecomunicaciones,0,92.1265,-9.8000,3.8558,19.1000,35234.2208,-10.7000,3.8102,19.3200,33155.6416,0,48353.0000,37924.0000
2019-10-01,2019,10,Santander,12,Sonido y video,0,95.5634,-9.8000,3.8558,19.1000,35234.2208,-10.7000,3.8102,19.3200,33155.6416,0,48353.0000,37924.0000
2019-10-01,2019,10,Santander,14,"Ferreteria, vidrios y pinturas",0,112.6727,-9.8000,3.8558,19.1000,35234.2208,-10.7000,3.8102,19.3200,33155.6416,0,48353.0000,37924.0000
2019-10-01,2019,10,Santander,15,Otras mercancias de uso domestico,0,101.7551,-9.8000,3.8558,19.1000,35234.2208,-10.7000,3.8102,19.3200,33155.6416,0,48353.0000,37924.0000
2019-10-01,2019,10,Valle del Cauca,4,Prendas de vestir y textiles,0,91.3214,-9.8000,3.8558,19.1000,35234.2208,-10.7000,3.8102,19.3200,33155.6416,0,196532.0000,152566.0000
2019-10-01,2019,10,Valle del Cauca,8,Electrodomesticos y muebles,1,88.5018,-9.8000,3.8558,19.1000,35234.2208,-10.7000,3.8102,19.3200,33155.6416,0,196532.0000,152566.0000
2019-10-01,2019,10,Valle del Cauca,9,Articulos y utensilios domesticos,0,106.1716,-9.8000,3.8558,19.1000,35234.2208,-10.7000,3.8102,19.3200,33155.6416,0,196532.0000,152566.0000
2019-10-01,2019,10,Valle del Cauca,10,Aseo del hogar,0,119.6692,-9.8000,3.8558,19.1000,35234.2208,-10.7000,3.8102,19.3200,33155.6416,0,196532.0000,152566.0000
2019-10-01,2019,10,Valle del Cauca,11,Informatica y telecomunicaciones,0,101.0336,-9.8000,3.8558,19.1000,35234.2208,-10.7000,3.8102,19.3200,33155.6416,0,196532.0000,152566.0000
2019-10-01,2019,10,Valle del Cauca,12,Sonido y video,0,83.1131,-9.8000,3.8558,19.1000,35234.2208,-10.7000,3.8102,19.3200,33155.6416,0,196532.0000,152566.0000
2019-10-01,2019,10,Valle del Cauca,14,"Ferreteria, vidrios y pinturas",0,101.6322,-9.8000,3.8558,19.1000,35234.2208,-10.7000,3.8102,19.3200,33155.6416,0,196532.0000,152566.0000
2019-10-01,2019,10,Valle del Cauca,15,Otras mercancias de uso domestico,0,101.5077,-9.8000,3.8558,19.1000,35234.2208,-10.7000,3.8102,19.3200,33155.6416,0,196532.0000,152566.0000
2019-10-01,2019,10,Otros departamentos,4,Prendas de vestir y textiles,0,83.6181,-9.8000,3.8558,19.1000,35234.2208,-10.7000,3.8102,19.3200,33155.6416,0,477018.0000,497984.0000
2019-10-01,2019,10,Otros departamentos,8,Electrodomesticos y muebles,1,88.3125,-9.8000,3.8558,19.1000,35234.2208,-10.7000,3.8102,19.3200,33155.6416,0,477018.0000,497984.0000
2019-10-01,2019,10,Otros departamentos,9,Articulos y utensilios domesticos,0,102.9536,-9.8000,3.8558,19.1000,35234.2208,-10.7000,3.8102,19.3200,33155.6416,0,477018.0000,497984.0000
2019-10-01,2019,10,Otros departamentos,10,Aseo del hogar,0,93.2806,-9.8000,3.8558,19.1000,35234.2208,-10.7000,3.8102,19.3200,33155.6416,0,477018.0000,497984.0000
2019-10-01,2019,10,Otros departamentos,11,Informatica y telecomunicaciones,0,94.9937,-9.8000,3.8558,19.1000,35234.2208,-10.7000,3.8102,19.3200,33155.6416,0,477018.0000,497984.0000
2019-10-01,2019,10,Otros departamentos,12,Sonido y video,0,93.4352,-9.8000,3.8558,19.1000,35234.2208,-10.7000,3.8102,19.3200,33155.6416,0,477018.0000,497984.0000
2019-10-01,2019,10,Otros departamentos,14,"Ferreteria, vidrios y pinturas",0,102.6427,-9.8000,3.8558,19.1000,35234.2208,-10.7000,3.8102,19.3200,33155.6416,0,477018.0000,497984.0000
2019-10-01,2019,10,Otros departamentos,15,Otras mercancias de uso domestico,0,98.1673,-9.8000,3.8558,19.1000,35234.2208,-10.7000,3.8102,19.3200,33155.6416,0,477018.0000,497984.0000
2019-11-01,2019,11,Antioquia,4,Prendas de vestir y textiles,0,110.9588,-14.4000,3.8516,19.0300,33942.1425,-9.8000,3.8558,19.1000,35234.2208,0,411620.0000,236082.0000
2019-11-01,2019,11,Antioquia,8,Electrodomesticos y muebles,1,118.4273,-14.4000,3.8516,19.0300,33942.1425,-9.8000,3.8558,19.1000,35234.2208,0,411620.0000,236082.0000
2019-11-01,2019,11,Antioquia,9,Articulos y utensilios domesticos,0,110.9549,-14.4000,3.8516,19.0300,33942.1425,-9.8000,3.8558,19.1000,35234.2208,0,411620.0000,236082.0000
2019-11-01,2019,11,Antioquia,10,Aseo del hogar,0,103.7643,-14.4000,3.8516,19.0300,33942.1425,-9.8000,3.8558,19.1000,35234.2208,0,411620.0000,236082.0000
2019-11-01,2019,11,Antioquia,11,Informatica y telecomunicaciones,0,125.8673,-14.4000,3.8516,19.0300,33942.1425,-9.8000,3.8558,19.1000,35234.2208,0,411620.0000,236082.0000
2019-11-01,2019,11,Antioquia,12,Sonido y video,0,128.2126,-14.4000,3.8516,19.0300,33942.1425,-9.8000,3.8558,19.1000,35234.2208,0,411620.0000,236082.0000
2019-11-01,2019,11,Antioquia,14,"Ferreteria, vidrios y pinturas",0,106.0756,-14.4000,3.8516,19.0300,33942.1425,-9.8000,3.8558,19.1000,35234.2208,0,411620.0000,236082.0000
2019-11-01,2019,11,Antioquia,15,Otras mercancias de uso domestico,0,136.3920,-14.4000,3.8516,19.0300,33942.1425,-9.8000,3.8558,19.1000,35234.2208,0,411620.0000,236082.0000
2019-11-01,2019,11,Atlantico,4,Prendas de vestir y textiles,0,135.8839,-14.4000,3.8516,19.0300,33942.1425,-9.8000,3.8558,19.1000,35234.2208,0,14753.0000,76149.0000
2019-11-01,2019,11,Atlantico,8,Electrodomesticos y muebles,1,118.9030,-14.4000,3.8516,19.0300,33942.1425,-9.8000,3.8558,19.1000,35234.2208,0,14753.0000,76149.0000
2019-11-01,2019,11,Atlantico,9,Articulos y utensilios domesticos,0,118.9681,-14.4000,3.8516,19.0300,33942.1425,-9.8000,3.8558,19.1000,35234.2208,0,14753.0000,76149.0000
2019-11-01,2019,11,Atlantico,10,Aseo del hogar,0,104.3170,-14.4000,3.8516,19.0300,33942.1425,-9.8000,3.8558,19.1000,35234.2208,0,14753.0000,76149.0000
2019-11-01,2019,11,Atlantico,11,Informatica y telecomunicaciones,0,123.0274,-14.4000,3.8516,19.0300,33942.1425,-9.8000,3.8558,19.1000,35234.2208,0,14753.0000,76149.0000
2019-11-01,2019,11,Atlantico,12,Sonido y video,0,151.5360,-14.4000,3.8516,19.0300,33942.1425,-9.8000,3.8558,19.1000,35234.2208,0,14753.0000,76149.0000
2019-11-01,2019,11,Atlantico,14,"Ferreteria, vidrios y pinturas",0,107.6085,-14.4000,3.8516,19.0300,33942.1425,-9.8000,3.8558,19.1000,35234.2208,0,14753.0000,76149.0000
2019-11-01,2019,11,Atlantico,15,Otras mercancias de uso domestico,0,136.1083,-14.4000,3.8516,19.0300,33942.1425,-9.8000,3.8558,19.1000,35234.2208,0,14753.0000,76149.0000
2019-11-01,2019,11,Bogota,4,Prendas de vestir y textiles,0,129.0208,-14.4000,3.8516,19.0300,33942.1425,-9.8000,3.8558,19.1000,35234.2208,0,172217.0000,204983.0000
2019-11-01,2019,11,Bogota,8,Electrodomesticos y muebles,1,119.5400,-14.4000,3.8516,19.0300,33942.1425,-9.8000,3.8558,19.1000,35234.2208,0,172217.0000,204983.0000
2019-11-01,2019,11,Bogota,9,Articulos y utensilios domesticos,0,109.4782,-14.4000,3.8516,19.0300,33942.1425,-9.8000,3.8558,19.1000,35234.2208,0,172217.0000,204983.0000
2019-11-01,2019,11,Bogota,10,Aseo del hogar,0,101.8693,-14.4000,3.8516,19.0300,33942.1425,-9.8000,3.8558,19.1000,35234.2208,0,172217.0000,204983.0000
2019-11-01,2019,11,Bogota,11,Informatica y telecomunicaciones,0,127.6900,-14.4000,3.8516,19.0300,33942.1425,-9.8000,3.8558,19.1000,35234.2208,0,172217.0000,204983.0000
2019-11-01,2019,11,Bogota,12,Sonido y video,0,147.3121,-14.4000,3.8516,19.0300,33942.1425,-9.8000,3.8558,19.1000,35234.2208,0,172217.0000,204983.0000
2019-11-01,2019,11,Bogota,14,"Ferreteria, vidrios y pinturas",0,115.8941,-14.4000,3.8516,19.0300,33942.1425,-9.8000,3.8558,19.1000,35234.2208,0,172217.0000,204983.0000
2019-11-01,2019,11,Bogota,15,Otras mercancias de uso domestico,0,134.6534,-14.4000,3.8516,19.0300,33942.1425,-9.8000,3.8558,19.1000,35234.2208,0,172217.0000,204983.0000
2019-11-01,2019,11,Cundinamarca,4,Prendas de vestir y textiles,0,124.7813,-14.4000,3.8516,19.0300,33942.1425,-9.8000,3.8558,19.1000,35234.2208,0,291081.0000,276187.0000
2019-11-01,2019,11,Cundinamarca,8,Electrodomesticos y muebles,1,149.0380,-14.4000,3.8516,19.0300,33942.1425,-9.8000,3.8558,19.1000,35234.2208,0,291081.0000,276187.0000
2019-11-01,2019,11,Cundinamarca,9,Articulos y utensilios domesticos,0,120.4582,-14.4000,3.8516,19.0300,33942.1425,-9.8000,3.8558,19.1000,35234.2208,0,291081.0000,276187.0000
2019-11-01,2019,11,Cundinamarca,10,Aseo del hogar,0,95.4750,-14.4000,3.8516,19.0300,33942.1425,-9.8000,3.8558,19.1000,35234.2208,0,291081.0000,276187.0000
2019-11-01,2019,11,Cundinamarca,11,Informatica y telecomunicaciones,0,131.3361,-14.4000,3.8516,19.0300,33942.1425,-9.8000,3.8558,19.1000,35234.2208,0,291081.0000,276187.0000
2019-11-01,2019,11,Cundinamarca,12,Sonido y video,0,154.3009,-14.4000,3.8516,19.0300,33942.1425,-9.8000,3.8558,19.1000,35234.2208,0,291081.0000,276187.0000
2019-11-01,2019,11,Cundinamarca,14,"Ferreteria, vidrios y pinturas",0,123.2975,-14.4000,3.8516,19.0300,33942.1425,-9.8000,3.8558,19.1000,35234.2208,0,291081.0000,276187.0000
2019-11-01,2019,11,Cundinamarca,15,Otras mercancias de uso domestico,0,169.8472,-14.4000,3.8516,19.0300,33942.1425,-9.8000,3.8558,19.1000,35234.2208,0,291081.0000,276187.0000
2019-11-01,2019,11,Santander,4,Prendas de vestir y textiles,0,110.3733,-14.4000,3.8516,19.0300,33942.1425,-9.8000,3.8558,19.1000,35234.2208,0,49616.0000,48353.0000
2019-11-01,2019,11,Santander,8,Electrodomesticos y muebles,1,107.5266,-14.4000,3.8516,19.0300,33942.1425,-9.8000,3.8558,19.1000,35234.2208,0,49616.0000,48353.0000
2019-11-01,2019,11,Santander,9,Articulos y utensilios domesticos,0,113.0167,-14.4000,3.8516,19.0300,33942.1425,-9.8000,3.8558,19.1000,35234.2208,0,49616.0000,48353.0000
2019-11-01,2019,11,Santander,10,Aseo del hogar,0,95.7425,-14.4000,3.8516,19.0300,33942.1425,-9.8000,3.8558,19.1000,35234.2208,0,49616.0000,48353.0000
2019-11-01,2019,11,Santander,11,Informatica y telecomunicaciones,0,119.9778,-14.4000,3.8516,19.0300,33942.1425,-9.8000,3.8558,19.1000,35234.2208,0,49616.0000,48353.0000
2019-11-01,2019,11,Santander,12,Sonido y video,0,149.0145,-14.4000,3.8516,19.0300,33942.1425,-9.8000,3.8558,19.1000,35234.2208,0,49616.0000,48353.0000
2019-11-01,2019,11,Santander,14,"Ferreteria, vidrios y pinturas",0,112.4213,-14.4000,3.8516,19.0300,33942.1425,-9.8000,3.8558,19.1000,35234.2208,0,49616.0000,48353.0000
2019-11-01,2019,11,Santander,15,Otras mercancias de uso domestico,0,145.9364,-14.4000,3.8516,19.0300,33942.1425,-9.8000,3.8558,19.1000,35234.2208,0,49616.0000,48353.0000
2019-11-01,2019,11,Valle del Cauca,4,Prendas de vestir y textiles,0,119.6947,-14.4000,3.8516,19.0300,33942.1425,-9.8000,3.8558,19.1000,35234.2208,0,104267.0000,196532.0000
2019-11-01,2019,11,Valle del Cauca,8,Electrodomesticos y muebles,1,104.7168,-14.4000,3.8516,19.0300,33942.1425,-9.8000,3.8558,19.1000,35234.2208,0,104267.0000,196532.0000
2019-11-01,2019,11,Valle del Cauca,9,Articulos y utensilios domesticos,0,104.7504,-14.4000,3.8516,19.0300,33942.1425,-9.8000,3.8558,19.1000,35234.2208,0,104267.0000,196532.0000
2019-11-01,2019,11,Valle del Cauca,10,Aseo del hogar,0,100.4334,-14.4000,3.8516,19.0300,33942.1425,-9.8000,3.8558,19.1000,35234.2208,0,104267.0000,196532.0000
2019-11-01,2019,11,Valle del Cauca,11,Informatica y telecomunicaciones,0,126.5187,-14.4000,3.8516,19.0300,33942.1425,-9.8000,3.8558,19.1000,35234.2208,0,104267.0000,196532.0000
2019-11-01,2019,11,Valle del Cauca,12,Sonido y video,0,134.5785,-14.4000,3.8516,19.0300,33942.1425,-9.8000,3.8558,19.1000,35234.2208,0,104267.0000,196532.0000
2019-11-01,2019,11,Valle del Cauca,14,"Ferreteria, vidrios y pinturas",0,105.1364,-14.4000,3.8516,19.0300,33942.1425,-9.8000,3.8558,19.1000,35234.2208,0,104267.0000,196532.0000
2019-11-01,2019,11,Valle del Cauca,15,Otras mercancias de uso domestico,0,128.7447,-14.4000,3.8516,19.0300,33942.1425,-9.8000,3.8558,19.1000,35234.2208,0,104267.0000,196532.0000
2019-11-01,2019,11,Otros departamentos,4,Prendas de vestir y textiles,0,109.9173,-14.4000,3.8516,19.0300,33942.1425,-9.8000,3.8558,19.1000,35234.2208,0,695462.0000,477018.0000
2019-11-01,2019,11,Otros departamentos,8,Electrodomesticos y muebles,1,112.4172,-14.4000,3.8516,19.0300,33942.1425,-9.8000,3.8558,19.1000,35234.2208,0,695462.0000,477018.0000
2019-11-01,2019,11,Otros departamentos,9,Articulos y utensilios domesticos,0,116.9090,-14.4000,3.8516,19.0300,33942.1425,-9.8000,3.8558,19.1000,35234.2208,0,695462.0000,477018.0000
2019-11-01,2019,11,Otros departamentos,10,Aseo del hogar,0,101.9905,-14.4000,3.8516,19.0300,33942.1425,-9.8000,3.8558,19.1000,35234.2208,0,695462.0000,477018.0000
2019-11-01,2019,11,Otros departamentos,11,Informatica y telecomunicaciones,0,129.7549,-14.4000,3.8516,19.0300,33942.1425,-9.8000,3.8558,19.1000,35234.2208,0,695462.0000,477018.0000
2019-11-01,2019,11,Otros departamentos,12,Sonido y video,0,134.4193,-14.4000,3.8516,19.0300,33942.1425,-9.8000,3.8558,19.1000,35234.2208,0,695462.0000,477018.0000
2019-11-01,2019,11,Otros departamentos,14,"Ferreteria, vidrios y pinturas",0,111.4445,-14.4000,3.8516,19.0300,33942.1425,-9.8000,3.8558,19.1000,35234.2208,0,695462.0000,477018.0000
2019-11-01,2019,11,Otros departamentos,15,Otras mercancias de uso domestico,0,109.7862,-14.4000,3.8516,19.0300,33942.1425,-9.8000,3.8558,19.1000,35234.2208,0,695462.0000,477018.0000
2019-12-01,2019,12,Antioquia,4,Prendas de vestir y textiles,0,243.7965,-9.5000,3.8000,18.9100,37163.6911,-14.4000,3.8516,19.0300,33942.1425,0,615502.0000,411620.0000
2019-12-01,2019,12,Antioquia,8,Electrodomesticos y muebles,1,139.4715,-9.5000,3.8000,18.9100,37163.6911,-14.4000,3.8516,19.0300,33942.1425,0,615502.0000,411620.0000
2019-12-01,2019,12,Antioquia,9,Articulos y utensilios domesticos,0,148.0197,-9.5000,3.8000,18.9100,37163.6911,-14.4000,3.8516,19.0300,33942.1425,0,615502.0000,411620.0000
2019-12-01,2019,12,Antioquia,10,Aseo del hogar,0,112.3638,-9.5000,3.8000,18.9100,37163.6911,-14.4000,3.8516,19.0300,33942.1425,0,615502.0000,411620.0000
2019-12-01,2019,12,Antioquia,11,Informatica y telecomunicaciones,0,164.6547,-9.5000,3.8000,18.9100,37163.6911,-14.4000,3.8516,19.0300,33942.1425,0,615502.0000,411620.0000
2019-12-01,2019,12,Antioquia,12,Sonido y video,0,139.9201,-9.5000,3.8000,18.9100,37163.6911,-14.4000,3.8516,19.0300,33942.1425,0,615502.0000,411620.0000
2019-12-01,2019,12,Antioquia,14,"Ferreteria, vidrios y pinturas",0,115.2199,-9.5000,3.8000,18.9100,37163.6911,-14.4000,3.8516,19.0300,33942.1425,0,615502.0000,411620.0000
2019-12-01,2019,12,Antioquia,15,Otras mercancias de uso domestico,0,191.2221,-9.5000,3.8000,18.9100,37163.6911,-14.4000,3.8516,19.0300,33942.1425,0,615502.0000,411620.0000
2019-12-01,2019,12,Atlantico,4,Prendas de vestir y textiles,0,259.8224,-9.5000,3.8000,18.9100,37163.6911,-14.4000,3.8516,19.0300,33942.1425,0,94265.0000,14753.0000
2019-12-01,2019,12,Atlantico,8,Electrodomesticos y muebles,1,121.0210,-9.5000,3.8000,18.9100,37163.6911,-14.4000,3.8516,19.0300,33942.1425,0,94265.0000,14753.0000
2019-12-01,2019,12,Atlantico,9,Articulos y utensilios domesticos,0,160.7066,-9.5000,3.8000,18.9100,37163.6911,-14.4000,3.8516,19.0300,33942.1425,0,94265.0000,14753.0000
2019-12-01,2019,12,Atlantico,10,Aseo del hogar,0,130.5175,-9.5000,3.8000,18.9100,37163.6911,-14.4000,3.8516,19.0300,33942.1425,0,94265.0000,14753.0000
2019-12-01,2019,12,Atlantico,11,Informatica y telecomunicaciones,0,156.6581,-9.5000,3.8000,18.9100,37163.6911,-14.4000,3.8516,19.0300,33942.1425,0,94265.0000,14753.0000
2019-12-01,2019,12,Atlantico,12,Sonido y video,0,153.4203,-9.5000,3.8000,18.9100,37163.6911,-14.4000,3.8516,19.0300,33942.1425,0,94265.0000,14753.0000
2019-12-01,2019,12,Atlantico,14,"Ferreteria, vidrios y pinturas",0,95.2607,-9.5000,3.8000,18.9100,37163.6911,-14.4000,3.8516,19.0300,33942.1425,0,94265.0000,14753.0000
2019-12-01,2019,12,Atlantico,15,Otras mercancias de uso domestico,0,172.4806,-9.5000,3.8000,18.9100,37163.6911,-14.4000,3.8516,19.0300,33942.1425,0,94265.0000,14753.0000
2019-12-01,2019,12,Bogota,4,Prendas de vestir y textiles,0,267.2429,-9.5000,3.8000,18.9100,37163.6911,-14.4000,3.8516,19.0300,33942.1425,0,558267.0000,172217.0000
2019-12-01,2019,12,Bogota,8,Electrodomesticos y muebles,1,108.1230,-9.5000,3.8000,18.9100,37163.6911,-14.4000,3.8516,19.0300,33942.1425,0,558267.0000,172217.0000
2019-12-01,2019,12,Bogota,9,Articulos y utensilios domesticos,0,135.8394,-9.5000,3.8000,18.9100,37163.6911,-14.4000,3.8516,19.0300,33942.1425,0,558267.0000,172217.0000
2019-12-01,2019,12,Bogota,10,Aseo del hogar,0,108.2594,-9.5000,3.8000,18.9100,37163.6911,-14.4000,3.8516,19.0300,33942.1425,0,558267.0000,172217.0000
2019-12-01,2019,12,Bogota,11,Informatica y telecomunicaciones,0,172.1219,-9.5000,3.8000,18.9100,37163.6911,-14.4000,3.8516,19.0300,33942.1425,0,558267.0000,172217.0000
2019-12-01,2019,12,Bogota,12,Sonido y video,0,150.0831,-9.5000,3.8000,18.9100,37163.6911,-14.4000,3.8516,19.0300,33942.1425,0,558267.0000,172217.0000
2019-12-01,2019,12,Bogota,14,"Ferreteria, vidrios y pinturas",0,107.9447,-9.5000,3.8000,18.9100,37163.6911,-14.4000,3.8516,19.0300,33942.1425,0,558267.0000,172217.0000
2019-12-01,2019,12,Bogota,15,Otras mercancias de uso domestico,0,159.7686,-9.5000,3.8000,18.9100,37163.6911,-14.4000,3.8516,19.0300,33942.1425,0,558267.0000,172217.0000
2019-12-01,2019,12,Cundinamarca,4,Prendas de vestir y textiles,0,248.3758,-9.5000,3.8000,18.9100,37163.6911,-14.4000,3.8516,19.0300,33942.1425,0,940710.0000,291081.0000
2019-12-01,2019,12,Cundinamarca,8,Electrodomesticos y muebles,1,136.0707,-9.5000,3.8000,18.9100,37163.6911,-14.4000,3.8516,19.0300,33942.1425,0,940710.0000,291081.0000
2019-12-01,2019,12,Cundinamarca,9,Articulos y utensilios domesticos,0,144.8392,-9.5000,3.8000,18.9100,37163.6911,-14.4000,3.8516,19.0300,33942.1425,0,940710.0000,291081.0000
2019-12-01,2019,12,Cundinamarca,10,Aseo del hogar,0,109.1930,-9.5000,3.8000,18.9100,37163.6911,-14.4000,3.8516,19.0300,33942.1425,0,940710.0000,291081.0000
2019-12-01,2019,12,Cundinamarca,11,Informatica y telecomunicaciones,0,166.8293,-9.5000,3.8000,18.9100,37163.6911,-14.4000,3.8516,19.0300,33942.1425,0,940710.0000,291081.0000
2019-12-01,2019,12,Cundinamarca,12,Sonido y video,0,161.7083,-9.5000,3.8000,18.9100,37163.6911,-14.4000,3.8516,19.0300,33942.1425,0,940710.0000,291081.0000
2019-12-01,2019,12,Cundinamarca,14,"Ferreteria, vidrios y pinturas",0,116.2836,-9.5000,3.8000,18.9100,37163.6911,-14.4000,3.8516,19.0300,33942.1425,0,940710.0000,291081.0000
2019-12-01,2019,12,Cundinamarca,15,Otras mercancias de uso domestico,0,208.4051,-9.5000,3.8000,18.9100,37163.6911,-14.4000,3.8516,19.0300,33942.1425,0,940710.0000,291081.0000
2019-12-01,2019,12,Santander,4,Prendas de vestir y textiles,0,246.8936,-9.5000,3.8000,18.9100,37163.6911,-14.4000,3.8516,19.0300,33942.1425,0,116201.0000,49616.0000
2019-12-01,2019,12,Santander,8,Electrodomesticos y muebles,1,120.6263,-9.5000,3.8000,18.9100,37163.6911,-14.4000,3.8516,19.0300,33942.1425,0,116201.0000,49616.0000
2019-12-01,2019,12,Santander,9,Articulos y utensilios domesticos,0,148.2778,-9.5000,3.8000,18.9100,37163.6911,-14.4000,3.8516,19.0300,33942.1425,0,116201.0000,49616.0000
2019-12-01,2019,12,Santander,10,Aseo del hogar,0,100.5846,-9.5000,3.8000,18.9100,37163.6911,-14.4000,3.8516,19.0300,33942.1425,0,116201.0000,49616.0000
2019-12-01,2019,12,Santander,11,Informatica y telecomunicaciones,0,154.8413,-9.5000,3.8000,18.9100,37163.6911,-14.4000,3.8516,19.0300,33942.1425,0,116201.0000,49616.0000
2019-12-01,2019,12,Santander,12,Sonido y video,0,157.2749,-9.5000,3.8000,18.9100,37163.6911,-14.4000,3.8516,19.0300,33942.1425,0,116201.0000,49616.0000
2019-12-01,2019,12,Santander,14,"Ferreteria, vidrios y pinturas",0,115.9871,-9.5000,3.8000,18.9100,37163.6911,-14.4000,3.8516,19.0300,33942.1425,0,116201.0000,49616.0000
2019-12-01,2019,12,Santander,15,Otras mercancias de uso domestico,0,199.1025,-9.5000,3.8000,18.9100,37163.6911,-14.4000,3.8516,19.0300,33942.1425,0,116201.0000,49616.0000
2019-12-01,2019,12,Valle del Cauca,4,Prendas de vestir y textiles,0,239.4667,-9.5000,3.8000,18.9100,37163.6911,-14.4000,3.8516,19.0300,33942.1425,0,339757.0000,104267.0000
2019-12-01,2019,12,Valle del Cauca,8,Electrodomesticos y muebles,1,107.7598,-9.5000,3.8000,18.9100,37163.6911,-14.4000,3.8516,19.0300,33942.1425,0,339757.0000,104267.0000
2019-12-01,2019,12,Valle del Cauca,9,Articulos y utensilios domesticos,0,133.4764,-9.5000,3.8000,18.9100,37163.6911,-14.4000,3.8516,19.0300,33942.1425,0,339757.0000,104267.0000
2019-12-01,2019,12,Valle del Cauca,10,Aseo del hogar,0,101.9551,-9.5000,3.8000,18.9100,37163.6911,-14.4000,3.8516,19.0300,33942.1425,0,339757.0000,104267.0000
2019-12-01,2019,12,Valle del Cauca,11,Informatica y telecomunicaciones,0,141.9398,-9.5000,3.8000,18.9100,37163.6911,-14.4000,3.8516,19.0300,33942.1425,0,339757.0000,104267.0000
2019-12-01,2019,12,Valle del Cauca,12,Sonido y video,0,131.7623,-9.5000,3.8000,18.9100,37163.6911,-14.4000,3.8516,19.0300,33942.1425,0,339757.0000,104267.0000
2019-12-01,2019,12,Valle del Cauca,14,"Ferreteria, vidrios y pinturas",0,99.1844,-9.5000,3.8000,18.9100,37163.6911,-14.4000,3.8516,19.0300,33942.1425,0,339757.0000,104267.0000
2019-12-01,2019,12,Valle del Cauca,15,Otras mercancias de uso domestico,0,133.8821,-9.5000,3.8000,18.9100,37163.6911,-14.4000,3.8516,19.0300,33942.1425,0,339757.0000,104267.0000
2019-12-01,2019,12,Otros departamentos,4,Prendas de vestir y textiles,0,268.7799,-9.5000,3.8000,18.9100,37163.6911,-14.4000,3.8516,19.0300,33942.1425,0,1022441.0000,695462.0000
2019-12-01,2019,12,Otros departamentos,8,Electrodomesticos y muebles,1,119.5839,-9.5000,3.8000,18.9100,37163.6911,-14.4000,3.8516,19.0300,33942.1425,0,1022441.0000,695462.0000
2019-12-01,2019,12,Otros departamentos,9,Articulos y utensilios domesticos,0,159.0859,-9.5000,3.8000,18.9100,37163.6911,-14.4000,3.8516,19.0300,33942.1425,0,1022441.0000,695462.0000
2019-12-01,2019,12,Otros departamentos,10,Aseo del hogar,0,124.2719,-9.5000,3.8000,18.9100,37163.6911,-14.4000,3.8516,19.0300,33942.1425,0,1022441.0000,695462.0000
2019-12-01,2019,12,Otros departamentos,11,Informatica y telecomunicaciones,0,162.8314,-9.5000,3.8000,18.9100,37163.6911,-14.4000,3.8516,19.0300,33942.1425,0,1022441.0000,695462.0000
2019-12-01,2019,12,Otros departamentos,12,Sonido y video,0,147.2878,-9.5000,3.8000,18.9100,37163.6911,-14.4000,3.8516,19.0300,33942.1425,0,1022441.0000,695462.0000
2019-12-01,2019,12,Otros departamentos,14,"Ferreteria, vidrios y pinturas",0,107.8540,-9.5000,3.8000,18.9100,37163.6911,-14.4000,3.8516,19.0300,33942.1425,0,1022441.0000,695462.0000
2019-12-01,2019,12,Otros departamentos,15,Otras mercancias de uso domestico,0,177.4905,-9.5000,3.8000,18.9100,37163.6911,-14.4000,3.8516,19.0300,33942.1425,0,1022441.0000,695462.0000
2020-01-01,2020,1,Antioquia,4,Prendas de vestir y textiles,0,80.6077,-1.2000,3.6183,18.7700,30472.2406,-9.5000,3.8000,18.9100,37163.6911,0,150719.0000,615502.0000
2020-01-01,2020,1,Antioquia,8,Electrodomesticos y muebles,1,112.6814,-1.2000,3.6183,18.7700,30472.2406,-9.5000,3.8000,18.9100,37163.6911,0,150719.0000,615502.0000
2020-01-01,2020,1,Antioquia,9,Articulos y utensilios domesticos,0,103.5260,-1.2000,3.6183,18.7700,30472.2406,-9.5000,3.8000,18.9100,37163.6911,0,150719.0000,615502.0000
2020-01-01,2020,1,Antioquia,10,Aseo del hogar,0,108.2989,-1.2000,3.6183,18.7700,30472.2406,-9.5000,3.8000,18.9100,37163.6911,0,150719.0000,615502.0000
2020-01-01,2020,1,Antioquia,11,Informatica y telecomunicaciones,0,99.6189,-1.2000,3.6183,18.7700,30472.2406,-9.5000,3.8000,18.9100,37163.6911,0,150719.0000,615502.0000
2020-01-01,2020,1,Antioquia,12,Sonido y video,0,87.6657,-1.2000,3.6183,18.7700,30472.2406,-9.5000,3.8000,18.9100,37163.6911,0,150719.0000,615502.0000
2020-01-01,2020,1,Antioquia,14,"Ferreteria, vidrios y pinturas",0,110.0644,-1.2000,3.6183,18.7700,30472.2406,-9.5000,3.8000,18.9100,37163.6911,0,150719.0000,615502.0000
2020-01-01,2020,1,Antioquia,15,Otras mercancias de uso domestico,0,93.6355,-1.2000,3.6183,18.7700,30472.2406,-9.5000,3.8000,18.9100,37163.6911,0,150719.0000,615502.0000
2020-01-01,2020,1,Atlantico,4,Prendas de vestir y textiles,0,86.0411,-1.2000,3.6183,18.7700,30472.2406,-9.5000,3.8000,18.9100,37163.6911,0,80576.0000,94265.0000
2020-01-01,2020,1,Atlantico,8,Electrodomesticos y muebles,1,105.1328,-1.2000,3.6183,18.7700,30472.2406,-9.5000,3.8000,18.9100,37163.6911,0,80576.0000,94265.0000
2020-01-01,2020,1,Atlantico,9,Articulos y utensilios domesticos,0,111.0244,-1.2000,3.6183,18.7700,30472.2406,-9.5000,3.8000,18.9100,37163.6911,0,80576.0000,94265.0000
2020-01-01,2020,1,Atlantico,10,Aseo del hogar,0,112.5104,-1.2000,3.6183,18.7700,30472.2406,-9.5000,3.8000,18.9100,37163.6911,0,80576.0000,94265.0000
2020-01-01,2020,1,Atlantico,11,Informatica y telecomunicaciones,0,96.8876,-1.2000,3.6183,18.7700,30472.2406,-9.5000,3.8000,18.9100,37163.6911,0,80576.0000,94265.0000
2020-01-01,2020,1,Atlantico,12,Sonido y video,0,81.0553,-1.2000,3.6183,18.7700,30472.2406,-9.5000,3.8000,18.9100,37163.6911,0,80576.0000,94265.0000
2020-01-01,2020,1,Atlantico,14,"Ferreteria, vidrios y pinturas",0,80.8902,-1.2000,3.6183,18.7700,30472.2406,-9.5000,3.8000,18.9100,37163.6911,0,80576.0000,94265.0000
2020-01-01,2020,1,Atlantico,15,Otras mercancias de uso domestico,0,85.2307,-1.2000,3.6183,18.7700,30472.2406,-9.5000,3.8000,18.9100,37163.6911,0,80576.0000,94265.0000
2020-01-01,2020,1,Bogota,4,Prendas de vestir y textiles,0,82.5138,-1.2000,3.6183,18.7700,30472.2406,-9.5000,3.8000,18.9100,37163.6911,0,313306.0000,558267.0000
2020-01-01,2020,1,Bogota,8,Electrodomesticos y muebles,1,102.3130,-1.2000,3.6183,18.7700,30472.2406,-9.5000,3.8000,18.9100,37163.6911,0,313306.0000,558267.0000
2020-01-01,2020,1,Bogota,9,Articulos y utensilios domesticos,0,91.5086,-1.2000,3.6183,18.7700,30472.2406,-9.5000,3.8000,18.9100,37163.6911,0,313306.0000,558267.0000
2020-01-01,2020,1,Bogota,10,Aseo del hogar,0,94.0902,-1.2000,3.6183,18.7700,30472.2406,-9.5000,3.8000,18.9100,37163.6911,0,313306.0000,558267.0000
2020-01-01,2020,1,Bogota,11,Informatica y telecomunicaciones,0,95.1799,-1.2000,3.6183,18.7700,30472.2406,-9.5000,3.8000,18.9100,37163.6911,0,313306.0000,558267.0000
2020-01-01,2020,1,Bogota,12,Sonido y video,0,89.6519,-1.2000,3.6183,18.7700,30472.2406,-9.5000,3.8000,18.9100,37163.6911,0,313306.0000,558267.0000
2020-01-01,2020,1,Bogota,14,"Ferreteria, vidrios y pinturas",0,94.4807,-1.2000,3.6183,18.7700,30472.2406,-9.5000,3.8000,18.9100,37163.6911,0,313306.0000,558267.0000
2020-01-01,2020,1,Bogota,15,Otras mercancias de uso domestico,0,79.9112,-1.2000,3.6183,18.7700,30472.2406,-9.5000,3.8000,18.9100,37163.6911,0,313306.0000,558267.0000
2020-01-01,2020,1,Cundinamarca,4,Prendas de vestir y textiles,0,88.2944,-1.2000,3.6183,18.7700,30472.2406,-9.5000,3.8000,18.9100,37163.6911,0,192830.0000,940710.0000
2020-01-01,2020,1,Cundinamarca,8,Electrodomesticos y muebles,1,129.4373,-1.2000,3.6183,18.7700,30472.2406,-9.5000,3.8000,18.9100,37163.6911,0,192830.0000,940710.0000
2020-01-01,2020,1,Cundinamarca,9,Articulos y utensilios domesticos,0,99.7404,-1.2000,3.6183,18.7700,30472.2406,-9.5000,3.8000,18.9100,37163.6911,0,192830.0000,940710.0000
2020-01-01,2020,1,Cundinamarca,10,Aseo del hogar,0,116.2479,-1.2000,3.6183,18.7700,30472.2406,-9.5000,3.8000,18.9100,37163.6911,0,192830.0000,940710.0000
2020-01-01,2020,1,Cundinamarca,11,Informatica y telecomunicaciones,0,126.2615,-1.2000,3.6183,18.7700,30472.2406,-9.5000,3.8000,18.9100,37163.6911,0,192830.0000,940710.0000
2020-01-01,2020,1,Cundinamarca,12,Sonido y video,0,100.3337,-1.2000,3.6183,18.7700,30472.2406,-9.5000,3.8000,18.9100,37163.6911,0,192830.0000,940710.0000
2020-01-01,2020,1,Cundinamarca,14,"Ferreteria, vidrios y pinturas",0,101.4746,-1.2000,3.6183,18.7700,30472.2406,-9.5000,3.8000,18.9100,37163.6911,0,192830.0000,940710.0000
2020-01-01,2020,1,Cundinamarca,15,Otras mercancias de uso domestico,0,109.4057,-1.2000,3.6183,18.7700,30472.2406,-9.5000,3.8000,18.9100,37163.6911,0,192830.0000,940710.0000
2020-01-01,2020,1,Santander,4,Prendas de vestir y textiles,0,77.6854,-1.2000,3.6183,18.7700,30472.2406,-9.5000,3.8000,18.9100,37163.6911,0,156404.0000,116201.0000
2020-01-01,2020,1,Santander,8,Electrodomesticos y muebles,1,92.4774,-1.2000,3.6183,18.7700,30472.2406,-9.5000,3.8000,18.9100,37163.6911,0,156404.0000,116201.0000
2020-01-01,2020,1,Santander,9,Articulos y utensilios domesticos,0,98.3620,-1.2000,3.6183,18.7700,30472.2406,-9.5000,3.8000,18.9100,37163.6911,0,156404.0000,116201.0000
2020-01-01,2020,1,Santander,10,Aseo del hogar,0,101.9233,-1.2000,3.6183,18.7700,30472.2406,-9.5000,3.8000,18.9100,37163.6911,0,156404.0000,116201.0000
2020-01-01,2020,1,Santander,11,Informatica y telecomunicaciones,0,92.3933,-1.2000,3.6183,18.7700,30472.2406,-9.5000,3.8000,18.9100,37163.6911,0,156404.0000,116201.0000
2020-01-01,2020,1,Santander,12,Sonido y video,0,84.4633,-1.2000,3.6183,18.7700,30472.2406,-9.5000,3.8000,18.9100,37163.6911,0,156404.0000,116201.0000
2020-01-01,2020,1,Santander,14,"Ferreteria, vidrios y pinturas",0,88.6756,-1.2000,3.6183,18.7700,30472.2406,-9.5000,3.8000,18.9100,37163.6911,0,156404.0000,116201.0000
2020-01-01,2020,1,Santander,15,Otras mercancias de uso domestico,0,91.2323,-1.2000,3.6183,18.7700,30472.2406,-9.5000,3.8000,18.9100,37163.6911,0,156404.0000,116201.0000
2020-01-01,2020,1,Valle del Cauca,4,Prendas de vestir y textiles,0,79.0266,-1.2000,3.6183,18.7700,30472.2406,-9.5000,3.8000,18.9100,37163.6911,0,162536.0000,339757.0000
2020-01-01,2020,1,Valle del Cauca,8,Electrodomesticos y muebles,1,91.9603,-1.2000,3.6183,18.7700,30472.2406,-9.5000,3.8000,18.9100,37163.6911,0,162536.0000,339757.0000
2020-01-01,2020,1,Valle del Cauca,9,Articulos y utensilios domesticos,0,102.8093,-1.2000,3.6183,18.7700,30472.2406,-9.5000,3.8000,18.9100,37163.6911,0,162536.0000,339757.0000
2020-01-01,2020,1,Valle del Cauca,10,Aseo del hogar,0,103.1805,-1.2000,3.6183,18.7700,30472.2406,-9.5000,3.8000,18.9100,37163.6911,0,162536.0000,339757.0000
2020-01-01,2020,1,Valle del Cauca,11,Informatica y telecomunicaciones,0,95.9604,-1.2000,3.6183,18.7700,30472.2406,-9.5000,3.8000,18.9100,37163.6911,0,162536.0000,339757.0000
2020-01-01,2020,1,Valle del Cauca,12,Sonido y video,0,84.8878,-1.2000,3.6183,18.7700,30472.2406,-9.5000,3.8000,18.9100,37163.6911,0,162536.0000,339757.0000
2020-01-01,2020,1,Valle del Cauca,14,"Ferreteria, vidrios y pinturas",0,92.6405,-1.2000,3.6183,18.7700,30472.2406,-9.5000,3.8000,18.9100,37163.6911,0,162536.0000,339757.0000
2020-01-01,2020,1,Valle del Cauca,15,Otras mercancias de uso domestico,0,73.7861,-1.2000,3.6183,18.7700,30472.2406,-9.5000,3.8000,18.9100,37163.6911,0,162536.0000,339757.0000
2020-01-01,2020,1,Otros departamentos,4,Prendas de vestir y textiles,0,86.6964,-1.2000,3.6183,18.7700,30472.2406,-9.5000,3.8000,18.9100,37163.6911,0,453665.0000,1022441.0000
2020-01-01,2020,1,Otros departamentos,8,Electrodomesticos y muebles,1,99.6798,-1.2000,3.6183,18.7700,30472.2406,-9.5000,3.8000,18.9100,37163.6911,0,453665.0000,1022441.0000
2020-01-01,2020,1,Otros departamentos,9,Articulos y utensilios domesticos,0,102.8596,-1.2000,3.6183,18.7700,30472.2406,-9.5000,3.8000,18.9100,37163.6911,0,453665.0000,1022441.0000
2020-01-01,2020,1,Otros departamentos,10,Aseo del hogar,0,112.7125,-1.2000,3.6183,18.7700,30472.2406,-9.5000,3.8000,18.9100,37163.6911,0,453665.0000,1022441.0000
2020-01-01,2020,1,Otros departamentos,11,Informatica y telecomunicaciones,0,96.4886,-1.2000,3.6183,18.7700,30472.2406,-9.5000,3.8000,18.9100,37163.6911,0,453665.0000,1022441.0000
2020-01-01,2020,1,Otros departamentos,12,Sonido y video,0,78.3228,-1.2000,3.6183,18.7700,30472.2406,-9.5000,3.8000,18.9100,37163.6911,0,453665.0000,1022441.0000
2020-01-01,2020,1,Otros departamentos,14,"Ferreteria, vidrios y pinturas",0,91.8909,-1.2000,3.6183,18.7700,30472.2406,-9.5000,3.8000,18.9100,37163.6911,0,453665.0000,1022441.0000
2020-01-01,2020,1,Otros departamentos,15,Otras mercancias de uso domestico,0,86.3687,-1.2000,3.6183,18.7700,30472.2406,-9.5000,3.8000,18.9100,37163.6911,0,453665.0000,1022441.0000
2020-02-01,2020,2,Antioquia,4,Prendas de vestir y textiles,0,65.2952,-11.2000,3.7161,19.0600,23143.2071,-1.2000,3.6183,18.7700,30472.2406,0,261030.0000,150719.0000
2020-02-01,2020,2,Antioquia,8,Electrodomesticos y muebles,1,115.4109,-11.2000,3.7161,19.0600,23143.2071,-1.2000,3.6183,18.7700,30472.2406,0,261030.0000,150719.0000
2020-02-01,2020,2,Antioquia,9,Articulos y utensilios domesticos,0,104.7153,-11.2000,3.7161,19.0600,23143.2071,-1.2000,3.6183,18.7700,30472.2406,0,261030.0000,150719.0000
2020-02-01,2020,2,Antioquia,10,Aseo del hogar,0,115.0771,-11.2000,3.7161,19.0600,23143.2071,-1.2000,3.6183,18.7700,30472.2406,0,261030.0000,150719.0000
2020-02-01,2020,2,Antioquia,11,Informatica y telecomunicaciones,0,105.4335,-11.2000,3.7161,19.0600,23143.2071,-1.2000,3.6183,18.7700,30472.2406,0,261030.0000,150719.0000
2020-02-01,2020,2,Antioquia,12,Sonido y video,0,97.0608,-11.2000,3.7161,19.0600,23143.2071,-1.2000,3.6183,18.7700,30472.2406,0,261030.0000,150719.0000
2020-02-01,2020,2,Antioquia,14,"Ferreteria, vidrios y pinturas",0,99.9493,-11.2000,3.7161,19.0600,23143.2071,-1.2000,3.6183,18.7700,30472.2406,0,261030.0000,150719.0000
2020-02-01,2020,2,Antioquia,15,Otras mercancias de uso domestico,0,84.8036,-11.2000,3.7161,19.0600,23143.2071,-1.2000,3.6183,18.7700,30472.2406,0,261030.0000,150719.0000
2020-02-01,2020,2,Atlantico,4,Prendas de vestir y textiles,0,72.2628,-11.2000,3.7161,19.0600,23143.2071,-1.2000,3.6183,18.7700,30472.2406,0,78214.0000,80576.0000
2020-02-01,2020,2,Atlantico,8,Electrodomesticos y muebles,1,97.3289,-11.2000,3.7161,19.0600,23143.2071,-1.2000,3.6183,18.7700,30472.2406,0,78214.0000,80576.0000
2020-02-01,2020,2,Atlantico,9,Articulos y utensilios domesticos,0,96.9707,-11.2000,3.7161,19.0600,23143.2071,-1.2000,3.6183,18.7700,30472.2406,0,78214.0000,80576.0000
2020-02-01,2020,2,Atlantico,10,Aseo del hogar,0,86.5881,-11.2000,3.7161,19.0600,23143.2071,-1.2000,3.6183,18.7700,30472.2406,0,78214.0000,80576.0000
2020-02-01,2020,2,Atlantico,11,Informatica y telecomunicaciones,0,105.6623,-11.2000,3.7161,19.0600,23143.2071,-1.2000,3.6183,18.7700,30472.2406,0,78214.0000,80576.0000
2020-02-01,2020,2,Atlantico,12,Sonido y video,0,86.5196,-11.2000,3.7161,19.0600,23143.2071,-1.2000,3.6183,18.7700,30472.2406,0,78214.0000,80576.0000
2020-02-01,2020,2,Atlantico,14,"Ferreteria, vidrios y pinturas",0,83.5235,-11.2000,3.7161,19.0600,23143.2071,-1.2000,3.6183,18.7700,30472.2406,0,78214.0000,80576.0000
2020-02-01,2020,2,Atlantico,15,Otras mercancias de uso domestico,0,69.2271,-11.2000,3.7161,19.0600,23143.2071,-1.2000,3.6183,18.7700,30472.2406,0,78214.0000,80576.0000
2020-02-01,2020,2,Bogota,4,Prendas de vestir y textiles,0,73.0754,-11.2000,3.7161,19.0600,23143.2071,-1.2000,3.6183,18.7700,30472.2406,0,233935.0000,313306.0000
2020-02-01,2020,2,Bogota,8,Electrodomesticos y muebles,1,106.8899,-11.2000,3.7161,19.0600,23143.2071,-1.2000,3.6183,18.7700,30472.2406,0,233935.0000,313306.0000
2020-02-01,2020,2,Bogota,9,Articulos y utensilios domesticos,0,94.4266,-11.2000,3.7161,19.0600,23143.2071,-1.2000,3.6183,18.7700,30472.2406,0,233935.0000,313306.0000
2020-02-01,2020,2,Bogota,10,Aseo del hogar,0,96.7178,-11.2000,3.7161,19.0600,23143.2071,-1.2000,3.6183,18.7700,30472.2406,0,233935.0000,313306.0000
2020-02-01,2020,2,Bogota,11,Informatica y telecomunicaciones,0,116.5744,-11.2000,3.7161,19.0600,23143.2071,-1.2000,3.6183,18.7700,30472.2406,0,233935.0000,313306.0000
2020-02-01,2020,2,Bogota,12,Sonido y video,0,108.3409,-11.2000,3.7161,19.0600,23143.2071,-1.2000,3.6183,18.7700,30472.2406,0,233935.0000,313306.0000
2020-02-01,2020,2,Bogota,14,"Ferreteria, vidrios y pinturas",0,105.0433,-11.2000,3.7161,19.0600,23143.2071,-1.2000,3.6183,18.7700,30472.2406,0,233935.0000,313306.0000
2020-02-01,2020,2,Bogota,15,Otras mercancias de uso domestico,0,84.7615,-11.2000,3.7161,19.0600,23143.2071,-1.2000,3.6183,18.7700,30472.2406,0,233935.0000,313306.0000
2020-02-01,2020,2,Cundinamarca,4,Prendas de vestir y textiles,0,82.8695,-11.2000,3.7161,19.0600,23143.2071,-1.2000,3.6183,18.7700,30472.2406,0,185352.0000,192830.0000
2020-02-01,2020,2,Cundinamarca,8,Electrodomesticos y muebles,1,127.3742,-11.2000,3.7161,19.0600,23143.2071,-1.2000,3.6183,18.7700,30472.2406,0,185352.0000,192830.0000
2020-02-01,2020,2,Cundinamarca,9,Articulos y utensilios domesticos,0,107.4775,-11.2000,3.7161,19.0600,23143.2071,-1.2000,3.6183,18.7700,30472.2406,0,185352.0000,192830.0000
2020-02-01,2020,2,Cundinamarca,10,Aseo del hogar,0,115.8779,-11.2000,3.7161,19.0600,23143.2071,-1.2000,3.6183,18.7700,30472.2406,0,185352.0000,192830.0000
2020-02-01,2020,2,Cundinamarca,11,Informatica y telecomunicaciones,0,134.8881,-11.2000,3.7161,19.0600,23143.2071,-1.2000,3.6183,18.7700,30472.2406,0,185352.0000,192830.0000
2020-02-01,2020,2,Cundinamarca,12,Sonido y video,0,104.6859,-11.2000,3.7161,19.0600,23143.2071,-1.2000,3.6183,18.7700,30472.2406,0,185352.0000,192830.0000
2020-02-01,2020,2,Cundinamarca,14,"Ferreteria, vidrios y pinturas",0,101.1749,-11.2000,3.7161,19.0600,23143.2071,-1.2000,3.6183,18.7700,30472.2406,0,185352.0000,192830.0000
2020-02-01,2020,2,Cundinamarca,15,Otras mercancias de uso domestico,0,94.8778,-11.2000,3.7161,19.0600,23143.2071,-1.2000,3.6183,18.7700,30472.2406,0,185352.0000,192830.0000
2020-02-01,2020,2,Santander,4,Prendas de vestir y textiles,0,78.6208,-11.2000,3.7161,19.0600,23143.2071,-1.2000,3.6183,18.7700,30472.2406,0,44561.0000,156404.0000
2020-02-01,2020,2,Santander,8,Electrodomesticos y muebles,1,105.4957,-11.2000,3.7161,19.0600,23143.2071,-1.2000,3.6183,18.7700,30472.2406,0,44561.0000,156404.0000
2020-02-01,2020,2,Santander,9,Articulos y utensilios domesticos,0,108.6906,-11.2000,3.7161,19.0600,23143.2071,-1.2000,3.6183,18.7700,30472.2406,0,44561.0000,156404.0000
2020-02-01,2020,2,Santander,10,Aseo del hogar,0,109.9053,-11.2000,3.7161,19.0600,23143.2071,-1.2000,3.6183,18.7700,30472.2406,0,44561.0000,156404.0000
2020-02-01,2020,2,Santander,11,Informatica y telecomunicaciones,0,116.7831,-11.2000,3.7161,19.0600,23143.2071,-1.2000,3.6183,18.7700,30472.2406,0,44561.0000,156404.0000
2020-02-01,2020,2,Santander,12,Sonido y video,0,110.9460,-11.2000,3.7161,19.0600,23143.2071,-1.2000,3.6183,18.7700,30472.2406,0,44561.0000,156404.0000
2020-02-01,2020,2,Santander,14,"Ferreteria, vidrios y pinturas",0,93.4499,-11.2000,3.7161,19.0600,23143.2071,-1.2000,3.6183,18.7700,30472.2406,0,44561.0000,156404.0000
2020-02-01,2020,2,Santander,15,Otras mercancias de uso domestico,0,89.8765,-11.2000,3.7161,19.0600,23143.2071,-1.2000,3.6183,18.7700,30472.2406,0,44561.0000,156404.0000
2020-02-01,2020,2,Valle del Cauca,4,Prendas de vestir y textiles,0,71.1606,-11.2000,3.7161,19.0600,23143.2071,-1.2000,3.6183,18.7700,30472.2406,0,85788.0000,162536.0000
2020-02-01,2020,2,Valle del Cauca,8,Electrodomesticos y muebles,1,92.9318,-11.2000,3.7161,19.0600,23143.2071,-1.2000,3.6183,18.7700,30472.2406,0,85788.0000,162536.0000
2020-02-01,2020,2,Valle del Cauca,9,Articulos y utensilios domesticos,0,99.7820,-11.2000,3.7161,19.0600,23143.2071,-1.2000,3.6183,18.7700,30472.2406,0,85788.0000,162536.0000
2020-02-01,2020,2,Valle del Cauca,10,Aseo del hogar,0,107.2561,-11.2000,3.7161,19.0600,23143.2071,-1.2000,3.6183,18.7700,30472.2406,0,85788.0000,162536.0000
2020-02-01,2020,2,Valle del Cauca,11,Informatica y telecomunicaciones,0,110.9864,-11.2000,3.7161,19.0600,23143.2071,-1.2000,3.6183,18.7700,30472.2406,0,85788.0000,162536.0000
2020-02-01,2020,2,Valle del Cauca,12,Sonido y video,0,112.7588,-11.2000,3.7161,19.0600,23143.2071,-1.2000,3.6183,18.7700,30472.2406,0,85788.0000,162536.0000
2020-02-01,2020,2,Valle del Cauca,14,"Ferreteria, vidrios y pinturas",0,99.4226,-11.2000,3.7161,19.0600,23143.2071,-1.2000,3.6183,18.7700,30472.2406,0,85788.0000,162536.0000
2020-02-01,2020,2,Valle del Cauca,15,Otras mercancias de uso domestico,0,85.5290,-11.2000,3.7161,19.0600,23143.2071,-1.2000,3.6183,18.7700,30472.2406,0,85788.0000,162536.0000
2020-02-01,2020,2,Otros departamentos,4,Prendas de vestir y textiles,0,75.5906,-11.2000,3.7161,19.0600,23143.2071,-1.2000,3.6183,18.7700,30472.2406,0,574772.0000,453665.0000
2020-02-01,2020,2,Otros departamentos,8,Electrodomesticos y muebles,1,102.9959,-11.2000,3.7161,19.0600,23143.2071,-1.2000,3.6183,18.7700,30472.2406,0,574772.0000,453665.0000
2020-02-01,2020,2,Otros departamentos,9,Articulos y utensilios domesticos,0,90.7934,-11.2000,3.7161,19.0600,23143.2071,-1.2000,3.6183,18.7700,30472.2406,0,574772.0000,453665.0000
2020-02-01,2020,2,Otros departamentos,10,Aseo del hogar,0,107.4574,-11.2000,3.7161,19.0600,23143.2071,-1.2000,3.6183,18.7700,30472.2406,0,574772.0000,453665.0000
2020-02-01,2020,2,Otros departamentos,11,Informatica y telecomunicaciones,0,101.4569,-11.2000,3.7161,19.0600,23143.2071,-1.2000,3.6183,18.7700,30472.2406,0,574772.0000,453665.0000
2020-02-01,2020,2,Otros departamentos,12,Sonido y video,0,88.9947,-11.2000,3.7161,19.0600,23143.2071,-1.2000,3.6183,18.7700,30472.2406,0,574772.0000,453665.0000
2020-02-01,2020,2,Otros departamentos,14,"Ferreteria, vidrios y pinturas",0,101.2084,-11.2000,3.7161,19.0600,23143.2071,-1.2000,3.6183,18.7700,30472.2406,0,574772.0000,453665.0000
2020-02-01,2020,2,Otros departamentos,15,Otras mercancias de uso domestico,0,84.0965,-11.2000,3.7161,19.0600,23143.2071,-1.2000,3.6183,18.7700,30472.2406,0,574772.0000,453665.0000
2020-03-01,2020,3,Antioquia,4,Prendas de vestir y textiles,0,43.0457,-23.8000,3.8477,18.9500,22264.9845,-11.2000,3.7161,19.0600,23143.2071,0,154375.0000,261030.0000
2020-03-01,2020,3,Antioquia,8,Electrodomesticos y muebles,1,78.1946,-23.8000,3.8477,18.9500,22264.9845,-11.2000,3.7161,19.0600,23143.2071,0,154375.0000,261030.0000
2020-03-01,2020,3,Antioquia,9,Articulos y utensilios domesticos,0,72.2726,-23.8000,3.8477,18.9500,22264.9845,-11.2000,3.7161,19.0600,23143.2071,0,154375.0000,261030.0000
2020-03-01,2020,3,Antioquia,10,Aseo del hogar,0,144.1577,-23.8000,3.8477,18.9500,22264.9845,-11.2000,3.7161,19.0600,23143.2071,0,154375.0000,261030.0000
2020-03-01,2020,3,Antioquia,11,Informatica y telecomunicaciones,0,91.2868,-23.8000,3.8477,18.9500,22264.9845,-11.2000,3.7161,19.0600,23143.2071,0,154375.0000,261030.0000
2020-03-01,2020,3,Antioquia,12,Sonido y video,0,87.3779,-23.8000,3.8477,18.9500,22264.9845,-11.2000,3.7161,19.0600,23143.2071,0,154375.0000,261030.0000
2020-03-01,2020,3,Antioquia,14,"Ferreteria, vidrios y pinturas",0,76.5200,-23.8000,3.8477,18.9500,22264.9845,-11.2000,3.7161,19.0600,23143.2071,0,154375.0000,261030.0000
2020-03-01,2020,3,Antioquia,15,Otras mercancias de uso domestico,0,88.1431,-23.8000,3.8477,18.9500,22264.9845,-11.2000,3.7161,19.0600,23143.2071,0,154375.0000,261030.0000
2020-03-01,2020,3,Atlantico,4,Prendas de vestir y textiles,0,45.0875,-23.8000,3.8477,18.9500,22264.9845,-11.2000,3.7161,19.0600,23143.2071,0,137391.0000,78214.0000
2020-03-01,2020,3,Atlantico,8,Electrodomesticos y muebles,1,71.0052,-23.8000,3.8477,18.9500,22264.9845,-11.2000,3.7161,19.0600,23143.2071,0,137391.0000,78214.0000
2020-03-01,2020,3,Atlantico,9,Articulos y utensilios domesticos,0,72.4043,-23.8000,3.8477,18.9500,22264.9845,-11.2000,3.7161,19.0600,23143.2071,0,137391.0000,78214.0000
2020-03-01,2020,3,Atlantico,10,Aseo del hogar,0,133.9931,-23.8000,3.8477,18.9500,22264.9845,-11.2000,3.7161,19.0600,23143.2071,0,137391.0000,78214.0000
2020-03-01,2020,3,Atlantico,11,Informatica y telecomunicaciones,0,97.7144,-23.8000,3.8477,18.9500,22264.9845,-11.2000,3.7161,19.0600,23143.2071,0,137391.0000,78214.0000
2020-03-01,2020,3,Atlantico,12,Sonido y video,0,79.7892,-23.8000,3.8477,18.9500,22264.9845,-11.2000,3.7161,19.0600,23143.2071,0,137391.0000,78214.0000
2020-03-01,2020,3,Atlantico,14,"Ferreteria, vidrios y pinturas",0,67.3103,-23.8000,3.8477,18.9500,22264.9845,-11.2000,3.7161,19.0600,23143.2071,0,137391.0000,78214.0000
2020-03-01,2020,3,Atlantico,15,Otras mercancias de uso domestico,0,68.9324,-23.8000,3.8477,18.9500,22264.9845,-11.2000,3.7161,19.0600,23143.2071,0,137391.0000,78214.0000
2020-03-01,2020,3,Bogota,4,Prendas de vestir y textiles,0,44.3868,-23.8000,3.8477,18.9500,22264.9845,-11.2000,3.7161,19.0600,23143.2071,0,158737.0000,233935.0000
2020-03-01,2020,3,Bogota,8,Electrodomesticos y muebles,1,83.2190,-23.8000,3.8477,18.9500,22264.9845,-11.2000,3.7161,19.0600,23143.2071,0,158737.0000,233935.0000
2020-03-01,2020,3,Bogota,9,Articulos y utensilios domesticos,0,69.3945,-23.8000,3.8477,18.9500,22264.9845,-11.2000,3.7161,19.0600,23143.2071,0,158737.0000,233935.0000
2020-03-01,2020,3,Bogota,10,Aseo del hogar,0,132.9138,-23.8000,3.8477,18.9500,22264.9845,-11.2000,3.7161,19.0600,23143.2071,0,158737.0000,233935.0000
2020-03-01,2020,3,Bogota,11,Informatica y telecomunicaciones,0,92.5364,-23.8000,3.8477,18.9500,22264.9845,-11.2000,3.7161,19.0600,23143.2071,0,158737.0000,233935.0000
2020-03-01,2020,3,Bogota,12,Sonido y video,0,83.5226,-23.8000,3.8477,18.9500,22264.9845,-11.2000,3.7161,19.0600,23143.2071,0,158737.0000,233935.0000
2020-03-01,2020,3,Bogota,14,"Ferreteria, vidrios y pinturas",0,76.0927,-23.8000,3.8477,18.9500,22264.9845,-11.2000,3.7161,19.0600,23143.2071,0,158737.0000,233935.0000
2020-03-01,2020,3,Bogota,15,Otras mercancias de uso domestico,0,79.0376,-23.8000,3.8477,18.9500,22264.9845,-11.2000,3.7161,19.0600,23143.2071,0,158737.0000,233935.0000
2020-03-01,2020,3,Cundinamarca,4,Prendas de vestir y textiles,0,53.8613,-23.8000,3.8477,18.9500,22264.9845,-11.2000,3.7161,19.0600,23143.2071,0,48384.0000,185352.0000
2020-03-01,2020,3,Cundinamarca,8,Electrodomesticos y muebles,1,87.6682,-23.8000,3.8477,18.9500,22264.9845,-11.2000,3.7161,19.0600,23143.2071,0,48384.0000,185352.0000
2020-03-01,2020,3,Cundinamarca,9,Articulos y utensilios domesticos,0,77.4931,-23.8000,3.8477,18.9500,22264.9845,-11.2000,3.7161,19.0600,23143.2071,0,48384.0000,185352.0000
2020-03-01,2020,3,Cundinamarca,10,Aseo del hogar,0,145.2245,-23.8000,3.8477,18.9500,22264.9845,-11.2000,3.7161,19.0600,23143.2071,0,48384.0000,185352.0000
2020-03-01,2020,3,Cundinamarca,11,Informatica y telecomunicaciones,0,110.6593,-23.8000,3.8477,18.9500,22264.9845,-11.2000,3.7161,19.0600,23143.2071,0,48384.0000,185352.0000
2020-03-01,2020,3,Cundinamarca,12,Sonido y video,0,94.9618,-23.8000,3.8477,18.9500,22264.9845,-11.2000,3.7161,19.0600,23143.2071,0,48384.0000,185352.0000
2020-03-01,2020,3,Cundinamarca,14,"Ferreteria, vidrios y pinturas",0,86.7944,-23.8000,3.8477,18.9500,22264.9845,-11.2000,3.7161,19.0600,23143.2071,0,48384.0000,185352.0000
2020-03-01,2020,3,Cundinamarca,15,Otras mercancias de uso domestico,0,89.6066,-23.8000,3.8477,18.9500,22264.9845,-11.2000,3.7161,19.0600,23143.2071,0,48384.0000,185352.0000
2020-03-01,2020,3,Santander,4,Prendas de vestir y textiles,0,45.1284,-23.8000,3.8477,18.9500,22264.9845,-11.2000,3.7161,19.0600,23143.2071,0,18350.0000,44561.0000
2020-03-01,2020,3,Santander,8,Electrodomesticos y muebles,1,72.5325,-23.8000,3.8477,18.9500,22264.9845,-11.2000,3.7161,19.0600,23143.2071,0,18350.0000,44561.0000
2020-03-01,2020,3,Santander,9,Articulos y utensilios domesticos,0,73.8675,-23.8000,3.8477,18.9500,22264.9845,-11.2000,3.7161,19.0600,23143.2071,0,18350.0000,44561.0000
2020-03-01,2020,3,Santander,10,Aseo del hogar,0,138.5595,-23.8000,3.8477,18.9500,22264.9845,-11.2000,3.7161,19.0600,23143.2071,0,18350.0000,44561.0000
2020-03-01,2020,3,Santander,11,Informatica y telecomunicaciones,0,90.1827,-23.8000,3.8477,18.9500,22264.9845,-11.2000,3.7161,19.0600,23143.2071,0,18350.0000,44561.0000
2020-03-01,2020,3,Santander,12,Sonido y video,0,84.6249,-23.8000,3.8477,18.9500,22264.9845,-11.2000,3.7161,19.0600,23143.2071,0,18350.0000,44561.0000
2020-03-01,2020,3,Santander,14,"Ferreteria, vidrios y pinturas",0,71.4465,-23.8000,3.8477,18.9500,22264.9845,-11.2000,3.7161,19.0600,23143.2071,0,18350.0000,44561.0000
2020-03-01,2020,3,Santander,15,Otras mercancias de uso domestico,0,77.7736,-23.8000,3.8477,18.9500,22264.9845,-11.2000,3.7161,19.0600,23143.2071,0,18350.0000,44561.0000
2020-03-01,2020,3,Valle del Cauca,4,Prendas de vestir y textiles,0,40.4906,-23.8000,3.8477,18.9500,22264.9845,-11.2000,3.7161,19.0600,23143.2071,0,44574.0000,85788.0000
2020-03-01,2020,3,Valle del Cauca,8,Electrodomesticos y muebles,1,74.3873,-23.8000,3.8477,18.9500,22264.9845,-11.2000,3.7161,19.0600,23143.2071,0,44574.0000,85788.0000
2020-03-01,2020,3,Valle del Cauca,9,Articulos y utensilios domesticos,0,79.0678,-23.8000,3.8477,18.9500,22264.9845,-11.2000,3.7161,19.0600,23143.2071,0,44574.0000,85788.0000
2020-03-01,2020,3,Valle del Cauca,10,Aseo del hogar,0,125.0552,-23.8000,3.8477,18.9500,22264.9845,-11.2000,3.7161,19.0600,23143.2071,0,44574.0000,85788.0000
2020-03-01,2020,3,Valle del Cauca,11,Informatica y telecomunicaciones,0,81.0139,-23.8000,3.8477,18.9500,22264.9845,-11.2000,3.7161,19.0600,23143.2071,0,44574.0000,85788.0000
2020-03-01,2020,3,Valle del Cauca,12,Sonido y video,0,80.1388,-23.8000,3.8477,18.9500,22264.9845,-11.2000,3.7161,19.0600,23143.2071,0,44574.0000,85788.0000
2020-03-01,2020,3,Valle del Cauca,14,"Ferreteria, vidrios y pinturas",0,71.6757,-23.8000,3.8477,18.9500,22264.9845,-11.2000,3.7161,19.0600,23143.2071,0,44574.0000,85788.0000
2020-03-01,2020,3,Valle del Cauca,15,Otras mercancias de uso domestico,0,80.4642,-23.8000,3.8477,18.9500,22264.9845,-11.2000,3.7161,19.0600,23143.2071,0,44574.0000,85788.0000
2020-03-01,2020,3,Otros departamentos,4,Prendas de vestir y textiles,0,44.9231,-23.8000,3.8477,18.9500,22264.9845,-11.2000,3.7161,19.0600,23143.2071,0,339666.0000,574772.0000
2020-03-01,2020,3,Otros departamentos,8,Electrodomesticos y muebles,1,74.1402,-23.8000,3.8477,18.9500,22264.9845,-11.2000,3.7161,19.0600,23143.2071,0,339666.0000,574772.0000
2020-03-01,2020,3,Otros departamentos,9,Articulos y utensilios domesticos,0,67.5219,-23.8000,3.8477,18.9500,22264.9845,-11.2000,3.7161,19.0600,23143.2071,0,339666.0000,574772.0000
2020-03-01,2020,3,Otros departamentos,10,Aseo del hogar,0,131.5681,-23.8000,3.8477,18.9500,22264.9845,-11.2000,3.7161,19.0600,23143.2071,0,339666.0000,574772.0000
2020-03-01,2020,3,Otros departamentos,11,Informatica y telecomunicaciones,0,82.9777,-23.8000,3.8477,18.9500,22264.9845,-11.2000,3.7161,19.0600,23143.2071,0,339666.0000,574772.0000
2020-03-01,2020,3,Otros departamentos,12,Sonido y video,0,74.8276,-23.8000,3.8477,18.9500,22264.9845,-11.2000,3.7161,19.0600,23143.2071,0,339666.0000,574772.0000
2020-03-01,2020,3,Otros departamentos,14,"Ferreteria, vidrios y pinturas",0,68.0919,-23.8000,3.8477,18.9500,22264.9845,-11.2000,3.7161,19.0600,23143.2071,0,339666.0000,574772.0000
2020-03-01,2020,3,Otros departamentos,15,Otras mercancias de uso domestico,0,72.4892,-23.8000,3.8477,18.9500,22264.9845,-11.2000,3.7161,19.0600,23143.2071,0,339666.0000,574772.0000
2020-04-01,2020,4,Antioquia,4,Prendas de vestir y textiles,0,7.8048,-41.3000,3.5057,18.6900,15156.2465,-23.8000,3.8477,18.9500,22264.9845,1,45960.0000,154375.0000
2020-04-01,2020,4,Antioquia,8,Electrodomesticos y muebles,1,35.6954,-41.3000,3.5057,18.6900,15156.2465,-23.8000,3.8477,18.9500,22264.9845,1,45960.0000,154375.0000
2020-04-01,2020,4,Antioquia,9,Articulos y utensilios domesticos,0,34.7643,-41.3000,3.5057,18.6900,15156.2465,-23.8000,3.8477,18.9500,22264.9845,1,45960.0000,154375.0000
2020-04-01,2020,4,Antioquia,10,Aseo del hogar,0,89.3577,-41.3000,3.5057,18.6900,15156.2465,-23.8000,3.8477,18.9500,22264.9845,1,45960.0000,154375.0000
2020-04-01,2020,4,Antioquia,11,Informatica y telecomunicaciones,0,60.0819,-41.3000,3.5057,18.6900,15156.2465,-23.8000,3.8477,18.9500,22264.9845,1,45960.0000,154375.0000
2020-04-01,2020,4,Antioquia,12,Sonido y video,0,37.5579,-41.3000,3.5057,18.6900,15156.2465,-23.8000,3.8477,18.9500,22264.9845,1,45960.0000,154375.0000
2020-04-01,2020,4,Antioquia,14,"Ferreteria, vidrios y pinturas",0,24.3006,-41.3000,3.5057,18.6900,15156.2465,-23.8000,3.8477,18.9500,22264.9845,1,45960.0000,154375.0000
2020-04-01,2020,4,Antioquia,15,Otras mercancias de uso domestico,0,39.9450,-41.3000,3.5057,18.6900,15156.2465,-23.8000,3.8477,18.9500,22264.9845,1,45960.0000,154375.0000
2020-04-01,2020,4,Atlantico,4,Prendas de vestir y textiles,0,7.2030,-41.3000,3.5057,18.6900,15156.2465,-23.8000,3.8477,18.9500,22264.9845,1,34415.0000,137391.0000
2020-04-01,2020,4,Atlantico,8,Electrodomesticos y muebles,1,22.9386,-41.3000,3.5057,18.6900,15156.2465,-23.8000,3.8477,18.9500,22264.9845,1,34415.0000,137391.0000
2020-04-01,2020,4,Atlantico,9,Articulos y utensilios domesticos,0,28.3247,-41.3000,3.5057,18.6900,15156.2465,-23.8000,3.8477,18.9500,22264.9845,1,34415.0000,137391.0000
2020-04-01,2020,4,Atlantico,10,Aseo del hogar,0,61.8900,-41.3000,3.5057,18.6900,15156.2465,-23.8000,3.8477,18.9500,22264.9845,1,34415.0000,137391.0000
2020-04-01,2020,4,Atlantico,11,Informatica y telecomunicaciones,0,57.9082,-41.3000,3.5057,18.6900,15156.2465,-23.8000,3.8477,18.9500,22264.9845,1,34415.0000,137391.0000
2020-04-01,2020,4,Atlantico,12,Sonido y video,0,36.4038,-41.3000,3.5057,18.6900,15156.2465,-23.8000,3.8477,18.9500,22264.9845,1,34415.0000,137391.0000
2020-04-01,2020,4,Atlantico,14,"Ferreteria, vidrios y pinturas",0,15.0245,-41.3000,3.5057,18.6900,15156.2465,-23.8000,3.8477,18.9500,22264.9845,1,34415.0000,137391.0000
2020-04-01,2020,4,Atlantico,15,Otras mercancias de uso domestico,0,32.9540,-41.3000,3.5057,18.6900,15156.2465,-23.8000,3.8477,18.9500,22264.9845,1,34415.0000,137391.0000
2020-04-01,2020,4,Bogota,4,Prendas de vestir y textiles,0,13.1905,-41.3000,3.5057,18.6900,15156.2465,-23.8000,3.8477,18.9500,22264.9845,1,53067.0000,158737.0000
2020-04-01,2020,4,Bogota,8,Electrodomesticos y muebles,1,62.6961,-41.3000,3.5057,18.6900,15156.2465,-23.8000,3.8477,18.9500,22264.9845,1,53067.0000,158737.0000
2020-04-01,2020,4,Bogota,9,Articulos y utensilios domesticos,0,57.0364,-41.3000,3.5057,18.6900,15156.2465,-23.8000,3.8477,18.9500,22264.9845,1,53067.0000,158737.0000
2020-04-01,2020,4,Bogota,10,Aseo del hogar,0,142.8468,-41.3000,3.5057,18.6900,15156.2465,-23.8000,3.8477,18.9500,22264.9845,1,53067.0000,158737.0000
2020-04-01,2020,4,Bogota,11,Informatica y telecomunicaciones,0,110.0170,-41.3000,3.5057,18.6900,15156.2465,-23.8000,3.8477,18.9500,22264.9845,1,53067.0000,158737.0000
2020-04-01,2020,4,Bogota,12,Sonido y video,0,71.5504,-41.3000,3.5057,18.6900,15156.2465,-23.8000,3.8477,18.9500,22264.9845,1,53067.0000,158737.0000
2020-04-01,2020,4,Bogota,14,"Ferreteria, vidrios y pinturas",0,37.1028,-41.3000,3.5057,18.6900,15156.2465,-23.8000,3.8477,18.9500,22264.9845,1,53067.0000,158737.0000
2020-04-01,2020,4,Bogota,15,Otras mercancias de uso domestico,0,80.8036,-41.3000,3.5057,18.6900,15156.2465,-23.8000,3.8477,18.9500,22264.9845,1,53067.0000,158737.0000
2020-04-01,2020,4,Cundinamarca,4,Prendas de vestir y textiles,0,10.4556,-41.3000,3.5057,18.6900,15156.2465,-23.8000,3.8477,18.9500,22264.9845,1,13153.0000,48384.0000
2020-04-01,2020,4,Cundinamarca,8,Electrodomesticos y muebles,1,38.1039,-41.3000,3.5057,18.6900,15156.2465,-23.8000,3.8477,18.9500,22264.9845,1,13153.0000,48384.0000
2020-04-01,2020,4,Cundinamarca,9,Articulos y utensilios domesticos,0,43.9930,-41.3000,3.5057,18.6900,15156.2465,-23.8000,3.8477,18.9500,22264.9845,1,13153.0000,48384.0000
2020-04-01,2020,4,Cundinamarca,10,Aseo del hogar,0,97.2319,-41.3000,3.5057,18.6900,15156.2465,-23.8000,3.8477,18.9500,22264.9845,1,13153.0000,48384.0000
2020-04-01,2020,4,Cundinamarca,11,Informatica y telecomunicaciones,0,93.6015,-41.3000,3.5057,18.6900,15156.2465,-23.8000,3.8477,18.9500,22264.9845,1,13153.0000,48384.0000
2020-04-01,2020,4,Cundinamarca,12,Sonido y video,0,51.6928,-41.3000,3.5057,18.6900,15156.2465,-23.8000,3.8477,18.9500,22264.9845,1,13153.0000,48384.0000
2020-04-01,2020,4,Cundinamarca,14,"Ferreteria, vidrios y pinturas",0,27.1744,-41.3000,3.5057,18.6900,15156.2465,-23.8000,3.8477,18.9500,22264.9845,1,13153.0000,48384.0000
2020-04-01,2020,4,Cundinamarca,15,Otras mercancias de uso domestico,0,52.7862,-41.3000,3.5057,18.6900,15156.2465,-23.8000,3.8477,18.9500,22264.9845,1,13153.0000,48384.0000
2020-04-01,2020,4,Santander,4,Prendas de vestir y textiles,0,10.2113,-41.3000,3.5057,18.6900,15156.2465,-23.8000,3.8477,18.9500,22264.9845,1,37971.0000,18350.0000
2020-04-01,2020,4,Santander,8,Electrodomesticos y muebles,1,42.2426,-41.3000,3.5057,18.6900,15156.2465,-23.8000,3.8477,18.9500,22264.9845,1,37971.0000,18350.0000
2020-04-01,2020,4,Santander,9,Articulos y utensilios domesticos,0,42.2359,-41.3000,3.5057,18.6900,15156.2465,-23.8000,3.8477,18.9500,22264.9845,1,37971.0000,18350.0000
2020-04-01,2020,4,Santander,10,Aseo del hogar,0,101.0239,-41.3000,3.5057,18.6900,15156.2465,-23.8000,3.8477,18.9500,22264.9845,1,37971.0000,18350.0000
2020-04-01,2020,4,Santander,11,Informatica y telecomunicaciones,0,77.5605,-41.3000,3.5057,18.6900,15156.2465,-23.8000,3.8477,18.9500,22264.9845,1,37971.0000,18350.0000
2020-04-01,2020,4,Santander,12,Sonido y video,0,47.3586,-41.3000,3.5057,18.6900,15156.2465,-23.8000,3.8477,18.9500,22264.9845,1,37971.0000,18350.0000
2020-04-01,2020,4,Santander,14,"Ferreteria, vidrios y pinturas",0,28.6765,-41.3000,3.5057,18.6900,15156.2465,-23.8000,3.8477,18.9500,22264.9845,1,37971.0000,18350.0000
2020-04-01,2020,4,Santander,15,Otras mercancias de uso domestico,0,51.3695,-41.3000,3.5057,18.6900,15156.2465,-23.8000,3.8477,18.9500,22264.9845,1,37971.0000,18350.0000
2020-04-01,2020,4,Valle del Cauca,4,Prendas de vestir y textiles,0,7.1509,-41.3000,3.5057,18.6900,15156.2465,-23.8000,3.8477,18.9500,22264.9845,1,15290.0000,44574.0000
2020-04-01,2020,4,Valle del Cauca,8,Electrodomesticos y muebles,1,29.3472,-41.3000,3.5057,18.6900,15156.2465,-23.8000,3.8477,18.9500,22264.9845,1,15290.0000,44574.0000
2020-04-01,2020,4,Valle del Cauca,9,Articulos y utensilios domesticos,0,32.0175,-41.3000,3.5057,18.6900,15156.2465,-23.8000,3.8477,18.9500,22264.9845,1,15290.0000,44574.0000
2020-04-01,2020,4,Valle del Cauca,10,Aseo del hogar,0,66.8965,-41.3000,3.5057,18.6900,15156.2465,-23.8000,3.8477,18.9500,22264.9845,1,15290.0000,44574.0000
2020-04-01,2020,4,Valle del Cauca,11,Informatica y telecomunicaciones,0,54.2501,-41.3000,3.5057,18.6900,15156.2465,-23.8000,3.8477,18.9500,22264.9845,1,15290.0000,44574.0000
2020-04-01,2020,4,Valle del Cauca,12,Sonido y video,0,38.4560,-41.3000,3.5057,18.6900,15156.2465,-23.8000,3.8477,18.9500,22264.9845,1,15290.0000,44574.0000
2020-04-01,2020,4,Valle del Cauca,14,"Ferreteria, vidrios y pinturas",0,20.3093,-41.3000,3.5057,18.6900,15156.2465,-23.8000,3.8477,18.9500,22264.9845,1,15290.0000,44574.0000
2020-04-01,2020,4,Valle del Cauca,15,Otras mercancias de uso domestico,0,41.9465,-41.3000,3.5057,18.6900,15156.2465,-23.8000,3.8477,18.9500,22264.9845,1,15290.0000,44574.0000
2020-04-01,2020,4,Otros departamentos,4,Prendas de vestir y textiles,0,8.1509,-41.3000,3.5057,18.6900,15156.2465,-23.8000,3.8477,18.9500,22264.9845,1,106743.0000,339666.0000
2020-04-01,2020,4,Otros departamentos,8,Electrodomesticos y muebles,1,37.5585,-41.3000,3.5057,18.6900,15156.2465,-23.8000,3.8477,18.9500,22264.9845,1,106743.0000,339666.0000
2020-04-01,2020,4,Otros departamentos,9,Articulos y utensilios domesticos,0,35.8307,-41.3000,3.5057,18.6900,15156.2465,-23.8000,3.8477,18.9500,22264.9845,1,106743.0000,339666.0000
2020-04-01,2020,4,Otros departamentos,10,Aseo del hogar,0,87.3937,-41.3000,3.5057,18.6900,15156.2465,-23.8000,3.8477,18.9500,22264.9845,1,106743.0000,339666.0000
2020-04-01,2020,4,Otros departamentos,11,Informatica y telecomunicaciones,0,69.7830,-41.3000,3.5057,18.6900,15156.2465,-23.8000,3.8477,18.9500,22264.9845,1,106743.0000,339666.0000
2020-04-01,2020,4,Otros departamentos,12,Sonido y video,0,39.7239,-41.3000,3.5057,18.6900,15156.2465,-23.8000,3.8477,18.9500,22264.9845,1,106743.0000,339666.0000
2020-04-01,2020,4,Otros departamentos,14,"Ferreteria, vidrios y pinturas",0,21.2890,-41.3000,3.5057,18.6900,15156.2465,-23.8000,3.8477,18.9500,22264.9845,1,106743.0000,339666.0000
2020-04-01,2020,4,Otros departamentos,15,Otras mercancias de uso domestico,0,48.0013,-41.3000,3.5057,18.6900,15156.2465,-23.8000,3.8477,18.9500,22264.9845,1,106743.0000,339666.0000
2020-05-01,2020,5,Antioquia,4,Prendas de vestir y textiles,0,23.3088,-34.0000,2.8504,18.1900,15069.8339,-41.3000,3.5057,18.6900,15156.2465,1,139568.0000,45960.0000
2020-05-01,2020,5,Antioquia,8,Electrodomesticos y muebles,1,87.9853,-34.0000,2.8504,18.1900,15069.8339,-41.3000,3.5057,18.6900,15156.2465,1,139568.0000,45960.0000
2020-05-01,2020,5,Antioquia,9,Articulos y utensilios domesticos,0,77.2845,-34.0000,2.8504,18.1900,15069.8339,-41.3000,3.5057,18.6900,15156.2465,1,139568.0000,45960.0000
2020-05-01,2020,5,Antioquia,10,Aseo del hogar,0,119.4667,-34.0000,2.8504,18.1900,15069.8339,-41.3000,3.5057,18.6900,15156.2465,1,139568.0000,45960.0000
2020-05-01,2020,5,Antioquia,11,Informatica y telecomunicaciones,0,111.3053,-34.0000,2.8504,18.1900,15069.8339,-41.3000,3.5057,18.6900,15156.2465,1,139568.0000,45960.0000
2020-05-01,2020,5,Antioquia,12,Sonido y video,0,89.5222,-34.0000,2.8504,18.1900,15069.8339,-41.3000,3.5057,18.6900,15156.2465,1,139568.0000,45960.0000
2020-05-01,2020,5,Antioquia,14,"Ferreteria, vidrios y pinturas",0,74.7238,-34.0000,2.8504,18.1900,15069.8339,-41.3000,3.5057,18.6900,15156.2465,1,139568.0000,45960.0000
2020-05-01,2020,5,Antioquia,15,Otras mercancias de uso domestico,0,59.3996,-34.0000,2.8504,18.1900,15069.8339,-41.3000,3.5057,18.6900,15156.2465,1,139568.0000,45960.0000
2020-05-01,2020,5,Atlantico,4,Prendas de vestir y textiles,0,19.9903,-34.0000,2.8504,18.1900,15069.8339,-41.3000,3.5057,18.6900,15156.2465,1,16022.0000,34415.0000
2020-05-01,2020,5,Atlantico,8,Electrodomesticos y muebles,1,61.6828,-34.0000,2.8504,18.1900,15069.8339,-41.3000,3.5057,18.6900,15156.2465,1,16022.0000,34415.0000
2020-05-01,2020,5,Atlantico,9,Articulos y utensilios domesticos,0,68.2130,-34.0000,2.8504,18.1900,15069.8339,-41.3000,3.5057,18.6900,15156.2465,1,16022.0000,34415.0000
2020-05-01,2020,5,Atlantico,10,Aseo del hogar,0,96.9811,-34.0000,2.8504,18.1900,15069.8339,-41.3000,3.5057,18.6900,15156.2465,1,16022.0000,34415.0000
2020-05-01,2020,5,Atlantico,11,Informatica y telecomunicaciones,0,81.9398,-34.0000,2.8504,18.1900,15069.8339,-41.3000,3.5057,18.6900,15156.2465,1,16022.0000,34415.0000
2020-05-01,2020,5,Atlantico,12,Sonido y video,0,74.5524,-34.0000,2.8504,18.1900,15069.8339,-41.3000,3.5057,18.6900,15156.2465,1,16022.0000,34415.0000
2020-05-01,2020,5,Atlantico,14,"Ferreteria, vidrios y pinturas",0,47.1483,-34.0000,2.8504,18.1900,15069.8339,-41.3000,3.5057,18.6900,15156.2465,1,16022.0000,34415.0000
2020-05-01,2020,5,Atlantico,15,Otras mercancias de uso domestico,0,47.5714,-34.0000,2.8504,18.1900,15069.8339,-41.3000,3.5057,18.6900,15156.2465,1,16022.0000,34415.0000
2020-05-01,2020,5,Bogota,4,Prendas de vestir y textiles,0,28.7573,-34.0000,2.8504,18.1900,15069.8339,-41.3000,3.5057,18.6900,15156.2465,1,121438.0000,53067.0000
2020-05-01,2020,5,Bogota,8,Electrodomesticos y muebles,1,118.5220,-34.0000,2.8504,18.1900,15069.8339,-41.3000,3.5057,18.6900,15156.2465,1,121438.0000,53067.0000
2020-05-01,2020,5,Bogota,9,Articulos y utensilios domesticos,0,92.4019,-34.0000,2.8504,18.1900,15069.8339,-41.3000,3.5057,18.6900,15156.2465,1,121438.0000,53067.0000
2020-05-01,2020,5,Bogota,10,Aseo del hogar,0,164.9512,-34.0000,2.8504,18.1900,15069.8339,-41.3000,3.5057,18.6900,15156.2465,1,121438.0000,53067.0000
2020-05-01,2020,5,Bogota,11,Informatica y telecomunicaciones,0,152.1413,-34.0000,2.8504,18.1900,15069.8339,-41.3000,3.5057,18.6900,15156.2465,1,121438.0000,53067.0000
2020-05-01,2020,5,Bogota,12,Sonido y video,0,111.3683,-34.0000,2.8504,18.1900,15069.8339,-41.3000,3.5057,18.6900,15156.2465,1,121438.0000,53067.0000
2020-05-01,2020,5,Bogota,14,"Ferreteria, vidrios y pinturas",0,83.6899,-34.0000,2.8504,18.1900,15069.8339,-41.3000,3.5057,18.6900,15156.2465,1,121438.0000,53067.0000
2020-05-01,2020,5,Bogota,15,Otras mercancias de uso domestico,0,85.5375,-34.0000,2.8504,18.1900,15069.8339,-41.3000,3.5057,18.6900,15156.2465,1,121438.0000,53067.0000
2020-05-01,2020,5,Cundinamarca,4,Prendas de vestir y textiles,0,23.6864,-34.0000,2.8504,18.1900,15069.8339,-41.3000,3.5057,18.6900,15156.2465,1,38565.0000,13153.0000
2020-05-01,2020,5,Cundinamarca,8,Electrodomesticos y muebles,1,69.8316,-34.0000,2.8504,18.1900,15069.8339,-41.3000,3.5057,18.6900,15156.2465,1,38565.0000,13153.0000
2020-05-01,2020,5,Cundinamarca,9,Articulos y utensilios domesticos,0,81.3910,-34.0000,2.8504,18.1900,15069.8339,-41.3000,3.5057,18.6900,15156.2465,1,38565.0000,13153.0000
2020-05-01,2020,5,Cundinamarca,10,Aseo del hogar,0,110.3391,-34.0000,2.8504,18.1900,15069.8339,-41.3000,3.5057,18.6900,15156.2465,1,38565.0000,13153.0000
2020-05-01,2020,5,Cundinamarca,11,Informatica y telecomunicaciones,0,116.4152,-34.0000,2.8504,18.1900,15069.8339,-41.3000,3.5057,18.6900,15156.2465,1,38565.0000,13153.0000
2020-05-01,2020,5,Cundinamarca,12,Sonido y video,0,73.4738,-34.0000,2.8504,18.1900,15069.8339,-41.3000,3.5057,18.6900,15156.2465,1,38565.0000,13153.0000
2020-05-01,2020,5,Cundinamarca,14,"Ferreteria, vidrios y pinturas",0,63.9473,-34.0000,2.8504,18.1900,15069.8339,-41.3000,3.5057,18.6900,15156.2465,1,38565.0000,13153.0000
2020-05-01,2020,5,Cundinamarca,15,Otras mercancias de uso domestico,0,64.0791,-34.0000,2.8504,18.1900,15069.8339,-41.3000,3.5057,18.6900,15156.2465,1,38565.0000,13153.0000
2020-05-01,2020,5,Santander,4,Prendas de vestir y textiles,0,18.6854,-34.0000,2.8504,18.1900,15069.8339,-41.3000,3.5057,18.6900,15156.2465,1,64314.0000,37971.0000
2020-05-01,2020,5,Santander,8,Electrodomesticos y muebles,1,75.9307,-34.0000,2.8504,18.1900,15069.8339,-41.3000,3.5057,18.6900,15156.2465,1,64314.0000,37971.0000
2020-05-01,2020,5,Santander,9,Articulos y utensilios domesticos,0,68.6827,-34.0000,2.8504,18.1900,15069.8339,-41.3000,3.5057,18.6900,15156.2465,1,64314.0000,37971.0000
2020-05-01,2020,5,Santander,10,Aseo del hogar,0,100.3866,-34.0000,2.8504,18.1900,15069.8339,-41.3000,3.5057,18.6900,15156.2465,1,64314.0000,37971.0000
2020-05-01,2020,5,Santander,11,Informatica y telecomunicaciones,0,100.1745,-34.0000,2.8504,18.1900,15069.8339,-41.3000,3.5057,18.6900,15156.2465,1,64314.0000,37971.0000
2020-05-01,2020,5,Santander,12,Sonido y video,0,61.9315,-34.0000,2.8504,18.1900,15069.8339,-41.3000,3.5057,18.6900,15156.2465,1,64314.0000,37971.0000
2020-05-01,2020,5,Santander,14,"Ferreteria, vidrios y pinturas",0,62.0093,-34.0000,2.8504,18.1900,15069.8339,-41.3000,3.5057,18.6900,15156.2465,1,64314.0000,37971.0000
2020-05-01,2020,5,Santander,15,Otras mercancias de uso domestico,0,60.9124,-34.0000,2.8504,18.1900,15069.8339,-41.3000,3.5057,18.6900,15156.2465,1,64314.0000,37971.0000
2020-05-01,2020,5,Valle del Cauca,4,Prendas de vestir y textiles,0,21.3641,-34.0000,2.8504,18.1900,15069.8339,-41.3000,3.5057,18.6900,15156.2465,1,134060.0000,15290.0000
2020-05-01,2020,5,Valle del Cauca,8,Electrodomesticos y muebles,1,73.5111,-34.0000,2.8504,18.1900,15069.8339,-41.3000,3.5057,18.6900,15156.2465,1,134060.0000,15290.0000
2020-05-01,2020,5,Valle del Cauca,9,Articulos y utensilios domesticos,0,68.9701,-34.0000,2.8504,18.1900,15069.8339,-41.3000,3.5057,18.6900,15156.2465,1,134060.0000,15290.0000
2020-05-01,2020,5,Valle del Cauca,10,Aseo del hogar,0,95.0492,-34.0000,2.8504,18.1900,15069.8339,-41.3000,3.5057,18.6900,15156.2465,1,134060.0000,15290.0000
2020-05-01,2020,5,Valle del Cauca,11,Informatica y telecomunicaciones,0,91.8230,-34.0000,2.8504,18.1900,15069.8339,-41.3000,3.5057,18.6900,15156.2465,1,134060.0000,15290.0000
2020-05-01,2020,5,Valle del Cauca,12,Sonido y video,0,77.2553,-34.0000,2.8504,18.1900,15069.8339,-41.3000,3.5057,18.6900,15156.2465,1,134060.0000,15290.0000
2020-05-01,2020,5,Valle del Cauca,14,"Ferreteria, vidrios y pinturas",0,57.2778,-34.0000,2.8504,18.1900,15069.8339,-41.3000,3.5057,18.6900,15156.2465,1,134060.0000,15290.0000
2020-05-01,2020,5,Valle del Cauca,15,Otras mercancias de uso domestico,0,62.2913,-34.0000,2.8504,18.1900,15069.8339,-41.3000,3.5057,18.6900,15156.2465,1,134060.0000,15290.0000
2020-05-01,2020,5,Otros departamentos,4,Prendas de vestir y textiles,0,22.2897,-34.0000,2.8504,18.1900,15069.8339,-41.3000,3.5057,18.6900,15156.2465,1,301596.0000,106743.0000
2020-05-01,2020,5,Otros departamentos,8,Electrodomesticos y muebles,1,77.1086,-34.0000,2.8504,18.1900,15069.8339,-41.3000,3.5057,18.6900,15156.2465,1,301596.0000,106743.0000
2020-05-01,2020,5,Otros departamentos,9,Articulos y utensilios domesticos,0,64.5763,-34.0000,2.8504,18.1900,15069.8339,-41.3000,3.5057,18.6900,15156.2465,1,301596.0000,106743.0000
2020-05-01,2020,5,Otros departamentos,10,Aseo del hogar,0,99.4956,-34.0000,2.8504,18.1900,15069.8339,-41.3000,3.5057,18.6900,15156.2465,1,301596.0000,106743.0000
2020-05-01,2020,5,Otros departamentos,11,Informatica y telecomunicaciones,0,105.2606,-34.0000,2.8504,18.1900,15069.8339,-41.3000,3.5057,18.6900,15156.2465,1,301596.0000,106743.0000
2020-05-01,2020,5,Otros departamentos,12,Sonido y video,0,70.6566,-34.0000,2.8504,18.1900,15069.8339,-41.3000,3.5057,18.6900,15156.2465,1,301596.0000,106743.0000
2020-05-01,2020,5,Otros departamentos,14,"Ferreteria, vidrios y pinturas",0,60.0720,-34.0000,2.8504,18.1900,15069.8339,-41.3000,3.5057,18.6900,15156.2465,1,301596.0000,106743.0000
2020-05-01,2020,5,Otros departamentos,15,Otras mercancias de uso domestico,0,58.2926,-34.0000,2.8504,18.1900,15069.8339,-41.3000,3.5057,18.6900,15156.2465,1,301596.0000,106743.0000
2020-06-01,2020,6,Antioquia,4,Prendas de vestir y textiles,0,51.8141,-33.1000,2.2004,18.1200,19363.2478,-34.0000,2.8504,18.1900,15069.8339,1,163615.0000,139568.0000
2020-06-01,2020,6,Antioquia,8,Electrodomesticos y muebles,1,144.6950,-33.1000,2.2004,18.1200,19363.2478,-34.0000,2.8504,18.1900,15069.8339,1,163615.0000,139568.0000
2020-06-01,2020,6,Antioquia,9,Articulos y utensilios domesticos,0,97.9233,-33.1000,2.2004,18.1200,19363.2478,-34.0000,2.8504,18.1900,15069.8339,1,163615.0000,139568.0000
2020-06-01,2020,6,Antioquia,10,Aseo del hogar,0,131.4727,-33.1000,2.2004,18.1200,19363.2478,-34.0000,2.8504,18.1900,15069.8339,1,163615.0000,139568.0000
2020-06-01,2020,6,Antioquia,11,Informatica y telecomunicaciones,0,148.3627,-33.1000,2.2004,18.1200,19363.2478,-34.0000,2.8504,18.1900,15069.8339,1,163615.0000,139568.0000
2020-06-01,2020,6,Antioquia,12,Sonido y video,0,190.7952,-33.1000,2.2004,18.1200,19363.2478,-34.0000,2.8504,18.1900,15069.8339,1,163615.0000,139568.0000
2020-06-01,2020,6,Antioquia,14,"Ferreteria, vidrios y pinturas",0,100.3705,-33.1000,2.2004,18.1200,19363.2478,-34.0000,2.8504,18.1900,15069.8339,1,163615.0000,139568.0000
2020-06-01,2020,6,Antioquia,15,Otras mercancias de uso domestico,0,79.8317,-33.1000,2.2004,18.1200,19363.2478,-34.0000,2.8504,18.1900,15069.8339,1,163615.0000,139568.0000
2020-06-01,2020,6,Atlantico,4,Prendas de vestir y textiles,0,30.7053,-33.1000,2.2004,18.1200,19363.2478,-34.0000,2.8504,18.1900,15069.8339,1,111329.0000,16022.0000
2020-06-01,2020,6,Atlantico,8,Electrodomesticos y muebles,1,78.0220,-33.1000,2.2004,18.1200,19363.2478,-34.0000,2.8504,18.1900,15069.8339,1,111329.0000,16022.0000
2020-06-01,2020,6,Atlantico,9,Articulos y utensilios domesticos,0,65.5424,-33.1000,2.2004,18.1200,19363.2478,-34.0000,2.8504,18.1900,15069.8339,1,111329.0000,16022.0000
2020-06-01,2020,6,Atlantico,10,Aseo del hogar,0,88.5276,-33.1000,2.2004,18.1200,19363.2478,-34.0000,2.8504,18.1900,15069.8339,1,111329.0000,16022.0000
2020-06-01,2020,6,Atlantico,11,Informatica y telecomunicaciones,0,89.9509,-33.1000,2.2004,18.1200,19363.2478,-34.0000,2.8504,18.1900,15069.8339,1,111329.0000,16022.0000
2020-06-01,2020,6,Atlantico,12,Sonido y video,0,102.1826,-33.1000,2.2004,18.1200,19363.2478,-34.0000,2.8504,18.1900,15069.8339,1,111329.0000,16022.0000
2020-06-01,2020,6,Atlantico,14,"Ferreteria, vidrios y pinturas",0,54.1727,-33.1000,2.2004,18.1200,19363.2478,-34.0000,2.8504,18.1900,15069.8339,1,111329.0000,16022.0000
2020-06-01,2020,6,Atlantico,15,Otras mercancias de uso domestico,0,48.6205,-33.1000,2.2004,18.1200,19363.2478,-34.0000,2.8504,18.1900,15069.8339,1,111329.0000,16022.0000
2020-06-01,2020,6,Bogota,4,Prendas de vestir y textiles,0,53.6180,-33.1000,2.2004,18.1200,19363.2478,-34.0000,2.8504,18.1900,15069.8339,1,196677.0000,121438.0000
2020-06-01,2020,6,Bogota,8,Electrodomesticos y muebles,1,155.2073,-33.1000,2.2004,18.1200,19363.2478,-34.0000,2.8504,18.1900,15069.8339,1,196677.0000,121438.0000
2020-06-01,2020,6,Bogota,9,Articulos y utensilios domesticos,0,102.6332,-33.1000,2.2004,18.1200,19363.2478,-34.0000,2.8504,18.1900,15069.8339,1,196677.0000,121438.0000
2020-06-01,2020,6,Bogota,10,Aseo del hogar,0,148.0875,-33.1000,2.2004,18.1200,19363.2478,-34.0000,2.8504,18.1900,15069.8339,1,196677.0000,121438.0000
2020-06-01,2020,6,Bogota,11,Informatica y telecomunicaciones,0,156.3891,-33.1000,2.2004,18.1200,19363.2478,-34.0000,2.8504,18.1900,15069.8339,1,196677.0000,121438.0000
2020-06-01,2020,6,Bogota,12,Sonido y video,0,160.7042,-33.1000,2.2004,18.1200,19363.2478,-34.0000,2.8504,18.1900,15069.8339,1,196677.0000,121438.0000
2020-06-01,2020,6,Bogota,14,"Ferreteria, vidrios y pinturas",0,88.6114,-33.1000,2.2004,18.1200,19363.2478,-34.0000,2.8504,18.1900,15069.8339,1,196677.0000,121438.0000
2020-06-01,2020,6,Bogota,15,Otras mercancias de uso domestico,0,77.5350,-33.1000,2.2004,18.1200,19363.2478,-34.0000,2.8504,18.1900,15069.8339,1,196677.0000,121438.0000
2020-06-01,2020,6,Cundinamarca,4,Prendas de vestir y textiles,0,45.5667,-33.1000,2.2004,18.1200,19363.2478,-34.0000,2.8504,18.1900,15069.8339,1,62917.0000,38565.0000
2020-06-01,2020,6,Cundinamarca,8,Electrodomesticos y muebles,1,112.7224,-33.1000,2.2004,18.1200,19363.2478,-34.0000,2.8504,18.1900,15069.8339,1,62917.0000,38565.0000
2020-06-01,2020,6,Cundinamarca,9,Articulos y utensilios domesticos,0,92.2554,-33.1000,2.2004,18.1200,19363.2478,-34.0000,2.8504,18.1900,15069.8339,1,62917.0000,38565.0000
2020-06-01,2020,6,Cundinamarca,10,Aseo del hogar,0,96.7585,-33.1000,2.2004,18.1200,19363.2478,-34.0000,2.8504,18.1900,15069.8339,1,62917.0000,38565.0000
2020-06-01,2020,6,Cundinamarca,11,Informatica y telecomunicaciones,0,159.5849,-33.1000,2.2004,18.1200,19363.2478,-34.0000,2.8504,18.1900,15069.8339,1,62917.0000,38565.0000
2020-06-01,2020,6,Cundinamarca,12,Sonido y video,0,125.8418,-33.1000,2.2004,18.1200,19363.2478,-34.0000,2.8504,18.1900,15069.8339,1,62917.0000,38565.0000
2020-06-01,2020,6,Cundinamarca,14,"Ferreteria, vidrios y pinturas",0,89.9781,-33.1000,2.2004,18.1200,19363.2478,-34.0000,2.8504,18.1900,15069.8339,1,62917.0000,38565.0000
2020-06-01,2020,6,Cundinamarca,15,Otras mercancias de uso domestico,0,64.8458,-33.1000,2.2004,18.1200,19363.2478,-34.0000,2.8504,18.1900,15069.8339,1,62917.0000,38565.0000
2020-06-01,2020,6,Santander,4,Prendas de vestir y textiles,0,38.3686,-33.1000,2.2004,18.1200,19363.2478,-34.0000,2.8504,18.1900,15069.8339,1,19043.0000,64314.0000
2020-06-01,2020,6,Santander,8,Electrodomesticos y muebles,1,109.5044,-33.1000,2.2004,18.1200,19363.2478,-34.0000,2.8504,18.1900,15069.8339,1,19043.0000,64314.0000
2020-06-01,2020,6,Santander,9,Articulos y utensilios domesticos,0,89.9205,-33.1000,2.2004,18.1200,19363.2478,-34.0000,2.8504,18.1900,15069.8339,1,19043.0000,64314.0000
2020-06-01,2020,6,Santander,10,Aseo del hogar,0,105.5749,-33.1000,2.2004,18.1200,19363.2478,-34.0000,2.8504,18.1900,15069.8339,1,19043.0000,64314.0000
2020-06-01,2020,6,Santander,11,Informatica y telecomunicaciones,0,130.0124,-33.1000,2.2004,18.1200,19363.2478,-34.0000,2.8504,18.1900,15069.8339,1,19043.0000,64314.0000
2020-06-01,2020,6,Santander,12,Sonido y video,0,117.4605,-33.1000,2.2004,18.1200,19363.2478,-34.0000,2.8504,18.1900,15069.8339,1,19043.0000,64314.0000
2020-06-01,2020,6,Santander,14,"Ferreteria, vidrios y pinturas",0,87.3681,-33.1000,2.2004,18.1200,19363.2478,-34.0000,2.8504,18.1900,15069.8339,1,19043.0000,64314.0000
2020-06-01,2020,6,Santander,15,Otras mercancias de uso domestico,0,75.4146,-33.1000,2.2004,18.1200,19363.2478,-34.0000,2.8504,18.1900,15069.8339,1,19043.0000,64314.0000
2020-06-01,2020,6,Valle del Cauca,4,Prendas de vestir y textiles,0,45.3064,-33.1000,2.2004,18.1200,19363.2478,-34.0000,2.8504,18.1900,15069.8339,1,86354.0000,134060.0000
2020-06-01,2020,6,Valle del Cauca,8,Electrodomesticos y muebles,1,109.9860,-33.1000,2.2004,18.1200,19363.2478,-34.0000,2.8504,18.1900,15069.8339,1,86354.0000,134060.0000
2020-06-01,2020,6,Valle del Cauca,9,Articulos y utensilios domesticos,0,84.1218,-33.1000,2.2004,18.1200,19363.2478,-34.0000,2.8504,18.1900,15069.8339,1,86354.0000,134060.0000
2020-06-01,2020,6,Valle del Cauca,10,Aseo del hogar,0,95.1036,-33.1000,2.2004,18.1200,19363.2478,-34.0000,2.8504,18.1900,15069.8339,1,86354.0000,134060.0000
2020-06-01,2020,6,Valle del Cauca,11,Informatica y telecomunicaciones,0,120.9752,-33.1000,2.2004,18.1200,19363.2478,-34.0000,2.8504,18.1900,15069.8339,1,86354.0000,134060.0000
2020-06-01,2020,6,Valle del Cauca,12,Sonido y video,0,132.3459,-33.1000,2.2004,18.1200,19363.2478,-34.0000,2.8504,18.1900,15069.8339,1,86354.0000,134060.0000
2020-06-01,2020,6,Valle del Cauca,14,"Ferreteria, vidrios y pinturas",0,77.0029,-33.1000,2.2004,18.1200,19363.2478,-34.0000,2.8504,18.1900,15069.8339,1,86354.0000,134060.0000
2020-06-01,2020,6,Valle del Cauca,15,Otras mercancias de uso domestico,0,73.1420,-33.1000,2.2004,18.1200,19363.2478,-34.0000,2.8504,18.1900,15069.8339,1,86354.0000,134060.0000
2020-06-01,2020,6,Otros departamentos,4,Prendas de vestir y textiles,0,45.6470,-33.1000,2.2004,18.1200,19363.2478,-34.0000,2.8504,18.1900,15069.8339,1,423415.0000,301596.0000
2020-06-01,2020,6,Otros departamentos,8,Electrodomesticos y muebles,1,115.3810,-33.1000,2.2004,18.1200,19363.2478,-34.0000,2.8504,18.1900,15069.8339,1,423415.0000,301596.0000
2020-06-01,2020,6,Otros departamentos,9,Articulos y utensilios domesticos,0,86.8731,-33.1000,2.2004,18.1200,19363.2478,-34.0000,2.8504,18.1900,15069.8339,1,423415.0000,301596.0000
2020-06-01,2020,6,Otros departamentos,10,Aseo del hogar,0,107.7862,-33.1000,2.2004,18.1200,19363.2478,-34.0000,2.8504,18.1900,15069.8339,1,423415.0000,301596.0000
2020-06-01,2020,6,Otros departamentos,11,Informatica y telecomunicaciones,0,135.1158,-33.1000,2.2004,18.1200,19363.2478,-34.0000,2.8504,18.1900,15069.8339,1,423415.0000,301596.0000
2020-06-01,2020,6,Otros departamentos,12,Sonido y video,0,127.6440,-33.1000,2.2004,18.1200,19363.2478,-34.0000,2.8504,18.1900,15069.8339,1,423415.0000,301596.0000
2020-06-01,2020,6,Otros departamentos,14,"Ferreteria, vidrios y pinturas",0,76.9437,-33.1000,2.2004,18.1200,19363.2478,-34.0000,2.8504,18.1900,15069.8339,1,423415.0000,301596.0000
2020-06-01,2020,6,Otros departamentos,15,Otras mercancias de uso domestico,0,75.2811,-33.1000,2.2004,18.1200,19363.2478,-34.0000,2.8504,18.1900,15069.8339,1,423415.0000,301596.0000
2020-07-01,2020,7,Antioquia,4,Prendas de vestir y textiles,0,46.3523,-32.7000,1.9720,18.1200,26459.6666,-33.1000,2.2004,18.1200,19363.2478,1,177064.0000,163615.0000
2020-07-01,2020,7,Antioquia,8,Electrodomesticos y muebles,1,124.9811,-32.7000,1.9720,18.1200,26459.6666,-33.1000,2.2004,18.1200,19363.2478,1,177064.0000,163615.0000
2020-07-01,2020,7,Antioquia,9,Articulos y utensilios domesticos,0,82.9776,-32.7000,1.9720,18.1200,26459.6666,-33.1000,2.2004,18.1200,19363.2478,1,177064.0000,163615.0000
2020-07-01,2020,7,Antioquia,10,Aseo del hogar,0,127.7625,-32.7000,1.9720,18.1200,26459.6666,-33.1000,2.2004,18.1200,19363.2478,1,177064.0000,163615.0000
2020-07-01,2020,7,Antioquia,11,Informatica y telecomunicaciones,0,149.7707,-32.7000,1.9720,18.1200,26459.6666,-33.1000,2.2004,18.1200,19363.2478,1,177064.0000,163615.0000
2020-07-01,2020,7,Antioquia,12,Sonido y video,0,138.4903,-32.7000,1.9720,18.1200,26459.6666,-33.1000,2.2004,18.1200,19363.2478,1,177064.0000,163615.0000
2020-07-01,2020,7,Antioquia,14,"Ferreteria, vidrios y pinturas",0,93.8638,-32.7000,1.9720,18.1200,26459.6666,-33.1000,2.2004,18.1200,19363.2478,1,177064.0000,163615.0000
2020-07-01,2020,7,Antioquia,15,Otras mercancias de uso domestico,0,70.2851,-32.7000,1.9720,18.1200,26459.6666,-33.1000,2.2004,18.1200,19363.2478,1,177064.0000,163615.0000
2020-07-01,2020,7,Atlantico,4,Prendas de vestir y textiles,0,32.3560,-32.7000,1.9720,18.1200,26459.6666,-33.1000,2.2004,18.1200,19363.2478,1,48135.0000,111329.0000
2020-07-01,2020,7,Atlantico,8,Electrodomesticos y muebles,1,79.2054,-32.7000,1.9720,18.1200,26459.6666,-33.1000,2.2004,18.1200,19363.2478,1,48135.0000,111329.0000
2020-07-01,2020,7,Atlantico,9,Articulos y utensilios domesticos,0,65.3953,-32.7000,1.9720,18.1200,26459.6666,-33.1000,2.2004,18.1200,19363.2478,1,48135.0000,111329.0000
2020-07-01,2020,7,Atlantico,10,Aseo del hogar,0,91.9031,-32.7000,1.9720,18.1200,26459.6666,-33.1000,2.2004,18.1200,19363.2478,1,48135.0000,111329.0000
2020-07-01,2020,7,Atlantico,11,Informatica y telecomunicaciones,0,92.3638,-32.7000,1.9720,18.1200,26459.6666,-33.1000,2.2004,18.1200,19363.2478,1,48135.0000,111329.0000
2020-07-01,2020,7,Atlantico,12,Sonido y video,0,89.7342,-32.7000,1.9720,18.1200,26459.6666,-33.1000,2.2004,18.1200,19363.2478,1,48135.0000,111329.0000
2020-07-01,2020,7,Atlantico,14,"Ferreteria, vidrios y pinturas",0,61.7817,-32.7000,1.9720,18.1200,26459.6666,-33.1000,2.2004,18.1200,19363.2478,1,48135.0000,111329.0000
2020-07-01,2020,7,Atlantico,15,Otras mercancias de uso domestico,0,49.7039,-32.7000,1.9720,18.1200,26459.6666,-33.1000,2.2004,18.1200,19363.2478,1,48135.0000,111329.0000
2020-07-01,2020,7,Bogota,4,Prendas de vestir y textiles,0,62.6394,-32.7000,1.9720,18.1200,26459.6666,-33.1000,2.2004,18.1200,19363.2478,1,249318.0000,196677.0000
2020-07-01,2020,7,Bogota,8,Electrodomesticos y muebles,1,164.4245,-32.7000,1.9720,18.1200,26459.6666,-33.1000,2.2004,18.1200,19363.2478,1,249318.0000,196677.0000
2020-07-01,2020,7,Bogota,9,Articulos y utensilios domesticos,0,109.9710,-32.7000,1.9720,18.1200,26459.6666,-33.1000,2.2004,18.1200,19363.2478,1,249318.0000,196677.0000
2020-07-01,2020,7,Bogota,10,Aseo del hogar,0,141.9802,-32.7000,1.9720,18.1200,26459.6666,-33.1000,2.2004,18.1200,19363.2478,1,249318.0000,196677.0000
2020-07-01,2020,7,Bogota,11,Informatica y telecomunicaciones,0,170.2887,-32.7000,1.9720,18.1200,26459.6666,-33.1000,2.2004,18.1200,19363.2478,1,249318.0000,196677.0000
2020-07-01,2020,7,Bogota,12,Sonido y video,0,144.4300,-32.7000,1.9720,18.1200,26459.6666,-33.1000,2.2004,18.1200,19363.2478,1,249318.0000,196677.0000
2020-07-01,2020,7,Bogota,14,"Ferreteria, vidrios y pinturas",0,111.2825,-32.7000,1.9720,18.1200,26459.6666,-33.1000,2.2004,18.1200,19363.2478,1,249318.0000,196677.0000
2020-07-01,2020,7,Bogota,15,Otras mercancias de uso domestico,0,86.5250,-32.7000,1.9720,18.1200,26459.6666,-33.1000,2.2004,18.1200,19363.2478,1,249318.0000,196677.0000
2020-07-01,2020,7,Cundinamarca,4,Prendas de vestir y textiles,0,56.0709,-32.7000,1.9720,18.1200,26459.6666,-33.1000,2.2004,18.1200,19363.2478,1,81000.0000,62917.0000
2020-07-01,2020,7,Cundinamarca,8,Electrodomesticos y muebles,1,130.2420,-32.7000,1.9720,18.1200,26459.6666,-33.1000,2.2004,18.1200,19363.2478,1,81000.0000,62917.0000
2020-07-01,2020,7,Cundinamarca,9,Articulos y utensilios domesticos,0,99.7014,-32.7000,1.9720,18.1200,26459.6666,-33.1000,2.2004,18.1200,19363.2478,1,81000.0000,62917.0000
2020-07-01,2020,7,Cundinamarca,10,Aseo del hogar,0,115.7471,-32.7000,1.9720,18.1200,26459.6666,-33.1000,2.2004,18.1200,19363.2478,1,81000.0000,62917.0000
2020-07-01,2020,7,Cundinamarca,11,Informatica y telecomunicaciones,0,189.1153,-32.7000,1.9720,18.1200,26459.6666,-33.1000,2.2004,18.1200,19363.2478,1,81000.0000,62917.0000
2020-07-01,2020,7,Cundinamarca,12,Sonido y video,0,127.9678,-32.7000,1.9720,18.1200,26459.6666,-33.1000,2.2004,18.1200,19363.2478,1,81000.0000,62917.0000
2020-07-01,2020,7,Cundinamarca,14,"Ferreteria, vidrios y pinturas",0,115.0586,-32.7000,1.9720,18.1200,26459.6666,-33.1000,2.2004,18.1200,19363.2478,1,81000.0000,62917.0000
2020-07-01,2020,7,Cundinamarca,15,Otras mercancias de uso domestico,0,77.5793,-32.7000,1.9720,18.1200,26459.6666,-33.1000,2.2004,18.1200,19363.2478,1,81000.0000,62917.0000
2020-07-01,2020,7,Santander,4,Prendas de vestir y textiles,0,41.8732,-32.7000,1.9720,18.1200,26459.6666,-33.1000,2.2004,18.1200,19363.2478,1,38772.0000,19043.0000
2020-07-01,2020,7,Santander,8,Electrodomesticos y muebles,1,108.8070,-32.7000,1.9720,18.1200,26459.6666,-33.1000,2.2004,18.1200,19363.2478,1,38772.0000,19043.0000
2020-07-01,2020,7,Santander,9,Articulos y utensilios domesticos,0,92.7202,-32.7000,1.9720,18.1200,26459.6666,-33.1000,2.2004,18.1200,19363.2478,1,38772.0000,19043.0000
2020-07-01,2020,7,Santander,10,Aseo del hogar,0,123.6889,-32.7000,1.9720,18.1200,26459.6666,-33.1000,2.2004,18.1200,19363.2478,1,38772.0000,19043.0000
2020-07-01,2020,7,Santander,11,Informatica y telecomunicaciones,0,164.9622,-32.7000,1.9720,18.1200,26459.6666,-33.1000,2.2004,18.1200,19363.2478,1,38772.0000,19043.0000
2020-07-01,2020,7,Santander,12,Sonido y video,0,128.3998,-32.7000,1.9720,18.1200,26459.6666,-33.1000,2.2004,18.1200,19363.2478,1,38772.0000,19043.0000
2020-07-01,2020,7,Santander,14,"Ferreteria, vidrios y pinturas",0,114.3112,-32.7000,1.9720,18.1200,26459.6666,-33.1000,2.2004,18.1200,19363.2478,1,38772.0000,19043.0000
2020-07-01,2020,7,Santander,15,Otras mercancias de uso domestico,0,80.0882,-32.7000,1.9720,18.1200,26459.6666,-33.1000,2.2004,18.1200,19363.2478,1,38772.0000,19043.0000
2020-07-01,2020,7,Valle del Cauca,4,Prendas de vestir y textiles,0,50.9087,-32.7000,1.9720,18.1200,26459.6666,-33.1000,2.2004,18.1200,19363.2478,1,111455.0000,86354.0000
2020-07-01,2020,7,Valle del Cauca,8,Electrodomesticos y muebles,1,117.5273,-32.7000,1.9720,18.1200,26459.6666,-33.1000,2.2004,18.1200,19363.2478,1,111455.0000,86354.0000
2020-07-01,2020,7,Valle del Cauca,9,Articulos y utensilios domesticos,0,85.7476,-32.7000,1.9720,18.1200,26459.6666,-33.1000,2.2004,18.1200,19363.2478,1,111455.0000,86354.0000
2020-07-01,2020,7,Valle del Cauca,10,Aseo del hogar,0,101.4005,-32.7000,1.9720,18.1200,26459.6666,-33.1000,2.2004,18.1200,19363.2478,1,111455.0000,86354.0000
2020-07-01,2020,7,Valle del Cauca,11,Informatica y telecomunicaciones,0,126.0036,-32.7000,1.9720,18.1200,26459.6666,-33.1000,2.2004,18.1200,19363.2478,1,111455.0000,86354.0000
2020-07-01,2020,7,Valle del Cauca,12,Sonido y video,0,142.8662,-32.7000,1.9720,18.1200,26459.6666,-33.1000,2.2004,18.1200,19363.2478,1,111455.0000,86354.0000
2020-07-01,2020,7,Valle del Cauca,14,"Ferreteria, vidrios y pinturas",0,90.0479,-32.7000,1.9720,18.1200,26459.6666,-33.1000,2.2004,18.1200,19363.2478,1,111455.0000,86354.0000
2020-07-01,2020,7,Valle del Cauca,15,Otras mercancias de uso domestico,0,74.0904,-32.7000,1.9720,18.1200,26459.6666,-33.1000,2.2004,18.1200,19363.2478,1,111455.0000,86354.0000
2020-07-01,2020,7,Otros departamentos,4,Prendas de vestir y textiles,0,45.3905,-32.7000,1.9720,18.1200,26459.6666,-33.1000,2.2004,18.1200,19363.2478,1,469974.0000,423415.0000
2020-07-01,2020,7,Otros departamentos,8,Electrodomesticos y muebles,1,122.6661,-32.7000,1.9720,18.1200,26459.6666,-33.1000,2.2004,18.1200,19363.2478,1,469974.0000,423415.0000
2020-07-01,2020,7,Otros departamentos,9,Articulos y utensilios domesticos,0,99.3381,-32.7000,1.9720,18.1200,26459.6666,-33.1000,2.2004,18.1200,19363.2478,1,469974.0000,423415.0000
2020-07-01,2020,7,Otros departamentos,10,Aseo del hogar,0,127.6917,-32.7000,1.9720,18.1200,26459.6666,-33.1000,2.2004,18.1200,19363.2478,1,469974.0000,423415.0000
2020-07-01,2020,7,Otros departamentos,11,Informatica y telecomunicaciones,0,137.7250,-32.7000,1.9720,18.1200,26459.6666,-33.1000,2.2004,18.1200,19363.2478,1,469974.0000,423415.0000
2020-07-01,2020,7,Otros departamentos,12,Sonido y video,0,127.5510,-32.7000,1.9720,18.1200,26459.6666,-33.1000,2.2004,18.1200,19363.2478,1,469974.0000,423415.0000
2020-07-01,2020,7,Otros departamentos,14,"Ferreteria, vidrios y pinturas",0,88.0694,-32.7000,1.9720,18.1200,26459.6666,-33.1000,2.2004,18.1200,19363.2478,1,469974.0000,423415.0000
2020-07-01,2020,7,Otros departamentos,15,Otras mercancias de uso domestico,0,83.3499,-32.7000,1.9720,18.1200,26459.6666,-33.1000,2.2004,18.1200,19363.2478,1,469974.0000,423415.0000
2020-08-01,2020,8,Antioquia,4,Prendas de vestir y textiles,0,47.5809,-25.4000,1.8732,18.2900,26127.4221,-32.7000,1.9720,18.1200,26459.6666,1,185117.0000,177064.0000
2020-08-01,2020,8,Antioquia,8,Electrodomesticos y muebles,1,108.8208,-25.4000,1.8732,18.2900,26127.4221,-32.7000,1.9720,18.1200,26459.6666,1,185117.0000,177064.0000
2020-08-01,2020,8,Antioquia,9,Articulos y utensilios domesticos,0,89.3048,-25.4000,1.8732,18.2900,26127.4221,-32.7000,1.9720,18.1200,26459.6666,1,185117.0000,177064.0000
2020-08-01,2020,8,Antioquia,10,Aseo del hogar,0,121.9025,-25.4000,1.8732,18.2900,26127.4221,-32.7000,1.9720,18.1200,26459.6666,1,185117.0000,177064.0000
2020-08-01,2020,8,Antioquia,11,Informatica y telecomunicaciones,0,159.5547,-25.4000,1.8732,18.2900,26127.4221,-32.7000,1.9720,18.1200,26459.6666,1,185117.0000,177064.0000
2020-08-01,2020,8,Antioquia,12,Sonido y video,0,115.2078,-25.4000,1.8732,18.2900,26127.4221,-32.7000,1.9720,18.1200,26459.6666,1,185117.0000,177064.0000
2020-08-01,2020,8,Antioquia,14,"Ferreteria, vidrios y pinturas",0,98.8759,-25.4000,1.8732,18.2900,26127.4221,-32.7000,1.9720,18.1200,26459.6666,1,185117.0000,177064.0000
2020-08-01,2020,8,Antioquia,15,Otras mercancias de uso domestico,0,67.4320,-25.4000,1.8732,18.2900,26127.4221,-32.7000,1.9720,18.1200,26459.6666,1,185117.0000,177064.0000
2020-08-01,2020,8,Atlantico,4,Prendas de vestir y textiles,0,44.2787,-25.4000,1.8732,18.2900,26127.4221,-32.7000,1.9720,18.1200,26459.6666,1,27486.0000,48135.0000
2020-08-01,2020,8,Atlantico,8,Electrodomesticos y muebles,1,113.5092,-25.4000,1.8732,18.2900,26127.4221,-32.7000,1.9720,18.1200,26459.6666,1,27486.0000,48135.0000
2020-08-01,2020,8,Atlantico,9,Articulos y utensilios domesticos,0,97.8001,-25.4000,1.8732,18.2900,26127.4221,-32.7000,1.9720,18.1200,26459.6666,1,27486.0000,48135.0000
2020-08-01,2020,8,Atlantico,10,Aseo del hogar,0,109.1150,-25.4000,1.8732,18.2900,26127.4221,-32.7000,1.9720,18.1200,26459.6666,1,27486.0000,48135.0000
2020-08-01,2020,8,Atlantico,11,Informatica y telecomunicaciones,0,126.2115,-25.4000,1.8732,18.2900,26127.4221,-32.7000,1.9720,18.1200,26459.6666,1,27486.0000,48135.0000
2020-08-01,2020,8,Atlantico,12,Sonido y video,0,94.8217,-25.4000,1.8732,18.2900,26127.4221,-32.7000,1.9720,18.1200,26459.6666,1,27486.0000,48135.0000
2020-08-01,2020,8,Atlantico,14,"Ferreteria, vidrios y pinturas",0,96.0413,-25.4000,1.8732,18.2900,26127.4221,-32.7000,1.9720,18.1200,26459.6666,1,27486.0000,48135.0000
2020-08-01,2020,8,Atlantico,15,Otras mercancias de uso domestico,0,75.9295,-25.4000,1.8732,18.2900,26127.4221,-32.7000,1.9720,18.1200,26459.6666,1,27486.0000,48135.0000
2020-08-01,2020,8,Bogota,4,Prendas de vestir y textiles,0,52.3479,-25.4000,1.8732,18.2900,26127.4221,-32.7000,1.9720,18.1200,26459.6666,1,188057.0000,249318.0000
2020-08-01,2020,8,Bogota,8,Electrodomesticos y muebles,1,129.7601,-25.4000,1.8732,18.2900,26127.4221,-32.7000,1.9720,18.1200,26459.6666,1,188057.0000,249318.0000
2020-08-01,2020,8,Bogota,9,Articulos y utensilios domesticos,0,88.6607,-25.4000,1.8732,18.2900,26127.4221,-32.7000,1.9720,18.1200,26459.6666,1,188057.0000,249318.0000
2020-08-01,2020,8,Bogota,10,Aseo del hogar,0,122.2855,-25.4000,1.8732,18.2900,26127.4221,-32.7000,1.9720,18.1200,26459.6666,1,188057.0000,249318.0000
2020-08-01,2020,8,Bogota,11,Informatica y telecomunicaciones,0,153.6864,-25.4000,1.8732,18.2900,26127.4221,-32.7000,1.9720,18.1200,26459.6666,1,188057.0000,249318.0000
2020-08-01,2020,8,Bogota,12,Sonido y video,0,117.0397,-25.4000,1.8732,18.2900,26127.4221,-32.7000,1.9720,18.1200,26459.6666,1,188057.0000,249318.0000
2020-08-01,2020,8,Bogota,14,"Ferreteria, vidrios y pinturas",0,92.1694,-25.4000,1.8732,18.2900,26127.4221,-32.7000,1.9720,18.1200,26459.6666,1,188057.0000,249318.0000
2020-08-01,2020,8,Bogota,15,Otras mercancias de uso domestico,0,84.5800,-25.4000,1.8732,18.2900,26127.4221,-32.7000,1.9720,18.1200,26459.6666,1,188057.0000,249318.0000
2020-08-01,2020,8,Cundinamarca,4,Prendas de vestir y textiles,0,60.3131,-25.4000,1.8732,18.2900,26127.4221,-32.7000,1.9720,18.1200,26459.6666,1,104032.0000,81000.0000
2020-08-01,2020,8,Cundinamarca,8,Electrodomesticos y muebles,1,115.7258,-25.4000,1.8732,18.2900,26127.4221,-32.7000,1.9720,18.1200,26459.6666,1,104032.0000,81000.0000
2020-08-01,2020,8,Cundinamarca,9,Articulos y utensilios domesticos,0,109.2246,-25.4000,1.8732,18.2900,26127.4221,-32.7000,1.9720,18.1200,26459.6666,1,104032.0000,81000.0000
2020-08-01,2020,8,Cundinamarca,10,Aseo del hogar,0,128.6131,-25.4000,1.8732,18.2900,26127.4221,-32.7000,1.9720,18.1200,26459.6666,1,104032.0000,81000.0000
2020-08-01,2020,8,Cundinamarca,11,Informatica y telecomunicaciones,0,200.4091,-25.4000,1.8732,18.2900,26127.4221,-32.7000,1.9720,18.1200,26459.6666,1,104032.0000,81000.0000
2020-08-01,2020,8,Cundinamarca,12,Sonido y video,0,114.2310,-25.4000,1.8732,18.2900,26127.4221,-32.7000,1.9720,18.1200,26459.6666,1,104032.0000,81000.0000
2020-08-01,2020,8,Cundinamarca,14,"Ferreteria, vidrios y pinturas",0,115.7369,-25.4000,1.8732,18.2900,26127.4221,-32.7000,1.9720,18.1200,26459.6666,1,104032.0000,81000.0000
2020-08-01,2020,8,Cundinamarca,15,Otras mercancias de uso domestico,0,94.6329,-25.4000,1.8732,18.2900,26127.4221,-32.7000,1.9720,18.1200,26459.6666,1,104032.0000,81000.0000
2020-08-01,2020,8,Santander,4,Prendas de vestir y textiles,0,35.6945,-25.4000,1.8732,18.2900,26127.4221,-32.7000,1.9720,18.1200,26459.6666,1,58327.0000,38772.0000
2020-08-01,2020,8,Santander,8,Electrodomesticos y muebles,1,89.4512,-25.4000,1.8732,18.2900,26127.4221,-32.7000,1.9720,18.1200,26459.6666,1,58327.0000,38772.0000
2020-08-01,2020,8,Santander,9,Articulos y utensilios domesticos,0,80.8782,-25.4000,1.8732,18.2900,26127.4221,-32.7000,1.9720,18.1200,26459.6666,1,58327.0000,38772.0000
2020-08-01,2020,8,Santander,10,Aseo del hogar,0,106.3357,-25.4000,1.8732,18.2900,26127.4221,-32.7000,1.9720,18.1200,26459.6666,1,58327.0000,38772.0000
2020-08-01,2020,8,Santander,11,Informatica y telecomunicaciones,0,141.3629,-25.4000,1.8732,18.2900,26127.4221,-32.7000,1.9720,18.1200,26459.6666,1,58327.0000,38772.0000
2020-08-01,2020,8,Santander,12,Sonido y video,0,96.1216,-25.4000,1.8732,18.2900,26127.4221,-32.7000,1.9720,18.1200,26459.6666,1,58327.0000,38772.0000
2020-08-01,2020,8,Santander,14,"Ferreteria, vidrios y pinturas",0,89.7063,-25.4000,1.8732,18.2900,26127.4221,-32.7000,1.9720,18.1200,26459.6666,1,58327.0000,38772.0000
2020-08-01,2020,8,Santander,15,Otras mercancias de uso domestico,0,74.4649,-25.4000,1.8732,18.2900,26127.4221,-32.7000,1.9720,18.1200,26459.6666,1,58327.0000,38772.0000
2020-08-01,2020,8,Valle del Cauca,4,Prendas de vestir y textiles,0,54.2159,-25.4000,1.8732,18.2900,26127.4221,-32.7000,1.9720,18.1200,26459.6666,1,103167.0000,111455.0000
2020-08-01,2020,8,Valle del Cauca,8,Electrodomesticos y muebles,1,104.4561,-25.4000,1.8732,18.2900,26127.4221,-32.7000,1.9720,18.1200,26459.6666,1,103167.0000,111455.0000
2020-08-01,2020,8,Valle del Cauca,9,Articulos y utensilios domesticos,0,92.0831,-25.4000,1.8732,18.2900,26127.4221,-32.7000,1.9720,18.1200,26459.6666,1,103167.0000,111455.0000
2020-08-01,2020,8,Valle del Cauca,10,Aseo del hogar,0,108.5653,-25.4000,1.8732,18.2900,26127.4221,-32.7000,1.9720,18.1200,26459.6666,1,103167.0000,111455.0000
2020-08-01,2020,8,Valle del Cauca,11,Informatica y telecomunicaciones,0,131.8483,-25.4000,1.8732,18.2900,26127.4221,-32.7000,1.9720,18.1200,26459.6666,1,103167.0000,111455.0000
2020-08-01,2020,8,Valle del Cauca,12,Sonido y video,0,104.6189,-25.4000,1.8732,18.2900,26127.4221,-32.7000,1.9720,18.1200,26459.6666,1,103167.0000,111455.0000
2020-08-01,2020,8,Valle del Cauca,14,"Ferreteria, vidrios y pinturas",0,101.2228,-25.4000,1.8732,18.2900,26127.4221,-32.7000,1.9720,18.1200,26459.6666,1,103167.0000,111455.0000
2020-08-01,2020,8,Valle del Cauca,15,Otras mercancias de uso domestico,0,77.9142,-25.4000,1.8732,18.2900,26127.4221,-32.7000,1.9720,18.1200,26459.6666,1,103167.0000,111455.0000
2020-08-01,2020,8,Otros departamentos,4,Prendas de vestir y textiles,0,46.1578,-25.4000,1.8732,18.2900,26127.4221,-32.7000,1.9720,18.1200,26459.6666,1,443810.0000,469974.0000
2020-08-01,2020,8,Otros departamentos,8,Electrodomesticos y muebles,1,101.5082,-25.4000,1.8732,18.2900,26127.4221,-32.7000,1.9720,18.1200,26459.6666,1,443810.0000,469974.0000
2020-08-01,2020,8,Otros departamentos,9,Articulos y utensilios domesticos,0,90.1742,-25.4000,1.8732,18.2900,26127.4221,-32.7000,1.9720,18.1200,26459.6666,1,443810.0000,469974.0000
2020-08-01,2020,8,Otros departamentos,10,Aseo del hogar,0,126.2627,-25.4000,1.8732,18.2900,26127.4221,-32.7000,1.9720,18.1200,26459.6666,1,443810.0000,469974.0000
2020-08-01,2020,8,Otros departamentos,11,Informatica y telecomunicaciones,0,138.1228,-25.4000,1.8732,18.2900,26127.4221,-32.7000,1.9720,18.1200,26459.6666,1,443810.0000,469974.0000
2020-08-01,2020,8,Otros departamentos,12,Sonido y video,0,101.4157,-25.4000,1.8732,18.2900,26127.4221,-32.7000,1.9720,18.1200,26459.6666,1,443810.0000,469974.0000
2020-08-01,2020,8,Otros departamentos,14,"Ferreteria, vidrios y pinturas",0,90.1570,-25.4000,1.8732,18.2900,26127.4221,-32.7000,1.9720,18.1200,26459.6666,1,443810.0000,469974.0000
2020-08-01,2020,8,Otros departamentos,15,Otras mercancias de uso domestico,0,80.4315,-25.4000,1.8732,18.2900,26127.4221,-32.7000,1.9720,18.1200,26459.6666,1,443810.0000,469974.0000
2020-09-01,2020,9,Antioquia,4,Prendas de vestir y textiles,0,80.7368,-21.6000,1.9659,18.3500,24298.2257,-25.4000,1.8732,18.2900,26127.4221,0,266230.0000,185117.0000
2020-09-01,2020,9,Antioquia,8,Electrodomesticos y muebles,1,119.9227,-21.6000,1.9659,18.3500,24298.2257,-25.4000,1.8732,18.2900,26127.4221,0,266230.0000,185117.0000
2020-09-01,2020,9,Antioquia,9,Articulos y utensilios domesticos,0,119.5185,-21.6000,1.9659,18.3500,24298.2257,-25.4000,1.8732,18.2900,26127.4221,0,266230.0000,185117.0000
2020-09-01,2020,9,Antioquia,10,Aseo del hogar,0,128.3107,-21.6000,1.9659,18.3500,24298.2257,-25.4000,1.8732,18.2900,26127.4221,0,266230.0000,185117.0000
2020-09-01,2020,9,Antioquia,11,Informatica y telecomunicaciones,0,166.9701,-21.6000,1.9659,18.3500,24298.2257,-25.4000,1.8732,18.2900,26127.4221,0,266230.0000,185117.0000
2020-09-01,2020,9,Antioquia,12,Sonido y video,0,123.1935,-21.6000,1.9659,18.3500,24298.2257,-25.4000,1.8732,18.2900,26127.4221,0,266230.0000,185117.0000
2020-09-01,2020,9,Antioquia,14,"Ferreteria, vidrios y pinturas",0,123.5233,-21.6000,1.9659,18.3500,24298.2257,-25.4000,1.8732,18.2900,26127.4221,0,266230.0000,185117.0000
2020-09-01,2020,9,Antioquia,15,Otras mercancias de uso domestico,0,95.7214,-21.6000,1.9659,18.3500,24298.2257,-25.4000,1.8732,18.2900,26127.4221,0,266230.0000,185117.0000
2020-09-01,2020,9,Atlantico,4,Prendas de vestir y textiles,0,69.2905,-21.6000,1.9659,18.3500,24298.2257,-25.4000,1.8732,18.2900,26127.4221,0,72863.0000,27486.0000
2020-09-01,2020,9,Atlantico,8,Electrodomesticos y muebles,1,112.2794,-21.6000,1.9659,18.3500,24298.2257,-25.4000,1.8732,18.2900,26127.4221,0,72863.0000,27486.0000
2020-09-01,2020,9,Atlantico,9,Articulos y utensilios domesticos,0,107.1415,-21.6000,1.9659,18.3500,24298.2257,-25.4000,1.8732,18.2900,26127.4221,0,72863.0000,27486.0000
2020-09-01,2020,9,Atlantico,10,Aseo del hogar,0,117.3679,-21.6000,1.9659,18.3500,24298.2257,-25.4000,1.8732,18.2900,26127.4221,0,72863.0000,27486.0000
2020-09-01,2020,9,Atlantico,11,Informatica y telecomunicaciones,0,115.0464,-21.6000,1.9659,18.3500,24298.2257,-25.4000,1.8732,18.2900,26127.4221,0,72863.0000,27486.0000
2020-09-01,2020,9,Atlantico,12,Sonido y video,0,99.0868,-21.6000,1.9659,18.3500,24298.2257,-25.4000,1.8732,18.2900,26127.4221,0,72863.0000,27486.0000
2020-09-01,2020,9,Atlantico,14,"Ferreteria, vidrios y pinturas",0,108.5131,-21.6000,1.9659,18.3500,24298.2257,-25.4000,1.8732,18.2900,26127.4221,0,72863.0000,27486.0000
2020-09-01,2020,9,Atlantico,15,Otras mercancias de uso domestico,0,92.4850,-21.6000,1.9659,18.3500,24298.2257,-25.4000,1.8732,18.2900,26127.4221,0,72863.0000,27486.0000
2020-09-01,2020,9,Bogota,4,Prendas de vestir y textiles,0,77.3533,-21.6000,1.9659,18.3500,24298.2257,-25.4000,1.8732,18.2900,26127.4221,0,245395.0000,188057.0000
2020-09-01,2020,9,Bogota,8,Electrodomesticos y muebles,1,139.1815,-21.6000,1.9659,18.3500,24298.2257,-25.4000,1.8732,18.2900,26127.4221,0,245395.0000,188057.0000
2020-09-01,2020,9,Bogota,9,Articulos y utensilios domesticos,0,101.9782,-21.6000,1.9659,18.3500,24298.2257,-25.4000,1.8732,18.2900,26127.4221,0,245395.0000,188057.0000
2020-09-01,2020,9,Bogota,10,Aseo del hogar,0,119.9269,-21.6000,1.9659,18.3500,24298.2257,-25.4000,1.8732,18.2900,26127.4221,0,245395.0000,188057.0000
2020-09-01,2020,9,Bogota,11,Informatica y telecomunicaciones,0,135.3155,-21.6000,1.9659,18.3500,24298.2257,-25.4000,1.8732,18.2900,26127.4221,0,245395.0000,188057.0000
2020-09-01,2020,9,Bogota,12,Sonido y video,0,106.9329,-21.6000,1.9659,18.3500,24298.2257,-25.4000,1.8732,18.2900,26127.4221,0,245395.0000,188057.0000
2020-09-01,2020,9,Bogota,14,"Ferreteria, vidrios y pinturas",0,101.5049,-21.6000,1.9659,18.3500,24298.2257,-25.4000,1.8732,18.2900,26127.4221,0,245395.0000,188057.0000
2020-09-01,2020,9,Bogota,15,Otras mercancias de uso domestico,0,92.7778,-21.6000,1.9659,18.3500,24298.2257,-25.4000,1.8732,18.2900,26127.4221,0,245395.0000,188057.0000
2020-09-01,2020,9,Cundinamarca,4,Prendas de vestir y textiles,0,97.1680,-21.6000,1.9659,18.3500,24298.2257,-25.4000,1.8732,18.2900,26127.4221,0,61417.0000,104032.0000
2020-09-01,2020,9,Cundinamarca,8,Electrodomesticos y muebles,1,126.1988,-21.6000,1.9659,18.3500,24298.2257,-25.4000,1.8732,18.2900,26127.4221,0,61417.0000,104032.0000
2020-09-01,2020,9,Cundinamarca,9,Articulos y utensilios domesticos,0,122.1704,-21.6000,1.9659,18.3500,24298.2257,-25.4000,1.8732,18.2900,26127.4221,0,61417.0000,104032.0000
2020-09-01,2020,9,Cundinamarca,10,Aseo del hogar,0,144.4633,-21.6000,1.9659,18.3500,24298.2257,-25.4000,1.8732,18.2900,26127.4221,0,61417.0000,104032.0000
2020-09-01,2020,9,Cundinamarca,11,Informatica y telecomunicaciones,0,188.1423,-21.6000,1.9659,18.3500,24298.2257,-25.4000,1.8732,18.2900,26127.4221,0,61417.0000,104032.0000
2020-09-01,2020,9,Cundinamarca,12,Sonido y video,0,131.0447,-21.6000,1.9659,18.3500,24298.2257,-25.4000,1.8732,18.2900,26127.4221,0,61417.0000,104032.0000
2020-09-01,2020,9,Cundinamarca,14,"Ferreteria, vidrios y pinturas",0,126.5810,-21.6000,1.9659,18.3500,24298.2257,-25.4000,1.8732,18.2900,26127.4221,0,61417.0000,104032.0000
2020-09-01,2020,9,Cundinamarca,15,Otras mercancias de uso domestico,0,107.0668,-21.6000,1.9659,18.3500,24298.2257,-25.4000,1.8732,18.2900,26127.4221,0,61417.0000,104032.0000
2020-09-01,2020,9,Santander,4,Prendas de vestir y textiles,0,73.6771,-21.6000,1.9659,18.3500,24298.2257,-25.4000,1.8732,18.2900,26127.4221,0,29223.0000,58327.0000
2020-09-01,2020,9,Santander,8,Electrodomesticos y muebles,1,109.8063,-21.6000,1.9659,18.3500,24298.2257,-25.4000,1.8732,18.2900,26127.4221,0,29223.0000,58327.0000
2020-09-01,2020,9,Santander,9,Articulos y utensilios domesticos,0,103.2664,-21.6000,1.9659,18.3500,24298.2257,-25.4000,1.8732,18.2900,26127.4221,0,29223.0000,58327.0000
2020-09-01,2020,9,Santander,10,Aseo del hogar,0,125.2689,-21.6000,1.9659,18.3500,24298.2257,-25.4000,1.8732,18.2900,26127.4221,0,29223.0000,58327.0000
2020-09-01,2020,9,Santander,11,Informatica y telecomunicaciones,0,148.0193,-21.6000,1.9659,18.3500,24298.2257,-25.4000,1.8732,18.2900,26127.4221,0,29223.0000,58327.0000
2020-09-01,2020,9,Santander,12,Sonido y video,0,106.6647,-21.6000,1.9659,18.3500,24298.2257,-25.4000,1.8732,18.2900,26127.4221,0,29223.0000,58327.0000
2020-09-01,2020,9,Santander,14,"Ferreteria, vidrios y pinturas",0,115.3646,-21.6000,1.9659,18.3500,24298.2257,-25.4000,1.8732,18.2900,26127.4221,0,29223.0000,58327.0000
2020-09-01,2020,9,Santander,15,Otras mercancias de uso domestico,0,100.4125,-21.6000,1.9659,18.3500,24298.2257,-25.4000,1.8732,18.2900,26127.4221,0,29223.0000,58327.0000
2020-09-01,2020,9,Valle del Cauca,4,Prendas de vestir y textiles,0,75.8218,-21.6000,1.9659,18.3500,24298.2257,-25.4000,1.8732,18.2900,26127.4221,0,238704.0000,103167.0000
2020-09-01,2020,9,Valle del Cauca,8,Electrodomesticos y muebles,1,112.5506,-21.6000,1.9659,18.3500,24298.2257,-25.4000,1.8732,18.2900,26127.4221,0,238704.0000,103167.0000
2020-09-01,2020,9,Valle del Cauca,9,Articulos y utensilios domesticos,0,100.7049,-21.6000,1.9659,18.3500,24298.2257,-25.4000,1.8732,18.2900,26127.4221,0,238704.0000,103167.0000
2020-09-01,2020,9,Valle del Cauca,10,Aseo del hogar,0,109.0774,-21.6000,1.9659,18.3500,24298.2257,-25.4000,1.8732,18.2900,26127.4221,0,238704.0000,103167.0000
2020-09-01,2020,9,Valle del Cauca,11,Informatica y telecomunicaciones,0,122.9830,-21.6000,1.9659,18.3500,24298.2257,-25.4000,1.8732,18.2900,26127.4221,0,238704.0000,103167.0000
2020-09-01,2020,9,Valle del Cauca,12,Sonido y video,0,112.5828,-21.6000,1.9659,18.3500,24298.2257,-25.4000,1.8732,18.2900,26127.4221,0,238704.0000,103167.0000
2020-09-01,2020,9,Valle del Cauca,14,"Ferreteria, vidrios y pinturas",0,113.8291,-21.6000,1.9659,18.3500,24298.2257,-25.4000,1.8732,18.2900,26127.4221,0,238704.0000,103167.0000
2020-09-01,2020,9,Valle del Cauca,15,Otras mercancias de uso domestico,0,89.3632,-21.6000,1.9659,18.3500,24298.2257,-25.4000,1.8732,18.2900,26127.4221,0,238704.0000,103167.0000
2020-09-01,2020,9,Otros departamentos,4,Prendas de vestir y textiles,0,69.8480,-21.6000,1.9659,18.3500,24298.2257,-25.4000,1.8732,18.2900,26127.4221,0,693446.0000,443810.0000
2020-09-01,2020,9,Otros departamentos,8,Electrodomesticos y muebles,1,98.2900,-21.6000,1.9659,18.3500,24298.2257,-25.4000,1.8732,18.2900,26127.4221,0,693446.0000,443810.0000
2020-09-01,2020,9,Otros departamentos,9,Articulos y utensilios domesticos,0,102.7872,-21.6000,1.9659,18.3500,24298.2257,-25.4000,1.8732,18.2900,26127.4221,0,693446.0000,443810.0000
2020-09-01,2020,9,Otros departamentos,10,Aseo del hogar,0,127.4495,-21.6000,1.9659,18.3500,24298.2257,-25.4000,1.8732,18.2900,26127.4221,0,693446.0000,443810.0000
2020-09-01,2020,9,Otros departamentos,11,Informatica y telecomunicaciones,0,123.1811,-21.6000,1.9659,18.3500,24298.2257,-25.4000,1.8732,18.2900,26127.4221,0,693446.0000,443810.0000
2020-09-01,2020,9,Otros departamentos,12,Sonido y video,0,100.8445,-21.6000,1.9659,18.3500,24298.2257,-25.4000,1.8732,18.2900,26127.4221,0,693446.0000,443810.0000
2020-09-01,2020,9,Otros departamentos,14,"Ferreteria, vidrios y pinturas",0,104.6685,-21.6000,1.9659,18.3500,24298.2257,-25.4000,1.8732,18.2900,26127.4221,0,693446.0000,443810.0000
2020-09-01,2020,9,Otros departamentos,15,Otras mercancias de uso domestico,0,79.9277,-21.6000,1.9659,18.3500,24298.2257,-25.4000,1.8732,18.2900,26127.4221,0,693446.0000,443810.0000
2020-10-01,2020,10,Antioquia,4,Prendas de vestir y textiles,0,94.7231,-18.6000,1.7403,18.0900,25461.0347,-21.6000,1.9659,18.3500,24298.2257,0,254552.0000,266230.0000
2020-10-01,2020,10,Antioquia,8,Electrodomesticos y muebles,1,142.3945,-18.6000,1.7403,18.0900,25461.0347,-21.6000,1.9659,18.3500,24298.2257,0,254552.0000,266230.0000
2020-10-01,2020,10,Antioquia,9,Articulos y utensilios domesticos,0,121.5684,-18.6000,1.7403,18.0900,25461.0347,-21.6000,1.9659,18.3500,24298.2257,0,254552.0000,266230.0000
2020-10-01,2020,10,Antioquia,10,Aseo del hogar,0,128.3321,-18.6000,1.7403,18.0900,25461.0347,-21.6000,1.9659,18.3500,24298.2257,0,254552.0000,266230.0000
2020-10-01,2020,10,Antioquia,11,Informatica y telecomunicaciones,0,145.3154,-18.6000,1.7403,18.0900,25461.0347,-21.6000,1.9659,18.3500,24298.2257,0,254552.0000,266230.0000
2020-10-01,2020,10,Antioquia,12,Sonido y video,0,135.4890,-18.6000,1.7403,18.0900,25461.0347,-21.6000,1.9659,18.3500,24298.2257,0,254552.0000,266230.0000
2020-10-01,2020,10,Antioquia,14,"Ferreteria, vidrios y pinturas",0,132.4283,-18.6000,1.7403,18.0900,25461.0347,-21.6000,1.9659,18.3500,24298.2257,0,254552.0000,266230.0000
2020-10-01,2020,10,Antioquia,15,Otras mercancias de uso domestico,0,95.7719,-18.6000,1.7403,18.0900,25461.0347,-21.6000,1.9659,18.3500,24298.2257,0,254552.0000,266230.0000
2020-10-01,2020,10,Atlantico,4,Prendas de vestir y textiles,0,87.7079,-18.6000,1.7403,18.0900,25461.0347,-21.6000,1.9659,18.3500,24298.2257,0,127397.0000,72863.0000
2020-10-01,2020,10,Atlantico,8,Electrodomesticos y muebles,1,134.6537,-18.6000,1.7403,18.0900,25461.0347,-21.6000,1.9659,18.3500,24298.2257,0,127397.0000,72863.0000
2020-10-01,2020,10,Atlantico,9,Articulos y utensilios domesticos,0,120.2903,-18.6000,1.7403,18.0900,25461.0347,-21.6000,1.9659,18.3500,24298.2257,0,127397.0000,72863.0000
2020-10-01,2020,10,Atlantico,10,Aseo del hogar,0,116.3319,-18.6000,1.7403,18.0900,25461.0347,-21.6000,1.9659,18.3500,24298.2257,0,127397.0000,72863.0000
2020-10-01,2020,10,Atlantico,11,Informatica y telecomunicaciones,0,114.7616,-18.6000,1.7403,18.0900,25461.0347,-21.6000,1.9659,18.3500,24298.2257,0,127397.0000,72863.0000
2020-10-01,2020,10,Atlantico,12,Sonido y video,0,102.2759,-18.6000,1.7403,18.0900,25461.0347,-21.6000,1.9659,18.3500,24298.2257,0,127397.0000,72863.0000
2020-10-01,2020,10,Atlantico,14,"Ferreteria, vidrios y pinturas",0,125.9697,-18.6000,1.7403,18.0900,25461.0347,-21.6000,1.9659,18.3500,24298.2257,0,127397.0000,72863.0000
2020-10-01,2020,10,Atlantico,15,Otras mercancias de uso domestico,0,101.6783,-18.6000,1.7403,18.0900,25461.0347,-21.6000,1.9659,18.3500,24298.2257,0,127397.0000,72863.0000
2020-10-01,2020,10,Bogota,4,Prendas de vestir y textiles,0,94.8096,-18.6000,1.7403,18.0900,25461.0347,-21.6000,1.9659,18.3500,24298.2257,0,243449.0000,245395.0000
2020-10-01,2020,10,Bogota,8,Electrodomesticos y muebles,1,131.4626,-18.6000,1.7403,18.0900,25461.0347,-21.6000,1.9659,18.3500,24298.2257,0,243449.0000,245395.0000
2020-10-01,2020,10,Bogota,9,Articulos y utensilios domesticos,0,113.7521,-18.6000,1.7403,18.0900,25461.0347,-21.6000,1.9659,18.3500,24298.2257,0,243449.0000,245395.0000
2020-10-01,2020,10,Bogota,10,Aseo del hogar,0,142.0923,-18.6000,1.7403,18.0900,25461.0347,-21.6000,1.9659,18.3500,24298.2257,0,243449.0000,245395.0000
2020-10-01,2020,10,Bogota,11,Informatica y telecomunicaciones,0,130.2478,-18.6000,1.7403,18.0900,25461.0347,-21.6000,1.9659,18.3500,24298.2257,0,243449.0000,245395.0000
2020-10-01,2020,10,Bogota,12,Sonido y video,0,115.9323,-18.6000,1.7403,18.0900,25461.0347,-21.6000,1.9659,18.3500,24298.2257,0,243449.0000,245395.0000
2020-10-01,2020,10,Bogota,14,"Ferreteria, vidrios y pinturas",0,110.1695,-18.6000,1.7403,18.0900,25461.0347,-21.6000,1.9659,18.3500,24298.2257,0,243449.0000,245395.0000
2020-10-01,2020,10,Bogota,15,Otras mercancias de uso domestico,0,100.6481,-18.6000,1.7403,18.0900,25461.0347,-21.6000,1.9659,18.3500,24298.2257,0,243449.0000,245395.0000
2020-10-01,2020,10,Cundinamarca,4,Prendas de vestir y textiles,0,101.4867,-18.6000,1.7403,18.0900,25461.0347,-21.6000,1.9659,18.3500,24298.2257,0,64615.0000,61417.0000
2020-10-01,2020,10,Cundinamarca,8,Electrodomesticos y muebles,1,131.5948,-18.6000,1.7403,18.0900,25461.0347,-21.6000,1.9659,18.3500,24298.2257,0,64615.0000,61417.0000
2020-10-01,2020,10,Cundinamarca,9,Articulos y utensilios domesticos,0,138.8456,-18.6000,1.7403,18.0900,25461.0347,-21.6000,1.9659,18.3500,24298.2257,0,64615.0000,61417.0000
2020-10-01,2020,10,Cundinamarca,10,Aseo del hogar,0,142.4529,-18.6000,1.7403,18.0900,25461.0347,-21.6000,1.9659,18.3500,24298.2257,0,64615.0000,61417.0000
2020-10-01,2020,10,Cundinamarca,11,Informatica y telecomunicaciones,0,173.2613,-18.6000,1.7403,18.0900,25461.0347,-21.6000,1.9659,18.3500,24298.2257,0,64615.0000,61417.0000
2020-10-01,2020,10,Cundinamarca,12,Sonido y video,0,130.5291,-18.6000,1.7403,18.0900,25461.0347,-21.6000,1.9659,18.3500,24298.2257,0,64615.0000,61417.0000
2020-10-01,2020,10,Cundinamarca,14,"Ferreteria, vidrios y pinturas",0,133.0522,-18.6000,1.7403,18.0900,25461.0347,-21.6000,1.9659,18.3500,24298.2257,0,64615.0000,61417.0000
2020-10-01,2020,10,Cundinamarca,15,Otras mercancias de uso domestico,0,115.2829,-18.6000,1.7403,18.0900,25461.0347,-21.6000,1.9659,18.3500,24298.2257,0,64615.0000,61417.0000
2020-10-01,2020,10,Santander,4,Prendas de vestir y textiles,0,91.0661,-18.6000,1.7403,18.0900,25461.0347,-21.6000,1.9659,18.3500,24298.2257,0,47667.0000,29223.0000
2020-10-01,2020,10,Santander,8,Electrodomesticos y muebles,1,126.4172,-18.6000,1.7403,18.0900,25461.0347,-21.6000,1.9659,18.3500,24298.2257,0,47667.0000,29223.0000
2020-10-01,2020,10,Santander,9,Articulos y utensilios domesticos,0,100.5945,-18.6000,1.7403,18.0900,25461.0347,-21.6000,1.9659,18.3500,24298.2257,0,47667.0000,29223.0000
2020-10-01,2020,10,Santander,10,Aseo del hogar,0,123.6705,-18.6000,1.7403,18.0900,25461.0347,-21.6000,1.9659,18.3500,24298.2257,0,47667.0000,29223.0000
2020-10-01,2020,10,Santander,11,Informatica y telecomunicaciones,0,137.8158,-18.6000,1.7403,18.0900,25461.0347,-21.6000,1.9659,18.3500,24298.2257,0,47667.0000,29223.0000
2020-10-01,2020,10,Santander,12,Sonido y video,0,103.4814,-18.6000,1.7403,18.0900,25461.0347,-21.6000,1.9659,18.3500,24298.2257,0,47667.0000,29223.0000
2020-10-01,2020,10,Santander,14,"Ferreteria, vidrios y pinturas",0,123.0125,-18.6000,1.7403,18.0900,25461.0347,-21.6000,1.9659,18.3500,24298.2257,0,47667.0000,29223.0000
2020-10-01,2020,10,Santander,15,Otras mercancias de uso domestico,0,117.9076,-18.6000,1.7403,18.0900,25461.0347,-21.6000,1.9659,18.3500,24298.2257,0,47667.0000,29223.0000
2020-10-01,2020,10,Valle del Cauca,4,Prendas de vestir y textiles,0,90.5033,-18.6000,1.7403,18.0900,25461.0347,-21.6000,1.9659,18.3500,24298.2257,0,154098.0000,238704.0000
2020-10-01,2020,10,Valle del Cauca,8,Electrodomesticos y muebles,1,120.9574,-18.6000,1.7403,18.0900,25461.0347,-21.6000,1.9659,18.3500,24298.2257,0,154098.0000,238704.0000
2020-10-01,2020,10,Valle del Cauca,9,Articulos y utensilios domesticos,0,124.0874,-18.6000,1.7403,18.0900,25461.0347,-21.6000,1.9659,18.3500,24298.2257,0,154098.0000,238704.0000
2020-10-01,2020,10,Valle del Cauca,10,Aseo del hogar,0,133.0548,-18.6000,1.7403,18.0900,25461.0347,-21.6000,1.9659,18.3500,24298.2257,0,154098.0000,238704.0000
2020-10-01,2020,10,Valle del Cauca,11,Informatica y telecomunicaciones,0,117.6987,-18.6000,1.7403,18.0900,25461.0347,-21.6000,1.9659,18.3500,24298.2257,0,154098.0000,238704.0000
2020-10-01,2020,10,Valle del Cauca,12,Sonido y video,0,115.6644,-18.6000,1.7403,18.0900,25461.0347,-21.6000,1.9659,18.3500,24298.2257,0,154098.0000,238704.0000
2020-10-01,2020,10,Valle del Cauca,14,"Ferreteria, vidrios y pinturas",0,115.4318,-18.6000,1.7403,18.0900,25461.0347,-21.6000,1.9659,18.3500,24298.2257,0,154098.0000,238704.0000
2020-10-01,2020,10,Valle del Cauca,15,Otras mercancias de uso domestico,0,111.4915,-18.6000,1.7403,18.0900,25461.0347,-21.6000,1.9659,18.3500,24298.2257,0,154098.0000,238704.0000
2020-10-01,2020,10,Otros departamentos,4,Prendas de vestir y textiles,0,78.7507,-18.6000,1.7403,18.0900,25461.0347,-21.6000,1.9659,18.3500,24298.2257,0,503672.0000,693446.0000
2020-10-01,2020,10,Otros departamentos,8,Electrodomesticos y muebles,1,105.6922,-18.6000,1.7403,18.0900,25461.0347,-21.6000,1.9659,18.3500,24298.2257,0,503672.0000,693446.0000
2020-10-01,2020,10,Otros departamentos,9,Articulos y utensilios domesticos,0,113.4935,-18.6000,1.7403,18.0900,25461.0347,-21.6000,1.9659,18.3500,24298.2257,0,503672.0000,693446.0000
2020-10-01,2020,10,Otros departamentos,10,Aseo del hogar,0,126.2442,-18.6000,1.7403,18.0900,25461.0347,-21.6000,1.9659,18.3500,24298.2257,0,503672.0000,693446.0000
2020-10-01,2020,10,Otros departamentos,11,Informatica y telecomunicaciones,0,119.0536,-18.6000,1.7403,18.0900,25461.0347,-21.6000,1.9659,18.3500,24298.2257,0,503672.0000,693446.0000
2020-10-01,2020,10,Otros departamentos,12,Sonido y video,0,127.6629,-18.6000,1.7403,18.0900,25461.0347,-21.6000,1.9659,18.3500,24298.2257,0,503672.0000,693446.0000
2020-10-01,2020,10,Otros departamentos,14,"Ferreteria, vidrios y pinturas",0,113.7939,-18.6000,1.7403,18.0900,25461.0347,-21.6000,1.9659,18.3500,24298.2257,0,503672.0000,693446.0000
2020-10-01,2020,10,Otros departamentos,15,Otras mercancias de uso domestico,0,95.5112,-18.6000,1.7403,18.0900,25461.0347,-21.6000,1.9659,18.3500,24298.2257,0,503672.0000,693446.0000
2020-11-01,2020,11,Antioquia,4,Prendas de vestir y textiles,0,138.2478,-13.6000,1.4873,17.8400,28967.3042,-18.6000,1.7403,18.0900,25461.0347,0,184990.0000,254552.0000
2020-11-01,2020,11,Antioquia,8,Electrodomesticos y muebles,1,173.1433,-13.6000,1.4873,17.8400,28967.3042,-18.6000,1.7403,18.0900,25461.0347,0,184990.0000,254552.0000
2020-11-01,2020,11,Antioquia,9,Articulos y utensilios domesticos,0,140.0144,-13.6000,1.4873,17.8400,28967.3042,-18.6000,1.7403,18.0900,25461.0347,0,184990.0000,254552.0000
2020-11-01,2020,11,Antioquia,10,Aseo del hogar,0,127.7493,-13.6000,1.4873,17.8400,28967.3042,-18.6000,1.7403,18.0900,25461.0347,0,184990.0000,254552.0000
2020-11-01,2020,11,Antioquia,11,Informatica y telecomunicaciones,0,193.9086,-13.6000,1.4873,17.8400,28967.3042,-18.6000,1.7403,18.0900,25461.0347,0,184990.0000,254552.0000
2020-11-01,2020,11,Antioquia,12,Sonido y video,0,213.1910,-13.6000,1.4873,17.8400,28967.3042,-18.6000,1.7403,18.0900,25461.0347,0,184990.0000,254552.0000
2020-11-01,2020,11,Antioquia,14,"Ferreteria, vidrios y pinturas",0,120.1339,-13.6000,1.4873,17.8400,28967.3042,-18.6000,1.7403,18.0900,25461.0347,0,184990.0000,254552.0000
2020-11-01,2020,11,Antioquia,15,Otras mercancias de uso domestico,0,117.3878,-13.6000,1.4873,17.8400,28967.3042,-18.6000,1.7403,18.0900,25461.0347,0,184990.0000,254552.0000
2020-11-01,2020,11,Atlantico,4,Prendas de vestir y textiles,0,129.5918,-13.6000,1.4873,17.8400,28967.3042,-18.6000,1.7403,18.0900,25461.0347,0,48620.0000,127397.0000
2020-11-01,2020,11,Atlantico,8,Electrodomesticos y muebles,1,155.7115,-13.6000,1.4873,17.8400,28967.3042,-18.6000,1.7403,18.0900,25461.0347,0,48620.0000,127397.0000
2020-11-01,2020,11,Atlantico,9,Articulos y utensilios domesticos,0,140.0834,-13.6000,1.4873,17.8400,28967.3042,-18.6000,1.7403,18.0900,25461.0347,0,48620.0000,127397.0000
2020-11-01,2020,11,Atlantico,10,Aseo del hogar,0,121.6030,-13.6000,1.4873,17.8400,28967.3042,-18.6000,1.7403,18.0900,25461.0347,0,48620.0000,127397.0000
2020-11-01,2020,11,Atlantico,11,Informatica y telecomunicaciones,0,171.2491,-13.6000,1.4873,17.8400,28967.3042,-18.6000,1.7403,18.0900,25461.0347,0,48620.0000,127397.0000
2020-11-01,2020,11,Atlantico,12,Sonido y video,0,193.1016,-13.6000,1.4873,17.8400,28967.3042,-18.6000,1.7403,18.0900,25461.0347,0,48620.0000,127397.0000
2020-11-01,2020,11,Atlantico,14,"Ferreteria, vidrios y pinturas",0,134.4623,-13.6000,1.4873,17.8400,28967.3042,-18.6000,1.7403,18.0900,25461.0347,0,48620.0000,127397.0000
2020-11-01,2020,11,Atlantico,15,Otras mercancias de uso domestico,0,131.1396,-13.6000,1.4873,17.8400,28967.3042,-18.6000,1.7403,18.0900,25461.0347,0,48620.0000,127397.0000
2020-11-01,2020,11,Bogota,4,Prendas de vestir y textiles,0,137.5533,-13.6000,1.4873,17.8400,28967.3042,-18.6000,1.7403,18.0900,25461.0347,0,197129.0000,243449.0000
2020-11-01,2020,11,Bogota,8,Electrodomesticos y muebles,1,193.5970,-13.6000,1.4873,17.8400,28967.3042,-18.6000,1.7403,18.0900,25461.0347,0,197129.0000,243449.0000
2020-11-01,2020,11,Bogota,9,Articulos y utensilios domesticos,0,140.8342,-13.6000,1.4873,17.8400,28967.3042,-18.6000,1.7403,18.0900,25461.0347,0,197129.0000,243449.0000
2020-11-01,2020,11,Bogota,10,Aseo del hogar,0,147.7114,-13.6000,1.4873,17.8400,28967.3042,-18.6000,1.7403,18.0900,25461.0347,0,197129.0000,243449.0000
2020-11-01,2020,11,Bogota,11,Informatica y telecomunicaciones,0,212.2986,-13.6000,1.4873,17.8400,28967.3042,-18.6000,1.7403,18.0900,25461.0347,0,197129.0000,243449.0000
2020-11-01,2020,11,Bogota,12,Sonido y video,0,238.7705,-13.6000,1.4873,17.8400,28967.3042,-18.6000,1.7403,18.0900,25461.0347,0,197129.0000,243449.0000
2020-11-01,2020,11,Bogota,14,"Ferreteria, vidrios y pinturas",0,133.8613,-13.6000,1.4873,17.8400,28967.3042,-18.6000,1.7403,18.0900,25461.0347,0,197129.0000,243449.0000
2020-11-01,2020,11,Bogota,15,Otras mercancias de uso domestico,0,142.4216,-13.6000,1.4873,17.8400,28967.3042,-18.6000,1.7403,18.0900,25461.0347,0,197129.0000,243449.0000
2020-11-01,2020,11,Cundinamarca,4,Prendas de vestir y textiles,0,150.1574,-13.6000,1.4873,17.8400,28967.3042,-18.6000,1.7403,18.0900,25461.0347,0,216238.0000,64615.0000
2020-11-01,2020,11,Cundinamarca,8,Electrodomesticos y muebles,1,154.9481,-13.6000,1.4873,17.8400,28967.3042,-18.6000,1.7403,18.0900,25461.0347,0,216238.0000,64615.0000
2020-11-01,2020,11,Cundinamarca,9,Articulos y utensilios domesticos,0,149.9319,-13.6000,1.4873,17.8400,28967.3042,-18.6000,1.7403,18.0900,25461.0347,0,216238.0000,64615.0000
2020-11-01,2020,11,Cundinamarca,10,Aseo del hogar,0,130.9840,-13.6000,1.4873,17.8400,28967.3042,-18.6000,1.7403,18.0900,25461.0347,0,216238.0000,64615.0000
2020-11-01,2020,11,Cundinamarca,11,Informatica y telecomunicaciones,0,224.5735,-13.6000,1.4873,17.8400,28967.3042,-18.6000,1.7403,18.0900,25461.0347,0,216238.0000,64615.0000
2020-11-01,2020,11,Cundinamarca,12,Sonido y video,0,235.8009,-13.6000,1.4873,17.8400,28967.3042,-18.6000,1.7403,18.0900,25461.0347,0,216238.0000,64615.0000
2020-11-01,2020,11,Cundinamarca,14,"Ferreteria, vidrios y pinturas",0,138.1758,-13.6000,1.4873,17.8400,28967.3042,-18.6000,1.7403,18.0900,25461.0347,0,216238.0000,64615.0000
2020-11-01,2020,11,Cundinamarca,15,Otras mercancias de uso domestico,0,136.2688,-13.6000,1.4873,17.8400,28967.3042,-18.6000,1.7403,18.0900,25461.0347,0,216238.0000,64615.0000
2020-11-01,2020,11,Santander,4,Prendas de vestir y textiles,0,135.1858,-13.6000,1.4873,17.8400,28967.3042,-18.6000,1.7403,18.0900,25461.0347,0,37435.0000,47667.0000
2020-11-01,2020,11,Santander,8,Electrodomesticos y muebles,1,176.0105,-13.6000,1.4873,17.8400,28967.3042,-18.6000,1.7403,18.0900,25461.0347,0,37435.0000,47667.0000
2020-11-01,2020,11,Santander,9,Articulos y utensilios domesticos,0,113.3949,-13.6000,1.4873,17.8400,28967.3042,-18.6000,1.7403,18.0900,25461.0347,0,37435.0000,47667.0000
2020-11-01,2020,11,Santander,10,Aseo del hogar,0,123.7717,-13.6000,1.4873,17.8400,28967.3042,-18.6000,1.7403,18.0900,25461.0347,0,37435.0000,47667.0000
2020-11-01,2020,11,Santander,11,Informatica y telecomunicaciones,0,184.5722,-13.6000,1.4873,17.8400,28967.3042,-18.6000,1.7403,18.0900,25461.0347,0,37435.0000,47667.0000
2020-11-01,2020,11,Santander,12,Sonido y video,0,196.1395,-13.6000,1.4873,17.8400,28967.3042,-18.6000,1.7403,18.0900,25461.0347,0,37435.0000,47667.0000
2020-11-01,2020,11,Santander,14,"Ferreteria, vidrios y pinturas",0,138.2063,-13.6000,1.4873,17.8400,28967.3042,-18.6000,1.7403,18.0900,25461.0347,0,37435.0000,47667.0000
2020-11-01,2020,11,Santander,15,Otras mercancias de uso domestico,0,139.0249,-13.6000,1.4873,17.8400,28967.3042,-18.6000,1.7403,18.0900,25461.0347,0,37435.0000,47667.0000
2020-11-01,2020,11,Valle del Cauca,4,Prendas de vestir y textiles,0,115.3904,-13.6000,1.4873,17.8400,28967.3042,-18.6000,1.7403,18.0900,25461.0347,0,110826.0000,154098.0000
2020-11-01,2020,11,Valle del Cauca,8,Electrodomesticos y muebles,1,162.2680,-13.6000,1.4873,17.8400,28967.3042,-18.6000,1.7403,18.0900,25461.0347,0,110826.0000,154098.0000
2020-11-01,2020,11,Valle del Cauca,9,Articulos y utensilios domesticos,0,129.6263,-13.6000,1.4873,17.8400,28967.3042,-18.6000,1.7403,18.0900,25461.0347,0,110826.0000,154098.0000
2020-11-01,2020,11,Valle del Cauca,10,Aseo del hogar,0,139.4220,-13.6000,1.4873,17.8400,28967.3042,-18.6000,1.7403,18.0900,25461.0347,0,110826.0000,154098.0000
2020-11-01,2020,11,Valle del Cauca,11,Informatica y telecomunicaciones,0,161.7158,-13.6000,1.4873,17.8400,28967.3042,-18.6000,1.7403,18.0900,25461.0347,0,110826.0000,154098.0000
2020-11-01,2020,11,Valle del Cauca,12,Sonido y video,0,206.5337,-13.6000,1.4873,17.8400,28967.3042,-18.6000,1.7403,18.0900,25461.0347,0,110826.0000,154098.0000
2020-11-01,2020,11,Valle del Cauca,14,"Ferreteria, vidrios y pinturas",0,111.7351,-13.6000,1.4873,17.8400,28967.3042,-18.6000,1.7403,18.0900,25461.0347,0,110826.0000,154098.0000
2020-11-01,2020,11,Valle del Cauca,15,Otras mercancias de uso domestico,0,137.5143,-13.6000,1.4873,17.8400,28967.3042,-18.6000,1.7403,18.0900,25461.0347,0,110826.0000,154098.0000
2020-11-01,2020,11,Otros departamentos,4,Prendas de vestir y textiles,0,102.5472,-13.6000,1.4873,17.8400,28967.3042,-18.6000,1.7403,18.0900,25461.0347,0,638086.0000,503672.0000
2020-11-01,2020,11,Otros departamentos,8,Electrodomesticos y muebles,1,143.8115,-13.6000,1.4873,17.8400,28967.3042,-18.6000,1.7403,18.0900,25461.0347,0,638086.0000,503672.0000
2020-11-01,2020,11,Otros departamentos,9,Articulos y utensilios domesticos,0,122.2787,-13.6000,1.4873,17.8400,28967.3042,-18.6000,1.7403,18.0900,25461.0347,0,638086.0000,503672.0000
2020-11-01,2020,11,Otros departamentos,10,Aseo del hogar,0,121.0335,-13.6000,1.4873,17.8400,28967.3042,-18.6000,1.7403,18.0900,25461.0347,0,638086.0000,503672.0000
2020-11-01,2020,11,Otros departamentos,11,Informatica y telecomunicaciones,0,165.3598,-13.6000,1.4873,17.8400,28967.3042,-18.6000,1.7403,18.0900,25461.0347,0,638086.0000,503672.0000
2020-11-01,2020,11,Otros departamentos,12,Sonido y video,0,209.4652,-13.6000,1.4873,17.8400,28967.3042,-18.6000,1.7403,18.0900,25461.0347,0,638086.0000,503672.0000
2020-11-01,2020,11,Otros departamentos,14,"Ferreteria, vidrios y pinturas",0,121.1898,-13.6000,1.4873,17.8400,28967.3042,-18.6000,1.7403,18.0900,25461.0347,0,638086.0000,503672.0000
2020-11-01,2020,11,Otros departamentos,15,Otras mercancias de uso domestico,0,117.8427,-13.6000,1.4873,17.8400,28967.3042,-18.6000,1.7403,18.0900,25461.0347,0,638086.0000,503672.0000
2020-12-01,2020,12,Antioquia,4,Prendas de vestir y textiles,0,231.6267,-10.4000,1.6185,17.4600,28195.8461,-13.6000,1.4873,17.8400,28967.3042,0,387205.0000,184990.0000
2020-12-01,2020,12,Antioquia,8,Electrodomesticos y muebles,1,135.8051,-10.4000,1.6185,17.4600,28195.8461,-13.6000,1.4873,17.8400,28967.3042,0,387205.0000,184990.0000
2020-12-01,2020,12,Antioquia,9,Articulos y utensilios domesticos,0,150.4356,-10.4000,1.6185,17.4600,28195.8461,-13.6000,1.4873,17.8400,28967.3042,0,387205.0000,184990.0000
2020-12-01,2020,12,Antioquia,10,Aseo del hogar,0,129.6835,-10.4000,1.6185,17.4600,28195.8461,-13.6000,1.4873,17.8400,28967.3042,0,387205.0000,184990.0000
2020-12-01,2020,12,Antioquia,11,Informatica y telecomunicaciones,0,165.4207,-10.4000,1.6185,17.4600,28195.8461,-13.6000,1.4873,17.8400,28967.3042,0,387205.0000,184990.0000
2020-12-01,2020,12,Antioquia,12,Sonido y video,0,129.5093,-10.4000,1.6185,17.4600,28195.8461,-13.6000,1.4873,17.8400,28967.3042,0,387205.0000,184990.0000
2020-12-01,2020,12,Antioquia,14,"Ferreteria, vidrios y pinturas",0,108.9792,-10.4000,1.6185,17.4600,28195.8461,-13.6000,1.4873,17.8400,28967.3042,0,387205.0000,184990.0000
2020-12-01,2020,12,Antioquia,15,Otras mercancias de uso domestico,0,133.7182,-10.4000,1.6185,17.4600,28195.8461,-13.6000,1.4873,17.8400,28967.3042,0,387205.0000,184990.0000
2020-12-01,2020,12,Atlantico,4,Prendas de vestir y textiles,0,231.6542,-10.4000,1.6185,17.4600,28195.8461,-13.6000,1.4873,17.8400,28967.3042,0,97155.0000,48620.0000
2020-12-01,2020,12,Atlantico,8,Electrodomesticos y muebles,1,118.7267,-10.4000,1.6185,17.4600,28195.8461,-13.6000,1.4873,17.8400,28967.3042,0,97155.0000,48620.0000
2020-12-01,2020,12,Atlantico,9,Articulos y utensilios domesticos,0,161.3936,-10.4000,1.6185,17.4600,28195.8461,-13.6000,1.4873,17.8400,28967.3042,0,97155.0000,48620.0000
2020-12-01,2020,12,Atlantico,10,Aseo del hogar,0,141.4039,-10.4000,1.6185,17.4600,28195.8461,-13.6000,1.4873,17.8400,28967.3042,0,97155.0000,48620.0000
2020-12-01,2020,12,Atlantico,11,Informatica y telecomunicaciones,0,176.8672,-10.4000,1.6185,17.4600,28195.8461,-13.6000,1.4873,17.8400,28967.3042,0,97155.0000,48620.0000
2020-12-01,2020,12,Atlantico,12,Sonido y video,0,116.2582,-10.4000,1.6185,17.4600,28195.8461,-13.6000,1.4873,17.8400,28967.3042,0,97155.0000,48620.0000
2020-12-01,2020,12,Atlantico,14,"Ferreteria, vidrios y pinturas",0,115.7152,-10.4000,1.6185,17.4600,28195.8461,-13.6000,1.4873,17.8400,28967.3042,0,97155.0000,48620.0000
2020-12-01,2020,12,Atlantico,15,Otras mercancias de uso domestico,0,168.5081,-10.4000,1.6185,17.4600,28195.8461,-13.6000,1.4873,17.8400,28967.3042,0,97155.0000,48620.0000
2020-12-01,2020,12,Bogota,4,Prendas de vestir y textiles,0,237.7048,-10.4000,1.6185,17.4600,28195.8461,-13.6000,1.4873,17.8400,28967.3042,0,217645.0000,197129.0000
2020-12-01,2020,12,Bogota,8,Electrodomesticos y muebles,1,122.1604,-10.4000,1.6185,17.4600,28195.8461,-13.6000,1.4873,17.8400,28967.3042,0,217645.0000,197129.0000
2020-12-01,2020,12,Bogota,9,Articulos y utensilios domesticos,0,138.6703,-10.4000,1.6185,17.4600,28195.8461,-13.6000,1.4873,17.8400,28967.3042,0,217645.0000,197129.0000
2020-12-01,2020,12,Bogota,10,Aseo del hogar,0,142.0290,-10.4000,1.6185,17.4600,28195.8461,-13.6000,1.4873,17.8400,28967.3042,0,217645.0000,197129.0000
2020-12-01,2020,12,Bogota,11,Informatica y telecomunicaciones,0,177.6236,-10.4000,1.6185,17.4600,28195.8461,-13.6000,1.4873,17.8400,28967.3042,0,217645.0000,197129.0000
2020-12-01,2020,12,Bogota,12,Sonido y video,0,141.4447,-10.4000,1.6185,17.4600,28195.8461,-13.6000,1.4873,17.8400,28967.3042,0,217645.0000,197129.0000
2020-12-01,2020,12,Bogota,14,"Ferreteria, vidrios y pinturas",0,113.5854,-10.4000,1.6185,17.4600,28195.8461,-13.6000,1.4873,17.8400,28967.3042,0,217645.0000,197129.0000
2020-12-01,2020,12,Bogota,15,Otras mercancias de uso domestico,0,159.6592,-10.4000,1.6185,17.4600,28195.8461,-13.6000,1.4873,17.8400,28967.3042,0,217645.0000,197129.0000
2020-12-01,2020,12,Cundinamarca,4,Prendas de vestir y textiles,0,242.1263,-10.4000,1.6185,17.4600,28195.8461,-13.6000,1.4873,17.8400,28967.3042,0,327065.0000,216238.0000
2020-12-01,2020,12,Cundinamarca,8,Electrodomesticos y muebles,1,118.9629,-10.4000,1.6185,17.4600,28195.8461,-13.6000,1.4873,17.8400,28967.3042,0,327065.0000,216238.0000
2020-12-01,2020,12,Cundinamarca,9,Articulos y utensilios domesticos,0,173.5641,-10.4000,1.6185,17.4600,28195.8461,-13.6000,1.4873,17.8400,28967.3042,0,327065.0000,216238.0000
2020-12-01,2020,12,Cundinamarca,10,Aseo del hogar,0,156.8290,-10.4000,1.6185,17.4600,28195.8461,-13.6000,1.4873,17.8400,28967.3042,0,327065.0000,216238.0000
2020-12-01,2020,12,Cundinamarca,11,Informatica y telecomunicaciones,0,191.9424,-10.4000,1.6185,17.4600,28195.8461,-13.6000,1.4873,17.8400,28967.3042,0,327065.0000,216238.0000
2020-12-01,2020,12,Cundinamarca,12,Sonido y video,0,143.9821,-10.4000,1.6185,17.4600,28195.8461,-13.6000,1.4873,17.8400,28967.3042,0,327065.0000,216238.0000
2020-12-01,2020,12,Cundinamarca,14,"Ferreteria, vidrios y pinturas",0,118.6614,-10.4000,1.6185,17.4600,28195.8461,-13.6000,1.4873,17.8400,28967.3042,0,327065.0000,216238.0000
2020-12-01,2020,12,Cundinamarca,15,Otras mercancias de uso domestico,0,162.9562,-10.4000,1.6185,17.4600,28195.8461,-13.6000,1.4873,17.8400,28967.3042,0,327065.0000,216238.0000
2020-12-01,2020,12,Santander,4,Prendas de vestir y textiles,0,239.0972,-10.4000,1.6185,17.4600,28195.8461,-13.6000,1.4873,17.8400,28967.3042,0,69251.0000,37435.0000
2020-12-01,2020,12,Santander,8,Electrodomesticos y muebles,1,120.8555,-10.4000,1.6185,17.4600,28195.8461,-13.6000,1.4873,17.8400,28967.3042,0,69251.0000,37435.0000
2020-12-01,2020,12,Santander,9,Articulos y utensilios domesticos,0,135.2837,-10.4000,1.6185,17.4600,28195.8461,-13.6000,1.4873,17.8400,28967.3042,0,69251.0000,37435.0000
2020-12-01,2020,12,Santander,10,Aseo del hogar,0,137.3777,-10.4000,1.6185,17.4600,28195.8461,-13.6000,1.4873,17.8400,28967.3042,0,69251.0000,37435.0000
2020-12-01,2020,12,Santander,11,Informatica y telecomunicaciones,0,164.7774,-10.4000,1.6185,17.4600,28195.8461,-13.6000,1.4873,17.8400,28967.3042,0,69251.0000,37435.0000
2020-12-01,2020,12,Santander,12,Sonido y video,0,124.4237,-10.4000,1.6185,17.4600,28195.8461,-13.6000,1.4873,17.8400,28967.3042,0,69251.0000,37435.0000
2020-12-01,2020,12,Santander,14,"Ferreteria, vidrios y pinturas",0,102.2254,-10.4000,1.6185,17.4600,28195.8461,-13.6000,1.4873,17.8400,28967.3042,0,69251.0000,37435.0000
2020-12-01,2020,12,Santander,15,Otras mercancias de uso domestico,0,161.5393,-10.4000,1.6185,17.4600,28195.8461,-13.6000,1.4873,17.8400,28967.3042,0,69251.0000,37435.0000
2020-12-01,2020,12,Valle del Cauca,4,Prendas de vestir y textiles,0,193.8023,-10.4000,1.6185,17.4600,28195.8461,-13.6000,1.4873,17.8400,28967.3042,0,247367.0000,110826.0000
2020-12-01,2020,12,Valle del Cauca,8,Electrodomesticos y muebles,1,121.6204,-10.4000,1.6185,17.4600,28195.8461,-13.6000,1.4873,17.8400,28967.3042,0,247367.0000,110826.0000
2020-12-01,2020,12,Valle del Cauca,9,Articulos y utensilios domesticos,0,134.2456,-10.4000,1.6185,17.4600,28195.8461,-13.6000,1.4873,17.8400,28967.3042,0,247367.0000,110826.0000
2020-12-01,2020,12,Valle del Cauca,10,Aseo del hogar,0,134.2784,-10.4000,1.6185,17.4600,28195.8461,-13.6000,1.4873,17.8400,28967.3042,0,247367.0000,110826.0000
2020-12-01,2020,12,Valle del Cauca,11,Informatica y telecomunicaciones,0,157.7069,-10.4000,1.6185,17.4600,28195.8461,-13.6000,1.4873,17.8400,28967.3042,0,247367.0000,110826.0000
2020-12-01,2020,12,Valle del Cauca,12,Sonido y video,0,117.6817,-10.4000,1.6185,17.4600,28195.8461,-13.6000,1.4873,17.8400,28967.3042,0,247367.0000,110826.0000
2020-12-01,2020,12,Valle del Cauca,14,"Ferreteria, vidrios y pinturas",0,95.8241,-10.4000,1.6185,17.4600,28195.8461,-13.6000,1.4873,17.8400,28967.3042,0,247367.0000,110826.0000
2020-12-01,2020,12,Valle del Cauca,15,Otras mercancias de uso domestico,0,154.7240,-10.4000,1.6185,17.4600,28195.8461,-13.6000,1.4873,17.8400,28967.3042,0,247367.0000,110826.0000
2020-12-01,2020,12,Otros departamentos,4,Prendas de vestir y textiles,0,197.6508,-10.4000,1.6185,17.4600,28195.8461,-13.6000,1.4873,17.8400,28967.3042,0,896533.0000,638086.0000
2020-12-01,2020,12,Otros departamentos,8,Electrodomesticos y muebles,1,125.2694,-10.4000,1.6185,17.4600,28195.8461,-13.6000,1.4873,17.8400,28967.3042,0,896533.0000,638086.0000
2020-12-01,2020,12,Otros departamentos,9,Articulos y utensilios domesticos,0,138.2117,-10.4000,1.6185,17.4600,28195.8461,-13.6000,1.4873,17.8400,28967.3042,0,896533.0000,638086.0000
2020-12-01,2020,12,Otros departamentos,10,Aseo del hogar,0,146.8086,-10.4000,1.6185,17.4600,28195.8461,-13.6000,1.4873,17.8400,28967.3042,0,896533.0000,638086.0000
2020-12-01,2020,12,Otros departamentos,11,Informatica y telecomunicaciones,0,173.1327,-10.4000,1.6185,17.4600,28195.8461,-13.6000,1.4873,17.8400,28967.3042,0,896533.0000,638086.0000
2020-12-01,2020,12,Otros departamentos,12,Sonido y video,0,141.3734,-10.4000,1.6185,17.4600,28195.8461,-13.6000,1.4873,17.8400,28967.3042,0,896533.0000,638086.0000
2020-12-01,2020,12,Otros departamentos,14,"Ferreteria, vidrios y pinturas",0,122.1019,-10.4000,1.6185,17.4600,28195.8461,-13.6000,1.4873,17.8400,28967.3042,0,896533.0000,638086.0000
2020-12-01,2020,12,Otros departamentos,15,Otras mercancias de uso domestico,0,166.7578,-10.4000,1.6185,17.4600,28195.8461,-13.6000,1.4873,17.8400,28967.3042,0,896533.0000,638086.0000
2021-01-01,2021,1,Antioquia,4,Prendas de vestir y textiles,0,67.2159,-20.8000,1.6021,17.3200,24386.7469,-10.4000,1.6185,17.4600,28195.8461,0,233458.0000,387205.0000
2021-01-01,2021,1,Antioquia,8,Electrodomesticos y muebles,1,121.7503,-20.8000,1.6021,17.3200,24386.7469,-10.4000,1.6185,17.4600,28195.8461,0,233458.0000,387205.0000
2021-01-01,2021,1,Antioquia,9,Articulos y utensilios domesticos,0,102.8762,-20.8000,1.6021,17.3200,24386.7469,-10.4000,1.6185,17.4600,28195.8461,0,233458.0000,387205.0000
2021-01-01,2021,1,Antioquia,10,Aseo del hogar,0,132.5104,-20.8000,1.6021,17.3200,24386.7469,-10.4000,1.6185,17.4600,28195.8461,0,233458.0000,387205.0000
2021-01-01,2021,1,Antioquia,11,Informatica y telecomunicaciones,0,146.0583,-20.8000,1.6021,17.3200,24386.7469,-10.4000,1.6185,17.4600,28195.8461,0,233458.0000,387205.0000
2021-01-01,2021,1,Antioquia,12,Sonido y video,0,98.6474,-20.8000,1.6021,17.3200,24386.7469,-10.4000,1.6185,17.4600,28195.8461,0,233458.0000,387205.0000
2021-01-01,2021,1,Antioquia,14,"Ferreteria, vidrios y pinturas",0,109.9598,-20.8000,1.6021,17.3200,24386.7469,-10.4000,1.6185,17.4600,28195.8461,0,233458.0000,387205.0000
2021-01-01,2021,1,Antioquia,15,Otras mercancias de uso domestico,0,82.6494,-20.8000,1.6021,17.3200,24386.7469,-10.4000,1.6185,17.4600,28195.8461,0,233458.0000,387205.0000
2021-01-01,2021,1,Atlantico,4,Prendas de vestir y textiles,0,66.9693,-20.8000,1.6021,17.3200,24386.7469,-10.4000,1.6185,17.4600,28195.8461,0,69849.0000,97155.0000
2021-01-01,2021,1,Atlantico,8,Electrodomesticos y muebles,1,127.6920,-20.8000,1.6021,17.3200,24386.7469,-10.4000,1.6185,17.4600,28195.8461,0,69849.0000,97155.0000
2021-01-01,2021,1,Atlantico,9,Articulos y utensilios domesticos,0,110.7062,-20.8000,1.6021,17.3200,24386.7469,-10.4000,1.6185,17.4600,28195.8461,0,69849.0000,97155.0000
2021-01-01,2021,1,Atlantico,10,Aseo del hogar,0,150.9691,-20.8000,1.6021,17.3200,24386.7469,-10.4000,1.6185,17.4600,28195.8461,0,69849.0000,97155.0000
2021-01-01,2021,1,Atlantico,11,Informatica y telecomunicaciones,0,157.5906,-20.8000,1.6021,17.3200,24386.7469,-10.4000,1.6185,17.4600,28195.8461,0,69849.0000,97155.0000
2021-01-01,2021,1,Atlantico,12,Sonido y video,0,90.4405,-20.8000,1.6021,17.3200,24386.7469,-10.4000,1.6185,17.4600,28195.8461,0,69849.0000,97155.0000
2021-01-01,2021,1,Atlantico,14,"Ferreteria, vidrios y pinturas",0,109.9245,-20.8000,1.6021,17.3200,24386.7469,-10.4000,1.6185,17.4600,28195.8461,0,69849.0000,97155.0000
2021-01-01,2021,1,Atlantico,15,Otras mercancias de uso domestico,0,96.7712,-20.8000,1.6021,17.3200,24386.7469,-10.4000,1.6185,17.4600,28195.8461,0,69849.0000,97155.0000
2021-01-01,2021,1,Bogota,4,Prendas de vestir y textiles,0,49.2880,-20.8000,1.6021,17.3200,24386.7469,-10.4000,1.6185,17.4600,28195.8461,0,131799.0000,217645.0000
2021-01-01,2021,1,Bogota,8,Electrodomesticos y muebles,1,85.2003,-20.8000,1.6021,17.3200,24386.7469,-10.4000,1.6185,17.4600,28195.8461,0,131799.0000,217645.0000
2021-01-01,2021,1,Bogota,9,Articulos y utensilios domesticos,0,66.3762,-20.8000,1.6021,17.3200,24386.7469,-10.4000,1.6185,17.4600,28195.8461,0,131799.0000,217645.0000
2021-01-01,2021,1,Bogota,10,Aseo del hogar,0,109.7292,-20.8000,1.6021,17.3200,24386.7469,-10.4000,1.6185,17.4600,28195.8461,0,131799.0000,217645.0000
2021-01-01,2021,1,Bogota,11,Informatica y telecomunicaciones,0,121.2813,-20.8000,1.6021,17.3200,24386.7469,-10.4000,1.6185,17.4600,28195.8461,0,131799.0000,217645.0000
2021-01-01,2021,1,Bogota,12,Sonido y video,0,73.9539,-20.8000,1.6021,17.3200,24386.7469,-10.4000,1.6185,17.4600,28195.8461,0,131799.0000,217645.0000
2021-01-01,2021,1,Bogota,14,"Ferreteria, vidrios y pinturas",0,75.1695,-20.8000,1.6021,17.3200,24386.7469,-10.4000,1.6185,17.4600,28195.8461,0,131799.0000,217645.0000
2021-01-01,2021,1,Bogota,15,Otras mercancias de uso domestico,0,71.1553,-20.8000,1.6021,17.3200,24386.7469,-10.4000,1.6185,17.4600,28195.8461,0,131799.0000,217645.0000
2021-01-01,2021,1,Cundinamarca,4,Prendas de vestir y textiles,0,69.9977,-20.8000,1.6021,17.3200,24386.7469,-10.4000,1.6185,17.4600,28195.8461,0,70138.0000,327065.0000
2021-01-01,2021,1,Cundinamarca,8,Electrodomesticos y muebles,1,108.5933,-20.8000,1.6021,17.3200,24386.7469,-10.4000,1.6185,17.4600,28195.8461,0,70138.0000,327065.0000
2021-01-01,2021,1,Cundinamarca,9,Articulos y utensilios domesticos,0,113.4413,-20.8000,1.6021,17.3200,24386.7469,-10.4000,1.6185,17.4600,28195.8461,0,70138.0000,327065.0000
2021-01-01,2021,1,Cundinamarca,10,Aseo del hogar,0,157.2196,-20.8000,1.6021,17.3200,24386.7469,-10.4000,1.6185,17.4600,28195.8461,0,70138.0000,327065.0000
2021-01-01,2021,1,Cundinamarca,11,Informatica y telecomunicaciones,0,192.5349,-20.8000,1.6021,17.3200,24386.7469,-10.4000,1.6185,17.4600,28195.8461,0,70138.0000,327065.0000
2021-01-01,2021,1,Cundinamarca,12,Sonido y video,0,108.2005,-20.8000,1.6021,17.3200,24386.7469,-10.4000,1.6185,17.4600,28195.8461,0,70138.0000,327065.0000
2021-01-01,2021,1,Cundinamarca,14,"Ferreteria, vidrios y pinturas",0,114.8761,-20.8000,1.6021,17.3200,24386.7469,-10.4000,1.6185,17.4600,28195.8461,0,70138.0000,327065.0000
2021-01-01,2021,1,Cundinamarca,15,Otras mercancias de uso domestico,0,98.6265,-20.8000,1.6021,17.3200,24386.7469,-10.4000,1.6185,17.4600,28195.8461,0,70138.0000,327065.0000
2021-01-01,2021,1,Santander,4,Prendas de vestir y textiles,0,62.9505,-20.8000,1.6021,17.3200,24386.7469,-10.4000,1.6185,17.4600,28195.8461,0,70734.0000,69251.0000
2021-01-01,2021,1,Santander,8,Electrodomesticos y muebles,1,100.1544,-20.8000,1.6021,17.3200,24386.7469,-10.4000,1.6185,17.4600,28195.8461,0,70734.0000,69251.0000
2021-01-01,2021,1,Santander,9,Articulos y utensilios domesticos,0,76.9660,-20.8000,1.6021,17.3200,24386.7469,-10.4000,1.6185,17.4600,28195.8461,0,70734.0000,69251.0000
2021-01-01,2021,1,Santander,10,Aseo del hogar,0,123.6903,-20.8000,1.6021,17.3200,24386.7469,-10.4000,1.6185,17.4600,28195.8461,0,70734.0000,69251.0000
2021-01-01,2021,1,Santander,11,Informatica y telecomunicaciones,0,136.6529,-20.8000,1.6021,17.3200,24386.7469,-10.4000,1.6185,17.4600,28195.8461,0,70734.0000,69251.0000
2021-01-01,2021,1,Santander,12,Sonido y video,0,73.2229,-20.8000,1.6021,17.3200,24386.7469,-10.4000,1.6185,17.4600,28195.8461,0,70734.0000,69251.0000
2021-01-01,2021,1,Santander,14,"Ferreteria, vidrios y pinturas",0,88.2990,-20.8000,1.6021,17.3200,24386.7469,-10.4000,1.6185,17.4600,28195.8461,0,70734.0000,69251.0000
2021-01-01,2021,1,Santander,15,Otras mercancias de uso domestico,0,86.0491,-20.8000,1.6021,17.3200,24386.7469,-10.4000,1.6185,17.4600,28195.8461,0,70734.0000,69251.0000
2021-01-01,2021,1,Valle del Cauca,4,Prendas de vestir y textiles,0,54.1653,-20.8000,1.6021,17.3200,24386.7469,-10.4000,1.6185,17.4600,28195.8461,0,127856.0000,247367.0000
2021-01-01,2021,1,Valle del Cauca,8,Electrodomesticos y muebles,1,102.1651,-20.8000,1.6021,17.3200,24386.7469,-10.4000,1.6185,17.4600,28195.8461,0,127856.0000,247367.0000
2021-01-01,2021,1,Valle del Cauca,9,Articulos y utensilios domesticos,0,82.5944,-20.8000,1.6021,17.3200,24386.7469,-10.4000,1.6185,17.4600,28195.8461,0,127856.0000,247367.0000
2021-01-01,2021,1,Valle del Cauca,10,Aseo del hogar,0,140.6723,-20.8000,1.6021,17.3200,24386.7469,-10.4000,1.6185,17.4600,28195.8461,0,127856.0000,247367.0000
2021-01-01,2021,1,Valle del Cauca,11,Informatica y telecomunicaciones,0,138.0787,-20.8000,1.6021,17.3200,24386.7469,-10.4000,1.6185,17.4600,28195.8461,0,127856.0000,247367.0000
2021-01-01,2021,1,Valle del Cauca,12,Sonido y video,0,76.9809,-20.8000,1.6021,17.3200,24386.7469,-10.4000,1.6185,17.4600,28195.8461,0,127856.0000,247367.0000
2021-01-01,2021,1,Valle del Cauca,14,"Ferreteria, vidrios y pinturas",0,86.9668,-20.8000,1.6021,17.3200,24386.7469,-10.4000,1.6185,17.4600,28195.8461,0,127856.0000,247367.0000
2021-01-01,2021,1,Valle del Cauca,15,Otras mercancias de uso domestico,0,84.6290,-20.8000,1.6021,17.3200,24386.7469,-10.4000,1.6185,17.4600,28195.8461,0,127856.0000,247367.0000
2021-01-01,2021,1,Otros departamentos,4,Prendas de vestir y textiles,0,55.3065,-20.8000,1.6021,17.3200,24386.7469,-10.4000,1.6185,17.4600,28195.8461,0,581553.0000,896533.0000
2021-01-01,2021,1,Otros departamentos,8,Electrodomesticos y muebles,1,107.5877,-20.8000,1.6021,17.3200,24386.7469,-10.4000,1.6185,17.4600,28195.8461,0,581553.0000,896533.0000
2021-01-01,2021,1,Otros departamentos,9,Articulos y utensilios domesticos,0,94.3602,-20.8000,1.6021,17.3200,24386.7469,-10.4000,1.6185,17.4600,28195.8461,0,581553.0000,896533.0000
2021-01-01,2021,1,Otros departamentos,10,Aseo del hogar,0,136.9902,-20.8000,1.6021,17.3200,24386.7469,-10.4000,1.6185,17.4600,28195.8461,0,581553.0000,896533.0000
2021-01-01,2021,1,Otros departamentos,11,Informatica y telecomunicaciones,0,137.7481,-20.8000,1.6021,17.3200,24386.7469,-10.4000,1.6185,17.4600,28195.8461,0,581553.0000,896533.0000
2021-01-01,2021,1,Otros departamentos,12,Sonido y video,0,92.0715,-20.8000,1.6021,17.3200,24386.7469,-10.4000,1.6185,17.4600,28195.8461,0,581553.0000,896533.0000
2021-01-01,2021,1,Otros departamentos,14,"Ferreteria, vidrios y pinturas",0,105.7799,-20.8000,1.6021,17.3200,24386.7469,-10.4000,1.6185,17.4600,28195.8461,0,581553.0000,896533.0000
2021-01-01,2021,1,Otros departamentos,15,Otras mercancias de uso domestico,0,82.6261,-20.8000,1.6021,17.3200,24386.7469,-10.4000,1.6185,17.4600,28195.8461,0,581553.0000,896533.0000
2021-02-01,2021,2,Antioquia,4,Prendas de vestir y textiles,0,71.4319,-14.6000,1.5628,17.5400,30274.5702,-20.8000,1.6021,17.3200,24386.7469,0,329963.0000,233458.0000
2021-02-01,2021,2,Antioquia,8,Electrodomesticos y muebles,1,130.2226,-14.6000,1.5628,17.5400,30274.5702,-20.8000,1.6021,17.3200,24386.7469,0,329963.0000,233458.0000
2021-02-01,2021,2,Antioquia,9,Articulos y utensilios domesticos,0,113.5127,-14.6000,1.5628,17.5400,30274.5702,-20.8000,1.6021,17.3200,24386.7469,0,329963.0000,233458.0000
2021-02-01,2021,2,Antioquia,10,Aseo del hogar,0,137.0451,-14.6000,1.5628,17.5400,30274.5702,-20.8000,1.6021,17.3200,24386.7469,0,329963.0000,233458.0000
2021-02-01,2021,2,Antioquia,11,Informatica y telecomunicaciones,0,191.0100,-14.6000,1.5628,17.5400,30274.5702,-20.8000,1.6021,17.3200,24386.7469,0,329963.0000,233458.0000
2021-02-01,2021,2,Antioquia,12,Sonido y video,0,105.5088,-14.6000,1.5628,17.5400,30274.5702,-20.8000,1.6021,17.3200,24386.7469,0,329963.0000,233458.0000
2021-02-01,2021,2,Antioquia,14,"Ferreteria, vidrios y pinturas",0,138.6382,-14.6000,1.5628,17.5400,30274.5702,-20.8000,1.6021,17.3200,24386.7469,0,329963.0000,233458.0000
2021-02-01,2021,2,Antioquia,15,Otras mercancias de uso domestico,0,89.0929,-14.6000,1.5628,17.5400,30274.5702,-20.8000,1.6021,17.3200,24386.7469,0,329963.0000,233458.0000
2021-02-01,2021,2,Atlantico,4,Prendas de vestir y textiles,0,67.6033,-14.6000,1.5628,17.5400,30274.5702,-20.8000,1.6021,17.3200,24386.7469,0,76720.0000,69849.0000
2021-02-01,2021,2,Atlantico,8,Electrodomesticos y muebles,1,126.4012,-14.6000,1.5628,17.5400,30274.5702,-20.8000,1.6021,17.3200,24386.7469,0,76720.0000,69849.0000
2021-02-01,2021,2,Atlantico,9,Articulos y utensilios domesticos,0,105.1140,-14.6000,1.5628,17.5400,30274.5702,-20.8000,1.6021,17.3200,24386.7469,0,76720.0000,69849.0000
2021-02-01,2021,2,Atlantico,10,Aseo del hogar,0,123.3992,-14.6000,1.5628,17.5400,30274.5702,-20.8000,1.6021,17.3200,24386.7469,0,76720.0000,69849.0000
2021-02-01,2021,2,Atlantico,11,Informatica y telecomunicaciones,0,168.5601,-14.6000,1.5628,17.5400,30274.5702,-20.8000,1.6021,17.3200,24386.7469,0,76720.0000,69849.0000
2021-02-01,2021,2,Atlantico,12,Sonido y video,0,88.5466,-14.6000,1.5628,17.5400,30274.5702,-20.8000,1.6021,17.3200,24386.7469,0,76720.0000,69849.0000
2021-02-01,2021,2,Atlantico,14,"Ferreteria, vidrios y pinturas",0,107.1327,-14.6000,1.5628,17.5400,30274.5702,-20.8000,1.6021,17.3200,24386.7469,0,76720.0000,69849.0000
2021-02-01,2021,2,Atlantico,15,Otras mercancias de uso domestico,0,84.6991,-14.6000,1.5628,17.5400,30274.5702,-20.8000,1.6021,17.3200,24386.7469,0,76720.0000,69849.0000
2021-02-01,2021,2,Bogota,4,Prendas de vestir y textiles,0,71.9678,-14.6000,1.5628,17.5400,30274.5702,-20.8000,1.6021,17.3200,24386.7469,0,305739.0000,131799.0000
2021-02-01,2021,2,Bogota,8,Electrodomesticos y muebles,1,117.5568,-14.6000,1.5628,17.5400,30274.5702,-20.8000,1.6021,17.3200,24386.7469,0,305739.0000,131799.0000
2021-02-01,2021,2,Bogota,9,Articulos y utensilios domesticos,0,90.3750,-14.6000,1.5628,17.5400,30274.5702,-20.8000,1.6021,17.3200,24386.7469,0,305739.0000,131799.0000
2021-02-01,2021,2,Bogota,10,Aseo del hogar,0,117.7918,-14.6000,1.5628,17.5400,30274.5702,-20.8000,1.6021,17.3200,24386.7469,0,305739.0000,131799.0000
2021-02-01,2021,2,Bogota,11,Informatica y telecomunicaciones,0,176.7359,-14.6000,1.5628,17.5400,30274.5702,-20.8000,1.6021,17.3200,24386.7469,0,305739.0000,131799.0000
2021-02-01,2021,2,Bogota,12,Sonido y video,0,92.1591,-14.6000,1.5628,17.5400,30274.5702,-20.8000,1.6021,17.3200,24386.7469,0,305739.0000,131799.0000
2021-02-01,2021,2,Bogota,14,"Ferreteria, vidrios y pinturas",0,114.2312,-14.6000,1.5628,17.5400,30274.5702,-20.8000,1.6021,17.3200,24386.7469,0,305739.0000,131799.0000
2021-02-01,2021,2,Bogota,15,Otras mercancias de uso domestico,0,93.4862,-14.6000,1.5628,17.5400,30274.5702,-20.8000,1.6021,17.3200,24386.7469,0,305739.0000,131799.0000
2021-02-01,2021,2,Cundinamarca,4,Prendas de vestir y textiles,0,81.3607,-14.6000,1.5628,17.5400,30274.5702,-20.8000,1.6021,17.3200,24386.7469,0,77456.0000,70138.0000
2021-02-01,2021,2,Cundinamarca,8,Electrodomesticos y muebles,1,126.2239,-14.6000,1.5628,17.5400,30274.5702,-20.8000,1.6021,17.3200,24386.7469,0,77456.0000,70138.0000
2021-02-01,2021,2,Cundinamarca,9,Articulos y utensilios domesticos,0,130.2177,-14.6000,1.5628,17.5400,30274.5702,-20.8000,1.6021,17.3200,24386.7469,0,77456.0000,70138.0000
2021-02-01,2021,2,Cundinamarca,10,Aseo del hogar,0,144.8909,-14.6000,1.5628,17.5400,30274.5702,-20.8000,1.6021,17.3200,24386.7469,0,77456.0000,70138.0000
2021-02-01,2021,2,Cundinamarca,11,Informatica y telecomunicaciones,0,222.2157,-14.6000,1.5628,17.5400,30274.5702,-20.8000,1.6021,17.3200,24386.7469,0,77456.0000,70138.0000
2021-02-01,2021,2,Cundinamarca,12,Sonido y video,0,114.2692,-14.6000,1.5628,17.5400,30274.5702,-20.8000,1.6021,17.3200,24386.7469,0,77456.0000,70138.0000
2021-02-01,2021,2,Cundinamarca,14,"Ferreteria, vidrios y pinturas",0,133.8438,-14.6000,1.5628,17.5400,30274.5702,-20.8000,1.6021,17.3200,24386.7469,0,77456.0000,70138.0000
2021-02-01,2021,2,Cundinamarca,15,Otras mercancias de uso domestico,0,101.3119,-14.6000,1.5628,17.5400,30274.5702,-20.8000,1.6021,17.3200,24386.7469,0,77456.0000,70138.0000
2021-02-01,2021,2,Santander,4,Prendas de vestir y textiles,0,71.7202,-14.6000,1.5628,17.5400,30274.5702,-20.8000,1.6021,17.3200,24386.7469,0,48252.0000,70734.0000
2021-02-01,2021,2,Santander,8,Electrodomesticos y muebles,1,93.8804,-14.6000,1.5628,17.5400,30274.5702,-20.8000,1.6021,17.3200,24386.7469,0,48252.0000,70734.0000
2021-02-01,2021,2,Santander,9,Articulos y utensilios domesticos,0,88.7822,-14.6000,1.5628,17.5400,30274.5702,-20.8000,1.6021,17.3200,24386.7469,0,48252.0000,70734.0000
2021-02-01,2021,2,Santander,10,Aseo del hogar,0,110.7076,-14.6000,1.5628,17.5400,30274.5702,-20.8000,1.6021,17.3200,24386.7469,0,48252.0000,70734.0000
2021-02-01,2021,2,Santander,11,Informatica y telecomunicaciones,0,177.1116,-14.6000,1.5628,17.5400,30274.5702,-20.8000,1.6021,17.3200,24386.7469,0,48252.0000,70734.0000
2021-02-01,2021,2,Santander,12,Sonido y video,0,86.2050,-14.6000,1.5628,17.5400,30274.5702,-20.8000,1.6021,17.3200,24386.7469,0,48252.0000,70734.0000
2021-02-01,2021,2,Santander,14,"Ferreteria, vidrios y pinturas",0,92.9559,-14.6000,1.5628,17.5400,30274.5702,-20.8000,1.6021,17.3200,24386.7469,0,48252.0000,70734.0000
2021-02-01,2021,2,Santander,15,Otras mercancias de uso domestico,0,91.8666,-14.6000,1.5628,17.5400,30274.5702,-20.8000,1.6021,17.3200,24386.7469,0,48252.0000,70734.0000
2021-02-01,2021,2,Valle del Cauca,4,Prendas de vestir y textiles,0,60.2819,-14.6000,1.5628,17.5400,30274.5702,-20.8000,1.6021,17.3200,24386.7469,0,126566.0000,127856.0000
2021-02-01,2021,2,Valle del Cauca,8,Electrodomesticos y muebles,1,107.1929,-14.6000,1.5628,17.5400,30274.5702,-20.8000,1.6021,17.3200,24386.7469,0,126566.0000,127856.0000
2021-02-01,2021,2,Valle del Cauca,9,Articulos y utensilios domesticos,0,97.9938,-14.6000,1.5628,17.5400,30274.5702,-20.8000,1.6021,17.3200,24386.7469,0,126566.0000,127856.0000
2021-02-01,2021,2,Valle del Cauca,10,Aseo del hogar,0,126.0418,-14.6000,1.5628,17.5400,30274.5702,-20.8000,1.6021,17.3200,24386.7469,0,126566.0000,127856.0000
2021-02-01,2021,2,Valle del Cauca,11,Informatica y telecomunicaciones,0,161.4850,-14.6000,1.5628,17.5400,30274.5702,-20.8000,1.6021,17.3200,24386.7469,0,126566.0000,127856.0000
2021-02-01,2021,2,Valle del Cauca,12,Sonido y video,0,88.9771,-14.6000,1.5628,17.5400,30274.5702,-20.8000,1.6021,17.3200,24386.7469,0,126566.0000,127856.0000
2021-02-01,2021,2,Valle del Cauca,14,"Ferreteria, vidrios y pinturas",0,109.4519,-14.6000,1.5628,17.5400,30274.5702,-20.8000,1.6021,17.3200,24386.7469,0,126566.0000,127856.0000
2021-02-01,2021,2,Valle del Cauca,15,Otras mercancias de uso domestico,0,94.0268,-14.6000,1.5628,17.5400,30274.5702,-20.8000,1.6021,17.3200,24386.7469,0,126566.0000,127856.0000
2021-02-01,2021,2,Otros departamentos,4,Prendas de vestir y textiles,0,59.9664,-14.6000,1.5628,17.5400,30274.5702,-20.8000,1.6021,17.3200,24386.7469,0,865696.0000,581553.0000
2021-02-01,2021,2,Otros departamentos,8,Electrodomesticos y muebles,1,110.8599,-14.6000,1.5628,17.5400,30274.5702,-20.8000,1.6021,17.3200,24386.7469,0,865696.0000,581553.0000
2021-02-01,2021,2,Otros departamentos,9,Articulos y utensilios domesticos,0,101.2045,-14.6000,1.5628,17.5400,30274.5702,-20.8000,1.6021,17.3200,24386.7469,0,865696.0000,581553.0000
2021-02-01,2021,2,Otros departamentos,10,Aseo del hogar,0,130.8385,-14.6000,1.5628,17.5400,30274.5702,-20.8000,1.6021,17.3200,24386.7469,0,865696.0000,581553.0000
2021-02-01,2021,2,Otros departamentos,11,Informatica y telecomunicaciones,0,141.5204,-14.6000,1.5628,17.5400,30274.5702,-20.8000,1.6021,17.3200,24386.7469,0,865696.0000,581553.0000
2021-02-01,2021,2,Otros departamentos,12,Sonido y video,0,85.3463,-14.6000,1.5628,17.5400,30274.5702,-20.8000,1.6021,17.3200,24386.7469,0,865696.0000,581553.0000
2021-02-01,2021,2,Otros departamentos,14,"Ferreteria, vidrios y pinturas",0,111.7390,-14.6000,1.5628,17.5400,30274.5702,-20.8000,1.6021,17.3200,24386.7469,0,865696.0000,581553.0000
2021-02-01,2021,2,Otros departamentos,15,Otras mercancias de uso domestico,0,77.5022,-14.6000,1.5628,17.5400,30274.5702,-20.8000,1.6021,17.3200,24386.7469,0,865696.0000,581553.0000
2021-03-01,2021,3,Antioquia,4,Prendas de vestir y textiles,0,81.8257,-11.4000,1.5067,17.4100,28504.5356,-14.6000,1.5628,17.5400,30274.5702,0,257491.0000,329963.0000
2021-03-01,2021,3,Antioquia,8,Electrodomesticos y muebles,1,133.6426,-11.4000,1.5067,17.4100,28504.5356,-14.6000,1.5628,17.5400,30274.5702,0,257491.0000,329963.0000
2021-03-01,2021,3,Antioquia,9,Articulos y utensilios domesticos,0,119.1524,-11.4000,1.5067,17.4100,28504.5356,-14.6000,1.5628,17.5400,30274.5702,0,257491.0000,329963.0000
2021-03-01,2021,3,Antioquia,10,Aseo del hogar,0,138.4605,-11.4000,1.5067,17.4100,28504.5356,-14.6000,1.5628,17.5400,30274.5702,0,257491.0000,329963.0000
2021-03-01,2021,3,Antioquia,11,Informatica y telecomunicaciones,0,151.7170,-11.4000,1.5067,17.4100,28504.5356,-14.6000,1.5628,17.5400,30274.5702,0,257491.0000,329963.0000
2021-03-01,2021,3,Antioquia,12,Sonido y video,0,116.4215,-11.4000,1.5067,17.4100,28504.5356,-14.6000,1.5628,17.5400,30274.5702,0,257491.0000,329963.0000
2021-03-01,2021,3,Antioquia,14,"Ferreteria, vidrios y pinturas",0,136.8246,-11.4000,1.5067,17.4100,28504.5356,-14.6000,1.5628,17.5400,30274.5702,0,257491.0000,329963.0000
2021-03-01,2021,3,Antioquia,15,Otras mercancias de uso domestico,0,97.9110,-11.4000,1.5067,17.4100,28504.5356,-14.6000,1.5628,17.5400,30274.5702,0,257491.0000,329963.0000
2021-03-01,2021,3,Atlantico,4,Prendas de vestir y textiles,0,77.7462,-11.4000,1.5067,17.4100,28504.5356,-14.6000,1.5628,17.5400,30274.5702,0,146645.0000,76720.0000
2021-03-01,2021,3,Atlantico,8,Electrodomesticos y muebles,1,116.1360,-11.4000,1.5067,17.4100,28504.5356,-14.6000,1.5628,17.5400,30274.5702,0,146645.0000,76720.0000
2021-03-01,2021,3,Atlantico,9,Articulos y utensilios domesticos,0,117.3100,-11.4000,1.5067,17.4100,28504.5356,-14.6000,1.5628,17.5400,30274.5702,0,146645.0000,76720.0000
2021-03-01,2021,3,Atlantico,10,Aseo del hogar,0,122.3209,-11.4000,1.5067,17.4100,28504.5356,-14.6000,1.5628,17.5400,30274.5702,0,146645.0000,76720.0000
2021-03-01,2021,3,Atlantico,11,Informatica y telecomunicaciones,0,141.2212,-11.4000,1.5067,17.4100,28504.5356,-14.6000,1.5628,17.5400,30274.5702,0,146645.0000,76720.0000
2021-03-01,2021,3,Atlantico,12,Sonido y video,0,106.2983,-11.4000,1.5067,17.4100,28504.5356,-14.6000,1.5628,17.5400,30274.5702,0,146645.0000,76720.0000
2021-03-01,2021,3,Atlantico,14,"Ferreteria, vidrios y pinturas",0,124.3106,-11.4000,1.5067,17.4100,28504.5356,-14.6000,1.5628,17.5400,30274.5702,0,146645.0000,76720.0000
2021-03-01,2021,3,Atlantico,15,Otras mercancias de uso domestico,0,87.7280,-11.4000,1.5067,17.4100,28504.5356,-14.6000,1.5628,17.5400,30274.5702,0,146645.0000,76720.0000
2021-03-01,2021,3,Bogota,4,Prendas de vestir y textiles,0,84.1967,-11.4000,1.5067,17.4100,28504.5356,-14.6000,1.5628,17.5400,30274.5702,0,204802.0000,305739.0000
2021-03-01,2021,3,Bogota,8,Electrodomesticos y muebles,1,121.7134,-11.4000,1.5067,17.4100,28504.5356,-14.6000,1.5628,17.5400,30274.5702,0,204802.0000,305739.0000
2021-03-01,2021,3,Bogota,9,Articulos y utensilios domesticos,0,106.8457,-11.4000,1.5067,17.4100,28504.5356,-14.6000,1.5628,17.5400,30274.5702,0,204802.0000,305739.0000
2021-03-01,2021,3,Bogota,10,Aseo del hogar,0,139.3054,-11.4000,1.5067,17.4100,28504.5356,-14.6000,1.5628,17.5400,30274.5702,0,204802.0000,305739.0000
2021-03-01,2021,3,Bogota,11,Informatica y telecomunicaciones,0,156.6399,-11.4000,1.5067,17.4100,28504.5356,-14.6000,1.5628,17.5400,30274.5702,0,204802.0000,305739.0000
2021-03-01,2021,3,Bogota,12,Sonido y video,0,105.1510,-11.4000,1.5067,17.4100,28504.5356,-14.6000,1.5628,17.5400,30274.5702,0,204802.0000,305739.0000
2021-03-01,2021,3,Bogota,14,"Ferreteria, vidrios y pinturas",0,125.5420,-11.4000,1.5067,17.4100,28504.5356,-14.6000,1.5628,17.5400,30274.5702,0,204802.0000,305739.0000
2021-03-01,2021,3,Bogota,15,Otras mercancias de uso domestico,0,104.4142,-11.4000,1.5067,17.4100,28504.5356,-14.6000,1.5628,17.5400,30274.5702,0,204802.0000,305739.0000
2021-03-01,2021,3,Cundinamarca,4,Prendas de vestir y textiles,0,99.6254,-11.4000,1.5067,17.4100,28504.5356,-14.6000,1.5628,17.5400,30274.5702,0,119459.0000,77456.0000
2021-03-01,2021,3,Cundinamarca,8,Electrodomesticos y muebles,1,128.5661,-11.4000,1.5067,17.4100,28504.5356,-14.6000,1.5628,17.5400,30274.5702,0,119459.0000,77456.0000
2021-03-01,2021,3,Cundinamarca,9,Articulos y utensilios domesticos,0,131.8042,-11.4000,1.5067,17.4100,28504.5356,-14.6000,1.5628,17.5400,30274.5702,0,119459.0000,77456.0000
2021-03-01,2021,3,Cundinamarca,10,Aseo del hogar,0,157.4758,-11.4000,1.5067,17.4100,28504.5356,-14.6000,1.5628,17.5400,30274.5702,0,119459.0000,77456.0000
2021-03-01,2021,3,Cundinamarca,11,Informatica y telecomunicaciones,0,154.4645,-11.4000,1.5067,17.4100,28504.5356,-14.6000,1.5628,17.5400,30274.5702,0,119459.0000,77456.0000
2021-03-01,2021,3,Cundinamarca,12,Sonido y video,0,129.6400,-11.4000,1.5067,17.4100,28504.5356,-14.6000,1.5628,17.5400,30274.5702,0,119459.0000,77456.0000
2021-03-01,2021,3,Cundinamarca,14,"Ferreteria, vidrios y pinturas",0,148.9358,-11.4000,1.5067,17.4100,28504.5356,-14.6000,1.5628,17.5400,30274.5702,0,119459.0000,77456.0000
2021-03-01,2021,3,Cundinamarca,15,Otras mercancias de uso domestico,0,117.3557,-11.4000,1.5067,17.4100,28504.5356,-14.6000,1.5628,17.5400,30274.5702,0,119459.0000,77456.0000
2021-03-01,2021,3,Santander,4,Prendas de vestir y textiles,0,77.7276,-11.4000,1.5067,17.4100,28504.5356,-14.6000,1.5628,17.5400,30274.5702,0,71728.0000,48252.0000
2021-03-01,2021,3,Santander,8,Electrodomesticos y muebles,1,102.0115,-11.4000,1.5067,17.4100,28504.5356,-14.6000,1.5628,17.5400,30274.5702,0,71728.0000,48252.0000
2021-03-01,2021,3,Santander,9,Articulos y utensilios domesticos,0,105.2948,-11.4000,1.5067,17.4100,28504.5356,-14.6000,1.5628,17.5400,30274.5702,0,71728.0000,48252.0000
2021-03-01,2021,3,Santander,10,Aseo del hogar,0,116.1134,-11.4000,1.5067,17.4100,28504.5356,-14.6000,1.5628,17.5400,30274.5702,0,71728.0000,48252.0000
2021-03-01,2021,3,Santander,11,Informatica y telecomunicaciones,0,127.0973,-11.4000,1.5067,17.4100,28504.5356,-14.6000,1.5628,17.5400,30274.5702,0,71728.0000,48252.0000
2021-03-01,2021,3,Santander,12,Sonido y video,0,98.5923,-11.4000,1.5067,17.4100,28504.5356,-14.6000,1.5628,17.5400,30274.5702,0,71728.0000,48252.0000
2021-03-01,2021,3,Santander,14,"Ferreteria, vidrios y pinturas",0,106.2041,-11.4000,1.5067,17.4100,28504.5356,-14.6000,1.5628,17.5400,30274.5702,0,71728.0000,48252.0000
2021-03-01,2021,3,Santander,15,Otras mercancias de uso domestico,0,104.3374,-11.4000,1.5067,17.4100,28504.5356,-14.6000,1.5628,17.5400,30274.5702,0,71728.0000,48252.0000
2021-03-01,2021,3,Valle del Cauca,4,Prendas de vestir y textiles,0,77.0833,-11.4000,1.5067,17.4100,28504.5356,-14.6000,1.5628,17.5400,30274.5702,0,176497.0000,126566.0000
2021-03-01,2021,3,Valle del Cauca,8,Electrodomesticos y muebles,1,126.1028,-11.4000,1.5067,17.4100,28504.5356,-14.6000,1.5628,17.5400,30274.5702,0,176497.0000,126566.0000
2021-03-01,2021,3,Valle del Cauca,9,Articulos y utensilios domesticos,0,107.6037,-11.4000,1.5067,17.4100,28504.5356,-14.6000,1.5628,17.5400,30274.5702,0,176497.0000,126566.0000
2021-03-01,2021,3,Valle del Cauca,10,Aseo del hogar,0,125.3393,-11.4000,1.5067,17.4100,28504.5356,-14.6000,1.5628,17.5400,30274.5702,0,176497.0000,126566.0000
2021-03-01,2021,3,Valle del Cauca,11,Informatica y telecomunicaciones,0,128.5777,-11.4000,1.5067,17.4100,28504.5356,-14.6000,1.5628,17.5400,30274.5702,0,176497.0000,126566.0000
2021-03-01,2021,3,Valle del Cauca,12,Sonido y video,0,103.9366,-11.4000,1.5067,17.4100,28504.5356,-14.6000,1.5628,17.5400,30274.5702,0,176497.0000,126566.0000
2021-03-01,2021,3,Valle del Cauca,14,"Ferreteria, vidrios y pinturas",0,113.2300,-11.4000,1.5067,17.4100,28504.5356,-14.6000,1.5628,17.5400,30274.5702,0,176497.0000,126566.0000
2021-03-01,2021,3,Valle del Cauca,15,Otras mercancias de uso domestico,0,107.7912,-11.4000,1.5067,17.4100,28504.5356,-14.6000,1.5628,17.5400,30274.5702,0,176497.0000,126566.0000
2021-03-01,2021,3,Otros departamentos,4,Prendas de vestir y textiles,0,80.8729,-11.4000,1.5067,17.4100,28504.5356,-14.6000,1.5628,17.5400,30274.5702,0,821718.0000,865696.0000
2021-03-01,2021,3,Otros departamentos,8,Electrodomesticos y muebles,1,123.6993,-11.4000,1.5067,17.4100,28504.5356,-14.6000,1.5628,17.5400,30274.5702,0,821718.0000,865696.0000
2021-03-01,2021,3,Otros departamentos,9,Articulos y utensilios domesticos,0,123.1785,-11.4000,1.5067,17.4100,28504.5356,-14.6000,1.5628,17.5400,30274.5702,0,821718.0000,865696.0000
2021-03-01,2021,3,Otros departamentos,10,Aseo del hogar,0,139.9069,-11.4000,1.5067,17.4100,28504.5356,-14.6000,1.5628,17.5400,30274.5702,0,821718.0000,865696.0000
2021-03-01,2021,3,Otros departamentos,11,Informatica y telecomunicaciones,0,131.1774,-11.4000,1.5067,17.4100,28504.5356,-14.6000,1.5628,17.5400,30274.5702,0,821718.0000,865696.0000
2021-03-01,2021,3,Otros departamentos,12,Sonido y video,0,99.2111,-11.4000,1.5067,17.4100,28504.5356,-14.6000,1.5628,17.5400,30274.5702,0,821718.0000,865696.0000
2021-03-01,2021,3,Otros departamentos,14,"Ferreteria, vidrios y pinturas",0,125.9430,-11.4000,1.5067,17.4100,28504.5356,-14.6000,1.5628,17.5400,30274.5702,0,821718.0000,865696.0000
2021-03-01,2021,3,Otros departamentos,15,Otras mercancias de uso domestico,0,93.2978,-11.4000,1.5067,17.4100,28504.5356,-14.6000,1.5628,17.5400,30274.5702,0,821718.0000,865696.0000
2021-04-01,2021,4,Antioquia,4,Prendas de vestir y textiles,0,52.8887,-34.2000,1.9489,17.3100,29445.1393,-11.4000,1.5067,17.4100,28504.5356,0,243307.0000,257491.0000
2021-04-01,2021,4,Antioquia,8,Electrodomesticos y muebles,1,95.5180,-34.2000,1.9489,17.3100,29445.1393,-11.4000,1.5067,17.4100,28504.5356,0,243307.0000,257491.0000
2021-04-01,2021,4,Antioquia,9,Articulos y utensilios domesticos,0,64.8794,-34.2000,1.9489,17.3100,29445.1393,-11.4000,1.5067,17.4100,28504.5356,0,243307.0000,257491.0000
2021-04-01,2021,4,Antioquia,10,Aseo del hogar,0,120.6460,-34.2000,1.9489,17.3100,29445.1393,-11.4000,1.5067,17.4100,28504.5356,0,243307.0000,257491.0000
2021-04-01,2021,4,Antioquia,11,Informatica y telecomunicaciones,0,106.8496,-34.2000,1.9489,17.3100,29445.1393,-11.4000,1.5067,17.4100,28504.5356,0,243307.0000,257491.0000
2021-04-01,2021,4,Antioquia,12,Sonido y video,0,76.5192,-34.2000,1.9489,17.3100,29445.1393,-11.4000,1.5067,17.4100,28504.5356,0,243307.0000,257491.0000
2021-04-01,2021,4,Antioquia,14,"Ferreteria, vidrios y pinturas",0,118.9335,-34.2000,1.9489,17.3100,29445.1393,-11.4000,1.5067,17.4100,28504.5356,0,243307.0000,257491.0000
2021-04-01,2021,4,Antioquia,15,Otras mercancias de uso domestico,0,80.8357,-34.2000,1.9489,17.3100,29445.1393,-11.4000,1.5067,17.4100,28504.5356,0,243307.0000,257491.0000
2021-04-01,2021,4,Atlantico,4,Prendas de vestir y textiles,0,44.9274,-34.2000,1.9489,17.3100,29445.1393,-11.4000,1.5067,17.4100,28504.5356,0,161540.0000,146645.0000
2021-04-01,2021,4,Atlantico,8,Electrodomesticos y muebles,1,81.9698,-34.2000,1.9489,17.3100,29445.1393,-11.4000,1.5067,17.4100,28504.5356,0,161540.0000,146645.0000
2021-04-01,2021,4,Atlantico,9,Articulos y utensilios domesticos,0,71.0165,-34.2000,1.9489,17.3100,29445.1393,-11.4000,1.5067,17.4100,28504.5356,0,161540.0000,146645.0000
2021-04-01,2021,4,Atlantico,10,Aseo del hogar,0,103.9520,-34.2000,1.9489,17.3100,29445.1393,-11.4000,1.5067,17.4100,28504.5356,0,161540.0000,146645.0000
2021-04-01,2021,4,Atlantico,11,Informatica y telecomunicaciones,0,92.0078,-34.2000,1.9489,17.3100,29445.1393,-11.4000,1.5067,17.4100,28504.5356,0,161540.0000,146645.0000
2021-04-01,2021,4,Atlantico,12,Sonido y video,0,61.3311,-34.2000,1.9489,17.3100,29445.1393,-11.4000,1.5067,17.4100,28504.5356,0,161540.0000,146645.0000
2021-04-01,2021,4,Atlantico,14,"Ferreteria, vidrios y pinturas",0,99.8916,-34.2000,1.9489,17.3100,29445.1393,-11.4000,1.5067,17.4100,28504.5356,0,161540.0000,146645.0000
2021-04-01,2021,4,Atlantico,15,Otras mercancias de uso domestico,0,67.6114,-34.2000,1.9489,17.3100,29445.1393,-11.4000,1.5067,17.4100,28504.5356,0,161540.0000,146645.0000
2021-04-01,2021,4,Bogota,4,Prendas de vestir y textiles,0,47.0572,-34.2000,1.9489,17.3100,29445.1393,-11.4000,1.5067,17.4100,28504.5356,0,134683.0000,204802.0000
2021-04-01,2021,4,Bogota,8,Electrodomesticos y muebles,1,87.5823,-34.2000,1.9489,17.3100,29445.1393,-11.4000,1.5067,17.4100,28504.5356,0,134683.0000,204802.0000
2021-04-01,2021,4,Bogota,9,Articulos y utensilios domesticos,0,67.7780,-34.2000,1.9489,17.3100,29445.1393,-11.4000,1.5067,17.4100,28504.5356,0,134683.0000,204802.0000
2021-04-01,2021,4,Bogota,10,Aseo del hogar,0,119.5372,-34.2000,1.9489,17.3100,29445.1393,-11.4000,1.5067,17.4100,28504.5356,0,134683.0000,204802.0000
2021-04-01,2021,4,Bogota,11,Informatica y telecomunicaciones,0,99.9481,-34.2000,1.9489,17.3100,29445.1393,-11.4000,1.5067,17.4100,28504.5356,0,134683.0000,204802.0000
2021-04-01,2021,4,Bogota,12,Sonido y video,0,65.1579,-34.2000,1.9489,17.3100,29445.1393,-11.4000,1.5067,17.4100,28504.5356,0,134683.0000,204802.0000
2021-04-01,2021,4,Bogota,14,"Ferreteria, vidrios y pinturas",0,98.7116,-34.2000,1.9489,17.3100,29445.1393,-11.4000,1.5067,17.4100,28504.5356,0,134683.0000,204802.0000
2021-04-01,2021,4,Bogota,15,Otras mercancias de uso domestico,0,75.1059,-34.2000,1.9489,17.3100,29445.1393,-11.4000,1.5067,17.4100,28504.5356,0,134683.0000,204802.0000
2021-04-01,2021,4,Cundinamarca,4,Prendas de vestir y textiles,0,69.5778,-34.2000,1.9489,17.3100,29445.1393,-11.4000,1.5067,17.4100,28504.5356,0,193814.0000,119459.0000
2021-04-01,2021,4,Cundinamarca,8,Electrodomesticos y muebles,1,111.3799,-34.2000,1.9489,17.3100,29445.1393,-11.4000,1.5067,17.4100,28504.5356,0,193814.0000,119459.0000
2021-04-01,2021,4,Cundinamarca,9,Articulos y utensilios domesticos,0,98.8810,-34.2000,1.9489,17.3100,29445.1393,-11.4000,1.5067,17.4100,28504.5356,0,193814.0000,119459.0000
2021-04-01,2021,4,Cundinamarca,10,Aseo del hogar,0,170.2034,-34.2000,1.9489,17.3100,29445.1393,-11.4000,1.5067,17.4100,28504.5356,0,193814.0000,119459.0000
2021-04-01,2021,4,Cundinamarca,11,Informatica y telecomunicaciones,0,132.1703,-34.2000,1.9489,17.3100,29445.1393,-11.4000,1.5067,17.4100,28504.5356,0,193814.0000,119459.0000
2021-04-01,2021,4,Cundinamarca,12,Sonido y video,0,102.1167,-34.2000,1.9489,17.3100,29445.1393,-11.4000,1.5067,17.4100,28504.5356,0,193814.0000,119459.0000
2021-04-01,2021,4,Cundinamarca,14,"Ferreteria, vidrios y pinturas",0,147.4586,-34.2000,1.9489,17.3100,29445.1393,-11.4000,1.5067,17.4100,28504.5356,0,193814.0000,119459.0000
2021-04-01,2021,4,Cundinamarca,15,Otras mercancias de uso domestico,0,112.6468,-34.2000,1.9489,17.3100,29445.1393,-11.4000,1.5067,17.4100,28504.5356,0,193814.0000,119459.0000
2021-04-01,2021,4,Santander,4,Prendas de vestir y textiles,0,58.2720,-34.2000,1.9489,17.3100,29445.1393,-11.4000,1.5067,17.4100,28504.5356,0,168528.0000,71728.0000
2021-04-01,2021,4,Santander,8,Electrodomesticos y muebles,1,94.6996,-34.2000,1.9489,17.3100,29445.1393,-11.4000,1.5067,17.4100,28504.5356,0,168528.0000,71728.0000
2021-04-01,2021,4,Santander,9,Articulos y utensilios domesticos,0,76.5789,-34.2000,1.9489,17.3100,29445.1393,-11.4000,1.5067,17.4100,28504.5356,0,168528.0000,71728.0000
2021-04-01,2021,4,Santander,10,Aseo del hogar,0,124.1011,-34.2000,1.9489,17.3100,29445.1393,-11.4000,1.5067,17.4100,28504.5356,0,168528.0000,71728.0000
2021-04-01,2021,4,Santander,11,Informatica y telecomunicaciones,0,106.3905,-34.2000,1.9489,17.3100,29445.1393,-11.4000,1.5067,17.4100,28504.5356,0,168528.0000,71728.0000
2021-04-01,2021,4,Santander,12,Sonido y video,0,78.8117,-34.2000,1.9489,17.3100,29445.1393,-11.4000,1.5067,17.4100,28504.5356,0,168528.0000,71728.0000
2021-04-01,2021,4,Santander,14,"Ferreteria, vidrios y pinturas",0,101.4911,-34.2000,1.9489,17.3100,29445.1393,-11.4000,1.5067,17.4100,28504.5356,0,168528.0000,71728.0000
2021-04-01,2021,4,Santander,15,Otras mercancias de uso domestico,0,93.2270,-34.2000,1.9489,17.3100,29445.1393,-11.4000,1.5067,17.4100,28504.5356,0,168528.0000,71728.0000
2021-04-01,2021,4,Valle del Cauca,4,Prendas de vestir y textiles,0,44.9956,-34.2000,1.9489,17.3100,29445.1393,-11.4000,1.5067,17.4100,28504.5356,0,147517.0000,176497.0000
2021-04-01,2021,4,Valle del Cauca,8,Electrodomesticos y muebles,1,83.9176,-34.2000,1.9489,17.3100,29445.1393,-11.4000,1.5067,17.4100,28504.5356,0,147517.0000,176497.0000
2021-04-01,2021,4,Valle del Cauca,9,Articulos y utensilios domesticos,0,70.8405,-34.2000,1.9489,17.3100,29445.1393,-11.4000,1.5067,17.4100,28504.5356,0,147517.0000,176497.0000
2021-04-01,2021,4,Valle del Cauca,10,Aseo del hogar,0,113.3317,-34.2000,1.9489,17.3100,29445.1393,-11.4000,1.5067,17.4100,28504.5356,0,147517.0000,176497.0000
2021-04-01,2021,4,Valle del Cauca,11,Informatica y telecomunicaciones,0,89.2877,-34.2000,1.9489,17.3100,29445.1393,-11.4000,1.5067,17.4100,28504.5356,0,147517.0000,176497.0000
2021-04-01,2021,4,Valle del Cauca,12,Sonido y video,0,64.5754,-34.2000,1.9489,17.3100,29445.1393,-11.4000,1.5067,17.4100,28504.5356,0,147517.0000,176497.0000
2021-04-01,2021,4,Valle del Cauca,14,"Ferreteria, vidrios y pinturas",0,95.3529,-34.2000,1.9489,17.3100,29445.1393,-11.4000,1.5067,17.4100,28504.5356,0,147517.0000,176497.0000
2021-04-01,2021,4,Valle del Cauca,15,Otras mercancias de uso domestico,0,86.2844,-34.2000,1.9489,17.3100,29445.1393,-11.4000,1.5067,17.4100,28504.5356,0,147517.0000,176497.0000
2021-04-01,2021,4,Otros departamentos,4,Prendas de vestir y textiles,0,54.9902,-34.2000,1.9489,17.3100,29445.1393,-11.4000,1.5067,17.4100,28504.5356,0,594736.0000,821718.0000
2021-04-01,2021,4,Otros departamentos,8,Electrodomesticos y muebles,1,103.4961,-34.2000,1.9489,17.3100,29445.1393,-11.4000,1.5067,17.4100,28504.5356,0,594736.0000,821718.0000
2021-04-01,2021,4,Otros departamentos,9,Articulos y utensilios domesticos,0,89.6546,-34.2000,1.9489,17.3100,29445.1393,-11.4000,1.5067,17.4100,28504.5356,0,594736.0000,821718.0000
2021-04-01,2021,4,Otros departamentos,10,Aseo del hogar,0,129.2534,-34.2000,1.9489,17.3100,29445.1393,-11.4000,1.5067,17.4100,28504.5356,0,594736.0000,821718.0000
2021-04-01,2021,4,Otros departamentos,11,Informatica y telecomunicaciones,0,121.6555,-34.2000,1.9489,17.3100,29445.1393,-11.4000,1.5067,17.4100,28504.5356,0,594736.0000,821718.0000
2021-04-01,2021,4,Otros departamentos,12,Sonido y video,0,88.0885,-34.2000,1.9489,17.3100,29445.1393,-11.4000,1.5067,17.4100,28504.5356,0,594736.0000,821718.0000
2021-04-01,2021,4,Otros departamentos,14,"Ferreteria, vidrios y pinturas",0,98.1489,-34.2000,1.9489,17.3100,29445.1393,-11.4000,1.5067,17.4100,28504.5356,0,594736.0000,821718.0000
2021-04-01,2021,4,Otros departamentos,15,Otras mercancias de uso domestico,0,83.8354,-34.2000,1.9489,17.3100,29445.1393,-11.4000,1.5067,17.4100,28504.5356,0,594736.0000,821718.0000
2021-05-01,2021,5,Antioquia,4,Prendas de vestir y textiles,0,79.2723,-34.3000,3.3030,17.2200,22388.7347,-34.2000,1.9489,17.3100,29445.1393,0,262138.0000,243307.0000
2021-05-01,2021,5,Antioquia,8,Electrodomesticos y muebles,1,121.2066,-34.3000,3.3030,17.2200,22388.7347,-34.2000,1.9489,17.3100,29445.1393,0,262138.0000,243307.0000
2021-05-01,2021,5,Antioquia,9,Articulos y utensilios domesticos,0,98.6000,-34.3000,3.3030,17.2200,22388.7347,-34.2000,1.9489,17.3100,29445.1393,0,262138.0000,243307.0000
2021-05-01,2021,5,Antioquia,10,Aseo del hogar,0,156.4339,-34.3000,3.3030,17.2200,22388.7347,-34.2000,1.9489,17.3100,29445.1393,0,262138.0000,243307.0000
2021-05-01,2021,5,Antioquia,11,Informatica y telecomunicaciones,0,147.1567,-34.3000,3.3030,17.2200,22388.7347,-34.2000,1.9489,17.3100,29445.1393,0,262138.0000,243307.0000
2021-05-01,2021,5,Antioquia,12,Sonido y video,0,96.5348,-34.3000,3.3030,17.2200,22388.7347,-34.2000,1.9489,17.3100,29445.1393,0,262138.0000,243307.0000
2021-05-01,2021,5,Antioquia,14,"Ferreteria, vidrios y pinturas",0,114.5515,-34.3000,3.3030,17.2200,22388.7347,-34.2000,1.9489,17.3100,29445.1393,0,262138.0000,243307.0000
2021-05-01,2021,5,Antioquia,15,Otras mercancias de uso domestico,0,98.6907,-34.3000,3.3030,17.2200,22388.7347,-34.2000,1.9489,17.3100,29445.1393,0,262138.0000,243307.0000
2021-05-01,2021,5,Atlantico,4,Prendas de vestir y textiles,0,70.7656,-34.3000,3.3030,17.2200,22388.7347,-34.2000,1.9489,17.3100,29445.1393,0,102700.0000,161540.0000
2021-05-01,2021,5,Atlantico,8,Electrodomesticos y muebles,1,103.4153,-34.3000,3.3030,17.2200,22388.7347,-34.2000,1.9489,17.3100,29445.1393,0,102700.0000,161540.0000
2021-05-01,2021,5,Atlantico,9,Articulos y utensilios domesticos,0,120.3880,-34.3000,3.3030,17.2200,22388.7347,-34.2000,1.9489,17.3100,29445.1393,0,102700.0000,161540.0000
2021-05-01,2021,5,Atlantico,10,Aseo del hogar,0,133.2513,-34.3000,3.3030,17.2200,22388.7347,-34.2000,1.9489,17.3100,29445.1393,0,102700.0000,161540.0000
2021-05-01,2021,5,Atlantico,11,Informatica y telecomunicaciones,0,135.7448,-34.3000,3.3030,17.2200,22388.7347,-34.2000,1.9489,17.3100,29445.1393,0,102700.0000,161540.0000
2021-05-01,2021,5,Atlantico,12,Sonido y video,0,87.9072,-34.3000,3.3030,17.2200,22388.7347,-34.2000,1.9489,17.3100,29445.1393,0,102700.0000,161540.0000
2021-05-01,2021,5,Atlantico,14,"Ferreteria, vidrios y pinturas",0,108.5345,-34.3000,3.3030,17.2200,22388.7347,-34.2000,1.9489,17.3100,29445.1393,0,102700.0000,161540.0000
2021-05-01,2021,5,Atlantico,15,Otras mercancias de uso domestico,0,96.1250,-34.3000,3.3030,17.2200,22388.7347,-34.2000,1.9489,17.3100,29445.1393,0,102700.0000,161540.0000
2021-05-01,2021,5,Bogota,4,Prendas de vestir y textiles,0,78.2369,-34.3000,3.3030,17.2200,22388.7347,-34.2000,1.9489,17.3100,29445.1393,0,310615.0000,134683.0000
2021-05-01,2021,5,Bogota,8,Electrodomesticos y muebles,1,105.5796,-34.3000,3.3030,17.2200,22388.7347,-34.2000,1.9489,17.3100,29445.1393,0,310615.0000,134683.0000
2021-05-01,2021,5,Bogota,9,Articulos y utensilios domesticos,0,94.3891,-34.3000,3.3030,17.2200,22388.7347,-34.2000,1.9489,17.3100,29445.1393,0,310615.0000,134683.0000
2021-05-01,2021,5,Bogota,10,Aseo del hogar,0,143.0943,-34.3000,3.3030,17.2200,22388.7347,-34.2000,1.9489,17.3100,29445.1393,0,310615.0000,134683.0000
2021-05-01,2021,5,Bogota,11,Informatica y telecomunicaciones,0,137.9552,-34.3000,3.3030,17.2200,22388.7347,-34.2000,1.9489,17.3100,29445.1393,0,310615.0000,134683.0000
2021-05-01,2021,5,Bogota,12,Sonido y video,0,82.4556,-34.3000,3.3030,17.2200,22388.7347,-34.2000,1.9489,17.3100,29445.1393,0,310615.0000,134683.0000
2021-05-01,2021,5,Bogota,14,"Ferreteria, vidrios y pinturas",0,106.5850,-34.3000,3.3030,17.2200,22388.7347,-34.2000,1.9489,17.3100,29445.1393,0,310615.0000,134683.0000
2021-05-01,2021,5,Bogota,15,Otras mercancias de uso domestico,0,84.9810,-34.3000,3.3030,17.2200,22388.7347,-34.2000,1.9489,17.3100,29445.1393,0,310615.0000,134683.0000
2021-05-01,2021,5,Cundinamarca,4,Prendas de vestir y textiles,0,98.3325,-34.3000,3.3030,17.2200,22388.7347,-34.2000,1.9489,17.3100,29445.1393,0,121457.0000,193814.0000
2021-05-01,2021,5,Cundinamarca,8,Electrodomesticos y muebles,1,138.8627,-34.3000,3.3030,17.2200,22388.7347,-34.2000,1.9489,17.3100,29445.1393,0,121457.0000,193814.0000
2021-05-01,2021,5,Cundinamarca,9,Articulos y utensilios domesticos,0,119.1589,-34.3000,3.3030,17.2200,22388.7347,-34.2000,1.9489,17.3100,29445.1393,0,121457.0000,193814.0000
2021-05-01,2021,5,Cundinamarca,10,Aseo del hogar,0,175.0838,-34.3000,3.3030,17.2200,22388.7347,-34.2000,1.9489,17.3100,29445.1393,0,121457.0000,193814.0000
2021-05-01,2021,5,Cundinamarca,11,Informatica y telecomunicaciones,0,145.9758,-34.3000,3.3030,17.2200,22388.7347,-34.2000,1.9489,17.3100,29445.1393,0,121457.0000,193814.0000
2021-05-01,2021,5,Cundinamarca,12,Sonido y video,0,116.2813,-34.3000,3.3030,17.2200,22388.7347,-34.2000,1.9489,17.3100,29445.1393,0,121457.0000,193814.0000
2021-05-01,2021,5,Cundinamarca,14,"Ferreteria, vidrios y pinturas",0,118.9596,-34.3000,3.3030,17.2200,22388.7347,-34.2000,1.9489,17.3100,29445.1393,0,121457.0000,193814.0000
2021-05-01,2021,5,Cundinamarca,15,Otras mercancias de uso domestico,0,102.3510,-34.3000,3.3030,17.2200,22388.7347,-34.2000,1.9489,17.3100,29445.1393,0,121457.0000,193814.0000
2021-05-01,2021,5,Santander,4,Prendas de vestir y textiles,0,73.6601,-34.3000,3.3030,17.2200,22388.7347,-34.2000,1.9489,17.3100,29445.1393,0,88306.0000,168528.0000
2021-05-01,2021,5,Santander,8,Electrodomesticos y muebles,1,102.0471,-34.3000,3.3030,17.2200,22388.7347,-34.2000,1.9489,17.3100,29445.1393,0,88306.0000,168528.0000
2021-05-01,2021,5,Santander,9,Articulos y utensilios domesticos,0,93.7023,-34.3000,3.3030,17.2200,22388.7347,-34.2000,1.9489,17.3100,29445.1393,0,88306.0000,168528.0000
2021-05-01,2021,5,Santander,10,Aseo del hogar,0,137.2295,-34.3000,3.3030,17.2200,22388.7347,-34.2000,1.9489,17.3100,29445.1393,0,88306.0000,168528.0000
2021-05-01,2021,5,Santander,11,Informatica y telecomunicaciones,0,120.9765,-34.3000,3.3030,17.2200,22388.7347,-34.2000,1.9489,17.3100,29445.1393,0,88306.0000,168528.0000
2021-05-01,2021,5,Santander,12,Sonido y video,0,97.5284,-34.3000,3.3030,17.2200,22388.7347,-34.2000,1.9489,17.3100,29445.1393,0,88306.0000,168528.0000
2021-05-01,2021,5,Santander,14,"Ferreteria, vidrios y pinturas",0,83.5682,-34.3000,3.3030,17.2200,22388.7347,-34.2000,1.9489,17.3100,29445.1393,0,88306.0000,168528.0000
2021-05-01,2021,5,Santander,15,Otras mercancias de uso domestico,0,97.8615,-34.3000,3.3030,17.2200,22388.7347,-34.2000,1.9489,17.3100,29445.1393,0,88306.0000,168528.0000
2021-05-01,2021,5,Valle del Cauca,4,Prendas de vestir y textiles,0,41.0785,-34.3000,3.3030,17.2200,22388.7347,-34.2000,1.9489,17.3100,29445.1393,0,148928.0000,147517.0000
2021-05-01,2021,5,Valle del Cauca,8,Electrodomesticos y muebles,1,66.0766,-34.3000,3.3030,17.2200,22388.7347,-34.2000,1.9489,17.3100,29445.1393,0,148928.0000,147517.0000
2021-05-01,2021,5,Valle del Cauca,9,Articulos y utensilios domesticos,0,60.1009,-34.3000,3.3030,17.2200,22388.7347,-34.2000,1.9489,17.3100,29445.1393,0,148928.0000,147517.0000
2021-05-01,2021,5,Valle del Cauca,10,Aseo del hogar,0,81.9932,-34.3000,3.3030,17.2200,22388.7347,-34.2000,1.9489,17.3100,29445.1393,0,148928.0000,147517.0000
2021-05-01,2021,5,Valle del Cauca,11,Informatica y telecomunicaciones,0,80.7354,-34.3000,3.3030,17.2200,22388.7347,-34.2000,1.9489,17.3100,29445.1393,0,148928.0000,147517.0000
2021-05-01,2021,5,Valle del Cauca,12,Sonido y video,0,57.9346,-34.3000,3.3030,17.2200,22388.7347,-34.2000,1.9489,17.3100,29445.1393,0,148928.0000,147517.0000
2021-05-01,2021,5,Valle del Cauca,14,"Ferreteria, vidrios y pinturas",0,62.8646,-34.3000,3.3030,17.2200,22388.7347,-34.2000,1.9489,17.3100,29445.1393,0,148928.0000,147517.0000
2021-05-01,2021,5,Valle del Cauca,15,Otras mercancias de uso domestico,0,56.5918,-34.3000,3.3030,17.2200,22388.7347,-34.2000,1.9489,17.3100,29445.1393,0,148928.0000,147517.0000
2021-05-01,2021,5,Otros departamentos,4,Prendas de vestir y textiles,0,67.8113,-34.3000,3.3030,17.2200,22388.7347,-34.2000,1.9489,17.3100,29445.1393,0,609581.0000,594736.0000
2021-05-01,2021,5,Otros departamentos,8,Electrodomesticos y muebles,1,98.1544,-34.3000,3.3030,17.2200,22388.7347,-34.2000,1.9489,17.3100,29445.1393,0,609581.0000,594736.0000
2021-05-01,2021,5,Otros departamentos,9,Articulos y utensilios domesticos,0,92.1039,-34.3000,3.3030,17.2200,22388.7347,-34.2000,1.9489,17.3100,29445.1393,0,609581.0000,594736.0000
2021-05-01,2021,5,Otros departamentos,10,Aseo del hogar,0,116.0722,-34.3000,3.3030,17.2200,22388.7347,-34.2000,1.9489,17.3100,29445.1393,0,609581.0000,594736.0000
2021-05-01,2021,5,Otros departamentos,11,Informatica y telecomunicaciones,0,124.0944,-34.3000,3.3030,17.2200,22388.7347,-34.2000,1.9489,17.3100,29445.1393,0,609581.0000,594736.0000
2021-05-01,2021,5,Otros departamentos,12,Sonido y video,0,89.0551,-34.3000,3.3030,17.2200,22388.7347,-34.2000,1.9489,17.3100,29445.1393,0,609581.0000,594736.0000
2021-05-01,2021,5,Otros departamentos,14,"Ferreteria, vidrios y pinturas",0,73.5702,-34.3000,3.3030,17.2200,22388.7347,-34.2000,1.9489,17.3100,29445.1393,0,609581.0000,594736.0000
2021-05-01,2021,5,Otros departamentos,15,Otras mercancias de uso domestico,0,77.6577,-34.3000,3.3030,17.2200,22388.7347,-34.2000,1.9489,17.3100,29445.1393,0,609581.0000,594736.0000
2021-06-01,2021,6,Antioquia,4,Prendas de vestir y textiles,0,98.2556,-22.3000,3.6296,17.2100,31350.4205,-34.3000,3.3030,17.2200,22388.7347,0,287686.0000,262138.0000
2021-06-01,2021,6,Antioquia,8,Electrodomesticos y muebles,1,129.5401,-22.3000,3.6296,17.2100,31350.4205,-34.3000,3.3030,17.2200,22388.7347,0,287686.0000,262138.0000
2021-06-01,2021,6,Antioquia,9,Articulos y utensilios domesticos,0,100.4408,-22.3000,3.6296,17.2100,31350.4205,-34.3000,3.3030,17.2200,22388.7347,0,287686.0000,262138.0000
2021-06-01,2021,6,Antioquia,10,Aseo del hogar,0,125.2356,-22.3000,3.6296,17.2100,31350.4205,-34.3000,3.3030,17.2200,22388.7347,0,287686.0000,262138.0000
2021-06-01,2021,6,Antioquia,11,Informatica y telecomunicaciones,0,143.6214,-22.3000,3.6296,17.2100,31350.4205,-34.3000,3.3030,17.2200,22388.7347,0,287686.0000,262138.0000
2021-06-01,2021,6,Antioquia,12,Sonido y video,0,93.2824,-22.3000,3.6296,17.2100,31350.4205,-34.3000,3.3030,17.2200,22388.7347,0,287686.0000,262138.0000
2021-06-01,2021,6,Antioquia,14,"Ferreteria, vidrios y pinturas",0,132.5961,-22.3000,3.6296,17.2100,31350.4205,-34.3000,3.3030,17.2200,22388.7347,0,287686.0000,262138.0000
2021-06-01,2021,6,Antioquia,15,Otras mercancias de uso domestico,0,96.7026,-22.3000,3.6296,17.2100,31350.4205,-34.3000,3.3030,17.2200,22388.7347,0,287686.0000,262138.0000
2021-06-01,2021,6,Atlantico,4,Prendas de vestir y textiles,0,96.6165,-22.3000,3.6296,17.2100,31350.4205,-34.3000,3.3030,17.2200,22388.7347,0,63760.0000,102700.0000
2021-06-01,2021,6,Atlantico,8,Electrodomesticos y muebles,1,103.8387,-22.3000,3.6296,17.2100,31350.4205,-34.3000,3.3030,17.2200,22388.7347,0,63760.0000,102700.0000
2021-06-01,2021,6,Atlantico,9,Articulos y utensilios domesticos,0,127.3801,-22.3000,3.6296,17.2100,31350.4205,-34.3000,3.3030,17.2200,22388.7347,0,63760.0000,102700.0000
2021-06-01,2021,6,Atlantico,10,Aseo del hogar,0,126.4930,-22.3000,3.6296,17.2100,31350.4205,-34.3000,3.3030,17.2200,22388.7347,0,63760.0000,102700.0000
2021-06-01,2021,6,Atlantico,11,Informatica y telecomunicaciones,0,135.3806,-22.3000,3.6296,17.2100,31350.4205,-34.3000,3.3030,17.2200,22388.7347,0,63760.0000,102700.0000
2021-06-01,2021,6,Atlantico,12,Sonido y video,0,96.1736,-22.3000,3.6296,17.2100,31350.4205,-34.3000,3.3030,17.2200,22388.7347,0,63760.0000,102700.0000
2021-06-01,2021,6,Atlantico,14,"Ferreteria, vidrios y pinturas",0,128.9931,-22.3000,3.6296,17.2100,31350.4205,-34.3000,3.3030,17.2200,22388.7347,0,63760.0000,102700.0000
2021-06-01,2021,6,Atlantico,15,Otras mercancias de uso domestico,0,103.4711,-22.3000,3.6296,17.2100,31350.4205,-34.3000,3.3030,17.2200,22388.7347,0,63760.0000,102700.0000
2021-06-01,2021,6,Bogota,4,Prendas de vestir y textiles,0,102.6983,-22.3000,3.6296,17.2100,31350.4205,-34.3000,3.3030,17.2200,22388.7347,0,309879.0000,310615.0000
2021-06-01,2021,6,Bogota,8,Electrodomesticos y muebles,1,122.9572,-22.3000,3.6296,17.2100,31350.4205,-34.3000,3.3030,17.2200,22388.7347,0,309879.0000,310615.0000
2021-06-01,2021,6,Bogota,9,Articulos y utensilios domesticos,0,101.4873,-22.3000,3.6296,17.2100,31350.4205,-34.3000,3.3030,17.2200,22388.7347,0,309879.0000,310615.0000
2021-06-01,2021,6,Bogota,10,Aseo del hogar,0,125.9354,-22.3000,3.6296,17.2100,31350.4205,-34.3000,3.3030,17.2200,22388.7347,0,309879.0000,310615.0000
2021-06-01,2021,6,Bogota,11,Informatica y telecomunicaciones,0,129.4241,-22.3000,3.6296,17.2100,31350.4205,-34.3000,3.3030,17.2200,22388.7347,0,309879.0000,310615.0000
2021-06-01,2021,6,Bogota,12,Sonido y video,0,108.8927,-22.3000,3.6296,17.2100,31350.4205,-34.3000,3.3030,17.2200,22388.7347,0,309879.0000,310615.0000
2021-06-01,2021,6,Bogota,14,"Ferreteria, vidrios y pinturas",0,118.5523,-22.3000,3.6296,17.2100,31350.4205,-34.3000,3.3030,17.2200,22388.7347,0,309879.0000,310615.0000
2021-06-01,2021,6,Bogota,15,Otras mercancias de uso domestico,0,100.8665,-22.3000,3.6296,17.2100,31350.4205,-34.3000,3.3030,17.2200,22388.7347,0,309879.0000,310615.0000
2021-06-01,2021,6,Cundinamarca,4,Prendas de vestir y textiles,0,111.6222,-22.3000,3.6296,17.2100,31350.4205,-34.3000,3.3030,17.2200,22388.7347,0,101624.0000,121457.0000
2021-06-01,2021,6,Cundinamarca,8,Electrodomesticos y muebles,1,141.8815,-22.3000,3.6296,17.2100,31350.4205,-34.3000,3.3030,17.2200,22388.7347,0,101624.0000,121457.0000
2021-06-01,2021,6,Cundinamarca,9,Articulos y utensilios domesticos,0,120.6082,-22.3000,3.6296,17.2100,31350.4205,-34.3000,3.3030,17.2200,22388.7347,0,101624.0000,121457.0000
2021-06-01,2021,6,Cundinamarca,10,Aseo del hogar,0,158.6594,-22.3000,3.6296,17.2100,31350.4205,-34.3000,3.3030,17.2200,22388.7347,0,101624.0000,121457.0000
2021-06-01,2021,6,Cundinamarca,11,Informatica y telecomunicaciones,0,146.8616,-22.3000,3.6296,17.2100,31350.4205,-34.3000,3.3030,17.2200,22388.7347,0,101624.0000,121457.0000
2021-06-01,2021,6,Cundinamarca,12,Sonido y video,0,122.7510,-22.3000,3.6296,17.2100,31350.4205,-34.3000,3.3030,17.2200,22388.7347,0,101624.0000,121457.0000
2021-06-01,2021,6,Cundinamarca,14,"Ferreteria, vidrios y pinturas",0,139.8447,-22.3000,3.6296,17.2100,31350.4205,-34.3000,3.3030,17.2200,22388.7347,0,101624.0000,121457.0000
2021-06-01,2021,6,Cundinamarca,15,Otras mercancias de uso domestico,0,104.7054,-22.3000,3.6296,17.2100,31350.4205,-34.3000,3.3030,17.2200,22388.7347,0,101624.0000,121457.0000
2021-06-01,2021,6,Santander,4,Prendas de vestir y textiles,0,82.1797,-22.3000,3.6296,17.2100,31350.4205,-34.3000,3.3030,17.2200,22388.7347,0,123355.0000,88306.0000
2021-06-01,2021,6,Santander,8,Electrodomesticos y muebles,1,112.9012,-22.3000,3.6296,17.2100,31350.4205,-34.3000,3.3030,17.2200,22388.7347,0,123355.0000,88306.0000
2021-06-01,2021,6,Santander,9,Articulos y utensilios domesticos,0,99.8014,-22.3000,3.6296,17.2100,31350.4205,-34.3000,3.3030,17.2200,22388.7347,0,123355.0000,88306.0000
2021-06-01,2021,6,Santander,10,Aseo del hogar,0,128.0230,-22.3000,3.6296,17.2100,31350.4205,-34.3000,3.3030,17.2200,22388.7347,0,123355.0000,88306.0000
2021-06-01,2021,6,Santander,11,Informatica y telecomunicaciones,0,120.7195,-22.3000,3.6296,17.2100,31350.4205,-34.3000,3.3030,17.2200,22388.7347,0,123355.0000,88306.0000
2021-06-01,2021,6,Santander,12,Sonido y video,0,99.3687,-22.3000,3.6296,17.2100,31350.4205,-34.3000,3.3030,17.2200,22388.7347,0,123355.0000,88306.0000
2021-06-01,2021,6,Santander,14,"Ferreteria, vidrios y pinturas",0,113.0786,-22.3000,3.6296,17.2100,31350.4205,-34.3000,3.3030,17.2200,22388.7347,0,123355.0000,88306.0000
2021-06-01,2021,6,Santander,15,Otras mercancias de uso domestico,0,105.6515,-22.3000,3.6296,17.2100,31350.4205,-34.3000,3.3030,17.2200,22388.7347,0,123355.0000,88306.0000
2021-06-01,2021,6,Valle del Cauca,4,Prendas de vestir y textiles,0,79.3381,-22.3000,3.6296,17.2100,31350.4205,-34.3000,3.3030,17.2200,22388.7347,0,259927.0000,148928.0000
2021-06-01,2021,6,Valle del Cauca,8,Electrodomesticos y muebles,1,102.6609,-22.3000,3.6296,17.2100,31350.4205,-34.3000,3.3030,17.2200,22388.7347,0,259927.0000,148928.0000
2021-06-01,2021,6,Valle del Cauca,9,Articulos y utensilios domesticos,0,94.1122,-22.3000,3.6296,17.2100,31350.4205,-34.3000,3.3030,17.2200,22388.7347,0,259927.0000,148928.0000
2021-06-01,2021,6,Valle del Cauca,10,Aseo del hogar,0,123.2517,-22.3000,3.6296,17.2100,31350.4205,-34.3000,3.3030,17.2200,22388.7347,0,259927.0000,148928.0000
2021-06-01,2021,6,Valle del Cauca,11,Informatica y telecomunicaciones,0,118.7972,-22.3000,3.6296,17.2100,31350.4205,-34.3000,3.3030,17.2200,22388.7347,0,259927.0000,148928.0000
2021-06-01,2021,6,Valle del Cauca,12,Sonido y video,0,93.6558,-22.3000,3.6296,17.2100,31350.4205,-34.3000,3.3030,17.2200,22388.7347,0,259927.0000,148928.0000
2021-06-01,2021,6,Valle del Cauca,14,"Ferreteria, vidrios y pinturas",0,119.8156,-22.3000,3.6296,17.2100,31350.4205,-34.3000,3.3030,17.2200,22388.7347,0,259927.0000,148928.0000
2021-06-01,2021,6,Valle del Cauca,15,Otras mercancias de uso domestico,0,86.7690,-22.3000,3.6296,17.2100,31350.4205,-34.3000,3.3030,17.2200,22388.7347,0,259927.0000,148928.0000
2021-06-01,2021,6,Otros departamentos,4,Prendas de vestir y textiles,0,97.8652,-22.3000,3.6296,17.2100,31350.4205,-34.3000,3.3030,17.2200,22388.7347,0,667134.0000,609581.0000
2021-06-01,2021,6,Otros departamentos,8,Electrodomesticos y muebles,1,106.8964,-22.3000,3.6296,17.2100,31350.4205,-34.3000,3.3030,17.2200,22388.7347,0,667134.0000,609581.0000
2021-06-01,2021,6,Otros departamentos,9,Articulos y utensilios domesticos,0,110.6137,-22.3000,3.6296,17.2100,31350.4205,-34.3000,3.3030,17.2200,22388.7347,0,667134.0000,609581.0000
2021-06-01,2021,6,Otros departamentos,10,Aseo del hogar,0,137.1301,-22.3000,3.6296,17.2100,31350.4205,-34.3000,3.3030,17.2200,22388.7347,0,667134.0000,609581.0000
2021-06-01,2021,6,Otros departamentos,11,Informatica y telecomunicaciones,0,136.5107,-22.3000,3.6296,17.2100,31350.4205,-34.3000,3.3030,17.2200,22388.7347,0,667134.0000,609581.0000
2021-06-01,2021,6,Otros departamentos,12,Sonido y video,0,107.5348,-22.3000,3.6296,17.2100,31350.4205,-34.3000,3.3030,17.2200,22388.7347,0,667134.0000,609581.0000
2021-06-01,2021,6,Otros departamentos,14,"Ferreteria, vidrios y pinturas",0,96.5107,-22.3000,3.6296,17.2100,31350.4205,-34.3000,3.3030,17.2200,22388.7347,0,667134.0000,609581.0000
2021-06-01,2021,6,Otros departamentos,15,Otras mercancias de uso domestico,0,97.1236,-22.3000,3.6296,17.2100,31350.4205,-34.3000,3.3030,17.2200,22388.7347,0,667134.0000,609581.0000
2021-07-01,2021,7,Antioquia,4,Prendas de vestir y textiles,0,98.5889,-7.5000,3.9726,17.1800,37549.6166,-22.3000,3.6296,17.2100,31350.4205,0,321129.0000,287686.0000
2021-07-01,2021,7,Antioquia,8,Electrodomesticos y muebles,1,139.5336,-7.5000,3.9726,17.1800,37549.6166,-22.3000,3.6296,17.2100,31350.4205,0,321129.0000,287686.0000
2021-07-01,2021,7,Antioquia,9,Articulos y utensilios domesticos,0,109.3968,-7.5000,3.9726,17.1800,37549.6166,-22.3000,3.6296,17.2100,31350.4205,0,321129.0000,287686.0000
2021-07-01,2021,7,Antioquia,10,Aseo del hogar,0,153.2895,-7.5000,3.9726,17.1800,37549.6166,-22.3000,3.6296,17.2100,31350.4205,0,321129.0000,287686.0000
2021-07-01,2021,7,Antioquia,11,Informatica y telecomunicaciones,0,168.8480,-7.5000,3.9726,17.1800,37549.6166,-22.3000,3.6296,17.2100,31350.4205,0,321129.0000,287686.0000
2021-07-01,2021,7,Antioquia,12,Sonido y video,0,108.5696,-7.5000,3.9726,17.1800,37549.6166,-22.3000,3.6296,17.2100,31350.4205,0,321129.0000,287686.0000
2021-07-01,2021,7,Antioquia,14,"Ferreteria, vidrios y pinturas",0,125.4329,-7.5000,3.9726,17.1800,37549.6166,-22.3000,3.6296,17.2100,31350.4205,0,321129.0000,287686.0000
2021-07-01,2021,7,Antioquia,15,Otras mercancias de uso domestico,0,105.8282,-7.5000,3.9726,17.1800,37549.6166,-22.3000,3.6296,17.2100,31350.4205,0,321129.0000,287686.0000
2021-07-01,2021,7,Atlantico,4,Prendas de vestir y textiles,0,99.8630,-7.5000,3.9726,17.1800,37549.6166,-22.3000,3.6296,17.2100,31350.4205,0,115836.0000,63760.0000
2021-07-01,2021,7,Atlantico,8,Electrodomesticos y muebles,1,115.5070,-7.5000,3.9726,17.1800,37549.6166,-22.3000,3.6296,17.2100,31350.4205,0,115836.0000,63760.0000
2021-07-01,2021,7,Atlantico,9,Articulos y utensilios domesticos,0,122.5230,-7.5000,3.9726,17.1800,37549.6166,-22.3000,3.6296,17.2100,31350.4205,0,115836.0000,63760.0000
2021-07-01,2021,7,Atlantico,10,Aseo del hogar,0,136.3549,-7.5000,3.9726,17.1800,37549.6166,-22.3000,3.6296,17.2100,31350.4205,0,115836.0000,63760.0000
2021-07-01,2021,7,Atlantico,11,Informatica y telecomunicaciones,0,140.8521,-7.5000,3.9726,17.1800,37549.6166,-22.3000,3.6296,17.2100,31350.4205,0,115836.0000,63760.0000
2021-07-01,2021,7,Atlantico,12,Sonido y video,0,107.0071,-7.5000,3.9726,17.1800,37549.6166,-22.3000,3.6296,17.2100,31350.4205,0,115836.0000,63760.0000
2021-07-01,2021,7,Atlantico,14,"Ferreteria, vidrios y pinturas",0,137.2577,-7.5000,3.9726,17.1800,37549.6166,-22.3000,3.6296,17.2100,31350.4205,0,115836.0000,63760.0000
2021-07-01,2021,7,Atlantico,15,Otras mercancias de uso domestico,0,99.0549,-7.5000,3.9726,17.1800,37549.6166,-22.3000,3.6296,17.2100,31350.4205,0,115836.0000,63760.0000
2021-07-01,2021,7,Bogota,4,Prendas de vestir y textiles,0,113.8279,-7.5000,3.9726,17.1800,37549.6166,-22.3000,3.6296,17.2100,31350.4205,0,179729.0000,309879.0000
2021-07-01,2021,7,Bogota,8,Electrodomesticos y muebles,1,137.8222,-7.5000,3.9726,17.1800,37549.6166,-22.3000,3.6296,17.2100,31350.4205,0,179729.0000,309879.0000
2021-07-01,2021,7,Bogota,9,Articulos y utensilios domesticos,0,124.9773,-7.5000,3.9726,17.1800,37549.6166,-22.3000,3.6296,17.2100,31350.4205,0,179729.0000,309879.0000
2021-07-01,2021,7,Bogota,10,Aseo del hogar,0,165.7044,-7.5000,3.9726,17.1800,37549.6166,-22.3000,3.6296,17.2100,31350.4205,0,179729.0000,309879.0000
2021-07-01,2021,7,Bogota,11,Informatica y telecomunicaciones,0,153.9315,-7.5000,3.9726,17.1800,37549.6166,-22.3000,3.6296,17.2100,31350.4205,0,179729.0000,309879.0000
2021-07-01,2021,7,Bogota,12,Sonido y video,0,128.7247,-7.5000,3.9726,17.1800,37549.6166,-22.3000,3.6296,17.2100,31350.4205,0,179729.0000,309879.0000
2021-07-01,2021,7,Bogota,14,"Ferreteria, vidrios y pinturas",0,120.9904,-7.5000,3.9726,17.1800,37549.6166,-22.3000,3.6296,17.2100,31350.4205,0,179729.0000,309879.0000
2021-07-01,2021,7,Bogota,15,Otras mercancias de uso domestico,0,114.4773,-7.5000,3.9726,17.1800,37549.6166,-22.3000,3.6296,17.2100,31350.4205,0,179729.0000,309879.0000
2021-07-01,2021,7,Cundinamarca,4,Prendas de vestir y textiles,0,116.1693,-7.5000,3.9726,17.1800,37549.6166,-22.3000,3.6296,17.2100,31350.4205,0,163110.0000,101624.0000
2021-07-01,2021,7,Cundinamarca,8,Electrodomesticos y muebles,1,168.7138,-7.5000,3.9726,17.1800,37549.6166,-22.3000,3.6296,17.2100,31350.4205,0,163110.0000,101624.0000
2021-07-01,2021,7,Cundinamarca,9,Articulos y utensilios domesticos,0,139.5135,-7.5000,3.9726,17.1800,37549.6166,-22.3000,3.6296,17.2100,31350.4205,0,163110.0000,101624.0000
2021-07-01,2021,7,Cundinamarca,10,Aseo del hogar,0,179.9153,-7.5000,3.9726,17.1800,37549.6166,-22.3000,3.6296,17.2100,31350.4205,0,163110.0000,101624.0000
2021-07-01,2021,7,Cundinamarca,11,Informatica y telecomunicaciones,0,178.8319,-7.5000,3.9726,17.1800,37549.6166,-22.3000,3.6296,17.2100,31350.4205,0,163110.0000,101624.0000
2021-07-01,2021,7,Cundinamarca,12,Sonido y video,0,134.2491,-7.5000,3.9726,17.1800,37549.6166,-22.3000,3.6296,17.2100,31350.4205,0,163110.0000,101624.0000
2021-07-01,2021,7,Cundinamarca,14,"Ferreteria, vidrios y pinturas",0,157.6919,-7.5000,3.9726,17.1800,37549.6166,-22.3000,3.6296,17.2100,31350.4205,0,163110.0000,101624.0000
2021-07-01,2021,7,Cundinamarca,15,Otras mercancias de uso domestico,0,104.8119,-7.5000,3.9726,17.1800,37549.6166,-22.3000,3.6296,17.2100,31350.4205,0,163110.0000,101624.0000
2021-07-01,2021,7,Santander,4,Prendas de vestir y textiles,0,93.2168,-7.5000,3.9726,17.1800,37549.6166,-22.3000,3.6296,17.2100,31350.4205,0,81147.0000,123355.0000
2021-07-01,2021,7,Santander,8,Electrodomesticos y muebles,1,121.9673,-7.5000,3.9726,17.1800,37549.6166,-22.3000,3.6296,17.2100,31350.4205,0,81147.0000,123355.0000
2021-07-01,2021,7,Santander,9,Articulos y utensilios domesticos,0,114.9313,-7.5000,3.9726,17.1800,37549.6166,-22.3000,3.6296,17.2100,31350.4205,0,81147.0000,123355.0000
2021-07-01,2021,7,Santander,10,Aseo del hogar,0,133.8815,-7.5000,3.9726,17.1800,37549.6166,-22.3000,3.6296,17.2100,31350.4205,0,81147.0000,123355.0000
2021-07-01,2021,7,Santander,11,Informatica y telecomunicaciones,0,138.0166,-7.5000,3.9726,17.1800,37549.6166,-22.3000,3.6296,17.2100,31350.4205,0,81147.0000,123355.0000
2021-07-01,2021,7,Santander,12,Sonido y video,0,102.6553,-7.5000,3.9726,17.1800,37549.6166,-22.3000,3.6296,17.2100,31350.4205,0,81147.0000,123355.0000
2021-07-01,2021,7,Santander,14,"Ferreteria, vidrios y pinturas",0,119.0101,-7.5000,3.9726,17.1800,37549.6166,-22.3000,3.6296,17.2100,31350.4205,0,81147.0000,123355.0000
2021-07-01,2021,7,Santander,15,Otras mercancias de uso domestico,0,99.0734,-7.5000,3.9726,17.1800,37549.6166,-22.3000,3.6296,17.2100,31350.4205,0,81147.0000,123355.0000
2021-07-01,2021,7,Valle del Cauca,4,Prendas de vestir y textiles,0,89.4575,-7.5000,3.9726,17.1800,37549.6166,-22.3000,3.6296,17.2100,31350.4205,0,140565.0000,259927.0000
2021-07-01,2021,7,Valle del Cauca,8,Electrodomesticos y muebles,1,123.8705,-7.5000,3.9726,17.1800,37549.6166,-22.3000,3.6296,17.2100,31350.4205,0,140565.0000,259927.0000
2021-07-01,2021,7,Valle del Cauca,9,Articulos y utensilios domesticos,0,115.6778,-7.5000,3.9726,17.1800,37549.6166,-22.3000,3.6296,17.2100,31350.4205,0,140565.0000,259927.0000
2021-07-01,2021,7,Valle del Cauca,10,Aseo del hogar,0,136.9046,-7.5000,3.9726,17.1800,37549.6166,-22.3000,3.6296,17.2100,31350.4205,0,140565.0000,259927.0000
2021-07-01,2021,7,Valle del Cauca,11,Informatica y telecomunicaciones,0,142.8073,-7.5000,3.9726,17.1800,37549.6166,-22.3000,3.6296,17.2100,31350.4205,0,140565.0000,259927.0000
2021-07-01,2021,7,Valle del Cauca,12,Sonido y video,0,104.9501,-7.5000,3.9726,17.1800,37549.6166,-22.3000,3.6296,17.2100,31350.4205,0,140565.0000,259927.0000
2021-07-01,2021,7,Valle del Cauca,14,"Ferreteria, vidrios y pinturas",0,146.2316,-7.5000,3.9726,17.1800,37549.6166,-22.3000,3.6296,17.2100,31350.4205,0,140565.0000,259927.0000
2021-07-01,2021,7,Valle del Cauca,15,Otras mercancias de uso domestico,0,98.3293,-7.5000,3.9726,17.1800,37549.6166,-22.3000,3.6296,17.2100,31350.4205,0,140565.0000,259927.0000
2021-07-01,2021,7,Otros departamentos,4,Prendas de vestir y textiles,0,103.3182,-7.5000,3.9726,17.1800,37549.6166,-22.3000,3.6296,17.2100,31350.4205,0,620022.0000,667134.0000
2021-07-01,2021,7,Otros departamentos,8,Electrodomesticos y muebles,1,132.2638,-7.5000,3.9726,17.1800,37549.6166,-22.3000,3.6296,17.2100,31350.4205,0,620022.0000,667134.0000
2021-07-01,2021,7,Otros departamentos,9,Articulos y utensilios domesticos,0,110.1657,-7.5000,3.9726,17.1800,37549.6166,-22.3000,3.6296,17.2100,31350.4205,0,620022.0000,667134.0000
2021-07-01,2021,7,Otros departamentos,10,Aseo del hogar,0,127.3802,-7.5000,3.9726,17.1800,37549.6166,-22.3000,3.6296,17.2100,31350.4205,0,620022.0000,667134.0000
2021-07-01,2021,7,Otros departamentos,11,Informatica y telecomunicaciones,0,148.7582,-7.5000,3.9726,17.1800,37549.6166,-22.3000,3.6296,17.2100,31350.4205,0,620022.0000,667134.0000
2021-07-01,2021,7,Otros departamentos,12,Sonido y video,0,108.6459,-7.5000,3.9726,17.1800,37549.6166,-22.3000,3.6296,17.2100,31350.4205,0,620022.0000,667134.0000
2021-07-01,2021,7,Otros departamentos,14,"Ferreteria, vidrios y pinturas",0,108.1355,-7.5000,3.9726,17.1800,37549.6166,-22.3000,3.6296,17.2100,31350.4205,0,620022.0000,667134.0000
2021-07-01,2021,7,Otros departamentos,15,Otras mercancias de uso domestico,0,97.5879,-7.5000,3.9726,17.1800,37549.6166,-22.3000,3.6296,17.2100,31350.4205,0,620022.0000,667134.0000
2021-08-01,2021,8,Antioquia,4,Prendas de vestir y textiles,0,107.7357,-8.2000,4.4398,17.2400,39231.5154,-7.5000,3.9726,17.1800,37549.6166,0,389606.0000,321129.0000
2021-08-01,2021,8,Antioquia,8,Electrodomesticos y muebles,1,129.6379,-8.2000,4.4398,17.2400,39231.5154,-7.5000,3.9726,17.1800,37549.6166,0,389606.0000,321129.0000
2021-08-01,2021,8,Antioquia,9,Articulos y utensilios domesticos,0,113.5803,-8.2000,4.4398,17.2400,39231.5154,-7.5000,3.9726,17.1800,37549.6166,0,389606.0000,321129.0000
2021-08-01,2021,8,Antioquia,10,Aseo del hogar,0,146.1614,-8.2000,4.4398,17.2400,39231.5154,-7.5000,3.9726,17.1800,37549.6166,0,389606.0000,321129.0000
2021-08-01,2021,8,Antioquia,11,Informatica y telecomunicaciones,0,191.0150,-8.2000,4.4398,17.2400,39231.5154,-7.5000,3.9726,17.1800,37549.6166,0,389606.0000,321129.0000
2021-08-01,2021,8,Antioquia,12,Sonido y video,0,107.3504,-8.2000,4.4398,17.2400,39231.5154,-7.5000,3.9726,17.1800,37549.6166,0,389606.0000,321129.0000
2021-08-01,2021,8,Antioquia,14,"Ferreteria, vidrios y pinturas",0,139.3220,-8.2000,4.4398,17.2400,39231.5154,-7.5000,3.9726,17.1800,37549.6166,0,389606.0000,321129.0000
2021-08-01,2021,8,Antioquia,15,Otras mercancias de uso domestico,0,111.4820,-8.2000,4.4398,17.2400,39231.5154,-7.5000,3.9726,17.1800,37549.6166,0,389606.0000,321129.0000
2021-08-01,2021,8,Atlantico,4,Prendas de vestir y textiles,0,108.5638,-8.2000,4.4398,17.2400,39231.5154,-7.5000,3.9726,17.1800,37549.6166,0,97238.0000,115836.0000
2021-08-01,2021,8,Atlantico,8,Electrodomesticos y muebles,1,112.5034,-8.2000,4.4398,17.2400,39231.5154,-7.5000,3.9726,17.1800,37549.6166,0,97238.0000,115836.0000
2021-08-01,2021,8,Atlantico,9,Articulos y utensilios domesticos,0,118.1389,-8.2000,4.4398,17.2400,39231.5154,-7.5000,3.9726,17.1800,37549.6166,0,97238.0000,115836.0000
2021-08-01,2021,8,Atlantico,10,Aseo del hogar,0,129.3428,-8.2000,4.4398,17.2400,39231.5154,-7.5000,3.9726,17.1800,37549.6166,0,97238.0000,115836.0000
2021-08-01,2021,8,Atlantico,11,Informatica y telecomunicaciones,0,157.2609,-8.2000,4.4398,17.2400,39231.5154,-7.5000,3.9726,17.1800,37549.6166,0,97238.0000,115836.0000
2021-08-01,2021,8,Atlantico,12,Sonido y video,0,108.2084,-8.2000,4.4398,17.2400,39231.5154,-7.5000,3.9726,17.1800,37549.6166,0,97238.0000,115836.0000
2021-08-01,2021,8,Atlantico,14,"Ferreteria, vidrios y pinturas",0,127.5839,-8.2000,4.4398,17.2400,39231.5154,-7.5000,3.9726,17.1800,37549.6166,0,97238.0000,115836.0000
2021-08-01,2021,8,Atlantico,15,Otras mercancias de uso domestico,0,88.5038,-8.2000,4.4398,17.2400,39231.5154,-7.5000,3.9726,17.1800,37549.6166,0,97238.0000,115836.0000
2021-08-01,2021,8,Bogota,4,Prendas de vestir y textiles,0,93.9931,-8.2000,4.4398,17.2400,39231.5154,-7.5000,3.9726,17.1800,37549.6166,0,119603.0000,179729.0000
2021-08-01,2021,8,Bogota,8,Electrodomesticos y muebles,1,147.3347,-8.2000,4.4398,17.2400,39231.5154,-7.5000,3.9726,17.1800,37549.6166,0,119603.0000,179729.0000
2021-08-01,2021,8,Bogota,9,Articulos y utensilios domesticos,0,128.9316,-8.2000,4.4398,17.2400,39231.5154,-7.5000,3.9726,17.1800,37549.6166,0,119603.0000,179729.0000
2021-08-01,2021,8,Bogota,10,Aseo del hogar,0,170.1517,-8.2000,4.4398,17.2400,39231.5154,-7.5000,3.9726,17.1800,37549.6166,0,119603.0000,179729.0000
2021-08-01,2021,8,Bogota,11,Informatica y telecomunicaciones,0,177.1120,-8.2000,4.4398,17.2400,39231.5154,-7.5000,3.9726,17.1800,37549.6166,0,119603.0000,179729.0000
2021-08-01,2021,8,Bogota,12,Sonido y video,0,113.9040,-8.2000,4.4398,17.2400,39231.5154,-7.5000,3.9726,17.1800,37549.6166,0,119603.0000,179729.0000
2021-08-01,2021,8,Bogota,14,"Ferreteria, vidrios y pinturas",0,123.2934,-8.2000,4.4398,17.2400,39231.5154,-7.5000,3.9726,17.1800,37549.6166,0,119603.0000,179729.0000
2021-08-01,2021,8,Bogota,15,Otras mercancias de uso domestico,0,117.6603,-8.2000,4.4398,17.2400,39231.5154,-7.5000,3.9726,17.1800,37549.6166,0,119603.0000,179729.0000
2021-08-01,2021,8,Cundinamarca,4,Prendas de vestir y textiles,0,115.6206,-8.2000,4.4398,17.2400,39231.5154,-7.5000,3.9726,17.1800,37549.6166,0,113622.0000,163110.0000
2021-08-01,2021,8,Cundinamarca,8,Electrodomesticos y muebles,1,183.9867,-8.2000,4.4398,17.2400,39231.5154,-7.5000,3.9726,17.1800,37549.6166,0,113622.0000,163110.0000
2021-08-01,2021,8,Cundinamarca,9,Articulos y utensilios domesticos,0,157.8375,-8.2000,4.4398,17.2400,39231.5154,-7.5000,3.9726,17.1800,37549.6166,0,113622.0000,163110.0000
2021-08-01,2021,8,Cundinamarca,10,Aseo del hogar,0,178.9131,-8.2000,4.4398,17.2400,39231.5154,-7.5000,3.9726,17.1800,37549.6166,0,113622.0000,163110.0000
2021-08-01,2021,8,Cundinamarca,11,Informatica y telecomunicaciones,0,209.9495,-8.2000,4.4398,17.2400,39231.5154,-7.5000,3.9726,17.1800,37549.6166,0,113622.0000,163110.0000
2021-08-01,2021,8,Cundinamarca,12,Sonido y video,0,126.4930,-8.2000,4.4398,17.2400,39231.5154,-7.5000,3.9726,17.1800,37549.6166,0,113622.0000,163110.0000
2021-08-01,2021,8,Cundinamarca,14,"Ferreteria, vidrios y pinturas",0,174.7526,-8.2000,4.4398,17.2400,39231.5154,-7.5000,3.9726,17.1800,37549.6166,0,113622.0000,163110.0000
2021-08-01,2021,8,Cundinamarca,15,Otras mercancias de uso domestico,0,121.2990,-8.2000,4.4398,17.2400,39231.5154,-7.5000,3.9726,17.1800,37549.6166,0,113622.0000,163110.0000
2021-08-01,2021,8,Santander,4,Prendas de vestir y textiles,0,94.1425,-8.2000,4.4398,17.2400,39231.5154,-7.5000,3.9726,17.1800,37549.6166,0,65280.0000,81147.0000
2021-08-01,2021,8,Santander,8,Electrodomesticos y muebles,1,126.6194,-8.2000,4.4398,17.2400,39231.5154,-7.5000,3.9726,17.1800,37549.6166,0,65280.0000,81147.0000
2021-08-01,2021,8,Santander,9,Articulos y utensilios domesticos,0,107.0638,-8.2000,4.4398,17.2400,39231.5154,-7.5000,3.9726,17.1800,37549.6166,0,65280.0000,81147.0000
2021-08-01,2021,8,Santander,10,Aseo del hogar,0,131.2875,-8.2000,4.4398,17.2400,39231.5154,-7.5000,3.9726,17.1800,37549.6166,0,65280.0000,81147.0000
2021-08-01,2021,8,Santander,11,Informatica y telecomunicaciones,0,148.0605,-8.2000,4.4398,17.2400,39231.5154,-7.5000,3.9726,17.1800,37549.6166,0,65280.0000,81147.0000
2021-08-01,2021,8,Santander,12,Sonido y video,0,109.8325,-8.2000,4.4398,17.2400,39231.5154,-7.5000,3.9726,17.1800,37549.6166,0,65280.0000,81147.0000
2021-08-01,2021,8,Santander,14,"Ferreteria, vidrios y pinturas",0,120.1127,-8.2000,4.4398,17.2400,39231.5154,-7.5000,3.9726,17.1800,37549.6166,0,65280.0000,81147.0000
2021-08-01,2021,8,Santander,15,Otras mercancias de uso domestico,0,111.2146,-8.2000,4.4398,17.2400,39231.5154,-7.5000,3.9726,17.1800,37549.6166,0,65280.0000,81147.0000
2021-08-01,2021,8,Valle del Cauca,4,Prendas de vestir y textiles,0,93.1914,-8.2000,4.4398,17.2400,39231.5154,-7.5000,3.9726,17.1800,37549.6166,0,195480.0000,140565.0000
2021-08-01,2021,8,Valle del Cauca,8,Electrodomesticos y muebles,1,124.6510,-8.2000,4.4398,17.2400,39231.5154,-7.5000,3.9726,17.1800,37549.6166,0,195480.0000,140565.0000
2021-08-01,2021,8,Valle del Cauca,9,Articulos y utensilios domesticos,0,104.7770,-8.2000,4.4398,17.2400,39231.5154,-7.5000,3.9726,17.1800,37549.6166,0,195480.0000,140565.0000
2021-08-01,2021,8,Valle del Cauca,10,Aseo del hogar,0,139.0347,-8.2000,4.4398,17.2400,39231.5154,-7.5000,3.9726,17.1800,37549.6166,0,195480.0000,140565.0000
2021-08-01,2021,8,Valle del Cauca,11,Informatica y telecomunicaciones,0,157.5024,-8.2000,4.4398,17.2400,39231.5154,-7.5000,3.9726,17.1800,37549.6166,0,195480.0000,140565.0000
2021-08-01,2021,8,Valle del Cauca,12,Sonido y video,0,102.8961,-8.2000,4.4398,17.2400,39231.5154,-7.5000,3.9726,17.1800,37549.6166,0,195480.0000,140565.0000
2021-08-01,2021,8,Valle del Cauca,14,"Ferreteria, vidrios y pinturas",0,138.0396,-8.2000,4.4398,17.2400,39231.5154,-7.5000,3.9726,17.1800,37549.6166,0,195480.0000,140565.0000
2021-08-01,2021,8,Valle del Cauca,15,Otras mercancias de uso domestico,0,105.4723,-8.2000,4.4398,17.2400,39231.5154,-7.5000,3.9726,17.1800,37549.6166,0,195480.0000,140565.0000
2021-08-01,2021,8,Otros departamentos,4,Prendas de vestir y textiles,0,91.4408,-8.2000,4.4398,17.2400,39231.5154,-7.5000,3.9726,17.1800,37549.6166,0,915463.0000,620022.0000
2021-08-01,2021,8,Otros departamentos,8,Electrodomesticos y muebles,1,126.2723,-8.2000,4.4398,17.2400,39231.5154,-7.5000,3.9726,17.1800,37549.6166,0,915463.0000,620022.0000
2021-08-01,2021,8,Otros departamentos,9,Articulos y utensilios domesticos,0,111.4802,-8.2000,4.4398,17.2400,39231.5154,-7.5000,3.9726,17.1800,37549.6166,0,915463.0000,620022.0000
2021-08-01,2021,8,Otros departamentos,10,Aseo del hogar,0,122.3161,-8.2000,4.4398,17.2400,39231.5154,-7.5000,3.9726,17.1800,37549.6166,0,915463.0000,620022.0000
2021-08-01,2021,8,Otros departamentos,11,Informatica y telecomunicaciones,0,163.9042,-8.2000,4.4398,17.2400,39231.5154,-7.5000,3.9726,17.1800,37549.6166,0,915463.0000,620022.0000
2021-08-01,2021,8,Otros departamentos,12,Sonido y video,0,106.6661,-8.2000,4.4398,17.2400,39231.5154,-7.5000,3.9726,17.1800,37549.6166,0,915463.0000,620022.0000
2021-08-01,2021,8,Otros departamentos,14,"Ferreteria, vidrios y pinturas",0,111.9697,-8.2000,4.4398,17.2400,39231.5154,-7.5000,3.9726,17.1800,37549.6166,0,915463.0000,620022.0000
2021-08-01,2021,8,Otros departamentos,15,Otras mercancias de uso domestico,0,96.3796,-8.2000,4.4398,17.2400,39231.5154,-7.5000,3.9726,17.1800,37549.6166,0,915463.0000,620022.0000
2021-09-01,2021,9,Antioquia,4,Prendas de vestir y textiles,0,110.4582,-3.0000,4.5113,17.1900,42028.1853,-8.2000,4.4398,17.2400,39231.5154,0,260052.0000,389606.0000
2021-09-01,2021,9,Antioquia,8,Electrodomesticos y muebles,1,117.8549,-3.0000,4.5113,17.1900,42028.1853,-8.2000,4.4398,17.2400,39231.5154,0,260052.0000,389606.0000
2021-09-01,2021,9,Antioquia,9,Articulos y utensilios domesticos,0,110.1437,-3.0000,4.5113,17.1900,42028.1853,-8.2000,4.4398,17.2400,39231.5154,0,260052.0000,389606.0000
2021-09-01,2021,9,Antioquia,10,Aseo del hogar,0,136.3720,-3.0000,4.5113,17.1900,42028.1853,-8.2000,4.4398,17.2400,39231.5154,0,260052.0000,389606.0000
2021-09-01,2021,9,Antioquia,11,Informatica y telecomunicaciones,0,142.9263,-3.0000,4.5113,17.1900,42028.1853,-8.2000,4.4398,17.2400,39231.5154,0,260052.0000,389606.0000
2021-09-01,2021,9,Antioquia,12,Sonido y video,0,93.6284,-3.0000,4.5113,17.1900,42028.1853,-8.2000,4.4398,17.2400,39231.5154,0,260052.0000,389606.0000
2021-09-01,2021,9,Antioquia,14,"Ferreteria, vidrios y pinturas",0,132.4161,-3.0000,4.5113,17.1900,42028.1853,-8.2000,4.4398,17.2400,39231.5154,0,260052.0000,389606.0000
2021-09-01,2021,9,Antioquia,15,Otras mercancias de uso domestico,0,105.7828,-3.0000,4.5113,17.1900,42028.1853,-8.2000,4.4398,17.2400,39231.5154,0,260052.0000,389606.0000
2021-09-01,2021,9,Atlantico,4,Prendas de vestir y textiles,0,106.9748,-3.0000,4.5113,17.1900,42028.1853,-8.2000,4.4398,17.2400,39231.5154,0,48678.0000,97238.0000
2021-09-01,2021,9,Atlantico,8,Electrodomesticos y muebles,1,91.6051,-3.0000,4.5113,17.1900,42028.1853,-8.2000,4.4398,17.2400,39231.5154,0,48678.0000,97238.0000
2021-09-01,2021,9,Atlantico,9,Articulos y utensilios domesticos,0,108.0448,-3.0000,4.5113,17.1900,42028.1853,-8.2000,4.4398,17.2400,39231.5154,0,48678.0000,97238.0000
2021-09-01,2021,9,Atlantico,10,Aseo del hogar,0,114.1373,-3.0000,4.5113,17.1900,42028.1853,-8.2000,4.4398,17.2400,39231.5154,0,48678.0000,97238.0000
2021-09-01,2021,9,Atlantico,11,Informatica y telecomunicaciones,0,123.8973,-3.0000,4.5113,17.1900,42028.1853,-8.2000,4.4398,17.2400,39231.5154,0,48678.0000,97238.0000
2021-09-01,2021,9,Atlantico,12,Sonido y video,0,92.1634,-3.0000,4.5113,17.1900,42028.1853,-8.2000,4.4398,17.2400,39231.5154,0,48678.0000,97238.0000
2021-09-01,2021,9,Atlantico,14,"Ferreteria, vidrios y pinturas",0,115.9800,-3.0000,4.5113,17.1900,42028.1853,-8.2000,4.4398,17.2400,39231.5154,0,48678.0000,97238.0000
2021-09-01,2021,9,Atlantico,15,Otras mercancias de uso domestico,0,94.8955,-3.0000,4.5113,17.1900,42028.1853,-8.2000,4.4398,17.2400,39231.5154,0,48678.0000,97238.0000
2021-09-01,2021,9,Bogota,4,Prendas de vestir y textiles,0,104.1694,-3.0000,4.5113,17.1900,42028.1853,-8.2000,4.4398,17.2400,39231.5154,0,201748.0000,119603.0000
2021-09-01,2021,9,Bogota,8,Electrodomesticos y muebles,1,134.4444,-3.0000,4.5113,17.1900,42028.1853,-8.2000,4.4398,17.2400,39231.5154,0,201748.0000,119603.0000
2021-09-01,2021,9,Bogota,9,Articulos y utensilios domesticos,0,127.3971,-3.0000,4.5113,17.1900,42028.1853,-8.2000,4.4398,17.2400,39231.5154,0,201748.0000,119603.0000
2021-09-01,2021,9,Bogota,10,Aseo del hogar,0,163.6607,-3.0000,4.5113,17.1900,42028.1853,-8.2000,4.4398,17.2400,39231.5154,0,201748.0000,119603.0000
2021-09-01,2021,9,Bogota,11,Informatica y telecomunicaciones,0,158.4394,-3.0000,4.5113,17.1900,42028.1853,-8.2000,4.4398,17.2400,39231.5154,0,201748.0000,119603.0000
2021-09-01,2021,9,Bogota,12,Sonido y video,0,112.2336,-3.0000,4.5113,17.1900,42028.1853,-8.2000,4.4398,17.2400,39231.5154,0,201748.0000,119603.0000
2021-09-01,2021,9,Bogota,14,"Ferreteria, vidrios y pinturas",0,137.1597,-3.0000,4.5113,17.1900,42028.1853,-8.2000,4.4398,17.2400,39231.5154,0,201748.0000,119603.0000
2021-09-01,2021,9,Bogota,15,Otras mercancias de uso domestico,0,118.6542,-3.0000,4.5113,17.1900,42028.1853,-8.2000,4.4398,17.2400,39231.5154,0,201748.0000,119603.0000
2021-09-01,2021,9,Cundinamarca,4,Prendas de vestir y textiles,0,125.0830,-3.0000,4.5113,17.1900,42028.1853,-8.2000,4.4398,17.2400,39231.5154,0,208929.0000,113622.0000
2021-09-01,2021,9,Cundinamarca,8,Electrodomesticos y muebles,1,161.6053,-3.0000,4.5113,17.1900,42028.1853,-8.2000,4.4398,17.2400,39231.5154,0,208929.0000,113622.0000
2021-09-01,2021,9,Cundinamarca,9,Articulos y utensilios domesticos,0,135.4211,-3.0000,4.5113,17.1900,42028.1853,-8.2000,4.4398,17.2400,39231.5154,0,208929.0000,113622.0000
2021-09-01,2021,9,Cundinamarca,10,Aseo del hogar,0,156.3433,-3.0000,4.5113,17.1900,42028.1853,-8.2000,4.4398,17.2400,39231.5154,0,208929.0000,113622.0000
2021-09-01,2021,9,Cundinamarca,11,Informatica y telecomunicaciones,0,168.1248,-3.0000,4.5113,17.1900,42028.1853,-8.2000,4.4398,17.2400,39231.5154,0,208929.0000,113622.0000
2021-09-01,2021,9,Cundinamarca,12,Sonido y video,0,99.8107,-3.0000,4.5113,17.1900,42028.1853,-8.2000,4.4398,17.2400,39231.5154,0,208929.0000,113622.0000
2021-09-01,2021,9,Cundinamarca,14,"Ferreteria, vidrios y pinturas",0,156.0224,-3.0000,4.5113,17.1900,42028.1853,-8.2000,4.4398,17.2400,39231.5154,0,208929.0000,113622.0000
2021-09-01,2021,9,Cundinamarca,15,Otras mercancias de uso domestico,0,113.0875,-3.0000,4.5113,17.1900,42028.1853,-8.2000,4.4398,17.2400,39231.5154,0,208929.0000,113622.0000
2021-09-01,2021,9,Santander,4,Prendas de vestir y textiles,0,106.3316,-3.0000,4.5113,17.1900,42028.1853,-8.2000,4.4398,17.2400,39231.5154,0,108241.0000,65280.0000
2021-09-01,2021,9,Santander,8,Electrodomesticos y muebles,1,97.7268,-3.0000,4.5113,17.1900,42028.1853,-8.2000,4.4398,17.2400,39231.5154,0,108241.0000,65280.0000
2021-09-01,2021,9,Santander,9,Articulos y utensilios domesticos,0,107.3593,-3.0000,4.5113,17.1900,42028.1853,-8.2000,4.4398,17.2400,39231.5154,0,108241.0000,65280.0000
2021-09-01,2021,9,Santander,10,Aseo del hogar,0,133.3160,-3.0000,4.5113,17.1900,42028.1853,-8.2000,4.4398,17.2400,39231.5154,0,108241.0000,65280.0000
2021-09-01,2021,9,Santander,11,Informatica y telecomunicaciones,0,127.4041,-3.0000,4.5113,17.1900,42028.1853,-8.2000,4.4398,17.2400,39231.5154,0,108241.0000,65280.0000
2021-09-01,2021,9,Santander,12,Sonido y video,0,82.0786,-3.0000,4.5113,17.1900,42028.1853,-8.2000,4.4398,17.2400,39231.5154,0,108241.0000,65280.0000
2021-09-01,2021,9,Santander,14,"Ferreteria, vidrios y pinturas",0,108.7196,-3.0000,4.5113,17.1900,42028.1853,-8.2000,4.4398,17.2400,39231.5154,0,108241.0000,65280.0000
2021-09-01,2021,9,Santander,15,Otras mercancias de uso domestico,0,105.3059,-3.0000,4.5113,17.1900,42028.1853,-8.2000,4.4398,17.2400,39231.5154,0,108241.0000,65280.0000
2021-09-01,2021,9,Valle del Cauca,4,Prendas de vestir y textiles,0,96.9838,-3.0000,4.5113,17.1900,42028.1853,-8.2000,4.4398,17.2400,39231.5154,0,110117.0000,195480.0000
2021-09-01,2021,9,Valle del Cauca,8,Electrodomesticos y muebles,1,109.8398,-3.0000,4.5113,17.1900,42028.1853,-8.2000,4.4398,17.2400,39231.5154,0,110117.0000,195480.0000
2021-09-01,2021,9,Valle del Cauca,9,Articulos y utensilios domesticos,0,102.6214,-3.0000,4.5113,17.1900,42028.1853,-8.2000,4.4398,17.2400,39231.5154,0,110117.0000,195480.0000
2021-09-01,2021,9,Valle del Cauca,10,Aseo del hogar,0,141.0585,-3.0000,4.5113,17.1900,42028.1853,-8.2000,4.4398,17.2400,39231.5154,0,110117.0000,195480.0000
2021-09-01,2021,9,Valle del Cauca,11,Informatica y telecomunicaciones,0,138.0623,-3.0000,4.5113,17.1900,42028.1853,-8.2000,4.4398,17.2400,39231.5154,0,110117.0000,195480.0000
2021-09-01,2021,9,Valle del Cauca,12,Sonido y video,0,87.2782,-3.0000,4.5113,17.1900,42028.1853,-8.2000,4.4398,17.2400,39231.5154,0,110117.0000,195480.0000
2021-09-01,2021,9,Valle del Cauca,14,"Ferreteria, vidrios y pinturas",0,143.1014,-3.0000,4.5113,17.1900,42028.1853,-8.2000,4.4398,17.2400,39231.5154,0,110117.0000,195480.0000
2021-09-01,2021,9,Valle del Cauca,15,Otras mercancias de uso domestico,0,104.4297,-3.0000,4.5113,17.1900,42028.1853,-8.2000,4.4398,17.2400,39231.5154,0,110117.0000,195480.0000
2021-09-01,2021,9,Otros departamentos,4,Prendas de vestir y textiles,0,94.3707,-3.0000,4.5113,17.1900,42028.1853,-8.2000,4.4398,17.2400,39231.5154,0,759362.0000,915463.0000
2021-09-01,2021,9,Otros departamentos,8,Electrodomesticos y muebles,1,104.2640,-3.0000,4.5113,17.1900,42028.1853,-8.2000,4.4398,17.2400,39231.5154,0,759362.0000,915463.0000
2021-09-01,2021,9,Otros departamentos,9,Articulos y utensilios domesticos,0,111.9745,-3.0000,4.5113,17.1900,42028.1853,-8.2000,4.4398,17.2400,39231.5154,0,759362.0000,915463.0000
2021-09-01,2021,9,Otros departamentos,10,Aseo del hogar,0,121.9974,-3.0000,4.5113,17.1900,42028.1853,-8.2000,4.4398,17.2400,39231.5154,0,759362.0000,915463.0000
2021-09-01,2021,9,Otros departamentos,11,Informatica y telecomunicaciones,0,131.7541,-3.0000,4.5113,17.1900,42028.1853,-8.2000,4.4398,17.2400,39231.5154,0,759362.0000,915463.0000
2021-09-01,2021,9,Otros departamentos,12,Sonido y video,0,77.4076,-3.0000,4.5113,17.1900,42028.1853,-8.2000,4.4398,17.2400,39231.5154,0,759362.0000,915463.0000
2021-09-01,2021,9,Otros departamentos,14,"Ferreteria, vidrios y pinturas",0,110.8493,-3.0000,4.5113,17.1900,42028.1853,-8.2000,4.4398,17.2400,39231.5154,0,759362.0000,915463.0000
2021-09-01,2021,9,Otros departamentos,15,Otras mercancias de uso domestico,0,101.6368,-3.0000,4.5113,17.1900,42028.1853,-8.2000,4.4398,17.2400,39231.5154,0,759362.0000,915463.0000
2021-10-01,2021,10,Antioquia,4,Prendas de vestir y textiles,0,129.9843,-1.3000,4.5899,17.0800,47774.6823,-3.0000,4.5113,17.1900,42028.1853,0,278655.0000,260052.0000
2021-10-01,2021,10,Antioquia,8,Electrodomesticos y muebles,1,158.5524,-1.3000,4.5899,17.0800,47774.6823,-3.0000,4.5113,17.1900,42028.1853,0,278655.0000,260052.0000
2021-10-01,2021,10,Antioquia,9,Articulos y utensilios domesticos,0,139.2316,-1.3000,4.5899,17.0800,47774.6823,-3.0000,4.5113,17.1900,42028.1853,0,278655.0000,260052.0000
2021-10-01,2021,10,Antioquia,10,Aseo del hogar,0,142.9723,-1.3000,4.5899,17.0800,47774.6823,-3.0000,4.5113,17.1900,42028.1853,0,278655.0000,260052.0000
2021-10-01,2021,10,Antioquia,11,Informatica y telecomunicaciones,0,196.8383,-1.3000,4.5899,17.0800,47774.6823,-3.0000,4.5113,17.1900,42028.1853,0,278655.0000,260052.0000
2021-10-01,2021,10,Antioquia,12,Sonido y video,0,180.9326,-1.3000,4.5899,17.0800,47774.6823,-3.0000,4.5113,17.1900,42028.1853,0,278655.0000,260052.0000
2021-10-01,2021,10,Antioquia,14,"Ferreteria, vidrios y pinturas",0,139.3775,-1.3000,4.5899,17.0800,47774.6823,-3.0000,4.5113,17.1900,42028.1853,0,278655.0000,260052.0000
2021-10-01,2021,10,Antioquia,15,Otras mercancias de uso domestico,0,133.0619,-1.3000,4.5899,17.0800,47774.6823,-3.0000,4.5113,17.1900,42028.1853,0,278655.0000,260052.0000
2021-10-01,2021,10,Atlantico,4,Prendas de vestir y textiles,0,134.5531,-1.3000,4.5899,17.0800,47774.6823,-3.0000,4.5113,17.1900,42028.1853,0,108818.0000,48678.0000
2021-10-01,2021,10,Atlantico,8,Electrodomesticos y muebles,1,133.6766,-1.3000,4.5899,17.0800,47774.6823,-3.0000,4.5113,17.1900,42028.1853,0,108818.0000,48678.0000
2021-10-01,2021,10,Atlantico,9,Articulos y utensilios domesticos,0,122.9443,-1.3000,4.5899,17.0800,47774.6823,-3.0000,4.5113,17.1900,42028.1853,0,108818.0000,48678.0000
2021-10-01,2021,10,Atlantico,10,Aseo del hogar,0,123.8609,-1.3000,4.5899,17.0800,47774.6823,-3.0000,4.5113,17.1900,42028.1853,0,108818.0000,48678.0000
2021-10-01,2021,10,Atlantico,11,Informatica y telecomunicaciones,0,165.4144,-1.3000,4.5899,17.0800,47774.6823,-3.0000,4.5113,17.1900,42028.1853,0,108818.0000,48678.0000
2021-10-01,2021,10,Atlantico,12,Sonido y video,0,179.2264,-1.3000,4.5899,17.0800,47774.6823,-3.0000,4.5113,17.1900,42028.1853,0,108818.0000,48678.0000
2021-10-01,2021,10,Atlantico,14,"Ferreteria, vidrios y pinturas",0,113.2627,-1.3000,4.5899,17.0800,47774.6823,-3.0000,4.5113,17.1900,42028.1853,0,108818.0000,48678.0000
2021-10-01,2021,10,Atlantico,15,Otras mercancias de uso domestico,0,112.1049,-1.3000,4.5899,17.0800,47774.6823,-3.0000,4.5113,17.1900,42028.1853,0,108818.0000,48678.0000
2021-10-01,2021,10,Bogota,4,Prendas de vestir y textiles,0,117.0801,-1.3000,4.5899,17.0800,47774.6823,-3.0000,4.5113,17.1900,42028.1853,0,74804.0000,201748.0000
2021-10-01,2021,10,Bogota,8,Electrodomesticos y muebles,1,189.5318,-1.3000,4.5899,17.0800,47774.6823,-3.0000,4.5113,17.1900,42028.1853,0,74804.0000,201748.0000
2021-10-01,2021,10,Bogota,9,Articulos y utensilios domesticos,0,144.2769,-1.3000,4.5899,17.0800,47774.6823,-3.0000,4.5113,17.1900,42028.1853,0,74804.0000,201748.0000
2021-10-01,2021,10,Bogota,10,Aseo del hogar,0,168.2115,-1.3000,4.5899,17.0800,47774.6823,-3.0000,4.5113,17.1900,42028.1853,0,74804.0000,201748.0000
2021-10-01,2021,10,Bogota,11,Informatica y telecomunicaciones,0,225.5540,-1.3000,4.5899,17.0800,47774.6823,-3.0000,4.5113,17.1900,42028.1853,0,74804.0000,201748.0000
2021-10-01,2021,10,Bogota,12,Sonido y video,0,210.7951,-1.3000,4.5899,17.0800,47774.6823,-3.0000,4.5113,17.1900,42028.1853,0,74804.0000,201748.0000
2021-10-01,2021,10,Bogota,14,"Ferreteria, vidrios y pinturas",0,150.4407,-1.3000,4.5899,17.0800,47774.6823,-3.0000,4.5113,17.1900,42028.1853,0,74804.0000,201748.0000
2021-10-01,2021,10,Bogota,15,Otras mercancias de uso domestico,0,128.5941,-1.3000,4.5899,17.0800,47774.6823,-3.0000,4.5113,17.1900,42028.1853,0,74804.0000,201748.0000
2021-10-01,2021,10,Cundinamarca,4,Prendas de vestir y textiles,0,161.3365,-1.3000,4.5899,17.0800,47774.6823,-3.0000,4.5113,17.1900,42028.1853,0,218573.0000,208929.0000
2021-10-01,2021,10,Cundinamarca,8,Electrodomesticos y muebles,1,193.2650,-1.3000,4.5899,17.0800,47774.6823,-3.0000,4.5113,17.1900,42028.1853,0,218573.0000,208929.0000
2021-10-01,2021,10,Cundinamarca,9,Articulos y utensilios domesticos,0,145.0619,-1.3000,4.5899,17.0800,47774.6823,-3.0000,4.5113,17.1900,42028.1853,0,218573.0000,208929.0000
2021-10-01,2021,10,Cundinamarca,10,Aseo del hogar,0,163.4955,-1.3000,4.5899,17.0800,47774.6823,-3.0000,4.5113,17.1900,42028.1853,0,218573.0000,208929.0000
2021-10-01,2021,10,Cundinamarca,11,Informatica y telecomunicaciones,0,190.9089,-1.3000,4.5899,17.0800,47774.6823,-3.0000,4.5113,17.1900,42028.1853,0,218573.0000,208929.0000
2021-10-01,2021,10,Cundinamarca,12,Sonido y video,0,179.8710,-1.3000,4.5899,17.0800,47774.6823,-3.0000,4.5113,17.1900,42028.1853,0,218573.0000,208929.0000
2021-10-01,2021,10,Cundinamarca,14,"Ferreteria, vidrios y pinturas",0,153.7906,-1.3000,4.5899,17.0800,47774.6823,-3.0000,4.5113,17.1900,42028.1853,0,218573.0000,208929.0000
2021-10-01,2021,10,Cundinamarca,15,Otras mercancias de uso domestico,0,114.1517,-1.3000,4.5899,17.0800,47774.6823,-3.0000,4.5113,17.1900,42028.1853,0,218573.0000,208929.0000
2021-10-01,2021,10,Santander,4,Prendas de vestir y textiles,0,131.3497,-1.3000,4.5899,17.0800,47774.6823,-3.0000,4.5113,17.1900,42028.1853,0,39474.0000,108241.0000
2021-10-01,2021,10,Santander,8,Electrodomesticos y muebles,1,137.8111,-1.3000,4.5899,17.0800,47774.6823,-3.0000,4.5113,17.1900,42028.1853,0,39474.0000,108241.0000
2021-10-01,2021,10,Santander,9,Articulos y utensilios domesticos,0,138.5296,-1.3000,4.5899,17.0800,47774.6823,-3.0000,4.5113,17.1900,42028.1853,0,39474.0000,108241.0000
2021-10-01,2021,10,Santander,10,Aseo del hogar,0,124.8888,-1.3000,4.5899,17.0800,47774.6823,-3.0000,4.5113,17.1900,42028.1853,0,39474.0000,108241.0000
2021-10-01,2021,10,Santander,11,Informatica y telecomunicaciones,0,187.8532,-1.3000,4.5899,17.0800,47774.6823,-3.0000,4.5113,17.1900,42028.1853,0,39474.0000,108241.0000
2021-10-01,2021,10,Santander,12,Sonido y video,0,156.7105,-1.3000,4.5899,17.0800,47774.6823,-3.0000,4.5113,17.1900,42028.1853,0,39474.0000,108241.0000
2021-10-01,2021,10,Santander,14,"Ferreteria, vidrios y pinturas",0,110.7895,-1.3000,4.5899,17.0800,47774.6823,-3.0000,4.5113,17.1900,42028.1853,0,39474.0000,108241.0000
2021-10-01,2021,10,Santander,15,Otras mercancias de uso domestico,0,112.7940,-1.3000,4.5899,17.0800,47774.6823,-3.0000,4.5113,17.1900,42028.1853,0,39474.0000,108241.0000
2021-10-01,2021,10,Valle del Cauca,4,Prendas de vestir y textiles,0,107.5231,-1.3000,4.5899,17.0800,47774.6823,-3.0000,4.5113,17.1900,42028.1853,0,109600.0000,110117.0000
2021-10-01,2021,10,Valle del Cauca,8,Electrodomesticos y muebles,1,139.2328,-1.3000,4.5899,17.0800,47774.6823,-3.0000,4.5113,17.1900,42028.1853,0,109600.0000,110117.0000
2021-10-01,2021,10,Valle del Cauca,9,Articulos y utensilios domesticos,0,107.6403,-1.3000,4.5899,17.0800,47774.6823,-3.0000,4.5113,17.1900,42028.1853,0,109600.0000,110117.0000
2021-10-01,2021,10,Valle del Cauca,10,Aseo del hogar,0,139.5965,-1.3000,4.5899,17.0800,47774.6823,-3.0000,4.5113,17.1900,42028.1853,0,109600.0000,110117.0000
2021-10-01,2021,10,Valle del Cauca,11,Informatica y telecomunicaciones,0,164.6726,-1.3000,4.5899,17.0800,47774.6823,-3.0000,4.5113,17.1900,42028.1853,0,109600.0000,110117.0000
2021-10-01,2021,10,Valle del Cauca,12,Sonido y video,0,148.7124,-1.3000,4.5899,17.0800,47774.6823,-3.0000,4.5113,17.1900,42028.1853,0,109600.0000,110117.0000
2021-10-01,2021,10,Valle del Cauca,14,"Ferreteria, vidrios y pinturas",0,123.3882,-1.3000,4.5899,17.0800,47774.6823,-3.0000,4.5113,17.1900,42028.1853,0,109600.0000,110117.0000
2021-10-01,2021,10,Valle del Cauca,15,Otras mercancias de uso domestico,0,116.1865,-1.3000,4.5899,17.0800,47774.6823,-3.0000,4.5113,17.1900,42028.1853,0,109600.0000,110117.0000
2021-10-01,2021,10,Otros departamentos,4,Prendas de vestir y textiles,0,113.4675,-1.3000,4.5899,17.0800,47774.6823,-3.0000,4.5113,17.1900,42028.1853,0,586677.0000,759362.0000
2021-10-01,2021,10,Otros departamentos,8,Electrodomesticos y muebles,1,135.5063,-1.3000,4.5899,17.0800,47774.6823,-3.0000,4.5113,17.1900,42028.1853,0,586677.0000,759362.0000
2021-10-01,2021,10,Otros departamentos,9,Articulos y utensilios domesticos,0,128.6658,-1.3000,4.5899,17.0800,47774.6823,-3.0000,4.5113,17.1900,42028.1853,0,586677.0000,759362.0000
2021-10-01,2021,10,Otros departamentos,10,Aseo del hogar,0,133.7030,-1.3000,4.5899,17.0800,47774.6823,-3.0000,4.5113,17.1900,42028.1853,0,586677.0000,759362.0000
2021-10-01,2021,10,Otros departamentos,11,Informatica y telecomunicaciones,0,167.4140,-1.3000,4.5899,17.0800,47774.6823,-3.0000,4.5113,17.1900,42028.1853,0,586677.0000,759362.0000
2021-10-01,2021,10,Otros departamentos,12,Sonido y video,0,143.2037,-1.3000,4.5899,17.0800,47774.6823,-3.0000,4.5113,17.1900,42028.1853,0,586677.0000,759362.0000
2021-10-01,2021,10,Otros departamentos,14,"Ferreteria, vidrios y pinturas",0,112.2507,-1.3000,4.5899,17.0800,47774.6823,-3.0000,4.5113,17.1900,42028.1853,0,586677.0000,759362.0000
2021-10-01,2021,10,Otros departamentos,15,Otras mercancias de uso domestico,0,118.0659,-1.3000,4.5899,17.0800,47774.6823,-3.0000,4.5113,17.1900,42028.1853,0,586677.0000,759362.0000
2021-11-01,2021,11,Antioquia,4,Prendas de vestir y textiles,0,132.4460,-1.4000,5.2531,17.2700,50224.6199,-1.3000,4.5899,17.0800,47774.6823,0,275771.0000,278655.0000
2021-11-01,2021,11,Antioquia,8,Electrodomesticos y muebles,1,133.2639,-1.4000,5.2531,17.2700,50224.6199,-1.3000,4.5899,17.0800,47774.6823,0,275771.0000,278655.0000
2021-11-01,2021,11,Antioquia,9,Articulos y utensilios domesticos,0,138.4592,-1.4000,5.2531,17.2700,50224.6199,-1.3000,4.5899,17.0800,47774.6823,0,275771.0000,278655.0000
2021-11-01,2021,11,Antioquia,10,Aseo del hogar,0,129.6355,-1.4000,5.2531,17.2700,50224.6199,-1.3000,4.5899,17.0800,47774.6823,0,275771.0000,278655.0000
2021-11-01,2021,11,Antioquia,11,Informatica y telecomunicaciones,0,178.1767,-1.4000,5.2531,17.2700,50224.6199,-1.3000,4.5899,17.0800,47774.6823,0,275771.0000,278655.0000
2021-11-01,2021,11,Antioquia,12,Sonido y video,0,143.7456,-1.4000,5.2531,17.2700,50224.6199,-1.3000,4.5899,17.0800,47774.6823,0,275771.0000,278655.0000
2021-11-01,2021,11,Antioquia,14,"Ferreteria, vidrios y pinturas",0,126.7216,-1.4000,5.2531,17.2700,50224.6199,-1.3000,4.5899,17.0800,47774.6823,0,275771.0000,278655.0000
2021-11-01,2021,11,Antioquia,15,Otras mercancias de uso domestico,0,140.4362,-1.4000,5.2531,17.2700,50224.6199,-1.3000,4.5899,17.0800,47774.6823,0,275771.0000,278655.0000
2021-11-01,2021,11,Atlantico,4,Prendas de vestir y textiles,0,147.7147,-1.4000,5.2531,17.2700,50224.6199,-1.3000,4.5899,17.0800,47774.6823,0,30757.0000,108818.0000
2021-11-01,2021,11,Atlantico,8,Electrodomesticos y muebles,1,128.4128,-1.4000,5.2531,17.2700,50224.6199,-1.3000,4.5899,17.0800,47774.6823,0,30757.0000,108818.0000
2021-11-01,2021,11,Atlantico,9,Articulos y utensilios domesticos,0,126.4723,-1.4000,5.2531,17.2700,50224.6199,-1.3000,4.5899,17.0800,47774.6823,0,30757.0000,108818.0000
2021-11-01,2021,11,Atlantico,10,Aseo del hogar,0,119.2915,-1.4000,5.2531,17.2700,50224.6199,-1.3000,4.5899,17.0800,47774.6823,0,30757.0000,108818.0000
2021-11-01,2021,11,Atlantico,11,Informatica y telecomunicaciones,0,167.9819,-1.4000,5.2531,17.2700,50224.6199,-1.3000,4.5899,17.0800,47774.6823,0,30757.0000,108818.0000
2021-11-01,2021,11,Atlantico,12,Sonido y video,0,137.8298,-1.4000,5.2531,17.2700,50224.6199,-1.3000,4.5899,17.0800,47774.6823,0,30757.0000,108818.0000
2021-11-01,2021,11,Atlantico,14,"Ferreteria, vidrios y pinturas",0,126.6183,-1.4000,5.2531,17.2700,50224.6199,-1.3000,4.5899,17.0800,47774.6823,0,30757.0000,108818.0000
2021-11-01,2021,11,Atlantico,15,Otras mercancias de uso domestico,0,136.8136,-1.4000,5.2531,17.2700,50224.6199,-1.3000,4.5899,17.0800,47774.6823,0,30757.0000,108818.0000
2021-11-01,2021,11,Bogota,4,Prendas de vestir y textiles,0,161.2388,-1.4000,5.2531,17.2700,50224.6199,-1.3000,4.5899,17.0800,47774.6823,0,272612.0000,74804.0000
2021-11-01,2021,11,Bogota,8,Electrodomesticos y muebles,1,176.1813,-1.4000,5.2531,17.2700,50224.6199,-1.3000,4.5899,17.0800,47774.6823,0,272612.0000,74804.0000
2021-11-01,2021,11,Bogota,9,Articulos y utensilios domesticos,0,154.7630,-1.4000,5.2531,17.2700,50224.6199,-1.3000,4.5899,17.0800,47774.6823,0,272612.0000,74804.0000
2021-11-01,2021,11,Bogota,10,Aseo del hogar,0,159.8260,-1.4000,5.2531,17.2700,50224.6199,-1.3000,4.5899,17.0800,47774.6823,0,272612.0000,74804.0000
2021-11-01,2021,11,Bogota,11,Informatica y telecomunicaciones,0,223.3925,-1.4000,5.2531,17.2700,50224.6199,-1.3000,4.5899,17.0800,47774.6823,0,272612.0000,74804.0000
2021-11-01,2021,11,Bogota,12,Sonido y video,0,178.2199,-1.4000,5.2531,17.2700,50224.6199,-1.3000,4.5899,17.0800,47774.6823,0,272612.0000,74804.0000
2021-11-01,2021,11,Bogota,14,"Ferreteria, vidrios y pinturas",0,154.3115,-1.4000,5.2531,17.2700,50224.6199,-1.3000,4.5899,17.0800,47774.6823,0,272612.0000,74804.0000
2021-11-01,2021,11,Bogota,15,Otras mercancias de uso domestico,0,172.5318,-1.4000,5.2531,17.2700,50224.6199,-1.3000,4.5899,17.0800,47774.6823,0,272612.0000,74804.0000
2021-11-01,2021,11,Cundinamarca,4,Prendas de vestir y textiles,0,177.2070,-1.4000,5.2531,17.2700,50224.6199,-1.3000,4.5899,17.0800,47774.6823,0,271798.0000,218573.0000
2021-11-01,2021,11,Cundinamarca,8,Electrodomesticos y muebles,1,185.2806,-1.4000,5.2531,17.2700,50224.6199,-1.3000,4.5899,17.0800,47774.6823,0,271798.0000,218573.0000
2021-11-01,2021,11,Cundinamarca,9,Articulos y utensilios domesticos,0,171.5896,-1.4000,5.2531,17.2700,50224.6199,-1.3000,4.5899,17.0800,47774.6823,0,271798.0000,218573.0000
2021-11-01,2021,11,Cundinamarca,10,Aseo del hogar,0,155.2798,-1.4000,5.2531,17.2700,50224.6199,-1.3000,4.5899,17.0800,47774.6823,0,271798.0000,218573.0000
2021-11-01,2021,11,Cundinamarca,11,Informatica y telecomunicaciones,0,194.3589,-1.4000,5.2531,17.2700,50224.6199,-1.3000,4.5899,17.0800,47774.6823,0,271798.0000,218573.0000
2021-11-01,2021,11,Cundinamarca,12,Sonido y video,0,153.0312,-1.4000,5.2531,17.2700,50224.6199,-1.3000,4.5899,17.0800,47774.6823,0,271798.0000,218573.0000
2021-11-01,2021,11,Cundinamarca,14,"Ferreteria, vidrios y pinturas",0,157.3024,-1.4000,5.2531,17.2700,50224.6199,-1.3000,4.5899,17.0800,47774.6823,0,271798.0000,218573.0000
2021-11-01,2021,11,Cundinamarca,15,Otras mercancias de uso domestico,0,166.1174,-1.4000,5.2531,17.2700,50224.6199,-1.3000,4.5899,17.0800,47774.6823,0,271798.0000,218573.0000
2021-11-01,2021,11,Santander,4,Prendas de vestir y textiles,0,142.3719,-1.4000,5.2531,17.2700,50224.6199,-1.3000,4.5899,17.0800,47774.6823,0,79092.0000,39474.0000
2021-11-01,2021,11,Santander,8,Electrodomesticos y muebles,1,123.3680,-1.4000,5.2531,17.2700,50224.6199,-1.3000,4.5899,17.0800,47774.6823,0,79092.0000,39474.0000
2021-11-01,2021,11,Santander,9,Articulos y utensilios domesticos,0,137.2607,-1.4000,5.2531,17.2700,50224.6199,-1.3000,4.5899,17.0800,47774.6823,0,79092.0000,39474.0000
2021-11-01,2021,11,Santander,10,Aseo del hogar,0,110.7308,-1.4000,5.2531,17.2700,50224.6199,-1.3000,4.5899,17.0800,47774.6823,0,79092.0000,39474.0000
2021-11-01,2021,11,Santander,11,Informatica y telecomunicaciones,0,182.7888,-1.4000,5.2531,17.2700,50224.6199,-1.3000,4.5899,17.0800,47774.6823,0,79092.0000,39474.0000
2021-11-01,2021,11,Santander,12,Sonido y video,0,118.6406,-1.4000,5.2531,17.2700,50224.6199,-1.3000,4.5899,17.0800,47774.6823,0,79092.0000,39474.0000
2021-11-01,2021,11,Santander,14,"Ferreteria, vidrios y pinturas",0,125.8949,-1.4000,5.2531,17.2700,50224.6199,-1.3000,4.5899,17.0800,47774.6823,0,79092.0000,39474.0000
2021-11-01,2021,11,Santander,15,Otras mercancias de uso domestico,0,126.6548,-1.4000,5.2531,17.2700,50224.6199,-1.3000,4.5899,17.0800,47774.6823,0,79092.0000,39474.0000
2021-11-01,2021,11,Valle del Cauca,4,Prendas de vestir y textiles,0,133.8602,-1.4000,5.2531,17.2700,50224.6199,-1.3000,4.5899,17.0800,47774.6823,0,116642.0000,109600.0000
2021-11-01,2021,11,Valle del Cauca,8,Electrodomesticos y muebles,1,143.1903,-1.4000,5.2531,17.2700,50224.6199,-1.3000,4.5899,17.0800,47774.6823,0,116642.0000,109600.0000
2021-11-01,2021,11,Valle del Cauca,9,Articulos y utensilios domesticos,0,113.4586,-1.4000,5.2531,17.2700,50224.6199,-1.3000,4.5899,17.0800,47774.6823,0,116642.0000,109600.0000
2021-11-01,2021,11,Valle del Cauca,10,Aseo del hogar,0,149.9902,-1.4000,5.2531,17.2700,50224.6199,-1.3000,4.5899,17.0800,47774.6823,0,116642.0000,109600.0000
2021-11-01,2021,11,Valle del Cauca,11,Informatica y telecomunicaciones,0,169.0244,-1.4000,5.2531,17.2700,50224.6199,-1.3000,4.5899,17.0800,47774.6823,0,116642.0000,109600.0000
2021-11-01,2021,11,Valle del Cauca,12,Sonido y video,0,128.2787,-1.4000,5.2531,17.2700,50224.6199,-1.3000,4.5899,17.0800,47774.6823,0,116642.0000,109600.0000
2021-11-01,2021,11,Valle del Cauca,14,"Ferreteria, vidrios y pinturas",0,137.8671,-1.4000,5.2531,17.2700,50224.6199,-1.3000,4.5899,17.0800,47774.6823,0,116642.0000,109600.0000
2021-11-01,2021,11,Valle del Cauca,15,Otras mercancias de uso domestico,0,152.6319,-1.4000,5.2531,17.2700,50224.6199,-1.3000,4.5899,17.0800,47774.6823,0,116642.0000,109600.0000
2021-11-01,2021,11,Otros departamentos,4,Prendas de vestir y textiles,0,131.5291,-1.4000,5.2531,17.2700,50224.6199,-1.3000,4.5899,17.0800,47774.6823,0,582909.0000,586677.0000
2021-11-01,2021,11,Otros departamentos,8,Electrodomesticos y muebles,1,131.7982,-1.4000,5.2531,17.2700,50224.6199,-1.3000,4.5899,17.0800,47774.6823,0,582909.0000,586677.0000
2021-11-01,2021,11,Otros departamentos,9,Articulos y utensilios domesticos,0,138.3822,-1.4000,5.2531,17.2700,50224.6199,-1.3000,4.5899,17.0800,47774.6823,0,582909.0000,586677.0000
2021-11-01,2021,11,Otros departamentos,10,Aseo del hogar,0,135.9394,-1.4000,5.2531,17.2700,50224.6199,-1.3000,4.5899,17.0800,47774.6823,0,582909.0000,586677.0000
2021-11-01,2021,11,Otros departamentos,11,Informatica y telecomunicaciones,0,169.8558,-1.4000,5.2531,17.2700,50224.6199,-1.3000,4.5899,17.0800,47774.6823,0,582909.0000,586677.0000
2021-11-01,2021,11,Otros departamentos,12,Sonido y video,0,131.0541,-1.4000,5.2531,17.2700,50224.6199,-1.3000,4.5899,17.0800,47774.6823,0,582909.0000,586677.0000
2021-11-01,2021,11,Otros departamentos,14,"Ferreteria, vidrios y pinturas",0,125.2013,-1.4000,5.2531,17.2700,50224.6199,-1.3000,4.5899,17.0800,47774.6823,0,582909.0000,586677.0000
2021-11-01,2021,11,Otros departamentos,15,Otras mercancias de uso domestico,0,126.1922,-1.4000,5.2531,17.2700,50224.6199,-1.3000,4.5899,17.0800,47774.6823,0,582909.0000,586677.0000
2021-12-01,2021,12,Antioquia,4,Prendas de vestir y textiles,0,326.9996,-7.0000,5.6219,17.4600,53701.3659,-1.4000,5.2531,17.2700,50224.6199,0,441771.0000,275771.0000
2021-12-01,2021,12,Antioquia,8,Electrodomesticos y muebles,1,152.4052,-7.0000,5.6219,17.4600,53701.3659,-1.4000,5.2531,17.2700,50224.6199,0,441771.0000,275771.0000
2021-12-01,2021,12,Antioquia,9,Articulos y utensilios domesticos,0,182.0467,-7.0000,5.6219,17.4600,53701.3659,-1.4000,5.2531,17.2700,50224.6199,0,441771.0000,275771.0000
2021-12-01,2021,12,Antioquia,10,Aseo del hogar,0,158.1028,-7.0000,5.6219,17.4600,53701.3659,-1.4000,5.2531,17.2700,50224.6199,0,441771.0000,275771.0000
2021-12-01,2021,12,Antioquia,11,Informatica y telecomunicaciones,0,254.1231,-7.0000,5.6219,17.4600,53701.3659,-1.4000,5.2531,17.2700,50224.6199,0,441771.0000,275771.0000
2021-12-01,2021,12,Antioquia,12,Sonido y video,0,175.7745,-7.0000,5.6219,17.4600,53701.3659,-1.4000,5.2531,17.2700,50224.6199,0,441771.0000,275771.0000
2021-12-01,2021,12,Antioquia,14,"Ferreteria, vidrios y pinturas",0,135.2940,-7.0000,5.6219,17.4600,53701.3659,-1.4000,5.2531,17.2700,50224.6199,0,441771.0000,275771.0000
2021-12-01,2021,12,Antioquia,15,Otras mercancias de uso domestico,0,179.2299,-7.0000,5.6219,17.4600,53701.3659,-1.4000,5.2531,17.2700,50224.6199,0,441771.0000,275771.0000
2021-12-01,2021,12,Atlantico,4,Prendas de vestir y textiles,0,333.9789,-7.0000,5.6219,17.4600,53701.3659,-1.4000,5.2531,17.2700,50224.6199,0,159727.0000,30757.0000
2021-12-01,2021,12,Atlantico,8,Electrodomesticos y muebles,1,159.8882,-7.0000,5.6219,17.4600,53701.3659,-1.4000,5.2531,17.2700,50224.6199,0,159727.0000,30757.0000
2021-12-01,2021,12,Atlantico,9,Articulos y utensilios domesticos,0,169.3633,-7.0000,5.6219,17.4600,53701.3659,-1.4000,5.2531,17.2700,50224.6199,0,159727.0000,30757.0000
2021-12-01,2021,12,Atlantico,10,Aseo del hogar,0,134.8434,-7.0000,5.6219,17.4600,53701.3659,-1.4000,5.2531,17.2700,50224.6199,0,159727.0000,30757.0000
2021-12-01,2021,12,Atlantico,11,Informatica y telecomunicaciones,0,233.1555,-7.0000,5.6219,17.4600,53701.3659,-1.4000,5.2531,17.2700,50224.6199,0,159727.0000,30757.0000
2021-12-01,2021,12,Atlantico,12,Sonido y video,0,184.7464,-7.0000,5.6219,17.4600,53701.3659,-1.4000,5.2531,17.2700,50224.6199,0,159727.0000,30757.0000
2021-12-01,2021,12,Atlantico,14,"Ferreteria, vidrios y pinturas",0,134.0073,-7.0000,5.6219,17.4600,53701.3659,-1.4000,5.2531,17.2700,50224.6199,0,159727.0000,30757.0000
2021-12-01,2021,12,Atlantico,15,Otras mercancias de uso domestico,0,191.4151,-7.0000,5.6219,17.4600,53701.3659,-1.4000,5.2531,17.2700,50224.6199,0,159727.0000,30757.0000
2021-12-01,2021,12,Bogota,4,Prendas de vestir y textiles,0,311.3596,-7.0000,5.6219,17.4600,53701.3659,-1.4000,5.2531,17.2700,50224.6199,0,291599.0000,272612.0000
2021-12-01,2021,12,Bogota,8,Electrodomesticos y muebles,1,186.5357,-7.0000,5.6219,17.4600,53701.3659,-1.4000,5.2531,17.2700,50224.6199,0,291599.0000,272612.0000
2021-12-01,2021,12,Bogota,9,Articulos y utensilios domesticos,0,191.1632,-7.0000,5.6219,17.4600,53701.3659,-1.4000,5.2531,17.2700,50224.6199,0,291599.0000,272612.0000
2021-12-01,2021,12,Bogota,10,Aseo del hogar,0,157.5005,-7.0000,5.6219,17.4600,53701.3659,-1.4000,5.2531,17.2700,50224.6199,0,291599.0000,272612.0000
2021-12-01,2021,12,Bogota,11,Informatica y telecomunicaciones,0,283.3744,-7.0000,5.6219,17.4600,53701.3659,-1.4000,5.2531,17.2700,50224.6199,0,291599.0000,272612.0000
2021-12-01,2021,12,Bogota,12,Sonido y video,0,203.9180,-7.0000,5.6219,17.4600,53701.3659,-1.4000,5.2531,17.2700,50224.6199,0,291599.0000,272612.0000
2021-12-01,2021,12,Bogota,14,"Ferreteria, vidrios y pinturas",0,139.6561,-7.0000,5.6219,17.4600,53701.3659,-1.4000,5.2531,17.2700,50224.6199,0,291599.0000,272612.0000
2021-12-01,2021,12,Bogota,15,Otras mercancias de uso domestico,0,209.5299,-7.0000,5.6219,17.4600,53701.3659,-1.4000,5.2531,17.2700,50224.6199,0,291599.0000,272612.0000
2021-12-01,2021,12,Cundinamarca,4,Prendas de vestir y textiles,0,364.3943,-7.0000,5.6219,17.4600,53701.3659,-1.4000,5.2531,17.2700,50224.6199,0,491812.0000,271798.0000
2021-12-01,2021,12,Cundinamarca,8,Electrodomesticos y muebles,1,205.5518,-7.0000,5.6219,17.4600,53701.3659,-1.4000,5.2531,17.2700,50224.6199,0,491812.0000,271798.0000
2021-12-01,2021,12,Cundinamarca,9,Articulos y utensilios domesticos,0,191.0891,-7.0000,5.6219,17.4600,53701.3659,-1.4000,5.2531,17.2700,50224.6199,0,491812.0000,271798.0000
2021-12-01,2021,12,Cundinamarca,10,Aseo del hogar,0,186.8233,-7.0000,5.6219,17.4600,53701.3659,-1.4000,5.2531,17.2700,50224.6199,0,491812.0000,271798.0000
2021-12-01,2021,12,Cundinamarca,11,Informatica y telecomunicaciones,0,267.8008,-7.0000,5.6219,17.4600,53701.3659,-1.4000,5.2531,17.2700,50224.6199,0,491812.0000,271798.0000
2021-12-01,2021,12,Cundinamarca,12,Sonido y video,0,190.8520,-7.0000,5.6219,17.4600,53701.3659,-1.4000,5.2531,17.2700,50224.6199,0,491812.0000,271798.0000
2021-12-01,2021,12,Cundinamarca,14,"Ferreteria, vidrios y pinturas",0,144.6589,-7.0000,5.6219,17.4600,53701.3659,-1.4000,5.2531,17.2700,50224.6199,0,491812.0000,271798.0000
2021-12-01,2021,12,Cundinamarca,15,Otras mercancias de uso domestico,0,196.1963,-7.0000,5.6219,17.4600,53701.3659,-1.4000,5.2531,17.2700,50224.6199,0,491812.0000,271798.0000
2021-12-01,2021,12,Santander,4,Prendas de vestir y textiles,0,306.0236,-7.0000,5.6219,17.4600,53701.3659,-1.4000,5.2531,17.2700,50224.6199,0,72216.0000,79092.0000
2021-12-01,2021,12,Santander,8,Electrodomesticos y muebles,1,148.3679,-7.0000,5.6219,17.4600,53701.3659,-1.4000,5.2531,17.2700,50224.6199,0,72216.0000,79092.0000
2021-12-01,2021,12,Santander,9,Articulos y utensilios domesticos,0,155.4548,-7.0000,5.6219,17.4600,53701.3659,-1.4000,5.2531,17.2700,50224.6199,0,72216.0000,79092.0000
2021-12-01,2021,12,Santander,10,Aseo del hogar,0,129.3422,-7.0000,5.6219,17.4600,53701.3659,-1.4000,5.2531,17.2700,50224.6199,0,72216.0000,79092.0000
2021-12-01,2021,12,Santander,11,Informatica y telecomunicaciones,0,252.1333,-7.0000,5.6219,17.4600,53701.3659,-1.4000,5.2531,17.2700,50224.6199,0,72216.0000,79092.0000
2021-12-01,2021,12,Santander,12,Sonido y video,0,156.2745,-7.0000,5.6219,17.4600,53701.3659,-1.4000,5.2531,17.2700,50224.6199,0,72216.0000,79092.0000
2021-12-01,2021,12,Santander,14,"Ferreteria, vidrios y pinturas",0,131.1875,-7.0000,5.6219,17.4600,53701.3659,-1.4000,5.2531,17.2700,50224.6199,0,72216.0000,79092.0000
2021-12-01,2021,12,Santander,15,Otras mercancias de uso domestico,0,181.2620,-7.0000,5.6219,17.4600,53701.3659,-1.4000,5.2531,17.2700,50224.6199,0,72216.0000,79092.0000
2021-12-01,2021,12,Valle del Cauca,4,Prendas de vestir y textiles,0,229.2816,-7.0000,5.6219,17.4600,53701.3659,-1.4000,5.2531,17.2700,50224.6199,0,148281.0000,116642.0000
2021-12-01,2021,12,Valle del Cauca,8,Electrodomesticos y muebles,1,142.2272,-7.0000,5.6219,17.4600,53701.3659,-1.4000,5.2531,17.2700,50224.6199,0,148281.0000,116642.0000
2021-12-01,2021,12,Valle del Cauca,9,Articulos y utensilios domesticos,0,127.6909,-7.0000,5.6219,17.4600,53701.3659,-1.4000,5.2531,17.2700,50224.6199,0,148281.0000,116642.0000
2021-12-01,2021,12,Valle del Cauca,10,Aseo del hogar,0,152.7278,-7.0000,5.6219,17.4600,53701.3659,-1.4000,5.2531,17.2700,50224.6199,0,148281.0000,116642.0000
2021-12-01,2021,12,Valle del Cauca,11,Informatica y telecomunicaciones,0,215.7871,-7.0000,5.6219,17.4600,53701.3659,-1.4000,5.2531,17.2700,50224.6199,0,148281.0000,116642.0000
2021-12-01,2021,12,Valle del Cauca,12,Sonido y video,0,137.4342,-7.0000,5.6219,17.4600,53701.3659,-1.4000,5.2531,17.2700,50224.6199,0,148281.0000,116642.0000
2021-12-01,2021,12,Valle del Cauca,14,"Ferreteria, vidrios y pinturas",0,123.1050,-7.0000,5.6219,17.4600,53701.3659,-1.4000,5.2531,17.2700,50224.6199,0,148281.0000,116642.0000
2021-12-01,2021,12,Valle del Cauca,15,Otras mercancias de uso domestico,0,175.6899,-7.0000,5.6219,17.4600,53701.3659,-1.4000,5.2531,17.2700,50224.6199,0,148281.0000,116642.0000
2021-12-01,2021,12,Otros departamentos,4,Prendas de vestir y textiles,0,289.2942,-7.0000,5.6219,17.4600,53701.3659,-1.4000,5.2531,17.2700,50224.6199,0,690789.0000,582909.0000
2021-12-01,2021,12,Otros departamentos,8,Electrodomesticos y muebles,1,161.2065,-7.0000,5.6219,17.4600,53701.3659,-1.4000,5.2531,17.2700,50224.6199,0,690789.0000,582909.0000
2021-12-01,2021,12,Otros departamentos,9,Articulos y utensilios domesticos,0,178.0251,-7.0000,5.6219,17.4600,53701.3659,-1.4000,5.2531,17.2700,50224.6199,0,690789.0000,582909.0000
2021-12-01,2021,12,Otros departamentos,10,Aseo del hogar,0,172.0623,-7.0000,5.6219,17.4600,53701.3659,-1.4000,5.2531,17.2700,50224.6199,0,690789.0000,582909.0000
2021-12-01,2021,12,Otros departamentos,11,Informatica y telecomunicaciones,0,249.7914,-7.0000,5.6219,17.4600,53701.3659,-1.4000,5.2531,17.2700,50224.6199,0,690789.0000,582909.0000
2021-12-01,2021,12,Otros departamentos,12,Sonido y video,0,185.3118,-7.0000,5.6219,17.4600,53701.3659,-1.4000,5.2531,17.2700,50224.6199,0,690789.0000,582909.0000
2021-12-01,2021,12,Otros departamentos,14,"Ferreteria, vidrios y pinturas",0,127.5475,-7.0000,5.6219,17.4600,53701.3659,-1.4000,5.2531,17.2700,50224.6199,0,690789.0000,582909.0000
2021-12-01,2021,12,Otros departamentos,15,Otras mercancias de uso domestico,0,187.2504,-7.0000,5.6219,17.4600,53701.3659,-1.4000,5.2531,17.2700,50224.6199,0,690789.0000,582909.0000
2022-01-01,2022,1,Antioquia,4,Prendas de vestir y textiles,0,108.7878,-13.5000,6.9399,17.6600,44715.1749,-7.0000,5.6219,17.4600,53701.3659,0,239465.0000,441771.0000
2022-01-01,2022,1,Antioquia,8,Electrodomesticos y muebles,1,115.5025,-13.5000,6.9399,17.6600,44715.1749,-7.0000,5.6219,17.4600,53701.3659,0,239465.0000,441771.0000
2022-01-01,2022,1,Antioquia,9,Articulos y utensilios domesticos,0,119.0610,-13.5000,6.9399,17.6600,44715.1749,-7.0000,5.6219,17.4600,53701.3659,0,239465.0000,441771.0000
2022-01-01,2022,1,Antioquia,10,Aseo del hogar,0,134.2045,-13.5000,6.9399,17.6600,44715.1749,-7.0000,5.6219,17.4600,53701.3659,0,239465.0000,441771.0000
2022-01-01,2022,1,Antioquia,11,Informatica y telecomunicaciones,0,161.3910,-13.5000,6.9399,17.6600,44715.1749,-7.0000,5.6219,17.4600,53701.3659,0,239465.0000,441771.0000
2022-01-01,2022,1,Antioquia,12,Sonido y video,0,83.4292,-13.5000,6.9399,17.6600,44715.1749,-7.0000,5.6219,17.4600,53701.3659,0,239465.0000,441771.0000
2022-01-01,2022,1,Antioquia,14,"Ferreteria, vidrios y pinturas",0,113.5951,-13.5000,6.9399,17.6600,44715.1749,-7.0000,5.6219,17.4600,53701.3659,0,239465.0000,441771.0000
2022-01-01,2022,1,Antioquia,15,Otras mercancias de uso domestico,0,88.3983,-13.5000,6.9399,17.6600,44715.1749,-7.0000,5.6219,17.4600,53701.3659,0,239465.0000,441771.0000
2022-01-01,2022,1,Atlantico,4,Prendas de vestir y textiles,0,109.2387,-13.5000,6.9399,17.6600,44715.1749,-7.0000,5.6219,17.4600,53701.3659,0,105404.0000,159727.0000
2022-01-01,2022,1,Atlantico,8,Electrodomesticos y muebles,1,121.4765,-13.5000,6.9399,17.6600,44715.1749,-7.0000,5.6219,17.4600,53701.3659,0,105404.0000,159727.0000
2022-01-01,2022,1,Atlantico,9,Articulos y utensilios domesticos,0,115.6549,-13.5000,6.9399,17.6600,44715.1749,-7.0000,5.6219,17.4600,53701.3659,0,105404.0000,159727.0000
2022-01-01,2022,1,Atlantico,10,Aseo del hogar,0,128.0973,-13.5000,6.9399,17.6600,44715.1749,-7.0000,5.6219,17.4600,53701.3659,0,105404.0000,159727.0000
2022-01-01,2022,1,Atlantico,11,Informatica y telecomunicaciones,0,154.6103,-13.5000,6.9399,17.6600,44715.1749,-7.0000,5.6219,17.4600,53701.3659,0,105404.0000,159727.0000
2022-01-01,2022,1,Atlantico,12,Sonido y video,0,96.5133,-13.5000,6.9399,17.6600,44715.1749,-7.0000,5.6219,17.4600,53701.3659,0,105404.0000,159727.0000
2022-01-01,2022,1,Atlantico,14,"Ferreteria, vidrios y pinturas",0,115.3470,-13.5000,6.9399,17.6600,44715.1749,-7.0000,5.6219,17.4600,53701.3659,0,105404.0000,159727.0000
2022-01-01,2022,1,Atlantico,15,Otras mercancias de uso domestico,0,97.3347,-13.5000,6.9399,17.6600,44715.1749,-7.0000,5.6219,17.4600,53701.3659,0,105404.0000,159727.0000
2022-01-01,2022,1,Bogota,4,Prendas de vestir y textiles,0,94.2846,-13.5000,6.9399,17.6600,44715.1749,-7.0000,5.6219,17.4600,53701.3659,0,297337.0000,291599.0000
2022-01-01,2022,1,Bogota,8,Electrodomesticos y muebles,1,124.5632,-13.5000,6.9399,17.6600,44715.1749,-7.0000,5.6219,17.4600,53701.3659,0,297337.0000,291599.0000
2022-01-01,2022,1,Bogota,9,Articulos y utensilios domesticos,0,132.7561,-13.5000,6.9399,17.6600,44715.1749,-7.0000,5.6219,17.4600,53701.3659,0,297337.0000,291599.0000
2022-01-01,2022,1,Bogota,10,Aseo del hogar,0,135.1814,-13.5000,6.9399,17.6600,44715.1749,-7.0000,5.6219,17.4600,53701.3659,0,297337.0000,291599.0000
2022-01-01,2022,1,Bogota,11,Informatica y telecomunicaciones,0,167.7484,-13.5000,6.9399,17.6600,44715.1749,-7.0000,5.6219,17.4600,53701.3659,0,297337.0000,291599.0000
2022-01-01,2022,1,Bogota,12,Sonido y video,0,94.4747,-13.5000,6.9399,17.6600,44715.1749,-7.0000,5.6219,17.4600,53701.3659,0,297337.0000,291599.0000
2022-01-01,2022,1,Bogota,14,"Ferreteria, vidrios y pinturas",0,115.2382,-13.5000,6.9399,17.6600,44715.1749,-7.0000,5.6219,17.4600,53701.3659,0,297337.0000,291599.0000
2022-01-01,2022,1,Bogota,15,Otras mercancias de uso domestico,0,120.2725,-13.5000,6.9399,17.6600,44715.1749,-7.0000,5.6219,17.4600,53701.3659,0,297337.0000,291599.0000
2022-01-01,2022,1,Cundinamarca,4,Prendas de vestir y textiles,0,116.0587,-13.5000,6.9399,17.6600,44715.1749,-7.0000,5.6219,17.4600,53701.3659,0,148356.0000,491812.0000
2022-01-01,2022,1,Cundinamarca,8,Electrodomesticos y muebles,1,147.7245,-13.5000,6.9399,17.6600,44715.1749,-7.0000,5.6219,17.4600,53701.3659,0,148356.0000,491812.0000
2022-01-01,2022,1,Cundinamarca,9,Articulos y utensilios domesticos,0,178.5879,-13.5000,6.9399,17.6600,44715.1749,-7.0000,5.6219,17.4600,53701.3659,0,148356.0000,491812.0000
2022-01-01,2022,1,Cundinamarca,10,Aseo del hogar,0,170.3318,-13.5000,6.9399,17.6600,44715.1749,-7.0000,5.6219,17.4600,53701.3659,0,148356.0000,491812.0000
2022-01-01,2022,1,Cundinamarca,11,Informatica y telecomunicaciones,0,169.9238,-13.5000,6.9399,17.6600,44715.1749,-7.0000,5.6219,17.4600,53701.3659,0,148356.0000,491812.0000
2022-01-01,2022,1,Cundinamarca,12,Sonido y video,0,109.1688,-13.5000,6.9399,17.6600,44715.1749,-7.0000,5.6219,17.4600,53701.3659,0,148356.0000,491812.0000
2022-01-01,2022,1,Cundinamarca,14,"Ferreteria, vidrios y pinturas",0,127.7703,-13.5000,6.9399,17.6600,44715.1749,-7.0000,5.6219,17.4600,53701.3659,0,148356.0000,491812.0000
2022-01-01,2022,1,Cundinamarca,15,Otras mercancias de uso domestico,0,118.4135,-13.5000,6.9399,17.6600,44715.1749,-7.0000,5.6219,17.4600,53701.3659,0,148356.0000,491812.0000
2022-01-01,2022,1,Santander,4,Prendas de vestir y textiles,0,96.7443,-13.5000,6.9399,17.6600,44715.1749,-7.0000,5.6219,17.4600,53701.3659,0,67869.0000,72216.0000
2022-01-01,2022,1,Santander,8,Electrodomesticos y muebles,1,109.6988,-13.5000,6.9399,17.6600,44715.1749,-7.0000,5.6219,17.4600,53701.3659,0,67869.0000,72216.0000
2022-01-01,2022,1,Santander,9,Articulos y utensilios domesticos,0,128.8025,-13.5000,6.9399,17.6600,44715.1749,-7.0000,5.6219,17.4600,53701.3659,0,67869.0000,72216.0000
2022-01-01,2022,1,Santander,10,Aseo del hogar,0,123.5496,-13.5000,6.9399,17.6600,44715.1749,-7.0000,5.6219,17.4600,53701.3659,0,67869.0000,72216.0000
2022-01-01,2022,1,Santander,11,Informatica y telecomunicaciones,0,167.7237,-13.5000,6.9399,17.6600,44715.1749,-7.0000,5.6219,17.4600,53701.3659,0,67869.0000,72216.0000
2022-01-01,2022,1,Santander,12,Sonido y video,0,84.9024,-13.5000,6.9399,17.6600,44715.1749,-7.0000,5.6219,17.4600,53701.3659,0,67869.0000,72216.0000
2022-01-01,2022,1,Santander,14,"Ferreteria, vidrios y pinturas",0,110.9445,-13.5000,6.9399,17.6600,44715.1749,-7.0000,5.6219,17.4600,53701.3659,0,67869.0000,72216.0000
2022-01-01,2022,1,Santander,15,Otras mercancias de uso domestico,0,99.6218,-13.5000,6.9399,17.6600,44715.1749,-7.0000,5.6219,17.4600,53701.3659,0,67869.0000,72216.0000
2022-01-01,2022,1,Valle del Cauca,4,Prendas de vestir y textiles,0,87.9845,-13.5000,6.9399,17.6600,44715.1749,-7.0000,5.6219,17.4600,53701.3659,0,115395.0000,148281.0000
2022-01-01,2022,1,Valle del Cauca,8,Electrodomesticos y muebles,1,110.3146,-13.5000,6.9399,17.6600,44715.1749,-7.0000,5.6219,17.4600,53701.3659,0,115395.0000,148281.0000
2022-01-01,2022,1,Valle del Cauca,9,Articulos y utensilios domesticos,0,115.5611,-13.5000,6.9399,17.6600,44715.1749,-7.0000,5.6219,17.4600,53701.3659,0,115395.0000,148281.0000
2022-01-01,2022,1,Valle del Cauca,10,Aseo del hogar,0,138.5255,-13.5000,6.9399,17.6600,44715.1749,-7.0000,5.6219,17.4600,53701.3659,0,115395.0000,148281.0000
2022-01-01,2022,1,Valle del Cauca,11,Informatica y telecomunicaciones,0,146.2165,-13.5000,6.9399,17.6600,44715.1749,-7.0000,5.6219,17.4600,53701.3659,0,115395.0000,148281.0000
2022-01-01,2022,1,Valle del Cauca,12,Sonido y video,0,77.7062,-13.5000,6.9399,17.6600,44715.1749,-7.0000,5.6219,17.4600,53701.3659,0,115395.0000,148281.0000
2022-01-01,2022,1,Valle del Cauca,14,"Ferreteria, vidrios y pinturas",0,110.1932,-13.5000,6.9399,17.6600,44715.1749,-7.0000,5.6219,17.4600,53701.3659,0,115395.0000,148281.0000
2022-01-01,2022,1,Valle del Cauca,15,Otras mercancias de uso domestico,0,87.9816,-13.5000,6.9399,17.6600,44715.1749,-7.0000,5.6219,17.4600,53701.3659,0,115395.0000,148281.0000
2022-01-01,2022,1,Otros departamentos,4,Prendas de vestir y textiles,0,91.1213,-13.5000,6.9399,17.6600,44715.1749,-7.0000,5.6219,17.4600,53701.3659,0,449306.0000,690789.0000
2022-01-01,2022,1,Otros departamentos,8,Electrodomesticos y muebles,1,115.7728,-13.5000,6.9399,17.6600,44715.1749,-7.0000,5.6219,17.4600,53701.3659,0,449306.0000,690789.0000
2022-01-01,2022,1,Otros departamentos,9,Articulos y utensilios domesticos,0,120.6978,-13.5000,6.9399,17.6600,44715.1749,-7.0000,5.6219,17.4600,53701.3659,0,449306.0000,690789.0000
2022-01-01,2022,1,Otros departamentos,10,Aseo del hogar,0,140.0714,-13.5000,6.9399,17.6600,44715.1749,-7.0000,5.6219,17.4600,53701.3659,0,449306.0000,690789.0000
2022-01-01,2022,1,Otros departamentos,11,Informatica y telecomunicaciones,0,153.0106,-13.5000,6.9399,17.6600,44715.1749,-7.0000,5.6219,17.4600,53701.3659,0,449306.0000,690789.0000
2022-01-01,2022,1,Otros departamentos,12,Sonido y video,0,92.7410,-13.5000,6.9399,17.6600,44715.1749,-7.0000,5.6219,17.4600,53701.3659,0,449306.0000,690789.0000
2022-01-01,2022,1,Otros departamentos,14,"Ferreteria, vidrios y pinturas",0,112.3087,-13.5000,6.9399,17.6600,44715.1749,-7.0000,5.6219,17.4600,53701.3659,0,449306.0000,690789.0000
2022-01-01,2022,1,Otros departamentos,15,Otras mercancias de uso domestico,0,95.8793,-13.5000,6.9399,17.6600,44715.1749,-7.0000,5.6219,17.4600,53701.3659,0,449306.0000,690789.0000
2022-02-01,2022,2,Antioquia,4,Prendas de vestir y textiles,0,89.9311,-17.5000,8.0034,18.3000,41860.6645,-13.5000,6.9399,17.6600,44715.1749,0,285383.0000,239465.0000
2022-02-01,2022,2,Antioquia,8,Electrodomesticos y muebles,1,117.1834,-17.5000,8.0034,18.3000,41860.6645,-13.5000,6.9399,17.6600,44715.1749,0,285383.0000,239465.0000
2022-02-01,2022,2,Antioquia,9,Articulos y utensilios domesticos,0,111.5630,-17.5000,8.0034,18.3000,41860.6645,-13.5000,6.9399,17.6600,44715.1749,0,285383.0000,239465.0000
2022-02-01,2022,2,Antioquia,10,Aseo del hogar,0,123.2717,-17.5000,8.0034,18.3000,41860.6645,-13.5000,6.9399,17.6600,44715.1749,0,285383.0000,239465.0000
2022-02-01,2022,2,Antioquia,11,Informatica y telecomunicaciones,0,170.3847,-17.5000,8.0034,18.3000,41860.6645,-13.5000,6.9399,17.6600,44715.1749,0,285383.0000,239465.0000
2022-02-01,2022,2,Antioquia,12,Sonido y video,0,86.0750,-17.5000,8.0034,18.3000,41860.6645,-13.5000,6.9399,17.6600,44715.1749,0,285383.0000,239465.0000
2022-02-01,2022,2,Antioquia,14,"Ferreteria, vidrios y pinturas",0,131.9703,-17.5000,8.0034,18.3000,41860.6645,-13.5000,6.9399,17.6600,44715.1749,0,285383.0000,239465.0000
2022-02-01,2022,2,Antioquia,15,Otras mercancias de uso domestico,0,97.7213,-17.5000,8.0034,18.3000,41860.6645,-13.5000,6.9399,17.6600,44715.1749,0,285383.0000,239465.0000
2022-02-01,2022,2,Atlantico,4,Prendas de vestir y textiles,0,100.3666,-17.5000,8.0034,18.3000,41860.6645,-13.5000,6.9399,17.6600,44715.1749,0,445522.0000,105404.0000
2022-02-01,2022,2,Atlantico,8,Electrodomesticos y muebles,1,109.2404,-17.5000,8.0034,18.3000,41860.6645,-13.5000,6.9399,17.6600,44715.1749,0,445522.0000,105404.0000
2022-02-01,2022,2,Atlantico,9,Articulos y utensilios domesticos,0,115.0821,-17.5000,8.0034,18.3000,41860.6645,-13.5000,6.9399,17.6600,44715.1749,0,445522.0000,105404.0000
2022-02-01,2022,2,Atlantico,10,Aseo del hogar,0,121.6274,-17.5000,8.0034,18.3000,41860.6645,-13.5000,6.9399,17.6600,44715.1749,0,445522.0000,105404.0000
2022-02-01,2022,2,Atlantico,11,Informatica y telecomunicaciones,0,168.4583,-17.5000,8.0034,18.3000,41860.6645,-13.5000,6.9399,17.6600,44715.1749,0,445522.0000,105404.0000
2022-02-01,2022,2,Atlantico,12,Sonido y video,0,98.9651,-17.5000,8.0034,18.3000,41860.6645,-13.5000,6.9399,17.6600,44715.1749,0,445522.0000,105404.0000
2022-02-01,2022,2,Atlantico,14,"Ferreteria, vidrios y pinturas",0,119.8741,-17.5000,8.0034,18.3000,41860.6645,-13.5000,6.9399,17.6600,44715.1749,0,445522.0000,105404.0000
2022-02-01,2022,2,Atlantico,15,Otras mercancias de uso domestico,0,97.7354,-17.5000,8.0034,18.3000,41860.6645,-13.5000,6.9399,17.6600,44715.1749,0,445522.0000,105404.0000
2022-02-01,2022,2,Bogota,4,Prendas de vestir y textiles,0,92.9137,-17.5000,8.0034,18.3000,41860.6645,-13.5000,6.9399,17.6600,44715.1749,0,202799.0000,297337.0000
2022-02-01,2022,2,Bogota,8,Electrodomesticos y muebles,1,118.2751,-17.5000,8.0034,18.3000,41860.6645,-13.5000,6.9399,17.6600,44715.1749,0,202799.0000,297337.0000
2022-02-01,2022,2,Bogota,9,Articulos y utensilios domesticos,0,119.5419,-17.5000,8.0034,18.3000,41860.6645,-13.5000,6.9399,17.6600,44715.1749,0,202799.0000,297337.0000
2022-02-01,2022,2,Bogota,10,Aseo del hogar,0,133.4218,-17.5000,8.0034,18.3000,41860.6645,-13.5000,6.9399,17.6600,44715.1749,0,202799.0000,297337.0000
2022-02-01,2022,2,Bogota,11,Informatica y telecomunicaciones,0,174.1895,-17.5000,8.0034,18.3000,41860.6645,-13.5000,6.9399,17.6600,44715.1749,0,202799.0000,297337.0000
2022-02-01,2022,2,Bogota,12,Sonido y video,0,95.1621,-17.5000,8.0034,18.3000,41860.6645,-13.5000,6.9399,17.6600,44715.1749,0,202799.0000,297337.0000
2022-02-01,2022,2,Bogota,14,"Ferreteria, vidrios y pinturas",0,122.1906,-17.5000,8.0034,18.3000,41860.6645,-13.5000,6.9399,17.6600,44715.1749,0,202799.0000,297337.0000
2022-02-01,2022,2,Bogota,15,Otras mercancias de uso domestico,0,105.6030,-17.5000,8.0034,18.3000,41860.6645,-13.5000,6.9399,17.6600,44715.1749,0,202799.0000,297337.0000
2022-02-01,2022,2,Cundinamarca,4,Prendas de vestir y textiles,0,110.7216,-17.5000,8.0034,18.3000,41860.6645,-13.5000,6.9399,17.6600,44715.1749,0,256670.0000,148356.0000
2022-02-01,2022,2,Cundinamarca,8,Electrodomesticos y muebles,1,120.6076,-17.5000,8.0034,18.3000,41860.6645,-13.5000,6.9399,17.6600,44715.1749,0,256670.0000,148356.0000
2022-02-01,2022,2,Cundinamarca,9,Articulos y utensilios domesticos,0,142.9335,-17.5000,8.0034,18.3000,41860.6645,-13.5000,6.9399,17.6600,44715.1749,0,256670.0000,148356.0000
2022-02-01,2022,2,Cundinamarca,10,Aseo del hogar,0,158.8514,-17.5000,8.0034,18.3000,41860.6645,-13.5000,6.9399,17.6600,44715.1749,0,256670.0000,148356.0000
2022-02-01,2022,2,Cundinamarca,11,Informatica y telecomunicaciones,0,179.8126,-17.5000,8.0034,18.3000,41860.6645,-13.5000,6.9399,17.6600,44715.1749,0,256670.0000,148356.0000
2022-02-01,2022,2,Cundinamarca,12,Sonido y video,0,106.6005,-17.5000,8.0034,18.3000,41860.6645,-13.5000,6.9399,17.6600,44715.1749,0,256670.0000,148356.0000
2022-02-01,2022,2,Cundinamarca,14,"Ferreteria, vidrios y pinturas",0,127.1933,-17.5000,8.0034,18.3000,41860.6645,-13.5000,6.9399,17.6600,44715.1749,0,256670.0000,148356.0000
2022-02-01,2022,2,Cundinamarca,15,Otras mercancias de uso domestico,0,117.0101,-17.5000,8.0034,18.3000,41860.6645,-13.5000,6.9399,17.6600,44715.1749,0,256670.0000,148356.0000
2022-02-01,2022,2,Santander,4,Prendas de vestir y textiles,0,89.2667,-17.5000,8.0034,18.3000,41860.6645,-13.5000,6.9399,17.6600,44715.1749,0,125487.0000,67869.0000
2022-02-01,2022,2,Santander,8,Electrodomesticos y muebles,1,100.7769,-17.5000,8.0034,18.3000,41860.6645,-13.5000,6.9399,17.6600,44715.1749,0,125487.0000,67869.0000
2022-02-01,2022,2,Santander,9,Articulos y utensilios domesticos,0,114.2998,-17.5000,8.0034,18.3000,41860.6645,-13.5000,6.9399,17.6600,44715.1749,0,125487.0000,67869.0000
2022-02-01,2022,2,Santander,10,Aseo del hogar,0,111.3200,-17.5000,8.0034,18.3000,41860.6645,-13.5000,6.9399,17.6600,44715.1749,0,125487.0000,67869.0000
2022-02-01,2022,2,Santander,11,Informatica y telecomunicaciones,0,162.3848,-17.5000,8.0034,18.3000,41860.6645,-13.5000,6.9399,17.6600,44715.1749,0,125487.0000,67869.0000
2022-02-01,2022,2,Santander,12,Sonido y video,0,80.3535,-17.5000,8.0034,18.3000,41860.6645,-13.5000,6.9399,17.6600,44715.1749,0,125487.0000,67869.0000
2022-02-01,2022,2,Santander,14,"Ferreteria, vidrios y pinturas",0,120.6844,-17.5000,8.0034,18.3000,41860.6645,-13.5000,6.9399,17.6600,44715.1749,0,125487.0000,67869.0000
2022-02-01,2022,2,Santander,15,Otras mercancias de uso domestico,0,95.3971,-17.5000,8.0034,18.3000,41860.6645,-13.5000,6.9399,17.6600,44715.1749,0,125487.0000,67869.0000
2022-02-01,2022,2,Valle del Cauca,4,Prendas de vestir y textiles,0,78.1778,-17.5000,8.0034,18.3000,41860.6645,-13.5000,6.9399,17.6600,44715.1749,0,159160.0000,115395.0000
2022-02-01,2022,2,Valle del Cauca,8,Electrodomesticos y muebles,1,98.2645,-17.5000,8.0034,18.3000,41860.6645,-13.5000,6.9399,17.6600,44715.1749,0,159160.0000,115395.0000
2022-02-01,2022,2,Valle del Cauca,9,Articulos y utensilios domesticos,0,103.2728,-17.5000,8.0034,18.3000,41860.6645,-13.5000,6.9399,17.6600,44715.1749,0,159160.0000,115395.0000
2022-02-01,2022,2,Valle del Cauca,10,Aseo del hogar,0,112.6517,-17.5000,8.0034,18.3000,41860.6645,-13.5000,6.9399,17.6600,44715.1749,0,159160.0000,115395.0000
2022-02-01,2022,2,Valle del Cauca,11,Informatica y telecomunicaciones,0,157.1955,-17.5000,8.0034,18.3000,41860.6645,-13.5000,6.9399,17.6600,44715.1749,0,159160.0000,115395.0000
2022-02-01,2022,2,Valle del Cauca,12,Sonido y video,0,78.7447,-17.5000,8.0034,18.3000,41860.6645,-13.5000,6.9399,17.6600,44715.1749,0,159160.0000,115395.0000
2022-02-01,2022,2,Valle del Cauca,14,"Ferreteria, vidrios y pinturas",0,107.1330,-17.5000,8.0034,18.3000,41860.6645,-13.5000,6.9399,17.6600,44715.1749,0,159160.0000,115395.0000
2022-02-01,2022,2,Valle del Cauca,15,Otras mercancias de uso domestico,0,78.9158,-17.5000,8.0034,18.3000,41860.6645,-13.5000,6.9399,17.6600,44715.1749,0,159160.0000,115395.0000
2022-02-01,2022,2,Otros departamentos,4,Prendas de vestir y textiles,0,78.2594,-17.5000,8.0034,18.3000,41860.6645,-13.5000,6.9399,17.6600,44715.1749,0,415430.0000,449306.0000
2022-02-01,2022,2,Otros departamentos,8,Electrodomesticos y muebles,1,101.7360,-17.5000,8.0034,18.3000,41860.6645,-13.5000,6.9399,17.6600,44715.1749,0,415430.0000,449306.0000
2022-02-01,2022,2,Otros departamentos,9,Articulos y utensilios domesticos,0,110.4190,-17.5000,8.0034,18.3000,41860.6645,-13.5000,6.9399,17.6600,44715.1749,0,415430.0000,449306.0000
2022-02-01,2022,2,Otros departamentos,10,Aseo del hogar,0,118.3794,-17.5000,8.0034,18.3000,41860.6645,-13.5000,6.9399,17.6600,44715.1749,0,415430.0000,449306.0000
2022-02-01,2022,2,Otros departamentos,11,Informatica y telecomunicaciones,0,170.7169,-17.5000,8.0034,18.3000,41860.6645,-13.5000,6.9399,17.6600,44715.1749,0,415430.0000,449306.0000
2022-02-01,2022,2,Otros departamentos,12,Sonido y video,0,91.9005,-17.5000,8.0034,18.3000,41860.6645,-13.5000,6.9399,17.6600,44715.1749,0,415430.0000,449306.0000
2022-02-01,2022,2,Otros departamentos,14,"Ferreteria, vidrios y pinturas",0,121.4984,-17.5000,8.0034,18.3000,41860.6645,-13.5000,6.9399,17.6600,44715.1749,0,415430.0000,449306.0000
2022-02-01,2022,2,Otros departamentos,15,Otras mercancias de uso domestico,0,91.9568,-17.5000,8.0034,18.3000,41860.6645,-13.5000,6.9399,17.6600,44715.1749,0,415430.0000,449306.0000
2022-03-01,2022,3,Antioquia,4,Prendas de vestir y textiles,0,101.7614,-17.8000,8.5325,18.4700,39679.6592,-17.5000,8.0034,18.3000,41860.6645,0,332546.0000,285383.0000
2022-03-01,2022,3,Antioquia,8,Electrodomesticos y muebles,1,167.0238,-17.8000,8.5325,18.4700,39679.6592,-17.5000,8.0034,18.3000,41860.6645,0,332546.0000,285383.0000
2022-03-01,2022,3,Antioquia,9,Articulos y utensilios domesticos,0,113.0824,-17.8000,8.5325,18.4700,39679.6592,-17.5000,8.0034,18.3000,41860.6645,0,332546.0000,285383.0000
2022-03-01,2022,3,Antioquia,10,Aseo del hogar,0,136.6536,-17.8000,8.5325,18.4700,39679.6592,-17.5000,8.0034,18.3000,41860.6645,0,332546.0000,285383.0000
2022-03-01,2022,3,Antioquia,11,Informatica y telecomunicaciones,0,199.2116,-17.8000,8.5325,18.4700,39679.6592,-17.5000,8.0034,18.3000,41860.6645,0,332546.0000,285383.0000
2022-03-01,2022,3,Antioquia,12,Sonido y video,0,169.9428,-17.8000,8.5325,18.4700,39679.6592,-17.5000,8.0034,18.3000,41860.6645,0,332546.0000,285383.0000
2022-03-01,2022,3,Antioquia,14,"Ferreteria, vidrios y pinturas",0,137.3620,-17.8000,8.5325,18.4700,39679.6592,-17.5000,8.0034,18.3000,41860.6645,0,332546.0000,285383.0000
2022-03-01,2022,3,Antioquia,15,Otras mercancias de uso domestico,0,110.7576,-17.8000,8.5325,18.4700,39679.6592,-17.5000,8.0034,18.3000,41860.6645,0,332546.0000,285383.0000
2022-03-01,2022,3,Atlantico,4,Prendas de vestir y textiles,0,103.9082,-17.8000,8.5325,18.4700,39679.6592,-17.5000,8.0034,18.3000,41860.6645,0,82204.0000,445522.0000
2022-03-01,2022,3,Atlantico,8,Electrodomesticos y muebles,1,149.2273,-17.8000,8.5325,18.4700,39679.6592,-17.5000,8.0034,18.3000,41860.6645,0,82204.0000,445522.0000
2022-03-01,2022,3,Atlantico,9,Articulos y utensilios domesticos,0,123.0494,-17.8000,8.5325,18.4700,39679.6592,-17.5000,8.0034,18.3000,41860.6645,0,82204.0000,445522.0000
2022-03-01,2022,3,Atlantico,10,Aseo del hogar,0,136.8008,-17.8000,8.5325,18.4700,39679.6592,-17.5000,8.0034,18.3000,41860.6645,0,82204.0000,445522.0000
2022-03-01,2022,3,Atlantico,11,Informatica y telecomunicaciones,0,222.9951,-17.8000,8.5325,18.4700,39679.6592,-17.5000,8.0034,18.3000,41860.6645,0,82204.0000,445522.0000
2022-03-01,2022,3,Atlantico,12,Sonido y video,0,171.3795,-17.8000,8.5325,18.4700,39679.6592,-17.5000,8.0034,18.3000,41860.6645,0,82204.0000,445522.0000
2022-03-01,2022,3,Atlantico,14,"Ferreteria, vidrios y pinturas",0,142.6794,-17.8000,8.5325,18.4700,39679.6592,-17.5000,8.0034,18.3000,41860.6645,0,82204.0000,445522.0000
2022-03-01,2022,3,Atlantico,15,Otras mercancias de uso domestico,0,100.0332,-17.8000,8.5325,18.4700,39679.6592,-17.5000,8.0034,18.3000,41860.6645,0,82204.0000,445522.0000
2022-03-01,2022,3,Bogota,4,Prendas de vestir y textiles,0,131.5773,-17.8000,8.5325,18.4700,39679.6592,-17.5000,8.0034,18.3000,41860.6645,0,240347.0000,202799.0000
2022-03-01,2022,3,Bogota,8,Electrodomesticos y muebles,1,180.6072,-17.8000,8.5325,18.4700,39679.6592,-17.5000,8.0034,18.3000,41860.6645,0,240347.0000,202799.0000
2022-03-01,2022,3,Bogota,9,Articulos y utensilios domesticos,0,147.7588,-17.8000,8.5325,18.4700,39679.6592,-17.5000,8.0034,18.3000,41860.6645,0,240347.0000,202799.0000
2022-03-01,2022,3,Bogota,10,Aseo del hogar,0,139.1231,-17.8000,8.5325,18.4700,39679.6592,-17.5000,8.0034,18.3000,41860.6645,0,240347.0000,202799.0000
2022-03-01,2022,3,Bogota,11,Informatica y telecomunicaciones,0,227.9366,-17.8000,8.5325,18.4700,39679.6592,-17.5000,8.0034,18.3000,41860.6645,0,240347.0000,202799.0000
2022-03-01,2022,3,Bogota,12,Sonido y video,0,200.7721,-17.8000,8.5325,18.4700,39679.6592,-17.5000,8.0034,18.3000,41860.6645,0,240347.0000,202799.0000
2022-03-01,2022,3,Bogota,14,"Ferreteria, vidrios y pinturas",0,141.6922,-17.8000,8.5325,18.4700,39679.6592,-17.5000,8.0034,18.3000,41860.6645,0,240347.0000,202799.0000
2022-03-01,2022,3,Bogota,15,Otras mercancias de uso domestico,0,127.7493,-17.8000,8.5325,18.4700,39679.6592,-17.5000,8.0034,18.3000,41860.6645,0,240347.0000,202799.0000
2022-03-01,2022,3,Cundinamarca,4,Prendas de vestir y textiles,0,133.3467,-17.8000,8.5325,18.4700,39679.6592,-17.5000,8.0034,18.3000,41860.6645,0,119943.0000,256670.0000
2022-03-01,2022,3,Cundinamarca,8,Electrodomesticos y muebles,1,172.7161,-17.8000,8.5325,18.4700,39679.6592,-17.5000,8.0034,18.3000,41860.6645,0,119943.0000,256670.0000
2022-03-01,2022,3,Cundinamarca,9,Articulos y utensilios domesticos,0,140.3214,-17.8000,8.5325,18.4700,39679.6592,-17.5000,8.0034,18.3000,41860.6645,0,119943.0000,256670.0000
2022-03-01,2022,3,Cundinamarca,10,Aseo del hogar,0,158.1478,-17.8000,8.5325,18.4700,39679.6592,-17.5000,8.0034,18.3000,41860.6645,0,119943.0000,256670.0000
2022-03-01,2022,3,Cundinamarca,11,Informatica y telecomunicaciones,0,216.1068,-17.8000,8.5325,18.4700,39679.6592,-17.5000,8.0034,18.3000,41860.6645,0,119943.0000,256670.0000
2022-03-01,2022,3,Cundinamarca,12,Sonido y video,0,191.9799,-17.8000,8.5325,18.4700,39679.6592,-17.5000,8.0034,18.3000,41860.6645,0,119943.0000,256670.0000
2022-03-01,2022,3,Cundinamarca,14,"Ferreteria, vidrios y pinturas",0,144.8741,-17.8000,8.5325,18.4700,39679.6592,-17.5000,8.0034,18.3000,41860.6645,0,119943.0000,256670.0000
2022-03-01,2022,3,Cundinamarca,15,Otras mercancias de uso domestico,0,120.2396,-17.8000,8.5325,18.4700,39679.6592,-17.5000,8.0034,18.3000,41860.6645,0,119943.0000,256670.0000
2022-03-01,2022,3,Santander,4,Prendas de vestir y textiles,0,121.6896,-17.8000,8.5325,18.4700,39679.6592,-17.5000,8.0034,18.3000,41860.6645,0,64757.0000,125487.0000
2022-03-01,2022,3,Santander,8,Electrodomesticos y muebles,1,152.3849,-17.8000,8.5325,18.4700,39679.6592,-17.5000,8.0034,18.3000,41860.6645,0,64757.0000,125487.0000
2022-03-01,2022,3,Santander,9,Articulos y utensilios domesticos,0,139.3149,-17.8000,8.5325,18.4700,39679.6592,-17.5000,8.0034,18.3000,41860.6645,0,64757.0000,125487.0000
2022-03-01,2022,3,Santander,10,Aseo del hogar,0,123.1240,-17.8000,8.5325,18.4700,39679.6592,-17.5000,8.0034,18.3000,41860.6645,0,64757.0000,125487.0000
2022-03-01,2022,3,Santander,11,Informatica y telecomunicaciones,0,214.3304,-17.8000,8.5325,18.4700,39679.6592,-17.5000,8.0034,18.3000,41860.6645,0,64757.0000,125487.0000
2022-03-01,2022,3,Santander,12,Sonido y video,0,173.2046,-17.8000,8.5325,18.4700,39679.6592,-17.5000,8.0034,18.3000,41860.6645,0,64757.0000,125487.0000
2022-03-01,2022,3,Santander,14,"Ferreteria, vidrios y pinturas",0,147.9300,-17.8000,8.5325,18.4700,39679.6592,-17.5000,8.0034,18.3000,41860.6645,0,64757.0000,125487.0000
2022-03-01,2022,3,Santander,15,Otras mercancias de uso domestico,0,105.1423,-17.8000,8.5325,18.4700,39679.6592,-17.5000,8.0034,18.3000,41860.6645,0,64757.0000,125487.0000
2022-03-01,2022,3,Valle del Cauca,4,Prendas de vestir y textiles,0,98.1099,-17.8000,8.5325,18.4700,39679.6592,-17.5000,8.0034,18.3000,41860.6645,0,204473.0000,159160.0000
2022-03-01,2022,3,Valle del Cauca,8,Electrodomesticos y muebles,1,148.7125,-17.8000,8.5325,18.4700,39679.6592,-17.5000,8.0034,18.3000,41860.6645,0,204473.0000,159160.0000
2022-03-01,2022,3,Valle del Cauca,9,Articulos y utensilios domesticos,0,109.3540,-17.8000,8.5325,18.4700,39679.6592,-17.5000,8.0034,18.3000,41860.6645,0,204473.0000,159160.0000
2022-03-01,2022,3,Valle del Cauca,10,Aseo del hogar,0,126.4706,-17.8000,8.5325,18.4700,39679.6592,-17.5000,8.0034,18.3000,41860.6645,0,204473.0000,159160.0000
2022-03-01,2022,3,Valle del Cauca,11,Informatica y telecomunicaciones,0,215.9692,-17.8000,8.5325,18.4700,39679.6592,-17.5000,8.0034,18.3000,41860.6645,0,204473.0000,159160.0000
2022-03-01,2022,3,Valle del Cauca,12,Sonido y video,0,152.8383,-17.8000,8.5325,18.4700,39679.6592,-17.5000,8.0034,18.3000,41860.6645,0,204473.0000,159160.0000
2022-03-01,2022,3,Valle del Cauca,14,"Ferreteria, vidrios y pinturas",0,124.0290,-17.8000,8.5325,18.4700,39679.6592,-17.5000,8.0034,18.3000,41860.6645,0,204473.0000,159160.0000
2022-03-01,2022,3,Valle del Cauca,15,Otras mercancias de uso domestico,0,92.7187,-17.8000,8.5325,18.4700,39679.6592,-17.5000,8.0034,18.3000,41860.6645,0,204473.0000,159160.0000
2022-03-01,2022,3,Otros departamentos,4,Prendas de vestir y textiles,0,92.5781,-17.8000,8.5325,18.4700,39679.6592,-17.5000,8.0034,18.3000,41860.6645,0,910295.0000,415430.0000
2022-03-01,2022,3,Otros departamentos,8,Electrodomesticos y muebles,1,160.6566,-17.8000,8.5325,18.4700,39679.6592,-17.5000,8.0034,18.3000,41860.6645,0,910295.0000,415430.0000
2022-03-01,2022,3,Otros departamentos,9,Articulos y utensilios domesticos,0,117.0112,-17.8000,8.5325,18.4700,39679.6592,-17.5000,8.0034,18.3000,41860.6645,0,910295.0000,415430.0000
2022-03-01,2022,3,Otros departamentos,10,Aseo del hogar,0,128.5704,-17.8000,8.5325,18.4700,39679.6592,-17.5000,8.0034,18.3000,41860.6645,0,910295.0000,415430.0000
2022-03-01,2022,3,Otros departamentos,11,Informatica y telecomunicaciones,0,243.6302,-17.8000,8.5325,18.4700,39679.6592,-17.5000,8.0034,18.3000,41860.6645,0,910295.0000,415430.0000
2022-03-01,2022,3,Otros departamentos,12,Sonido y video,0,169.9861,-17.8000,8.5325,18.4700,39679.6592,-17.5000,8.0034,18.3000,41860.6645,0,910295.0000,415430.0000
2022-03-01,2022,3,Otros departamentos,14,"Ferreteria, vidrios y pinturas",0,131.2474,-17.8000,8.5325,18.4700,39679.6592,-17.5000,8.0034,18.3000,41860.6645,0,910295.0000,415430.0000
2022-03-01,2022,3,Otros departamentos,15,Otras mercancias de uso domestico,0,110.2194,-17.8000,8.5325,18.4700,39679.6592,-17.5000,8.0034,18.3000,41860.6645,0,910295.0000,415430.0000
2022-04-01,2022,4,Antioquia,4,Prendas de vestir y textiles,0,101.5261,-17.5000,9.2335,19.0500,31337.4358,-17.8000,8.5325,18.4700,39679.6592,0,368836.0000,332546.0000
2022-04-01,2022,4,Antioquia,8,Electrodomesticos y muebles,1,111.2123,-17.5000,9.2335,19.0500,31337.4358,-17.8000,8.5325,18.4700,39679.6592,0,368836.0000,332546.0000
2022-04-01,2022,4,Antioquia,9,Articulos y utensilios domesticos,0,118.6859,-17.5000,9.2335,19.0500,31337.4358,-17.8000,8.5325,18.4700,39679.6592,0,368836.0000,332546.0000
2022-04-01,2022,4,Antioquia,10,Aseo del hogar,0,126.4286,-17.5000,9.2335,19.0500,31337.4358,-17.8000,8.5325,18.4700,39679.6592,0,368836.0000,332546.0000
2022-04-01,2022,4,Antioquia,11,Informatica y telecomunicaciones,0,141.2574,-17.5000,9.2335,19.0500,31337.4358,-17.8000,8.5325,18.4700,39679.6592,0,368836.0000,332546.0000
2022-04-01,2022,4,Antioquia,12,Sonido y video,0,91.6554,-17.5000,9.2335,19.0500,31337.4358,-17.8000,8.5325,18.4700,39679.6592,0,368836.0000,332546.0000
2022-04-01,2022,4,Antioquia,14,"Ferreteria, vidrios y pinturas",0,122.5369,-17.5000,9.2335,19.0500,31337.4358,-17.8000,8.5325,18.4700,39679.6592,0,368836.0000,332546.0000
2022-04-01,2022,4,Antioquia,15,Otras mercancias de uso domestico,0,113.8929,-17.5000,9.2335,19.0500,31337.4358,-17.8000,8.5325,18.4700,39679.6592,0,368836.0000,332546.0000
2022-04-01,2022,4,Atlantico,4,Prendas de vestir y textiles,0,106.1424,-17.5000,9.2335,19.0500,31337.4358,-17.8000,8.5325,18.4700,39679.6592,0,165584.0000,82204.0000
2022-04-01,2022,4,Atlantico,8,Electrodomesticos y muebles,1,114.5007,-17.5000,9.2335,19.0500,31337.4358,-17.8000,8.5325,18.4700,39679.6592,0,165584.0000,82204.0000
2022-04-01,2022,4,Atlantico,9,Articulos y utensilios domesticos,0,130.2518,-17.5000,9.2335,19.0500,31337.4358,-17.8000,8.5325,18.4700,39679.6592,0,165584.0000,82204.0000
2022-04-01,2022,4,Atlantico,10,Aseo del hogar,0,121.8866,-17.5000,9.2335,19.0500,31337.4358,-17.8000,8.5325,18.4700,39679.6592,0,165584.0000,82204.0000
2022-04-01,2022,4,Atlantico,11,Informatica y telecomunicaciones,0,165.2894,-17.5000,9.2335,19.0500,31337.4358,-17.8000,8.5325,18.4700,39679.6592,0,165584.0000,82204.0000
2022-04-01,2022,4,Atlantico,12,Sonido y video,0,92.4993,-17.5000,9.2335,19.0500,31337.4358,-17.8000,8.5325,18.4700,39679.6592,0,165584.0000,82204.0000
2022-04-01,2022,4,Atlantico,14,"Ferreteria, vidrios y pinturas",0,123.7429,-17.5000,9.2335,19.0500,31337.4358,-17.8000,8.5325,18.4700,39679.6592,0,165584.0000,82204.0000
2022-04-01,2022,4,Atlantico,15,Otras mercancias de uso domestico,0,101.0760,-17.5000,9.2335,19.0500,31337.4358,-17.8000,8.5325,18.4700,39679.6592,0,165584.0000,82204.0000
2022-04-01,2022,4,Bogota,4,Prendas de vestir y textiles,0,112.1990,-17.5000,9.2335,19.0500,31337.4358,-17.8000,8.5325,18.4700,39679.6592,0,532443.0000,240347.0000
2022-04-01,2022,4,Bogota,8,Electrodomesticos y muebles,1,107.2316,-17.5000,9.2335,19.0500,31337.4358,-17.8000,8.5325,18.4700,39679.6592,0,532443.0000,240347.0000
2022-04-01,2022,4,Bogota,9,Articulos y utensilios domesticos,0,118.5172,-17.5000,9.2335,19.0500,31337.4358,-17.8000,8.5325,18.4700,39679.6592,0,532443.0000,240347.0000
2022-04-01,2022,4,Bogota,10,Aseo del hogar,0,116.4340,-17.5000,9.2335,19.0500,31337.4358,-17.8000,8.5325,18.4700,39679.6592,0,532443.0000,240347.0000
2022-04-01,2022,4,Bogota,11,Informatica y telecomunicaciones,0,153.4440,-17.5000,9.2335,19.0500,31337.4358,-17.8000,8.5325,18.4700,39679.6592,0,532443.0000,240347.0000
2022-04-01,2022,4,Bogota,12,Sonido y video,0,86.4329,-17.5000,9.2335,19.0500,31337.4358,-17.8000,8.5325,18.4700,39679.6592,0,532443.0000,240347.0000
2022-04-01,2022,4,Bogota,14,"Ferreteria, vidrios y pinturas",0,112.5561,-17.5000,9.2335,19.0500,31337.4358,-17.8000,8.5325,18.4700,39679.6592,0,532443.0000,240347.0000
2022-04-01,2022,4,Bogota,15,Otras mercancias de uso domestico,0,102.8556,-17.5000,9.2335,19.0500,31337.4358,-17.8000,8.5325,18.4700,39679.6592,0,532443.0000,240347.0000
2022-04-01,2022,4,Cundinamarca,4,Prendas de vestir y textiles,0,135.5973,-17.5000,9.2335,19.0500,31337.4358,-17.8000,8.5325,18.4700,39679.6592,0,314143.0000,119943.0000
2022-04-01,2022,4,Cundinamarca,8,Electrodomesticos y muebles,1,122.5656,-17.5000,9.2335,19.0500,31337.4358,-17.8000,8.5325,18.4700,39679.6592,0,314143.0000,119943.0000
2022-04-01,2022,4,Cundinamarca,9,Articulos y utensilios domesticos,0,138.4878,-17.5000,9.2335,19.0500,31337.4358,-17.8000,8.5325,18.4700,39679.6592,0,314143.0000,119943.0000
2022-04-01,2022,4,Cundinamarca,10,Aseo del hogar,0,134.2792,-17.5000,9.2335,19.0500,31337.4358,-17.8000,8.5325,18.4700,39679.6592,0,314143.0000,119943.0000
2022-04-01,2022,4,Cundinamarca,11,Informatica y telecomunicaciones,0,167.7689,-17.5000,9.2335,19.0500,31337.4358,-17.8000,8.5325,18.4700,39679.6592,0,314143.0000,119943.0000
2022-04-01,2022,4,Cundinamarca,12,Sonido y video,0,101.6637,-17.5000,9.2335,19.0500,31337.4358,-17.8000,8.5325,18.4700,39679.6592,0,314143.0000,119943.0000
2022-04-01,2022,4,Cundinamarca,14,"Ferreteria, vidrios y pinturas",0,133.1180,-17.5000,9.2335,19.0500,31337.4358,-17.8000,8.5325,18.4700,39679.6592,0,314143.0000,119943.0000
2022-04-01,2022,4,Cundinamarca,15,Otras mercancias de uso domestico,0,129.8220,-17.5000,9.2335,19.0500,31337.4358,-17.8000,8.5325,18.4700,39679.6592,0,314143.0000,119943.0000
2022-04-01,2022,4,Santander,4,Prendas de vestir y textiles,0,113.8789,-17.5000,9.2335,19.0500,31337.4358,-17.8000,8.5325,18.4700,39679.6592,0,46148.0000,64757.0000
2022-04-01,2022,4,Santander,8,Electrodomesticos y muebles,1,104.0370,-17.5000,9.2335,19.0500,31337.4358,-17.8000,8.5325,18.4700,39679.6592,0,46148.0000,64757.0000
2022-04-01,2022,4,Santander,9,Articulos y utensilios domesticos,0,116.5164,-17.5000,9.2335,19.0500,31337.4358,-17.8000,8.5325,18.4700,39679.6592,0,46148.0000,64757.0000
2022-04-01,2022,4,Santander,10,Aseo del hogar,0,112.9823,-17.5000,9.2335,19.0500,31337.4358,-17.8000,8.5325,18.4700,39679.6592,0,46148.0000,64757.0000
2022-04-01,2022,4,Santander,11,Informatica y telecomunicaciones,0,143.6323,-17.5000,9.2335,19.0500,31337.4358,-17.8000,8.5325,18.4700,39679.6592,0,46148.0000,64757.0000
2022-04-01,2022,4,Santander,12,Sonido y video,0,85.0174,-17.5000,9.2335,19.0500,31337.4358,-17.8000,8.5325,18.4700,39679.6592,0,46148.0000,64757.0000
2022-04-01,2022,4,Santander,14,"Ferreteria, vidrios y pinturas",0,118.6289,-17.5000,9.2335,19.0500,31337.4358,-17.8000,8.5325,18.4700,39679.6592,0,46148.0000,64757.0000
2022-04-01,2022,4,Santander,15,Otras mercancias de uso domestico,0,95.1697,-17.5000,9.2335,19.0500,31337.4358,-17.8000,8.5325,18.4700,39679.6592,0,46148.0000,64757.0000
2022-04-01,2022,4,Valle del Cauca,4,Prendas de vestir y textiles,0,86.4232,-17.5000,9.2335,19.0500,31337.4358,-17.8000,8.5325,18.4700,39679.6592,0,121172.0000,204473.0000
2022-04-01,2022,4,Valle del Cauca,8,Electrodomesticos y muebles,1,95.0883,-17.5000,9.2335,19.0500,31337.4358,-17.8000,8.5325,18.4700,39679.6592,0,121172.0000,204473.0000
2022-04-01,2022,4,Valle del Cauca,9,Articulos y utensilios domesticos,0,112.1175,-17.5000,9.2335,19.0500,31337.4358,-17.8000,8.5325,18.4700,39679.6592,0,121172.0000,204473.0000
2022-04-01,2022,4,Valle del Cauca,10,Aseo del hogar,0,120.1177,-17.5000,9.2335,19.0500,31337.4358,-17.8000,8.5325,18.4700,39679.6592,0,121172.0000,204473.0000
2022-04-01,2022,4,Valle del Cauca,11,Informatica y telecomunicaciones,0,165.9208,-17.5000,9.2335,19.0500,31337.4358,-17.8000,8.5325,18.4700,39679.6592,0,121172.0000,204473.0000
2022-04-01,2022,4,Valle del Cauca,12,Sonido y video,0,85.8659,-17.5000,9.2335,19.0500,31337.4358,-17.8000,8.5325,18.4700,39679.6592,0,121172.0000,204473.0000
2022-04-01,2022,4,Valle del Cauca,14,"Ferreteria, vidrios y pinturas",0,116.5347,-17.5000,9.2335,19.0500,31337.4358,-17.8000,8.5325,18.4700,39679.6592,0,121172.0000,204473.0000
2022-04-01,2022,4,Valle del Cauca,15,Otras mercancias de uso domestico,0,87.1954,-17.5000,9.2335,19.0500,31337.4358,-17.8000,8.5325,18.4700,39679.6592,0,121172.0000,204473.0000
2022-04-01,2022,4,Otros departamentos,4,Prendas de vestir y textiles,0,94.2188,-17.5000,9.2335,19.0500,31337.4358,-17.8000,8.5325,18.4700,39679.6592,0,468415.0000,910295.0000
2022-04-01,2022,4,Otros departamentos,8,Electrodomesticos y muebles,1,117.2678,-17.5000,9.2335,19.0500,31337.4358,-17.8000,8.5325,18.4700,39679.6592,0,468415.0000,910295.0000
2022-04-01,2022,4,Otros departamentos,9,Articulos y utensilios domesticos,0,111.9114,-17.5000,9.2335,19.0500,31337.4358,-17.8000,8.5325,18.4700,39679.6592,0,468415.0000,910295.0000
2022-04-01,2022,4,Otros departamentos,10,Aseo del hogar,0,138.0244,-17.5000,9.2335,19.0500,31337.4358,-17.8000,8.5325,18.4700,39679.6592,0,468415.0000,910295.0000
2022-04-01,2022,4,Otros departamentos,11,Informatica y telecomunicaciones,0,168.2455,-17.5000,9.2335,19.0500,31337.4358,-17.8000,8.5325,18.4700,39679.6592,0,468415.0000,910295.0000
2022-04-01,2022,4,Otros departamentos,12,Sonido y video,0,98.0300,-17.5000,9.2335,19.0500,31337.4358,-17.8000,8.5325,18.4700,39679.6592,0,468415.0000,910295.0000
2022-04-01,2022,4,Otros departamentos,14,"Ferreteria, vidrios y pinturas",0,119.2925,-17.5000,9.2335,19.0500,31337.4358,-17.8000,8.5325,18.4700,39679.6592,0,468415.0000,910295.0000
2022-04-01,2022,4,Otros departamentos,15,Otras mercancias de uso domestico,0,110.8291,-17.5000,9.2335,19.0500,31337.4358,-17.8000,8.5325,18.4700,39679.6592,0,468415.0000,910295.0000
2022-05-01,2022,5,Antioquia,4,Prendas de vestir y textiles,0,122.3586,-14.7000,9.0592,19.7100,32500.1678,-17.5000,9.2335,19.0500,31337.4358,0,353461.0000,368836.0000
2022-05-01,2022,5,Antioquia,8,Electrodomesticos y muebles,1,113.2149,-14.7000,9.0592,19.7100,32500.1678,-17.5000,9.2335,19.0500,31337.4358,0,353461.0000,368836.0000
2022-05-01,2022,5,Antioquia,9,Articulos y utensilios domesticos,0,117.2961,-14.7000,9.0592,19.7100,32500.1678,-17.5000,9.2335,19.0500,31337.4358,0,353461.0000,368836.0000
2022-05-01,2022,5,Antioquia,10,Aseo del hogar,0,127.7860,-14.7000,9.0592,19.7100,32500.1678,-17.5000,9.2335,19.0500,31337.4358,0,353461.0000,368836.0000
2022-05-01,2022,5,Antioquia,11,Informatica y telecomunicaciones,0,162.7703,-14.7000,9.0592,19.7100,32500.1678,-17.5000,9.2335,19.0500,31337.4358,0,353461.0000,368836.0000
2022-05-01,2022,5,Antioquia,12,Sonido y video,0,102.5416,-14.7000,9.0592,19.7100,32500.1678,-17.5000,9.2335,19.0500,31337.4358,0,353461.0000,368836.0000
2022-05-01,2022,5,Antioquia,14,"Ferreteria, vidrios y pinturas",0,127.1920,-14.7000,9.0592,19.7100,32500.1678,-17.5000,9.2335,19.0500,31337.4358,0,353461.0000,368836.0000
2022-05-01,2022,5,Antioquia,15,Otras mercancias de uso domestico,0,115.9969,-14.7000,9.0592,19.7100,32500.1678,-17.5000,9.2335,19.0500,31337.4358,0,353461.0000,368836.0000
2022-05-01,2022,5,Atlantico,4,Prendas de vestir y textiles,0,114.7262,-14.7000,9.0592,19.7100,32500.1678,-17.5000,9.2335,19.0500,31337.4358,0,64753.0000,165584.0000
2022-05-01,2022,5,Atlantico,8,Electrodomesticos y muebles,1,106.9993,-14.7000,9.0592,19.7100,32500.1678,-17.5000,9.2335,19.0500,31337.4358,0,64753.0000,165584.0000
2022-05-01,2022,5,Atlantico,9,Articulos y utensilios domesticos,0,133.2854,-14.7000,9.0592,19.7100,32500.1678,-17.5000,9.2335,19.0500,31337.4358,0,64753.0000,165584.0000
2022-05-01,2022,5,Atlantico,10,Aseo del hogar,0,126.4038,-14.7000,9.0592,19.7100,32500.1678,-17.5000,9.2335,19.0500,31337.4358,0,64753.0000,165584.0000
2022-05-01,2022,5,Atlantico,11,Informatica y telecomunicaciones,0,192.1120,-14.7000,9.0592,19.7100,32500.1678,-17.5000,9.2335,19.0500,31337.4358,0,64753.0000,165584.0000
2022-05-01,2022,5,Atlantico,12,Sonido y video,0,100.0781,-14.7000,9.0592,19.7100,32500.1678,-17.5000,9.2335,19.0500,31337.4358,0,64753.0000,165584.0000
2022-05-01,2022,5,Atlantico,14,"Ferreteria, vidrios y pinturas",0,135.9285,-14.7000,9.0592,19.7100,32500.1678,-17.5000,9.2335,19.0500,31337.4358,0,64753.0000,165584.0000
2022-05-01,2022,5,Atlantico,15,Otras mercancias de uso domestico,0,104.1578,-14.7000,9.0592,19.7100,32500.1678,-17.5000,9.2335,19.0500,31337.4358,0,64753.0000,165584.0000
2022-05-01,2022,5,Bogota,4,Prendas de vestir y textiles,0,108.7531,-14.7000,9.0592,19.7100,32500.1678,-17.5000,9.2335,19.0500,31337.4358,0,218124.0000,532443.0000
2022-05-01,2022,5,Bogota,8,Electrodomesticos y muebles,1,121.9963,-14.7000,9.0592,19.7100,32500.1678,-17.5000,9.2335,19.0500,31337.4358,0,218124.0000,532443.0000
2022-05-01,2022,5,Bogota,9,Articulos y utensilios domesticos,0,126.2591,-14.7000,9.0592,19.7100,32500.1678,-17.5000,9.2335,19.0500,31337.4358,0,218124.0000,532443.0000
2022-05-01,2022,5,Bogota,10,Aseo del hogar,0,126.0857,-14.7000,9.0592,19.7100,32500.1678,-17.5000,9.2335,19.0500,31337.4358,0,218124.0000,532443.0000
2022-05-01,2022,5,Bogota,11,Informatica y telecomunicaciones,0,191.5628,-14.7000,9.0592,19.7100,32500.1678,-17.5000,9.2335,19.0500,31337.4358,0,218124.0000,532443.0000
2022-05-01,2022,5,Bogota,12,Sonido y video,0,96.8907,-14.7000,9.0592,19.7100,32500.1678,-17.5000,9.2335,19.0500,31337.4358,0,218124.0000,532443.0000
2022-05-01,2022,5,Bogota,14,"Ferreteria, vidrios y pinturas",0,117.5222,-14.7000,9.0592,19.7100,32500.1678,-17.5000,9.2335,19.0500,31337.4358,0,218124.0000,532443.0000
2022-05-01,2022,5,Bogota,15,Otras mercancias de uso domestico,0,117.1158,-14.7000,9.0592,19.7100,32500.1678,-17.5000,9.2335,19.0500,31337.4358,0,218124.0000,532443.0000
2022-05-01,2022,5,Cundinamarca,4,Prendas de vestir y textiles,0,136.1011,-14.7000,9.0592,19.7100,32500.1678,-17.5000,9.2335,19.0500,31337.4358,0,318525.0000,314143.0000
2022-05-01,2022,5,Cundinamarca,8,Electrodomesticos y muebles,1,131.8336,-14.7000,9.0592,19.7100,32500.1678,-17.5000,9.2335,19.0500,31337.4358,0,318525.0000,314143.0000
2022-05-01,2022,5,Cundinamarca,9,Articulos y utensilios domesticos,0,136.7207,-14.7000,9.0592,19.7100,32500.1678,-17.5000,9.2335,19.0500,31337.4358,0,318525.0000,314143.0000
2022-05-01,2022,5,Cundinamarca,10,Aseo del hogar,0,159.6428,-14.7000,9.0592,19.7100,32500.1678,-17.5000,9.2335,19.0500,31337.4358,0,318525.0000,314143.0000
2022-05-01,2022,5,Cundinamarca,11,Informatica y telecomunicaciones,0,204.6967,-14.7000,9.0592,19.7100,32500.1678,-17.5000,9.2335,19.0500,31337.4358,0,318525.0000,314143.0000
2022-05-01,2022,5,Cundinamarca,12,Sonido y video,0,112.0477,-14.7000,9.0592,19.7100,32500.1678,-17.5000,9.2335,19.0500,31337.4358,0,318525.0000,314143.0000
2022-05-01,2022,5,Cundinamarca,14,"Ferreteria, vidrios y pinturas",0,139.9282,-14.7000,9.0592,19.7100,32500.1678,-17.5000,9.2335,19.0500,31337.4358,0,318525.0000,314143.0000
2022-05-01,2022,5,Cundinamarca,15,Otras mercancias de uso domestico,0,136.2507,-14.7000,9.0592,19.7100,32500.1678,-17.5000,9.2335,19.0500,31337.4358,0,318525.0000,314143.0000
2022-05-01,2022,5,Santander,4,Prendas de vestir y textiles,0,128.3070,-14.7000,9.0592,19.7100,32500.1678,-17.5000,9.2335,19.0500,31337.4358,0,56769.0000,46148.0000
2022-05-01,2022,5,Santander,8,Electrodomesticos y muebles,1,119.2078,-14.7000,9.0592,19.7100,32500.1678,-17.5000,9.2335,19.0500,31337.4358,0,56769.0000,46148.0000
2022-05-01,2022,5,Santander,9,Articulos y utensilios domesticos,0,123.6294,-14.7000,9.0592,19.7100,32500.1678,-17.5000,9.2335,19.0500,31337.4358,0,56769.0000,46148.0000
2022-05-01,2022,5,Santander,10,Aseo del hogar,0,130.6754,-14.7000,9.0592,19.7100,32500.1678,-17.5000,9.2335,19.0500,31337.4358,0,56769.0000,46148.0000
2022-05-01,2022,5,Santander,11,Informatica y telecomunicaciones,0,162.7082,-14.7000,9.0592,19.7100,32500.1678,-17.5000,9.2335,19.0500,31337.4358,0,56769.0000,46148.0000
2022-05-01,2022,5,Santander,12,Sonido y video,0,89.7272,-14.7000,9.0592,19.7100,32500.1678,-17.5000,9.2335,19.0500,31337.4358,0,56769.0000,46148.0000
2022-05-01,2022,5,Santander,14,"Ferreteria, vidrios y pinturas",0,124.4388,-14.7000,9.0592,19.7100,32500.1678,-17.5000,9.2335,19.0500,31337.4358,0,56769.0000,46148.0000
2022-05-01,2022,5,Santander,15,Otras mercancias de uso domestico,0,99.5098,-14.7000,9.0592,19.7100,32500.1678,-17.5000,9.2335,19.0500,31337.4358,0,56769.0000,46148.0000
2022-05-01,2022,5,Valle del Cauca,4,Prendas de vestir y textiles,0,91.0074,-14.7000,9.0592,19.7100,32500.1678,-17.5000,9.2335,19.0500,31337.4358,0,190083.0000,121172.0000
2022-05-01,2022,5,Valle del Cauca,8,Electrodomesticos y muebles,1,93.9723,-14.7000,9.0592,19.7100,32500.1678,-17.5000,9.2335,19.0500,31337.4358,0,190083.0000,121172.0000
2022-05-01,2022,5,Valle del Cauca,9,Articulos y utensilios domesticos,0,103.2906,-14.7000,9.0592,19.7100,32500.1678,-17.5000,9.2335,19.0500,31337.4358,0,190083.0000,121172.0000
2022-05-01,2022,5,Valle del Cauca,10,Aseo del hogar,0,123.7625,-14.7000,9.0592,19.7100,32500.1678,-17.5000,9.2335,19.0500,31337.4358,0,190083.0000,121172.0000
2022-05-01,2022,5,Valle del Cauca,11,Informatica y telecomunicaciones,0,182.9357,-14.7000,9.0592,19.7100,32500.1678,-17.5000,9.2335,19.0500,31337.4358,0,190083.0000,121172.0000
2022-05-01,2022,5,Valle del Cauca,12,Sonido y video,0,86.8864,-14.7000,9.0592,19.7100,32500.1678,-17.5000,9.2335,19.0500,31337.4358,0,190083.0000,121172.0000
2022-05-01,2022,5,Valle del Cauca,14,"Ferreteria, vidrios y pinturas",0,119.8504,-14.7000,9.0592,19.7100,32500.1678,-17.5000,9.2335,19.0500,31337.4358,0,190083.0000,121172.0000
2022-05-01,2022,5,Valle del Cauca,15,Otras mercancias de uso domestico,0,91.9571,-14.7000,9.0592,19.7100,32500.1678,-17.5000,9.2335,19.0500,31337.4358,0,190083.0000,121172.0000
2022-05-01,2022,5,Otros departamentos,4,Prendas de vestir y textiles,0,110.7702,-14.7000,9.0592,19.7100,32500.1678,-17.5000,9.2335,19.0500,31337.4358,0,580586.0000,468415.0000
2022-05-01,2022,5,Otros departamentos,8,Electrodomesticos y muebles,1,120.1326,-14.7000,9.0592,19.7100,32500.1678,-17.5000,9.2335,19.0500,31337.4358,0,580586.0000,468415.0000
2022-05-01,2022,5,Otros departamentos,9,Articulos y utensilios domesticos,0,118.4932,-14.7000,9.0592,19.7100,32500.1678,-17.5000,9.2335,19.0500,31337.4358,0,580586.0000,468415.0000
2022-05-01,2022,5,Otros departamentos,10,Aseo del hogar,0,141.3867,-14.7000,9.0592,19.7100,32500.1678,-17.5000,9.2335,19.0500,31337.4358,0,580586.0000,468415.0000
2022-05-01,2022,5,Otros departamentos,11,Informatica y telecomunicaciones,0,175.3648,-14.7000,9.0592,19.7100,32500.1678,-17.5000,9.2335,19.0500,31337.4358,0,580586.0000,468415.0000
2022-05-01,2022,5,Otros departamentos,12,Sonido y video,0,100.2274,-14.7000,9.0592,19.7100,32500.1678,-17.5000,9.2335,19.0500,31337.4358,0,580586.0000,468415.0000
2022-05-01,2022,5,Otros departamentos,14,"Ferreteria, vidrios y pinturas",0,115.6625,-14.7000,9.0592,19.7100,32500.1678,-17.5000,9.2335,19.0500,31337.4358,0,580586.0000,468415.0000
2022-05-01,2022,5,Otros departamentos,15,Otras mercancias de uso domestico,0,110.7724,-14.7000,9.0592,19.7100,32500.1678,-17.5000,9.2335,19.0500,31337.4358,0,580586.0000,468415.0000
2022-06-01,2022,6,Antioquia,4,Prendas de vestir y textiles,0,137.0580,2.9000,9.6801,20.4000,34020.8791,-14.7000,9.0592,19.7100,32500.1678,0,393314.0000,353461.0000
2022-06-01,2022,6,Antioquia,8,Electrodomesticos y muebles,1,175.7127,2.9000,9.6801,20.4000,34020.8791,-14.7000,9.0592,19.7100,32500.1678,0,393314.0000,353461.0000
2022-06-01,2022,6,Antioquia,9,Articulos y utensilios domesticos,0,111.0580,2.9000,9.6801,20.4000,34020.8791,-14.7000,9.0592,19.7100,32500.1678,0,393314.0000,353461.0000
2022-06-01,2022,6,Antioquia,10,Aseo del hogar,0,124.9921,2.9000,9.6801,20.4000,34020.8791,-14.7000,9.0592,19.7100,32500.1678,0,393314.0000,353461.0000
2022-06-01,2022,6,Antioquia,11,Informatica y telecomunicaciones,0,216.5020,2.9000,9.6801,20.4000,34020.8791,-14.7000,9.0592,19.7100,32500.1678,0,393314.0000,353461.0000
2022-06-01,2022,6,Antioquia,12,Sonido y video,0,216.5102,2.9000,9.6801,20.4000,34020.8791,-14.7000,9.0592,19.7100,32500.1678,0,393314.0000,353461.0000
2022-06-01,2022,6,Antioquia,14,"Ferreteria, vidrios y pinturas",0,126.0291,2.9000,9.6801,20.4000,34020.8791,-14.7000,9.0592,19.7100,32500.1678,0,393314.0000,353461.0000
2022-06-01,2022,6,Antioquia,15,Otras mercancias de uso domestico,0,112.7293,2.9000,9.6801,20.4000,34020.8791,-14.7000,9.0592,19.7100,32500.1678,0,393314.0000,353461.0000
2022-06-01,2022,6,Atlantico,4,Prendas de vestir y textiles,0,150.0108,2.9000,9.6801,20.4000,34020.8791,-14.7000,9.0592,19.7100,32500.1678,0,202627.0000,64753.0000
2022-06-01,2022,6,Atlantico,8,Electrodomesticos y muebles,1,195.8068,2.9000,9.6801,20.4000,34020.8791,-14.7000,9.0592,19.7100,32500.1678,0,202627.0000,64753.0000
2022-06-01,2022,6,Atlantico,9,Articulos y utensilios domesticos,0,128.4902,2.9000,9.6801,20.4000,34020.8791,-14.7000,9.0592,19.7100,32500.1678,0,202627.0000,64753.0000
2022-06-01,2022,6,Atlantico,10,Aseo del hogar,0,127.3307,2.9000,9.6801,20.4000,34020.8791,-14.7000,9.0592,19.7100,32500.1678,0,202627.0000,64753.0000
2022-06-01,2022,6,Atlantico,11,Informatica y telecomunicaciones,0,292.6407,2.9000,9.6801,20.4000,34020.8791,-14.7000,9.0592,19.7100,32500.1678,0,202627.0000,64753.0000
2022-06-01,2022,6,Atlantico,12,Sonido y video,0,215.6888,2.9000,9.6801,20.4000,34020.8791,-14.7000,9.0592,19.7100,32500.1678,0,202627.0000,64753.0000
2022-06-01,2022,6,Atlantico,14,"Ferreteria, vidrios y pinturas",0,132.9771,2.9000,9.6801,20.4000,34020.8791,-14.7000,9.0592,19.7100,32500.1678,0,202627.0000,64753.0000
2022-06-01,2022,6,Atlantico,15,Otras mercancias de uso domestico,0,110.3533,2.9000,9.6801,20.4000,34020.8791,-14.7000,9.0592,19.7100,32500.1678,0,202627.0000,64753.0000
2022-06-01,2022,6,Bogota,4,Prendas de vestir y textiles,0,124.4151,2.9000,9.6801,20.4000,34020.8791,-14.7000,9.0592,19.7100,32500.1678,0,268531.0000,218124.0000
2022-06-01,2022,6,Bogota,8,Electrodomesticos y muebles,1,198.9490,2.9000,9.6801,20.4000,34020.8791,-14.7000,9.0592,19.7100,32500.1678,0,268531.0000,218124.0000
2022-06-01,2022,6,Bogota,9,Articulos y utensilios domesticos,0,142.8832,2.9000,9.6801,20.4000,34020.8791,-14.7000,9.0592,19.7100,32500.1678,0,268531.0000,218124.0000
2022-06-01,2022,6,Bogota,10,Aseo del hogar,0,128.4592,2.9000,9.6801,20.4000,34020.8791,-14.7000,9.0592,19.7100,32500.1678,0,268531.0000,218124.0000
2022-06-01,2022,6,Bogota,11,Informatica y telecomunicaciones,0,245.7179,2.9000,9.6801,20.4000,34020.8791,-14.7000,9.0592,19.7100,32500.1678,0,268531.0000,218124.0000
2022-06-01,2022,6,Bogota,12,Sonido y video,0,228.5605,2.9000,9.6801,20.4000,34020.8791,-14.7000,9.0592,19.7100,32500.1678,0,268531.0000,218124.0000
2022-06-01,2022,6,Bogota,14,"Ferreteria, vidrios y pinturas",0,124.1048,2.9000,9.6801,20.4000,34020.8791,-14.7000,9.0592,19.7100,32500.1678,0,268531.0000,218124.0000
2022-06-01,2022,6,Bogota,15,Otras mercancias de uso domestico,0,114.7806,2.9000,9.6801,20.4000,34020.8791,-14.7000,9.0592,19.7100,32500.1678,0,268531.0000,218124.0000
2022-06-01,2022,6,Cundinamarca,4,Prendas de vestir y textiles,0,156.5888,2.9000,9.6801,20.4000,34020.8791,-14.7000,9.0592,19.7100,32500.1678,0,388960.0000,318525.0000
2022-06-01,2022,6,Cundinamarca,8,Electrodomesticos y muebles,1,188.1205,2.9000,9.6801,20.4000,34020.8791,-14.7000,9.0592,19.7100,32500.1678,0,388960.0000,318525.0000
2022-06-01,2022,6,Cundinamarca,9,Articulos y utensilios domesticos,0,134.4392,2.9000,9.6801,20.4000,34020.8791,-14.7000,9.0592,19.7100,32500.1678,0,388960.0000,318525.0000
2022-06-01,2022,6,Cundinamarca,10,Aseo del hogar,0,138.4636,2.9000,9.6801,20.4000,34020.8791,-14.7000,9.0592,19.7100,32500.1678,0,388960.0000,318525.0000
2022-06-01,2022,6,Cundinamarca,11,Informatica y telecomunicaciones,0,253.5246,2.9000,9.6801,20.4000,34020.8791,-14.7000,9.0592,19.7100,32500.1678,0,388960.0000,318525.0000
2022-06-01,2022,6,Cundinamarca,12,Sonido y video,0,224.0906,2.9000,9.6801,20.4000,34020.8791,-14.7000,9.0592,19.7100,32500.1678,0,388960.0000,318525.0000
2022-06-01,2022,6,Cundinamarca,14,"Ferreteria, vidrios y pinturas",0,149.5635,2.9000,9.6801,20.4000,34020.8791,-14.7000,9.0592,19.7100,32500.1678,0,388960.0000,318525.0000
2022-06-01,2022,6,Cundinamarca,15,Otras mercancias de uso domestico,0,130.6052,2.9000,9.6801,20.4000,34020.8791,-14.7000,9.0592,19.7100,32500.1678,0,388960.0000,318525.0000
2022-06-01,2022,6,Santander,4,Prendas de vestir y textiles,0,154.3981,2.9000,9.6801,20.4000,34020.8791,-14.7000,9.0592,19.7100,32500.1678,0,73311.0000,56769.0000
2022-06-01,2022,6,Santander,8,Electrodomesticos y muebles,1,169.8239,2.9000,9.6801,20.4000,34020.8791,-14.7000,9.0592,19.7100,32500.1678,0,73311.0000,56769.0000
2022-06-01,2022,6,Santander,9,Articulos y utensilios domesticos,0,131.8556,2.9000,9.6801,20.4000,34020.8791,-14.7000,9.0592,19.7100,32500.1678,0,73311.0000,56769.0000
2022-06-01,2022,6,Santander,10,Aseo del hogar,0,128.9804,2.9000,9.6801,20.4000,34020.8791,-14.7000,9.0592,19.7100,32500.1678,0,73311.0000,56769.0000
2022-06-01,2022,6,Santander,11,Informatica y telecomunicaciones,0,215.5801,2.9000,9.6801,20.4000,34020.8791,-14.7000,9.0592,19.7100,32500.1678,0,73311.0000,56769.0000
2022-06-01,2022,6,Santander,12,Sonido y video,0,209.0900,2.9000,9.6801,20.4000,34020.8791,-14.7000,9.0592,19.7100,32500.1678,0,73311.0000,56769.0000
2022-06-01,2022,6,Santander,14,"Ferreteria, vidrios y pinturas",0,129.4421,2.9000,9.6801,20.4000,34020.8791,-14.7000,9.0592,19.7100,32500.1678,0,73311.0000,56769.0000
2022-06-01,2022,6,Santander,15,Otras mercancias de uso domestico,0,115.0105,2.9000,9.6801,20.4000,34020.8791,-14.7000,9.0592,19.7100,32500.1678,0,73311.0000,56769.0000
2022-06-01,2022,6,Valle del Cauca,4,Prendas de vestir y textiles,0,122.0924,2.9000,9.6801,20.4000,34020.8791,-14.7000,9.0592,19.7100,32500.1678,0,270596.0000,190083.0000
2022-06-01,2022,6,Valle del Cauca,8,Electrodomesticos y muebles,1,150.9894,2.9000,9.6801,20.4000,34020.8791,-14.7000,9.0592,19.7100,32500.1678,0,270596.0000,190083.0000
2022-06-01,2022,6,Valle del Cauca,9,Articulos y utensilios domesticos,0,98.8281,2.9000,9.6801,20.4000,34020.8791,-14.7000,9.0592,19.7100,32500.1678,0,270596.0000,190083.0000
2022-06-01,2022,6,Valle del Cauca,10,Aseo del hogar,0,102.0196,2.9000,9.6801,20.4000,34020.8791,-14.7000,9.0592,19.7100,32500.1678,0,270596.0000,190083.0000
2022-06-01,2022,6,Valle del Cauca,11,Informatica y telecomunicaciones,0,224.8429,2.9000,9.6801,20.4000,34020.8791,-14.7000,9.0592,19.7100,32500.1678,0,270596.0000,190083.0000
2022-06-01,2022,6,Valle del Cauca,12,Sonido y video,0,176.4461,2.9000,9.6801,20.4000,34020.8791,-14.7000,9.0592,19.7100,32500.1678,0,270596.0000,190083.0000
2022-06-01,2022,6,Valle del Cauca,14,"Ferreteria, vidrios y pinturas",0,114.5795,2.9000,9.6801,20.4000,34020.8791,-14.7000,9.0592,19.7100,32500.1678,0,270596.0000,190083.0000
2022-06-01,2022,6,Valle del Cauca,15,Otras mercancias de uso domestico,0,98.4684,2.9000,9.6801,20.4000,34020.8791,-14.7000,9.0592,19.7100,32500.1678,0,270596.0000,190083.0000
2022-06-01,2022,6,Otros departamentos,4,Prendas de vestir y textiles,0,130.4324,2.9000,9.6801,20.4000,34020.8791,-14.7000,9.0592,19.7100,32500.1678,0,915160.0000,580586.0000
2022-06-01,2022,6,Otros departamentos,8,Electrodomesticos y muebles,1,176.9669,2.9000,9.6801,20.4000,34020.8791,-14.7000,9.0592,19.7100,32500.1678,0,915160.0000,580586.0000
2022-06-01,2022,6,Otros departamentos,9,Articulos y utensilios domesticos,0,126.1384,2.9000,9.6801,20.4000,34020.8791,-14.7000,9.0592,19.7100,32500.1678,0,915160.0000,580586.0000
2022-06-01,2022,6,Otros departamentos,10,Aseo del hogar,0,126.7757,2.9000,9.6801,20.4000,34020.8791,-14.7000,9.0592,19.7100,32500.1678,0,915160.0000,580586.0000
2022-06-01,2022,6,Otros departamentos,11,Informatica y telecomunicaciones,0,221.5836,2.9000,9.6801,20.4000,34020.8791,-14.7000,9.0592,19.7100,32500.1678,0,915160.0000,580586.0000
2022-06-01,2022,6,Otros departamentos,12,Sonido y video,0,219.3739,2.9000,9.6801,20.4000,34020.8791,-14.7000,9.0592,19.7100,32500.1678,0,915160.0000,580586.0000
2022-06-01,2022,6,Otros departamentos,14,"Ferreteria, vidrios y pinturas",0,127.8407,2.9000,9.6801,20.4000,34020.8791,-14.7000,9.0592,19.7100,32500.1678,0,915160.0000,580586.0000
2022-06-01,2022,6,Otros departamentos,15,Otras mercancias de uso domestico,0,119.4466,2.9000,9.6801,20.4000,34020.8791,-14.7000,9.0592,19.7100,32500.1678,0,915160.0000,580586.0000
2022-07-01,2022,7,Antioquia,4,Prendas de vestir y textiles,0,132.5568,-10.4000,10.1979,21.2800,41118.8280,2.9000,9.6801,20.4000,34020.8791,0,366204.0000,393314.0000
2022-07-01,2022,7,Antioquia,8,Electrodomesticos y muebles,1,116.1067,-10.4000,10.1979,21.2800,41118.8280,2.9000,9.6801,20.4000,34020.8791,0,366204.0000,393314.0000
2022-07-01,2022,7,Antioquia,9,Articulos y utensilios domesticos,0,116.7422,-10.4000,10.1979,21.2800,41118.8280,2.9000,9.6801,20.4000,34020.8791,0,366204.0000,393314.0000
2022-07-01,2022,7,Antioquia,10,Aseo del hogar,0,134.7540,-10.4000,10.1979,21.2800,41118.8280,2.9000,9.6801,20.4000,34020.8791,0,366204.0000,393314.0000
2022-07-01,2022,7,Antioquia,11,Informatica y telecomunicaciones,0,182.2070,-10.4000,10.1979,21.2800,41118.8280,2.9000,9.6801,20.4000,34020.8791,0,366204.0000,393314.0000
2022-07-01,2022,7,Antioquia,12,Sonido y video,0,106.1511,-10.4000,10.1979,21.2800,41118.8280,2.9000,9.6801,20.4000,34020.8791,0,366204.0000,393314.0000
2022-07-01,2022,7,Antioquia,14,"Ferreteria, vidrios y pinturas",0,129.2037,-10.4000,10.1979,21.2800,41118.8280,2.9000,9.6801,20.4000,34020.8791,0,366204.0000,393314.0000
2022-07-01,2022,7,Antioquia,15,Otras mercancias de uso domestico,0,118.3368,-10.4000,10.1979,21.2800,41118.8280,2.9000,9.6801,20.4000,34020.8791,0,366204.0000,393314.0000
2022-07-01,2022,7,Atlantico,4,Prendas de vestir y textiles,0,139.7139,-10.4000,10.1979,21.2800,41118.8280,2.9000,9.6801,20.4000,34020.8791,0,486888.0000,202627.0000
2022-07-01,2022,7,Atlantico,8,Electrodomesticos y muebles,1,117.4991,-10.4000,10.1979,21.2800,41118.8280,2.9000,9.6801,20.4000,34020.8791,0,486888.0000,202627.0000
2022-07-01,2022,7,Atlantico,9,Articulos y utensilios domesticos,0,137.2577,-10.4000,10.1979,21.2800,41118.8280,2.9000,9.6801,20.4000,34020.8791,0,486888.0000,202627.0000
2022-07-01,2022,7,Atlantico,10,Aseo del hogar,0,141.6202,-10.4000,10.1979,21.2800,41118.8280,2.9000,9.6801,20.4000,34020.8791,0,486888.0000,202627.0000
2022-07-01,2022,7,Atlantico,11,Informatica y telecomunicaciones,0,209.0230,-10.4000,10.1979,21.2800,41118.8280,2.9000,9.6801,20.4000,34020.8791,0,486888.0000,202627.0000
2022-07-01,2022,7,Atlantico,12,Sonido y video,0,112.2073,-10.4000,10.1979,21.2800,41118.8280,2.9000,9.6801,20.4000,34020.8791,0,486888.0000,202627.0000
2022-07-01,2022,7,Atlantico,14,"Ferreteria, vidrios y pinturas",0,141.2077,-10.4000,10.1979,21.2800,41118.8280,2.9000,9.6801,20.4000,34020.8791,0,486888.0000,202627.0000
2022-07-01,2022,7,Atlantico,15,Otras mercancias de uso domestico,0,107.4080,-10.4000,10.1979,21.2800,41118.8280,2.9000,9.6801,20.4000,34020.8791,0,486888.0000,202627.0000
2022-07-01,2022,7,Bogota,4,Prendas de vestir y textiles,0,116.3292,-10.4000,10.1979,21.2800,41118.8280,2.9000,9.6801,20.4000,34020.8791,0,620077.0000,268531.0000
2022-07-01,2022,7,Bogota,8,Electrodomesticos y muebles,1,126.1864,-10.4000,10.1979,21.2800,41118.8280,2.9000,9.6801,20.4000,34020.8791,0,620077.0000,268531.0000
2022-07-01,2022,7,Bogota,9,Articulos y utensilios domesticos,0,148.9830,-10.4000,10.1979,21.2800,41118.8280,2.9000,9.6801,20.4000,34020.8791,0,620077.0000,268531.0000
2022-07-01,2022,7,Bogota,10,Aseo del hogar,0,150.3624,-10.4000,10.1979,21.2800,41118.8280,2.9000,9.6801,20.4000,34020.8791,0,620077.0000,268531.0000
2022-07-01,2022,7,Bogota,11,Informatica y telecomunicaciones,0,186.9652,-10.4000,10.1979,21.2800,41118.8280,2.9000,9.6801,20.4000,34020.8791,0,620077.0000,268531.0000
2022-07-01,2022,7,Bogota,12,Sonido y video,0,123.0493,-10.4000,10.1979,21.2800,41118.8280,2.9000,9.6801,20.4000,34020.8791,0,620077.0000,268531.0000
2022-07-01,2022,7,Bogota,14,"Ferreteria, vidrios y pinturas",0,129.7432,-10.4000,10.1979,21.2800,41118.8280,2.9000,9.6801,20.4000,34020.8791,0,620077.0000,268531.0000
2022-07-01,2022,7,Bogota,15,Otras mercancias de uso domestico,0,118.0032,-10.4000,10.1979,21.2800,41118.8280,2.9000,9.6801,20.4000,34020.8791,0,620077.0000,268531.0000
2022-07-01,2022,7,Cundinamarca,4,Prendas de vestir y textiles,0,141.8905,-10.4000,10.1979,21.2800,41118.8280,2.9000,9.6801,20.4000,34020.8791,0,322404.0000,388960.0000
2022-07-01,2022,7,Cundinamarca,8,Electrodomesticos y muebles,1,127.3195,-10.4000,10.1979,21.2800,41118.8280,2.9000,9.6801,20.4000,34020.8791,0,322404.0000,388960.0000
2022-07-01,2022,7,Cundinamarca,9,Articulos y utensilios domesticos,0,174.3450,-10.4000,10.1979,21.2800,41118.8280,2.9000,9.6801,20.4000,34020.8791,0,322404.0000,388960.0000
2022-07-01,2022,7,Cundinamarca,10,Aseo del hogar,0,172.3254,-10.4000,10.1979,21.2800,41118.8280,2.9000,9.6801,20.4000,34020.8791,0,322404.0000,388960.0000
2022-07-01,2022,7,Cundinamarca,11,Informatica y telecomunicaciones,0,197.7167,-10.4000,10.1979,21.2800,41118.8280,2.9000,9.6801,20.4000,34020.8791,0,322404.0000,388960.0000
2022-07-01,2022,7,Cundinamarca,12,Sonido y video,0,130.2508,-10.4000,10.1979,21.2800,41118.8280,2.9000,9.6801,20.4000,34020.8791,0,322404.0000,388960.0000
2022-07-01,2022,7,Cundinamarca,14,"Ferreteria, vidrios y pinturas",0,139.2800,-10.4000,10.1979,21.2800,41118.8280,2.9000,9.6801,20.4000,34020.8791,0,322404.0000,388960.0000
2022-07-01,2022,7,Cundinamarca,15,Otras mercancias de uso domestico,0,133.9894,-10.4000,10.1979,21.2800,41118.8280,2.9000,9.6801,20.4000,34020.8791,0,322404.0000,388960.0000
2022-07-01,2022,7,Santander,4,Prendas de vestir y textiles,0,137.3915,-10.4000,10.1979,21.2800,41118.8280,2.9000,9.6801,20.4000,34020.8791,0,130300.0000,73311.0000
2022-07-01,2022,7,Santander,8,Electrodomesticos y muebles,1,110.0158,-10.4000,10.1979,21.2800,41118.8280,2.9000,9.6801,20.4000,34020.8791,0,130300.0000,73311.0000
2022-07-01,2022,7,Santander,9,Articulos y utensilios domesticos,0,144.6665,-10.4000,10.1979,21.2800,41118.8280,2.9000,9.6801,20.4000,34020.8791,0,130300.0000,73311.0000
2022-07-01,2022,7,Santander,10,Aseo del hogar,0,120.2186,-10.4000,10.1979,21.2800,41118.8280,2.9000,9.6801,20.4000,34020.8791,0,130300.0000,73311.0000
2022-07-01,2022,7,Santander,11,Informatica y telecomunicaciones,0,165.9819,-10.4000,10.1979,21.2800,41118.8280,2.9000,9.6801,20.4000,34020.8791,0,130300.0000,73311.0000
2022-07-01,2022,7,Santander,12,Sonido y video,0,112.5847,-10.4000,10.1979,21.2800,41118.8280,2.9000,9.6801,20.4000,34020.8791,0,130300.0000,73311.0000
2022-07-01,2022,7,Santander,14,"Ferreteria, vidrios y pinturas",0,133.7247,-10.4000,10.1979,21.2800,41118.8280,2.9000,9.6801,20.4000,34020.8791,0,130300.0000,73311.0000
2022-07-01,2022,7,Santander,15,Otras mercancias de uso domestico,0,120.8441,-10.4000,10.1979,21.2800,41118.8280,2.9000,9.6801,20.4000,34020.8791,0,130300.0000,73311.0000
2022-07-01,2022,7,Valle del Cauca,4,Prendas de vestir y textiles,0,114.0365,-10.4000,10.1979,21.2800,41118.8280,2.9000,9.6801,20.4000,34020.8791,0,431828.0000,270596.0000
2022-07-01,2022,7,Valle del Cauca,8,Electrodomesticos y muebles,1,104.3712,-10.4000,10.1979,21.2800,41118.8280,2.9000,9.6801,20.4000,34020.8791,0,431828.0000,270596.0000
2022-07-01,2022,7,Valle del Cauca,9,Articulos y utensilios domesticos,0,114.4758,-10.4000,10.1979,21.2800,41118.8280,2.9000,9.6801,20.4000,34020.8791,0,431828.0000,270596.0000
2022-07-01,2022,7,Valle del Cauca,10,Aseo del hogar,0,124.7371,-10.4000,10.1979,21.2800,41118.8280,2.9000,9.6801,20.4000,34020.8791,0,431828.0000,270596.0000
2022-07-01,2022,7,Valle del Cauca,11,Informatica y telecomunicaciones,0,165.4333,-10.4000,10.1979,21.2800,41118.8280,2.9000,9.6801,20.4000,34020.8791,0,431828.0000,270596.0000
2022-07-01,2022,7,Valle del Cauca,12,Sonido y video,0,91.7954,-10.4000,10.1979,21.2800,41118.8280,2.9000,9.6801,20.4000,34020.8791,0,431828.0000,270596.0000
2022-07-01,2022,7,Valle del Cauca,14,"Ferreteria, vidrios y pinturas",0,116.2691,-10.4000,10.1979,21.2800,41118.8280,2.9000,9.6801,20.4000,34020.8791,0,431828.0000,270596.0000
2022-07-01,2022,7,Valle del Cauca,15,Otras mercancias de uso domestico,0,115.8218,-10.4000,10.1979,21.2800,41118.8280,2.9000,9.6801,20.4000,34020.8791,0,431828.0000,270596.0000
2022-07-01,2022,7,Otros departamentos,4,Prendas de vestir y textiles,0,117.1919,-10.4000,10.1979,21.2800,41118.8280,2.9000,9.6801,20.4000,34020.8791,0,1112245.0000,915160.0000
2022-07-01,2022,7,Otros departamentos,8,Electrodomesticos y muebles,1,116.2590,-10.4000,10.1979,21.2800,41118.8280,2.9000,9.6801,20.4000,34020.8791,0,1112245.0000,915160.0000
2022-07-01,2022,7,Otros departamentos,9,Articulos y utensilios domesticos,0,137.5009,-10.4000,10.1979,21.2800,41118.8280,2.9000,9.6801,20.4000,34020.8791,0,1112245.0000,915160.0000
2022-07-01,2022,7,Otros departamentos,10,Aseo del hogar,0,128.8655,-10.4000,10.1979,21.2800,41118.8280,2.9000,9.6801,20.4000,34020.8791,0,1112245.0000,915160.0000
2022-07-01,2022,7,Otros departamentos,11,Informatica y telecomunicaciones,0,183.8101,-10.4000,10.1979,21.2800,41118.8280,2.9000,9.6801,20.4000,34020.8791,0,1112245.0000,915160.0000
2022-07-01,2022,7,Otros departamentos,12,Sonido y video,0,101.8074,-10.4000,10.1979,21.2800,41118.8280,2.9000,9.6801,20.4000,34020.8791,0,1112245.0000,915160.0000
2022-07-01,2022,7,Otros departamentos,14,"Ferreteria, vidrios y pinturas",0,126.7662,-10.4000,10.1979,21.2800,41118.8280,2.9000,9.6801,20.4000,34020.8791,0,1112245.0000,915160.0000
2022-07-01,2022,7,Otros departamentos,15,Otras mercancias de uso domestico,0,118.0860,-10.4000,10.1979,21.2800,41118.8280,2.9000,9.6801,20.4000,34020.8791,0,1112245.0000,915160.0000
2022-08-01,2022,8,Antioquia,4,Prendas de vestir y textiles,0,118.6937,-2.4000,10.8374,22.2100,50580.2222,-10.4000,10.1979,21.2800,41118.8280,0,603346.0000,366204.0000
2022-08-01,2022,8,Antioquia,8,Electrodomesticos y muebles,1,113.7953,-2.4000,10.8374,22.2100,50580.2222,-10.4000,10.1979,21.2800,41118.8280,0,603346.0000,366204.0000
2022-08-01,2022,8,Antioquia,9,Articulos y utensilios domesticos,0,104.1844,-2.4000,10.8374,22.2100,50580.2222,-10.4000,10.1979,21.2800,41118.8280,0,603346.0000,366204.0000
2022-08-01,2022,8,Antioquia,10,Aseo del hogar,0,119.5463,-2.4000,10.8374,22.2100,50580.2222,-10.4000,10.1979,21.2800,41118.8280,0,603346.0000,366204.0000
2022-08-01,2022,8,Antioquia,11,Informatica y telecomunicaciones,0,190.3572,-2.4000,10.8374,22.2100,50580.2222,-10.4000,10.1979,21.2800,41118.8280,0,603346.0000,366204.0000
2022-08-01,2022,8,Antioquia,12,Sonido y video,0,105.3422,-2.4000,10.8374,22.2100,50580.2222,-10.4000,10.1979,21.2800,41118.8280,0,603346.0000,366204.0000
2022-08-01,2022,8,Antioquia,14,"Ferreteria, vidrios y pinturas",0,131.4875,-2.4000,10.8374,22.2100,50580.2222,-10.4000,10.1979,21.2800,41118.8280,0,603346.0000,366204.0000
2022-08-01,2022,8,Antioquia,15,Otras mercancias de uso domestico,0,111.2623,-2.4000,10.8374,22.2100,50580.2222,-10.4000,10.1979,21.2800,41118.8280,0,603346.0000,366204.0000
2022-08-01,2022,8,Atlantico,4,Prendas de vestir y textiles,0,117.8126,-2.4000,10.8374,22.2100,50580.2222,-10.4000,10.1979,21.2800,41118.8280,0,149042.0000,486888.0000
2022-08-01,2022,8,Atlantico,8,Electrodomesticos y muebles,1,115.3707,-2.4000,10.8374,22.2100,50580.2222,-10.4000,10.1979,21.2800,41118.8280,0,149042.0000,486888.0000
2022-08-01,2022,8,Atlantico,9,Articulos y utensilios domesticos,0,128.6452,-2.4000,10.8374,22.2100,50580.2222,-10.4000,10.1979,21.2800,41118.8280,0,149042.0000,486888.0000
2022-08-01,2022,8,Atlantico,10,Aseo del hogar,0,122.4837,-2.4000,10.8374,22.2100,50580.2222,-10.4000,10.1979,21.2800,41118.8280,0,149042.0000,486888.0000
2022-08-01,2022,8,Atlantico,11,Informatica y telecomunicaciones,0,215.8464,-2.4000,10.8374,22.2100,50580.2222,-10.4000,10.1979,21.2800,41118.8280,0,149042.0000,486888.0000
2022-08-01,2022,8,Atlantico,12,Sonido y video,0,107.8999,-2.4000,10.8374,22.2100,50580.2222,-10.4000,10.1979,21.2800,41118.8280,0,149042.0000,486888.0000
2022-08-01,2022,8,Atlantico,14,"Ferreteria, vidrios y pinturas",0,128.9300,-2.4000,10.8374,22.2100,50580.2222,-10.4000,10.1979,21.2800,41118.8280,0,149042.0000,486888.0000
2022-08-01,2022,8,Atlantico,15,Otras mercancias de uso domestico,0,98.9483,-2.4000,10.8374,22.2100,50580.2222,-10.4000,10.1979,21.2800,41118.8280,0,149042.0000,486888.0000
2022-08-01,2022,8,Bogota,4,Prendas de vestir y textiles,0,93.4415,-2.4000,10.8374,22.2100,50580.2222,-10.4000,10.1979,21.2800,41118.8280,0,610435.0000,620077.0000
2022-08-01,2022,8,Bogota,8,Electrodomesticos y muebles,1,127.2265,-2.4000,10.8374,22.2100,50580.2222,-10.4000,10.1979,21.2800,41118.8280,0,610435.0000,620077.0000
2022-08-01,2022,8,Bogota,9,Articulos y utensilios domesticos,0,136.9129,-2.4000,10.8374,22.2100,50580.2222,-10.4000,10.1979,21.2800,41118.8280,0,610435.0000,620077.0000
2022-08-01,2022,8,Bogota,10,Aseo del hogar,0,137.1046,-2.4000,10.8374,22.2100,50580.2222,-10.4000,10.1979,21.2800,41118.8280,0,610435.0000,620077.0000
2022-08-01,2022,8,Bogota,11,Informatica y telecomunicaciones,0,195.7223,-2.4000,10.8374,22.2100,50580.2222,-10.4000,10.1979,21.2800,41118.8280,0,610435.0000,620077.0000
2022-08-01,2022,8,Bogota,12,Sonido y video,0,130.6285,-2.4000,10.8374,22.2100,50580.2222,-10.4000,10.1979,21.2800,41118.8280,0,610435.0000,620077.0000
2022-08-01,2022,8,Bogota,14,"Ferreteria, vidrios y pinturas",0,121.6476,-2.4000,10.8374,22.2100,50580.2222,-10.4000,10.1979,21.2800,41118.8280,0,610435.0000,620077.0000
2022-08-01,2022,8,Bogota,15,Otras mercancias de uso domestico,0,121.6953,-2.4000,10.8374,22.2100,50580.2222,-10.4000,10.1979,21.2800,41118.8280,0,610435.0000,620077.0000
2022-08-01,2022,8,Cundinamarca,4,Prendas de vestir y textiles,0,136.2695,-2.4000,10.8374,22.2100,50580.2222,-10.4000,10.1979,21.2800,41118.8280,0,374820.0000,322404.0000
2022-08-01,2022,8,Cundinamarca,8,Electrodomesticos y muebles,1,148.9360,-2.4000,10.8374,22.2100,50580.2222,-10.4000,10.1979,21.2800,41118.8280,0,374820.0000,322404.0000
2022-08-01,2022,8,Cundinamarca,9,Articulos y utensilios domesticos,0,155.8422,-2.4000,10.8374,22.2100,50580.2222,-10.4000,10.1979,21.2800,41118.8280,0,374820.0000,322404.0000
2022-08-01,2022,8,Cundinamarca,10,Aseo del hogar,0,150.8696,-2.4000,10.8374,22.2100,50580.2222,-10.4000,10.1979,21.2800,41118.8280,0,374820.0000,322404.0000
2022-08-01,2022,8,Cundinamarca,11,Informatica y telecomunicaciones,0,207.0212,-2.4000,10.8374,22.2100,50580.2222,-10.4000,10.1979,21.2800,41118.8280,0,374820.0000,322404.0000
2022-08-01,2022,8,Cundinamarca,12,Sonido y video,0,146.5063,-2.4000,10.8374,22.2100,50580.2222,-10.4000,10.1979,21.2800,41118.8280,0,374820.0000,322404.0000
2022-08-01,2022,8,Cundinamarca,14,"Ferreteria, vidrios y pinturas",0,144.0435,-2.4000,10.8374,22.2100,50580.2222,-10.4000,10.1979,21.2800,41118.8280,0,374820.0000,322404.0000
2022-08-01,2022,8,Cundinamarca,15,Otras mercancias de uso domestico,0,142.1139,-2.4000,10.8374,22.2100,50580.2222,-10.4000,10.1979,21.2800,41118.8280,0,374820.0000,322404.0000
2022-08-01,2022,8,Santander,4,Prendas de vestir y textiles,0,137.5525,-2.4000,10.8374,22.2100,50580.2222,-10.4000,10.1979,21.2800,41118.8280,0,132447.0000,130300.0000
2022-08-01,2022,8,Santander,8,Electrodomesticos y muebles,1,112.7634,-2.4000,10.8374,22.2100,50580.2222,-10.4000,10.1979,21.2800,41118.8280,0,132447.0000,130300.0000
2022-08-01,2022,8,Santander,9,Articulos y utensilios domesticos,0,117.8218,-2.4000,10.8374,22.2100,50580.2222,-10.4000,10.1979,21.2800,41118.8280,0,132447.0000,130300.0000
2022-08-01,2022,8,Santander,10,Aseo del hogar,0,111.4358,-2.4000,10.8374,22.2100,50580.2222,-10.4000,10.1979,21.2800,41118.8280,0,132447.0000,130300.0000
2022-08-01,2022,8,Santander,11,Informatica y telecomunicaciones,0,171.5069,-2.4000,10.8374,22.2100,50580.2222,-10.4000,10.1979,21.2800,41118.8280,0,132447.0000,130300.0000
2022-08-01,2022,8,Santander,12,Sonido y video,0,107.5528,-2.4000,10.8374,22.2100,50580.2222,-10.4000,10.1979,21.2800,41118.8280,0,132447.0000,130300.0000
2022-08-01,2022,8,Santander,14,"Ferreteria, vidrios y pinturas",0,119.9430,-2.4000,10.8374,22.2100,50580.2222,-10.4000,10.1979,21.2800,41118.8280,0,132447.0000,130300.0000
2022-08-01,2022,8,Santander,15,Otras mercancias de uso domestico,0,112.6061,-2.4000,10.8374,22.2100,50580.2222,-10.4000,10.1979,21.2800,41118.8280,0,132447.0000,130300.0000
2022-08-01,2022,8,Valle del Cauca,4,Prendas de vestir y textiles,0,96.5694,-2.4000,10.8374,22.2100,50580.2222,-10.4000,10.1979,21.2800,41118.8280,0,325720.0000,431828.0000
2022-08-01,2022,8,Valle del Cauca,8,Electrodomesticos y muebles,1,118.5426,-2.4000,10.8374,22.2100,50580.2222,-10.4000,10.1979,21.2800,41118.8280,0,325720.0000,431828.0000
2022-08-01,2022,8,Valle del Cauca,9,Articulos y utensilios domesticos,0,113.1827,-2.4000,10.8374,22.2100,50580.2222,-10.4000,10.1979,21.2800,41118.8280,0,325720.0000,431828.0000
2022-08-01,2022,8,Valle del Cauca,10,Aseo del hogar,0,114.9544,-2.4000,10.8374,22.2100,50580.2222,-10.4000,10.1979,21.2800,41118.8280,0,325720.0000,431828.0000
2022-08-01,2022,8,Valle del Cauca,11,Informatica y telecomunicaciones,0,190.6155,-2.4000,10.8374,22.2100,50580.2222,-10.4000,10.1979,21.2800,41118.8280,0,325720.0000,431828.0000
2022-08-01,2022,8,Valle del Cauca,12,Sonido y video,0,100.9524,-2.4000,10.8374,22.2100,50580.2222,-10.4000,10.1979,21.2800,41118.8280,0,325720.0000,431828.0000
2022-08-01,2022,8,Valle del Cauca,14,"Ferreteria, vidrios y pinturas",0,115.7787,-2.4000,10.8374,22.2100,50580.2222,-10.4000,10.1979,21.2800,41118.8280,0,325720.0000,431828.0000
2022-08-01,2022,8,Valle del Cauca,15,Otras mercancias de uso domestico,0,119.1360,-2.4000,10.8374,22.2100,50580.2222,-10.4000,10.1979,21.2800,41118.8280,0,325720.0000,431828.0000
2022-08-01,2022,8,Otros departamentos,4,Prendas de vestir y textiles,0,112.2289,-2.4000,10.8374,22.2100,50580.2222,-10.4000,10.1979,21.2800,41118.8280,0,884719.0000,1112245.0000
2022-08-01,2022,8,Otros departamentos,8,Electrodomesticos y muebles,1,126.0556,-2.4000,10.8374,22.2100,50580.2222,-10.4000,10.1979,21.2800,41118.8280,0,884719.0000,1112245.0000
2022-08-01,2022,8,Otros departamentos,9,Articulos y utensilios domesticos,0,136.0170,-2.4000,10.8374,22.2100,50580.2222,-10.4000,10.1979,21.2800,41118.8280,0,884719.0000,1112245.0000
2022-08-01,2022,8,Otros departamentos,10,Aseo del hogar,0,125.7365,-2.4000,10.8374,22.2100,50580.2222,-10.4000,10.1979,21.2800,41118.8280,0,884719.0000,1112245.0000
2022-08-01,2022,8,Otros departamentos,11,Informatica y telecomunicaciones,0,201.7576,-2.4000,10.8374,22.2100,50580.2222,-10.4000,10.1979,21.2800,41118.8280,0,884719.0000,1112245.0000
2022-08-01,2022,8,Otros departamentos,12,Sonido y video,0,119.6369,-2.4000,10.8374,22.2100,50580.2222,-10.4000,10.1979,21.2800,41118.8280,0,884719.0000,1112245.0000
2022-08-01,2022,8,Otros departamentos,14,"Ferreteria, vidrios y pinturas",0,122.6972,-2.4000,10.8374,22.2100,50580.2222,-10.4000,10.1979,21.2800,41118.8280,0,884719.0000,1112245.0000
2022-08-01,2022,8,Otros departamentos,15,Otras mercancias de uso domestico,0,124.4387,-2.4000,10.8374,22.2100,50580.2222,-10.4000,10.1979,21.2800,41118.8280,0,884719.0000,1112245.0000
2022-09-01,2022,9,Antioquia,4,Prendas de vestir y textiles,0,114.8791,-11.5000,11.4413,23.5000,48407.6013,-2.4000,10.8374,22.2100,50580.2222,0,398829.0000,603346.0000
2022-09-01,2022,9,Antioquia,8,Electrodomesticos y muebles,1,105.1417,-11.5000,11.4413,23.5000,48407.6013,-2.4000,10.8374,22.2100,50580.2222,0,398829.0000,603346.0000
2022-09-01,2022,9,Antioquia,9,Articulos y utensilios domesticos,0,104.5860,-11.5000,11.4413,23.5000,48407.6013,-2.4000,10.8374,22.2100,50580.2222,0,398829.0000,603346.0000
2022-09-01,2022,9,Antioquia,10,Aseo del hogar,0,113.9086,-11.5000,11.4413,23.5000,48407.6013,-2.4000,10.8374,22.2100,50580.2222,0,398829.0000,603346.0000
2022-09-01,2022,9,Antioquia,11,Informatica y telecomunicaciones,0,151.3405,-11.5000,11.4413,23.5000,48407.6013,-2.4000,10.8374,22.2100,50580.2222,0,398829.0000,603346.0000
2022-09-01,2022,9,Antioquia,12,Sonido y video,0,90.0127,-11.5000,11.4413,23.5000,48407.6013,-2.4000,10.8374,22.2100,50580.2222,0,398829.0000,603346.0000
2022-09-01,2022,9,Antioquia,14,"Ferreteria, vidrios y pinturas",0,123.5059,-11.5000,11.4413,23.5000,48407.6013,-2.4000,10.8374,22.2100,50580.2222,0,398829.0000,603346.0000
2022-09-01,2022,9,Antioquia,15,Otras mercancias de uso domestico,0,114.8360,-11.5000,11.4413,23.5000,48407.6013,-2.4000,10.8374,22.2100,50580.2222,0,398829.0000,603346.0000
2022-09-01,2022,9,Atlantico,4,Prendas de vestir y textiles,0,116.2660,-11.5000,11.4413,23.5000,48407.6013,-2.4000,10.8374,22.2100,50580.2222,0,117159.0000,149042.0000
2022-09-01,2022,9,Atlantico,8,Electrodomesticos y muebles,1,109.6723,-11.5000,11.4413,23.5000,48407.6013,-2.4000,10.8374,22.2100,50580.2222,0,117159.0000,149042.0000
2022-09-01,2022,9,Atlantico,9,Articulos y utensilios domesticos,0,104.0602,-11.5000,11.4413,23.5000,48407.6013,-2.4000,10.8374,22.2100,50580.2222,0,117159.0000,149042.0000
2022-09-01,2022,9,Atlantico,10,Aseo del hogar,0,118.4448,-11.5000,11.4413,23.5000,48407.6013,-2.4000,10.8374,22.2100,50580.2222,0,117159.0000,149042.0000
2022-09-01,2022,9,Atlantico,11,Informatica y telecomunicaciones,0,157.5899,-11.5000,11.4413,23.5000,48407.6013,-2.4000,10.8374,22.2100,50580.2222,0,117159.0000,149042.0000
2022-09-01,2022,9,Atlantico,12,Sonido y video,0,98.5072,-11.5000,11.4413,23.5000,48407.6013,-2.4000,10.8374,22.2100,50580.2222,0,117159.0000,149042.0000
2022-09-01,2022,9,Atlantico,14,"Ferreteria, vidrios y pinturas",0,122.6031,-11.5000,11.4413,23.5000,48407.6013,-2.4000,10.8374,22.2100,50580.2222,0,117159.0000,149042.0000
2022-09-01,2022,9,Atlantico,15,Otras mercancias de uso domestico,0,101.1078,-11.5000,11.4413,23.5000,48407.6013,-2.4000,10.8374,22.2100,50580.2222,0,117159.0000,149042.0000
2022-09-01,2022,9,Bogota,4,Prendas de vestir y textiles,0,101.4208,-11.5000,11.4413,23.5000,48407.6013,-2.4000,10.8374,22.2100,50580.2222,0,400345.0000,610435.0000
2022-09-01,2022,9,Bogota,8,Electrodomesticos y muebles,1,121.8702,-11.5000,11.4413,23.5000,48407.6013,-2.4000,10.8374,22.2100,50580.2222,0,400345.0000,610435.0000
2022-09-01,2022,9,Bogota,9,Articulos y utensilios domesticos,0,145.8053,-11.5000,11.4413,23.5000,48407.6013,-2.4000,10.8374,22.2100,50580.2222,0,400345.0000,610435.0000
2022-09-01,2022,9,Bogota,10,Aseo del hogar,0,132.1798,-11.5000,11.4413,23.5000,48407.6013,-2.4000,10.8374,22.2100,50580.2222,0,400345.0000,610435.0000
2022-09-01,2022,9,Bogota,11,Informatica y telecomunicaciones,0,176.3359,-11.5000,11.4413,23.5000,48407.6013,-2.4000,10.8374,22.2100,50580.2222,0,400345.0000,610435.0000
2022-09-01,2022,9,Bogota,12,Sonido y video,0,122.8734,-11.5000,11.4413,23.5000,48407.6013,-2.4000,10.8374,22.2100,50580.2222,0,400345.0000,610435.0000
2022-09-01,2022,9,Bogota,14,"Ferreteria, vidrios y pinturas",0,133.1244,-11.5000,11.4413,23.5000,48407.6013,-2.4000,10.8374,22.2100,50580.2222,0,400345.0000,610435.0000
2022-09-01,2022,9,Bogota,15,Otras mercancias de uso domestico,0,113.3127,-11.5000,11.4413,23.5000,48407.6013,-2.4000,10.8374,22.2100,50580.2222,0,400345.0000,610435.0000
2022-09-01,2022,9,Cundinamarca,4,Prendas de vestir y textiles,0,138.4132,-11.5000,11.4413,23.5000,48407.6013,-2.4000,10.8374,22.2100,50580.2222,0,227630.0000,374820.0000
2022-09-01,2022,9,Cundinamarca,8,Electrodomesticos y muebles,1,132.8776,-11.5000,11.4413,23.5000,48407.6013,-2.4000,10.8374,22.2100,50580.2222,0,227630.0000,374820.0000
2022-09-01,2022,9,Cundinamarca,9,Articulos y utensilios domesticos,0,154.6394,-11.5000,11.4413,23.5000,48407.6013,-2.4000,10.8374,22.2100,50580.2222,0,227630.0000,374820.0000
2022-09-01,2022,9,Cundinamarca,10,Aseo del hogar,0,134.9002,-11.5000,11.4413,23.5000,48407.6013,-2.4000,10.8374,22.2100,50580.2222,0,227630.0000,374820.0000
2022-09-01,2022,9,Cundinamarca,11,Informatica y telecomunicaciones,0,163.2432,-11.5000,11.4413,23.5000,48407.6013,-2.4000,10.8374,22.2100,50580.2222,0,227630.0000,374820.0000
2022-09-01,2022,9,Cundinamarca,12,Sonido y video,0,141.7909,-11.5000,11.4413,23.5000,48407.6013,-2.4000,10.8374,22.2100,50580.2222,0,227630.0000,374820.0000
2022-09-01,2022,9,Cundinamarca,14,"Ferreteria, vidrios y pinturas",0,136.7372,-11.5000,11.4413,23.5000,48407.6013,-2.4000,10.8374,22.2100,50580.2222,0,227630.0000,374820.0000
2022-09-01,2022,9,Cundinamarca,15,Otras mercancias de uso domestico,0,148.9751,-11.5000,11.4413,23.5000,48407.6013,-2.4000,10.8374,22.2100,50580.2222,0,227630.0000,374820.0000
2022-09-01,2022,9,Santander,4,Prendas de vestir y textiles,0,122.4188,-11.5000,11.4413,23.5000,48407.6013,-2.4000,10.8374,22.2100,50580.2222,0,64356.0000,132447.0000
2022-09-01,2022,9,Santander,8,Electrodomesticos y muebles,1,104.8039,-11.5000,11.4413,23.5000,48407.6013,-2.4000,10.8374,22.2100,50580.2222,0,64356.0000,132447.0000
2022-09-01,2022,9,Santander,9,Articulos y utensilios domesticos,0,116.5341,-11.5000,11.4413,23.5000,48407.6013,-2.4000,10.8374,22.2100,50580.2222,0,64356.0000,132447.0000
2022-09-01,2022,9,Santander,10,Aseo del hogar,0,102.7026,-11.5000,11.4413,23.5000,48407.6013,-2.4000,10.8374,22.2100,50580.2222,0,64356.0000,132447.0000
2022-09-01,2022,9,Santander,11,Informatica y telecomunicaciones,0,144.8065,-11.5000,11.4413,23.5000,48407.6013,-2.4000,10.8374,22.2100,50580.2222,0,64356.0000,132447.0000
2022-09-01,2022,9,Santander,12,Sonido y video,0,92.3026,-11.5000,11.4413,23.5000,48407.6013,-2.4000,10.8374,22.2100,50580.2222,0,64356.0000,132447.0000
2022-09-01,2022,9,Santander,14,"Ferreteria, vidrios y pinturas",0,117.5813,-11.5000,11.4413,23.5000,48407.6013,-2.4000,10.8374,22.2100,50580.2222,0,64356.0000,132447.0000
2022-09-01,2022,9,Santander,15,Otras mercancias de uso domestico,0,119.0158,-11.5000,11.4413,23.5000,48407.6013,-2.4000,10.8374,22.2100,50580.2222,0,64356.0000,132447.0000
2022-09-01,2022,9,Valle del Cauca,4,Prendas de vestir y textiles,0,99.6174,-11.5000,11.4413,23.5000,48407.6013,-2.4000,10.8374,22.2100,50580.2222,0,310307.0000,325720.0000
2022-09-01,2022,9,Valle del Cauca,8,Electrodomesticos y muebles,1,101.6094,-11.5000,11.4413,23.5000,48407.6013,-2.4000,10.8374,22.2100,50580.2222,0,310307.0000,325720.0000
2022-09-01,2022,9,Valle del Cauca,9,Articulos y utensilios domesticos,0,119.4392,-11.5000,11.4413,23.5000,48407.6013,-2.4000,10.8374,22.2100,50580.2222,0,310307.0000,325720.0000
2022-09-01,2022,9,Valle del Cauca,10,Aseo del hogar,0,112.3349,-11.5000,11.4413,23.5000,48407.6013,-2.4000,10.8374,22.2100,50580.2222,0,310307.0000,325720.0000
2022-09-01,2022,9,Valle del Cauca,11,Informatica y telecomunicaciones,0,149.5631,-11.5000,11.4413,23.5000,48407.6013,-2.4000,10.8374,22.2100,50580.2222,0,310307.0000,325720.0000
2022-09-01,2022,9,Valle del Cauca,12,Sonido y video,0,98.3027,-11.5000,11.4413,23.5000,48407.6013,-2.4000,10.8374,22.2100,50580.2222,0,310307.0000,325720.0000
2022-09-01,2022,9,Valle del Cauca,14,"Ferreteria, vidrios y pinturas",0,116.4242,-11.5000,11.4413,23.5000,48407.6013,-2.4000,10.8374,22.2100,50580.2222,0,310307.0000,325720.0000
2022-09-01,2022,9,Valle del Cauca,15,Otras mercancias de uso domestico,0,109.3458,-11.5000,11.4413,23.5000,48407.6013,-2.4000,10.8374,22.2100,50580.2222,0,310307.0000,325720.0000
2022-09-01,2022,9,Otros departamentos,4,Prendas de vestir y textiles,0,119.9640,-11.5000,11.4413,23.5000,48407.6013,-2.4000,10.8374,22.2100,50580.2222,0,1105694.0000,884719.0000
2022-09-01,2022,9,Otros departamentos,8,Electrodomesticos y muebles,1,115.1787,-11.5000,11.4413,23.5000,48407.6013,-2.4000,10.8374,22.2100,50580.2222,0,1105694.0000,884719.0000
2022-09-01,2022,9,Otros departamentos,9,Articulos y utensilios domesticos,0,127.3931,-11.5000,11.4413,23.5000,48407.6013,-2.4000,10.8374,22.2100,50580.2222,0,1105694.0000,884719.0000
2022-09-01,2022,9,Otros departamentos,10,Aseo del hogar,0,116.6798,-11.5000,11.4413,23.5000,48407.6013,-2.4000,10.8374,22.2100,50580.2222,0,1105694.0000,884719.0000
2022-09-01,2022,9,Otros departamentos,11,Informatica y telecomunicaciones,0,171.5182,-11.5000,11.4413,23.5000,48407.6013,-2.4000,10.8374,22.2100,50580.2222,0,1105694.0000,884719.0000
2022-09-01,2022,9,Otros departamentos,12,Sonido y video,0,102.0209,-11.5000,11.4413,23.5000,48407.6013,-2.4000,10.8374,22.2100,50580.2222,0,1105694.0000,884719.0000
2022-09-01,2022,9,Otros departamentos,14,"Ferreteria, vidrios y pinturas",0,112.3202,-11.5000,11.4413,23.5000,48407.6013,-2.4000,10.8374,22.2100,50580.2222,0,1105694.0000,884719.0000
2022-09-01,2022,9,Otros departamentos,15,Otras mercancias de uso domestico,0,116.0894,-11.5000,11.4413,23.5000,48407.6013,-2.4000,10.8374,22.2100,50580.2222,0,1105694.0000,884719.0000
2022-10-01,2022,10,Antioquia,4,Prendas de vestir y textiles,0,130.0087,-19.5000,12.2206,24.6100,37980.2813,-11.5000,11.4413,23.5000,48407.6013,0,366388.0000,398829.0000
2022-10-01,2022,10,Antioquia,8,Electrodomesticos y muebles,1,110.4994,-19.5000,12.2206,24.6100,37980.2813,-11.5000,11.4413,23.5000,48407.6013,0,366388.0000,398829.0000
2022-10-01,2022,10,Antioquia,9,Articulos y utensilios domesticos,0,125.9190,-19.5000,12.2206,24.6100,37980.2813,-11.5000,11.4413,23.5000,48407.6013,0,366388.0000,398829.0000
2022-10-01,2022,10,Antioquia,10,Aseo del hogar,0,131.5137,-19.5000,12.2206,24.6100,37980.2813,-11.5000,11.4413,23.5000,48407.6013,0,366388.0000,398829.0000
2022-10-01,2022,10,Antioquia,11,Informatica y telecomunicaciones,0,155.1374,-19.5000,12.2206,24.6100,37980.2813,-11.5000,11.4413,23.5000,48407.6013,0,366388.0000,398829.0000
2022-10-01,2022,10,Antioquia,12,Sonido y video,0,101.8943,-19.5000,12.2206,24.6100,37980.2813,-11.5000,11.4413,23.5000,48407.6013,0,366388.0000,398829.0000
2022-10-01,2022,10,Antioquia,14,"Ferreteria, vidrios y pinturas",0,124.5531,-19.5000,12.2206,24.6100,37980.2813,-11.5000,11.4413,23.5000,48407.6013,0,366388.0000,398829.0000
2022-10-01,2022,10,Antioquia,15,Otras mercancias de uso domestico,0,125.1038,-19.5000,12.2206,24.6100,37980.2813,-11.5000,11.4413,23.5000,48407.6013,0,366388.0000,398829.0000
2022-10-01,2022,10,Atlantico,4,Prendas de vestir y textiles,0,115.0168,-19.5000,12.2206,24.6100,37980.2813,-11.5000,11.4413,23.5000,48407.6013,0,48713.0000,117159.0000
2022-10-01,2022,10,Atlantico,8,Electrodomesticos y muebles,1,107.2473,-19.5000,12.2206,24.6100,37980.2813,-11.5000,11.4413,23.5000,48407.6013,0,48713.0000,117159.0000
2022-10-01,2022,10,Atlantico,9,Articulos y utensilios domesticos,0,128.4235,-19.5000,12.2206,24.6100,37980.2813,-11.5000,11.4413,23.5000,48407.6013,0,48713.0000,117159.0000
2022-10-01,2022,10,Atlantico,10,Aseo del hogar,0,112.4300,-19.5000,12.2206,24.6100,37980.2813,-11.5000,11.4413,23.5000,48407.6013,0,48713.0000,117159.0000
2022-10-01,2022,10,Atlantico,11,Informatica y telecomunicaciones,0,149.4952,-19.5000,12.2206,24.6100,37980.2813,-11.5000,11.4413,23.5000,48407.6013,0,48713.0000,117159.0000
2022-10-01,2022,10,Atlantico,12,Sonido y video,0,106.3955,-19.5000,12.2206,24.6100,37980.2813,-11.5000,11.4413,23.5000,48407.6013,0,48713.0000,117159.0000
2022-10-01,2022,10,Atlantico,14,"Ferreteria, vidrios y pinturas",0,131.4143,-19.5000,12.2206,24.6100,37980.2813,-11.5000,11.4413,23.5000,48407.6013,0,48713.0000,117159.0000
2022-10-01,2022,10,Atlantico,15,Otras mercancias de uso domestico,0,101.7157,-19.5000,12.2206,24.6100,37980.2813,-11.5000,11.4413,23.5000,48407.6013,0,48713.0000,117159.0000
2022-10-01,2022,10,Bogota,4,Prendas de vestir y textiles,0,117.7003,-19.5000,12.2206,24.6100,37980.2813,-11.5000,11.4413,23.5000,48407.6013,0,464059.0000,400345.0000
2022-10-01,2022,10,Bogota,8,Electrodomesticos y muebles,1,120.4202,-19.5000,12.2206,24.6100,37980.2813,-11.5000,11.4413,23.5000,48407.6013,0,464059.0000,400345.0000
2022-10-01,2022,10,Bogota,9,Articulos y utensilios domesticos,0,176.6210,-19.5000,12.2206,24.6100,37980.2813,-11.5000,11.4413,23.5000,48407.6013,0,464059.0000,400345.0000
2022-10-01,2022,10,Bogota,10,Aseo del hogar,0,142.5932,-19.5000,12.2206,24.6100,37980.2813,-11.5000,11.4413,23.5000,48407.6013,0,464059.0000,400345.0000
2022-10-01,2022,10,Bogota,11,Informatica y telecomunicaciones,0,193.5795,-19.5000,12.2206,24.6100,37980.2813,-11.5000,11.4413,23.5000,48407.6013,0,464059.0000,400345.0000
2022-10-01,2022,10,Bogota,12,Sonido y video,0,138.8837,-19.5000,12.2206,24.6100,37980.2813,-11.5000,11.4413,23.5000,48407.6013,0,464059.0000,400345.0000
2022-10-01,2022,10,Bogota,14,"Ferreteria, vidrios y pinturas",0,137.9668,-19.5000,12.2206,24.6100,37980.2813,-11.5000,11.4413,23.5000,48407.6013,0,464059.0000,400345.0000
2022-10-01,2022,10,Bogota,15,Otras mercancias de uso domestico,0,132.5654,-19.5000,12.2206,24.6100,37980.2813,-11.5000,11.4413,23.5000,48407.6013,0,464059.0000,400345.0000
2022-10-01,2022,10,Cundinamarca,4,Prendas de vestir y textiles,0,151.1929,-19.5000,12.2206,24.6100,37980.2813,-11.5000,11.4413,23.5000,48407.6013,0,236603.0000,227630.0000
2022-10-01,2022,10,Cundinamarca,8,Electrodomesticos y muebles,1,145.5142,-19.5000,12.2206,24.6100,37980.2813,-11.5000,11.4413,23.5000,48407.6013,0,236603.0000,227630.0000
2022-10-01,2022,10,Cundinamarca,9,Articulos y utensilios domesticos,0,171.2685,-19.5000,12.2206,24.6100,37980.2813,-11.5000,11.4413,23.5000,48407.6013,0,236603.0000,227630.0000
2022-10-01,2022,10,Cundinamarca,10,Aseo del hogar,0,147.0584,-19.5000,12.2206,24.6100,37980.2813,-11.5000,11.4413,23.5000,48407.6013,0,236603.0000,227630.0000
2022-10-01,2022,10,Cundinamarca,11,Informatica y telecomunicaciones,0,182.4791,-19.5000,12.2206,24.6100,37980.2813,-11.5000,11.4413,23.5000,48407.6013,0,236603.0000,227630.0000
2022-10-01,2022,10,Cundinamarca,12,Sonido y video,0,166.2370,-19.5000,12.2206,24.6100,37980.2813,-11.5000,11.4413,23.5000,48407.6013,0,236603.0000,227630.0000
2022-10-01,2022,10,Cundinamarca,14,"Ferreteria, vidrios y pinturas",0,134.9684,-19.5000,12.2206,24.6100,37980.2813,-11.5000,11.4413,23.5000,48407.6013,0,236603.0000,227630.0000
2022-10-01,2022,10,Cundinamarca,15,Otras mercancias de uso domestico,0,177.1686,-19.5000,12.2206,24.6100,37980.2813,-11.5000,11.4413,23.5000,48407.6013,0,236603.0000,227630.0000
2022-10-01,2022,10,Santander,4,Prendas de vestir y textiles,0,122.2843,-19.5000,12.2206,24.6100,37980.2813,-11.5000,11.4413,23.5000,48407.6013,0,80410.0000,64356.0000
2022-10-01,2022,10,Santander,8,Electrodomesticos y muebles,1,93.1058,-19.5000,12.2206,24.6100,37980.2813,-11.5000,11.4413,23.5000,48407.6013,0,80410.0000,64356.0000
2022-10-01,2022,10,Santander,9,Articulos y utensilios domesticos,0,113.2368,-19.5000,12.2206,24.6100,37980.2813,-11.5000,11.4413,23.5000,48407.6013,0,80410.0000,64356.0000
2022-10-01,2022,10,Santander,10,Aseo del hogar,0,103.2529,-19.5000,12.2206,24.6100,37980.2813,-11.5000,11.4413,23.5000,48407.6013,0,80410.0000,64356.0000
2022-10-01,2022,10,Santander,11,Informatica y telecomunicaciones,0,142.2515,-19.5000,12.2206,24.6100,37980.2813,-11.5000,11.4413,23.5000,48407.6013,0,80410.0000,64356.0000
2022-10-01,2022,10,Santander,12,Sonido y video,0,102.8223,-19.5000,12.2206,24.6100,37980.2813,-11.5000,11.4413,23.5000,48407.6013,0,80410.0000,64356.0000
2022-10-01,2022,10,Santander,14,"Ferreteria, vidrios y pinturas",0,124.3053,-19.5000,12.2206,24.6100,37980.2813,-11.5000,11.4413,23.5000,48407.6013,0,80410.0000,64356.0000
2022-10-01,2022,10,Santander,15,Otras mercancias de uso domestico,0,119.5979,-19.5000,12.2206,24.6100,37980.2813,-11.5000,11.4413,23.5000,48407.6013,0,80410.0000,64356.0000
2022-10-01,2022,10,Valle del Cauca,4,Prendas de vestir y textiles,0,103.4351,-19.5000,12.2206,24.6100,37980.2813,-11.5000,11.4413,23.5000,48407.6013,0,196434.0000,310307.0000
2022-10-01,2022,10,Valle del Cauca,8,Electrodomesticos y muebles,1,100.2827,-19.5000,12.2206,24.6100,37980.2813,-11.5000,11.4413,23.5000,48407.6013,0,196434.0000,310307.0000
2022-10-01,2022,10,Valle del Cauca,9,Articulos y utensilios domesticos,0,137.6479,-19.5000,12.2206,24.6100,37980.2813,-11.5000,11.4413,23.5000,48407.6013,0,196434.0000,310307.0000
2022-10-01,2022,10,Valle del Cauca,10,Aseo del hogar,0,121.5109,-19.5000,12.2206,24.6100,37980.2813,-11.5000,11.4413,23.5000,48407.6013,0,196434.0000,310307.0000
2022-10-01,2022,10,Valle del Cauca,11,Informatica y telecomunicaciones,0,140.3816,-19.5000,12.2206,24.6100,37980.2813,-11.5000,11.4413,23.5000,48407.6013,0,196434.0000,310307.0000
2022-10-01,2022,10,Valle del Cauca,12,Sonido y video,0,113.9120,-19.5000,12.2206,24.6100,37980.2813,-11.5000,11.4413,23.5000,48407.6013,0,196434.0000,310307.0000
2022-10-01,2022,10,Valle del Cauca,14,"Ferreteria, vidrios y pinturas",0,116.3980,-19.5000,12.2206,24.6100,37980.2813,-11.5000,11.4413,23.5000,48407.6013,0,196434.0000,310307.0000
2022-10-01,2022,10,Valle del Cauca,15,Otras mercancias de uso domestico,0,112.8233,-19.5000,12.2206,24.6100,37980.2813,-11.5000,11.4413,23.5000,48407.6013,0,196434.0000,310307.0000
2022-10-01,2022,10,Otros departamentos,4,Prendas de vestir y textiles,0,120.9919,-19.5000,12.2206,24.6100,37980.2813,-11.5000,11.4413,23.5000,48407.6013,0,511872.0000,1105694.0000
2022-10-01,2022,10,Otros departamentos,8,Electrodomesticos y muebles,1,119.1182,-19.5000,12.2206,24.6100,37980.2813,-11.5000,11.4413,23.5000,48407.6013,0,511872.0000,1105694.0000
2022-10-01,2022,10,Otros departamentos,9,Articulos y utensilios domesticos,0,143.6892,-19.5000,12.2206,24.6100,37980.2813,-11.5000,11.4413,23.5000,48407.6013,0,511872.0000,1105694.0000
2022-10-01,2022,10,Otros departamentos,10,Aseo del hogar,0,119.6471,-19.5000,12.2206,24.6100,37980.2813,-11.5000,11.4413,23.5000,48407.6013,0,511872.0000,1105694.0000
2022-10-01,2022,10,Otros departamentos,11,Informatica y telecomunicaciones,0,170.0669,-19.5000,12.2206,24.6100,37980.2813,-11.5000,11.4413,23.5000,48407.6013,0,511872.0000,1105694.0000
2022-10-01,2022,10,Otros departamentos,12,Sonido y video,0,126.5711,-19.5000,12.2206,24.6100,37980.2813,-11.5000,11.4413,23.5000,48407.6013,0,511872.0000,1105694.0000
2022-10-01,2022,10,Otros departamentos,14,"Ferreteria, vidrios y pinturas",0,120.9785,-19.5000,12.2206,24.6100,37980.2813,-11.5000,11.4413,23.5000,48407.6013,0,511872.0000,1105694.0000
2022-10-01,2022,10,Otros departamentos,15,Otras mercancias de uso domestico,0,133.3690,-19.5000,12.2206,24.6100,37980.2813,-11.5000,11.4413,23.5000,48407.6013,0,511872.0000,1105694.0000
2022-11-01,2022,11,Antioquia,4,Prendas de vestir y textiles,0,157.4171,-24.8000,12.5316,25.7800,35855.1876,-19.5000,12.2206,24.6100,37980.2813,0,376329.0000,366388.0000
2022-11-01,2022,11,Antioquia,8,Electrodomesticos y muebles,1,120.6477,-24.8000,12.5316,25.7800,35855.1876,-19.5000,12.2206,24.6100,37980.2813,0,376329.0000,366388.0000
2022-11-01,2022,11,Antioquia,9,Articulos y utensilios domesticos,0,141.3471,-24.8000,12.5316,25.7800,35855.1876,-19.5000,12.2206,24.6100,37980.2813,0,376329.0000,366388.0000
2022-11-01,2022,11,Antioquia,10,Aseo del hogar,0,123.8337,-24.8000,12.5316,25.7800,35855.1876,-19.5000,12.2206,24.6100,37980.2813,0,376329.0000,366388.0000
2022-11-01,2022,11,Antioquia,11,Informatica y telecomunicaciones,0,186.6956,-24.8000,12.5316,25.7800,35855.1876,-19.5000,12.2206,24.6100,37980.2813,0,376329.0000,366388.0000
2022-11-01,2022,11,Antioquia,12,Sonido y video,0,133.9390,-24.8000,12.5316,25.7800,35855.1876,-19.5000,12.2206,24.6100,37980.2813,0,376329.0000,366388.0000
2022-11-01,2022,11,Antioquia,14,"Ferreteria, vidrios y pinturas",0,129.6599,-24.8000,12.5316,25.7800,35855.1876,-19.5000,12.2206,24.6100,37980.2813,0,376329.0000,366388.0000
2022-11-01,2022,11,Antioquia,15,Otras mercancias de uso domestico,0,131.5652,-24.8000,12.5316,25.7800,35855.1876,-19.5000,12.2206,24.6100,37980.2813,0,376329.0000,366388.0000
2022-11-01,2022,11,Atlantico,4,Prendas de vestir y textiles,0,131.0608,-24.8000,12.5316,25.7800,35855.1876,-19.5000,12.2206,24.6100,37980.2813,0,62432.0000,48713.0000
2022-11-01,2022,11,Atlantico,8,Electrodomesticos y muebles,1,121.8811,-24.8000,12.5316,25.7800,35855.1876,-19.5000,12.2206,24.6100,37980.2813,0,62432.0000,48713.0000
2022-11-01,2022,11,Atlantico,9,Articulos y utensilios domesticos,0,136.8966,-24.8000,12.5316,25.7800,35855.1876,-19.5000,12.2206,24.6100,37980.2813,0,62432.0000,48713.0000
2022-11-01,2022,11,Atlantico,10,Aseo del hogar,0,105.2841,-24.8000,12.5316,25.7800,35855.1876,-19.5000,12.2206,24.6100,37980.2813,0,62432.0000,48713.0000
2022-11-01,2022,11,Atlantico,11,Informatica y telecomunicaciones,0,170.9412,-24.8000,12.5316,25.7800,35855.1876,-19.5000,12.2206,24.6100,37980.2813,0,62432.0000,48713.0000
2022-11-01,2022,11,Atlantico,12,Sonido y video,0,126.1756,-24.8000,12.5316,25.7800,35855.1876,-19.5000,12.2206,24.6100,37980.2813,0,62432.0000,48713.0000
2022-11-01,2022,11,Atlantico,14,"Ferreteria, vidrios y pinturas",0,133.9801,-24.8000,12.5316,25.7800,35855.1876,-19.5000,12.2206,24.6100,37980.2813,0,62432.0000,48713.0000
2022-11-01,2022,11,Atlantico,15,Otras mercancias de uso domestico,0,120.2868,-24.8000,12.5316,25.7800,35855.1876,-19.5000,12.2206,24.6100,37980.2813,0,62432.0000,48713.0000
2022-11-01,2022,11,Bogota,4,Prendas de vestir y textiles,0,141.5307,-24.8000,12.5316,25.7800,35855.1876,-19.5000,12.2206,24.6100,37980.2813,0,512464.0000,464059.0000
2022-11-01,2022,11,Bogota,8,Electrodomesticos y muebles,1,125.3650,-24.8000,12.5316,25.7800,35855.1876,-19.5000,12.2206,24.6100,37980.2813,0,512464.0000,464059.0000
2022-11-01,2022,11,Bogota,9,Articulos y utensilios domesticos,0,174.7784,-24.8000,12.5316,25.7800,35855.1876,-19.5000,12.2206,24.6100,37980.2813,0,512464.0000,464059.0000
2022-11-01,2022,11,Bogota,10,Aseo del hogar,0,135.6277,-24.8000,12.5316,25.7800,35855.1876,-19.5000,12.2206,24.6100,37980.2813,0,512464.0000,464059.0000
2022-11-01,2022,11,Bogota,11,Informatica y telecomunicaciones,0,201.7420,-24.8000,12.5316,25.7800,35855.1876,-19.5000,12.2206,24.6100,37980.2813,0,512464.0000,464059.0000
2022-11-01,2022,11,Bogota,12,Sonido y video,0,173.6023,-24.8000,12.5316,25.7800,35855.1876,-19.5000,12.2206,24.6100,37980.2813,0,512464.0000,464059.0000
2022-11-01,2022,11,Bogota,14,"Ferreteria, vidrios y pinturas",0,147.1721,-24.8000,12.5316,25.7800,35855.1876,-19.5000,12.2206,24.6100,37980.2813,0,512464.0000,464059.0000
2022-11-01,2022,11,Bogota,15,Otras mercancias de uso domestico,0,149.3573,-24.8000,12.5316,25.7800,35855.1876,-19.5000,12.2206,24.6100,37980.2813,0,512464.0000,464059.0000
2022-11-01,2022,11,Cundinamarca,4,Prendas de vestir y textiles,0,155.3876,-24.8000,12.5316,25.7800,35855.1876,-19.5000,12.2206,24.6100,37980.2813,0,292004.0000,236603.0000
2022-11-01,2022,11,Cundinamarca,8,Electrodomesticos y muebles,1,155.4822,-24.8000,12.5316,25.7800,35855.1876,-19.5000,12.2206,24.6100,37980.2813,0,292004.0000,236603.0000
2022-11-01,2022,11,Cundinamarca,9,Articulos y utensilios domesticos,0,163.2334,-24.8000,12.5316,25.7800,35855.1876,-19.5000,12.2206,24.6100,37980.2813,0,292004.0000,236603.0000
2022-11-01,2022,11,Cundinamarca,10,Aseo del hogar,0,145.9009,-24.8000,12.5316,25.7800,35855.1876,-19.5000,12.2206,24.6100,37980.2813,0,292004.0000,236603.0000
2022-11-01,2022,11,Cundinamarca,11,Informatica y telecomunicaciones,0,199.9922,-24.8000,12.5316,25.7800,35855.1876,-19.5000,12.2206,24.6100,37980.2813,0,292004.0000,236603.0000
2022-11-01,2022,11,Cundinamarca,12,Sonido y video,0,181.6594,-24.8000,12.5316,25.7800,35855.1876,-19.5000,12.2206,24.6100,37980.2813,0,292004.0000,236603.0000
2022-11-01,2022,11,Cundinamarca,14,"Ferreteria, vidrios y pinturas",0,120.1348,-24.8000,12.5316,25.7800,35855.1876,-19.5000,12.2206,24.6100,37980.2813,0,292004.0000,236603.0000
2022-11-01,2022,11,Cundinamarca,15,Otras mercancias de uso domestico,0,164.3342,-24.8000,12.5316,25.7800,35855.1876,-19.5000,12.2206,24.6100,37980.2813,0,292004.0000,236603.0000
2022-11-01,2022,11,Santander,4,Prendas de vestir y textiles,0,141.0110,-24.8000,12.5316,25.7800,35855.1876,-19.5000,12.2206,24.6100,37980.2813,0,70109.0000,80410.0000
2022-11-01,2022,11,Santander,8,Electrodomesticos y muebles,1,107.8427,-24.8000,12.5316,25.7800,35855.1876,-19.5000,12.2206,24.6100,37980.2813,0,70109.0000,80410.0000
2022-11-01,2022,11,Santander,9,Articulos y utensilios domesticos,0,143.1636,-24.8000,12.5316,25.7800,35855.1876,-19.5000,12.2206,24.6100,37980.2813,0,70109.0000,80410.0000
2022-11-01,2022,11,Santander,10,Aseo del hogar,0,105.6483,-24.8000,12.5316,25.7800,35855.1876,-19.5000,12.2206,24.6100,37980.2813,0,70109.0000,80410.0000
2022-11-01,2022,11,Santander,11,Informatica y telecomunicaciones,0,170.2004,-24.8000,12.5316,25.7800,35855.1876,-19.5000,12.2206,24.6100,37980.2813,0,70109.0000,80410.0000
2022-11-01,2022,11,Santander,12,Sonido y video,0,129.9081,-24.8000,12.5316,25.7800,35855.1876,-19.5000,12.2206,24.6100,37980.2813,0,70109.0000,80410.0000
2022-11-01,2022,11,Santander,14,"Ferreteria, vidrios y pinturas",0,125.7530,-24.8000,12.5316,25.7800,35855.1876,-19.5000,12.2206,24.6100,37980.2813,0,70109.0000,80410.0000
2022-11-01,2022,11,Santander,15,Otras mercancias de uso domestico,0,138.6371,-24.8000,12.5316,25.7800,35855.1876,-19.5000,12.2206,24.6100,37980.2813,0,70109.0000,80410.0000
2022-11-01,2022,11,Valle del Cauca,4,Prendas de vestir y textiles,0,134.5887,-24.8000,12.5316,25.7800,35855.1876,-19.5000,12.2206,24.6100,37980.2813,0,191928.0000,196434.0000
2022-11-01,2022,11,Valle del Cauca,8,Electrodomesticos y muebles,1,108.3217,-24.8000,12.5316,25.7800,35855.1876,-19.5000,12.2206,24.6100,37980.2813,0,191928.0000,196434.0000
2022-11-01,2022,11,Valle del Cauca,9,Articulos y utensilios domesticos,0,136.7896,-24.8000,12.5316,25.7800,35855.1876,-19.5000,12.2206,24.6100,37980.2813,0,191928.0000,196434.0000
2022-11-01,2022,11,Valle del Cauca,10,Aseo del hogar,0,113.7801,-24.8000,12.5316,25.7800,35855.1876,-19.5000,12.2206,24.6100,37980.2813,0,191928.0000,196434.0000
2022-11-01,2022,11,Valle del Cauca,11,Informatica y telecomunicaciones,0,183.0775,-24.8000,12.5316,25.7800,35855.1876,-19.5000,12.2206,24.6100,37980.2813,0,191928.0000,196434.0000
2022-11-01,2022,11,Valle del Cauca,12,Sonido y video,0,151.0922,-24.8000,12.5316,25.7800,35855.1876,-19.5000,12.2206,24.6100,37980.2813,0,191928.0000,196434.0000
2022-11-01,2022,11,Valle del Cauca,14,"Ferreteria, vidrios y pinturas",0,121.1078,-24.8000,12.5316,25.7800,35855.1876,-19.5000,12.2206,24.6100,37980.2813,0,191928.0000,196434.0000
2022-11-01,2022,11,Valle del Cauca,15,Otras mercancias de uso domestico,0,114.1019,-24.8000,12.5316,25.7800,35855.1876,-19.5000,12.2206,24.6100,37980.2813,0,191928.0000,196434.0000
2022-11-01,2022,11,Otros departamentos,4,Prendas de vestir y textiles,0,131.7271,-24.8000,12.5316,25.7800,35855.1876,-19.5000,12.2206,24.6100,37980.2813,0,736670.0000,511872.0000
2022-11-01,2022,11,Otros departamentos,8,Electrodomesticos y muebles,1,131.3103,-24.8000,12.5316,25.7800,35855.1876,-19.5000,12.2206,24.6100,37980.2813,0,736670.0000,511872.0000
2022-11-01,2022,11,Otros departamentos,9,Articulos y utensilios domesticos,0,156.9381,-24.8000,12.5316,25.7800,35855.1876,-19.5000,12.2206,24.6100,37980.2813,0,736670.0000,511872.0000
2022-11-01,2022,11,Otros departamentos,10,Aseo del hogar,0,111.5500,-24.8000,12.5316,25.7800,35855.1876,-19.5000,12.2206,24.6100,37980.2813,0,736670.0000,511872.0000
2022-11-01,2022,11,Otros departamentos,11,Informatica y telecomunicaciones,0,195.2430,-24.8000,12.5316,25.7800,35855.1876,-19.5000,12.2206,24.6100,37980.2813,0,736670.0000,511872.0000
2022-11-01,2022,11,Otros departamentos,12,Sonido y video,0,172.3194,-24.8000,12.5316,25.7800,35855.1876,-19.5000,12.2206,24.6100,37980.2813,0,736670.0000,511872.0000
2022-11-01,2022,11,Otros departamentos,14,"Ferreteria, vidrios y pinturas",0,128.2496,-24.8000,12.5316,25.7800,35855.1876,-19.5000,12.2206,24.6100,37980.2813,0,736670.0000,511872.0000
2022-11-01,2022,11,Otros departamentos,15,Otras mercancias de uso domestico,0,154.3858,-24.8000,12.5316,25.7800,35855.1876,-19.5000,12.2206,24.6100,37980.2813,0,736670.0000,511872.0000
2022-12-01,2022,12,Antioquia,4,Prendas de vestir y textiles,0,315.9908,-22.3000,13.1227,27.6400,35908.4580,-24.8000,12.5316,25.7800,35855.1876,0,411393.0000,376329.0000
2022-12-01,2022,12,Antioquia,8,Electrodomesticos y muebles,1,115.3232,-22.3000,13.1227,27.6400,35908.4580,-24.8000,12.5316,25.7800,35855.1876,0,411393.0000,376329.0000
2022-12-01,2022,12,Antioquia,9,Articulos y utensilios domesticos,0,164.8430,-22.3000,13.1227,27.6400,35908.4580,-24.8000,12.5316,25.7800,35855.1876,0,411393.0000,376329.0000
2022-12-01,2022,12,Antioquia,10,Aseo del hogar,0,129.5762,-22.3000,13.1227,27.6400,35908.4580,-24.8000,12.5316,25.7800,35855.1876,0,411393.0000,376329.0000
2022-12-01,2022,12,Antioquia,11,Informatica y telecomunicaciones,0,211.6755,-22.3000,13.1227,27.6400,35908.4580,-24.8000,12.5316,25.7800,35855.1876,0,411393.0000,376329.0000
2022-12-01,2022,12,Antioquia,12,Sonido y video,0,129.4890,-22.3000,13.1227,27.6400,35908.4580,-24.8000,12.5316,25.7800,35855.1876,0,411393.0000,376329.0000
2022-12-01,2022,12,Antioquia,14,"Ferreteria, vidrios y pinturas",0,126.1795,-22.3000,13.1227,27.6400,35908.4580,-24.8000,12.5316,25.7800,35855.1876,0,411393.0000,376329.0000
2022-12-01,2022,12,Antioquia,15,Otras mercancias de uso domestico,0,167.4225,-22.3000,13.1227,27.6400,35908.4580,-24.8000,12.5316,25.7800,35855.1876,0,411393.0000,376329.0000
2022-12-01,2022,12,Atlantico,4,Prendas de vestir y textiles,0,312.3747,-22.3000,13.1227,27.6400,35908.4580,-24.8000,12.5316,25.7800,35855.1876,0,81712.0000,62432.0000
2022-12-01,2022,12,Atlantico,8,Electrodomesticos y muebles,1,129.6068,-22.3000,13.1227,27.6400,35908.4580,-24.8000,12.5316,25.7800,35855.1876,0,81712.0000,62432.0000
2022-12-01,2022,12,Atlantico,9,Articulos y utensilios domesticos,0,176.8212,-22.3000,13.1227,27.6400,35908.4580,-24.8000,12.5316,25.7800,35855.1876,0,81712.0000,62432.0000
2022-12-01,2022,12,Atlantico,10,Aseo del hogar,0,131.6254,-22.3000,13.1227,27.6400,35908.4580,-24.8000,12.5316,25.7800,35855.1876,0,81712.0000,62432.0000
2022-12-01,2022,12,Atlantico,11,Informatica y telecomunicaciones,0,220.6034,-22.3000,13.1227,27.6400,35908.4580,-24.8000,12.5316,25.7800,35855.1876,0,81712.0000,62432.0000
2022-12-01,2022,12,Atlantico,12,Sonido y video,0,146.6828,-22.3000,13.1227,27.6400,35908.4580,-24.8000,12.5316,25.7800,35855.1876,0,81712.0000,62432.0000
2022-12-01,2022,12,Atlantico,14,"Ferreteria, vidrios y pinturas",0,113.6109,-22.3000,13.1227,27.6400,35908.4580,-24.8000,12.5316,25.7800,35855.1876,0,81712.0000,62432.0000
2022-12-01,2022,12,Atlantico,15,Otras mercancias de uso domestico,0,185.0247,-22.3000,13.1227,27.6400,35908.4580,-24.8000,12.5316,25.7800,35855.1876,0,81712.0000,62432.0000
2022-12-01,2022,12,Bogota,4,Prendas de vestir y textiles,0,251.0365,-22.3000,13.1227,27.6400,35908.4580,-24.8000,12.5316,25.7800,35855.1876,0,565330.0000,512464.0000
2022-12-01,2022,12,Bogota,8,Electrodomesticos y muebles,1,124.8442,-22.3000,13.1227,27.6400,35908.4580,-24.8000,12.5316,25.7800,35855.1876,0,565330.0000,512464.0000
2022-12-01,2022,12,Bogota,9,Articulos y utensilios domesticos,0,201.3208,-22.3000,13.1227,27.6400,35908.4580,-24.8000,12.5316,25.7800,35855.1876,0,565330.0000,512464.0000
2022-12-01,2022,12,Bogota,10,Aseo del hogar,0,143.9129,-22.3000,13.1227,27.6400,35908.4580,-24.8000,12.5316,25.7800,35855.1876,0,565330.0000,512464.0000
2022-12-01,2022,12,Bogota,11,Informatica y telecomunicaciones,0,219.3106,-22.3000,13.1227,27.6400,35908.4580,-24.8000,12.5316,25.7800,35855.1876,0,565330.0000,512464.0000
2022-12-01,2022,12,Bogota,12,Sonido y video,0,150.8575,-22.3000,13.1227,27.6400,35908.4580,-24.8000,12.5316,25.7800,35855.1876,0,565330.0000,512464.0000
2022-12-01,2022,12,Bogota,14,"Ferreteria, vidrios y pinturas",0,121.3977,-22.3000,13.1227,27.6400,35908.4580,-24.8000,12.5316,25.7800,35855.1876,0,565330.0000,512464.0000
2022-12-01,2022,12,Bogota,15,Otras mercancias de uso domestico,0,194.4321,-22.3000,13.1227,27.6400,35908.4580,-24.8000,12.5316,25.7800,35855.1876,0,565330.0000,512464.0000
2022-12-01,2022,12,Cundinamarca,4,Prendas de vestir y textiles,0,280.6149,-22.3000,13.1227,27.6400,35908.4580,-24.8000,12.5316,25.7800,35855.1876,0,505793.0000,292004.0000
2022-12-01,2022,12,Cundinamarca,8,Electrodomesticos y muebles,1,148.2800,-22.3000,13.1227,27.6400,35908.4580,-24.8000,12.5316,25.7800,35855.1876,0,505793.0000,292004.0000
2022-12-01,2022,12,Cundinamarca,9,Articulos y utensilios domesticos,0,193.3286,-22.3000,13.1227,27.6400,35908.4580,-24.8000,12.5316,25.7800,35855.1876,0,505793.0000,292004.0000
2022-12-01,2022,12,Cundinamarca,10,Aseo del hogar,0,147.4088,-22.3000,13.1227,27.6400,35908.4580,-24.8000,12.5316,25.7800,35855.1876,0,505793.0000,292004.0000
2022-12-01,2022,12,Cundinamarca,11,Informatica y telecomunicaciones,0,249.2067,-22.3000,13.1227,27.6400,35908.4580,-24.8000,12.5316,25.7800,35855.1876,0,505793.0000,292004.0000
2022-12-01,2022,12,Cundinamarca,12,Sonido y video,0,172.8592,-22.3000,13.1227,27.6400,35908.4580,-24.8000,12.5316,25.7800,35855.1876,0,505793.0000,292004.0000
2022-12-01,2022,12,Cundinamarca,14,"Ferreteria, vidrios y pinturas",0,111.7656,-22.3000,13.1227,27.6400,35908.4580,-24.8000,12.5316,25.7800,35855.1876,0,505793.0000,292004.0000
2022-12-01,2022,12,Cundinamarca,15,Otras mercancias de uso domestico,0,188.5677,-22.3000,13.1227,27.6400,35908.4580,-24.8000,12.5316,25.7800,35855.1876,0,505793.0000,292004.0000
2022-12-01,2022,12,Santander,4,Prendas de vestir y textiles,0,287.1409,-22.3000,13.1227,27.6400,35908.4580,-24.8000,12.5316,25.7800,35855.1876,0,102953.0000,70109.0000
2022-12-01,2022,12,Santander,8,Electrodomesticos y muebles,1,108.5203,-22.3000,13.1227,27.6400,35908.4580,-24.8000,12.5316,25.7800,35855.1876,0,102953.0000,70109.0000
2022-12-01,2022,12,Santander,9,Articulos y utensilios domesticos,0,163.3393,-22.3000,13.1227,27.6400,35908.4580,-24.8000,12.5316,25.7800,35855.1876,0,102953.0000,70109.0000
2022-12-01,2022,12,Santander,10,Aseo del hogar,0,121.7762,-22.3000,13.1227,27.6400,35908.4580,-24.8000,12.5316,25.7800,35855.1876,0,102953.0000,70109.0000
2022-12-01,2022,12,Santander,11,Informatica y telecomunicaciones,0,228.4771,-22.3000,13.1227,27.6400,35908.4580,-24.8000,12.5316,25.7800,35855.1876,0,102953.0000,70109.0000
2022-12-01,2022,12,Santander,12,Sonido y video,0,133.8360,-22.3000,13.1227,27.6400,35908.4580,-24.8000,12.5316,25.7800,35855.1876,0,102953.0000,70109.0000
2022-12-01,2022,12,Santander,14,"Ferreteria, vidrios y pinturas",0,117.3509,-22.3000,13.1227,27.6400,35908.4580,-24.8000,12.5316,25.7800,35855.1876,0,102953.0000,70109.0000
2022-12-01,2022,12,Santander,15,Otras mercancias de uso domestico,0,168.1655,-22.3000,13.1227,27.6400,35908.4580,-24.8000,12.5316,25.7800,35855.1876,0,102953.0000,70109.0000
2022-12-01,2022,12,Valle del Cauca,4,Prendas de vestir y textiles,0,259.2622,-22.3000,13.1227,27.6400,35908.4580,-24.8000,12.5316,25.7800,35855.1876,0,129531.0000,191928.0000
2022-12-01,2022,12,Valle del Cauca,8,Electrodomesticos y muebles,1,105.5486,-22.3000,13.1227,27.6400,35908.4580,-24.8000,12.5316,25.7800,35855.1876,0,129531.0000,191928.0000
2022-12-01,2022,12,Valle del Cauca,9,Articulos y utensilios domesticos,0,162.2737,-22.3000,13.1227,27.6400,35908.4580,-24.8000,12.5316,25.7800,35855.1876,0,129531.0000,191928.0000
2022-12-01,2022,12,Valle del Cauca,10,Aseo del hogar,0,110.9563,-22.3000,13.1227,27.6400,35908.4580,-24.8000,12.5316,25.7800,35855.1876,0,129531.0000,191928.0000
2022-12-01,2022,12,Valle del Cauca,11,Informatica y telecomunicaciones,0,200.7078,-22.3000,13.1227,27.6400,35908.4580,-24.8000,12.5316,25.7800,35855.1876,0,129531.0000,191928.0000
2022-12-01,2022,12,Valle del Cauca,12,Sonido y video,0,143.7729,-22.3000,13.1227,27.6400,35908.4580,-24.8000,12.5316,25.7800,35855.1876,0,129531.0000,191928.0000
2022-12-01,2022,12,Valle del Cauca,14,"Ferreteria, vidrios y pinturas",0,102.1008,-22.3000,13.1227,27.6400,35908.4580,-24.8000,12.5316,25.7800,35855.1876,0,129531.0000,191928.0000
2022-12-01,2022,12,Valle del Cauca,15,Otras mercancias de uso domestico,0,140.6733,-22.3000,13.1227,27.6400,35908.4580,-24.8000,12.5316,25.7800,35855.1876,0,129531.0000,191928.0000
2022-12-01,2022,12,Otros departamentos,4,Prendas de vestir y textiles,0,352.6592,-22.3000,13.1227,27.6400,35908.4580,-24.8000,12.5316,25.7800,35855.1876,0,798278.0000,736670.0000
2022-12-01,2022,12,Otros departamentos,8,Electrodomesticos y muebles,1,135.5058,-22.3000,13.1227,27.6400,35908.4580,-24.8000,12.5316,25.7800,35855.1876,0,798278.0000,736670.0000
2022-12-01,2022,12,Otros departamentos,9,Articulos y utensilios domesticos,0,198.4791,-22.3000,13.1227,27.6400,35908.4580,-24.8000,12.5316,25.7800,35855.1876,0,798278.0000,736670.0000
2022-12-01,2022,12,Otros departamentos,10,Aseo del hogar,0,139.5404,-22.3000,13.1227,27.6400,35908.4580,-24.8000,12.5316,25.7800,35855.1876,0,798278.0000,736670.0000
2022-12-01,2022,12,Otros departamentos,11,Informatica y telecomunicaciones,0,259.9228,-22.3000,13.1227,27.6400,35908.4580,-24.8000,12.5316,25.7800,35855.1876,0,798278.0000,736670.0000
2022-12-01,2022,12,Otros departamentos,12,Sonido y video,0,175.6698,-22.3000,13.1227,27.6400,35908.4580,-24.8000,12.5316,25.7800,35855.1876,0,798278.0000,736670.0000
2022-12-01,2022,12,Otros departamentos,14,"Ferreteria, vidrios y pinturas",0,127.3019,-22.3000,13.1227,27.6400,35908.4580,-24.8000,12.5316,25.7800,35855.1876,0,798278.0000,736670.0000
2022-12-01,2022,12,Otros departamentos,15,Otras mercancias de uso domestico,0,214.4791,-22.3000,13.1227,27.6400,35908.4580,-24.8000,12.5316,25.7800,35855.1876,0,798278.0000,736670.0000
2023-01-01,2023,1,Antioquia,4,Prendas de vestir y textiles,0,101.9796,-28.6000,13.2527,28.8400,31608.4810,-22.3000,13.1227,27.6400,35908.4580,0,271948.0000,411393.0000
2023-01-01,2023,1,Antioquia,8,Electrodomesticos y muebles,1,120.1683,-28.6000,13.2527,28.8400,31608.4810,-22.3000,13.1227,27.6400,35908.4580,0,271948.0000,411393.0000
2023-01-01,2023,1,Antioquia,9,Articulos y utensilios domesticos,0,125.1681,-28.6000,13.2527,28.8400,31608.4810,-22.3000,13.1227,27.6400,35908.4580,0,271948.0000,411393.0000
2023-01-01,2023,1,Antioquia,10,Aseo del hogar,0,130.9340,-28.6000,13.2527,28.8400,31608.4810,-22.3000,13.1227,27.6400,35908.4580,0,271948.0000,411393.0000
2023-01-01,2023,1,Antioquia,11,Informatica y telecomunicaciones,0,159.6628,-28.6000,13.2527,28.8400,31608.4810,-22.3000,13.1227,27.6400,35908.4580,0,271948.0000,411393.0000
2023-01-01,2023,1,Antioquia,12,Sonido y video,0,86.0097,-28.6000,13.2527,28.8400,31608.4810,-22.3000,13.1227,27.6400,35908.4580,0,271948.0000,411393.0000
2023-01-01,2023,1,Antioquia,14,"Ferreteria, vidrios y pinturas",0,112.6354,-28.6000,13.2527,28.8400,31608.4810,-22.3000,13.1227,27.6400,35908.4580,0,271948.0000,411393.0000
2023-01-01,2023,1,Antioquia,15,Otras mercancias de uso domestico,0,92.2134,-28.6000,13.2527,28.8400,31608.4810,-22.3000,13.1227,27.6400,35908.4580,0,271948.0000,411393.0000
2023-01-01,2023,1,Atlantico,4,Prendas de vestir y textiles,0,103.6955,-28.6000,13.2527,28.8400,31608.4810,-22.3000,13.1227,27.6400,35908.4580,0,6492.0000,81712.0000
2023-01-01,2023,1,Atlantico,8,Electrodomesticos y muebles,1,108.4017,-28.6000,13.2527,28.8400,31608.4810,-22.3000,13.1227,27.6400,35908.4580,0,6492.0000,81712.0000
2023-01-01,2023,1,Atlantico,9,Articulos y utensilios domesticos,0,136.9703,-28.6000,13.2527,28.8400,31608.4810,-22.3000,13.1227,27.6400,35908.4580,0,6492.0000,81712.0000
2023-01-01,2023,1,Atlantico,10,Aseo del hogar,0,116.0197,-28.6000,13.2527,28.8400,31608.4810,-22.3000,13.1227,27.6400,35908.4580,0,6492.0000,81712.0000
2023-01-01,2023,1,Atlantico,11,Informatica y telecomunicaciones,0,156.7053,-28.6000,13.2527,28.8400,31608.4810,-22.3000,13.1227,27.6400,35908.4580,0,6492.0000,81712.0000
2023-01-01,2023,1,Atlantico,12,Sonido y video,0,87.2620,-28.6000,13.2527,28.8400,31608.4810,-22.3000,13.1227,27.6400,35908.4580,0,6492.0000,81712.0000
2023-01-01,2023,1,Atlantico,14,"Ferreteria, vidrios y pinturas",0,114.1578,-28.6000,13.2527,28.8400,31608.4810,-22.3000,13.1227,27.6400,35908.4580,0,6492.0000,81712.0000
2023-01-01,2023,1,Atlantico,15,Otras mercancias de uso domestico,0,98.7198,-28.6000,13.2527,28.8400,31608.4810,-22.3000,13.1227,27.6400,35908.4580,0,6492.0000,81712.0000
2023-01-01,2023,1,Bogota,4,Prendas de vestir y textiles,0,98.2833,-28.6000,13.2527,28.8400,31608.4810,-22.3000,13.1227,27.6400,35908.4580,0,665829.0000,565330.0000
2023-01-01,2023,1,Bogota,8,Electrodomesticos y muebles,1,118.8160,-28.6000,13.2527,28.8400,31608.4810,-22.3000,13.1227,27.6400,35908.4580,0,665829.0000,565330.0000
2023-01-01,2023,1,Bogota,9,Articulos y utensilios domesticos,0,142.7231,-28.6000,13.2527,28.8400,31608.4810,-22.3000,13.1227,27.6400,35908.4580,0,665829.0000,565330.0000
2023-01-01,2023,1,Bogota,10,Aseo del hogar,0,125.7501,-28.6000,13.2527,28.8400,31608.4810,-22.3000,13.1227,27.6400,35908.4580,0,665829.0000,565330.0000
2023-01-01,2023,1,Bogota,11,Informatica y telecomunicaciones,0,155.0646,-28.6000,13.2527,28.8400,31608.4810,-22.3000,13.1227,27.6400,35908.4580,0,665829.0000,565330.0000
2023-01-01,2023,1,Bogota,12,Sonido y video,0,101.6247,-28.6000,13.2527,28.8400,31608.4810,-22.3000,13.1227,27.6400,35908.4580,0,665829.0000,565330.0000
2023-01-01,2023,1,Bogota,14,"Ferreteria, vidrios y pinturas",0,105.9595,-28.6000,13.2527,28.8400,31608.4810,-22.3000,13.1227,27.6400,35908.4580,0,665829.0000,565330.0000
2023-01-01,2023,1,Bogota,15,Otras mercancias de uso domestico,0,113.2680,-28.6000,13.2527,28.8400,31608.4810,-22.3000,13.1227,27.6400,35908.4580,0,665829.0000,565330.0000
2023-01-01,2023,1,Cundinamarca,4,Prendas de vestir y textiles,0,108.8669,-28.6000,13.2527,28.8400,31608.4810,-22.3000,13.1227,27.6400,35908.4580,0,130671.0000,505793.0000
2023-01-01,2023,1,Cundinamarca,8,Electrodomesticos y muebles,1,135.3839,-28.6000,13.2527,28.8400,31608.4810,-22.3000,13.1227,27.6400,35908.4580,0,130671.0000,505793.0000
2023-01-01,2023,1,Cundinamarca,9,Articulos y utensilios domesticos,0,153.1962,-28.6000,13.2527,28.8400,31608.4810,-22.3000,13.1227,27.6400,35908.4580,0,130671.0000,505793.0000
2023-01-01,2023,1,Cundinamarca,10,Aseo del hogar,0,138.9396,-28.6000,13.2527,28.8400,31608.4810,-22.3000,13.1227,27.6400,35908.4580,0,130671.0000,505793.0000
2023-01-01,2023,1,Cundinamarca,11,Informatica y telecomunicaciones,0,181.7819,-28.6000,13.2527,28.8400,31608.4810,-22.3000,13.1227,27.6400,35908.4580,0,130671.0000,505793.0000
2023-01-01,2023,1,Cundinamarca,12,Sonido y video,0,116.2086,-28.6000,13.2527,28.8400,31608.4810,-22.3000,13.1227,27.6400,35908.4580,0,130671.0000,505793.0000
2023-01-01,2023,1,Cundinamarca,14,"Ferreteria, vidrios y pinturas",0,110.9780,-28.6000,13.2527,28.8400,31608.4810,-22.3000,13.1227,27.6400,35908.4580,0,130671.0000,505793.0000
2023-01-01,2023,1,Cundinamarca,15,Otras mercancias de uso domestico,0,99.0818,-28.6000,13.2527,28.8400,31608.4810,-22.3000,13.1227,27.6400,35908.4580,0,130671.0000,505793.0000
2023-01-01,2023,1,Santander,4,Prendas de vestir y textiles,0,106.0910,-28.6000,13.2527,28.8400,31608.4810,-22.3000,13.1227,27.6400,35908.4580,0,79291.0000,102953.0000
2023-01-01,2023,1,Santander,8,Electrodomesticos y muebles,1,96.7486,-28.6000,13.2527,28.8400,31608.4810,-22.3000,13.1227,27.6400,35908.4580,0,79291.0000,102953.0000
2023-01-01,2023,1,Santander,9,Articulos y utensilios domesticos,0,129.1255,-28.6000,13.2527,28.8400,31608.4810,-22.3000,13.1227,27.6400,35908.4580,0,79291.0000,102953.0000
2023-01-01,2023,1,Santander,10,Aseo del hogar,0,131.6516,-28.6000,13.2527,28.8400,31608.4810,-22.3000,13.1227,27.6400,35908.4580,0,79291.0000,102953.0000
2023-01-01,2023,1,Santander,11,Informatica y telecomunicaciones,0,170.1565,-28.6000,13.2527,28.8400,31608.4810,-22.3000,13.1227,27.6400,35908.4580,0,79291.0000,102953.0000
2023-01-01,2023,1,Santander,12,Sonido y video,0,94.4478,-28.6000,13.2527,28.8400,31608.4810,-22.3000,13.1227,27.6400,35908.4580,0,79291.0000,102953.0000
2023-01-01,2023,1,Santander,14,"Ferreteria, vidrios y pinturas",0,111.3745,-28.6000,13.2527,28.8400,31608.4810,-22.3000,13.1227,27.6400,35908.4580,0,79291.0000,102953.0000
2023-01-01,2023,1,Santander,15,Otras mercancias de uso domestico,0,110.0127,-28.6000,13.2527,28.8400,31608.4810,-22.3000,13.1227,27.6400,35908.4580,0,79291.0000,102953.0000
2023-01-01,2023,1,Valle del Cauca,4,Prendas de vestir y textiles,0,87.7798,-28.6000,13.2527,28.8400,31608.4810,-22.3000,13.1227,27.6400,35908.4580,0,119839.0000,129531.0000
2023-01-01,2023,1,Valle del Cauca,8,Electrodomesticos y muebles,1,97.5778,-28.6000,13.2527,28.8400,31608.4810,-22.3000,13.1227,27.6400,35908.4580,0,119839.0000,129531.0000
2023-01-01,2023,1,Valle del Cauca,9,Articulos y utensilios domesticos,0,125.9667,-28.6000,13.2527,28.8400,31608.4810,-22.3000,13.1227,27.6400,35908.4580,0,119839.0000,129531.0000
2023-01-01,2023,1,Valle del Cauca,10,Aseo del hogar,0,110.3097,-28.6000,13.2527,28.8400,31608.4810,-22.3000,13.1227,27.6400,35908.4580,0,119839.0000,129531.0000
2023-01-01,2023,1,Valle del Cauca,11,Informatica y telecomunicaciones,0,162.4184,-28.6000,13.2527,28.8400,31608.4810,-22.3000,13.1227,27.6400,35908.4580,0,119839.0000,129531.0000
2023-01-01,2023,1,Valle del Cauca,12,Sonido y video,0,88.1187,-28.6000,13.2527,28.8400,31608.4810,-22.3000,13.1227,27.6400,35908.4580,0,119839.0000,129531.0000
2023-01-01,2023,1,Valle del Cauca,14,"Ferreteria, vidrios y pinturas",0,110.4174,-28.6000,13.2527,28.8400,31608.4810,-22.3000,13.1227,27.6400,35908.4580,0,119839.0000,129531.0000
2023-01-01,2023,1,Valle del Cauca,15,Otras mercancias de uso domestico,0,98.5989,-28.6000,13.2527,28.8400,31608.4810,-22.3000,13.1227,27.6400,35908.4580,0,119839.0000,129531.0000
2023-01-01,2023,1,Otros departamentos,4,Prendas de vestir y textiles,0,115.4970,-28.6000,13.2527,28.8400,31608.4810,-22.3000,13.1227,27.6400,35908.4580,0,419091.0000,798278.0000
2023-01-01,2023,1,Otros departamentos,8,Electrodomesticos y muebles,1,118.6885,-28.6000,13.2527,28.8400,31608.4810,-22.3000,13.1227,27.6400,35908.4580,0,419091.0000,798278.0000
2023-01-01,2023,1,Otros departamentos,9,Articulos y utensilios domesticos,0,148.4777,-28.6000,13.2527,28.8400,31608.4810,-22.3000,13.1227,27.6400,35908.4580,0,419091.0000,798278.0000
2023-01-01,2023,1,Otros departamentos,10,Aseo del hogar,0,121.4550,-28.6000,13.2527,28.8400,31608.4810,-22.3000,13.1227,27.6400,35908.4580,0,419091.0000,798278.0000
2023-01-01,2023,1,Otros departamentos,11,Informatica y telecomunicaciones,0,167.6438,-28.6000,13.2527,28.8400,31608.4810,-22.3000,13.1227,27.6400,35908.4580,0,419091.0000,798278.0000
2023-01-01,2023,1,Otros departamentos,12,Sonido y video,0,110.8306,-28.6000,13.2527,28.8400,31608.4810,-22.3000,13.1227,27.6400,35908.4580,0,419091.0000,798278.0000
2023-01-01,2023,1,Otros departamentos,14,"Ferreteria, vidrios y pinturas",0,115.6569,-28.6000,13.2527,28.8400,31608.4810,-22.3000,13.1227,27.6400,35908.4580,0,419091.0000,798278.0000
2023-01-01,2023,1,Otros departamentos,15,Otras mercancias de uso domestico,0,112.9717,-28.6000,13.2527,28.8400,31608.4810,-22.3000,13.1227,27.6400,35908.4580,0,419091.0000,798278.0000
2023-02-01,2023,2,Antioquia,4,Prendas de vestir y textiles,0,84.5406,-27.8000,13.2829,30.1800,29343.9141,-28.6000,13.2527,28.8400,31608.4810,0,273969.0000,271948.0000
2023-02-01,2023,2,Antioquia,8,Electrodomesticos y muebles,1,93.7218,-27.8000,13.2829,30.1800,29343.9141,-28.6000,13.2527,28.8400,31608.4810,0,273969.0000,271948.0000
2023-02-01,2023,2,Antioquia,9,Articulos y utensilios domesticos,0,108.0253,-27.8000,13.2829,30.1800,29343.9141,-28.6000,13.2527,28.8400,31608.4810,0,273969.0000,271948.0000
2023-02-01,2023,2,Antioquia,10,Aseo del hogar,0,110.7613,-27.8000,13.2829,30.1800,29343.9141,-28.6000,13.2527,28.8400,31608.4810,0,273969.0000,271948.0000
2023-02-01,2023,2,Antioquia,11,Informatica y telecomunicaciones,0,190.6089,-27.8000,13.2829,30.1800,29343.9141,-28.6000,13.2527,28.8400,31608.4810,0,273969.0000,271948.0000
2023-02-01,2023,2,Antioquia,12,Sonido y video,0,97.5417,-27.8000,13.2829,30.1800,29343.9141,-28.6000,13.2527,28.8400,31608.4810,0,273969.0000,271948.0000
2023-02-01,2023,2,Antioquia,14,"Ferreteria, vidrios y pinturas",0,111.4832,-27.8000,13.2829,30.1800,29343.9141,-28.6000,13.2527,28.8400,31608.4810,0,273969.0000,271948.0000
2023-02-01,2023,2,Antioquia,15,Otras mercancias de uso domestico,0,92.7500,-27.8000,13.2829,30.1800,29343.9141,-28.6000,13.2527,28.8400,31608.4810,0,273969.0000,271948.0000
2023-02-01,2023,2,Atlantico,4,Prendas de vestir y textiles,0,71.7323,-27.8000,13.2829,30.1800,29343.9141,-28.6000,13.2527,28.8400,31608.4810,0,19433.0000,6492.0000
2023-02-01,2023,2,Atlantico,8,Electrodomesticos y muebles,1,95.1416,-27.8000,13.2829,30.1800,29343.9141,-28.6000,13.2527,28.8400,31608.4810,0,19433.0000,6492.0000
2023-02-01,2023,2,Atlantico,9,Articulos y utensilios domesticos,0,109.1278,-27.8000,13.2829,30.1800,29343.9141,-28.6000,13.2527,28.8400,31608.4810,0,19433.0000,6492.0000
2023-02-01,2023,2,Atlantico,10,Aseo del hogar,0,105.3081,-27.8000,13.2829,30.1800,29343.9141,-28.6000,13.2527,28.8400,31608.4810,0,19433.0000,6492.0000
2023-02-01,2023,2,Atlantico,11,Informatica y telecomunicaciones,0,184.2668,-27.8000,13.2829,30.1800,29343.9141,-28.6000,13.2527,28.8400,31608.4810,0,19433.0000,6492.0000
2023-02-01,2023,2,Atlantico,12,Sonido y video,0,77.3716,-27.8000,13.2829,30.1800,29343.9141,-28.6000,13.2527,28.8400,31608.4810,0,19433.0000,6492.0000
2023-02-01,2023,2,Atlantico,14,"Ferreteria, vidrios y pinturas",0,97.3246,-27.8000,13.2829,30.1800,29343.9141,-28.6000,13.2527,28.8400,31608.4810,0,19433.0000,6492.0000
2023-02-01,2023,2,Atlantico,15,Otras mercancias de uso domestico,0,82.8702,-27.8000,13.2829,30.1800,29343.9141,-28.6000,13.2527,28.8400,31608.4810,0,19433.0000,6492.0000
2023-02-01,2023,2,Bogota,4,Prendas de vestir y textiles,0,89.9525,-27.8000,13.2829,30.1800,29343.9141,-28.6000,13.2527,28.8400,31608.4810,0,330857.0000,665829.0000
2023-02-01,2023,2,Bogota,8,Electrodomesticos y muebles,1,114.7863,-27.8000,13.2829,30.1800,29343.9141,-28.6000,13.2527,28.8400,31608.4810,0,330857.0000,665829.0000
2023-02-01,2023,2,Bogota,9,Articulos y utensilios domesticos,0,125.6928,-27.8000,13.2829,30.1800,29343.9141,-28.6000,13.2527,28.8400,31608.4810,0,330857.0000,665829.0000
2023-02-01,2023,2,Bogota,10,Aseo del hogar,0,128.7689,-27.8000,13.2829,30.1800,29343.9141,-28.6000,13.2527,28.8400,31608.4810,0,330857.0000,665829.0000
2023-02-01,2023,2,Bogota,11,Informatica y telecomunicaciones,0,180.3253,-27.8000,13.2829,30.1800,29343.9141,-28.6000,13.2527,28.8400,31608.4810,0,330857.0000,665829.0000
2023-02-01,2023,2,Bogota,12,Sonido y video,0,103.7013,-27.8000,13.2829,30.1800,29343.9141,-28.6000,13.2527,28.8400,31608.4810,0,330857.0000,665829.0000
2023-02-01,2023,2,Bogota,14,"Ferreteria, vidrios y pinturas",0,105.9245,-27.8000,13.2829,30.1800,29343.9141,-28.6000,13.2527,28.8400,31608.4810,0,330857.0000,665829.0000
2023-02-01,2023,2,Bogota,15,Otras mercancias de uso domestico,0,108.4336,-27.8000,13.2829,30.1800,29343.9141,-28.6000,13.2527,28.8400,31608.4810,0,330857.0000,665829.0000
2023-02-01,2023,2,Cundinamarca,4,Prendas de vestir y textiles,0,82.2896,-27.8000,13.2829,30.1800,29343.9141,-28.6000,13.2527,28.8400,31608.4810,0,191466.0000,130671.0000
2023-02-01,2023,2,Cundinamarca,8,Electrodomesticos y muebles,1,115.1213,-27.8000,13.2829,30.1800,29343.9141,-28.6000,13.2527,28.8400,31608.4810,0,191466.0000,130671.0000
2023-02-01,2023,2,Cundinamarca,9,Articulos y utensilios domesticos,0,122.5148,-27.8000,13.2829,30.1800,29343.9141,-28.6000,13.2527,28.8400,31608.4810,0,191466.0000,130671.0000
2023-02-01,2023,2,Cundinamarca,10,Aseo del hogar,0,114.9315,-27.8000,13.2829,30.1800,29343.9141,-28.6000,13.2527,28.8400,31608.4810,0,191466.0000,130671.0000
2023-02-01,2023,2,Cundinamarca,11,Informatica y telecomunicaciones,0,206.1933,-27.8000,13.2829,30.1800,29343.9141,-28.6000,13.2527,28.8400,31608.4810,0,191466.0000,130671.0000
2023-02-01,2023,2,Cundinamarca,12,Sonido y video,0,110.4991,-27.8000,13.2829,30.1800,29343.9141,-28.6000,13.2527,28.8400,31608.4810,0,191466.0000,130671.0000
2023-02-01,2023,2,Cundinamarca,14,"Ferreteria, vidrios y pinturas",0,113.9111,-27.8000,13.2829,30.1800,29343.9141,-28.6000,13.2527,28.8400,31608.4810,0,191466.0000,130671.0000
2023-02-01,2023,2,Cundinamarca,15,Otras mercancias de uso domestico,0,93.9881,-27.8000,13.2829,30.1800,29343.9141,-28.6000,13.2527,28.8400,31608.4810,0,191466.0000,130671.0000
2023-02-01,2023,2,Santander,4,Prendas de vestir y textiles,0,82.3302,-27.8000,13.2829,30.1800,29343.9141,-28.6000,13.2527,28.8400,31608.4810,0,49235.0000,79291.0000
2023-02-01,2023,2,Santander,8,Electrodomesticos y muebles,1,86.8459,-27.8000,13.2829,30.1800,29343.9141,-28.6000,13.2527,28.8400,31608.4810,0,49235.0000,79291.0000
2023-02-01,2023,2,Santander,9,Articulos y utensilios domesticos,0,105.9627,-27.8000,13.2829,30.1800,29343.9141,-28.6000,13.2527,28.8400,31608.4810,0,49235.0000,79291.0000
2023-02-01,2023,2,Santander,10,Aseo del hogar,0,114.9481,-27.8000,13.2829,30.1800,29343.9141,-28.6000,13.2527,28.8400,31608.4810,0,49235.0000,79291.0000
2023-02-01,2023,2,Santander,11,Informatica y telecomunicaciones,0,175.1667,-27.8000,13.2829,30.1800,29343.9141,-28.6000,13.2527,28.8400,31608.4810,0,49235.0000,79291.0000
2023-02-01,2023,2,Santander,12,Sonido y video,0,95.7279,-27.8000,13.2829,30.1800,29343.9141,-28.6000,13.2527,28.8400,31608.4810,0,49235.0000,79291.0000
2023-02-01,2023,2,Santander,14,"Ferreteria, vidrios y pinturas",0,97.6197,-27.8000,13.2829,30.1800,29343.9141,-28.6000,13.2527,28.8400,31608.4810,0,49235.0000,79291.0000
2023-02-01,2023,2,Santander,15,Otras mercancias de uso domestico,0,100.2765,-27.8000,13.2829,30.1800,29343.9141,-28.6000,13.2527,28.8400,31608.4810,0,49235.0000,79291.0000
2023-02-01,2023,2,Valle del Cauca,4,Prendas de vestir y textiles,0,69.6436,-27.8000,13.2829,30.1800,29343.9141,-28.6000,13.2527,28.8400,31608.4810,0,57154.0000,119839.0000
2023-02-01,2023,2,Valle del Cauca,8,Electrodomesticos y muebles,1,92.3806,-27.8000,13.2829,30.1800,29343.9141,-28.6000,13.2527,28.8400,31608.4810,0,57154.0000,119839.0000
2023-02-01,2023,2,Valle del Cauca,9,Articulos y utensilios domesticos,0,102.4616,-27.8000,13.2829,30.1800,29343.9141,-28.6000,13.2527,28.8400,31608.4810,0,57154.0000,119839.0000
2023-02-01,2023,2,Valle del Cauca,10,Aseo del hogar,0,105.7525,-27.8000,13.2829,30.1800,29343.9141,-28.6000,13.2527,28.8400,31608.4810,0,57154.0000,119839.0000
2023-02-01,2023,2,Valle del Cauca,11,Informatica y telecomunicaciones,0,159.7598,-27.8000,13.2829,30.1800,29343.9141,-28.6000,13.2527,28.8400,31608.4810,0,57154.0000,119839.0000
2023-02-01,2023,2,Valle del Cauca,12,Sonido y video,0,80.2902,-27.8000,13.2829,30.1800,29343.9141,-28.6000,13.2527,28.8400,31608.4810,0,57154.0000,119839.0000
2023-02-01,2023,2,Valle del Cauca,14,"Ferreteria, vidrios y pinturas",0,96.0011,-27.8000,13.2829,30.1800,29343.9141,-28.6000,13.2527,28.8400,31608.4810,0,57154.0000,119839.0000
2023-02-01,2023,2,Valle del Cauca,15,Otras mercancias de uso domestico,0,81.4197,-27.8000,13.2829,30.1800,29343.9141,-28.6000,13.2527,28.8400,31608.4810,0,57154.0000,119839.0000
2023-02-01,2023,2,Otros departamentos,4,Prendas de vestir y textiles,0,83.9640,-27.8000,13.2829,30.1800,29343.9141,-28.6000,13.2527,28.8400,31608.4810,0,409273.0000,419091.0000
2023-02-01,2023,2,Otros departamentos,8,Electrodomesticos y muebles,1,109.7110,-27.8000,13.2829,30.1800,29343.9141,-28.6000,13.2527,28.8400,31608.4810,0,409273.0000,419091.0000
2023-02-01,2023,2,Otros departamentos,9,Articulos y utensilios domesticos,0,120.5179,-27.8000,13.2829,30.1800,29343.9141,-28.6000,13.2527,28.8400,31608.4810,0,409273.0000,419091.0000
2023-02-01,2023,2,Otros departamentos,10,Aseo del hogar,0,107.1388,-27.8000,13.2829,30.1800,29343.9141,-28.6000,13.2527,28.8400,31608.4810,0,409273.0000,419091.0000
2023-02-01,2023,2,Otros departamentos,11,Informatica y telecomunicaciones,0,181.8054,-27.8000,13.2829,30.1800,29343.9141,-28.6000,13.2527,28.8400,31608.4810,0,409273.0000,419091.0000
2023-02-01,2023,2,Otros departamentos,12,Sonido y video,0,103.5202,-27.8000,13.2829,30.1800,29343.9141,-28.6000,13.2527,28.8400,31608.4810,0,409273.0000,419091.0000
2023-02-01,2023,2,Otros departamentos,14,"Ferreteria, vidrios y pinturas",0,119.8705,-27.8000,13.2829,30.1800,29343.9141,-28.6000,13.2527,28.8400,31608.4810,0,409273.0000,419091.0000
2023-02-01,2023,2,Otros departamentos,15,Otras mercancias de uso domestico,0,97.9955,-27.8000,13.2829,30.1800,29343.9141,-28.6000,13.2527,28.8400,31608.4810,0,409273.0000,419091.0000
2023-03-01,2023,3,Antioquia,4,Prendas de vestir y textiles,0,91.0598,-28.5000,13.3408,30.8400,29982.9084,-27.8000,13.2829,30.1800,29343.9141,0,207498.0000,273969.0000
2023-03-01,2023,3,Antioquia,8,Electrodomesticos y muebles,1,113.8125,-28.5000,13.3408,30.8400,29982.9084,-27.8000,13.2829,30.1800,29343.9141,0,207498.0000,273969.0000
2023-03-01,2023,3,Antioquia,9,Articulos y utensilios domesticos,0,121.4457,-28.5000,13.3408,30.8400,29982.9084,-27.8000,13.2829,30.1800,29343.9141,0,207498.0000,273969.0000
2023-03-01,2023,3,Antioquia,10,Aseo del hogar,0,132.1218,-28.5000,13.3408,30.8400,29982.9084,-27.8000,13.2829,30.1800,29343.9141,0,207498.0000,273969.0000
2023-03-01,2023,3,Antioquia,11,Informatica y telecomunicaciones,0,185.7842,-28.5000,13.3408,30.8400,29982.9084,-27.8000,13.2829,30.1800,29343.9141,0,207498.0000,273969.0000
2023-03-01,2023,3,Antioquia,12,Sonido y video,0,111.7619,-28.5000,13.3408,30.8400,29982.9084,-27.8000,13.2829,30.1800,29343.9141,0,207498.0000,273969.0000
2023-03-01,2023,3,Antioquia,14,"Ferreteria, vidrios y pinturas",0,122.4762,-28.5000,13.3408,30.8400,29982.9084,-27.8000,13.2829,30.1800,29343.9141,0,207498.0000,273969.0000
2023-03-01,2023,3,Antioquia,15,Otras mercancias de uso domestico,0,98.4314,-28.5000,13.3408,30.8400,29982.9084,-27.8000,13.2829,30.1800,29343.9141,0,207498.0000,273969.0000
2023-03-01,2023,3,Atlantico,4,Prendas de vestir y textiles,0,86.4011,-28.5000,13.3408,30.8400,29982.9084,-27.8000,13.2829,30.1800,29343.9141,0,11570.0000,19433.0000
2023-03-01,2023,3,Atlantico,8,Electrodomesticos y muebles,1,116.0631,-28.5000,13.3408,30.8400,29982.9084,-27.8000,13.2829,30.1800,29343.9141,0,11570.0000,19433.0000
2023-03-01,2023,3,Atlantico,9,Articulos y utensilios domesticos,0,129.4712,-28.5000,13.3408,30.8400,29982.9084,-27.8000,13.2829,30.1800,29343.9141,0,11570.0000,19433.0000
2023-03-01,2023,3,Atlantico,10,Aseo del hogar,0,107.1135,-28.5000,13.3408,30.8400,29982.9084,-27.8000,13.2829,30.1800,29343.9141,0,11570.0000,19433.0000
2023-03-01,2023,3,Atlantico,11,Informatica y telecomunicaciones,0,178.4270,-28.5000,13.3408,30.8400,29982.9084,-27.8000,13.2829,30.1800,29343.9141,0,11570.0000,19433.0000
2023-03-01,2023,3,Atlantico,12,Sonido y video,0,81.5798,-28.5000,13.3408,30.8400,29982.9084,-27.8000,13.2829,30.1800,29343.9141,0,11570.0000,19433.0000
2023-03-01,2023,3,Atlantico,14,"Ferreteria, vidrios y pinturas",0,111.3619,-28.5000,13.3408,30.8400,29982.9084,-27.8000,13.2829,30.1800,29343.9141,0,11570.0000,19433.0000
2023-03-01,2023,3,Atlantico,15,Otras mercancias de uso domestico,0,94.6263,-28.5000,13.3408,30.8400,29982.9084,-27.8000,13.2829,30.1800,29343.9141,0,11570.0000,19433.0000
2023-03-01,2023,3,Bogota,4,Prendas de vestir y textiles,0,103.2196,-28.5000,13.3408,30.8400,29982.9084,-27.8000,13.2829,30.1800,29343.9141,0,218431.0000,330857.0000
2023-03-01,2023,3,Bogota,8,Electrodomesticos y muebles,1,114.4399,-28.5000,13.3408,30.8400,29982.9084,-27.8000,13.2829,30.1800,29343.9141,0,218431.0000,330857.0000
2023-03-01,2023,3,Bogota,9,Articulos y utensilios domesticos,0,129.5535,-28.5000,13.3408,30.8400,29982.9084,-27.8000,13.2829,30.1800,29343.9141,0,218431.0000,330857.0000
2023-03-01,2023,3,Bogota,10,Aseo del hogar,0,128.5509,-28.5000,13.3408,30.8400,29982.9084,-27.8000,13.2829,30.1800,29343.9141,0,218431.0000,330857.0000
2023-03-01,2023,3,Bogota,11,Informatica y telecomunicaciones,0,182.4140,-28.5000,13.3408,30.8400,29982.9084,-27.8000,13.2829,30.1800,29343.9141,0,218431.0000,330857.0000
2023-03-01,2023,3,Bogota,12,Sonido y video,0,113.9190,-28.5000,13.3408,30.8400,29982.9084,-27.8000,13.2829,30.1800,29343.9141,0,218431.0000,330857.0000
2023-03-01,2023,3,Bogota,14,"Ferreteria, vidrios y pinturas",0,118.2088,-28.5000,13.3408,30.8400,29982.9084,-27.8000,13.2829,30.1800,29343.9141,0,218431.0000,330857.0000
2023-03-01,2023,3,Bogota,15,Otras mercancias de uso domestico,0,129.3529,-28.5000,13.3408,30.8400,29982.9084,-27.8000,13.2829,30.1800,29343.9141,0,218431.0000,330857.0000
2023-03-01,2023,3,Cundinamarca,4,Prendas de vestir y textiles,0,110.0240,-28.5000,13.3408,30.8400,29982.9084,-27.8000,13.2829,30.1800,29343.9141,0,216266.0000,191466.0000
2023-03-01,2023,3,Cundinamarca,8,Electrodomesticos y muebles,1,149.6478,-28.5000,13.3408,30.8400,29982.9084,-27.8000,13.2829,30.1800,29343.9141,0,216266.0000,191466.0000
2023-03-01,2023,3,Cundinamarca,9,Articulos y utensilios domesticos,0,144.4663,-28.5000,13.3408,30.8400,29982.9084,-27.8000,13.2829,30.1800,29343.9141,0,216266.0000,191466.0000
2023-03-01,2023,3,Cundinamarca,10,Aseo del hogar,0,125.2593,-28.5000,13.3408,30.8400,29982.9084,-27.8000,13.2829,30.1800,29343.9141,0,216266.0000,191466.0000
2023-03-01,2023,3,Cundinamarca,11,Informatica y telecomunicaciones,0,224.5130,-28.5000,13.3408,30.8400,29982.9084,-27.8000,13.2829,30.1800,29343.9141,0,216266.0000,191466.0000
2023-03-01,2023,3,Cundinamarca,12,Sonido y video,0,119.9188,-28.5000,13.3408,30.8400,29982.9084,-27.8000,13.2829,30.1800,29343.9141,0,216266.0000,191466.0000
2023-03-01,2023,3,Cundinamarca,14,"Ferreteria, vidrios y pinturas",0,133.4221,-28.5000,13.3408,30.8400,29982.9084,-27.8000,13.2829,30.1800,29343.9141,0,216266.0000,191466.0000
2023-03-01,2023,3,Cundinamarca,15,Otras mercancias de uso domestico,0,111.6380,-28.5000,13.3408,30.8400,29982.9084,-27.8000,13.2829,30.1800,29343.9141,0,216266.0000,191466.0000
2023-03-01,2023,3,Santander,4,Prendas de vestir y textiles,0,84.8404,-28.5000,13.3408,30.8400,29982.9084,-27.8000,13.2829,30.1800,29343.9141,0,63883.0000,49235.0000
2023-03-01,2023,3,Santander,8,Electrodomesticos y muebles,1,112.3956,-28.5000,13.3408,30.8400,29982.9084,-27.8000,13.2829,30.1800,29343.9141,0,63883.0000,49235.0000
2023-03-01,2023,3,Santander,9,Articulos y utensilios domesticos,0,115.6341,-28.5000,13.3408,30.8400,29982.9084,-27.8000,13.2829,30.1800,29343.9141,0,63883.0000,49235.0000
2023-03-01,2023,3,Santander,10,Aseo del hogar,0,107.8412,-28.5000,13.3408,30.8400,29982.9084,-27.8000,13.2829,30.1800,29343.9141,0,63883.0000,49235.0000
2023-03-01,2023,3,Santander,11,Informatica y telecomunicaciones,0,187.5810,-28.5000,13.3408,30.8400,29982.9084,-27.8000,13.2829,30.1800,29343.9141,0,63883.0000,49235.0000
2023-03-01,2023,3,Santander,12,Sonido y video,0,99.2342,-28.5000,13.3408,30.8400,29982.9084,-27.8000,13.2829,30.1800,29343.9141,0,63883.0000,49235.0000
2023-03-01,2023,3,Santander,14,"Ferreteria, vidrios y pinturas",0,110.9676,-28.5000,13.3408,30.8400,29982.9084,-27.8000,13.2829,30.1800,29343.9141,0,63883.0000,49235.0000
2023-03-01,2023,3,Santander,15,Otras mercancias de uso domestico,0,99.9680,-28.5000,13.3408,30.8400,29982.9084,-27.8000,13.2829,30.1800,29343.9141,0,63883.0000,49235.0000
2023-03-01,2023,3,Valle del Cauca,4,Prendas de vestir y textiles,0,80.8053,-28.5000,13.3408,30.8400,29982.9084,-27.8000,13.2829,30.1800,29343.9141,0,90993.0000,57154.0000
2023-03-01,2023,3,Valle del Cauca,8,Electrodomesticos y muebles,1,104.9745,-28.5000,13.3408,30.8400,29982.9084,-27.8000,13.2829,30.1800,29343.9141,0,90993.0000,57154.0000
2023-03-01,2023,3,Valle del Cauca,9,Articulos y utensilios domesticos,0,117.4632,-28.5000,13.3408,30.8400,29982.9084,-27.8000,13.2829,30.1800,29343.9141,0,90993.0000,57154.0000
2023-03-01,2023,3,Valle del Cauca,10,Aseo del hogar,0,114.1946,-28.5000,13.3408,30.8400,29982.9084,-27.8000,13.2829,30.1800,29343.9141,0,90993.0000,57154.0000
2023-03-01,2023,3,Valle del Cauca,11,Informatica y telecomunicaciones,0,163.3962,-28.5000,13.3408,30.8400,29982.9084,-27.8000,13.2829,30.1800,29343.9141,0,90993.0000,57154.0000
2023-03-01,2023,3,Valle del Cauca,12,Sonido y video,0,93.2142,-28.5000,13.3408,30.8400,29982.9084,-27.8000,13.2829,30.1800,29343.9141,0,90993.0000,57154.0000
2023-03-01,2023,3,Valle del Cauca,14,"Ferreteria, vidrios y pinturas",0,104.8407,-28.5000,13.3408,30.8400,29982.9084,-27.8000,13.2829,30.1800,29343.9141,0,90993.0000,57154.0000
2023-03-01,2023,3,Valle del Cauca,15,Otras mercancias de uso domestico,0,90.4407,-28.5000,13.3408,30.8400,29982.9084,-27.8000,13.2829,30.1800,29343.9141,0,90993.0000,57154.0000
2023-03-01,2023,3,Otros departamentos,4,Prendas de vestir y textiles,0,96.9583,-28.5000,13.3408,30.8400,29982.9084,-27.8000,13.2829,30.1800,29343.9141,0,547698.0000,409273.0000
2023-03-01,2023,3,Otros departamentos,8,Electrodomesticos y muebles,1,110.4285,-28.5000,13.3408,30.8400,29982.9084,-27.8000,13.2829,30.1800,29343.9141,0,547698.0000,409273.0000
2023-03-01,2023,3,Otros departamentos,9,Articulos y utensilios domesticos,0,135.8543,-28.5000,13.3408,30.8400,29982.9084,-27.8000,13.2829,30.1800,29343.9141,0,547698.0000,409273.0000
2023-03-01,2023,3,Otros departamentos,10,Aseo del hogar,0,115.9064,-28.5000,13.3408,30.8400,29982.9084,-27.8000,13.2829,30.1800,29343.9141,0,547698.0000,409273.0000
2023-03-01,2023,3,Otros departamentos,11,Informatica y telecomunicaciones,0,181.8784,-28.5000,13.3408,30.8400,29982.9084,-27.8000,13.2829,30.1800,29343.9141,0,547698.0000,409273.0000
2023-03-01,2023,3,Otros departamentos,12,Sonido y video,0,118.7550,-28.5000,13.3408,30.8400,29982.9084,-27.8000,13.2829,30.1800,29343.9141,0,547698.0000,409273.0000
2023-03-01,2023,3,Otros departamentos,14,"Ferreteria, vidrios y pinturas",0,111.2409,-28.5000,13.3408,30.8400,29982.9084,-27.8000,13.2829,30.1800,29343.9141,0,547698.0000,409273.0000
2023-03-01,2023,3,Otros departamentos,15,Otras mercancias de uso domestico,0,114.9445,-28.5000,13.3408,30.8400,29982.9084,-27.8000,13.2829,30.1800,29343.9141,0,547698.0000,409273.0000
2023-04-01,2023,4,Antioquia,4,Prendas de vestir y textiles,0,93.1658,-28.8000,12.8196,31.3900,30702.9339,-28.5000,13.3408,30.8400,29982.9084,0,171273.0000,207498.0000
2023-04-01,2023,4,Antioquia,8,Electrodomesticos y muebles,1,100.5320,-28.8000,12.8196,31.3900,30702.9339,-28.5000,13.3408,30.8400,29982.9084,0,171273.0000,207498.0000
2023-04-01,2023,4,Antioquia,9,Articulos y utensilios domesticos,0,117.8942,-28.8000,12.8196,31.3900,30702.9339,-28.5000,13.3408,30.8400,29982.9084,0,171273.0000,207498.0000
2023-04-01,2023,4,Antioquia,10,Aseo del hogar,0,120.4765,-28.8000,12.8196,31.3900,30702.9339,-28.5000,13.3408,30.8400,29982.9084,0,171273.0000,207498.0000
2023-04-01,2023,4,Antioquia,11,Informatica y telecomunicaciones,0,160.0905,-28.8000,12.8196,31.3900,30702.9339,-28.5000,13.3408,30.8400,29982.9084,0,171273.0000,207498.0000
2023-04-01,2023,4,Antioquia,12,Sonido y video,0,110.2504,-28.8000,12.8196,31.3900,30702.9339,-28.5000,13.3408,30.8400,29982.9084,0,171273.0000,207498.0000
2023-04-01,2023,4,Antioquia,14,"Ferreteria, vidrios y pinturas",0,104.7714,-28.8000,12.8196,31.3900,30702.9339,-28.5000,13.3408,30.8400,29982.9084,0,171273.0000,207498.0000
2023-04-01,2023,4,Antioquia,15,Otras mercancias de uso domestico,0,100.5661,-28.8000,12.8196,31.3900,30702.9339,-28.5000,13.3408,30.8400,29982.9084,0,171273.0000,207498.0000
2023-04-01,2023,4,Atlantico,4,Prendas de vestir y textiles,0,75.8152,-28.8000,12.8196,31.3900,30702.9339,-28.5000,13.3408,30.8400,29982.9084,0,10405.0000,11570.0000
2023-04-01,2023,4,Atlantico,8,Electrodomesticos y muebles,1,86.9274,-28.8000,12.8196,31.3900,30702.9339,-28.5000,13.3408,30.8400,29982.9084,0,10405.0000,11570.0000
2023-04-01,2023,4,Atlantico,9,Articulos y utensilios domesticos,0,133.2438,-28.8000,12.8196,31.3900,30702.9339,-28.5000,13.3408,30.8400,29982.9084,0,10405.0000,11570.0000
2023-04-01,2023,4,Atlantico,10,Aseo del hogar,0,104.0311,-28.8000,12.8196,31.3900,30702.9339,-28.5000,13.3408,30.8400,29982.9084,0,10405.0000,11570.0000
2023-04-01,2023,4,Atlantico,11,Informatica y telecomunicaciones,0,161.7725,-28.8000,12.8196,31.3900,30702.9339,-28.5000,13.3408,30.8400,29982.9084,0,10405.0000,11570.0000
2023-04-01,2023,4,Atlantico,12,Sonido y video,0,80.6234,-28.8000,12.8196,31.3900,30702.9339,-28.5000,13.3408,30.8400,29982.9084,0,10405.0000,11570.0000
2023-04-01,2023,4,Atlantico,14,"Ferreteria, vidrios y pinturas",0,89.4409,-28.8000,12.8196,31.3900,30702.9339,-28.5000,13.3408,30.8400,29982.9084,0,10405.0000,11570.0000
2023-04-01,2023,4,Atlantico,15,Otras mercancias de uso domestico,0,97.5363,-28.8000,12.8196,31.3900,30702.9339,-28.5000,13.3408,30.8400,29982.9084,0,10405.0000,11570.0000
2023-04-01,2023,4,Bogota,4,Prendas de vestir y textiles,0,93.0254,-28.8000,12.8196,31.3900,30702.9339,-28.5000,13.3408,30.8400,29982.9084,0,176182.0000,218431.0000
2023-04-01,2023,4,Bogota,8,Electrodomesticos y muebles,1,104.9127,-28.8000,12.8196,31.3900,30702.9339,-28.5000,13.3408,30.8400,29982.9084,0,176182.0000,218431.0000
2023-04-01,2023,4,Bogota,9,Articulos y utensilios domesticos,0,121.8630,-28.8000,12.8196,31.3900,30702.9339,-28.5000,13.3408,30.8400,29982.9084,0,176182.0000,218431.0000
2023-04-01,2023,4,Bogota,10,Aseo del hogar,0,129.3018,-28.8000,12.8196,31.3900,30702.9339,-28.5000,13.3408,30.8400,29982.9084,0,176182.0000,218431.0000
2023-04-01,2023,4,Bogota,11,Informatica y telecomunicaciones,0,152.2552,-28.8000,12.8196,31.3900,30702.9339,-28.5000,13.3408,30.8400,29982.9084,0,176182.0000,218431.0000
2023-04-01,2023,4,Bogota,12,Sonido y video,0,109.9843,-28.8000,12.8196,31.3900,30702.9339,-28.5000,13.3408,30.8400,29982.9084,0,176182.0000,218431.0000
2023-04-01,2023,4,Bogota,14,"Ferreteria, vidrios y pinturas",0,104.4822,-28.8000,12.8196,31.3900,30702.9339,-28.5000,13.3408,30.8400,29982.9084,0,176182.0000,218431.0000
2023-04-01,2023,4,Bogota,15,Otras mercancias de uso domestico,0,115.1729,-28.8000,12.8196,31.3900,30702.9339,-28.5000,13.3408,30.8400,29982.9084,0,176182.0000,218431.0000
2023-04-01,2023,4,Cundinamarca,4,Prendas de vestir y textiles,0,115.8684,-28.8000,12.8196,31.3900,30702.9339,-28.5000,13.3408,30.8400,29982.9084,0,183589.0000,216266.0000
2023-04-01,2023,4,Cundinamarca,8,Electrodomesticos y muebles,1,113.1981,-28.8000,12.8196,31.3900,30702.9339,-28.5000,13.3408,30.8400,29982.9084,0,183589.0000,216266.0000
2023-04-01,2023,4,Cundinamarca,9,Articulos y utensilios domesticos,0,140.5132,-28.8000,12.8196,31.3900,30702.9339,-28.5000,13.3408,30.8400,29982.9084,0,183589.0000,216266.0000
2023-04-01,2023,4,Cundinamarca,10,Aseo del hogar,0,132.5093,-28.8000,12.8196,31.3900,30702.9339,-28.5000,13.3408,30.8400,29982.9084,0,183589.0000,216266.0000
2023-04-01,2023,4,Cundinamarca,11,Informatica y telecomunicaciones,0,171.3623,-28.8000,12.8196,31.3900,30702.9339,-28.5000,13.3408,30.8400,29982.9084,0,183589.0000,216266.0000
2023-04-01,2023,4,Cundinamarca,12,Sonido y video,0,114.9737,-28.8000,12.8196,31.3900,30702.9339,-28.5000,13.3408,30.8400,29982.9084,0,183589.0000,216266.0000
2023-04-01,2023,4,Cundinamarca,14,"Ferreteria, vidrios y pinturas",0,106.9263,-28.8000,12.8196,31.3900,30702.9339,-28.5000,13.3408,30.8400,29982.9084,0,183589.0000,216266.0000
2023-04-01,2023,4,Cundinamarca,15,Otras mercancias de uso domestico,0,105.2272,-28.8000,12.8196,31.3900,30702.9339,-28.5000,13.3408,30.8400,29982.9084,0,183589.0000,216266.0000
2023-04-01,2023,4,Santander,4,Prendas de vestir y textiles,0,88.5602,-28.8000,12.8196,31.3900,30702.9339,-28.5000,13.3408,30.8400,29982.9084,0,47797.0000,63883.0000
2023-04-01,2023,4,Santander,8,Electrodomesticos y muebles,1,95.9497,-28.8000,12.8196,31.3900,30702.9339,-28.5000,13.3408,30.8400,29982.9084,0,47797.0000,63883.0000
2023-04-01,2023,4,Santander,9,Articulos y utensilios domesticos,0,113.1684,-28.8000,12.8196,31.3900,30702.9339,-28.5000,13.3408,30.8400,29982.9084,0,47797.0000,63883.0000
2023-04-01,2023,4,Santander,10,Aseo del hogar,0,113.2485,-28.8000,12.8196,31.3900,30702.9339,-28.5000,13.3408,30.8400,29982.9084,0,47797.0000,63883.0000
2023-04-01,2023,4,Santander,11,Informatica y telecomunicaciones,0,156.7646,-28.8000,12.8196,31.3900,30702.9339,-28.5000,13.3408,30.8400,29982.9084,0,47797.0000,63883.0000
2023-04-01,2023,4,Santander,12,Sonido y video,0,95.8264,-28.8000,12.8196,31.3900,30702.9339,-28.5000,13.3408,30.8400,29982.9084,0,47797.0000,63883.0000
2023-04-01,2023,4,Santander,14,"Ferreteria, vidrios y pinturas",0,93.0362,-28.8000,12.8196,31.3900,30702.9339,-28.5000,13.3408,30.8400,29982.9084,0,47797.0000,63883.0000
2023-04-01,2023,4,Santander,15,Otras mercancias de uso domestico,0,96.1196,-28.8000,12.8196,31.3900,30702.9339,-28.5000,13.3408,30.8400,29982.9084,0,47797.0000,63883.0000
2023-04-01,2023,4,Valle del Cauca,4,Prendas de vestir y textiles,0,93.1298,-28.8000,12.8196,31.3900,30702.9339,-28.5000,13.3408,30.8400,29982.9084,0,116271.0000,90993.0000
2023-04-01,2023,4,Valle del Cauca,8,Electrodomesticos y muebles,1,80.3619,-28.8000,12.8196,31.3900,30702.9339,-28.5000,13.3408,30.8400,29982.9084,0,116271.0000,90993.0000
2023-04-01,2023,4,Valle del Cauca,9,Articulos y utensilios domesticos,0,105.6814,-28.8000,12.8196,31.3900,30702.9339,-28.5000,13.3408,30.8400,29982.9084,0,116271.0000,90993.0000
2023-04-01,2023,4,Valle del Cauca,10,Aseo del hogar,0,108.8821,-28.8000,12.8196,31.3900,30702.9339,-28.5000,13.3408,30.8400,29982.9084,0,116271.0000,90993.0000
2023-04-01,2023,4,Valle del Cauca,11,Informatica y telecomunicaciones,0,154.7869,-28.8000,12.8196,31.3900,30702.9339,-28.5000,13.3408,30.8400,29982.9084,0,116271.0000,90993.0000
2023-04-01,2023,4,Valle del Cauca,12,Sonido y video,0,83.3016,-28.8000,12.8196,31.3900,30702.9339,-28.5000,13.3408,30.8400,29982.9084,0,116271.0000,90993.0000
2023-04-01,2023,4,Valle del Cauca,14,"Ferreteria, vidrios y pinturas",0,86.9861,-28.8000,12.8196,31.3900,30702.9339,-28.5000,13.3408,30.8400,29982.9084,0,116271.0000,90993.0000
2023-04-01,2023,4,Valle del Cauca,15,Otras mercancias de uso domestico,0,90.5847,-28.8000,12.8196,31.3900,30702.9339,-28.5000,13.3408,30.8400,29982.9084,0,116271.0000,90993.0000
2023-04-01,2023,4,Otros departamentos,4,Prendas de vestir y textiles,0,98.3101,-28.8000,12.8196,31.3900,30702.9339,-28.5000,13.3408,30.8400,29982.9084,0,465250.0000,547698.0000
2023-04-01,2023,4,Otros departamentos,8,Electrodomesticos y muebles,1,103.5422,-28.8000,12.8196,31.3900,30702.9339,-28.5000,13.3408,30.8400,29982.9084,0,465250.0000,547698.0000
2023-04-01,2023,4,Otros departamentos,9,Articulos y utensilios domesticos,0,137.4727,-28.8000,12.8196,31.3900,30702.9339,-28.5000,13.3408,30.8400,29982.9084,0,465250.0000,547698.0000
2023-04-01,2023,4,Otros departamentos,10,Aseo del hogar,0,118.7655,-28.8000,12.8196,31.3900,30702.9339,-28.5000,13.3408,30.8400,29982.9084,0,465250.0000,547698.0000
2023-04-01,2023,4,Otros departamentos,11,Informatica y telecomunicaciones,0,160.4261,-28.8000,12.8196,31.3900,30702.9339,-28.5000,13.3408,30.8400,29982.9084,0,465250.0000,547698.0000
2023-04-01,2023,4,Otros departamentos,12,Sonido y video,0,100.7048,-28.8000,12.8196,31.3900,30702.9339,-28.5000,13.3408,30.8400,29982.9084,0,465250.0000,547698.0000
2023-04-01,2023,4,Otros departamentos,14,"Ferreteria, vidrios y pinturas",0,95.3820,-28.8000,12.8196,31.3900,30702.9339,-28.5000,13.3408,30.8400,29982.9084,0,465250.0000,547698.0000
2023-04-01,2023,4,Otros departamentos,15,Otras mercancias de uso domestico,0,106.3414,-28.8000,12.8196,31.3900,30702.9339,-28.5000,13.3408,30.8400,29982.9084,0,465250.0000,547698.0000
2023-05-01,2023,5,Antioquia,4,Prendas de vestir y textiles,0,104.2833,-22.8000,12.3673,30.2700,29112.9677,-28.8000,12.8196,31.3900,30702.9339,0,186846.0000,171273.0000
2023-05-01,2023,5,Antioquia,8,Electrodomesticos y muebles,1,105.7087,-22.8000,12.3673,30.2700,29112.9677,-28.8000,12.8196,31.3900,30702.9339,0,186846.0000,171273.0000
2023-05-01,2023,5,Antioquia,9,Articulos y utensilios domesticos,0,113.5720,-22.8000,12.3673,30.2700,29112.9677,-28.8000,12.8196,31.3900,30702.9339,0,186846.0000,171273.0000
2023-05-01,2023,5,Antioquia,10,Aseo del hogar,0,107.9941,-22.8000,12.3673,30.2700,29112.9677,-28.8000,12.8196,31.3900,30702.9339,0,186846.0000,171273.0000
2023-05-01,2023,5,Antioquia,11,Informatica y telecomunicaciones,0,165.9310,-22.8000,12.3673,30.2700,29112.9677,-28.8000,12.8196,31.3900,30702.9339,0,186846.0000,171273.0000
2023-05-01,2023,5,Antioquia,12,Sonido y video,0,105.1201,-22.8000,12.3673,30.2700,29112.9677,-28.8000,12.8196,31.3900,30702.9339,0,186846.0000,171273.0000
2023-05-01,2023,5,Antioquia,14,"Ferreteria, vidrios y pinturas",0,102.8549,-22.8000,12.3673,30.2700,29112.9677,-28.8000,12.8196,31.3900,30702.9339,0,186846.0000,171273.0000
2023-05-01,2023,5,Antioquia,15,Otras mercancias de uso domestico,0,110.0082,-22.8000,12.3673,30.2700,29112.9677,-28.8000,12.8196,31.3900,30702.9339,0,186846.0000,171273.0000
2023-05-01,2023,5,Atlantico,4,Prendas de vestir y textiles,0,93.8846,-22.8000,12.3673,30.2700,29112.9677,-28.8000,12.8196,31.3900,30702.9339,0,293618.0000,10405.0000
2023-05-01,2023,5,Atlantico,8,Electrodomesticos y muebles,1,110.7666,-22.8000,12.3673,30.2700,29112.9677,-28.8000,12.8196,31.3900,30702.9339,0,293618.0000,10405.0000
2023-05-01,2023,5,Atlantico,9,Articulos y utensilios domesticos,0,127.2035,-22.8000,12.3673,30.2700,29112.9677,-28.8000,12.8196,31.3900,30702.9339,0,293618.0000,10405.0000
2023-05-01,2023,5,Atlantico,10,Aseo del hogar,0,101.5946,-22.8000,12.3673,30.2700,29112.9677,-28.8000,12.8196,31.3900,30702.9339,0,293618.0000,10405.0000
2023-05-01,2023,5,Atlantico,11,Informatica y telecomunicaciones,0,175.6907,-22.8000,12.3673,30.2700,29112.9677,-28.8000,12.8196,31.3900,30702.9339,0,293618.0000,10405.0000
2023-05-01,2023,5,Atlantico,12,Sonido y video,0,83.8630,-22.8000,12.3673,30.2700,29112.9677,-28.8000,12.8196,31.3900,30702.9339,0,293618.0000,10405.0000
2023-05-01,2023,5,Atlantico,14,"Ferreteria, vidrios y pinturas",0,99.7835,-22.8000,12.3673,30.2700,29112.9677,-28.8000,12.8196,31.3900,30702.9339,0,293618.0000,10405.0000
2023-05-01,2023,5,Atlantico,15,Otras mercancias de uso domestico,0,96.0772,-22.8000,12.3673,30.2700,29112.9677,-28.8000,12.8196,31.3900,30702.9339,0,293618.0000,10405.0000
2023-05-01,2023,5,Bogota,4,Prendas de vestir y textiles,0,100.6718,-22.8000,12.3673,30.2700,29112.9677,-28.8000,12.8196,31.3900,30702.9339,0,174214.0000,176182.0000
2023-05-01,2023,5,Bogota,8,Electrodomesticos y muebles,1,124.2616,-22.8000,12.3673,30.2700,29112.9677,-28.8000,12.8196,31.3900,30702.9339,0,174214.0000,176182.0000
2023-05-01,2023,5,Bogota,9,Articulos y utensilios domesticos,0,120.2853,-22.8000,12.3673,30.2700,29112.9677,-28.8000,12.8196,31.3900,30702.9339,0,174214.0000,176182.0000
2023-05-01,2023,5,Bogota,10,Aseo del hogar,0,131.3776,-22.8000,12.3673,30.2700,29112.9677,-28.8000,12.8196,31.3900,30702.9339,0,174214.0000,176182.0000
2023-05-01,2023,5,Bogota,11,Informatica y telecomunicaciones,0,162.7980,-22.8000,12.3673,30.2700,29112.9677,-28.8000,12.8196,31.3900,30702.9339,0,174214.0000,176182.0000
2023-05-01,2023,5,Bogota,12,Sonido y video,0,114.0967,-22.8000,12.3673,30.2700,29112.9677,-28.8000,12.8196,31.3900,30702.9339,0,174214.0000,176182.0000
2023-05-01,2023,5,Bogota,14,"Ferreteria, vidrios y pinturas",0,111.7277,-22.8000,12.3673,30.2700,29112.9677,-28.8000,12.8196,31.3900,30702.9339,0,174214.0000,176182.0000
2023-05-01,2023,5,Bogota,15,Otras mercancias de uso domestico,0,114.6164,-22.8000,12.3673,30.2700,29112.9677,-28.8000,12.8196,31.3900,30702.9339,0,174214.0000,176182.0000
2023-05-01,2023,5,Cundinamarca,4,Prendas de vestir y textiles,0,123.8914,-22.8000,12.3673,30.2700,29112.9677,-28.8000,12.8196,31.3900,30702.9339,0,223963.0000,183589.0000
2023-05-01,2023,5,Cundinamarca,8,Electrodomesticos y muebles,1,126.2654,-22.8000,12.3673,30.2700,29112.9677,-28.8000,12.8196,31.3900,30702.9339,0,223963.0000,183589.0000
2023-05-01,2023,5,Cundinamarca,9,Articulos y utensilios domesticos,0,129.4073,-22.8000,12.3673,30.2700,29112.9677,-28.8000,12.8196,31.3900,30702.9339,0,223963.0000,183589.0000
2023-05-01,2023,5,Cundinamarca,10,Aseo del hogar,0,114.8671,-22.8000,12.3673,30.2700,29112.9677,-28.8000,12.8196,31.3900,30702.9339,0,223963.0000,183589.0000
2023-05-01,2023,5,Cundinamarca,11,Informatica y telecomunicaciones,0,170.2788,-22.8000,12.3673,30.2700,29112.9677,-28.8000,12.8196,31.3900,30702.9339,0,223963.0000,183589.0000
2023-05-01,2023,5,Cundinamarca,12,Sonido y video,0,106.9283,-22.8000,12.3673,30.2700,29112.9677,-28.8000,12.8196,31.3900,30702.9339,0,223963.0000,183589.0000
2023-05-01,2023,5,Cundinamarca,14,"Ferreteria, vidrios y pinturas",0,110.9752,-22.8000,12.3673,30.2700,29112.9677,-28.8000,12.8196,31.3900,30702.9339,0,223963.0000,183589.0000
2023-05-01,2023,5,Cundinamarca,15,Otras mercancias de uso domestico,0,116.2471,-22.8000,12.3673,30.2700,29112.9677,-28.8000,12.8196,31.3900,30702.9339,0,223963.0000,183589.0000
2023-05-01,2023,5,Santander,4,Prendas de vestir y textiles,0,92.3171,-22.8000,12.3673,30.2700,29112.9677,-28.8000,12.8196,31.3900,30702.9339,0,134916.0000,47797.0000
2023-05-01,2023,5,Santander,8,Electrodomesticos y muebles,1,105.5147,-22.8000,12.3673,30.2700,29112.9677,-28.8000,12.8196,31.3900,30702.9339,0,134916.0000,47797.0000
2023-05-01,2023,5,Santander,9,Articulos y utensilios domesticos,0,104.8183,-22.8000,12.3673,30.2700,29112.9677,-28.8000,12.8196,31.3900,30702.9339,0,134916.0000,47797.0000
2023-05-01,2023,5,Santander,10,Aseo del hogar,0,94.5206,-22.8000,12.3673,30.2700,29112.9677,-28.8000,12.8196,31.3900,30702.9339,0,134916.0000,47797.0000
2023-05-01,2023,5,Santander,11,Informatica y telecomunicaciones,0,146.3617,-22.8000,12.3673,30.2700,29112.9677,-28.8000,12.8196,31.3900,30702.9339,0,134916.0000,47797.0000
2023-05-01,2023,5,Santander,12,Sonido y video,0,97.9756,-22.8000,12.3673,30.2700,29112.9677,-28.8000,12.8196,31.3900,30702.9339,0,134916.0000,47797.0000
2023-05-01,2023,5,Santander,14,"Ferreteria, vidrios y pinturas",0,79.2051,-22.8000,12.3673,30.2700,29112.9677,-28.8000,12.8196,31.3900,30702.9339,0,134916.0000,47797.0000
2023-05-01,2023,5,Santander,15,Otras mercancias de uso domestico,0,88.1204,-22.8000,12.3673,30.2700,29112.9677,-28.8000,12.8196,31.3900,30702.9339,0,134916.0000,47797.0000
2023-05-01,2023,5,Valle del Cauca,4,Prendas de vestir y textiles,0,105.8152,-22.8000,12.3673,30.2700,29112.9677,-28.8000,12.8196,31.3900,30702.9339,0,88890.0000,116271.0000
2023-05-01,2023,5,Valle del Cauca,8,Electrodomesticos y muebles,1,101.4539,-22.8000,12.3673,30.2700,29112.9677,-28.8000,12.8196,31.3900,30702.9339,0,88890.0000,116271.0000
2023-05-01,2023,5,Valle del Cauca,9,Articulos y utensilios domesticos,0,100.2674,-22.8000,12.3673,30.2700,29112.9677,-28.8000,12.8196,31.3900,30702.9339,0,88890.0000,116271.0000
2023-05-01,2023,5,Valle del Cauca,10,Aseo del hogar,0,110.8862,-22.8000,12.3673,30.2700,29112.9677,-28.8000,12.8196,31.3900,30702.9339,0,88890.0000,116271.0000
2023-05-01,2023,5,Valle del Cauca,11,Informatica y telecomunicaciones,0,154.1351,-22.8000,12.3673,30.2700,29112.9677,-28.8000,12.8196,31.3900,30702.9339,0,88890.0000,116271.0000
2023-05-01,2023,5,Valle del Cauca,12,Sonido y video,0,92.7074,-22.8000,12.3673,30.2700,29112.9677,-28.8000,12.8196,31.3900,30702.9339,0,88890.0000,116271.0000
2023-05-01,2023,5,Valle del Cauca,14,"Ferreteria, vidrios y pinturas",0,89.5085,-22.8000,12.3673,30.2700,29112.9677,-28.8000,12.8196,31.3900,30702.9339,0,88890.0000,116271.0000
2023-05-01,2023,5,Valle del Cauca,15,Otras mercancias de uso domestico,0,92.0551,-22.8000,12.3673,30.2700,29112.9677,-28.8000,12.8196,31.3900,30702.9339,0,88890.0000,116271.0000
2023-05-01,2023,5,Otros departamentos,4,Prendas de vestir y textiles,0,108.8912,-22.8000,12.3673,30.2700,29112.9677,-28.8000,12.8196,31.3900,30702.9339,0,564609.0000,465250.0000
2023-05-01,2023,5,Otros departamentos,8,Electrodomesticos y muebles,1,131.5635,-22.8000,12.3673,30.2700,29112.9677,-28.8000,12.8196,31.3900,30702.9339,0,564609.0000,465250.0000
2023-05-01,2023,5,Otros departamentos,9,Articulos y utensilios domesticos,0,137.4306,-22.8000,12.3673,30.2700,29112.9677,-28.8000,12.8196,31.3900,30702.9339,0,564609.0000,465250.0000
2023-05-01,2023,5,Otros departamentos,10,Aseo del hogar,0,131.8603,-22.8000,12.3673,30.2700,29112.9677,-28.8000,12.8196,31.3900,30702.9339,0,564609.0000,465250.0000
2023-05-01,2023,5,Otros departamentos,11,Informatica y telecomunicaciones,0,166.9401,-22.8000,12.3673,30.2700,29112.9677,-28.8000,12.8196,31.3900,30702.9339,0,564609.0000,465250.0000
2023-05-01,2023,5,Otros departamentos,12,Sonido y video,0,104.7949,-22.8000,12.3673,30.2700,29112.9677,-28.8000,12.8196,31.3900,30702.9339,0,564609.0000,465250.0000
2023-05-01,2023,5,Otros departamentos,14,"Ferreteria, vidrios y pinturas",0,113.5269,-22.8000,12.3673,30.2700,29112.9677,-28.8000,12.8196,31.3900,30702.9339,0,564609.0000,465250.0000
2023-05-01,2023,5,Otros departamentos,15,Otras mercancias de uso domestico,0,113.9566,-22.8000,12.3673,30.2700,29112.9677,-28.8000,12.8196,31.3900,30702.9339,0,564609.0000,465250.0000
2023-06-01,2023,6,Antioquia,4,Prendas de vestir y textiles,0,124.7713,-14.1000,12.1281,29.7600,37784.3027,-22.8000,12.3673,30.2700,29112.9677,0,186816.0000,186846.0000
2023-06-01,2023,6,Antioquia,8,Electrodomesticos y muebles,1,107.0389,-14.1000,12.1281,29.7600,37784.3027,-22.8000,12.3673,30.2700,29112.9677,0,186816.0000,186846.0000
2023-06-01,2023,6,Antioquia,9,Articulos y utensilios domesticos,0,116.5756,-14.1000,12.1281,29.7600,37784.3027,-22.8000,12.3673,30.2700,29112.9677,0,186816.0000,186846.0000
2023-06-01,2023,6,Antioquia,10,Aseo del hogar,0,106.9789,-14.1000,12.1281,29.7600,37784.3027,-22.8000,12.3673,30.2700,29112.9677,0,186816.0000,186846.0000
2023-06-01,2023,6,Antioquia,11,Informatica y telecomunicaciones,0,151.5894,-14.1000,12.1281,29.7600,37784.3027,-22.8000,12.3673,30.2700,29112.9677,0,186816.0000,186846.0000
2023-06-01,2023,6,Antioquia,12,Sonido y video,0,126.8192,-14.1000,12.1281,29.7600,37784.3027,-22.8000,12.3673,30.2700,29112.9677,0,186816.0000,186846.0000
2023-06-01,2023,6,Antioquia,14,"Ferreteria, vidrios y pinturas",0,109.7775,-14.1000,12.1281,29.7600,37784.3027,-22.8000,12.3673,30.2700,29112.9677,0,186816.0000,186846.0000
2023-06-01,2023,6,Antioquia,15,Otras mercancias de uso domestico,0,105.3676,-14.1000,12.1281,29.7600,37784.3027,-22.8000,12.3673,30.2700,29112.9677,0,186816.0000,186846.0000
2023-06-01,2023,6,Atlantico,4,Prendas de vestir y textiles,0,107.3961,-14.1000,12.1281,29.7600,37784.3027,-22.8000,12.3673,30.2700,29112.9677,0,24625.0000,293618.0000
2023-06-01,2023,6,Atlantico,8,Electrodomesticos y muebles,1,116.3533,-14.1000,12.1281,29.7600,37784.3027,-22.8000,12.3673,30.2700,29112.9677,0,24625.0000,293618.0000
2023-06-01,2023,6,Atlantico,9,Articulos y utensilios domesticos,0,138.5731,-14.1000,12.1281,29.7600,37784.3027,-22.8000,12.3673,30.2700,29112.9677,0,24625.0000,293618.0000
2023-06-01,2023,6,Atlantico,10,Aseo del hogar,0,105.3170,-14.1000,12.1281,29.7600,37784.3027,-22.8000,12.3673,30.2700,29112.9677,0,24625.0000,293618.0000
2023-06-01,2023,6,Atlantico,11,Informatica y telecomunicaciones,0,152.2476,-14.1000,12.1281,29.7600,37784.3027,-22.8000,12.3673,30.2700,29112.9677,0,24625.0000,293618.0000
2023-06-01,2023,6,Atlantico,12,Sonido y video,0,111.9455,-14.1000,12.1281,29.7600,37784.3027,-22.8000,12.3673,30.2700,29112.9677,0,24625.0000,293618.0000
2023-06-01,2023,6,Atlantico,14,"Ferreteria, vidrios y pinturas",0,102.7551,-14.1000,12.1281,29.7600,37784.3027,-22.8000,12.3673,30.2700,29112.9677,0,24625.0000,293618.0000
2023-06-01,2023,6,Atlantico,15,Otras mercancias de uso domestico,0,108.2331,-14.1000,12.1281,29.7600,37784.3027,-22.8000,12.3673,30.2700,29112.9677,0,24625.0000,293618.0000
2023-06-01,2023,6,Bogota,4,Prendas de vestir y textiles,0,116.1537,-14.1000,12.1281,29.7600,37784.3027,-22.8000,12.3673,30.2700,29112.9677,0,215502.0000,174214.0000
2023-06-01,2023,6,Bogota,8,Electrodomesticos y muebles,1,116.6632,-14.1000,12.1281,29.7600,37784.3027,-22.8000,12.3673,30.2700,29112.9677,0,215502.0000,174214.0000
2023-06-01,2023,6,Bogota,9,Articulos y utensilios domesticos,0,127.3237,-14.1000,12.1281,29.7600,37784.3027,-22.8000,12.3673,30.2700,29112.9677,0,215502.0000,174214.0000
2023-06-01,2023,6,Bogota,10,Aseo del hogar,0,120.6698,-14.1000,12.1281,29.7600,37784.3027,-22.8000,12.3673,30.2700,29112.9677,0,215502.0000,174214.0000
2023-06-01,2023,6,Bogota,11,Informatica y telecomunicaciones,0,144.3488,-14.1000,12.1281,29.7600,37784.3027,-22.8000,12.3673,30.2700,29112.9677,0,215502.0000,174214.0000
2023-06-01,2023,6,Bogota,12,Sonido y video,0,123.9719,-14.1000,12.1281,29.7600,37784.3027,-22.8000,12.3673,30.2700,29112.9677,0,215502.0000,174214.0000
2023-06-01,2023,6,Bogota,14,"Ferreteria, vidrios y pinturas",0,112.5953,-14.1000,12.1281,29.7600,37784.3027,-22.8000,12.3673,30.2700,29112.9677,0,215502.0000,174214.0000
2023-06-01,2023,6,Bogota,15,Otras mercancias de uso domestico,0,108.3990,-14.1000,12.1281,29.7600,37784.3027,-22.8000,12.3673,30.2700,29112.9677,0,215502.0000,174214.0000
2023-06-01,2023,6,Cundinamarca,4,Prendas de vestir y textiles,0,148.0495,-14.1000,12.1281,29.7600,37784.3027,-22.8000,12.3673,30.2700,29112.9677,0,236449.0000,223963.0000
2023-06-01,2023,6,Cundinamarca,8,Electrodomesticos y muebles,1,128.1565,-14.1000,12.1281,29.7600,37784.3027,-22.8000,12.3673,30.2700,29112.9677,0,236449.0000,223963.0000
2023-06-01,2023,6,Cundinamarca,9,Articulos y utensilios domesticos,0,139.9874,-14.1000,12.1281,29.7600,37784.3027,-22.8000,12.3673,30.2700,29112.9677,0,236449.0000,223963.0000
2023-06-01,2023,6,Cundinamarca,10,Aseo del hogar,0,157.0188,-14.1000,12.1281,29.7600,37784.3027,-22.8000,12.3673,30.2700,29112.9677,0,236449.0000,223963.0000
2023-06-01,2023,6,Cundinamarca,11,Informatica y telecomunicaciones,0,164.0862,-14.1000,12.1281,29.7600,37784.3027,-22.8000,12.3673,30.2700,29112.9677,0,236449.0000,223963.0000
2023-06-01,2023,6,Cundinamarca,12,Sonido y video,0,126.7037,-14.1000,12.1281,29.7600,37784.3027,-22.8000,12.3673,30.2700,29112.9677,0,236449.0000,223963.0000
2023-06-01,2023,6,Cundinamarca,14,"Ferreteria, vidrios y pinturas",0,103.5983,-14.1000,12.1281,29.7600,37784.3027,-22.8000,12.3673,30.2700,29112.9677,0,236449.0000,223963.0000
2023-06-01,2023,6,Cundinamarca,15,Otras mercancias de uso domestico,0,107.3044,-14.1000,12.1281,29.7600,37784.3027,-22.8000,12.3673,30.2700,29112.9677,0,236449.0000,223963.0000
2023-06-01,2023,6,Santander,4,Prendas de vestir y textiles,0,111.7513,-14.1000,12.1281,29.7600,37784.3027,-22.8000,12.3673,30.2700,29112.9677,0,98939.0000,134916.0000
2023-06-01,2023,6,Santander,8,Electrodomesticos y muebles,1,106.7968,-14.1000,12.1281,29.7600,37784.3027,-22.8000,12.3673,30.2700,29112.9677,0,98939.0000,134916.0000
2023-06-01,2023,6,Santander,9,Articulos y utensilios domesticos,0,107.6590,-14.1000,12.1281,29.7600,37784.3027,-22.8000,12.3673,30.2700,29112.9677,0,98939.0000,134916.0000
2023-06-01,2023,6,Santander,10,Aseo del hogar,0,115.1588,-14.1000,12.1281,29.7600,37784.3027,-22.8000,12.3673,30.2700,29112.9677,0,98939.0000,134916.0000
2023-06-01,2023,6,Santander,11,Informatica y telecomunicaciones,0,144.5328,-14.1000,12.1281,29.7600,37784.3027,-22.8000,12.3673,30.2700,29112.9677,0,98939.0000,134916.0000
2023-06-01,2023,6,Santander,12,Sonido y video,0,110.7982,-14.1000,12.1281,29.7600,37784.3027,-22.8000,12.3673,30.2700,29112.9677,0,98939.0000,134916.0000
2023-06-01,2023,6,Santander,14,"Ferreteria, vidrios y pinturas",0,79.5175,-14.1000,12.1281,29.7600,37784.3027,-22.8000,12.3673,30.2700,29112.9677,0,98939.0000,134916.0000
2023-06-01,2023,6,Santander,15,Otras mercancias de uso domestico,0,94.9026,-14.1000,12.1281,29.7600,37784.3027,-22.8000,12.3673,30.2700,29112.9677,0,98939.0000,134916.0000
2023-06-01,2023,6,Valle del Cauca,4,Prendas de vestir y textiles,0,120.2157,-14.1000,12.1281,29.7600,37784.3027,-22.8000,12.3673,30.2700,29112.9677,0,56193.0000,88890.0000
2023-06-01,2023,6,Valle del Cauca,8,Electrodomesticos y muebles,1,95.8270,-14.1000,12.1281,29.7600,37784.3027,-22.8000,12.3673,30.2700,29112.9677,0,56193.0000,88890.0000
2023-06-01,2023,6,Valle del Cauca,9,Articulos y utensilios domesticos,0,107.2373,-14.1000,12.1281,29.7600,37784.3027,-22.8000,12.3673,30.2700,29112.9677,0,56193.0000,88890.0000
2023-06-01,2023,6,Valle del Cauca,10,Aseo del hogar,0,119.3314,-14.1000,12.1281,29.7600,37784.3027,-22.8000,12.3673,30.2700,29112.9677,0,56193.0000,88890.0000
2023-06-01,2023,6,Valle del Cauca,11,Informatica y telecomunicaciones,0,119.1966,-14.1000,12.1281,29.7600,37784.3027,-22.8000,12.3673,30.2700,29112.9677,0,56193.0000,88890.0000
2023-06-01,2023,6,Valle del Cauca,12,Sonido y video,0,101.4107,-14.1000,12.1281,29.7600,37784.3027,-22.8000,12.3673,30.2700,29112.9677,0,56193.0000,88890.0000
2023-06-01,2023,6,Valle del Cauca,14,"Ferreteria, vidrios y pinturas",0,89.3661,-14.1000,12.1281,29.7600,37784.3027,-22.8000,12.3673,30.2700,29112.9677,0,56193.0000,88890.0000
2023-06-01,2023,6,Valle del Cauca,15,Otras mercancias de uso domestico,0,92.5003,-14.1000,12.1281,29.7600,37784.3027,-22.8000,12.3673,30.2700,29112.9677,0,56193.0000,88890.0000
2023-06-01,2023,6,Otros departamentos,4,Prendas de vestir y textiles,0,117.3046,-14.1000,12.1281,29.7600,37784.3027,-22.8000,12.3673,30.2700,29112.9677,0,422255.0000,564609.0000
2023-06-01,2023,6,Otros departamentos,8,Electrodomesticos y muebles,1,115.9303,-14.1000,12.1281,29.7600,37784.3027,-22.8000,12.3673,30.2700,29112.9677,0,422255.0000,564609.0000
2023-06-01,2023,6,Otros departamentos,9,Articulos y utensilios domesticos,0,127.6721,-14.1000,12.1281,29.7600,37784.3027,-22.8000,12.3673,30.2700,29112.9677,0,422255.0000,564609.0000
2023-06-01,2023,6,Otros departamentos,10,Aseo del hogar,0,119.8945,-14.1000,12.1281,29.7600,37784.3027,-22.8000,12.3673,30.2700,29112.9677,0,422255.0000,564609.0000
2023-06-01,2023,6,Otros departamentos,11,Informatica y telecomunicaciones,0,145.3715,-14.1000,12.1281,29.7600,37784.3027,-22.8000,12.3673,30.2700,29112.9677,0,422255.0000,564609.0000
2023-06-01,2023,6,Otros departamentos,12,Sonido y video,0,105.7494,-14.1000,12.1281,29.7600,37784.3027,-22.8000,12.3673,30.2700,29112.9677,0,422255.0000,564609.0000
2023-06-01,2023,6,Otros departamentos,14,"Ferreteria, vidrios y pinturas",0,94.6560,-14.1000,12.1281,29.7600,37784.3027,-22.8000,12.3673,30.2700,29112.9677,0,422255.0000,564609.0000
2023-06-01,2023,6,Otros departamentos,15,Otras mercancias de uso domestico,0,103.6336,-14.1000,12.1281,29.7600,37784.3027,-22.8000,12.3673,30.2700,29112.9677,0,422255.0000,564609.0000
2023-07-01,2023,7,Antioquia,4,Prendas de vestir y textiles,0,126.9255,-17.4000,11.7901,29.3600,30392.8678,-14.1000,12.1281,29.7600,37784.3027,0,193748.0000,186816.0000
2023-07-01,2023,7,Antioquia,8,Electrodomesticos y muebles,1,123.1009,-17.4000,11.7901,29.3600,30392.8678,-14.1000,12.1281,29.7600,37784.3027,0,193748.0000,186816.0000
2023-07-01,2023,7,Antioquia,9,Articulos y utensilios domesticos,0,130.6799,-17.4000,11.7901,29.3600,30392.8678,-14.1000,12.1281,29.7600,37784.3027,0,193748.0000,186816.0000
2023-07-01,2023,7,Antioquia,10,Aseo del hogar,0,115.8545,-17.4000,11.7901,29.3600,30392.8678,-14.1000,12.1281,29.7600,37784.3027,0,193748.0000,186816.0000
2023-07-01,2023,7,Antioquia,11,Informatica y telecomunicaciones,0,169.6234,-17.4000,11.7901,29.3600,30392.8678,-14.1000,12.1281,29.7600,37784.3027,0,193748.0000,186816.0000
2023-07-01,2023,7,Antioquia,12,Sonido y video,0,119.7040,-17.4000,11.7901,29.3600,30392.8678,-14.1000,12.1281,29.7600,37784.3027,0,193748.0000,186816.0000
2023-07-01,2023,7,Antioquia,14,"Ferreteria, vidrios y pinturas",0,114.0147,-17.4000,11.7901,29.3600,30392.8678,-14.1000,12.1281,29.7600,37784.3027,0,193748.0000,186816.0000
2023-07-01,2023,7,Antioquia,15,Otras mercancias de uso domestico,0,114.0542,-17.4000,11.7901,29.3600,30392.8678,-14.1000,12.1281,29.7600,37784.3027,0,193748.0000,186816.0000
2023-07-01,2023,7,Atlantico,4,Prendas de vestir y textiles,0,117.5876,-17.4000,11.7901,29.3600,30392.8678,-14.1000,12.1281,29.7600,37784.3027,0,7107.0000,24625.0000
2023-07-01,2023,7,Atlantico,8,Electrodomesticos y muebles,1,115.8652,-17.4000,11.7901,29.3600,30392.8678,-14.1000,12.1281,29.7600,37784.3027,0,7107.0000,24625.0000
2023-07-01,2023,7,Atlantico,9,Articulos y utensilios domesticos,0,139.7842,-17.4000,11.7901,29.3600,30392.8678,-14.1000,12.1281,29.7600,37784.3027,0,7107.0000,24625.0000
2023-07-01,2023,7,Atlantico,10,Aseo del hogar,0,116.1914,-17.4000,11.7901,29.3600,30392.8678,-14.1000,12.1281,29.7600,37784.3027,0,7107.0000,24625.0000
2023-07-01,2023,7,Atlantico,11,Informatica y telecomunicaciones,0,143.5943,-17.4000,11.7901,29.3600,30392.8678,-14.1000,12.1281,29.7600,37784.3027,0,7107.0000,24625.0000
2023-07-01,2023,7,Atlantico,12,Sonido y video,0,112.2959,-17.4000,11.7901,29.3600,30392.8678,-14.1000,12.1281,29.7600,37784.3027,0,7107.0000,24625.0000
2023-07-01,2023,7,Atlantico,14,"Ferreteria, vidrios y pinturas",0,103.7746,-17.4000,11.7901,29.3600,30392.8678,-14.1000,12.1281,29.7600,37784.3027,0,7107.0000,24625.0000
2023-07-01,2023,7,Atlantico,15,Otras mercancias de uso domestico,0,109.3685,-17.4000,11.7901,29.3600,30392.8678,-14.1000,12.1281,29.7600,37784.3027,0,7107.0000,24625.0000
2023-07-01,2023,7,Bogota,4,Prendas de vestir y textiles,0,114.7961,-17.4000,11.7901,29.3600,30392.8678,-14.1000,12.1281,29.7600,37784.3027,0,91210.0000,215502.0000
2023-07-01,2023,7,Bogota,8,Electrodomesticos y muebles,1,129.8375,-17.4000,11.7901,29.3600,30392.8678,-14.1000,12.1281,29.7600,37784.3027,0,91210.0000,215502.0000
2023-07-01,2023,7,Bogota,9,Articulos y utensilios domesticos,0,147.8720,-17.4000,11.7901,29.3600,30392.8678,-14.1000,12.1281,29.7600,37784.3027,0,91210.0000,215502.0000
2023-07-01,2023,7,Bogota,10,Aseo del hogar,0,143.8952,-17.4000,11.7901,29.3600,30392.8678,-14.1000,12.1281,29.7600,37784.3027,0,91210.0000,215502.0000
2023-07-01,2023,7,Bogota,11,Informatica y telecomunicaciones,0,160.0205,-17.4000,11.7901,29.3600,30392.8678,-14.1000,12.1281,29.7600,37784.3027,0,91210.0000,215502.0000
2023-07-01,2023,7,Bogota,12,Sonido y video,0,138.5705,-17.4000,11.7901,29.3600,30392.8678,-14.1000,12.1281,29.7600,37784.3027,0,91210.0000,215502.0000
2023-07-01,2023,7,Bogota,14,"Ferreteria, vidrios y pinturas",0,112.5710,-17.4000,11.7901,29.3600,30392.8678,-14.1000,12.1281,29.7600,37784.3027,0,91210.0000,215502.0000
2023-07-01,2023,7,Bogota,15,Otras mercancias de uso domestico,0,115.5884,-17.4000,11.7901,29.3600,30392.8678,-14.1000,12.1281,29.7600,37784.3027,0,91210.0000,215502.0000
2023-07-01,2023,7,Cundinamarca,4,Prendas de vestir y textiles,0,133.1746,-17.4000,11.7901,29.3600,30392.8678,-14.1000,12.1281,29.7600,37784.3027,0,171821.0000,236449.0000
2023-07-01,2023,7,Cundinamarca,8,Electrodomesticos y muebles,1,133.5141,-17.4000,11.7901,29.3600,30392.8678,-14.1000,12.1281,29.7600,37784.3027,0,171821.0000,236449.0000
2023-07-01,2023,7,Cundinamarca,9,Articulos y utensilios domesticos,0,154.7548,-17.4000,11.7901,29.3600,30392.8678,-14.1000,12.1281,29.7600,37784.3027,0,171821.0000,236449.0000
2023-07-01,2023,7,Cundinamarca,10,Aseo del hogar,0,155.2588,-17.4000,11.7901,29.3600,30392.8678,-14.1000,12.1281,29.7600,37784.3027,0,171821.0000,236449.0000
2023-07-01,2023,7,Cundinamarca,11,Informatica y telecomunicaciones,0,174.4102,-17.4000,11.7901,29.3600,30392.8678,-14.1000,12.1281,29.7600,37784.3027,0,171821.0000,236449.0000
2023-07-01,2023,7,Cundinamarca,12,Sonido y video,0,139.3417,-17.4000,11.7901,29.3600,30392.8678,-14.1000,12.1281,29.7600,37784.3027,0,171821.0000,236449.0000
2023-07-01,2023,7,Cundinamarca,14,"Ferreteria, vidrios y pinturas",0,108.3204,-17.4000,11.7901,29.3600,30392.8678,-14.1000,12.1281,29.7600,37784.3027,0,171821.0000,236449.0000
2023-07-01,2023,7,Cundinamarca,15,Otras mercancias de uso domestico,0,109.4412,-17.4000,11.7901,29.3600,30392.8678,-14.1000,12.1281,29.7600,37784.3027,0,171821.0000,236449.0000
2023-07-01,2023,7,Santander,4,Prendas de vestir y textiles,0,109.6967,-17.4000,11.7901,29.3600,30392.8678,-14.1000,12.1281,29.7600,37784.3027,0,76642.0000,98939.0000
2023-07-01,2023,7,Santander,8,Electrodomesticos y muebles,1,121.1483,-17.4000,11.7901,29.3600,30392.8678,-14.1000,12.1281,29.7600,37784.3027,0,76642.0000,98939.0000
2023-07-01,2023,7,Santander,9,Articulos y utensilios domesticos,0,127.7408,-17.4000,11.7901,29.3600,30392.8678,-14.1000,12.1281,29.7600,37784.3027,0,76642.0000,98939.0000
2023-07-01,2023,7,Santander,10,Aseo del hogar,0,116.7006,-17.4000,11.7901,29.3600,30392.8678,-14.1000,12.1281,29.7600,37784.3027,0,76642.0000,98939.0000
2023-07-01,2023,7,Santander,11,Informatica y telecomunicaciones,0,147.4542,-17.4000,11.7901,29.3600,30392.8678,-14.1000,12.1281,29.7600,37784.3027,0,76642.0000,98939.0000
2023-07-01,2023,7,Santander,12,Sonido y video,0,106.4033,-17.4000,11.7901,29.3600,30392.8678,-14.1000,12.1281,29.7600,37784.3027,0,76642.0000,98939.0000
2023-07-01,2023,7,Santander,14,"Ferreteria, vidrios y pinturas",0,85.6547,-17.4000,11.7901,29.3600,30392.8678,-14.1000,12.1281,29.7600,37784.3027,0,76642.0000,98939.0000
2023-07-01,2023,7,Santander,15,Otras mercancias de uso domestico,0,96.0087,-17.4000,11.7901,29.3600,30392.8678,-14.1000,12.1281,29.7600,37784.3027,0,76642.0000,98939.0000
2023-07-01,2023,7,Valle del Cauca,4,Prendas de vestir y textiles,0,113.7965,-17.4000,11.7901,29.3600,30392.8678,-14.1000,12.1281,29.7600,37784.3027,0,60077.0000,56193.0000
2023-07-01,2023,7,Valle del Cauca,8,Electrodomesticos y muebles,1,114.7936,-17.4000,11.7901,29.3600,30392.8678,-14.1000,12.1281,29.7600,37784.3027,0,60077.0000,56193.0000
2023-07-01,2023,7,Valle del Cauca,9,Articulos y utensilios domesticos,0,115.2580,-17.4000,11.7901,29.3600,30392.8678,-14.1000,12.1281,29.7600,37784.3027,0,60077.0000,56193.0000
2023-07-01,2023,7,Valle del Cauca,10,Aseo del hogar,0,129.2079,-17.4000,11.7901,29.3600,30392.8678,-14.1000,12.1281,29.7600,37784.3027,0,60077.0000,56193.0000
2023-07-01,2023,7,Valle del Cauca,11,Informatica y telecomunicaciones,0,147.6782,-17.4000,11.7901,29.3600,30392.8678,-14.1000,12.1281,29.7600,37784.3027,0,60077.0000,56193.0000
2023-07-01,2023,7,Valle del Cauca,12,Sonido y video,0,116.2711,-17.4000,11.7901,29.3600,30392.8678,-14.1000,12.1281,29.7600,37784.3027,0,60077.0000,56193.0000
2023-07-01,2023,7,Valle del Cauca,14,"Ferreteria, vidrios y pinturas",0,90.0614,-17.4000,11.7901,29.3600,30392.8678,-14.1000,12.1281,29.7600,37784.3027,0,60077.0000,56193.0000
2023-07-01,2023,7,Valle del Cauca,15,Otras mercancias de uso domestico,0,88.2799,-17.4000,11.7901,29.3600,30392.8678,-14.1000,12.1281,29.7600,37784.3027,0,60077.0000,56193.0000
2023-07-01,2023,7,Otros departamentos,4,Prendas de vestir y textiles,0,114.5174,-17.4000,11.7901,29.3600,30392.8678,-14.1000,12.1281,29.7600,37784.3027,0,500672.0000,422255.0000
2023-07-01,2023,7,Otros departamentos,8,Electrodomesticos y muebles,1,122.8231,-17.4000,11.7901,29.3600,30392.8678,-14.1000,12.1281,29.7600,37784.3027,0,500672.0000,422255.0000
2023-07-01,2023,7,Otros departamentos,9,Articulos y utensilios domesticos,0,140.2219,-17.4000,11.7901,29.3600,30392.8678,-14.1000,12.1281,29.7600,37784.3027,0,500672.0000,422255.0000
2023-07-01,2023,7,Otros departamentos,10,Aseo del hogar,0,127.6794,-17.4000,11.7901,29.3600,30392.8678,-14.1000,12.1281,29.7600,37784.3027,0,500672.0000,422255.0000
2023-07-01,2023,7,Otros departamentos,11,Informatica y telecomunicaciones,0,154.2454,-17.4000,11.7901,29.3600,30392.8678,-14.1000,12.1281,29.7600,37784.3027,0,500672.0000,422255.0000
2023-07-01,2023,7,Otros departamentos,12,Sonido y video,0,119.1205,-17.4000,11.7901,29.3600,30392.8678,-14.1000,12.1281,29.7600,37784.3027,0,500672.0000,422255.0000
2023-07-01,2023,7,Otros departamentos,14,"Ferreteria, vidrios y pinturas",0,102.4180,-17.4000,11.7901,29.3600,30392.8678,-14.1000,12.1281,29.7600,37784.3027,0,500672.0000,422255.0000
2023-07-01,2023,7,Otros departamentos,15,Otras mercancias de uso domestico,0,100.2855,-17.4000,11.7901,29.3600,30392.8678,-14.1000,12.1281,29.7600,37784.3027,0,500672.0000,422255.0000
2023-08-01,2023,8,Antioquia,4,Prendas de vestir y textiles,0,99.6923,-18.8000,11.4321,28.7500,31961.2262,-17.4000,11.7901,29.3600,30392.8678,0,263316.0000,193748.0000
2023-08-01,2023,8,Antioquia,8,Electrodomesticos y muebles,1,122.0471,-18.8000,11.4321,28.7500,31961.2262,-17.4000,11.7901,29.3600,30392.8678,0,263316.0000,193748.0000
2023-08-01,2023,8,Antioquia,9,Articulos y utensilios domesticos,0,116.3060,-18.8000,11.4321,28.7500,31961.2262,-17.4000,11.7901,29.3600,30392.8678,0,263316.0000,193748.0000
2023-08-01,2023,8,Antioquia,10,Aseo del hogar,0,127.4410,-18.8000,11.4321,28.7500,31961.2262,-17.4000,11.7901,29.3600,30392.8678,0,263316.0000,193748.0000
2023-08-01,2023,8,Antioquia,11,Informatica y telecomunicaciones,0,173.3144,-18.8000,11.4321,28.7500,31961.2262,-17.4000,11.7901,29.3600,30392.8678,0,263316.0000,193748.0000
2023-08-01,2023,8,Antioquia,12,Sonido y video,0,108.5932,-18.8000,11.4321,28.7500,31961.2262,-17.4000,11.7901,29.3600,30392.8678,0,263316.0000,193748.0000
2023-08-01,2023,8,Antioquia,14,"Ferreteria, vidrios y pinturas",0,116.9844,-18.8000,11.4321,28.7500,31961.2262,-17.4000,11.7901,29.3600,30392.8678,0,263316.0000,193748.0000
2023-08-01,2023,8,Antioquia,15,Otras mercancias de uso domestico,0,107.5930,-18.8000,11.4321,28.7500,31961.2262,-17.4000,11.7901,29.3600,30392.8678,0,263316.0000,193748.0000
2023-08-01,2023,8,Atlantico,4,Prendas de vestir y textiles,0,95.1419,-18.8000,11.4321,28.7500,31961.2262,-17.4000,11.7901,29.3600,30392.8678,0,47540.0000,7107.0000
2023-08-01,2023,8,Atlantico,8,Electrodomesticos y muebles,1,107.4457,-18.8000,11.4321,28.7500,31961.2262,-17.4000,11.7901,29.3600,30392.8678,0,47540.0000,7107.0000
2023-08-01,2023,8,Atlantico,9,Articulos y utensilios domesticos,0,130.8388,-18.8000,11.4321,28.7500,31961.2262,-17.4000,11.7901,29.3600,30392.8678,0,47540.0000,7107.0000
2023-08-01,2023,8,Atlantico,10,Aseo del hogar,0,105.0647,-18.8000,11.4321,28.7500,31961.2262,-17.4000,11.7901,29.3600,30392.8678,0,47540.0000,7107.0000
2023-08-01,2023,8,Atlantico,11,Informatica y telecomunicaciones,0,155.5683,-18.8000,11.4321,28.7500,31961.2262,-17.4000,11.7901,29.3600,30392.8678,0,47540.0000,7107.0000
2023-08-01,2023,8,Atlantico,12,Sonido y video,0,112.0310,-18.8000,11.4321,28.7500,31961.2262,-17.4000,11.7901,29.3600,30392.8678,0,47540.0000,7107.0000
2023-08-01,2023,8,Atlantico,14,"Ferreteria, vidrios y pinturas",0,108.1736,-18.8000,11.4321,28.7500,31961.2262,-17.4000,11.7901,29.3600,30392.8678,0,47540.0000,7107.0000
2023-08-01,2023,8,Atlantico,15,Otras mercancias de uso domestico,0,108.4343,-18.8000,11.4321,28.7500,31961.2262,-17.4000,11.7901,29.3600,30392.8678,0,47540.0000,7107.0000
2023-08-01,2023,8,Bogota,4,Prendas de vestir y textiles,0,106.4537,-18.8000,11.4321,28.7500,31961.2262,-17.4000,11.7901,29.3600,30392.8678,0,287310.0000,91210.0000
2023-08-01,2023,8,Bogota,8,Electrodomesticos y muebles,1,130.3549,-18.8000,11.4321,28.7500,31961.2262,-17.4000,11.7901,29.3600,30392.8678,0,287310.0000,91210.0000
2023-08-01,2023,8,Bogota,9,Articulos y utensilios domesticos,0,142.5219,-18.8000,11.4321,28.7500,31961.2262,-17.4000,11.7901,29.3600,30392.8678,0,287310.0000,91210.0000
2023-08-01,2023,8,Bogota,10,Aseo del hogar,0,133.7206,-18.8000,11.4321,28.7500,31961.2262,-17.4000,11.7901,29.3600,30392.8678,0,287310.0000,91210.0000
2023-08-01,2023,8,Bogota,11,Informatica y telecomunicaciones,0,176.3592,-18.8000,11.4321,28.7500,31961.2262,-17.4000,11.7901,29.3600,30392.8678,0,287310.0000,91210.0000
2023-08-01,2023,8,Bogota,12,Sonido y video,0,127.6895,-18.8000,11.4321,28.7500,31961.2262,-17.4000,11.7901,29.3600,30392.8678,0,287310.0000,91210.0000
2023-08-01,2023,8,Bogota,14,"Ferreteria, vidrios y pinturas",0,113.2211,-18.8000,11.4321,28.7500,31961.2262,-17.4000,11.7901,29.3600,30392.8678,0,287310.0000,91210.0000
2023-08-01,2023,8,Bogota,15,Otras mercancias de uso domestico,0,111.6002,-18.8000,11.4321,28.7500,31961.2262,-17.4000,11.7901,29.3600,30392.8678,0,287310.0000,91210.0000
2023-08-01,2023,8,Cundinamarca,4,Prendas de vestir y textiles,0,111.9624,-18.8000,11.4321,28.7500,31961.2262,-17.4000,11.7901,29.3600,30392.8678,0,312809.0000,171821.0000
2023-08-01,2023,8,Cundinamarca,8,Electrodomesticos y muebles,1,120.9232,-18.8000,11.4321,28.7500,31961.2262,-17.4000,11.7901,29.3600,30392.8678,0,312809.0000,171821.0000
2023-08-01,2023,8,Cundinamarca,9,Articulos y utensilios domesticos,0,137.6749,-18.8000,11.4321,28.7500,31961.2262,-17.4000,11.7901,29.3600,30392.8678,0,312809.0000,171821.0000
2023-08-01,2023,8,Cundinamarca,10,Aseo del hogar,0,134.6934,-18.8000,11.4321,28.7500,31961.2262,-17.4000,11.7901,29.3600,30392.8678,0,312809.0000,171821.0000
2023-08-01,2023,8,Cundinamarca,11,Informatica y telecomunicaciones,0,192.2663,-18.8000,11.4321,28.7500,31961.2262,-17.4000,11.7901,29.3600,30392.8678,0,312809.0000,171821.0000
2023-08-01,2023,8,Cundinamarca,12,Sonido y video,0,131.3445,-18.8000,11.4321,28.7500,31961.2262,-17.4000,11.7901,29.3600,30392.8678,0,312809.0000,171821.0000
2023-08-01,2023,8,Cundinamarca,14,"Ferreteria, vidrios y pinturas",0,107.0589,-18.8000,11.4321,28.7500,31961.2262,-17.4000,11.7901,29.3600,30392.8678,0,312809.0000,171821.0000
2023-08-01,2023,8,Cundinamarca,15,Otras mercancias de uso domestico,0,105.1819,-18.8000,11.4321,28.7500,31961.2262,-17.4000,11.7901,29.3600,30392.8678,0,312809.0000,171821.0000
2023-08-01,2023,8,Santander,4,Prendas de vestir y textiles,0,88.2240,-18.8000,11.4321,28.7500,31961.2262,-17.4000,11.7901,29.3600,30392.8678,0,42634.0000,76642.0000
2023-08-01,2023,8,Santander,8,Electrodomesticos y muebles,1,128.1548,-18.8000,11.4321,28.7500,31961.2262,-17.4000,11.7901,29.3600,30392.8678,0,42634.0000,76642.0000
2023-08-01,2023,8,Santander,9,Articulos y utensilios domesticos,0,113.5197,-18.8000,11.4321,28.7500,31961.2262,-17.4000,11.7901,29.3600,30392.8678,0,42634.0000,76642.0000
2023-08-01,2023,8,Santander,10,Aseo del hogar,0,112.0684,-18.8000,11.4321,28.7500,31961.2262,-17.4000,11.7901,29.3600,30392.8678,0,42634.0000,76642.0000
2023-08-01,2023,8,Santander,11,Informatica y telecomunicaciones,0,159.1150,-18.8000,11.4321,28.7500,31961.2262,-17.4000,11.7901,29.3600,30392.8678,0,42634.0000,76642.0000
2023-08-01,2023,8,Santander,12,Sonido y video,0,102.4572,-18.8000,11.4321,28.7500,31961.2262,-17.4000,11.7901,29.3600,30392.8678,0,42634.0000,76642.0000
2023-08-01,2023,8,Santander,14,"Ferreteria, vidrios y pinturas",0,87.6412,-18.8000,11.4321,28.7500,31961.2262,-17.4000,11.7901,29.3600,30392.8678,0,42634.0000,76642.0000
2023-08-01,2023,8,Santander,15,Otras mercancias de uso domestico,0,94.2309,-18.8000,11.4321,28.7500,31961.2262,-17.4000,11.7901,29.3600,30392.8678,0,42634.0000,76642.0000
2023-08-01,2023,8,Valle del Cauca,4,Prendas de vestir y textiles,0,90.3406,-18.8000,11.4321,28.7500,31961.2262,-17.4000,11.7901,29.3600,30392.8678,0,177091.0000,60077.0000
2023-08-01,2023,8,Valle del Cauca,8,Electrodomesticos y muebles,1,109.9707,-18.8000,11.4321,28.7500,31961.2262,-17.4000,11.7901,29.3600,30392.8678,0,177091.0000,60077.0000
2023-08-01,2023,8,Valle del Cauca,9,Articulos y utensilios domesticos,0,113.1904,-18.8000,11.4321,28.7500,31961.2262,-17.4000,11.7901,29.3600,30392.8678,0,177091.0000,60077.0000
2023-08-01,2023,8,Valle del Cauca,10,Aseo del hogar,0,125.2182,-18.8000,11.4321,28.7500,31961.2262,-17.4000,11.7901,29.3600,30392.8678,0,177091.0000,60077.0000
2023-08-01,2023,8,Valle del Cauca,11,Informatica y telecomunicaciones,0,145.3504,-18.8000,11.4321,28.7500,31961.2262,-17.4000,11.7901,29.3600,30392.8678,0,177091.0000,60077.0000
2023-08-01,2023,8,Valle del Cauca,12,Sonido y video,0,111.7459,-18.8000,11.4321,28.7500,31961.2262,-17.4000,11.7901,29.3600,30392.8678,0,177091.0000,60077.0000
2023-08-01,2023,8,Valle del Cauca,14,"Ferreteria, vidrios y pinturas",0,93.4008,-18.8000,11.4321,28.7500,31961.2262,-17.4000,11.7901,29.3600,30392.8678,0,177091.0000,60077.0000
2023-08-01,2023,8,Valle del Cauca,15,Otras mercancias de uso domestico,0,97.9016,-18.8000,11.4321,28.7500,31961.2262,-17.4000,11.7901,29.3600,30392.8678,0,177091.0000,60077.0000
2023-08-01,2023,8,Otros departamentos,4,Prendas de vestir y textiles,0,102.2384,-18.8000,11.4321,28.7500,31961.2262,-17.4000,11.7901,29.3600,30392.8678,0,493552.0000,500672.0000
2023-08-01,2023,8,Otros departamentos,8,Electrodomesticos y muebles,1,119.8724,-18.8000,11.4321,28.7500,31961.2262,-17.4000,11.7901,29.3600,30392.8678,0,493552.0000,500672.0000
2023-08-01,2023,8,Otros departamentos,9,Articulos y utensilios domesticos,0,126.4347,-18.8000,11.4321,28.7500,31961.2262,-17.4000,11.7901,29.3600,30392.8678,0,493552.0000,500672.0000
2023-08-01,2023,8,Otros departamentos,10,Aseo del hogar,0,112.7510,-18.8000,11.4321,28.7500,31961.2262,-17.4000,11.7901,29.3600,30392.8678,0,493552.0000,500672.0000
2023-08-01,2023,8,Otros departamentos,11,Informatica y telecomunicaciones,0,155.3085,-18.8000,11.4321,28.7500,31961.2262,-17.4000,11.7901,29.3600,30392.8678,0,493552.0000,500672.0000
2023-08-01,2023,8,Otros departamentos,12,Sonido y video,0,118.9748,-18.8000,11.4321,28.7500,31961.2262,-17.4000,11.7901,29.3600,30392.8678,0,493552.0000,500672.0000
2023-08-01,2023,8,Otros departamentos,14,"Ferreteria, vidrios y pinturas",0,109.6825,-18.8000,11.4321,28.7500,31961.2262,-17.4000,11.7901,29.3600,30392.8678,0,493552.0000,500672.0000
2023-08-01,2023,8,Otros departamentos,15,Otras mercancias de uso domestico,0,95.8851,-18.8000,11.4321,28.7500,31961.2262,-17.4000,11.7901,29.3600,30392.8678,0,493552.0000,500672.0000
2023-09-01,2023,9,Antioquia,4,Prendas de vestir y textiles,0,102.1835,-17.9000,10.9924,28.0300,30656.4849,-18.8000,11.4321,28.7500,31961.2262,0,249627.0000,263316.0000
2023-09-01,2023,9,Antioquia,8,Electrodomesticos y muebles,1,109.6156,-17.9000,10.9924,28.0300,30656.4849,-18.8000,11.4321,28.7500,31961.2262,0,249627.0000,263316.0000
2023-09-01,2023,9,Antioquia,9,Articulos y utensilios domesticos,0,117.5793,-17.9000,10.9924,28.0300,30656.4849,-18.8000,11.4321,28.7500,31961.2262,0,249627.0000,263316.0000
2023-09-01,2023,9,Antioquia,10,Aseo del hogar,0,120.9607,-17.9000,10.9924,28.0300,30656.4849,-18.8000,11.4321,28.7500,31961.2262,0,249627.0000,263316.0000
2023-09-01,2023,9,Antioquia,11,Informatica y telecomunicaciones,0,146.8417,-17.9000,10.9924,28.0300,30656.4849,-18.8000,11.4321,28.7500,31961.2262,0,249627.0000,263316.0000
2023-09-01,2023,9,Antioquia,12,Sonido y video,0,102.4906,-17.9000,10.9924,28.0300,30656.4849,-18.8000,11.4321,28.7500,31961.2262,0,249627.0000,263316.0000
2023-09-01,2023,9,Antioquia,14,"Ferreteria, vidrios y pinturas",0,111.7273,-17.9000,10.9924,28.0300,30656.4849,-18.8000,11.4321,28.7500,31961.2262,0,249627.0000,263316.0000
2023-09-01,2023,9,Antioquia,15,Otras mercancias de uso domestico,0,107.5749,-17.9000,10.9924,28.0300,30656.4849,-18.8000,11.4321,28.7500,31961.2262,0,249627.0000,263316.0000
2023-09-01,2023,9,Atlantico,4,Prendas de vestir y textiles,0,89.0164,-17.9000,10.9924,28.0300,30656.4849,-18.8000,11.4321,28.7500,31961.2262,0,15611.0000,47540.0000
2023-09-01,2023,9,Atlantico,8,Electrodomesticos y muebles,1,92.7745,-17.9000,10.9924,28.0300,30656.4849,-18.8000,11.4321,28.7500,31961.2262,0,15611.0000,47540.0000
2023-09-01,2023,9,Atlantico,9,Articulos y utensilios domesticos,0,126.3716,-17.9000,10.9924,28.0300,30656.4849,-18.8000,11.4321,28.7500,31961.2262,0,15611.0000,47540.0000
2023-09-01,2023,9,Atlantico,10,Aseo del hogar,0,115.4213,-17.9000,10.9924,28.0300,30656.4849,-18.8000,11.4321,28.7500,31961.2262,0,15611.0000,47540.0000
2023-09-01,2023,9,Atlantico,11,Informatica y telecomunicaciones,0,137.9539,-17.9000,10.9924,28.0300,30656.4849,-18.8000,11.4321,28.7500,31961.2262,0,15611.0000,47540.0000
2023-09-01,2023,9,Atlantico,12,Sonido y video,0,97.7488,-17.9000,10.9924,28.0300,30656.4849,-18.8000,11.4321,28.7500,31961.2262,0,15611.0000,47540.0000
2023-09-01,2023,9,Atlantico,14,"Ferreteria, vidrios y pinturas",0,102.3716,-17.9000,10.9924,28.0300,30656.4849,-18.8000,11.4321,28.7500,31961.2262,0,15611.0000,47540.0000
2023-09-01,2023,9,Atlantico,15,Otras mercancias de uso domestico,0,97.3257,-17.9000,10.9924,28.0300,30656.4849,-18.8000,11.4321,28.7500,31961.2262,0,15611.0000,47540.0000
2023-09-01,2023,9,Bogota,4,Prendas de vestir y textiles,0,123.3693,-17.9000,10.9924,28.0300,30656.4849,-18.8000,11.4321,28.7500,31961.2262,0,304937.0000,287310.0000
2023-09-01,2023,9,Bogota,8,Electrodomesticos y muebles,1,125.4845,-17.9000,10.9924,28.0300,30656.4849,-18.8000,11.4321,28.7500,31961.2262,0,304937.0000,287310.0000
2023-09-01,2023,9,Bogota,9,Articulos y utensilios domesticos,0,141.2277,-17.9000,10.9924,28.0300,30656.4849,-18.8000,11.4321,28.7500,31961.2262,0,304937.0000,287310.0000
2023-09-01,2023,9,Bogota,10,Aseo del hogar,0,137.1666,-17.9000,10.9924,28.0300,30656.4849,-18.8000,11.4321,28.7500,31961.2262,0,304937.0000,287310.0000
2023-09-01,2023,9,Bogota,11,Informatica y telecomunicaciones,0,161.3844,-17.9000,10.9924,28.0300,30656.4849,-18.8000,11.4321,28.7500,31961.2262,0,304937.0000,287310.0000
2023-09-01,2023,9,Bogota,12,Sonido y video,0,131.2441,-17.9000,10.9924,28.0300,30656.4849,-18.8000,11.4321,28.7500,31961.2262,0,304937.0000,287310.0000
2023-09-01,2023,9,Bogota,14,"Ferreteria, vidrios y pinturas",0,115.7855,-17.9000,10.9924,28.0300,30656.4849,-18.8000,11.4321,28.7500,31961.2262,0,304937.0000,287310.0000
2023-09-01,2023,9,Bogota,15,Otras mercancias de uso domestico,0,119.9827,-17.9000,10.9924,28.0300,30656.4849,-18.8000,11.4321,28.7500,31961.2262,0,304937.0000,287310.0000
2023-09-01,2023,9,Cundinamarca,4,Prendas de vestir y textiles,0,123.2032,-17.9000,10.9924,28.0300,30656.4849,-18.8000,11.4321,28.7500,31961.2262,0,208773.0000,312809.0000
2023-09-01,2023,9,Cundinamarca,8,Electrodomesticos y muebles,1,114.9779,-17.9000,10.9924,28.0300,30656.4849,-18.8000,11.4321,28.7500,31961.2262,0,208773.0000,312809.0000
2023-09-01,2023,9,Cundinamarca,9,Articulos y utensilios domesticos,0,146.5701,-17.9000,10.9924,28.0300,30656.4849,-18.8000,11.4321,28.7500,31961.2262,0,208773.0000,312809.0000
2023-09-01,2023,9,Cundinamarca,10,Aseo del hogar,0,142.5663,-17.9000,10.9924,28.0300,30656.4849,-18.8000,11.4321,28.7500,31961.2262,0,208773.0000,312809.0000
2023-09-01,2023,9,Cundinamarca,11,Informatica y telecomunicaciones,0,162.0075,-17.9000,10.9924,28.0300,30656.4849,-18.8000,11.4321,28.7500,31961.2262,0,208773.0000,312809.0000
2023-09-01,2023,9,Cundinamarca,12,Sonido y video,0,127.0071,-17.9000,10.9924,28.0300,30656.4849,-18.8000,11.4321,28.7500,31961.2262,0,208773.0000,312809.0000
2023-09-01,2023,9,Cundinamarca,14,"Ferreteria, vidrios y pinturas",0,114.0318,-17.9000,10.9924,28.0300,30656.4849,-18.8000,11.4321,28.7500,31961.2262,0,208773.0000,312809.0000
2023-09-01,2023,9,Cundinamarca,15,Otras mercancias de uso domestico,0,116.7388,-17.9000,10.9924,28.0300,30656.4849,-18.8000,11.4321,28.7500,31961.2262,0,208773.0000,312809.0000
2023-09-01,2023,9,Santander,4,Prendas de vestir y textiles,0,92.1789,-17.9000,10.9924,28.0300,30656.4849,-18.8000,11.4321,28.7500,31961.2262,0,65064.0000,42634.0000
2023-09-01,2023,9,Santander,8,Electrodomesticos y muebles,1,112.0098,-17.9000,10.9924,28.0300,30656.4849,-18.8000,11.4321,28.7500,31961.2262,0,65064.0000,42634.0000
2023-09-01,2023,9,Santander,9,Articulos y utensilios domesticos,0,123.8159,-17.9000,10.9924,28.0300,30656.4849,-18.8000,11.4321,28.7500,31961.2262,0,65064.0000,42634.0000
2023-09-01,2023,9,Santander,10,Aseo del hogar,0,104.6950,-17.9000,10.9924,28.0300,30656.4849,-18.8000,11.4321,28.7500,31961.2262,0,65064.0000,42634.0000
2023-09-01,2023,9,Santander,11,Informatica y telecomunicaciones,0,137.6836,-17.9000,10.9924,28.0300,30656.4849,-18.8000,11.4321,28.7500,31961.2262,0,65064.0000,42634.0000
2023-09-01,2023,9,Santander,12,Sonido y video,0,99.6232,-17.9000,10.9924,28.0300,30656.4849,-18.8000,11.4321,28.7500,31961.2262,0,65064.0000,42634.0000
2023-09-01,2023,9,Santander,14,"Ferreteria, vidrios y pinturas",0,92.6561,-17.9000,10.9924,28.0300,30656.4849,-18.8000,11.4321,28.7500,31961.2262,0,65064.0000,42634.0000
2023-09-01,2023,9,Santander,15,Otras mercancias de uso domestico,0,99.0299,-17.9000,10.9924,28.0300,30656.4849,-18.8000,11.4321,28.7500,31961.2262,0,65064.0000,42634.0000
2023-09-01,2023,9,Valle del Cauca,4,Prendas de vestir y textiles,0,103.7976,-17.9000,10.9924,28.0300,30656.4849,-18.8000,11.4321,28.7500,31961.2262,0,222072.0000,177091.0000
2023-09-01,2023,9,Valle del Cauca,8,Electrodomesticos y muebles,1,99.3781,-17.9000,10.9924,28.0300,30656.4849,-18.8000,11.4321,28.7500,31961.2262,0,222072.0000,177091.0000
2023-09-01,2023,9,Valle del Cauca,9,Articulos y utensilios domesticos,0,116.4866,-17.9000,10.9924,28.0300,30656.4849,-18.8000,11.4321,28.7500,31961.2262,0,222072.0000,177091.0000
2023-09-01,2023,9,Valle del Cauca,10,Aseo del hogar,0,112.0291,-17.9000,10.9924,28.0300,30656.4849,-18.8000,11.4321,28.7500,31961.2262,0,222072.0000,177091.0000
2023-09-01,2023,9,Valle del Cauca,11,Informatica y telecomunicaciones,0,119.8822,-17.9000,10.9924,28.0300,30656.4849,-18.8000,11.4321,28.7500,31961.2262,0,222072.0000,177091.0000
2023-09-01,2023,9,Valle del Cauca,12,Sonido y video,0,94.7095,-17.9000,10.9924,28.0300,30656.4849,-18.8000,11.4321,28.7500,31961.2262,0,222072.0000,177091.0000
2023-09-01,2023,9,Valle del Cauca,14,"Ferreteria, vidrios y pinturas",0,92.9725,-17.9000,10.9924,28.0300,30656.4849,-18.8000,11.4321,28.7500,31961.2262,0,222072.0000,177091.0000
2023-09-01,2023,9,Valle del Cauca,15,Otras mercancias de uso domestico,0,96.3212,-17.9000,10.9924,28.0300,30656.4849,-18.8000,11.4321,28.7500,31961.2262,0,222072.0000,177091.0000
2023-09-01,2023,9,Otros departamentos,4,Prendas de vestir y textiles,0,102.9506,-17.9000,10.9924,28.0300,30656.4849,-18.8000,11.4321,28.7500,31961.2262,0,612820.0000,493552.0000
2023-09-01,2023,9,Otros departamentos,8,Electrodomesticos y muebles,1,104.9471,-17.9000,10.9924,28.0300,30656.4849,-18.8000,11.4321,28.7500,31961.2262,0,612820.0000,493552.0000
2023-09-01,2023,9,Otros departamentos,9,Articulos y utensilios domesticos,0,120.1926,-17.9000,10.9924,28.0300,30656.4849,-18.8000,11.4321,28.7500,31961.2262,0,612820.0000,493552.0000
2023-09-01,2023,9,Otros departamentos,10,Aseo del hogar,0,111.2911,-17.9000,10.9924,28.0300,30656.4849,-18.8000,11.4321,28.7500,31961.2262,0,612820.0000,493552.0000
2023-09-01,2023,9,Otros departamentos,11,Informatica y telecomunicaciones,0,144.2625,-17.9000,10.9924,28.0300,30656.4849,-18.8000,11.4321,28.7500,31961.2262,0,612820.0000,493552.0000
2023-09-01,2023,9,Otros departamentos,12,Sonido y video,0,110.2003,-17.9000,10.9924,28.0300,30656.4849,-18.8000,11.4321,28.7500,31961.2262,0,612820.0000,493552.0000
2023-09-01,2023,9,Otros departamentos,14,"Ferreteria, vidrios y pinturas",0,97.6794,-17.9000,10.9924,28.0300,30656.4849,-18.8000,11.4321,28.7500,31961.2262,0,612820.0000,493552.0000
2023-09-01,2023,9,Otros departamentos,15,Otras mercancias de uso domestico,0,101.9316,-17.9000,10.9924,28.0300,30656.4849,-18.8000,11.4321,28.7500,31961.2262,0,612820.0000,493552.0000
2023-10-01,2023,10,Antioquia,4,Prendas de vestir y textiles,0,95.7849,-14.0000,10.4769,26.5300,33499.4737,-17.9000,10.9924,28.0300,30656.4849,0,327501.0000,249627.0000
2023-10-01,2023,10,Antioquia,8,Electrodomesticos y muebles,1,106.3338,-14.0000,10.4769,26.5300,33499.4737,-17.9000,10.9924,28.0300,30656.4849,0,327501.0000,249627.0000
2023-10-01,2023,10,Antioquia,9,Articulos y utensilios domesticos,0,131.1839,-14.0000,10.4769,26.5300,33499.4737,-17.9000,10.9924,28.0300,30656.4849,0,327501.0000,249627.0000
2023-10-01,2023,10,Antioquia,10,Aseo del hogar,0,118.4222,-14.0000,10.4769,26.5300,33499.4737,-17.9000,10.9924,28.0300,30656.4849,0,327501.0000,249627.0000
2023-10-01,2023,10,Antioquia,11,Informatica y telecomunicaciones,0,131.4910,-14.0000,10.4769,26.5300,33499.4737,-17.9000,10.9924,28.0300,30656.4849,0,327501.0000,249627.0000
2023-10-01,2023,10,Antioquia,12,Sonido y video,0,102.2482,-14.0000,10.4769,26.5300,33499.4737,-17.9000,10.9924,28.0300,30656.4849,0,327501.0000,249627.0000
2023-10-01,2023,10,Antioquia,14,"Ferreteria, vidrios y pinturas",0,110.5600,-14.0000,10.4769,26.5300,33499.4737,-17.9000,10.9924,28.0300,30656.4849,0,327501.0000,249627.0000
2023-10-01,2023,10,Antioquia,15,Otras mercancias de uso domestico,0,105.0283,-14.0000,10.4769,26.5300,33499.4737,-17.9000,10.9924,28.0300,30656.4849,0,327501.0000,249627.0000
2023-10-01,2023,10,Atlantico,4,Prendas de vestir y textiles,0,92.6106,-14.0000,10.4769,26.5300,33499.4737,-17.9000,10.9924,28.0300,30656.4849,0,101663.0000,15611.0000
2023-10-01,2023,10,Atlantico,8,Electrodomesticos y muebles,1,93.8801,-14.0000,10.4769,26.5300,33499.4737,-17.9000,10.9924,28.0300,30656.4849,0,101663.0000,15611.0000
2023-10-01,2023,10,Atlantico,9,Articulos y utensilios domesticos,0,136.8045,-14.0000,10.4769,26.5300,33499.4737,-17.9000,10.9924,28.0300,30656.4849,0,101663.0000,15611.0000
2023-10-01,2023,10,Atlantico,10,Aseo del hogar,0,104.6404,-14.0000,10.4769,26.5300,33499.4737,-17.9000,10.9924,28.0300,30656.4849,0,101663.0000,15611.0000
2023-10-01,2023,10,Atlantico,11,Informatica y telecomunicaciones,0,140.3122,-14.0000,10.4769,26.5300,33499.4737,-17.9000,10.9924,28.0300,30656.4849,0,101663.0000,15611.0000
2023-10-01,2023,10,Atlantico,12,Sonido y video,0,96.7536,-14.0000,10.4769,26.5300,33499.4737,-17.9000,10.9924,28.0300,30656.4849,0,101663.0000,15611.0000
2023-10-01,2023,10,Atlantico,14,"Ferreteria, vidrios y pinturas",0,106.4360,-14.0000,10.4769,26.5300,33499.4737,-17.9000,10.9924,28.0300,30656.4849,0,101663.0000,15611.0000
2023-10-01,2023,10,Atlantico,15,Otras mercancias de uso domestico,0,107.4926,-14.0000,10.4769,26.5300,33499.4737,-17.9000,10.9924,28.0300,30656.4849,0,101663.0000,15611.0000
2023-10-01,2023,10,Bogota,4,Prendas de vestir y textiles,0,117.0240,-14.0000,10.4769,26.5300,33499.4737,-17.9000,10.9924,28.0300,30656.4849,0,354896.0000,304937.0000
2023-10-01,2023,10,Bogota,8,Electrodomesticos y muebles,1,131.5695,-14.0000,10.4769,26.5300,33499.4737,-17.9000,10.9924,28.0300,30656.4849,0,354896.0000,304937.0000
2023-10-01,2023,10,Bogota,9,Articulos y utensilios domesticos,0,155.5811,-14.0000,10.4769,26.5300,33499.4737,-17.9000,10.9924,28.0300,30656.4849,0,354896.0000,304937.0000
2023-10-01,2023,10,Bogota,10,Aseo del hogar,0,137.8548,-14.0000,10.4769,26.5300,33499.4737,-17.9000,10.9924,28.0300,30656.4849,0,354896.0000,304937.0000
2023-10-01,2023,10,Bogota,11,Informatica y telecomunicaciones,0,157.5315,-14.0000,10.4769,26.5300,33499.4737,-17.9000,10.9924,28.0300,30656.4849,0,354896.0000,304937.0000
2023-10-01,2023,10,Bogota,12,Sonido y video,0,133.6546,-14.0000,10.4769,26.5300,33499.4737,-17.9000,10.9924,28.0300,30656.4849,0,354896.0000,304937.0000
2023-10-01,2023,10,Bogota,14,"Ferreteria, vidrios y pinturas",0,115.5303,-14.0000,10.4769,26.5300,33499.4737,-17.9000,10.9924,28.0300,30656.4849,0,354896.0000,304937.0000
2023-10-01,2023,10,Bogota,15,Otras mercancias de uso domestico,0,134.9006,-14.0000,10.4769,26.5300,33499.4737,-17.9000,10.9924,28.0300,30656.4849,0,354896.0000,304937.0000
2023-10-01,2023,10,Cundinamarca,4,Prendas de vestir y textiles,0,128.9459,-14.0000,10.4769,26.5300,33499.4737,-17.9000,10.9924,28.0300,30656.4849,0,125923.0000,208773.0000
2023-10-01,2023,10,Cundinamarca,8,Electrodomesticos y muebles,1,112.2231,-14.0000,10.4769,26.5300,33499.4737,-17.9000,10.9924,28.0300,30656.4849,0,125923.0000,208773.0000
2023-10-01,2023,10,Cundinamarca,9,Articulos y utensilios domesticos,0,161.1414,-14.0000,10.4769,26.5300,33499.4737,-17.9000,10.9924,28.0300,30656.4849,0,125923.0000,208773.0000
2023-10-01,2023,10,Cundinamarca,10,Aseo del hogar,0,135.2784,-14.0000,10.4769,26.5300,33499.4737,-17.9000,10.9924,28.0300,30656.4849,0,125923.0000,208773.0000
2023-10-01,2023,10,Cundinamarca,11,Informatica y telecomunicaciones,0,161.5607,-14.0000,10.4769,26.5300,33499.4737,-17.9000,10.9924,28.0300,30656.4849,0,125923.0000,208773.0000
2023-10-01,2023,10,Cundinamarca,12,Sonido y video,0,110.6607,-14.0000,10.4769,26.5300,33499.4737,-17.9000,10.9924,28.0300,30656.4849,0,125923.0000,208773.0000
2023-10-01,2023,10,Cundinamarca,14,"Ferreteria, vidrios y pinturas",0,133.4064,-14.0000,10.4769,26.5300,33499.4737,-17.9000,10.9924,28.0300,30656.4849,0,125923.0000,208773.0000
2023-10-01,2023,10,Cundinamarca,15,Otras mercancias de uso domestico,0,131.4361,-14.0000,10.4769,26.5300,33499.4737,-17.9000,10.9924,28.0300,30656.4849,0,125923.0000,208773.0000
2023-10-01,2023,10,Santander,4,Prendas de vestir y textiles,0,97.3633,-14.0000,10.4769,26.5300,33499.4737,-17.9000,10.9924,28.0300,30656.4849,0,101329.0000,65064.0000
2023-10-01,2023,10,Santander,8,Electrodomesticos y muebles,1,104.3707,-14.0000,10.4769,26.5300,33499.4737,-17.9000,10.9924,28.0300,30656.4849,0,101329.0000,65064.0000
2023-10-01,2023,10,Santander,9,Articulos y utensilios domesticos,0,123.6136,-14.0000,10.4769,26.5300,33499.4737,-17.9000,10.9924,28.0300,30656.4849,0,101329.0000,65064.0000
2023-10-01,2023,10,Santander,10,Aseo del hogar,0,103.5866,-14.0000,10.4769,26.5300,33499.4737,-17.9000,10.9924,28.0300,30656.4849,0,101329.0000,65064.0000
2023-10-01,2023,10,Santander,11,Informatica y telecomunicaciones,0,125.8086,-14.0000,10.4769,26.5300,33499.4737,-17.9000,10.9924,28.0300,30656.4849,0,101329.0000,65064.0000
2023-10-01,2023,10,Santander,12,Sonido y video,0,102.8771,-14.0000,10.4769,26.5300,33499.4737,-17.9000,10.9924,28.0300,30656.4849,0,101329.0000,65064.0000
2023-10-01,2023,10,Santander,14,"Ferreteria, vidrios y pinturas",0,94.6074,-14.0000,10.4769,26.5300,33499.4737,-17.9000,10.9924,28.0300,30656.4849,0,101329.0000,65064.0000
2023-10-01,2023,10,Santander,15,Otras mercancias de uso domestico,0,106.6489,-14.0000,10.4769,26.5300,33499.4737,-17.9000,10.9924,28.0300,30656.4849,0,101329.0000,65064.0000
2023-10-01,2023,10,Valle del Cauca,4,Prendas de vestir y textiles,0,97.9650,-14.0000,10.4769,26.5300,33499.4737,-17.9000,10.9924,28.0300,30656.4849,0,63579.0000,222072.0000
2023-10-01,2023,10,Valle del Cauca,8,Electrodomesticos y muebles,1,104.5810,-14.0000,10.4769,26.5300,33499.4737,-17.9000,10.9924,28.0300,30656.4849,0,63579.0000,222072.0000
2023-10-01,2023,10,Valle del Cauca,9,Articulos y utensilios domesticos,0,125.8713,-14.0000,10.4769,26.5300,33499.4737,-17.9000,10.9924,28.0300,30656.4849,0,63579.0000,222072.0000
2023-10-01,2023,10,Valle del Cauca,10,Aseo del hogar,0,119.8644,-14.0000,10.4769,26.5300,33499.4737,-17.9000,10.9924,28.0300,30656.4849,0,63579.0000,222072.0000
2023-10-01,2023,10,Valle del Cauca,11,Informatica y telecomunicaciones,0,137.8312,-14.0000,10.4769,26.5300,33499.4737,-17.9000,10.9924,28.0300,30656.4849,0,63579.0000,222072.0000
2023-10-01,2023,10,Valle del Cauca,12,Sonido y video,0,107.9339,-14.0000,10.4769,26.5300,33499.4737,-17.9000,10.9924,28.0300,30656.4849,0,63579.0000,222072.0000
2023-10-01,2023,10,Valle del Cauca,14,"Ferreteria, vidrios y pinturas",0,104.8805,-14.0000,10.4769,26.5300,33499.4737,-17.9000,10.9924,28.0300,30656.4849,0,63579.0000,222072.0000
2023-10-01,2023,10,Valle del Cauca,15,Otras mercancias de uso domestico,0,104.8152,-14.0000,10.4769,26.5300,33499.4737,-17.9000,10.9924,28.0300,30656.4849,0,63579.0000,222072.0000
2023-10-01,2023,10,Otros departamentos,4,Prendas de vestir y textiles,0,109.6680,-14.0000,10.4769,26.5300,33499.4737,-17.9000,10.9924,28.0300,30656.4849,0,520504.0000,612820.0000
2023-10-01,2023,10,Otros departamentos,8,Electrodomesticos y muebles,1,103.3294,-14.0000,10.4769,26.5300,33499.4737,-17.9000,10.9924,28.0300,30656.4849,0,520504.0000,612820.0000
2023-10-01,2023,10,Otros departamentos,9,Articulos y utensilios domesticos,0,126.8038,-14.0000,10.4769,26.5300,33499.4737,-17.9000,10.9924,28.0300,30656.4849,0,520504.0000,612820.0000
2023-10-01,2023,10,Otros departamentos,10,Aseo del hogar,0,115.5680,-14.0000,10.4769,26.5300,33499.4737,-17.9000,10.9924,28.0300,30656.4849,0,520504.0000,612820.0000
2023-10-01,2023,10,Otros departamentos,11,Informatica y telecomunicaciones,0,146.0619,-14.0000,10.4769,26.5300,33499.4737,-17.9000,10.9924,28.0300,30656.4849,0,520504.0000,612820.0000
2023-10-01,2023,10,Otros departamentos,12,Sonido y video,0,108.6640,-14.0000,10.4769,26.5300,33499.4737,-17.9000,10.9924,28.0300,30656.4849,0,520504.0000,612820.0000
2023-10-01,2023,10,Otros departamentos,14,"Ferreteria, vidrios y pinturas",0,94.7701,-14.0000,10.4769,26.5300,33499.4737,-17.9000,10.9924,28.0300,30656.4849,0,520504.0000,612820.0000
2023-10-01,2023,10,Otros departamentos,15,Otras mercancias de uso domestico,0,106.3899,-14.0000,10.4769,26.5300,33499.4737,-17.9000,10.9924,28.0300,30656.4849,0,520504.0000,612820.0000
2023-11-01,2023,11,Antioquia,4,Prendas de vestir y textiles,0,116.0643,-20.9000,10.1478,25.5200,35429.2260,-14.0000,10.4769,26.5300,33499.4737,0,326796.0000,327501.0000
2023-11-01,2023,11,Antioquia,8,Electrodomesticos y muebles,1,135.3095,-20.9000,10.1478,25.5200,35429.2260,-14.0000,10.4769,26.5300,33499.4737,0,326796.0000,327501.0000
2023-11-01,2023,11,Antioquia,9,Articulos y utensilios domesticos,0,136.7113,-20.9000,10.1478,25.5200,35429.2260,-14.0000,10.4769,26.5300,33499.4737,0,326796.0000,327501.0000
2023-11-01,2023,11,Antioquia,10,Aseo del hogar,0,117.6082,-20.9000,10.1478,25.5200,35429.2260,-14.0000,10.4769,26.5300,33499.4737,0,326796.0000,327501.0000
2023-11-01,2023,11,Antioquia,11,Informatica y telecomunicaciones,0,160.7529,-20.9000,10.1478,25.5200,35429.2260,-14.0000,10.4769,26.5300,33499.4737,0,326796.0000,327501.0000
2023-11-01,2023,11,Antioquia,12,Sonido y video,0,133.6773,-20.9000,10.1478,25.5200,35429.2260,-14.0000,10.4769,26.5300,33499.4737,0,326796.0000,327501.0000
2023-11-01,2023,11,Antioquia,14,"Ferreteria, vidrios y pinturas",0,117.7814,-20.9000,10.1478,25.5200,35429.2260,-14.0000,10.4769,26.5300,33499.4737,0,326796.0000,327501.0000
2023-11-01,2023,11,Antioquia,15,Otras mercancias de uso domestico,0,121.5575,-20.9000,10.1478,25.5200,35429.2260,-14.0000,10.4769,26.5300,33499.4737,0,326796.0000,327501.0000
2023-11-01,2023,11,Atlantico,4,Prendas de vestir y textiles,0,135.5168,-20.9000,10.1478,25.5200,35429.2260,-14.0000,10.4769,26.5300,33499.4737,0,78702.0000,101663.0000
2023-11-01,2023,11,Atlantico,8,Electrodomesticos y muebles,1,113.8822,-20.9000,10.1478,25.5200,35429.2260,-14.0000,10.4769,26.5300,33499.4737,0,78702.0000,101663.0000
2023-11-01,2023,11,Atlantico,9,Articulos y utensilios domesticos,0,150.9076,-20.9000,10.1478,25.5200,35429.2260,-14.0000,10.4769,26.5300,33499.4737,0,78702.0000,101663.0000
2023-11-01,2023,11,Atlantico,10,Aseo del hogar,0,96.5056,-20.9000,10.1478,25.5200,35429.2260,-14.0000,10.4769,26.5300,33499.4737,0,78702.0000,101663.0000
2023-11-01,2023,11,Atlantico,11,Informatica y telecomunicaciones,0,159.1743,-20.9000,10.1478,25.5200,35429.2260,-14.0000,10.4769,26.5300,33499.4737,0,78702.0000,101663.0000
2023-11-01,2023,11,Atlantico,12,Sonido y video,0,159.0361,-20.9000,10.1478,25.5200,35429.2260,-14.0000,10.4769,26.5300,33499.4737,0,78702.0000,101663.0000
2023-11-01,2023,11,Atlantico,14,"Ferreteria, vidrios y pinturas",0,131.0534,-20.9000,10.1478,25.5200,35429.2260,-14.0000,10.4769,26.5300,33499.4737,0,78702.0000,101663.0000
2023-11-01,2023,11,Atlantico,15,Otras mercancias de uso domestico,0,129.5980,-20.9000,10.1478,25.5200,35429.2260,-14.0000,10.4769,26.5300,33499.4737,0,78702.0000,101663.0000
2023-11-01,2023,11,Bogota,4,Prendas de vestir y textiles,0,150.3231,-20.9000,10.1478,25.5200,35429.2260,-14.0000,10.4769,26.5300,33499.4737,0,334998.0000,354896.0000
2023-11-01,2023,11,Bogota,8,Electrodomesticos y muebles,1,155.7618,-20.9000,10.1478,25.5200,35429.2260,-14.0000,10.4769,26.5300,33499.4737,0,334998.0000,354896.0000
2023-11-01,2023,11,Bogota,9,Articulos y utensilios domesticos,0,188.9619,-20.9000,10.1478,25.5200,35429.2260,-14.0000,10.4769,26.5300,33499.4737,0,334998.0000,354896.0000
2023-11-01,2023,11,Bogota,10,Aseo del hogar,0,133.7919,-20.9000,10.1478,25.5200,35429.2260,-14.0000,10.4769,26.5300,33499.4737,0,334998.0000,354896.0000
2023-11-01,2023,11,Bogota,11,Informatica y telecomunicaciones,0,206.7403,-20.9000,10.1478,25.5200,35429.2260,-14.0000,10.4769,26.5300,33499.4737,0,334998.0000,354896.0000
2023-11-01,2023,11,Bogota,12,Sonido y video,0,184.5559,-20.9000,10.1478,25.5200,35429.2260,-14.0000,10.4769,26.5300,33499.4737,0,334998.0000,354896.0000
2023-11-01,2023,11,Bogota,14,"Ferreteria, vidrios y pinturas",0,125.5423,-20.9000,10.1478,25.5200,35429.2260,-14.0000,10.4769,26.5300,33499.4737,0,334998.0000,354896.0000
2023-11-01,2023,11,Bogota,15,Otras mercancias de uso domestico,0,151.7793,-20.9000,10.1478,25.5200,35429.2260,-14.0000,10.4769,26.5300,33499.4737,0,334998.0000,354896.0000
2023-11-01,2023,11,Cundinamarca,4,Prendas de vestir y textiles,0,161.0400,-20.9000,10.1478,25.5200,35429.2260,-14.0000,10.4769,26.5300,33499.4737,0,244050.0000,125923.0000
2023-11-01,2023,11,Cundinamarca,8,Electrodomesticos y muebles,1,129.4124,-20.9000,10.1478,25.5200,35429.2260,-14.0000,10.4769,26.5300,33499.4737,0,244050.0000,125923.0000
2023-11-01,2023,11,Cundinamarca,9,Articulos y utensilios domesticos,0,178.9468,-20.9000,10.1478,25.5200,35429.2260,-14.0000,10.4769,26.5300,33499.4737,0,244050.0000,125923.0000
2023-11-01,2023,11,Cundinamarca,10,Aseo del hogar,0,125.8965,-20.9000,10.1478,25.5200,35429.2260,-14.0000,10.4769,26.5300,33499.4737,0,244050.0000,125923.0000
2023-11-01,2023,11,Cundinamarca,11,Informatica y telecomunicaciones,0,198.0538,-20.9000,10.1478,25.5200,35429.2260,-14.0000,10.4769,26.5300,33499.4737,0,244050.0000,125923.0000
2023-11-01,2023,11,Cundinamarca,12,Sonido y video,0,169.1848,-20.9000,10.1478,25.5200,35429.2260,-14.0000,10.4769,26.5300,33499.4737,0,244050.0000,125923.0000
2023-11-01,2023,11,Cundinamarca,14,"Ferreteria, vidrios y pinturas",0,132.8864,-20.9000,10.1478,25.5200,35429.2260,-14.0000,10.4769,26.5300,33499.4737,0,244050.0000,125923.0000
2023-11-01,2023,11,Cundinamarca,15,Otras mercancias de uso domestico,0,153.8364,-20.9000,10.1478,25.5200,35429.2260,-14.0000,10.4769,26.5300,33499.4737,0,244050.0000,125923.0000
2023-11-01,2023,11,Santander,4,Prendas de vestir y textiles,0,114.7504,-20.9000,10.1478,25.5200,35429.2260,-14.0000,10.4769,26.5300,33499.4737,0,78335.0000,101329.0000
2023-11-01,2023,11,Santander,8,Electrodomesticos y muebles,1,120.8195,-20.9000,10.1478,25.5200,35429.2260,-14.0000,10.4769,26.5300,33499.4737,0,78335.0000,101329.0000
2023-11-01,2023,11,Santander,9,Articulos y utensilios domesticos,0,141.2768,-20.9000,10.1478,25.5200,35429.2260,-14.0000,10.4769,26.5300,33499.4737,0,78335.0000,101329.0000
2023-11-01,2023,11,Santander,10,Aseo del hogar,0,116.2650,-20.9000,10.1478,25.5200,35429.2260,-14.0000,10.4769,26.5300,33499.4737,0,78335.0000,101329.0000
2023-11-01,2023,11,Santander,11,Informatica y telecomunicaciones,0,143.7434,-20.9000,10.1478,25.5200,35429.2260,-14.0000,10.4769,26.5300,33499.4737,0,78335.0000,101329.0000
2023-11-01,2023,11,Santander,12,Sonido y video,0,141.2871,-20.9000,10.1478,25.5200,35429.2260,-14.0000,10.4769,26.5300,33499.4737,0,78335.0000,101329.0000
2023-11-01,2023,11,Santander,14,"Ferreteria, vidrios y pinturas",0,112.2515,-20.9000,10.1478,25.5200,35429.2260,-14.0000,10.4769,26.5300,33499.4737,0,78335.0000,101329.0000
2023-11-01,2023,11,Santander,15,Otras mercancias de uso domestico,0,116.9194,-20.9000,10.1478,25.5200,35429.2260,-14.0000,10.4769,26.5300,33499.4737,0,78335.0000,101329.0000
2023-11-01,2023,11,Valle del Cauca,4,Prendas de vestir y textiles,0,123.6737,-20.9000,10.1478,25.5200,35429.2260,-14.0000,10.4769,26.5300,33499.4737,0,272382.0000,63579.0000
2023-11-01,2023,11,Valle del Cauca,8,Electrodomesticos y muebles,1,124.3598,-20.9000,10.1478,25.5200,35429.2260,-14.0000,10.4769,26.5300,33499.4737,0,272382.0000,63579.0000
2023-11-01,2023,11,Valle del Cauca,9,Articulos y utensilios domesticos,0,141.6159,-20.9000,10.1478,25.5200,35429.2260,-14.0000,10.4769,26.5300,33499.4737,0,272382.0000,63579.0000
2023-11-01,2023,11,Valle del Cauca,10,Aseo del hogar,0,122.2632,-20.9000,10.1478,25.5200,35429.2260,-14.0000,10.4769,26.5300,33499.4737,0,272382.0000,63579.0000
2023-11-01,2023,11,Valle del Cauca,11,Informatica y telecomunicaciones,0,170.7871,-20.9000,10.1478,25.5200,35429.2260,-14.0000,10.4769,26.5300,33499.4737,0,272382.0000,63579.0000
2023-11-01,2023,11,Valle del Cauca,12,Sonido y video,0,154.7921,-20.9000,10.1478,25.5200,35429.2260,-14.0000,10.4769,26.5300,33499.4737,0,272382.0000,63579.0000
2023-11-01,2023,11,Valle del Cauca,14,"Ferreteria, vidrios y pinturas",0,106.0186,-20.9000,10.1478,25.5200,35429.2260,-14.0000,10.4769,26.5300,33499.4737,0,272382.0000,63579.0000
2023-11-01,2023,11,Valle del Cauca,15,Otras mercancias de uso domestico,0,114.0145,-20.9000,10.1478,25.5200,35429.2260,-14.0000,10.4769,26.5300,33499.4737,0,272382.0000,63579.0000
2023-11-01,2023,11,Otros departamentos,4,Prendas de vestir y textiles,0,140.0573,-20.9000,10.1478,25.5200,35429.2260,-14.0000,10.4769,26.5300,33499.4737,0,630790.0000,520504.0000
2023-11-01,2023,11,Otros departamentos,8,Electrodomesticos y muebles,1,120.2877,-20.9000,10.1478,25.5200,35429.2260,-14.0000,10.4769,26.5300,33499.4737,0,630790.0000,520504.0000
2023-11-01,2023,11,Otros departamentos,9,Articulos y utensilios domesticos,0,153.1947,-20.9000,10.1478,25.5200,35429.2260,-14.0000,10.4769,26.5300,33499.4737,0,630790.0000,520504.0000
2023-11-01,2023,11,Otros departamentos,10,Aseo del hogar,0,113.5679,-20.9000,10.1478,25.5200,35429.2260,-14.0000,10.4769,26.5300,33499.4737,0,630790.0000,520504.0000
2023-11-01,2023,11,Otros departamentos,11,Informatica y telecomunicaciones,0,175.8976,-20.9000,10.1478,25.5200,35429.2260,-14.0000,10.4769,26.5300,33499.4737,0,630790.0000,520504.0000
2023-11-01,2023,11,Otros departamentos,12,Sonido y video,0,157.1366,-20.9000,10.1478,25.5200,35429.2260,-14.0000,10.4769,26.5300,33499.4737,0,630790.0000,520504.0000
2023-11-01,2023,11,Otros departamentos,14,"Ferreteria, vidrios y pinturas",0,101.1216,-20.9000,10.1478,25.5200,35429.2260,-14.0000,10.4769,26.5300,33499.4737,0,630790.0000,520504.0000
2023-11-01,2023,11,Otros departamentos,15,Otras mercancias de uso domestico,0,132.5963,-20.9000,10.1478,25.5200,35429.2260,-14.0000,10.4769,26.5300,33499.4737,0,630790.0000,520504.0000
2023-12-01,2023,12,Antioquia,4,Prendas de vestir y textiles,0,256.7495,-17.3000,9.2756,25.0400,35736.3028,-20.9000,10.1478,25.5200,35429.2260,0,564405.0000,326796.0000
2023-12-01,2023,12,Antioquia,8,Electrodomesticos y muebles,1,125.7056,-17.3000,9.2756,25.0400,35736.3028,-20.9000,10.1478,25.5200,35429.2260,0,564405.0000,326796.0000
2023-12-01,2023,12,Antioquia,9,Articulos y utensilios domesticos,0,162.9343,-17.3000,9.2756,25.0400,35736.3028,-20.9000,10.1478,25.5200,35429.2260,0,564405.0000,326796.0000
2023-12-01,2023,12,Antioquia,10,Aseo del hogar,0,137.8519,-17.3000,9.2756,25.0400,35736.3028,-20.9000,10.1478,25.5200,35429.2260,0,564405.0000,326796.0000
2023-12-01,2023,12,Antioquia,11,Informatica y telecomunicaciones,0,203.1598,-17.3000,9.2756,25.0400,35736.3028,-20.9000,10.1478,25.5200,35429.2260,0,564405.0000,326796.0000
2023-12-01,2023,12,Antioquia,12,Sonido y video,0,141.3825,-17.3000,9.2756,25.0400,35736.3028,-20.9000,10.1478,25.5200,35429.2260,0,564405.0000,326796.0000
2023-12-01,2023,12,Antioquia,14,"Ferreteria, vidrios y pinturas",0,110.7657,-17.3000,9.2756,25.0400,35736.3028,-20.9000,10.1478,25.5200,35429.2260,0,564405.0000,326796.0000
2023-12-01,2023,12,Antioquia,15,Otras mercancias de uso domestico,0,143.6047,-17.3000,9.2756,25.0400,35736.3028,-20.9000,10.1478,25.5200,35429.2260,0,564405.0000,326796.0000
2023-12-01,2023,12,Atlantico,4,Prendas de vestir y textiles,0,309.6416,-17.3000,9.2756,25.0400,35736.3028,-20.9000,10.1478,25.5200,35429.2260,0,109681.0000,78702.0000
2023-12-01,2023,12,Atlantico,8,Electrodomesticos y muebles,1,106.8843,-17.3000,9.2756,25.0400,35736.3028,-20.9000,10.1478,25.5200,35429.2260,0,109681.0000,78702.0000
2023-12-01,2023,12,Atlantico,9,Articulos y utensilios domesticos,0,186.7734,-17.3000,9.2756,25.0400,35736.3028,-20.9000,10.1478,25.5200,35429.2260,0,109681.0000,78702.0000
2023-12-01,2023,12,Atlantico,10,Aseo del hogar,0,124.1955,-17.3000,9.2756,25.0400,35736.3028,-20.9000,10.1478,25.5200,35429.2260,0,109681.0000,78702.0000
2023-12-01,2023,12,Atlantico,11,Informatica y telecomunicaciones,0,193.5965,-17.3000,9.2756,25.0400,35736.3028,-20.9000,10.1478,25.5200,35429.2260,0,109681.0000,78702.0000
2023-12-01,2023,12,Atlantico,12,Sonido y video,0,144.5850,-17.3000,9.2756,25.0400,35736.3028,-20.9000,10.1478,25.5200,35429.2260,0,109681.0000,78702.0000
2023-12-01,2023,12,Atlantico,14,"Ferreteria, vidrios y pinturas",0,123.1113,-17.3000,9.2756,25.0400,35736.3028,-20.9000,10.1478,25.5200,35429.2260,0,109681.0000,78702.0000
2023-12-01,2023,12,Atlantico,15,Otras mercancias de uso domestico,0,162.8334,-17.3000,9.2756,25.0400,35736.3028,-20.9000,10.1478,25.5200,35429.2260,0,109681.0000,78702.0000
2023-12-01,2023,12,Bogota,4,Prendas de vestir y textiles,0,315.9519,-17.3000,9.2756,25.0400,35736.3028,-20.9000,10.1478,25.5200,35429.2260,0,298966.0000,334998.0000
2023-12-01,2023,12,Bogota,8,Electrodomesticos y muebles,1,123.5428,-17.3000,9.2756,25.0400,35736.3028,-20.9000,10.1478,25.5200,35429.2260,0,298966.0000,334998.0000
2023-12-01,2023,12,Bogota,9,Articulos y utensilios domesticos,0,208.4987,-17.3000,9.2756,25.0400,35736.3028,-20.9000,10.1478,25.5200,35429.2260,0,298966.0000,334998.0000
2023-12-01,2023,12,Bogota,10,Aseo del hogar,0,143.2986,-17.3000,9.2756,25.0400,35736.3028,-20.9000,10.1478,25.5200,35429.2260,0,298966.0000,334998.0000
2023-12-01,2023,12,Bogota,11,Informatica y telecomunicaciones,0,231.3884,-17.3000,9.2756,25.0400,35736.3028,-20.9000,10.1478,25.5200,35429.2260,0,298966.0000,334998.0000
2023-12-01,2023,12,Bogota,12,Sonido y video,0,156.8761,-17.3000,9.2756,25.0400,35736.3028,-20.9000,10.1478,25.5200,35429.2260,0,298966.0000,334998.0000
2023-12-01,2023,12,Bogota,14,"Ferreteria, vidrios y pinturas",0,112.8026,-17.3000,9.2756,25.0400,35736.3028,-20.9000,10.1478,25.5200,35429.2260,0,298966.0000,334998.0000
2023-12-01,2023,12,Bogota,15,Otras mercancias de uso domestico,0,187.4131,-17.3000,9.2756,25.0400,35736.3028,-20.9000,10.1478,25.5200,35429.2260,0,298966.0000,334998.0000
2023-12-01,2023,12,Cundinamarca,4,Prendas de vestir y textiles,0,318.2006,-17.3000,9.2756,25.0400,35736.3028,-20.9000,10.1478,25.5200,35429.2260,0,675151.0000,244050.0000
2023-12-01,2023,12,Cundinamarca,8,Electrodomesticos y muebles,1,117.4917,-17.3000,9.2756,25.0400,35736.3028,-20.9000,10.1478,25.5200,35429.2260,0,675151.0000,244050.0000
2023-12-01,2023,12,Cundinamarca,9,Articulos y utensilios domesticos,0,195.1547,-17.3000,9.2756,25.0400,35736.3028,-20.9000,10.1478,25.5200,35429.2260,0,675151.0000,244050.0000
2023-12-01,2023,12,Cundinamarca,10,Aseo del hogar,0,138.7893,-17.3000,9.2756,25.0400,35736.3028,-20.9000,10.1478,25.5200,35429.2260,0,675151.0000,244050.0000
2023-12-01,2023,12,Cundinamarca,11,Informatica y telecomunicaciones,0,249.6290,-17.3000,9.2756,25.0400,35736.3028,-20.9000,10.1478,25.5200,35429.2260,0,675151.0000,244050.0000
2023-12-01,2023,12,Cundinamarca,12,Sonido y video,0,166.1299,-17.3000,9.2756,25.0400,35736.3028,-20.9000,10.1478,25.5200,35429.2260,0,675151.0000,244050.0000
2023-12-01,2023,12,Cundinamarca,14,"Ferreteria, vidrios y pinturas",0,118.2062,-17.3000,9.2756,25.0400,35736.3028,-20.9000,10.1478,25.5200,35429.2260,0,675151.0000,244050.0000
2023-12-01,2023,12,Cundinamarca,15,Otras mercancias de uso domestico,0,182.7010,-17.3000,9.2756,25.0400,35736.3028,-20.9000,10.1478,25.5200,35429.2260,0,675151.0000,244050.0000
2023-12-01,2023,12,Santander,4,Prendas de vestir y textiles,0,239.2046,-17.3000,9.2756,25.0400,35736.3028,-20.9000,10.1478,25.5200,35429.2260,0,290782.0000,78335.0000
2023-12-01,2023,12,Santander,8,Electrodomesticos y muebles,1,103.5395,-17.3000,9.2756,25.0400,35736.3028,-20.9000,10.1478,25.5200,35429.2260,0,290782.0000,78335.0000
2023-12-01,2023,12,Santander,9,Articulos y utensilios domesticos,0,164.1768,-17.3000,9.2756,25.0400,35736.3028,-20.9000,10.1478,25.5200,35429.2260,0,290782.0000,78335.0000
2023-12-01,2023,12,Santander,10,Aseo del hogar,0,131.6441,-17.3000,9.2756,25.0400,35736.3028,-20.9000,10.1478,25.5200,35429.2260,0,290782.0000,78335.0000
2023-12-01,2023,12,Santander,11,Informatica y telecomunicaciones,0,186.2999,-17.3000,9.2756,25.0400,35736.3028,-20.9000,10.1478,25.5200,35429.2260,0,290782.0000,78335.0000
2023-12-01,2023,12,Santander,12,Sonido y video,0,125.1456,-17.3000,9.2756,25.0400,35736.3028,-20.9000,10.1478,25.5200,35429.2260,0,290782.0000,78335.0000
2023-12-01,2023,12,Santander,14,"Ferreteria, vidrios y pinturas",0,107.3060,-17.3000,9.2756,25.0400,35736.3028,-20.9000,10.1478,25.5200,35429.2260,0,290782.0000,78335.0000
2023-12-01,2023,12,Santander,15,Otras mercancias de uso domestico,0,145.5426,-17.3000,9.2756,25.0400,35736.3028,-20.9000,10.1478,25.5200,35429.2260,0,290782.0000,78335.0000
2023-12-01,2023,12,Valle del Cauca,4,Prendas de vestir y textiles,0,227.9549,-17.3000,9.2756,25.0400,35736.3028,-20.9000,10.1478,25.5200,35429.2260,0,356878.0000,272382.0000
2023-12-01,2023,12,Valle del Cauca,8,Electrodomesticos y muebles,1,106.1305,-17.3000,9.2756,25.0400,35736.3028,-20.9000,10.1478,25.5200,35429.2260,0,356878.0000,272382.0000
2023-12-01,2023,12,Valle del Cauca,9,Articulos y utensilios domesticos,0,162.3676,-17.3000,9.2756,25.0400,35736.3028,-20.9000,10.1478,25.5200,35429.2260,0,356878.0000,272382.0000
2023-12-01,2023,12,Valle del Cauca,10,Aseo del hogar,0,121.5449,-17.3000,9.2756,25.0400,35736.3028,-20.9000,10.1478,25.5200,35429.2260,0,356878.0000,272382.0000
2023-12-01,2023,12,Valle del Cauca,11,Informatica y telecomunicaciones,0,190.8313,-17.3000,9.2756,25.0400,35736.3028,-20.9000,10.1478,25.5200,35429.2260,0,356878.0000,272382.0000
2023-12-01,2023,12,Valle del Cauca,12,Sonido y video,0,135.9395,-17.3000,9.2756,25.0400,35736.3028,-20.9000,10.1478,25.5200,35429.2260,0,356878.0000,272382.0000
2023-12-01,2023,12,Valle del Cauca,14,"Ferreteria, vidrios y pinturas",0,98.2705,-17.3000,9.2756,25.0400,35736.3028,-20.9000,10.1478,25.5200,35429.2260,0,356878.0000,272382.0000
2023-12-01,2023,12,Valle del Cauca,15,Otras mercancias de uso domestico,0,138.9314,-17.3000,9.2756,25.0400,35736.3028,-20.9000,10.1478,25.5200,35429.2260,0,356878.0000,272382.0000
2023-12-01,2023,12,Otros departamentos,4,Prendas de vestir y textiles,0,298.3720,-17.3000,9.2756,25.0400,35736.3028,-20.9000,10.1478,25.5200,35429.2260,0,964386.0000,630790.0000
2023-12-01,2023,12,Otros departamentos,8,Electrodomesticos y muebles,1,133.7583,-17.3000,9.2756,25.0400,35736.3028,-20.9000,10.1478,25.5200,35429.2260,0,964386.0000,630790.0000
2023-12-01,2023,12,Otros departamentos,9,Articulos y utensilios domesticos,0,206.1038,-17.3000,9.2756,25.0400,35736.3028,-20.9000,10.1478,25.5200,35429.2260,0,964386.0000,630790.0000
2023-12-01,2023,12,Otros departamentos,10,Aseo del hogar,0,137.8746,-17.3000,9.2756,25.0400,35736.3028,-20.9000,10.1478,25.5200,35429.2260,0,964386.0000,630790.0000
2023-12-01,2023,12,Otros departamentos,11,Informatica y telecomunicaciones,0,218.1882,-17.3000,9.2756,25.0400,35736.3028,-20.9000,10.1478,25.5200,35429.2260,0,964386.0000,630790.0000
2023-12-01,2023,12,Otros departamentos,12,Sonido y video,0,167.3607,-17.3000,9.2756,25.0400,35736.3028,-20.9000,10.1478,25.5200,35429.2260,0,964386.0000,630790.0000
2023-12-01,2023,12,Otros departamentos,14,"Ferreteria, vidrios y pinturas",0,107.6874,-17.3000,9.2756,25.0400,35736.3028,-20.9000,10.1478,25.5200,35429.2260,0,964386.0000,630790.0000
2023-12-01,2023,12,Otros departamentos,15,Otras mercancias de uso domestico,0,184.1788,-17.3000,9.2756,25.0400,35736.3028,-20.9000,10.1478,25.5200,35429.2260,0,964386.0000,630790.0000
2024-01-01,2024,1,Antioquia,4,Prendas de vestir y textiles,0,87.5429,-7.9000,8.3496,23.3200,34833.1347,-17.3000,9.2756,25.0400,35736.3028,0,259205.0000,564405.0000
2024-01-01,2024,1,Antioquia,8,Electrodomesticos y muebles,1,118.9559,-7.9000,8.3496,23.3200,34833.1347,-17.3000,9.2756,25.0400,35736.3028,0,259205.0000,564405.0000
2024-01-01,2024,1,Antioquia,9,Articulos y utensilios domesticos,0,117.6282,-7.9000,8.3496,23.3200,34833.1347,-17.3000,9.2756,25.0400,35736.3028,0,259205.0000,564405.0000
2024-01-01,2024,1,Antioquia,10,Aseo del hogar,0,135.2965,-7.9000,8.3496,23.3200,34833.1347,-17.3000,9.2756,25.0400,35736.3028,0,259205.0000,564405.0000
2024-01-01,2024,1,Antioquia,11,Informatica y telecomunicaciones,0,144.4144,-7.9000,8.3496,23.3200,34833.1347,-17.3000,9.2756,25.0400,35736.3028,0,259205.0000,564405.0000
2024-01-01,2024,1,Antioquia,12,Sonido y video,0,94.9384,-7.9000,8.3496,23.3200,34833.1347,-17.3000,9.2756,25.0400,35736.3028,0,259205.0000,564405.0000
2024-01-01,2024,1,Antioquia,14,"Ferreteria, vidrios y pinturas",0,101.7045,-7.9000,8.3496,23.3200,34833.1347,-17.3000,9.2756,25.0400,35736.3028,0,259205.0000,564405.0000
2024-01-01,2024,1,Antioquia,15,Otras mercancias de uso domestico,0,94.1915,-7.9000,8.3496,23.3200,34833.1347,-17.3000,9.2756,25.0400,35736.3028,0,259205.0000,564405.0000
2024-01-01,2024,1,Atlantico,4,Prendas de vestir y textiles,0,86.6515,-7.9000,8.3496,23.3200,34833.1347,-17.3000,9.2756,25.0400,35736.3028,0,19569.0000,109681.0000
2024-01-01,2024,1,Atlantico,8,Electrodomesticos y muebles,1,102.1108,-7.9000,8.3496,23.3200,34833.1347,-17.3000,9.2756,25.0400,35736.3028,0,19569.0000,109681.0000
2024-01-01,2024,1,Atlantico,9,Articulos y utensilios domesticos,0,115.2129,-7.9000,8.3496,23.3200,34833.1347,-17.3000,9.2756,25.0400,35736.3028,0,19569.0000,109681.0000
2024-01-01,2024,1,Atlantico,10,Aseo del hogar,0,103.2152,-7.9000,8.3496,23.3200,34833.1347,-17.3000,9.2756,25.0400,35736.3028,0,19569.0000,109681.0000
2024-01-01,2024,1,Atlantico,11,Informatica y telecomunicaciones,0,128.1856,-7.9000,8.3496,23.3200,34833.1347,-17.3000,9.2756,25.0400,35736.3028,0,19569.0000,109681.0000
2024-01-01,2024,1,Atlantico,12,Sonido y video,0,87.2584,-7.9000,8.3496,23.3200,34833.1347,-17.3000,9.2756,25.0400,35736.3028,0,19569.0000,109681.0000
2024-01-01,2024,1,Atlantico,14,"Ferreteria, vidrios y pinturas",0,105.8858,-7.9000,8.3496,23.3200,34833.1347,-17.3000,9.2756,25.0400,35736.3028,0,19569.0000,109681.0000
2024-01-01,2024,1,Atlantico,15,Otras mercancias de uso domestico,0,88.6893,-7.9000,8.3496,23.3200,34833.1347,-17.3000,9.2756,25.0400,35736.3028,0,19569.0000,109681.0000
2024-01-01,2024,1,Bogota,4,Prendas de vestir y textiles,0,95.1359,-7.9000,8.3496,23.3200,34833.1347,-17.3000,9.2756,25.0400,35736.3028,0,174669.0000,298966.0000
2024-01-01,2024,1,Bogota,8,Electrodomesticos y muebles,1,130.0383,-7.9000,8.3496,23.3200,34833.1347,-17.3000,9.2756,25.0400,35736.3028,0,174669.0000,298966.0000
2024-01-01,2024,1,Bogota,9,Articulos y utensilios domesticos,0,144.4750,-7.9000,8.3496,23.3200,34833.1347,-17.3000,9.2756,25.0400,35736.3028,0,174669.0000,298966.0000
2024-01-01,2024,1,Bogota,10,Aseo del hogar,0,121.6676,-7.9000,8.3496,23.3200,34833.1347,-17.3000,9.2756,25.0400,35736.3028,0,174669.0000,298966.0000
2024-01-01,2024,1,Bogota,11,Informatica y telecomunicaciones,0,160.0738,-7.9000,8.3496,23.3200,34833.1347,-17.3000,9.2756,25.0400,35736.3028,0,174669.0000,298966.0000
2024-01-01,2024,1,Bogota,12,Sonido y video,0,110.5576,-7.9000,8.3496,23.3200,34833.1347,-17.3000,9.2756,25.0400,35736.3028,0,174669.0000,298966.0000
2024-01-01,2024,1,Bogota,14,"Ferreteria, vidrios y pinturas",0,101.4711,-7.9000,8.3496,23.3200,34833.1347,-17.3000,9.2756,25.0400,35736.3028,0,174669.0000,298966.0000
2024-01-01,2024,1,Bogota,15,Otras mercancias de uso domestico,0,110.4434,-7.9000,8.3496,23.3200,34833.1347,-17.3000,9.2756,25.0400,35736.3028,0,174669.0000,298966.0000
2024-01-01,2024,1,Cundinamarca,4,Prendas de vestir y textiles,0,109.7275,-7.9000,8.3496,23.3200,34833.1347,-17.3000,9.2756,25.0400,35736.3028,0,66025.0000,675151.0000
2024-01-01,2024,1,Cundinamarca,8,Electrodomesticos y muebles,1,137.9271,-7.9000,8.3496,23.3200,34833.1347,-17.3000,9.2756,25.0400,35736.3028,0,66025.0000,675151.0000
2024-01-01,2024,1,Cundinamarca,9,Articulos y utensilios domesticos,0,164.1209,-7.9000,8.3496,23.3200,34833.1347,-17.3000,9.2756,25.0400,35736.3028,0,66025.0000,675151.0000
2024-01-01,2024,1,Cundinamarca,10,Aseo del hogar,0,164.8762,-7.9000,8.3496,23.3200,34833.1347,-17.3000,9.2756,25.0400,35736.3028,0,66025.0000,675151.0000
2024-01-01,2024,1,Cundinamarca,11,Informatica y telecomunicaciones,0,196.8264,-7.9000,8.3496,23.3200,34833.1347,-17.3000,9.2756,25.0400,35736.3028,0,66025.0000,675151.0000
2024-01-01,2024,1,Cundinamarca,12,Sonido y video,0,129.6426,-7.9000,8.3496,23.3200,34833.1347,-17.3000,9.2756,25.0400,35736.3028,0,66025.0000,675151.0000
2024-01-01,2024,1,Cundinamarca,14,"Ferreteria, vidrios y pinturas",0,131.7815,-7.9000,8.3496,23.3200,34833.1347,-17.3000,9.2756,25.0400,35736.3028,0,66025.0000,675151.0000
2024-01-01,2024,1,Cundinamarca,15,Otras mercancias de uso domestico,0,125.9322,-7.9000,8.3496,23.3200,34833.1347,-17.3000,9.2756,25.0400,35736.3028,0,66025.0000,675151.0000
2024-01-01,2024,1,Santander,4,Prendas de vestir y textiles,0,75.9563,-7.9000,8.3496,23.3200,34833.1347,-17.3000,9.2756,25.0400,35736.3028,0,65002.0000,290782.0000
2024-01-01,2024,1,Santander,8,Electrodomesticos y muebles,1,96.7303,-7.9000,8.3496,23.3200,34833.1347,-17.3000,9.2756,25.0400,35736.3028,0,65002.0000,290782.0000
2024-01-01,2024,1,Santander,9,Articulos y utensilios domesticos,0,125.1654,-7.9000,8.3496,23.3200,34833.1347,-17.3000,9.2756,25.0400,35736.3028,0,65002.0000,290782.0000
2024-01-01,2024,1,Santander,10,Aseo del hogar,0,141.5769,-7.9000,8.3496,23.3200,34833.1347,-17.3000,9.2756,25.0400,35736.3028,0,65002.0000,290782.0000
2024-01-01,2024,1,Santander,11,Informatica y telecomunicaciones,0,142.0019,-7.9000,8.3496,23.3200,34833.1347,-17.3000,9.2756,25.0400,35736.3028,0,65002.0000,290782.0000
2024-01-01,2024,1,Santander,12,Sonido y video,0,89.1137,-7.9000,8.3496,23.3200,34833.1347,-17.3000,9.2756,25.0400,35736.3028,0,65002.0000,290782.0000
2024-01-01,2024,1,Santander,14,"Ferreteria, vidrios y pinturas",0,103.0003,-7.9000,8.3496,23.3200,34833.1347,-17.3000,9.2756,25.0400,35736.3028,0,65002.0000,290782.0000
2024-01-01,2024,1,Santander,15,Otras mercancias de uso domestico,0,93.0759,-7.9000,8.3496,23.3200,34833.1347,-17.3000,9.2756,25.0400,35736.3028,0,65002.0000,290782.0000
2024-01-01,2024,1,Valle del Cauca,4,Prendas de vestir y textiles,0,77.6495,-7.9000,8.3496,23.3200,34833.1347,-17.3000,9.2756,25.0400,35736.3028,0,128359.0000,356878.0000
2024-01-01,2024,1,Valle del Cauca,8,Electrodomesticos y muebles,1,116.6683,-7.9000,8.3496,23.3200,34833.1347,-17.3000,9.2756,25.0400,35736.3028,0,128359.0000,356878.0000
2024-01-01,2024,1,Valle del Cauca,9,Articulos y utensilios domesticos,0,127.6388,-7.9000,8.3496,23.3200,34833.1347,-17.3000,9.2756,25.0400,35736.3028,0,128359.0000,356878.0000
2024-01-01,2024,1,Valle del Cauca,10,Aseo del hogar,0,120.7059,-7.9000,8.3496,23.3200,34833.1347,-17.3000,9.2756,25.0400,35736.3028,0,128359.0000,356878.0000
2024-01-01,2024,1,Valle del Cauca,11,Informatica y telecomunicaciones,0,134.9497,-7.9000,8.3496,23.3200,34833.1347,-17.3000,9.2756,25.0400,35736.3028,0,128359.0000,356878.0000
2024-01-01,2024,1,Valle del Cauca,12,Sonido y video,0,87.4594,-7.9000,8.3496,23.3200,34833.1347,-17.3000,9.2756,25.0400,35736.3028,0,128359.0000,356878.0000
2024-01-01,2024,1,Valle del Cauca,14,"Ferreteria, vidrios y pinturas",0,91.9481,-7.9000,8.3496,23.3200,34833.1347,-17.3000,9.2756,25.0400,35736.3028,0,128359.0000,356878.0000
2024-01-01,2024,1,Valle del Cauca,15,Otras mercancias de uso domestico,0,81.1617,-7.9000,8.3496,23.3200,34833.1347,-17.3000,9.2756,25.0400,35736.3028,0,128359.0000,356878.0000
2024-01-01,2024,1,Otros departamentos,4,Prendas de vestir y textiles,0,83.5808,-7.9000,8.3496,23.3200,34833.1347,-17.3000,9.2756,25.0400,35736.3028,0,452656.0000,964386.0000
2024-01-01,2024,1,Otros departamentos,8,Electrodomesticos y muebles,1,123.8150,-7.9000,8.3496,23.3200,34833.1347,-17.3000,9.2756,25.0400,35736.3028,0,452656.0000,964386.0000
2024-01-01,2024,1,Otros departamentos,9,Articulos y utensilios domesticos,0,137.4102,-7.9000,8.3496,23.3200,34833.1347,-17.3000,9.2756,25.0400,35736.3028,0,452656.0000,964386.0000
2024-01-01,2024,1,Otros departamentos,10,Aseo del hogar,0,118.1487,-7.9000,8.3496,23.3200,34833.1347,-17.3000,9.2756,25.0400,35736.3028,0,452656.0000,964386.0000
2024-01-01,2024,1,Otros departamentos,11,Informatica y telecomunicaciones,0,150.1383,-7.9000,8.3496,23.3200,34833.1347,-17.3000,9.2756,25.0400,35736.3028,0,452656.0000,964386.0000
2024-01-01,2024,1,Otros departamentos,12,Sonido y video,0,99.1561,-7.9000,8.3496,23.3200,34833.1347,-17.3000,9.2756,25.0400,35736.3028,0,452656.0000,964386.0000
2024-01-01,2024,1,Otros departamentos,14,"Ferreteria, vidrios y pinturas",0,97.8054,-7.9000,8.3496,23.3200,34833.1347,-17.3000,9.2756,25.0400,35736.3028,0,452656.0000,964386.0000
2024-01-01,2024,1,Otros departamentos,15,Otras mercancias de uso domestico,0,105.2459,-7.9000,8.3496,23.3200,34833.1347,-17.3000,9.2756,25.0400,35736.3028,0,452656.0000,964386.0000
2024-02-01,2024,2,Antioquia,4,Prendas de vestir y textiles,0,71.3437,-9.4000,7.7377,23.3100,32558.6629,-7.9000,8.3496,23.3200,34833.1347,0,138824.0000,259205.0000
2024-02-01,2024,2,Antioquia,8,Electrodomesticos y muebles,1,103.9488,-9.4000,7.7377,23.3100,32558.6629,-7.9000,8.3496,23.3200,34833.1347,0,138824.0000,259205.0000
2024-02-01,2024,2,Antioquia,9,Articulos y utensilios domesticos,0,118.4170,-9.4000,7.7377,23.3100,32558.6629,-7.9000,8.3496,23.3200,34833.1347,0,138824.0000,259205.0000
2024-02-01,2024,2,Antioquia,10,Aseo del hogar,0,114.8027,-9.4000,7.7377,23.3100,32558.6629,-7.9000,8.3496,23.3200,34833.1347,0,138824.0000,259205.0000
2024-02-01,2024,2,Antioquia,11,Informatica y telecomunicaciones,0,142.9957,-9.4000,7.7377,23.3100,32558.6629,-7.9000,8.3496,23.3200,34833.1347,0,138824.0000,259205.0000
2024-02-01,2024,2,Antioquia,12,Sonido y video,0,101.2346,-9.4000,7.7377,23.3100,32558.6629,-7.9000,8.3496,23.3200,34833.1347,0,138824.0000,259205.0000
2024-02-01,2024,2,Antioquia,14,"Ferreteria, vidrios y pinturas",0,102.5455,-9.4000,7.7377,23.3100,32558.6629,-7.9000,8.3496,23.3200,34833.1347,0,138824.0000,259205.0000
2024-02-01,2024,2,Antioquia,15,Otras mercancias de uso domestico,0,94.6479,-9.4000,7.7377,23.3100,32558.6629,-7.9000,8.3496,23.3200,34833.1347,0,138824.0000,259205.0000
2024-02-01,2024,2,Atlantico,4,Prendas de vestir y textiles,0,66.8595,-9.4000,7.7377,23.3100,32558.6629,-7.9000,8.3496,23.3200,34833.1347,0,18091.0000,19569.0000
2024-02-01,2024,2,Atlantico,8,Electrodomesticos y muebles,1,89.0185,-9.4000,7.7377,23.3100,32558.6629,-7.9000,8.3496,23.3200,34833.1347,0,18091.0000,19569.0000
2024-02-01,2024,2,Atlantico,9,Articulos y utensilios domesticos,0,105.9425,-9.4000,7.7377,23.3100,32558.6629,-7.9000,8.3496,23.3200,34833.1347,0,18091.0000,19569.0000
2024-02-01,2024,2,Atlantico,10,Aseo del hogar,0,101.0982,-9.4000,7.7377,23.3100,32558.6629,-7.9000,8.3496,23.3200,34833.1347,0,18091.0000,19569.0000
2024-02-01,2024,2,Atlantico,11,Informatica y telecomunicaciones,0,154.9015,-9.4000,7.7377,23.3100,32558.6629,-7.9000,8.3496,23.3200,34833.1347,0,18091.0000,19569.0000
2024-02-01,2024,2,Atlantico,12,Sonido y video,0,90.1903,-9.4000,7.7377,23.3100,32558.6629,-7.9000,8.3496,23.3200,34833.1347,0,18091.0000,19569.0000
2024-02-01,2024,2,Atlantico,14,"Ferreteria, vidrios y pinturas",0,99.4399,-9.4000,7.7377,23.3100,32558.6629,-7.9000,8.3496,23.3200,34833.1347,0,18091.0000,19569.0000
2024-02-01,2024,2,Atlantico,15,Otras mercancias de uso domestico,0,97.8535,-9.4000,7.7377,23.3100,32558.6629,-7.9000,8.3496,23.3200,34833.1347,0,18091.0000,19569.0000
2024-02-01,2024,2,Bogota,4,Prendas de vestir y textiles,0,76.7474,-9.4000,7.7377,23.3100,32558.6629,-7.9000,8.3496,23.3200,34833.1347,0,183212.0000,174669.0000
2024-02-01,2024,2,Bogota,8,Electrodomesticos y muebles,1,118.9921,-9.4000,7.7377,23.3100,32558.6629,-7.9000,8.3496,23.3200,34833.1347,0,183212.0000,174669.0000
2024-02-01,2024,2,Bogota,9,Articulos y utensilios domesticos,0,134.0075,-9.4000,7.7377,23.3100,32558.6629,-7.9000,8.3496,23.3200,34833.1347,0,183212.0000,174669.0000
2024-02-01,2024,2,Bogota,10,Aseo del hogar,0,126.8579,-9.4000,7.7377,23.3100,32558.6629,-7.9000,8.3496,23.3200,34833.1347,0,183212.0000,174669.0000
2024-02-01,2024,2,Bogota,11,Informatica y telecomunicaciones,0,175.5696,-9.4000,7.7377,23.3100,32558.6629,-7.9000,8.3496,23.3200,34833.1347,0,183212.0000,174669.0000
2024-02-01,2024,2,Bogota,12,Sonido y video,0,113.9242,-9.4000,7.7377,23.3100,32558.6629,-7.9000,8.3496,23.3200,34833.1347,0,183212.0000,174669.0000
2024-02-01,2024,2,Bogota,14,"Ferreteria, vidrios y pinturas",0,104.0842,-9.4000,7.7377,23.3100,32558.6629,-7.9000,8.3496,23.3200,34833.1347,0,183212.0000,174669.0000
2024-02-01,2024,2,Bogota,15,Otras mercancias de uso domestico,0,100.1644,-9.4000,7.7377,23.3100,32558.6629,-7.9000,8.3496,23.3200,34833.1347,0,183212.0000,174669.0000
2024-02-01,2024,2,Cundinamarca,4,Prendas de vestir y textiles,0,87.2045,-9.4000,7.7377,23.3100,32558.6629,-7.9000,8.3496,23.3200,34833.1347,0,146267.0000,66025.0000
2024-02-01,2024,2,Cundinamarca,8,Electrodomesticos y muebles,1,135.6177,-9.4000,7.7377,23.3100,32558.6629,-7.9000,8.3496,23.3200,34833.1347,0,146267.0000,66025.0000
2024-02-01,2024,2,Cundinamarca,9,Articulos y utensilios domesticos,0,151.2576,-9.4000,7.7377,23.3100,32558.6629,-7.9000,8.3496,23.3200,34833.1347,0,146267.0000,66025.0000
2024-02-01,2024,2,Cundinamarca,10,Aseo del hogar,0,150.5741,-9.4000,7.7377,23.3100,32558.6629,-7.9000,8.3496,23.3200,34833.1347,0,146267.0000,66025.0000
2024-02-01,2024,2,Cundinamarca,11,Informatica y telecomunicaciones,0,207.8359,-9.4000,7.7377,23.3100,32558.6629,-7.9000,8.3496,23.3200,34833.1347,0,146267.0000,66025.0000
2024-02-01,2024,2,Cundinamarca,12,Sonido y video,0,119.6459,-9.4000,7.7377,23.3100,32558.6629,-7.9000,8.3496,23.3200,34833.1347,0,146267.0000,66025.0000
2024-02-01,2024,2,Cundinamarca,14,"Ferreteria, vidrios y pinturas",0,120.8803,-9.4000,7.7377,23.3100,32558.6629,-7.9000,8.3496,23.3200,34833.1347,0,146267.0000,66025.0000
2024-02-01,2024,2,Cundinamarca,15,Otras mercancias de uso domestico,0,119.5671,-9.4000,7.7377,23.3100,32558.6629,-7.9000,8.3496,23.3200,34833.1347,0,146267.0000,66025.0000
2024-02-01,2024,2,Santander,4,Prendas de vestir y textiles,0,72.3827,-9.4000,7.7377,23.3100,32558.6629,-7.9000,8.3496,23.3200,34833.1347,0,70914.0000,65002.0000
2024-02-01,2024,2,Santander,8,Electrodomesticos y muebles,1,90.8811,-9.4000,7.7377,23.3100,32558.6629,-7.9000,8.3496,23.3200,34833.1347,0,70914.0000,65002.0000
2024-02-01,2024,2,Santander,9,Articulos y utensilios domesticos,0,113.3962,-9.4000,7.7377,23.3100,32558.6629,-7.9000,8.3496,23.3200,34833.1347,0,70914.0000,65002.0000
2024-02-01,2024,2,Santander,10,Aseo del hogar,0,148.0493,-9.4000,7.7377,23.3100,32558.6629,-7.9000,8.3496,23.3200,34833.1347,0,70914.0000,65002.0000
2024-02-01,2024,2,Santander,11,Informatica y telecomunicaciones,0,158.8067,-9.4000,7.7377,23.3100,32558.6629,-7.9000,8.3496,23.3200,34833.1347,0,70914.0000,65002.0000
2024-02-01,2024,2,Santander,12,Sonido y video,0,107.7444,-9.4000,7.7377,23.3100,32558.6629,-7.9000,8.3496,23.3200,34833.1347,0,70914.0000,65002.0000
2024-02-01,2024,2,Santander,14,"Ferreteria, vidrios y pinturas",0,103.8025,-9.4000,7.7377,23.3100,32558.6629,-7.9000,8.3496,23.3200,34833.1347,0,70914.0000,65002.0000
2024-02-01,2024,2,Santander,15,Otras mercancias de uso domestico,0,92.9955,-9.4000,7.7377,23.3100,32558.6629,-7.9000,8.3496,23.3200,34833.1347,0,70914.0000,65002.0000
2024-02-01,2024,2,Valle del Cauca,4,Prendas de vestir y textiles,0,62.8306,-9.4000,7.7377,23.3100,32558.6629,-7.9000,8.3496,23.3200,34833.1347,0,77562.0000,128359.0000
2024-02-01,2024,2,Valle del Cauca,8,Electrodomesticos y muebles,1,106.0154,-9.4000,7.7377,23.3100,32558.6629,-7.9000,8.3496,23.3200,34833.1347,0,77562.0000,128359.0000
2024-02-01,2024,2,Valle del Cauca,9,Articulos y utensilios domesticos,0,120.4677,-9.4000,7.7377,23.3100,32558.6629,-7.9000,8.3496,23.3200,34833.1347,0,77562.0000,128359.0000
2024-02-01,2024,2,Valle del Cauca,10,Aseo del hogar,0,106.4178,-9.4000,7.7377,23.3100,32558.6629,-7.9000,8.3496,23.3200,34833.1347,0,77562.0000,128359.0000
2024-02-01,2024,2,Valle del Cauca,11,Informatica y telecomunicaciones,0,142.2566,-9.4000,7.7377,23.3100,32558.6629,-7.9000,8.3496,23.3200,34833.1347,0,77562.0000,128359.0000
2024-02-01,2024,2,Valle del Cauca,12,Sonido y video,0,95.8985,-9.4000,7.7377,23.3100,32558.6629,-7.9000,8.3496,23.3200,34833.1347,0,77562.0000,128359.0000
2024-02-01,2024,2,Valle del Cauca,14,"Ferreteria, vidrios y pinturas",0,90.1236,-9.4000,7.7377,23.3100,32558.6629,-7.9000,8.3496,23.3200,34833.1347,0,77562.0000,128359.0000
2024-02-01,2024,2,Valle del Cauca,15,Otras mercancias de uso domestico,0,77.8347,-9.4000,7.7377,23.3100,32558.6629,-7.9000,8.3496,23.3200,34833.1347,0,77562.0000,128359.0000
2024-02-01,2024,2,Otros departamentos,4,Prendas de vestir y textiles,0,74.1885,-9.4000,7.7377,23.3100,32558.6629,-7.9000,8.3496,23.3200,34833.1347,0,286017.0000,452656.0000
2024-02-01,2024,2,Otros departamentos,8,Electrodomesticos y muebles,1,116.3527,-9.4000,7.7377,23.3100,32558.6629,-7.9000,8.3496,23.3200,34833.1347,0,286017.0000,452656.0000
2024-02-01,2024,2,Otros departamentos,9,Articulos y utensilios domesticos,0,119.4366,-9.4000,7.7377,23.3100,32558.6629,-7.9000,8.3496,23.3200,34833.1347,0,286017.0000,452656.0000
2024-02-01,2024,2,Otros departamentos,10,Aseo del hogar,0,118.2424,-9.4000,7.7377,23.3100,32558.6629,-7.9000,8.3496,23.3200,34833.1347,0,286017.0000,452656.0000
2024-02-01,2024,2,Otros departamentos,11,Informatica y telecomunicaciones,0,151.7217,-9.4000,7.7377,23.3100,32558.6629,-7.9000,8.3496,23.3200,34833.1347,0,286017.0000,452656.0000
2024-02-01,2024,2,Otros departamentos,12,Sonido y video,0,98.0592,-9.4000,7.7377,23.3100,32558.6629,-7.9000,8.3496,23.3200,34833.1347,0,286017.0000,452656.0000
2024-02-01,2024,2,Otros departamentos,14,"Ferreteria, vidrios y pinturas",0,99.5642,-9.4000,7.7377,23.3100,32558.6629,-7.9000,8.3496,23.3200,34833.1347,0,286017.0000,452656.0000
2024-02-01,2024,2,Otros departamentos,15,Otras mercancias de uso domestico,0,98.3222,-9.4000,7.7377,23.3100,32558.6629,-7.9000,8.3496,23.3200,34833.1347,0,286017.0000,452656.0000
2024-03-01,2024,3,Antioquia,4,Prendas de vestir y textiles,0,82.3271,-13.0000,7.3689,22.2000,26706.5149,-9.4000,7.7377,23.3100,32558.6629,0,191218.0000,138824.0000
2024-03-01,2024,3,Antioquia,8,Electrodomesticos y muebles,1,118.3977,-13.0000,7.3689,22.2000,26706.5149,-9.4000,7.7377,23.3100,32558.6629,0,191218.0000,138824.0000
2024-03-01,2024,3,Antioquia,9,Articulos y utensilios domesticos,0,120.7658,-13.0000,7.3689,22.2000,26706.5149,-9.4000,7.7377,23.3100,32558.6629,0,191218.0000,138824.0000
2024-03-01,2024,3,Antioquia,10,Aseo del hogar,0,130.1489,-13.0000,7.3689,22.2000,26706.5149,-9.4000,7.7377,23.3100,32558.6629,0,191218.0000,138824.0000
2024-03-01,2024,3,Antioquia,11,Informatica y telecomunicaciones,0,137.0570,-13.0000,7.3689,22.2000,26706.5149,-9.4000,7.7377,23.3100,32558.6629,0,191218.0000,138824.0000
2024-03-01,2024,3,Antioquia,12,Sonido y video,0,108.5230,-13.0000,7.3689,22.2000,26706.5149,-9.4000,7.7377,23.3100,32558.6629,0,191218.0000,138824.0000
2024-03-01,2024,3,Antioquia,14,"Ferreteria, vidrios y pinturas",0,88.8039,-13.0000,7.3689,22.2000,26706.5149,-9.4000,7.7377,23.3100,32558.6629,0,191218.0000,138824.0000
2024-03-01,2024,3,Antioquia,15,Otras mercancias de uso domestico,0,109.2022,-13.0000,7.3689,22.2000,26706.5149,-9.4000,7.7377,23.3100,32558.6629,0,191218.0000,138824.0000
2024-03-01,2024,3,Atlantico,4,Prendas de vestir y textiles,0,70.5404,-13.0000,7.3689,22.2000,26706.5149,-9.4000,7.7377,23.3100,32558.6629,0,8124.0000,18091.0000
2024-03-01,2024,3,Atlantico,8,Electrodomesticos y muebles,1,105.0179,-13.0000,7.3689,22.2000,26706.5149,-9.4000,7.7377,23.3100,32558.6629,0,8124.0000,18091.0000
2024-03-01,2024,3,Atlantico,9,Articulos y utensilios domesticos,0,122.7024,-13.0000,7.3689,22.2000,26706.5149,-9.4000,7.7377,23.3100,32558.6629,0,8124.0000,18091.0000
2024-03-01,2024,3,Atlantico,10,Aseo del hogar,0,120.5275,-13.0000,7.3689,22.2000,26706.5149,-9.4000,7.7377,23.3100,32558.6629,0,8124.0000,18091.0000
2024-03-01,2024,3,Atlantico,11,Informatica y telecomunicaciones,0,135.4608,-13.0000,7.3689,22.2000,26706.5149,-9.4000,7.7377,23.3100,32558.6629,0,8124.0000,18091.0000
2024-03-01,2024,3,Atlantico,12,Sonido y video,0,101.7230,-13.0000,7.3689,22.2000,26706.5149,-9.4000,7.7377,23.3100,32558.6629,0,8124.0000,18091.0000
2024-03-01,2024,3,Atlantico,14,"Ferreteria, vidrios y pinturas",0,85.4699,-13.0000,7.3689,22.2000,26706.5149,-9.4000,7.7377,23.3100,32558.6629,0,8124.0000,18091.0000
2024-03-01,2024,3,Atlantico,15,Otras mercancias de uso domestico,0,95.0258,-13.0000,7.3689,22.2000,26706.5149,-9.4000,7.7377,23.3100,32558.6629,0,8124.0000,18091.0000
2024-03-01,2024,3,Bogota,4,Prendas de vestir y textiles,0,92.7378,-13.0000,7.3689,22.2000,26706.5149,-9.4000,7.7377,23.3100,32558.6629,0,176639.0000,183212.0000
2024-03-01,2024,3,Bogota,8,Electrodomesticos y muebles,1,147.1574,-13.0000,7.3689,22.2000,26706.5149,-9.4000,7.7377,23.3100,32558.6629,0,176639.0000,183212.0000
2024-03-01,2024,3,Bogota,9,Articulos y utensilios domesticos,0,146.7552,-13.0000,7.3689,22.2000,26706.5149,-9.4000,7.7377,23.3100,32558.6629,0,176639.0000,183212.0000
2024-03-01,2024,3,Bogota,10,Aseo del hogar,0,133.0253,-13.0000,7.3689,22.2000,26706.5149,-9.4000,7.7377,23.3100,32558.6629,0,176639.0000,183212.0000
2024-03-01,2024,3,Bogota,11,Informatica y telecomunicaciones,0,185.0599,-13.0000,7.3689,22.2000,26706.5149,-9.4000,7.7377,23.3100,32558.6629,0,176639.0000,183212.0000
2024-03-01,2024,3,Bogota,12,Sonido y video,0,111.7538,-13.0000,7.3689,22.2000,26706.5149,-9.4000,7.7377,23.3100,32558.6629,0,176639.0000,183212.0000
2024-03-01,2024,3,Bogota,14,"Ferreteria, vidrios y pinturas",0,98.0038,-13.0000,7.3689,22.2000,26706.5149,-9.4000,7.7377,23.3100,32558.6629,0,176639.0000,183212.0000
2024-03-01,2024,3,Bogota,15,Otras mercancias de uso domestico,0,108.3176,-13.0000,7.3689,22.2000,26706.5149,-9.4000,7.7377,23.3100,32558.6629,0,176639.0000,183212.0000
2024-03-01,2024,3,Cundinamarca,4,Prendas de vestir y textiles,0,108.8480,-13.0000,7.3689,22.2000,26706.5149,-9.4000,7.7377,23.3100,32558.6629,0,70385.0000,146267.0000
2024-03-01,2024,3,Cundinamarca,8,Electrodomesticos y muebles,1,158.0045,-13.0000,7.3689,22.2000,26706.5149,-9.4000,7.7377,23.3100,32558.6629,0,70385.0000,146267.0000
2024-03-01,2024,3,Cundinamarca,9,Articulos y utensilios domesticos,0,162.8305,-13.0000,7.3689,22.2000,26706.5149,-9.4000,7.7377,23.3100,32558.6629,0,70385.0000,146267.0000
2024-03-01,2024,3,Cundinamarca,10,Aseo del hogar,0,163.4372,-13.0000,7.3689,22.2000,26706.5149,-9.4000,7.7377,23.3100,32558.6629,0,70385.0000,146267.0000
2024-03-01,2024,3,Cundinamarca,11,Informatica y telecomunicaciones,0,211.9762,-13.0000,7.3689,22.2000,26706.5149,-9.4000,7.7377,23.3100,32558.6629,0,70385.0000,146267.0000
2024-03-01,2024,3,Cundinamarca,12,Sonido y video,0,144.6604,-13.0000,7.3689,22.2000,26706.5149,-9.4000,7.7377,23.3100,32558.6629,0,70385.0000,146267.0000
2024-03-01,2024,3,Cundinamarca,14,"Ferreteria, vidrios y pinturas",0,121.2783,-13.0000,7.3689,22.2000,26706.5149,-9.4000,7.7377,23.3100,32558.6629,0,70385.0000,146267.0000
2024-03-01,2024,3,Cundinamarca,15,Otras mercancias de uso domestico,0,133.5284,-13.0000,7.3689,22.2000,26706.5149,-9.4000,7.7377,23.3100,32558.6629,0,70385.0000,146267.0000
2024-03-01,2024,3,Santander,4,Prendas de vestir y textiles,0,84.7128,-13.0000,7.3689,22.2000,26706.5149,-9.4000,7.7377,23.3100,32558.6629,0,73806.0000,70914.0000
2024-03-01,2024,3,Santander,8,Electrodomesticos y muebles,1,112.5105,-13.0000,7.3689,22.2000,26706.5149,-9.4000,7.7377,23.3100,32558.6629,0,73806.0000,70914.0000
2024-03-01,2024,3,Santander,9,Articulos y utensilios domesticos,0,114.3898,-13.0000,7.3689,22.2000,26706.5149,-9.4000,7.7377,23.3100,32558.6629,0,73806.0000,70914.0000
2024-03-01,2024,3,Santander,10,Aseo del hogar,0,139.1727,-13.0000,7.3689,22.2000,26706.5149,-9.4000,7.7377,23.3100,32558.6629,0,73806.0000,70914.0000
2024-03-01,2024,3,Santander,11,Informatica y telecomunicaciones,0,164.3214,-13.0000,7.3689,22.2000,26706.5149,-9.4000,7.7377,23.3100,32558.6629,0,73806.0000,70914.0000
2024-03-01,2024,3,Santander,12,Sonido y video,0,105.9002,-13.0000,7.3689,22.2000,26706.5149,-9.4000,7.7377,23.3100,32558.6629,0,73806.0000,70914.0000
2024-03-01,2024,3,Santander,14,"Ferreteria, vidrios y pinturas",0,103.7907,-13.0000,7.3689,22.2000,26706.5149,-9.4000,7.7377,23.3100,32558.6629,0,73806.0000,70914.0000
2024-03-01,2024,3,Santander,15,Otras mercancias de uso domestico,0,92.5199,-13.0000,7.3689,22.2000,26706.5149,-9.4000,7.7377,23.3100,32558.6629,0,73806.0000,70914.0000
2024-03-01,2024,3,Valle del Cauca,4,Prendas de vestir y textiles,0,74.3778,-13.0000,7.3689,22.2000,26706.5149,-9.4000,7.7377,23.3100,32558.6629,0,54486.0000,77562.0000
2024-03-01,2024,3,Valle del Cauca,8,Electrodomesticos y muebles,1,111.3453,-13.0000,7.3689,22.2000,26706.5149,-9.4000,7.7377,23.3100,32558.6629,0,54486.0000,77562.0000
2024-03-01,2024,3,Valle del Cauca,9,Articulos y utensilios domesticos,0,137.8565,-13.0000,7.3689,22.2000,26706.5149,-9.4000,7.7377,23.3100,32558.6629,0,54486.0000,77562.0000
2024-03-01,2024,3,Valle del Cauca,10,Aseo del hogar,0,110.9850,-13.0000,7.3689,22.2000,26706.5149,-9.4000,7.7377,23.3100,32558.6629,0,54486.0000,77562.0000
2024-03-01,2024,3,Valle del Cauca,11,Informatica y telecomunicaciones,0,139.6754,-13.0000,7.3689,22.2000,26706.5149,-9.4000,7.7377,23.3100,32558.6629,0,54486.0000,77562.0000
2024-03-01,2024,3,Valle del Cauca,12,Sonido y video,0,102.5398,-13.0000,7.3689,22.2000,26706.5149,-9.4000,7.7377,23.3100,32558.6629,0,54486.0000,77562.0000
2024-03-01,2024,3,Valle del Cauca,14,"Ferreteria, vidrios y pinturas",0,86.3602,-13.0000,7.3689,22.2000,26706.5149,-9.4000,7.7377,23.3100,32558.6629,0,54486.0000,77562.0000
2024-03-01,2024,3,Valle del Cauca,15,Otras mercancias de uso domestico,0,87.6972,-13.0000,7.3689,22.2000,26706.5149,-9.4000,7.7377,23.3100,32558.6629,0,54486.0000,77562.0000
2024-03-01,2024,3,Otros departamentos,4,Prendas de vestir y textiles,0,86.7529,-13.0000,7.3689,22.2000,26706.5149,-9.4000,7.7377,23.3100,32558.6629,0,362747.0000,286017.0000
2024-03-01,2024,3,Otros departamentos,8,Electrodomesticos y muebles,1,106.3085,-13.0000,7.3689,22.2000,26706.5149,-9.4000,7.7377,23.3100,32558.6629,0,362747.0000,286017.0000
2024-03-01,2024,3,Otros departamentos,9,Articulos y utensilios domesticos,0,126.9814,-13.0000,7.3689,22.2000,26706.5149,-9.4000,7.7377,23.3100,32558.6629,0,362747.0000,286017.0000
2024-03-01,2024,3,Otros departamentos,10,Aseo del hogar,0,126.9898,-13.0000,7.3689,22.2000,26706.5149,-9.4000,7.7377,23.3100,32558.6629,0,362747.0000,286017.0000
2024-03-01,2024,3,Otros departamentos,11,Informatica y telecomunicaciones,0,165.0892,-13.0000,7.3689,22.2000,26706.5149,-9.4000,7.7377,23.3100,32558.6629,0,362747.0000,286017.0000
2024-03-01,2024,3,Otros departamentos,12,Sonido y video,0,119.1040,-13.0000,7.3689,22.2000,26706.5149,-9.4000,7.7377,23.3100,32558.6629,0,362747.0000,286017.0000
2024-03-01,2024,3,Otros departamentos,14,"Ferreteria, vidrios y pinturas",0,94.1361,-13.0000,7.3689,22.2000,26706.5149,-9.4000,7.7377,23.3100,32558.6629,0,362747.0000,286017.0000
2024-03-01,2024,3,Otros departamentos,15,Otras mercancias de uso domestico,0,112.2240,-13.0000,7.3689,22.2000,26706.5149,-9.4000,7.7377,23.3100,32558.6629,0,362747.0000,286017.0000
2024-04-01,2024,4,Antioquia,4,Prendas de vestir y textiles,0,69.4211,-11.4000,7.1687,22.0600,38078.2561,-13.0000,7.3689,22.2000,26706.5149,0,107290.0000,191218.0000
2024-04-01,2024,4,Antioquia,8,Electrodomesticos y muebles,1,108.0619,-11.4000,7.1687,22.0600,38078.2561,-13.0000,7.3689,22.2000,26706.5149,0,107290.0000,191218.0000
2024-04-01,2024,4,Antioquia,9,Articulos y utensilios domesticos,0,110.1351,-11.4000,7.1687,22.0600,38078.2561,-13.0000,7.3689,22.2000,26706.5149,0,107290.0000,191218.0000
2024-04-01,2024,4,Antioquia,10,Aseo del hogar,0,118.3513,-11.4000,7.1687,22.0600,38078.2561,-13.0000,7.3689,22.2000,26706.5149,0,107290.0000,191218.0000
2024-04-01,2024,4,Antioquia,11,Informatica y telecomunicaciones,0,145.8059,-11.4000,7.1687,22.0600,38078.2561,-13.0000,7.3689,22.2000,26706.5149,0,107290.0000,191218.0000
2024-04-01,2024,4,Antioquia,12,Sonido y video,0,107.6793,-11.4000,7.1687,22.0600,38078.2561,-13.0000,7.3689,22.2000,26706.5149,0,107290.0000,191218.0000
2024-04-01,2024,4,Antioquia,14,"Ferreteria, vidrios y pinturas",0,99.2304,-11.4000,7.1687,22.0600,38078.2561,-13.0000,7.3689,22.2000,26706.5149,0,107290.0000,191218.0000
2024-04-01,2024,4,Antioquia,15,Otras mercancias de uso domestico,0,108.8114,-11.4000,7.1687,22.0600,38078.2561,-13.0000,7.3689,22.2000,26706.5149,0,107290.0000,191218.0000
2024-04-01,2024,4,Atlantico,4,Prendas de vestir y textiles,0,57.7629,-11.4000,7.1687,22.0600,38078.2561,-13.0000,7.3689,22.2000,26706.5149,0,21932.0000,8124.0000
2024-04-01,2024,4,Atlantico,8,Electrodomesticos y muebles,1,91.4294,-11.4000,7.1687,22.0600,38078.2561,-13.0000,7.3689,22.2000,26706.5149,0,21932.0000,8124.0000
2024-04-01,2024,4,Atlantico,9,Articulos y utensilios domesticos,0,99.0768,-11.4000,7.1687,22.0600,38078.2561,-13.0000,7.3689,22.2000,26706.5149,0,21932.0000,8124.0000
2024-04-01,2024,4,Atlantico,10,Aseo del hogar,0,109.4691,-11.4000,7.1687,22.0600,38078.2561,-13.0000,7.3689,22.2000,26706.5149,0,21932.0000,8124.0000
2024-04-01,2024,4,Atlantico,11,Informatica y telecomunicaciones,0,132.5394,-11.4000,7.1687,22.0600,38078.2561,-13.0000,7.3689,22.2000,26706.5149,0,21932.0000,8124.0000
2024-04-01,2024,4,Atlantico,12,Sonido y video,0,88.9482,-11.4000,7.1687,22.0600,38078.2561,-13.0000,7.3689,22.2000,26706.5149,0,21932.0000,8124.0000
2024-04-01,2024,4,Atlantico,14,"Ferreteria, vidrios y pinturas",0,87.1381,-11.4000,7.1687,22.0600,38078.2561,-13.0000,7.3689,22.2000,26706.5149,0,21932.0000,8124.0000
2024-04-01,2024,4,Atlantico,15,Otras mercancias de uso domestico,0,79.0509,-11.4000,7.1687,22.0600,38078.2561,-13.0000,7.3689,22.2000,26706.5149,0,21932.0000,8124.0000
2024-04-01,2024,4,Bogota,4,Prendas de vestir y textiles,0,84.0881,-11.4000,7.1687,22.0600,38078.2561,-13.0000,7.3689,22.2000,26706.5149,0,333492.0000,176639.0000
2024-04-01,2024,4,Bogota,8,Electrodomesticos y muebles,1,131.1604,-11.4000,7.1687,22.0600,38078.2561,-13.0000,7.3689,22.2000,26706.5149,0,333492.0000,176639.0000
2024-04-01,2024,4,Bogota,9,Articulos y utensilios domesticos,0,124.8689,-11.4000,7.1687,22.0600,38078.2561,-13.0000,7.3689,22.2000,26706.5149,0,333492.0000,176639.0000
2024-04-01,2024,4,Bogota,10,Aseo del hogar,0,116.6976,-11.4000,7.1687,22.0600,38078.2561,-13.0000,7.3689,22.2000,26706.5149,0,333492.0000,176639.0000
2024-04-01,2024,4,Bogota,11,Informatica y telecomunicaciones,0,183.1021,-11.4000,7.1687,22.0600,38078.2561,-13.0000,7.3689,22.2000,26706.5149,0,333492.0000,176639.0000
2024-04-01,2024,4,Bogota,12,Sonido y video,0,100.3867,-11.4000,7.1687,22.0600,38078.2561,-13.0000,7.3689,22.2000,26706.5149,0,333492.0000,176639.0000
2024-04-01,2024,4,Bogota,14,"Ferreteria, vidrios y pinturas",0,104.4131,-11.4000,7.1687,22.0600,38078.2561,-13.0000,7.3689,22.2000,26706.5149,0,333492.0000,176639.0000
2024-04-01,2024,4,Bogota,15,Otras mercancias de uso domestico,0,103.6813,-11.4000,7.1687,22.0600,38078.2561,-13.0000,7.3689,22.2000,26706.5149,0,333492.0000,176639.0000
2024-04-01,2024,4,Cundinamarca,4,Prendas de vestir y textiles,0,88.8386,-11.4000,7.1687,22.0600,38078.2561,-13.0000,7.3689,22.2000,26706.5149,0,176883.0000,70385.0000
2024-04-01,2024,4,Cundinamarca,8,Electrodomesticos y muebles,1,126.5669,-11.4000,7.1687,22.0600,38078.2561,-13.0000,7.3689,22.2000,26706.5149,0,176883.0000,70385.0000
2024-04-01,2024,4,Cundinamarca,9,Articulos y utensilios domesticos,0,141.2347,-11.4000,7.1687,22.0600,38078.2561,-13.0000,7.3689,22.2000,26706.5149,0,176883.0000,70385.0000
2024-04-01,2024,4,Cundinamarca,10,Aseo del hogar,0,164.3348,-11.4000,7.1687,22.0600,38078.2561,-13.0000,7.3689,22.2000,26706.5149,0,176883.0000,70385.0000
2024-04-01,2024,4,Cundinamarca,11,Informatica y telecomunicaciones,0,200.1263,-11.4000,7.1687,22.0600,38078.2561,-13.0000,7.3689,22.2000,26706.5149,0,176883.0000,70385.0000
2024-04-01,2024,4,Cundinamarca,12,Sonido y video,0,115.2310,-11.4000,7.1687,22.0600,38078.2561,-13.0000,7.3689,22.2000,26706.5149,0,176883.0000,70385.0000
2024-04-01,2024,4,Cundinamarca,14,"Ferreteria, vidrios y pinturas",0,115.6169,-11.4000,7.1687,22.0600,38078.2561,-13.0000,7.3689,22.2000,26706.5149,0,176883.0000,70385.0000
2024-04-01,2024,4,Cundinamarca,15,Otras mercancias de uso domestico,0,118.7745,-11.4000,7.1687,22.0600,38078.2561,-13.0000,7.3689,22.2000,26706.5149,0,176883.0000,70385.0000
2024-04-01,2024,4,Santander,4,Prendas de vestir y textiles,0,71.0044,-11.4000,7.1687,22.0600,38078.2561,-13.0000,7.3689,22.2000,26706.5149,0,106818.0000,73806.0000
2024-04-01,2024,4,Santander,8,Electrodomesticos y muebles,1,92.6301,-11.4000,7.1687,22.0600,38078.2561,-13.0000,7.3689,22.2000,26706.5149,0,106818.0000,73806.0000
2024-04-01,2024,4,Santander,9,Articulos y utensilios domesticos,0,114.8679,-11.4000,7.1687,22.0600,38078.2561,-13.0000,7.3689,22.2000,26706.5149,0,106818.0000,73806.0000
2024-04-01,2024,4,Santander,10,Aseo del hogar,0,137.7617,-11.4000,7.1687,22.0600,38078.2561,-13.0000,7.3689,22.2000,26706.5149,0,106818.0000,73806.0000
2024-04-01,2024,4,Santander,11,Informatica y telecomunicaciones,0,162.0461,-11.4000,7.1687,22.0600,38078.2561,-13.0000,7.3689,22.2000,26706.5149,0,106818.0000,73806.0000
2024-04-01,2024,4,Santander,12,Sonido y video,0,100.4307,-11.4000,7.1687,22.0600,38078.2561,-13.0000,7.3689,22.2000,26706.5149,0,106818.0000,73806.0000
2024-04-01,2024,4,Santander,14,"Ferreteria, vidrios y pinturas",0,109.7694,-11.4000,7.1687,22.0600,38078.2561,-13.0000,7.3689,22.2000,26706.5149,0,106818.0000,73806.0000
2024-04-01,2024,4,Santander,15,Otras mercancias de uso domestico,0,94.3540,-11.4000,7.1687,22.0600,38078.2561,-13.0000,7.3689,22.2000,26706.5149,0,106818.0000,73806.0000
2024-04-01,2024,4,Valle del Cauca,4,Prendas de vestir y textiles,0,66.8171,-11.4000,7.1687,22.0600,38078.2561,-13.0000,7.3689,22.2000,26706.5149,0,99843.0000,54486.0000
2024-04-01,2024,4,Valle del Cauca,8,Electrodomesticos y muebles,1,80.1661,-11.4000,7.1687,22.0600,38078.2561,-13.0000,7.3689,22.2000,26706.5149,0,99843.0000,54486.0000
2024-04-01,2024,4,Valle del Cauca,9,Articulos y utensilios domesticos,0,112.9397,-11.4000,7.1687,22.0600,38078.2561,-13.0000,7.3689,22.2000,26706.5149,0,99843.0000,54486.0000
2024-04-01,2024,4,Valle del Cauca,10,Aseo del hogar,0,110.0101,-11.4000,7.1687,22.0600,38078.2561,-13.0000,7.3689,22.2000,26706.5149,0,99843.0000,54486.0000
2024-04-01,2024,4,Valle del Cauca,11,Informatica y telecomunicaciones,0,135.3925,-11.4000,7.1687,22.0600,38078.2561,-13.0000,7.3689,22.2000,26706.5149,0,99843.0000,54486.0000
2024-04-01,2024,4,Valle del Cauca,12,Sonido y video,0,89.6463,-11.4000,7.1687,22.0600,38078.2561,-13.0000,7.3689,22.2000,26706.5149,0,99843.0000,54486.0000
2024-04-01,2024,4,Valle del Cauca,14,"Ferreteria, vidrios y pinturas",0,93.6669,-11.4000,7.1687,22.0600,38078.2561,-13.0000,7.3689,22.2000,26706.5149,0,99843.0000,54486.0000
2024-04-01,2024,4,Valle del Cauca,15,Otras mercancias de uso domestico,0,81.9326,-11.4000,7.1687,22.0600,38078.2561,-13.0000,7.3689,22.2000,26706.5149,0,99843.0000,54486.0000
2024-04-01,2024,4,Otros departamentos,4,Prendas de vestir y textiles,0,84.7309,-11.4000,7.1687,22.0600,38078.2561,-13.0000,7.3689,22.2000,26706.5149,0,537462.0000,362747.0000
2024-04-01,2024,4,Otros departamentos,8,Electrodomesticos y muebles,1,105.6321,-11.4000,7.1687,22.0600,38078.2561,-13.0000,7.3689,22.2000,26706.5149,0,537462.0000,362747.0000
2024-04-01,2024,4,Otros departamentos,9,Articulos y utensilios domesticos,0,118.9829,-11.4000,7.1687,22.0600,38078.2561,-13.0000,7.3689,22.2000,26706.5149,0,537462.0000,362747.0000
2024-04-01,2024,4,Otros departamentos,10,Aseo del hogar,0,125.9527,-11.4000,7.1687,22.0600,38078.2561,-13.0000,7.3689,22.2000,26706.5149,0,537462.0000,362747.0000
2024-04-01,2024,4,Otros departamentos,11,Informatica y telecomunicaciones,0,143.5157,-11.4000,7.1687,22.0600,38078.2561,-13.0000,7.3689,22.2000,26706.5149,0,537462.0000,362747.0000
2024-04-01,2024,4,Otros departamentos,12,Sonido y video,0,105.6369,-11.4000,7.1687,22.0600,38078.2561,-13.0000,7.3689,22.2000,26706.5149,0,537462.0000,362747.0000
2024-04-01,2024,4,Otros departamentos,14,"Ferreteria, vidrios y pinturas",0,96.3755,-11.4000,7.1687,22.0600,38078.2561,-13.0000,7.3689,22.2000,26706.5149,0,537462.0000,362747.0000
2024-04-01,2024,4,Otros departamentos,15,Otras mercancias de uso domestico,0,105.2480,-11.4000,7.1687,22.0600,38078.2561,-13.0000,7.3689,22.2000,26706.5149,0,537462.0000,362747.0000
2024-05-01,2024,5,Antioquia,4,Prendas de vestir y textiles,0,86.9758,-14.1000,7.1525,21.0200,34758.4130,-11.4000,7.1687,22.0600,38078.2561,0,304116.0000,107290.0000
2024-05-01,2024,5,Antioquia,8,Electrodomesticos y muebles,1,125.3064,-14.1000,7.1525,21.0200,34758.4130,-11.4000,7.1687,22.0600,38078.2561,0,304116.0000,107290.0000
2024-05-01,2024,5,Antioquia,9,Articulos y utensilios domesticos,0,125.1511,-14.1000,7.1525,21.0200,34758.4130,-11.4000,7.1687,22.0600,38078.2561,0,304116.0000,107290.0000
2024-05-01,2024,5,Antioquia,10,Aseo del hogar,0,128.2083,-14.1000,7.1525,21.0200,34758.4130,-11.4000,7.1687,22.0600,38078.2561,0,304116.0000,107290.0000
2024-05-01,2024,5,Antioquia,11,Informatica y telecomunicaciones,0,190.0459,-14.1000,7.1525,21.0200,34758.4130,-11.4000,7.1687,22.0600,38078.2561,0,304116.0000,107290.0000
2024-05-01,2024,5,Antioquia,12,Sonido y video,0,129.6086,-14.1000,7.1525,21.0200,34758.4130,-11.4000,7.1687,22.0600,38078.2561,0,304116.0000,107290.0000
2024-05-01,2024,5,Antioquia,14,"Ferreteria, vidrios y pinturas",0,91.3832,-14.1000,7.1525,21.0200,34758.4130,-11.4000,7.1687,22.0600,38078.2561,0,304116.0000,107290.0000
2024-05-01,2024,5,Antioquia,15,Otras mercancias de uso domestico,0,111.5321,-14.1000,7.1525,21.0200,34758.4130,-11.4000,7.1687,22.0600,38078.2561,0,304116.0000,107290.0000
2024-05-01,2024,5,Atlantico,4,Prendas de vestir y textiles,0,66.7398,-14.1000,7.1525,21.0200,34758.4130,-11.4000,7.1687,22.0600,38078.2561,0,29519.0000,21932.0000
2024-05-01,2024,5,Atlantico,8,Electrodomesticos y muebles,1,99.4429,-14.1000,7.1525,21.0200,34758.4130,-11.4000,7.1687,22.0600,38078.2561,0,29519.0000,21932.0000
2024-05-01,2024,5,Atlantico,9,Articulos y utensilios domesticos,0,90.8935,-14.1000,7.1525,21.0200,34758.4130,-11.4000,7.1687,22.0600,38078.2561,0,29519.0000,21932.0000
2024-05-01,2024,5,Atlantico,10,Aseo del hogar,0,106.3298,-14.1000,7.1525,21.0200,34758.4130,-11.4000,7.1687,22.0600,38078.2561,0,29519.0000,21932.0000
2024-05-01,2024,5,Atlantico,11,Informatica y telecomunicaciones,0,138.1333,-14.1000,7.1525,21.0200,34758.4130,-11.4000,7.1687,22.0600,38078.2561,0,29519.0000,21932.0000
2024-05-01,2024,5,Atlantico,12,Sonido y video,0,98.1658,-14.1000,7.1525,21.0200,34758.4130,-11.4000,7.1687,22.0600,38078.2561,0,29519.0000,21932.0000
2024-05-01,2024,5,Atlantico,14,"Ferreteria, vidrios y pinturas",0,83.9999,-14.1000,7.1525,21.0200,34758.4130,-11.4000,7.1687,22.0600,38078.2561,0,29519.0000,21932.0000
2024-05-01,2024,5,Atlantico,15,Otras mercancias de uso domestico,0,86.9124,-14.1000,7.1525,21.0200,34758.4130,-11.4000,7.1687,22.0600,38078.2561,0,29519.0000,21932.0000
2024-05-01,2024,5,Bogota,4,Prendas de vestir y textiles,0,103.5402,-14.1000,7.1525,21.0200,34758.4130,-11.4000,7.1687,22.0600,38078.2561,0,122520.0000,333492.0000
2024-05-01,2024,5,Bogota,8,Electrodomesticos y muebles,1,133.2258,-14.1000,7.1525,21.0200,34758.4130,-11.4000,7.1687,22.0600,38078.2561,0,122520.0000,333492.0000
2024-05-01,2024,5,Bogota,9,Articulos y utensilios domesticos,0,133.8263,-14.1000,7.1525,21.0200,34758.4130,-11.4000,7.1687,22.0600,38078.2561,0,122520.0000,333492.0000
2024-05-01,2024,5,Bogota,10,Aseo del hogar,0,118.2570,-14.1000,7.1525,21.0200,34758.4130,-11.4000,7.1687,22.0600,38078.2561,0,122520.0000,333492.0000
2024-05-01,2024,5,Bogota,11,Informatica y telecomunicaciones,0,177.8663,-14.1000,7.1525,21.0200,34758.4130,-11.4000,7.1687,22.0600,38078.2561,0,122520.0000,333492.0000
2024-05-01,2024,5,Bogota,12,Sonido y video,0,114.8941,-14.1000,7.1525,21.0200,34758.4130,-11.4000,7.1687,22.0600,38078.2561,0,122520.0000,333492.0000
2024-05-01,2024,5,Bogota,14,"Ferreteria, vidrios y pinturas",0,101.7028,-14.1000,7.1525,21.0200,34758.4130,-11.4000,7.1687,22.0600,38078.2561,0,122520.0000,333492.0000
2024-05-01,2024,5,Bogota,15,Otras mercancias de uso domestico,0,119.9054,-14.1000,7.1525,21.0200,34758.4130,-11.4000,7.1687,22.0600,38078.2561,0,122520.0000,333492.0000
2024-05-01,2024,5,Cundinamarca,4,Prendas de vestir y textiles,0,103.9172,-14.1000,7.1525,21.0200,34758.4130,-11.4000,7.1687,22.0600,38078.2561,0,200853.0000,176883.0000
2024-05-01,2024,5,Cundinamarca,8,Electrodomesticos y muebles,1,138.6852,-14.1000,7.1525,21.0200,34758.4130,-11.4000,7.1687,22.0600,38078.2561,0,200853.0000,176883.0000
2024-05-01,2024,5,Cundinamarca,9,Articulos y utensilios domesticos,0,142.6947,-14.1000,7.1525,21.0200,34758.4130,-11.4000,7.1687,22.0600,38078.2561,0,200853.0000,176883.0000
2024-05-01,2024,5,Cundinamarca,10,Aseo del hogar,0,173.5424,-14.1000,7.1525,21.0200,34758.4130,-11.4000,7.1687,22.0600,38078.2561,0,200853.0000,176883.0000
2024-05-01,2024,5,Cundinamarca,11,Informatica y telecomunicaciones,0,211.6821,-14.1000,7.1525,21.0200,34758.4130,-11.4000,7.1687,22.0600,38078.2561,0,200853.0000,176883.0000
2024-05-01,2024,5,Cundinamarca,12,Sonido y video,0,139.0128,-14.1000,7.1525,21.0200,34758.4130,-11.4000,7.1687,22.0600,38078.2561,0,200853.0000,176883.0000
2024-05-01,2024,5,Cundinamarca,14,"Ferreteria, vidrios y pinturas",0,107.4539,-14.1000,7.1525,21.0200,34758.4130,-11.4000,7.1687,22.0600,38078.2561,0,200853.0000,176883.0000
2024-05-01,2024,5,Cundinamarca,15,Otras mercancias de uso domestico,0,126.2931,-14.1000,7.1525,21.0200,34758.4130,-11.4000,7.1687,22.0600,38078.2561,0,200853.0000,176883.0000
2024-05-01,2024,5,Santander,4,Prendas de vestir y textiles,0,88.5719,-14.1000,7.1525,21.0200,34758.4130,-11.4000,7.1687,22.0600,38078.2561,0,31683.0000,106818.0000
2024-05-01,2024,5,Santander,8,Electrodomesticos y muebles,1,104.7639,-14.1000,7.1525,21.0200,34758.4130,-11.4000,7.1687,22.0600,38078.2561,0,31683.0000,106818.0000
2024-05-01,2024,5,Santander,9,Articulos y utensilios domesticos,0,108.0289,-14.1000,7.1525,21.0200,34758.4130,-11.4000,7.1687,22.0600,38078.2561,0,31683.0000,106818.0000
2024-05-01,2024,5,Santander,10,Aseo del hogar,0,142.9864,-14.1000,7.1525,21.0200,34758.4130,-11.4000,7.1687,22.0600,38078.2561,0,31683.0000,106818.0000
2024-05-01,2024,5,Santander,11,Informatica y telecomunicaciones,0,163.6010,-14.1000,7.1525,21.0200,34758.4130,-11.4000,7.1687,22.0600,38078.2561,0,31683.0000,106818.0000
2024-05-01,2024,5,Santander,12,Sonido y video,0,126.0253,-14.1000,7.1525,21.0200,34758.4130,-11.4000,7.1687,22.0600,38078.2561,0,31683.0000,106818.0000
2024-05-01,2024,5,Santander,14,"Ferreteria, vidrios y pinturas",0,107.2192,-14.1000,7.1525,21.0200,34758.4130,-11.4000,7.1687,22.0600,38078.2561,0,31683.0000,106818.0000
2024-05-01,2024,5,Santander,15,Otras mercancias de uso domestico,0,100.5509,-14.1000,7.1525,21.0200,34758.4130,-11.4000,7.1687,22.0600,38078.2561,0,31683.0000,106818.0000
2024-05-01,2024,5,Valle del Cauca,4,Prendas de vestir y textiles,0,73.7501,-14.1000,7.1525,21.0200,34758.4130,-11.4000,7.1687,22.0600,38078.2561,0,71514.0000,99843.0000
2024-05-01,2024,5,Valle del Cauca,8,Electrodomesticos y muebles,1,108.9965,-14.1000,7.1525,21.0200,34758.4130,-11.4000,7.1687,22.0600,38078.2561,0,71514.0000,99843.0000
2024-05-01,2024,5,Valle del Cauca,9,Articulos y utensilios domesticos,0,114.2689,-14.1000,7.1525,21.0200,34758.4130,-11.4000,7.1687,22.0600,38078.2561,0,71514.0000,99843.0000
2024-05-01,2024,5,Valle del Cauca,10,Aseo del hogar,0,114.8481,-14.1000,7.1525,21.0200,34758.4130,-11.4000,7.1687,22.0600,38078.2561,0,71514.0000,99843.0000
2024-05-01,2024,5,Valle del Cauca,11,Informatica y telecomunicaciones,0,160.6323,-14.1000,7.1525,21.0200,34758.4130,-11.4000,7.1687,22.0600,38078.2561,0,71514.0000,99843.0000
2024-05-01,2024,5,Valle del Cauca,12,Sonido y video,0,113.4464,-14.1000,7.1525,21.0200,34758.4130,-11.4000,7.1687,22.0600,38078.2561,0,71514.0000,99843.0000
2024-05-01,2024,5,Valle del Cauca,14,"Ferreteria, vidrios y pinturas",0,97.2901,-14.1000,7.1525,21.0200,34758.4130,-11.4000,7.1687,22.0600,38078.2561,0,71514.0000,99843.0000
2024-05-01,2024,5,Valle del Cauca,15,Otras mercancias de uso domestico,0,89.0267,-14.1000,7.1525,21.0200,34758.4130,-11.4000,7.1687,22.0600,38078.2561,0,71514.0000,99843.0000
2024-05-01,2024,5,Otros departamentos,4,Prendas de vestir y textiles,0,97.1178,-14.1000,7.1525,21.0200,34758.4130,-11.4000,7.1687,22.0600,38078.2561,0,463703.0000,537462.0000
2024-05-01,2024,5,Otros departamentos,8,Electrodomesticos y muebles,1,109.2007,-14.1000,7.1525,21.0200,34758.4130,-11.4000,7.1687,22.0600,38078.2561,0,463703.0000,537462.0000
2024-05-01,2024,5,Otros departamentos,9,Articulos y utensilios domesticos,0,123.5237,-14.1000,7.1525,21.0200,34758.4130,-11.4000,7.1687,22.0600,38078.2561,0,463703.0000,537462.0000
2024-05-01,2024,5,Otros departamentos,10,Aseo del hogar,0,130.6653,-14.1000,7.1525,21.0200,34758.4130,-11.4000,7.1687,22.0600,38078.2561,0,463703.0000,537462.0000
2024-05-01,2024,5,Otros departamentos,11,Informatica y telecomunicaciones,0,165.2149,-14.1000,7.1525,21.0200,34758.4130,-11.4000,7.1687,22.0600,38078.2561,0,463703.0000,537462.0000
2024-05-01,2024,5,Otros departamentos,12,Sonido y video,0,123.1328,-14.1000,7.1525,21.0200,34758.4130,-11.4000,7.1687,22.0600,38078.2561,0,463703.0000,537462.0000
2024-05-01,2024,5,Otros departamentos,14,"Ferreteria, vidrios y pinturas",0,93.5326,-14.1000,7.1525,21.0200,34758.4130,-11.4000,7.1687,22.0600,38078.2561,0,463703.0000,537462.0000
2024-05-01,2024,5,Otros departamentos,15,Otras mercancias de uso domestico,0,105.4921,-14.1000,7.1525,21.0200,34758.4130,-11.4000,7.1687,22.0600,38078.2561,0,463703.0000,537462.0000
2024-06-01,2024,6,Antioquia,4,Prendas de vestir y textiles,0,105.8400,-12.7000,7.1760,20.5600,32379.5524,-14.1000,7.1525,21.0200,34758.4130,0,114504.0000,304116.0000
2024-06-01,2024,6,Antioquia,8,Electrodomesticos y muebles,1,134.0044,-12.7000,7.1760,20.5600,32379.5524,-14.1000,7.1525,21.0200,34758.4130,0,114504.0000,304116.0000
2024-06-01,2024,6,Antioquia,9,Articulos y utensilios domesticos,0,119.0520,-12.7000,7.1760,20.5600,32379.5524,-14.1000,7.1525,21.0200,34758.4130,0,114504.0000,304116.0000
2024-06-01,2024,6,Antioquia,10,Aseo del hogar,0,128.8382,-12.7000,7.1760,20.5600,32379.5524,-14.1000,7.1525,21.0200,34758.4130,0,114504.0000,304116.0000
2024-06-01,2024,6,Antioquia,11,Informatica y telecomunicaciones,0,179.9085,-12.7000,7.1760,20.5600,32379.5524,-14.1000,7.1525,21.0200,34758.4130,0,114504.0000,304116.0000
2024-06-01,2024,6,Antioquia,12,Sonido y video,0,154.0868,-12.7000,7.1760,20.5600,32379.5524,-14.1000,7.1525,21.0200,34758.4130,0,114504.0000,304116.0000
2024-06-01,2024,6,Antioquia,14,"Ferreteria, vidrios y pinturas",0,89.4983,-12.7000,7.1760,20.5600,32379.5524,-14.1000,7.1525,21.0200,34758.4130,0,114504.0000,304116.0000
2024-06-01,2024,6,Antioquia,15,Otras mercancias de uso domestico,0,102.9216,-12.7000,7.1760,20.5600,32379.5524,-14.1000,7.1525,21.0200,34758.4130,0,114504.0000,304116.0000
2024-06-01,2024,6,Atlantico,4,Prendas de vestir y textiles,0,78.0107,-12.7000,7.1760,20.5600,32379.5524,-14.1000,7.1525,21.0200,34758.4130,0,11115.0000,29519.0000
2024-06-01,2024,6,Atlantico,8,Electrodomesticos y muebles,1,89.8167,-12.7000,7.1760,20.5600,32379.5524,-14.1000,7.1525,21.0200,34758.4130,0,11115.0000,29519.0000
2024-06-01,2024,6,Atlantico,9,Articulos y utensilios domesticos,0,103.4922,-12.7000,7.1760,20.5600,32379.5524,-14.1000,7.1525,21.0200,34758.4130,0,11115.0000,29519.0000
2024-06-01,2024,6,Atlantico,10,Aseo del hogar,0,107.5222,-12.7000,7.1760,20.5600,32379.5524,-14.1000,7.1525,21.0200,34758.4130,0,11115.0000,29519.0000
2024-06-01,2024,6,Atlantico,11,Informatica y telecomunicaciones,0,136.5859,-12.7000,7.1760,20.5600,32379.5524,-14.1000,7.1525,21.0200,34758.4130,0,11115.0000,29519.0000
2024-06-01,2024,6,Atlantico,12,Sonido y video,0,108.7995,-12.7000,7.1760,20.5600,32379.5524,-14.1000,7.1525,21.0200,34758.4130,0,11115.0000,29519.0000
2024-06-01,2024,6,Atlantico,14,"Ferreteria, vidrios y pinturas",0,78.9519,-12.7000,7.1760,20.5600,32379.5524,-14.1000,7.1525,21.0200,34758.4130,0,11115.0000,29519.0000
2024-06-01,2024,6,Atlantico,15,Otras mercancias de uso domestico,0,89.9175,-12.7000,7.1760,20.5600,32379.5524,-14.1000,7.1525,21.0200,34758.4130,0,11115.0000,29519.0000
2024-06-01,2024,6,Bogota,4,Prendas de vestir y textiles,0,129.0349,-12.7000,7.1760,20.5600,32379.5524,-14.1000,7.1525,21.0200,34758.4130,0,172122.0000,122520.0000
2024-06-01,2024,6,Bogota,8,Electrodomesticos y muebles,1,126.4147,-12.7000,7.1760,20.5600,32379.5524,-14.1000,7.1525,21.0200,34758.4130,0,172122.0000,122520.0000
2024-06-01,2024,6,Bogota,9,Articulos y utensilios domesticos,0,137.9362,-12.7000,7.1760,20.5600,32379.5524,-14.1000,7.1525,21.0200,34758.4130,0,172122.0000,122520.0000
2024-06-01,2024,6,Bogota,10,Aseo del hogar,0,119.0661,-12.7000,7.1760,20.5600,32379.5524,-14.1000,7.1525,21.0200,34758.4130,0,172122.0000,122520.0000
2024-06-01,2024,6,Bogota,11,Informatica y telecomunicaciones,0,174.0029,-12.7000,7.1760,20.5600,32379.5524,-14.1000,7.1525,21.0200,34758.4130,0,172122.0000,122520.0000
2024-06-01,2024,6,Bogota,12,Sonido y video,0,157.6303,-12.7000,7.1760,20.5600,32379.5524,-14.1000,7.1525,21.0200,34758.4130,0,172122.0000,122520.0000
2024-06-01,2024,6,Bogota,14,"Ferreteria, vidrios y pinturas",0,104.7948,-12.7000,7.1760,20.5600,32379.5524,-14.1000,7.1525,21.0200,34758.4130,0,172122.0000,122520.0000
2024-06-01,2024,6,Bogota,15,Otras mercancias de uso domestico,0,114.3333,-12.7000,7.1760,20.5600,32379.5524,-14.1000,7.1525,21.0200,34758.4130,0,172122.0000,122520.0000
2024-06-01,2024,6,Cundinamarca,4,Prendas de vestir y textiles,0,130.2740,-12.7000,7.1760,20.5600,32379.5524,-14.1000,7.1525,21.0200,34758.4130,0,91413.0000,200853.0000
2024-06-01,2024,6,Cundinamarca,8,Electrodomesticos y muebles,1,140.2815,-12.7000,7.1760,20.5600,32379.5524,-14.1000,7.1525,21.0200,34758.4130,0,91413.0000,200853.0000
2024-06-01,2024,6,Cundinamarca,9,Articulos y utensilios domesticos,0,150.8576,-12.7000,7.1760,20.5600,32379.5524,-14.1000,7.1525,21.0200,34758.4130,0,91413.0000,200853.0000
2024-06-01,2024,6,Cundinamarca,10,Aseo del hogar,0,153.9501,-12.7000,7.1760,20.5600,32379.5524,-14.1000,7.1525,21.0200,34758.4130,0,91413.0000,200853.0000
2024-06-01,2024,6,Cundinamarca,11,Informatica y telecomunicaciones,0,216.4796,-12.7000,7.1760,20.5600,32379.5524,-14.1000,7.1525,21.0200,34758.4130,0,91413.0000,200853.0000
2024-06-01,2024,6,Cundinamarca,12,Sonido y video,0,174.1990,-12.7000,7.1760,20.5600,32379.5524,-14.1000,7.1525,21.0200,34758.4130,0,91413.0000,200853.0000
2024-06-01,2024,6,Cundinamarca,14,"Ferreteria, vidrios y pinturas",0,117.5708,-12.7000,7.1760,20.5600,32379.5524,-14.1000,7.1525,21.0200,34758.4130,0,91413.0000,200853.0000
2024-06-01,2024,6,Cundinamarca,15,Otras mercancias de uso domestico,0,128.3278,-12.7000,7.1760,20.5600,32379.5524,-14.1000,7.1525,21.0200,34758.4130,0,91413.0000,200853.0000
2024-06-01,2024,6,Santander,4,Prendas de vestir y textiles,0,98.6982,-12.7000,7.1760,20.5600,32379.5524,-14.1000,7.1525,21.0200,34758.4130,0,46909.0000,31683.0000
2024-06-01,2024,6,Santander,8,Electrodomesticos y muebles,1,109.8066,-12.7000,7.1760,20.5600,32379.5524,-14.1000,7.1525,21.0200,34758.4130,0,46909.0000,31683.0000
2024-06-01,2024,6,Santander,9,Articulos y utensilios domesticos,0,108.7958,-12.7000,7.1760,20.5600,32379.5524,-14.1000,7.1525,21.0200,34758.4130,0,46909.0000,31683.0000
2024-06-01,2024,6,Santander,10,Aseo del hogar,0,139.5674,-12.7000,7.1760,20.5600,32379.5524,-14.1000,7.1525,21.0200,34758.4130,0,46909.0000,31683.0000
2024-06-01,2024,6,Santander,11,Informatica y telecomunicaciones,0,157.3971,-12.7000,7.1760,20.5600,32379.5524,-14.1000,7.1525,21.0200,34758.4130,0,46909.0000,31683.0000
2024-06-01,2024,6,Santander,12,Sonido y video,0,138.1354,-12.7000,7.1760,20.5600,32379.5524,-14.1000,7.1525,21.0200,34758.4130,0,46909.0000,31683.0000
2024-06-01,2024,6,Santander,14,"Ferreteria, vidrios y pinturas",0,96.8678,-12.7000,7.1760,20.5600,32379.5524,-14.1000,7.1525,21.0200,34758.4130,0,46909.0000,31683.0000
2024-06-01,2024,6,Santander,15,Otras mercancias de uso domestico,0,93.6693,-12.7000,7.1760,20.5600,32379.5524,-14.1000,7.1525,21.0200,34758.4130,0,46909.0000,31683.0000
2024-06-01,2024,6,Valle del Cauca,4,Prendas de vestir y textiles,0,88.9193,-12.7000,7.1760,20.5600,32379.5524,-14.1000,7.1525,21.0200,34758.4130,0,81205.0000,71514.0000
2024-06-01,2024,6,Valle del Cauca,8,Electrodomesticos y muebles,1,99.5563,-12.7000,7.1760,20.5600,32379.5524,-14.1000,7.1525,21.0200,34758.4130,0,81205.0000,71514.0000
2024-06-01,2024,6,Valle del Cauca,9,Articulos y utensilios domesticos,0,110.7621,-12.7000,7.1760,20.5600,32379.5524,-14.1000,7.1525,21.0200,34758.4130,0,81205.0000,71514.0000
2024-06-01,2024,6,Valle del Cauca,10,Aseo del hogar,0,110.3443,-12.7000,7.1760,20.5600,32379.5524,-14.1000,7.1525,21.0200,34758.4130,0,81205.0000,71514.0000
2024-06-01,2024,6,Valle del Cauca,11,Informatica y telecomunicaciones,0,148.1403,-12.7000,7.1760,20.5600,32379.5524,-14.1000,7.1525,21.0200,34758.4130,0,81205.0000,71514.0000
2024-06-01,2024,6,Valle del Cauca,12,Sonido y video,0,136.4730,-12.7000,7.1760,20.5600,32379.5524,-14.1000,7.1525,21.0200,34758.4130,0,81205.0000,71514.0000
2024-06-01,2024,6,Valle del Cauca,14,"Ferreteria, vidrios y pinturas",0,95.6391,-12.7000,7.1760,20.5600,32379.5524,-14.1000,7.1525,21.0200,34758.4130,0,81205.0000,71514.0000
2024-06-01,2024,6,Valle del Cauca,15,Otras mercancias de uso domestico,0,77.8134,-12.7000,7.1760,20.5600,32379.5524,-14.1000,7.1525,21.0200,34758.4130,0,81205.0000,71514.0000
2024-06-01,2024,6,Otros departamentos,4,Prendas de vestir y textiles,0,104.8969,-12.7000,7.1760,20.5600,32379.5524,-14.1000,7.1525,21.0200,34758.4130,0,429417.0000,463703.0000
2024-06-01,2024,6,Otros departamentos,8,Electrodomesticos y muebles,1,114.7745,-12.7000,7.1760,20.5600,32379.5524,-14.1000,7.1525,21.0200,34758.4130,0,429417.0000,463703.0000
2024-06-01,2024,6,Otros departamentos,9,Articulos y utensilios domesticos,0,131.8936,-12.7000,7.1760,20.5600,32379.5524,-14.1000,7.1525,21.0200,34758.4130,0,429417.0000,463703.0000
2024-06-01,2024,6,Otros departamentos,10,Aseo del hogar,0,137.0916,-12.7000,7.1760,20.5600,32379.5524,-14.1000,7.1525,21.0200,34758.4130,0,429417.0000,463703.0000
2024-06-01,2024,6,Otros departamentos,11,Informatica y telecomunicaciones,0,147.6962,-12.7000,7.1760,20.5600,32379.5524,-14.1000,7.1525,21.0200,34758.4130,0,429417.0000,463703.0000
2024-06-01,2024,6,Otros departamentos,12,Sonido y video,0,144.6019,-12.7000,7.1760,20.5600,32379.5524,-14.1000,7.1525,21.0200,34758.4130,0,429417.0000,463703.0000
2024-06-01,2024,6,Otros departamentos,14,"Ferreteria, vidrios y pinturas",0,89.4084,-12.7000,7.1760,20.5600,32379.5524,-14.1000,7.1525,21.0200,34758.4130,0,429417.0000,463703.0000
2024-06-01,2024,6,Otros departamentos,15,Otras mercancias de uso domestico,0,115.1026,-12.7000,7.1760,20.5600,32379.5524,-14.1000,7.1525,21.0200,34758.4130,0,429417.0000,463703.0000
2024-07-01,2024,7,Antioquia,4,Prendas de vestir y textiles,0,105.2775,-9.0000,6.8576,19.6600,38012.8995,-12.7000,7.1760,20.5600,32379.5524,0,183413.0000,114504.0000
2024-07-01,2024,7,Antioquia,8,Electrodomesticos y muebles,1,143.4508,-9.0000,6.8576,19.6600,38012.8995,-12.7000,7.1760,20.5600,32379.5524,0,183413.0000,114504.0000
2024-07-01,2024,7,Antioquia,9,Articulos y utensilios domesticos,0,132.7194,-9.0000,6.8576,19.6600,38012.8995,-12.7000,7.1760,20.5600,32379.5524,0,183413.0000,114504.0000
2024-07-01,2024,7,Antioquia,10,Aseo del hogar,0,136.1447,-9.0000,6.8576,19.6600,38012.8995,-12.7000,7.1760,20.5600,32379.5524,0,183413.0000,114504.0000
2024-07-01,2024,7,Antioquia,11,Informatica y telecomunicaciones,0,192.8357,-9.0000,6.8576,19.6600,38012.8995,-12.7000,7.1760,20.5600,32379.5524,0,183413.0000,114504.0000
2024-07-01,2024,7,Antioquia,12,Sonido y video,0,160.5502,-9.0000,6.8576,19.6600,38012.8995,-12.7000,7.1760,20.5600,32379.5524,0,183413.0000,114504.0000
2024-07-01,2024,7,Antioquia,14,"Ferreteria, vidrios y pinturas",0,103.8676,-9.0000,6.8576,19.6600,38012.8995,-12.7000,7.1760,20.5600,32379.5524,0,183413.0000,114504.0000
2024-07-01,2024,7,Antioquia,15,Otras mercancias de uso domestico,0,111.0351,-9.0000,6.8576,19.6600,38012.8995,-12.7000,7.1760,20.5600,32379.5524,0,183413.0000,114504.0000
2024-07-01,2024,7,Atlantico,4,Prendas de vestir y textiles,0,79.9750,-9.0000,6.8576,19.6600,38012.8995,-12.7000,7.1760,20.5600,32379.5524,0,77526.0000,11115.0000
2024-07-01,2024,7,Atlantico,8,Electrodomesticos y muebles,1,107.1171,-9.0000,6.8576,19.6600,38012.8995,-12.7000,7.1760,20.5600,32379.5524,0,77526.0000,11115.0000
2024-07-01,2024,7,Atlantico,9,Articulos y utensilios domesticos,0,110.6252,-9.0000,6.8576,19.6600,38012.8995,-12.7000,7.1760,20.5600,32379.5524,0,77526.0000,11115.0000
2024-07-01,2024,7,Atlantico,10,Aseo del hogar,0,102.5286,-9.0000,6.8576,19.6600,38012.8995,-12.7000,7.1760,20.5600,32379.5524,0,77526.0000,11115.0000
2024-07-01,2024,7,Atlantico,11,Informatica y telecomunicaciones,0,150.5204,-9.0000,6.8576,19.6600,38012.8995,-12.7000,7.1760,20.5600,32379.5524,0,77526.0000,11115.0000
2024-07-01,2024,7,Atlantico,12,Sonido y video,0,123.9733,-9.0000,6.8576,19.6600,38012.8995,-12.7000,7.1760,20.5600,32379.5524,0,77526.0000,11115.0000
2024-07-01,2024,7,Atlantico,14,"Ferreteria, vidrios y pinturas",0,83.2854,-9.0000,6.8576,19.6600,38012.8995,-12.7000,7.1760,20.5600,32379.5524,0,77526.0000,11115.0000
2024-07-01,2024,7,Atlantico,15,Otras mercancias de uso domestico,0,95.1576,-9.0000,6.8576,19.6600,38012.8995,-12.7000,7.1760,20.5600,32379.5524,0,77526.0000,11115.0000
2024-07-01,2024,7,Bogota,4,Prendas de vestir y textiles,0,114.5989,-9.0000,6.8576,19.6600,38012.8995,-12.7000,7.1760,20.5600,32379.5524,0,158390.0000,172122.0000
2024-07-01,2024,7,Bogota,8,Electrodomesticos y muebles,1,139.9996,-9.0000,6.8576,19.6600,38012.8995,-12.7000,7.1760,20.5600,32379.5524,0,158390.0000,172122.0000
2024-07-01,2024,7,Bogota,9,Articulos y utensilios domesticos,0,139.9152,-9.0000,6.8576,19.6600,38012.8995,-12.7000,7.1760,20.5600,32379.5524,0,158390.0000,172122.0000
2024-07-01,2024,7,Bogota,10,Aseo del hogar,0,133.9635,-9.0000,6.8576,19.6600,38012.8995,-12.7000,7.1760,20.5600,32379.5524,0,158390.0000,172122.0000
2024-07-01,2024,7,Bogota,11,Informatica y telecomunicaciones,0,181.3864,-9.0000,6.8576,19.6600,38012.8995,-12.7000,7.1760,20.5600,32379.5524,0,158390.0000,172122.0000
2024-07-01,2024,7,Bogota,12,Sonido y video,0,157.6173,-9.0000,6.8576,19.6600,38012.8995,-12.7000,7.1760,20.5600,32379.5524,0,158390.0000,172122.0000
2024-07-01,2024,7,Bogota,14,"Ferreteria, vidrios y pinturas",0,123.1896,-9.0000,6.8576,19.6600,38012.8995,-12.7000,7.1760,20.5600,32379.5524,0,158390.0000,172122.0000
2024-07-01,2024,7,Bogota,15,Otras mercancias de uso domestico,0,117.9618,-9.0000,6.8576,19.6600,38012.8995,-12.7000,7.1760,20.5600,32379.5524,0,158390.0000,172122.0000
2024-07-01,2024,7,Cundinamarca,4,Prendas de vestir y textiles,0,120.4353,-9.0000,6.8576,19.6600,38012.8995,-12.7000,7.1760,20.5600,32379.5524,0,163017.0000,91413.0000
2024-07-01,2024,7,Cundinamarca,8,Electrodomesticos y muebles,1,144.7776,-9.0000,6.8576,19.6600,38012.8995,-12.7000,7.1760,20.5600,32379.5524,0,163017.0000,91413.0000
2024-07-01,2024,7,Cundinamarca,9,Articulos y utensilios domesticos,0,161.2424,-9.0000,6.8576,19.6600,38012.8995,-12.7000,7.1760,20.5600,32379.5524,0,163017.0000,91413.0000
2024-07-01,2024,7,Cundinamarca,10,Aseo del hogar,0,138.5767,-9.0000,6.8576,19.6600,38012.8995,-12.7000,7.1760,20.5600,32379.5524,0,163017.0000,91413.0000
2024-07-01,2024,7,Cundinamarca,11,Informatica y telecomunicaciones,0,225.5340,-9.0000,6.8576,19.6600,38012.8995,-12.7000,7.1760,20.5600,32379.5524,0,163017.0000,91413.0000
2024-07-01,2024,7,Cundinamarca,12,Sonido y video,0,178.1176,-9.0000,6.8576,19.6600,38012.8995,-12.7000,7.1760,20.5600,32379.5524,0,163017.0000,91413.0000
2024-07-01,2024,7,Cundinamarca,14,"Ferreteria, vidrios y pinturas",0,126.1256,-9.0000,6.8576,19.6600,38012.8995,-12.7000,7.1760,20.5600,32379.5524,0,163017.0000,91413.0000
2024-07-01,2024,7,Cundinamarca,15,Otras mercancias de uso domestico,0,138.0631,-9.0000,6.8576,19.6600,38012.8995,-12.7000,7.1760,20.5600,32379.5524,0,163017.0000,91413.0000
2024-07-01,2024,7,Santander,4,Prendas de vestir y textiles,0,95.1351,-9.0000,6.8576,19.6600,38012.8995,-12.7000,7.1760,20.5600,32379.5524,0,52275.0000,46909.0000
2024-07-01,2024,7,Santander,8,Electrodomesticos y muebles,1,111.9393,-9.0000,6.8576,19.6600,38012.8995,-12.7000,7.1760,20.5600,32379.5524,0,52275.0000,46909.0000
2024-07-01,2024,7,Santander,9,Articulos y utensilios domesticos,0,120.4230,-9.0000,6.8576,19.6600,38012.8995,-12.7000,7.1760,20.5600,32379.5524,0,52275.0000,46909.0000
2024-07-01,2024,7,Santander,10,Aseo del hogar,0,131.4022,-9.0000,6.8576,19.6600,38012.8995,-12.7000,7.1760,20.5600,32379.5524,0,52275.0000,46909.0000
2024-07-01,2024,7,Santander,11,Informatica y telecomunicaciones,0,143.8375,-9.0000,6.8576,19.6600,38012.8995,-12.7000,7.1760,20.5600,32379.5524,0,52275.0000,46909.0000
2024-07-01,2024,7,Santander,12,Sonido y video,0,139.9433,-9.0000,6.8576,19.6600,38012.8995,-12.7000,7.1760,20.5600,32379.5524,0,52275.0000,46909.0000
2024-07-01,2024,7,Santander,14,"Ferreteria, vidrios y pinturas",0,92.3850,-9.0000,6.8576,19.6600,38012.8995,-12.7000,7.1760,20.5600,32379.5524,0,52275.0000,46909.0000
2024-07-01,2024,7,Santander,15,Otras mercancias de uso domestico,0,101.5948,-9.0000,6.8576,19.6600,38012.8995,-12.7000,7.1760,20.5600,32379.5524,0,52275.0000,46909.0000
2024-07-01,2024,7,Valle del Cauca,4,Prendas de vestir y textiles,0,80.8537,-9.0000,6.8576,19.6600,38012.8995,-12.7000,7.1760,20.5600,32379.5524,0,78495.0000,81205.0000
2024-07-01,2024,7,Valle del Cauca,8,Electrodomesticos y muebles,1,122.8115,-9.0000,6.8576,19.6600,38012.8995,-12.7000,7.1760,20.5600,32379.5524,0,78495.0000,81205.0000
2024-07-01,2024,7,Valle del Cauca,9,Articulos y utensilios domesticos,0,113.6659,-9.0000,6.8576,19.6600,38012.8995,-12.7000,7.1760,20.5600,32379.5524,0,78495.0000,81205.0000
2024-07-01,2024,7,Valle del Cauca,10,Aseo del hogar,0,100.8317,-9.0000,6.8576,19.6600,38012.8995,-12.7000,7.1760,20.5600,32379.5524,0,78495.0000,81205.0000
2024-07-01,2024,7,Valle del Cauca,11,Informatica y telecomunicaciones,0,155.6065,-9.0000,6.8576,19.6600,38012.8995,-12.7000,7.1760,20.5600,32379.5524,0,78495.0000,81205.0000
2024-07-01,2024,7,Valle del Cauca,12,Sonido y video,0,131.6552,-9.0000,6.8576,19.6600,38012.8995,-12.7000,7.1760,20.5600,32379.5524,0,78495.0000,81205.0000
2024-07-01,2024,7,Valle del Cauca,14,"Ferreteria, vidrios y pinturas",0,93.2733,-9.0000,6.8576,19.6600,38012.8995,-12.7000,7.1760,20.5600,32379.5524,0,78495.0000,81205.0000
2024-07-01,2024,7,Valle del Cauca,15,Otras mercancias de uso domestico,0,94.9630,-9.0000,6.8576,19.6600,38012.8995,-12.7000,7.1760,20.5600,32379.5524,0,78495.0000,81205.0000
2024-07-01,2024,7,Otros departamentos,4,Prendas de vestir y textiles,0,89.8811,-9.0000,6.8576,19.6600,38012.8995,-12.7000,7.1760,20.5600,32379.5524,0,402892.0000,429417.0000
2024-07-01,2024,7,Otros departamentos,8,Electrodomesticos y muebles,1,122.8409,-9.0000,6.8576,19.6600,38012.8995,-12.7000,7.1760,20.5600,32379.5524,0,402892.0000,429417.0000
2024-07-01,2024,7,Otros departamentos,9,Articulos y utensilios domesticos,0,137.5088,-9.0000,6.8576,19.6600,38012.8995,-12.7000,7.1760,20.5600,32379.5524,0,402892.0000,429417.0000
2024-07-01,2024,7,Otros departamentos,10,Aseo del hogar,0,138.9460,-9.0000,6.8576,19.6600,38012.8995,-12.7000,7.1760,20.5600,32379.5524,0,402892.0000,429417.0000
2024-07-01,2024,7,Otros departamentos,11,Informatica y telecomunicaciones,0,174.8063,-9.0000,6.8576,19.6600,38012.8995,-12.7000,7.1760,20.5600,32379.5524,0,402892.0000,429417.0000
2024-07-01,2024,7,Otros departamentos,12,Sonido y video,0,156.4749,-9.0000,6.8576,19.6600,38012.8995,-12.7000,7.1760,20.5600,32379.5524,0,402892.0000,429417.0000
2024-07-01,2024,7,Otros departamentos,14,"Ferreteria, vidrios y pinturas",0,101.8865,-9.0000,6.8576,19.6600,38012.8995,-12.7000,7.1760,20.5600,32379.5524,0,402892.0000,429417.0000
2024-07-01,2024,7,Otros departamentos,15,Otras mercancias de uso domestico,0,107.3496,-9.0000,6.8576,19.6600,38012.8995,-12.7000,7.1760,20.5600,32379.5524,0,402892.0000,429417.0000
2024-08-01,2024,8,Antioquia,4,Prendas de vestir y textiles,0,92.7964,-15.3000,6.1157,19.4700,45150.7705,-9.0000,6.8576,19.6600,38012.8995,0,251851.0000,183413.0000
2024-08-01,2024,8,Antioquia,8,Electrodomesticos y muebles,1,152.3170,-15.3000,6.1157,19.4700,45150.7705,-9.0000,6.8576,19.6600,38012.8995,0,251851.0000,183413.0000
2024-08-01,2024,8,Antioquia,9,Articulos y utensilios domesticos,0,142.0721,-15.3000,6.1157,19.4700,45150.7705,-9.0000,6.8576,19.6600,38012.8995,0,251851.0000,183413.0000
2024-08-01,2024,8,Antioquia,10,Aseo del hogar,0,135.1979,-15.3000,6.1157,19.4700,45150.7705,-9.0000,6.8576,19.6600,38012.8995,0,251851.0000,183413.0000
2024-08-01,2024,8,Antioquia,11,Informatica y telecomunicaciones,0,212.4964,-15.3000,6.1157,19.4700,45150.7705,-9.0000,6.8576,19.6600,38012.8995,0,251851.0000,183413.0000
2024-08-01,2024,8,Antioquia,12,Sonido y video,0,149.9317,-15.3000,6.1157,19.4700,45150.7705,-9.0000,6.8576,19.6600,38012.8995,0,251851.0000,183413.0000
2024-08-01,2024,8,Antioquia,14,"Ferreteria, vidrios y pinturas",0,113.3625,-15.3000,6.1157,19.4700,45150.7705,-9.0000,6.8576,19.6600,38012.8995,0,251851.0000,183413.0000
2024-08-01,2024,8,Antioquia,15,Otras mercancias de uso domestico,0,103.3503,-15.3000,6.1157,19.4700,45150.7705,-9.0000,6.8576,19.6600,38012.8995,0,251851.0000,183413.0000
2024-08-01,2024,8,Atlantico,4,Prendas de vestir y textiles,0,67.1978,-15.3000,6.1157,19.4700,45150.7705,-9.0000,6.8576,19.6600,38012.8995,0,50750.0000,77526.0000
2024-08-01,2024,8,Atlantico,8,Electrodomesticos y muebles,1,115.5245,-15.3000,6.1157,19.4700,45150.7705,-9.0000,6.8576,19.6600,38012.8995,0,50750.0000,77526.0000
2024-08-01,2024,8,Atlantico,9,Articulos y utensilios domesticos,0,108.0046,-15.3000,6.1157,19.4700,45150.7705,-9.0000,6.8576,19.6600,38012.8995,0,50750.0000,77526.0000
2024-08-01,2024,8,Atlantico,10,Aseo del hogar,0,96.8168,-15.3000,6.1157,19.4700,45150.7705,-9.0000,6.8576,19.6600,38012.8995,0,50750.0000,77526.0000
2024-08-01,2024,8,Atlantico,11,Informatica y telecomunicaciones,0,198.5001,-15.3000,6.1157,19.4700,45150.7705,-9.0000,6.8576,19.6600,38012.8995,0,50750.0000,77526.0000
2024-08-01,2024,8,Atlantico,12,Sonido y video,0,126.2952,-15.3000,6.1157,19.4700,45150.7705,-9.0000,6.8576,19.6600,38012.8995,0,50750.0000,77526.0000
2024-08-01,2024,8,Atlantico,14,"Ferreteria, vidrios y pinturas",0,81.1858,-15.3000,6.1157,19.4700,45150.7705,-9.0000,6.8576,19.6600,38012.8995,0,50750.0000,77526.0000
2024-08-01,2024,8,Atlantico,15,Otras mercancias de uso domestico,0,89.0360,-15.3000,6.1157,19.4700,45150.7705,-9.0000,6.8576,19.6600,38012.8995,0,50750.0000,77526.0000
2024-08-01,2024,8,Bogota,4,Prendas de vestir y textiles,0,113.2468,-15.3000,6.1157,19.4700,45150.7705,-9.0000,6.8576,19.6600,38012.8995,0,167868.0000,158390.0000
2024-08-01,2024,8,Bogota,8,Electrodomesticos y muebles,1,145.9294,-15.3000,6.1157,19.4700,45150.7705,-9.0000,6.8576,19.6600,38012.8995,0,167868.0000,158390.0000
2024-08-01,2024,8,Bogota,9,Articulos y utensilios domesticos,0,156.4386,-15.3000,6.1157,19.4700,45150.7705,-9.0000,6.8576,19.6600,38012.8995,0,167868.0000,158390.0000
2024-08-01,2024,8,Bogota,10,Aseo del hogar,0,144.9892,-15.3000,6.1157,19.4700,45150.7705,-9.0000,6.8576,19.6600,38012.8995,0,167868.0000,158390.0000
2024-08-01,2024,8,Bogota,11,Informatica y telecomunicaciones,0,224.7825,-15.3000,6.1157,19.4700,45150.7705,-9.0000,6.8576,19.6600,38012.8995,0,167868.0000,158390.0000
2024-08-01,2024,8,Bogota,12,Sonido y video,0,156.8519,-15.3000,6.1157,19.4700,45150.7705,-9.0000,6.8576,19.6600,38012.8995,0,167868.0000,158390.0000
2024-08-01,2024,8,Bogota,14,"Ferreteria, vidrios y pinturas",0,129.1723,-15.3000,6.1157,19.4700,45150.7705,-9.0000,6.8576,19.6600,38012.8995,0,167868.0000,158390.0000
2024-08-01,2024,8,Bogota,15,Otras mercancias de uso domestico,0,133.1082,-15.3000,6.1157,19.4700,45150.7705,-9.0000,6.8576,19.6600,38012.8995,0,167868.0000,158390.0000
2024-08-01,2024,8,Cundinamarca,4,Prendas de vestir y textiles,0,92.1211,-15.3000,6.1157,19.4700,45150.7705,-9.0000,6.8576,19.6600,38012.8995,0,135222.0000,163017.0000
2024-08-01,2024,8,Cundinamarca,8,Electrodomesticos y muebles,1,151.2459,-15.3000,6.1157,19.4700,45150.7705,-9.0000,6.8576,19.6600,38012.8995,0,135222.0000,163017.0000
2024-08-01,2024,8,Cundinamarca,9,Articulos y utensilios domesticos,0,153.8904,-15.3000,6.1157,19.4700,45150.7705,-9.0000,6.8576,19.6600,38012.8995,0,135222.0000,163017.0000
2024-08-01,2024,8,Cundinamarca,10,Aseo del hogar,0,130.6544,-15.3000,6.1157,19.4700,45150.7705,-9.0000,6.8576,19.6600,38012.8995,0,135222.0000,163017.0000
2024-08-01,2024,8,Cundinamarca,11,Informatica y telecomunicaciones,0,263.2642,-15.3000,6.1157,19.4700,45150.7705,-9.0000,6.8576,19.6600,38012.8995,0,135222.0000,163017.0000
2024-08-01,2024,8,Cundinamarca,12,Sonido y video,0,158.4288,-15.3000,6.1157,19.4700,45150.7705,-9.0000,6.8576,19.6600,38012.8995,0,135222.0000,163017.0000
2024-08-01,2024,8,Cundinamarca,14,"Ferreteria, vidrios y pinturas",0,115.7759,-15.3000,6.1157,19.4700,45150.7705,-9.0000,6.8576,19.6600,38012.8995,0,135222.0000,163017.0000
2024-08-01,2024,8,Cundinamarca,15,Otras mercancias de uso domestico,0,126.7794,-15.3000,6.1157,19.4700,45150.7705,-9.0000,6.8576,19.6600,38012.8995,0,135222.0000,163017.0000
2024-08-01,2024,8,Santander,4,Prendas de vestir y textiles,0,81.6672,-15.3000,6.1157,19.4700,45150.7705,-9.0000,6.8576,19.6600,38012.8995,0,30335.0000,52275.0000
2024-08-01,2024,8,Santander,8,Electrodomesticos y muebles,1,118.3551,-15.3000,6.1157,19.4700,45150.7705,-9.0000,6.8576,19.6600,38012.8995,0,30335.0000,52275.0000
2024-08-01,2024,8,Santander,9,Articulos y utensilios domesticos,0,116.1562,-15.3000,6.1157,19.4700,45150.7705,-9.0000,6.8576,19.6600,38012.8995,0,30335.0000,52275.0000
2024-08-01,2024,8,Santander,10,Aseo del hogar,0,138.4545,-15.3000,6.1157,19.4700,45150.7705,-9.0000,6.8576,19.6600,38012.8995,0,30335.0000,52275.0000
2024-08-01,2024,8,Santander,11,Informatica y telecomunicaciones,0,192.5143,-15.3000,6.1157,19.4700,45150.7705,-9.0000,6.8576,19.6600,38012.8995,0,30335.0000,52275.0000
2024-08-01,2024,8,Santander,12,Sonido y video,0,154.5585,-15.3000,6.1157,19.4700,45150.7705,-9.0000,6.8576,19.6600,38012.8995,0,30335.0000,52275.0000
2024-08-01,2024,8,Santander,14,"Ferreteria, vidrios y pinturas",0,92.3831,-15.3000,6.1157,19.4700,45150.7705,-9.0000,6.8576,19.6600,38012.8995,0,30335.0000,52275.0000
2024-08-01,2024,8,Santander,15,Otras mercancias de uso domestico,0,101.1211,-15.3000,6.1157,19.4700,45150.7705,-9.0000,6.8576,19.6600,38012.8995,0,30335.0000,52275.0000
2024-08-01,2024,8,Valle del Cauca,4,Prendas de vestir y textiles,0,81.0526,-15.3000,6.1157,19.4700,45150.7705,-9.0000,6.8576,19.6600,38012.8995,0,108362.0000,78495.0000
2024-08-01,2024,8,Valle del Cauca,8,Electrodomesticos y muebles,1,117.2745,-15.3000,6.1157,19.4700,45150.7705,-9.0000,6.8576,19.6600,38012.8995,0,108362.0000,78495.0000
2024-08-01,2024,8,Valle del Cauca,9,Articulos y utensilios domesticos,0,113.3812,-15.3000,6.1157,19.4700,45150.7705,-9.0000,6.8576,19.6600,38012.8995,0,108362.0000,78495.0000
2024-08-01,2024,8,Valle del Cauca,10,Aseo del hogar,0,108.5770,-15.3000,6.1157,19.4700,45150.7705,-9.0000,6.8576,19.6600,38012.8995,0,108362.0000,78495.0000
2024-08-01,2024,8,Valle del Cauca,11,Informatica y telecomunicaciones,0,176.6202,-15.3000,6.1157,19.4700,45150.7705,-9.0000,6.8576,19.6600,38012.8995,0,108362.0000,78495.0000
2024-08-01,2024,8,Valle del Cauca,12,Sonido y video,0,135.2141,-15.3000,6.1157,19.4700,45150.7705,-9.0000,6.8576,19.6600,38012.8995,0,108362.0000,78495.0000
2024-08-01,2024,8,Valle del Cauca,14,"Ferreteria, vidrios y pinturas",0,93.4005,-15.3000,6.1157,19.4700,45150.7705,-9.0000,6.8576,19.6600,38012.8995,0,108362.0000,78495.0000
2024-08-01,2024,8,Valle del Cauca,15,Otras mercancias de uso domestico,0,103.6697,-15.3000,6.1157,19.4700,45150.7705,-9.0000,6.8576,19.6600,38012.8995,0,108362.0000,78495.0000
2024-08-01,2024,8,Otros departamentos,4,Prendas de vestir y textiles,0,87.3307,-15.3000,6.1157,19.4700,45150.7705,-9.0000,6.8576,19.6600,38012.8995,0,545485.0000,402892.0000
2024-08-01,2024,8,Otros departamentos,8,Electrodomesticos y muebles,1,138.3182,-15.3000,6.1157,19.4700,45150.7705,-9.0000,6.8576,19.6600,38012.8995,0,545485.0000,402892.0000
2024-08-01,2024,8,Otros departamentos,9,Articulos y utensilios domesticos,0,135.4410,-15.3000,6.1157,19.4700,45150.7705,-9.0000,6.8576,19.6600,38012.8995,0,545485.0000,402892.0000
2024-08-01,2024,8,Otros departamentos,10,Aseo del hogar,0,127.8596,-15.3000,6.1157,19.4700,45150.7705,-9.0000,6.8576,19.6600,38012.8995,0,545485.0000,402892.0000
2024-08-01,2024,8,Otros departamentos,11,Informatica y telecomunicaciones,0,242.5014,-15.3000,6.1157,19.4700,45150.7705,-9.0000,6.8576,19.6600,38012.8995,0,545485.0000,402892.0000
2024-08-01,2024,8,Otros departamentos,12,Sonido y video,0,140.4544,-15.3000,6.1157,19.4700,45150.7705,-9.0000,6.8576,19.6600,38012.8995,0,545485.0000,402892.0000
2024-08-01,2024,8,Otros departamentos,14,"Ferreteria, vidrios y pinturas",0,93.4162,-15.3000,6.1157,19.4700,45150.7705,-9.0000,6.8576,19.6600,38012.8995,0,545485.0000,402892.0000
2024-08-01,2024,8,Otros departamentos,15,Otras mercancias de uso domestico,0,113.8706,-15.3000,6.1157,19.4700,45150.7705,-9.0000,6.8576,19.6600,38012.8995,0,545485.0000,402892.0000
2024-09-01,2024,9,Antioquia,4,Prendas de vestir y textiles,0,102.4004,-16.0000,5.8115,19.2300,42134.5416,-15.3000,6.1157,19.4700,45150.7705,0,335610.0000,251851.0000
2024-09-01,2024,9,Antioquia,8,Electrodomesticos y muebles,1,123.1194,-16.0000,5.8115,19.2300,42134.5416,-15.3000,6.1157,19.4700,45150.7705,0,335610.0000,251851.0000
2024-09-01,2024,9,Antioquia,9,Articulos y utensilios domesticos,0,137.5553,-16.0000,5.8115,19.2300,42134.5416,-15.3000,6.1157,19.4700,45150.7705,0,335610.0000,251851.0000
2024-09-01,2024,9,Antioquia,10,Aseo del hogar,0,119.9492,-16.0000,5.8115,19.2300,42134.5416,-15.3000,6.1157,19.4700,45150.7705,0,335610.0000,251851.0000
2024-09-01,2024,9,Antioquia,11,Informatica y telecomunicaciones,0,185.1242,-16.0000,5.8115,19.2300,42134.5416,-15.3000,6.1157,19.4700,45150.7705,0,335610.0000,251851.0000
2024-09-01,2024,9,Antioquia,12,Sonido y video,0,108.3408,-16.0000,5.8115,19.2300,42134.5416,-15.3000,6.1157,19.4700,45150.7705,0,335610.0000,251851.0000
2024-09-01,2024,9,Antioquia,14,"Ferreteria, vidrios y pinturas",0,109.8396,-16.0000,5.8115,19.2300,42134.5416,-15.3000,6.1157,19.4700,45150.7705,0,335610.0000,251851.0000
2024-09-01,2024,9,Antioquia,15,Otras mercancias de uso domestico,0,100.6593,-16.0000,5.8115,19.2300,42134.5416,-15.3000,6.1157,19.4700,45150.7705,0,335610.0000,251851.0000
2024-09-01,2024,9,Atlantico,4,Prendas de vestir y textiles,0,65.2730,-16.0000,5.8115,19.2300,42134.5416,-15.3000,6.1157,19.4700,45150.7705,0,108682.0000,50750.0000
2024-09-01,2024,9,Atlantico,8,Electrodomesticos y muebles,1,96.6738,-16.0000,5.8115,19.2300,42134.5416,-15.3000,6.1157,19.4700,45150.7705,0,108682.0000,50750.0000
2024-09-01,2024,9,Atlantico,9,Articulos y utensilios domesticos,0,106.5844,-16.0000,5.8115,19.2300,42134.5416,-15.3000,6.1157,19.4700,45150.7705,0,108682.0000,50750.0000
2024-09-01,2024,9,Atlantico,10,Aseo del hogar,0,99.0363,-16.0000,5.8115,19.2300,42134.5416,-15.3000,6.1157,19.4700,45150.7705,0,108682.0000,50750.0000
2024-09-01,2024,9,Atlantico,11,Informatica y telecomunicaciones,0,171.7357,-16.0000,5.8115,19.2300,42134.5416,-15.3000,6.1157,19.4700,45150.7705,0,108682.0000,50750.0000
2024-09-01,2024,9,Atlantico,12,Sonido y video,0,101.8306,-16.0000,5.8115,19.2300,42134.5416,-15.3000,6.1157,19.4700,45150.7705,0,108682.0000,50750.0000
2024-09-01,2024,9,Atlantico,14,"Ferreteria, vidrios y pinturas",0,77.3894,-16.0000,5.8115,19.2300,42134.5416,-15.3000,6.1157,19.4700,45150.7705,0,108682.0000,50750.0000
2024-09-01,2024,9,Atlantico,15,Otras mercancias de uso domestico,0,85.9305,-16.0000,5.8115,19.2300,42134.5416,-15.3000,6.1157,19.4700,45150.7705,0,108682.0000,50750.0000
2024-09-01,2024,9,Bogota,4,Prendas de vestir y textiles,0,115.7129,-16.0000,5.8115,19.2300,42134.5416,-15.3000,6.1157,19.4700,45150.7705,0,232490.0000,167868.0000
2024-09-01,2024,9,Bogota,8,Electrodomesticos y muebles,1,130.7463,-16.0000,5.8115,19.2300,42134.5416,-15.3000,6.1157,19.4700,45150.7705,0,232490.0000,167868.0000
2024-09-01,2024,9,Bogota,9,Articulos y utensilios domesticos,0,154.1642,-16.0000,5.8115,19.2300,42134.5416,-15.3000,6.1157,19.4700,45150.7705,0,232490.0000,167868.0000
2024-09-01,2024,9,Bogota,10,Aseo del hogar,0,151.4645,-16.0000,5.8115,19.2300,42134.5416,-15.3000,6.1157,19.4700,45150.7705,0,232490.0000,167868.0000
2024-09-01,2024,9,Bogota,11,Informatica y telecomunicaciones,0,196.2483,-16.0000,5.8115,19.2300,42134.5416,-15.3000,6.1157,19.4700,45150.7705,0,232490.0000,167868.0000
2024-09-01,2024,9,Bogota,12,Sonido y video,0,136.7351,-16.0000,5.8115,19.2300,42134.5416,-15.3000,6.1157,19.4700,45150.7705,0,232490.0000,167868.0000
2024-09-01,2024,9,Bogota,14,"Ferreteria, vidrios y pinturas",0,120.9848,-16.0000,5.8115,19.2300,42134.5416,-15.3000,6.1157,19.4700,45150.7705,0,232490.0000,167868.0000
2024-09-01,2024,9,Bogota,15,Otras mercancias de uso domestico,0,132.3257,-16.0000,5.8115,19.2300,42134.5416,-15.3000,6.1157,19.4700,45150.7705,0,232490.0000,167868.0000
2024-09-01,2024,9,Cundinamarca,4,Prendas de vestir y textiles,0,100.9511,-16.0000,5.8115,19.2300,42134.5416,-15.3000,6.1157,19.4700,45150.7705,0,91363.0000,135222.0000
2024-09-01,2024,9,Cundinamarca,8,Electrodomesticos y muebles,1,128.6735,-16.0000,5.8115,19.2300,42134.5416,-15.3000,6.1157,19.4700,45150.7705,0,91363.0000,135222.0000
2024-09-01,2024,9,Cundinamarca,9,Articulos y utensilios domesticos,0,158.1290,-16.0000,5.8115,19.2300,42134.5416,-15.3000,6.1157,19.4700,45150.7705,0,91363.0000,135222.0000
2024-09-01,2024,9,Cundinamarca,10,Aseo del hogar,0,133.8254,-16.0000,5.8115,19.2300,42134.5416,-15.3000,6.1157,19.4700,45150.7705,0,91363.0000,135222.0000
2024-09-01,2024,9,Cundinamarca,11,Informatica y telecomunicaciones,0,225.7737,-16.0000,5.8115,19.2300,42134.5416,-15.3000,6.1157,19.4700,45150.7705,0,91363.0000,135222.0000
2024-09-01,2024,9,Cundinamarca,12,Sonido y video,0,134.6278,-16.0000,5.8115,19.2300,42134.5416,-15.3000,6.1157,19.4700,45150.7705,0,91363.0000,135222.0000
2024-09-01,2024,9,Cundinamarca,14,"Ferreteria, vidrios y pinturas",0,128.5033,-16.0000,5.8115,19.2300,42134.5416,-15.3000,6.1157,19.4700,45150.7705,0,91363.0000,135222.0000
2024-09-01,2024,9,Cundinamarca,15,Otras mercancias de uso domestico,0,145.1326,-16.0000,5.8115,19.2300,42134.5416,-15.3000,6.1157,19.4700,45150.7705,0,91363.0000,135222.0000
2024-09-01,2024,9,Santander,4,Prendas de vestir y textiles,0,77.2178,-16.0000,5.8115,19.2300,42134.5416,-15.3000,6.1157,19.4700,45150.7705,0,75655.0000,30335.0000
2024-09-01,2024,9,Santander,8,Electrodomesticos y muebles,1,110.4021,-16.0000,5.8115,19.2300,42134.5416,-15.3000,6.1157,19.4700,45150.7705,0,75655.0000,30335.0000
2024-09-01,2024,9,Santander,9,Articulos y utensilios domesticos,0,121.5192,-16.0000,5.8115,19.2300,42134.5416,-15.3000,6.1157,19.4700,45150.7705,0,75655.0000,30335.0000
2024-09-01,2024,9,Santander,10,Aseo del hogar,0,124.5427,-16.0000,5.8115,19.2300,42134.5416,-15.3000,6.1157,19.4700,45150.7705,0,75655.0000,30335.0000
2024-09-01,2024,9,Santander,11,Informatica y telecomunicaciones,0,152.2959,-16.0000,5.8115,19.2300,42134.5416,-15.3000,6.1157,19.4700,45150.7705,0,75655.0000,30335.0000
2024-09-01,2024,9,Santander,12,Sonido y video,0,119.3061,-16.0000,5.8115,19.2300,42134.5416,-15.3000,6.1157,19.4700,45150.7705,0,75655.0000,30335.0000
2024-09-01,2024,9,Santander,14,"Ferreteria, vidrios y pinturas",0,96.8017,-16.0000,5.8115,19.2300,42134.5416,-15.3000,6.1157,19.4700,45150.7705,0,75655.0000,30335.0000
2024-09-01,2024,9,Santander,15,Otras mercancias de uso domestico,0,115.7800,-16.0000,5.8115,19.2300,42134.5416,-15.3000,6.1157,19.4700,45150.7705,0,75655.0000,30335.0000
2024-09-01,2024,9,Valle del Cauca,4,Prendas de vestir y textiles,0,78.2239,-16.0000,5.8115,19.2300,42134.5416,-15.3000,6.1157,19.4700,45150.7705,0,184363.0000,108362.0000
2024-09-01,2024,9,Valle del Cauca,8,Electrodomesticos y muebles,1,109.4447,-16.0000,5.8115,19.2300,42134.5416,-15.3000,6.1157,19.4700,45150.7705,0,184363.0000,108362.0000
2024-09-01,2024,9,Valle del Cauca,9,Articulos y utensilios domesticos,0,95.5443,-16.0000,5.8115,19.2300,42134.5416,-15.3000,6.1157,19.4700,45150.7705,0,184363.0000,108362.0000
2024-09-01,2024,9,Valle del Cauca,10,Aseo del hogar,0,109.7595,-16.0000,5.8115,19.2300,42134.5416,-15.3000,6.1157,19.4700,45150.7705,0,184363.0000,108362.0000
2024-09-01,2024,9,Valle del Cauca,11,Informatica y telecomunicaciones,0,158.5896,-16.0000,5.8115,19.2300,42134.5416,-15.3000,6.1157,19.4700,45150.7705,0,184363.0000,108362.0000
2024-09-01,2024,9,Valle del Cauca,12,Sonido y video,0,114.9386,-16.0000,5.8115,19.2300,42134.5416,-15.3000,6.1157,19.4700,45150.7705,0,184363.0000,108362.0000
2024-09-01,2024,9,Valle del Cauca,14,"Ferreteria, vidrios y pinturas",0,95.9131,-16.0000,5.8115,19.2300,42134.5416,-15.3000,6.1157,19.4700,45150.7705,0,184363.0000,108362.0000
2024-09-01,2024,9,Valle del Cauca,15,Otras mercancias de uso domestico,0,110.5326,-16.0000,5.8115,19.2300,42134.5416,-15.3000,6.1157,19.4700,45150.7705,0,184363.0000,108362.0000
2024-09-01,2024,9,Otros departamentos,4,Prendas de vestir y textiles,0,82.2750,-16.0000,5.8115,19.2300,42134.5416,-15.3000,6.1157,19.4700,45150.7705,0,457054.0000,545485.0000
2024-09-01,2024,9,Otros departamentos,8,Electrodomesticos y muebles,1,118.7752,-16.0000,5.8115,19.2300,42134.5416,-15.3000,6.1157,19.4700,45150.7705,0,457054.0000,545485.0000
2024-09-01,2024,9,Otros departamentos,9,Articulos y utensilios domesticos,0,128.0118,-16.0000,5.8115,19.2300,42134.5416,-15.3000,6.1157,19.4700,45150.7705,0,457054.0000,545485.0000
2024-09-01,2024,9,Otros departamentos,10,Aseo del hogar,0,116.2788,-16.0000,5.8115,19.2300,42134.5416,-15.3000,6.1157,19.4700,45150.7705,0,457054.0000,545485.0000
2024-09-01,2024,9,Otros departamentos,11,Informatica y telecomunicaciones,0,180.6802,-16.0000,5.8115,19.2300,42134.5416,-15.3000,6.1157,19.4700,45150.7705,0,457054.0000,545485.0000
2024-09-01,2024,9,Otros departamentos,12,Sonido y video,0,120.7113,-16.0000,5.8115,19.2300,42134.5416,-15.3000,6.1157,19.4700,45150.7705,0,457054.0000,545485.0000
2024-09-01,2024,9,Otros departamentos,14,"Ferreteria, vidrios y pinturas",0,91.2267,-16.0000,5.8115,19.2300,42134.5416,-15.3000,6.1157,19.4700,45150.7705,0,457054.0000,545485.0000
2024-09-01,2024,9,Otros departamentos,15,Otras mercancias de uso domestico,0,106.5708,-16.0000,5.8115,19.2300,42134.5416,-15.3000,6.1157,19.4700,45150.7705,0,457054.0000,545485.0000
2024-10-01,2024,10,Antioquia,4,Prendas de vestir y textiles,0,111.1989,-3.7000,5.4086,18.7800,39459.9490,-16.0000,5.8115,19.2300,42134.5416,0,223288.0000,335610.0000
2024-10-01,2024,10,Antioquia,8,Electrodomesticos y muebles,1,134.1274,-3.7000,5.4086,18.7800,39459.9490,-16.0000,5.8115,19.2300,42134.5416,0,223288.0000,335610.0000
2024-10-01,2024,10,Antioquia,9,Articulos y utensilios domesticos,0,160.4832,-3.7000,5.4086,18.7800,39459.9490,-16.0000,5.8115,19.2300,42134.5416,0,223288.0000,335610.0000
2024-10-01,2024,10,Antioquia,10,Aseo del hogar,0,123.7404,-3.7000,5.4086,18.7800,39459.9490,-16.0000,5.8115,19.2300,42134.5416,0,223288.0000,335610.0000
2024-10-01,2024,10,Antioquia,11,Informatica y telecomunicaciones,0,208.4628,-3.7000,5.4086,18.7800,39459.9490,-16.0000,5.8115,19.2300,42134.5416,0,223288.0000,335610.0000
2024-10-01,2024,10,Antioquia,12,Sonido y video,0,126.1832,-3.7000,5.4086,18.7800,39459.9490,-16.0000,5.8115,19.2300,42134.5416,0,223288.0000,335610.0000
2024-10-01,2024,10,Antioquia,14,"Ferreteria, vidrios y pinturas",0,113.2433,-3.7000,5.4086,18.7800,39459.9490,-16.0000,5.8115,19.2300,42134.5416,0,223288.0000,335610.0000
2024-10-01,2024,10,Antioquia,15,Otras mercancias de uso domestico,0,120.1147,-3.7000,5.4086,18.7800,39459.9490,-16.0000,5.8115,19.2300,42134.5416,0,223288.0000,335610.0000
2024-10-01,2024,10,Atlantico,4,Prendas de vestir y textiles,0,77.7223,-3.7000,5.4086,18.7800,39459.9490,-16.0000,5.8115,19.2300,42134.5416,0,10489.0000,108682.0000
2024-10-01,2024,10,Atlantico,8,Electrodomesticos y muebles,1,94.6587,-3.7000,5.4086,18.7800,39459.9490,-16.0000,5.8115,19.2300,42134.5416,0,10489.0000,108682.0000
2024-10-01,2024,10,Atlantico,9,Articulos y utensilios domesticos,0,124.9690,-3.7000,5.4086,18.7800,39459.9490,-16.0000,5.8115,19.2300,42134.5416,0,10489.0000,108682.0000
2024-10-01,2024,10,Atlantico,10,Aseo del hogar,0,99.0720,-3.7000,5.4086,18.7800,39459.9490,-16.0000,5.8115,19.2300,42134.5416,0,10489.0000,108682.0000
2024-10-01,2024,10,Atlantico,11,Informatica y telecomunicaciones,0,158.4434,-3.7000,5.4086,18.7800,39459.9490,-16.0000,5.8115,19.2300,42134.5416,0,10489.0000,108682.0000
2024-10-01,2024,10,Atlantico,12,Sonido y video,0,95.4971,-3.7000,5.4086,18.7800,39459.9490,-16.0000,5.8115,19.2300,42134.5416,0,10489.0000,108682.0000
2024-10-01,2024,10,Atlantico,14,"Ferreteria, vidrios y pinturas",0,77.9311,-3.7000,5.4086,18.7800,39459.9490,-16.0000,5.8115,19.2300,42134.5416,0,10489.0000,108682.0000
2024-10-01,2024,10,Atlantico,15,Otras mercancias de uso domestico,0,108.0325,-3.7000,5.4086,18.7800,39459.9490,-16.0000,5.8115,19.2300,42134.5416,0,10489.0000,108682.0000
2024-10-01,2024,10,Bogota,4,Prendas de vestir y textiles,0,119.7261,-3.7000,5.4086,18.7800,39459.9490,-16.0000,5.8115,19.2300,42134.5416,0,144669.0000,232490.0000
2024-10-01,2024,10,Bogota,8,Electrodomesticos y muebles,1,135.8647,-3.7000,5.4086,18.7800,39459.9490,-16.0000,5.8115,19.2300,42134.5416,0,144669.0000,232490.0000
2024-10-01,2024,10,Bogota,9,Articulos y utensilios domesticos,0,152.0433,-3.7000,5.4086,18.7800,39459.9490,-16.0000,5.8115,19.2300,42134.5416,0,144669.0000,232490.0000
2024-10-01,2024,10,Bogota,10,Aseo del hogar,0,148.0001,-3.7000,5.4086,18.7800,39459.9490,-16.0000,5.8115,19.2300,42134.5416,0,144669.0000,232490.0000
2024-10-01,2024,10,Bogota,11,Informatica y telecomunicaciones,0,196.4854,-3.7000,5.4086,18.7800,39459.9490,-16.0000,5.8115,19.2300,42134.5416,0,144669.0000,232490.0000
2024-10-01,2024,10,Bogota,12,Sonido y video,0,136.6751,-3.7000,5.4086,18.7800,39459.9490,-16.0000,5.8115,19.2300,42134.5416,0,144669.0000,232490.0000
2024-10-01,2024,10,Bogota,14,"Ferreteria, vidrios y pinturas",0,106.8321,-3.7000,5.4086,18.7800,39459.9490,-16.0000,5.8115,19.2300,42134.5416,0,144669.0000,232490.0000
2024-10-01,2024,10,Bogota,15,Otras mercancias de uso domestico,0,143.4900,-3.7000,5.4086,18.7800,39459.9490,-16.0000,5.8115,19.2300,42134.5416,0,144669.0000,232490.0000
2024-10-01,2024,10,Cundinamarca,4,Prendas de vestir y textiles,0,125.8158,-3.7000,5.4086,18.7800,39459.9490,-16.0000,5.8115,19.2300,42134.5416,0,88087.0000,91363.0000
2024-10-01,2024,10,Cundinamarca,8,Electrodomesticos y muebles,1,160.2339,-3.7000,5.4086,18.7800,39459.9490,-16.0000,5.8115,19.2300,42134.5416,0,88087.0000,91363.0000
2024-10-01,2024,10,Cundinamarca,9,Articulos y utensilios domesticos,0,186.7243,-3.7000,5.4086,18.7800,39459.9490,-16.0000,5.8115,19.2300,42134.5416,0,88087.0000,91363.0000
2024-10-01,2024,10,Cundinamarca,10,Aseo del hogar,0,140.4832,-3.7000,5.4086,18.7800,39459.9490,-16.0000,5.8115,19.2300,42134.5416,0,88087.0000,91363.0000
2024-10-01,2024,10,Cundinamarca,11,Informatica y telecomunicaciones,0,220.8139,-3.7000,5.4086,18.7800,39459.9490,-16.0000,5.8115,19.2300,42134.5416,0,88087.0000,91363.0000
2024-10-01,2024,10,Cundinamarca,12,Sonido y video,0,141.2129,-3.7000,5.4086,18.7800,39459.9490,-16.0000,5.8115,19.2300,42134.5416,0,88087.0000,91363.0000
2024-10-01,2024,10,Cundinamarca,14,"Ferreteria, vidrios y pinturas",0,145.9992,-3.7000,5.4086,18.7800,39459.9490,-16.0000,5.8115,19.2300,42134.5416,0,88087.0000,91363.0000
2024-10-01,2024,10,Cundinamarca,15,Otras mercancias de uso domestico,0,144.3507,-3.7000,5.4086,18.7800,39459.9490,-16.0000,5.8115,19.2300,42134.5416,0,88087.0000,91363.0000
2024-10-01,2024,10,Santander,4,Prendas de vestir y textiles,0,92.1996,-3.7000,5.4086,18.7800,39459.9490,-16.0000,5.8115,19.2300,42134.5416,0,36377.0000,75655.0000
2024-10-01,2024,10,Santander,8,Electrodomesticos y muebles,1,132.7245,-3.7000,5.4086,18.7800,39459.9490,-16.0000,5.8115,19.2300,42134.5416,0,36377.0000,75655.0000
2024-10-01,2024,10,Santander,9,Articulos y utensilios domesticos,0,149.0532,-3.7000,5.4086,18.7800,39459.9490,-16.0000,5.8115,19.2300,42134.5416,0,36377.0000,75655.0000
2024-10-01,2024,10,Santander,10,Aseo del hogar,0,144.5003,-3.7000,5.4086,18.7800,39459.9490,-16.0000,5.8115,19.2300,42134.5416,0,36377.0000,75655.0000
2024-10-01,2024,10,Santander,11,Informatica y telecomunicaciones,0,151.4947,-3.7000,5.4086,18.7800,39459.9490,-16.0000,5.8115,19.2300,42134.5416,0,36377.0000,75655.0000
2024-10-01,2024,10,Santander,12,Sonido y video,0,115.0166,-3.7000,5.4086,18.7800,39459.9490,-16.0000,5.8115,19.2300,42134.5416,0,36377.0000,75655.0000
2024-10-01,2024,10,Santander,14,"Ferreteria, vidrios y pinturas",0,115.4034,-3.7000,5.4086,18.7800,39459.9490,-16.0000,5.8115,19.2300,42134.5416,0,36377.0000,75655.0000
2024-10-01,2024,10,Santander,15,Otras mercancias de uso domestico,0,132.9607,-3.7000,5.4086,18.7800,39459.9490,-16.0000,5.8115,19.2300,42134.5416,0,36377.0000,75655.0000
2024-10-01,2024,10,Valle del Cauca,4,Prendas de vestir y textiles,0,90.1269,-3.7000,5.4086,18.7800,39459.9490,-16.0000,5.8115,19.2300,42134.5416,0,89282.0000,184363.0000
2024-10-01,2024,10,Valle del Cauca,8,Electrodomesticos y muebles,1,107.6830,-3.7000,5.4086,18.7800,39459.9490,-16.0000,5.8115,19.2300,42134.5416,0,89282.0000,184363.0000
2024-10-01,2024,10,Valle del Cauca,9,Articulos y utensilios domesticos,0,121.9799,-3.7000,5.4086,18.7800,39459.9490,-16.0000,5.8115,19.2300,42134.5416,0,89282.0000,184363.0000
2024-10-01,2024,10,Valle del Cauca,10,Aseo del hogar,0,112.3595,-3.7000,5.4086,18.7800,39459.9490,-16.0000,5.8115,19.2300,42134.5416,0,89282.0000,184363.0000
2024-10-01,2024,10,Valle del Cauca,11,Informatica y telecomunicaciones,0,171.0329,-3.7000,5.4086,18.7800,39459.9490,-16.0000,5.8115,19.2300,42134.5416,0,89282.0000,184363.0000
2024-10-01,2024,10,Valle del Cauca,12,Sonido y video,0,134.7973,-3.7000,5.4086,18.7800,39459.9490,-16.0000,5.8115,19.2300,42134.5416,0,89282.0000,184363.0000
2024-10-01,2024,10,Valle del Cauca,14,"Ferreteria, vidrios y pinturas",0,102.3214,-3.7000,5.4086,18.7800,39459.9490,-16.0000,5.8115,19.2300,42134.5416,0,89282.0000,184363.0000
2024-10-01,2024,10,Valle del Cauca,15,Otras mercancias de uso domestico,0,116.6996,-3.7000,5.4086,18.7800,39459.9490,-16.0000,5.8115,19.2300,42134.5416,0,89282.0000,184363.0000
2024-10-01,2024,10,Otros departamentos,4,Prendas de vestir y textiles,0,83.4793,-3.7000,5.4086,18.7800,39459.9490,-16.0000,5.8115,19.2300,42134.5416,0,401892.0000,457054.0000
2024-10-01,2024,10,Otros departamentos,8,Electrodomesticos y muebles,1,114.1279,-3.7000,5.4086,18.7800,39459.9490,-16.0000,5.8115,19.2300,42134.5416,0,401892.0000,457054.0000
2024-10-01,2024,10,Otros departamentos,9,Articulos y utensilios domesticos,0,164.2777,-3.7000,5.4086,18.7800,39459.9490,-16.0000,5.8115,19.2300,42134.5416,0,401892.0000,457054.0000
2024-10-01,2024,10,Otros departamentos,10,Aseo del hogar,0,121.9505,-3.7000,5.4086,18.7800,39459.9490,-16.0000,5.8115,19.2300,42134.5416,0,401892.0000,457054.0000
2024-10-01,2024,10,Otros departamentos,11,Informatica y telecomunicaciones,0,176.5534,-3.7000,5.4086,18.7800,39459.9490,-16.0000,5.8115,19.2300,42134.5416,0,401892.0000,457054.0000
2024-10-01,2024,10,Otros departamentos,12,Sonido y video,0,128.7495,-3.7000,5.4086,18.7800,39459.9490,-16.0000,5.8115,19.2300,42134.5416,0,401892.0000,457054.0000
2024-10-01,2024,10,Otros departamentos,14,"Ferreteria, vidrios y pinturas",0,109.3685,-3.7000,5.4086,18.7800,39459.9490,-16.0000,5.8115,19.2300,42134.5416,0,401892.0000,457054.0000
2024-10-01,2024,10,Otros departamentos,15,Otras mercancias de uso domestico,0,121.8555,-3.7000,5.4086,18.7800,39459.9490,-16.0000,5.8115,19.2300,42134.5416,0,401892.0000,457054.0000
2024-11-01,2024,11,Antioquia,4,Prendas de vestir y textiles,0,131.4612,-5.7000,5.2010,18.6000,46738.1667,-3.7000,5.4086,18.7800,39459.9490,0,170926.0000,223288.0000
2024-11-01,2024,11,Antioquia,8,Electrodomesticos y muebles,1,156.0095,-5.7000,5.2010,18.6000,46738.1667,-3.7000,5.4086,18.7800,39459.9490,0,170926.0000,223288.0000
2024-11-01,2024,11,Antioquia,9,Articulos y utensilios domesticos,0,173.1894,-5.7000,5.2010,18.6000,46738.1667,-3.7000,5.4086,18.7800,39459.9490,0,170926.0000,223288.0000
2024-11-01,2024,11,Antioquia,10,Aseo del hogar,0,118.0121,-5.7000,5.2010,18.6000,46738.1667,-3.7000,5.4086,18.7800,39459.9490,0,170926.0000,223288.0000
2024-11-01,2024,11,Antioquia,11,Informatica y telecomunicaciones,0,293.6699,-5.7000,5.2010,18.6000,46738.1667,-3.7000,5.4086,18.7800,39459.9490,0,170926.0000,223288.0000
2024-11-01,2024,11,Antioquia,12,Sonido y video,0,195.7406,-5.7000,5.2010,18.6000,46738.1667,-3.7000,5.4086,18.7800,39459.9490,0,170926.0000,223288.0000
2024-11-01,2024,11,Antioquia,14,"Ferreteria, vidrios y pinturas",0,130.7838,-5.7000,5.2010,18.6000,46738.1667,-3.7000,5.4086,18.7800,39459.9490,0,170926.0000,223288.0000
2024-11-01,2024,11,Antioquia,15,Otras mercancias de uso domestico,0,156.0100,-5.7000,5.2010,18.6000,46738.1667,-3.7000,5.4086,18.7800,39459.9490,0,170926.0000,223288.0000
2024-11-01,2024,11,Atlantico,4,Prendas de vestir y textiles,0,108.8585,-5.7000,5.2010,18.6000,46738.1667,-3.7000,5.4086,18.7800,39459.9490,0,104632.0000,10489.0000
2024-11-01,2024,11,Atlantico,8,Electrodomesticos y muebles,1,111.7122,-5.7000,5.2010,18.6000,46738.1667,-3.7000,5.4086,18.7800,39459.9490,0,104632.0000,10489.0000
2024-11-01,2024,11,Atlantico,9,Articulos y utensilios domesticos,0,149.6032,-5.7000,5.2010,18.6000,46738.1667,-3.7000,5.4086,18.7800,39459.9490,0,104632.0000,10489.0000
2024-11-01,2024,11,Atlantico,10,Aseo del hogar,0,96.3656,-5.7000,5.2010,18.6000,46738.1667,-3.7000,5.4086,18.7800,39459.9490,0,104632.0000,10489.0000
2024-11-01,2024,11,Atlantico,11,Informatica y telecomunicaciones,0,234.1676,-5.7000,5.2010,18.6000,46738.1667,-3.7000,5.4086,18.7800,39459.9490,0,104632.0000,10489.0000
2024-11-01,2024,11,Atlantico,12,Sonido y video,0,160.2774,-5.7000,5.2010,18.6000,46738.1667,-3.7000,5.4086,18.7800,39459.9490,0,104632.0000,10489.0000
2024-11-01,2024,11,Atlantico,14,"Ferreteria, vidrios y pinturas",0,87.5192,-5.7000,5.2010,18.6000,46738.1667,-3.7000,5.4086,18.7800,39459.9490,0,104632.0000,10489.0000
2024-11-01,2024,11,Atlantico,15,Otras mercancias de uso domestico,0,153.8017,-5.7000,5.2010,18.6000,46738.1667,-3.7000,5.4086,18.7800,39459.9490,0,104632.0000,10489.0000
2024-11-01,2024,11,Bogota,4,Prendas de vestir y textiles,0,162.9629,-5.7000,5.2010,18.6000,46738.1667,-3.7000,5.4086,18.7800,39459.9490,0,102295.0000,144669.0000
2024-11-01,2024,11,Bogota,8,Electrodomesticos y muebles,1,179.0034,-5.7000,5.2010,18.6000,46738.1667,-3.7000,5.4086,18.7800,39459.9490,0,102295.0000,144669.0000
2024-11-01,2024,11,Bogota,9,Articulos y utensilios domesticos,0,193.9830,-5.7000,5.2010,18.6000,46738.1667,-3.7000,5.4086,18.7800,39459.9490,0,102295.0000,144669.0000
2024-11-01,2024,11,Bogota,10,Aseo del hogar,0,160.2823,-5.7000,5.2010,18.6000,46738.1667,-3.7000,5.4086,18.7800,39459.9490,0,102295.0000,144669.0000
2024-11-01,2024,11,Bogota,11,Informatica y telecomunicaciones,0,273.4909,-5.7000,5.2010,18.6000,46738.1667,-3.7000,5.4086,18.7800,39459.9490,0,102295.0000,144669.0000
2024-11-01,2024,11,Bogota,12,Sonido y video,0,234.8446,-5.7000,5.2010,18.6000,46738.1667,-3.7000,5.4086,18.7800,39459.9490,0,102295.0000,144669.0000
2024-11-01,2024,11,Bogota,14,"Ferreteria, vidrios y pinturas",0,113.4712,-5.7000,5.2010,18.6000,46738.1667,-3.7000,5.4086,18.7800,39459.9490,0,102295.0000,144669.0000
2024-11-01,2024,11,Bogota,15,Otras mercancias de uso domestico,0,175.6132,-5.7000,5.2010,18.6000,46738.1667,-3.7000,5.4086,18.7800,39459.9490,0,102295.0000,144669.0000
2024-11-01,2024,11,Cundinamarca,4,Prendas de vestir y textiles,0,154.0776,-5.7000,5.2010,18.6000,46738.1667,-3.7000,5.4086,18.7800,39459.9490,0,113818.0000,88087.0000
2024-11-01,2024,11,Cundinamarca,8,Electrodomesticos y muebles,1,190.9898,-5.7000,5.2010,18.6000,46738.1667,-3.7000,5.4086,18.7800,39459.9490,0,113818.0000,88087.0000
2024-11-01,2024,11,Cundinamarca,9,Articulos y utensilios domesticos,0,189.8712,-5.7000,5.2010,18.6000,46738.1667,-3.7000,5.4086,18.7800,39459.9490,0,113818.0000,88087.0000
2024-11-01,2024,11,Cundinamarca,10,Aseo del hogar,0,131.7500,-5.7000,5.2010,18.6000,46738.1667,-3.7000,5.4086,18.7800,39459.9490,0,113818.0000,88087.0000
2024-11-01,2024,11,Cundinamarca,11,Informatica y telecomunicaciones,0,307.9493,-5.7000,5.2010,18.6000,46738.1667,-3.7000,5.4086,18.7800,39459.9490,0,113818.0000,88087.0000
2024-11-01,2024,11,Cundinamarca,12,Sonido y video,0,211.4617,-5.7000,5.2010,18.6000,46738.1667,-3.7000,5.4086,18.7800,39459.9490,0,113818.0000,88087.0000
2024-11-01,2024,11,Cundinamarca,14,"Ferreteria, vidrios y pinturas",0,146.2015,-5.7000,5.2010,18.6000,46738.1667,-3.7000,5.4086,18.7800,39459.9490,0,113818.0000,88087.0000
2024-11-01,2024,11,Cundinamarca,15,Otras mercancias de uso domestico,0,212.4235,-5.7000,5.2010,18.6000,46738.1667,-3.7000,5.4086,18.7800,39459.9490,0,113818.0000,88087.0000
2024-11-01,2024,11,Santander,4,Prendas de vestir y textiles,0,120.1320,-5.7000,5.2010,18.6000,46738.1667,-3.7000,5.4086,18.7800,39459.9490,0,101638.0000,36377.0000
2024-11-01,2024,11,Santander,8,Electrodomesticos y muebles,1,144.6883,-5.7000,5.2010,18.6000,46738.1667,-3.7000,5.4086,18.7800,39459.9490,0,101638.0000,36377.0000
2024-11-01,2024,11,Santander,9,Articulos y utensilios domesticos,0,155.8279,-5.7000,5.2010,18.6000,46738.1667,-3.7000,5.4086,18.7800,39459.9490,0,101638.0000,36377.0000
2024-11-01,2024,11,Santander,10,Aseo del hogar,0,128.2420,-5.7000,5.2010,18.6000,46738.1667,-3.7000,5.4086,18.7800,39459.9490,0,101638.0000,36377.0000
2024-11-01,2024,11,Santander,11,Informatica y telecomunicaciones,0,219.5030,-5.7000,5.2010,18.6000,46738.1667,-3.7000,5.4086,18.7800,39459.9490,0,101638.0000,36377.0000
2024-11-01,2024,11,Santander,12,Sonido y video,0,183.6729,-5.7000,5.2010,18.6000,46738.1667,-3.7000,5.4086,18.7800,39459.9490,0,101638.0000,36377.0000
2024-11-01,2024,11,Santander,14,"Ferreteria, vidrios y pinturas",0,117.5638,-5.7000,5.2010,18.6000,46738.1667,-3.7000,5.4086,18.7800,39459.9490,0,101638.0000,36377.0000
2024-11-01,2024,11,Santander,15,Otras mercancias de uso domestico,0,153.9343,-5.7000,5.2010,18.6000,46738.1667,-3.7000,5.4086,18.7800,39459.9490,0,101638.0000,36377.0000
2024-11-01,2024,11,Valle del Cauca,4,Prendas de vestir y textiles,0,123.5561,-5.7000,5.2010,18.6000,46738.1667,-3.7000,5.4086,18.7800,39459.9490,0,352347.0000,89282.0000
2024-11-01,2024,11,Valle del Cauca,8,Electrodomesticos y muebles,1,121.8985,-5.7000,5.2010,18.6000,46738.1667,-3.7000,5.4086,18.7800,39459.9490,0,352347.0000,89282.0000
2024-11-01,2024,11,Valle del Cauca,9,Articulos y utensilios domesticos,0,140.9594,-5.7000,5.2010,18.6000,46738.1667,-3.7000,5.4086,18.7800,39459.9490,0,352347.0000,89282.0000
2024-11-01,2024,11,Valle del Cauca,10,Aseo del hogar,0,111.1690,-5.7000,5.2010,18.6000,46738.1667,-3.7000,5.4086,18.7800,39459.9490,0,352347.0000,89282.0000
2024-11-01,2024,11,Valle del Cauca,11,Informatica y telecomunicaciones,0,249.8422,-5.7000,5.2010,18.6000,46738.1667,-3.7000,5.4086,18.7800,39459.9490,0,352347.0000,89282.0000
2024-11-01,2024,11,Valle del Cauca,12,Sonido y video,0,201.9070,-5.7000,5.2010,18.6000,46738.1667,-3.7000,5.4086,18.7800,39459.9490,0,352347.0000,89282.0000
2024-11-01,2024,11,Valle del Cauca,14,"Ferreteria, vidrios y pinturas",0,104.3287,-5.7000,5.2010,18.6000,46738.1667,-3.7000,5.4086,18.7800,39459.9490,0,352347.0000,89282.0000
2024-11-01,2024,11,Valle del Cauca,15,Otras mercancias de uso domestico,0,147.9857,-5.7000,5.2010,18.6000,46738.1667,-3.7000,5.4086,18.7800,39459.9490,0,352347.0000,89282.0000
2024-11-01,2024,11,Otros departamentos,4,Prendas de vestir y textiles,0,103.3509,-5.7000,5.2010,18.6000,46738.1667,-3.7000,5.4086,18.7800,39459.9490,0,539350.0000,401892.0000
2024-11-01,2024,11,Otros departamentos,8,Electrodomesticos y muebles,1,140.6779,-5.7000,5.2010,18.6000,46738.1667,-3.7000,5.4086,18.7800,39459.9490,0,539350.0000,401892.0000
2024-11-01,2024,11,Otros departamentos,9,Articulos y utensilios domesticos,0,181.3186,-5.7000,5.2010,18.6000,46738.1667,-3.7000,5.4086,18.7800,39459.9490,0,539350.0000,401892.0000
2024-11-01,2024,11,Otros departamentos,10,Aseo del hogar,0,124.5785,-5.7000,5.2010,18.6000,46738.1667,-3.7000,5.4086,18.7800,39459.9490,0,539350.0000,401892.0000
2024-11-01,2024,11,Otros departamentos,11,Informatica y telecomunicaciones,0,224.1492,-5.7000,5.2010,18.6000,46738.1667,-3.7000,5.4086,18.7800,39459.9490,0,539350.0000,401892.0000
2024-11-01,2024,11,Otros departamentos,12,Sonido y video,0,176.5718,-5.7000,5.2010,18.6000,46738.1667,-3.7000,5.4086,18.7800,39459.9490,0,539350.0000,401892.0000
2024-11-01,2024,11,Otros departamentos,14,"Ferreteria, vidrios y pinturas",0,112.7776,-5.7000,5.2010,18.6000,46738.1667,-3.7000,5.4086,18.7800,39459.9490,0,539350.0000,401892.0000
2024-11-01,2024,11,Otros departamentos,15,Otras mercancias de uso domestico,0,125.4036,-5.7000,5.2010,18.6000,46738.1667,-3.7000,5.4086,18.7800,39459.9490,0,539350.0000,401892.0000
2024-12-01,2024,12,Antioquia,4,Prendas de vestir y textiles,0,280.8185,-3.4000,5.1990,17.5900,38354.1573,-5.7000,5.2010,18.6000,46738.1667,0,361615.0000,170926.0000
2024-12-01,2024,12,Antioquia,8,Electrodomesticos y muebles,1,169.3552,-3.4000,5.1990,17.5900,38354.1573,-5.7000,5.2010,18.6000,46738.1667,0,361615.0000,170926.0000
2024-12-01,2024,12,Antioquia,9,Articulos y utensilios domesticos,0,209.0043,-3.4000,5.1990,17.5900,38354.1573,-5.7000,5.2010,18.6000,46738.1667,0,361615.0000,170926.0000
2024-12-01,2024,12,Antioquia,10,Aseo del hogar,0,130.6781,-3.4000,5.1990,17.5900,38354.1573,-5.7000,5.2010,18.6000,46738.1667,0,361615.0000,170926.0000
2024-12-01,2024,12,Antioquia,11,Informatica y telecomunicaciones,0,320.6598,-3.4000,5.1990,17.5900,38354.1573,-5.7000,5.2010,18.6000,46738.1667,0,361615.0000,170926.0000
2024-12-01,2024,12,Antioquia,12,Sonido y video,0,195.3912,-3.4000,5.1990,17.5900,38354.1573,-5.7000,5.2010,18.6000,46738.1667,0,361615.0000,170926.0000
2024-12-01,2024,12,Antioquia,14,"Ferreteria, vidrios y pinturas",0,116.7320,-3.4000,5.1990,17.5900,38354.1573,-5.7000,5.2010,18.6000,46738.1667,0,361615.0000,170926.0000
2024-12-01,2024,12,Antioquia,15,Otras mercancias de uso domestico,0,193.0486,-3.4000,5.1990,17.5900,38354.1573,-5.7000,5.2010,18.6000,46738.1667,0,361615.0000,170926.0000
2024-12-01,2024,12,Atlantico,4,Prendas de vestir y textiles,0,236.6015,-3.4000,5.1990,17.5900,38354.1573,-5.7000,5.2010,18.6000,46738.1667,0,164148.0000,104632.0000
2024-12-01,2024,12,Atlantico,8,Electrodomesticos y muebles,1,130.0354,-3.4000,5.1990,17.5900,38354.1573,-5.7000,5.2010,18.6000,46738.1667,0,164148.0000,104632.0000
2024-12-01,2024,12,Atlantico,9,Articulos y utensilios domesticos,0,196.6976,-3.4000,5.1990,17.5900,38354.1573,-5.7000,5.2010,18.6000,46738.1667,0,164148.0000,104632.0000
2024-12-01,2024,12,Atlantico,10,Aseo del hogar,0,133.0766,-3.4000,5.1990,17.5900,38354.1573,-5.7000,5.2010,18.6000,46738.1667,0,164148.0000,104632.0000
2024-12-01,2024,12,Atlantico,11,Informatica y telecomunicaciones,0,293.9281,-3.4000,5.1990,17.5900,38354.1573,-5.7000,5.2010,18.6000,46738.1667,0,164148.0000,104632.0000
2024-12-01,2024,12,Atlantico,12,Sonido y video,0,183.8796,-3.4000,5.1990,17.5900,38354.1573,-5.7000,5.2010,18.6000,46738.1667,0,164148.0000,104632.0000
2024-12-01,2024,12,Atlantico,14,"Ferreteria, vidrios y pinturas",0,92.2844,-3.4000,5.1990,17.5900,38354.1573,-5.7000,5.2010,18.6000,46738.1667,0,164148.0000,104632.0000
2024-12-01,2024,12,Atlantico,15,Otras mercancias de uso domestico,0,194.4818,-3.4000,5.1990,17.5900,38354.1573,-5.7000,5.2010,18.6000,46738.1667,0,164148.0000,104632.0000
2024-12-01,2024,12,Bogota,4,Prendas de vestir y textiles,0,289.0819,-3.4000,5.1990,17.5900,38354.1573,-5.7000,5.2010,18.6000,46738.1667,0,327905.0000,102295.0000
2024-12-01,2024,12,Bogota,8,Electrodomesticos y muebles,1,162.4316,-3.4000,5.1990,17.5900,38354.1573,-5.7000,5.2010,18.6000,46738.1667,0,327905.0000,102295.0000
2024-12-01,2024,12,Bogota,9,Articulos y utensilios domesticos,0,221.0044,-3.4000,5.1990,17.5900,38354.1573,-5.7000,5.2010,18.6000,46738.1667,0,327905.0000,102295.0000
2024-12-01,2024,12,Bogota,10,Aseo del hogar,0,166.3205,-3.4000,5.1990,17.5900,38354.1573,-5.7000,5.2010,18.6000,46738.1667,0,327905.0000,102295.0000
2024-12-01,2024,12,Bogota,11,Informatica y telecomunicaciones,0,354.6734,-3.4000,5.1990,17.5900,38354.1573,-5.7000,5.2010,18.6000,46738.1667,0,327905.0000,102295.0000
2024-12-01,2024,12,Bogota,12,Sonido y video,0,207.7945,-3.4000,5.1990,17.5900,38354.1573,-5.7000,5.2010,18.6000,46738.1667,0,327905.0000,102295.0000
2024-12-01,2024,12,Bogota,14,"Ferreteria, vidrios y pinturas",0,109.3584,-3.4000,5.1990,17.5900,38354.1573,-5.7000,5.2010,18.6000,46738.1667,0,327905.0000,102295.0000
2024-12-01,2024,12,Bogota,15,Otras mercancias de uso domestico,0,204.1317,-3.4000,5.1990,17.5900,38354.1573,-5.7000,5.2010,18.6000,46738.1667,0,327905.0000,102295.0000
2024-12-01,2024,12,Cundinamarca,4,Prendas de vestir y textiles,0,299.8085,-3.4000,5.1990,17.5900,38354.1573,-5.7000,5.2010,18.6000,46738.1667,0,234581.0000,113818.0000
2024-12-01,2024,12,Cundinamarca,8,Electrodomesticos y muebles,1,193.7976,-3.4000,5.1990,17.5900,38354.1573,-5.7000,5.2010,18.6000,46738.1667,0,234581.0000,113818.0000
2024-12-01,2024,12,Cundinamarca,9,Articulos y utensilios domesticos,0,225.2752,-3.4000,5.1990,17.5900,38354.1573,-5.7000,5.2010,18.6000,46738.1667,0,234581.0000,113818.0000
2024-12-01,2024,12,Cundinamarca,10,Aseo del hogar,0,144.4276,-3.4000,5.1990,17.5900,38354.1573,-5.7000,5.2010,18.6000,46738.1667,0,234581.0000,113818.0000
2024-12-01,2024,12,Cundinamarca,11,Informatica y telecomunicaciones,0,384.9266,-3.4000,5.1990,17.5900,38354.1573,-5.7000,5.2010,18.6000,46738.1667,0,234581.0000,113818.0000
2024-12-01,2024,12,Cundinamarca,12,Sonido y video,0,218.9285,-3.4000,5.1990,17.5900,38354.1573,-5.7000,5.2010,18.6000,46738.1667,0,234581.0000,113818.0000
2024-12-01,2024,12,Cundinamarca,14,"Ferreteria, vidrios y pinturas",0,124.4997,-3.4000,5.1990,17.5900,38354.1573,-5.7000,5.2010,18.6000,46738.1667,0,234581.0000,113818.0000
2024-12-01,2024,12,Cundinamarca,15,Otras mercancias de uso domestico,0,246.6123,-3.4000,5.1990,17.5900,38354.1573,-5.7000,5.2010,18.6000,46738.1667,0,234581.0000,113818.0000
2024-12-01,2024,12,Santander,4,Prendas de vestir y textiles,0,244.7249,-3.4000,5.1990,17.5900,38354.1573,-5.7000,5.2010,18.6000,46738.1667,0,45052.0000,101638.0000
2024-12-01,2024,12,Santander,8,Electrodomesticos y muebles,1,154.6846,-3.4000,5.1990,17.5900,38354.1573,-5.7000,5.2010,18.6000,46738.1667,0,45052.0000,101638.0000
2024-12-01,2024,12,Santander,9,Articulos y utensilios domesticos,0,206.5421,-3.4000,5.1990,17.5900,38354.1573,-5.7000,5.2010,18.6000,46738.1667,0,45052.0000,101638.0000
2024-12-01,2024,12,Santander,10,Aseo del hogar,0,129.0938,-3.4000,5.1990,17.5900,38354.1573,-5.7000,5.2010,18.6000,46738.1667,0,45052.0000,101638.0000
2024-12-01,2024,12,Santander,11,Informatica y telecomunicaciones,0,286.0252,-3.4000,5.1990,17.5900,38354.1573,-5.7000,5.2010,18.6000,46738.1667,0,45052.0000,101638.0000
2024-12-01,2024,12,Santander,12,Sonido y video,0,190.5357,-3.4000,5.1990,17.5900,38354.1573,-5.7000,5.2010,18.6000,46738.1667,0,45052.0000,101638.0000
2024-12-01,2024,12,Santander,14,"Ferreteria, vidrios y pinturas",0,114.9412,-3.4000,5.1990,17.5900,38354.1573,-5.7000,5.2010,18.6000,46738.1667,0,45052.0000,101638.0000
2024-12-01,2024,12,Santander,15,Otras mercancias de uso domestico,0,206.4572,-3.4000,5.1990,17.5900,38354.1573,-5.7000,5.2010,18.6000,46738.1667,0,45052.0000,101638.0000
2024-12-01,2024,12,Valle del Cauca,4,Prendas de vestir y textiles,0,233.4808,-3.4000,5.1990,17.5900,38354.1573,-5.7000,5.2010,18.6000,46738.1667,0,364038.0000,352347.0000
2024-12-01,2024,12,Valle del Cauca,8,Electrodomesticos y muebles,1,116.8685,-3.4000,5.1990,17.5900,38354.1573,-5.7000,5.2010,18.6000,46738.1667,0,364038.0000,352347.0000
2024-12-01,2024,12,Valle del Cauca,9,Articulos y utensilios domesticos,0,173.6022,-3.4000,5.1990,17.5900,38354.1573,-5.7000,5.2010,18.6000,46738.1667,0,364038.0000,352347.0000
2024-12-01,2024,12,Valle del Cauca,10,Aseo del hogar,0,106.2198,-3.4000,5.1990,17.5900,38354.1573,-5.7000,5.2010,18.6000,46738.1667,0,364038.0000,352347.0000
2024-12-01,2024,12,Valle del Cauca,11,Informatica y telecomunicaciones,0,247.8994,-3.4000,5.1990,17.5900,38354.1573,-5.7000,5.2010,18.6000,46738.1667,0,364038.0000,352347.0000
2024-12-01,2024,12,Valle del Cauca,12,Sonido y video,0,148.0131,-3.4000,5.1990,17.5900,38354.1573,-5.7000,5.2010,18.6000,46738.1667,0,364038.0000,352347.0000
2024-12-01,2024,12,Valle del Cauca,14,"Ferreteria, vidrios y pinturas",0,90.1390,-3.4000,5.1990,17.5900,38354.1573,-5.7000,5.2010,18.6000,46738.1667,0,364038.0000,352347.0000
2024-12-01,2024,12,Valle del Cauca,15,Otras mercancias de uso domestico,0,160.2776,-3.4000,5.1990,17.5900,38354.1573,-5.7000,5.2010,18.6000,46738.1667,0,364038.0000,352347.0000
2024-12-01,2024,12,Otros departamentos,4,Prendas de vestir y textiles,0,265.6633,-3.4000,5.1990,17.5900,38354.1573,-5.7000,5.2010,18.6000,46738.1667,0,595510.0000,539350.0000
2024-12-01,2024,12,Otros departamentos,8,Electrodomesticos y muebles,1,147.5758,-3.4000,5.1990,17.5900,38354.1573,-5.7000,5.2010,18.6000,46738.1667,0,595510.0000,539350.0000
2024-12-01,2024,12,Otros departamentos,9,Articulos y utensilios domesticos,0,235.1115,-3.4000,5.1990,17.5900,38354.1573,-5.7000,5.2010,18.6000,46738.1667,0,595510.0000,539350.0000
2024-12-01,2024,12,Otros departamentos,10,Aseo del hogar,0,155.9913,-3.4000,5.1990,17.5900,38354.1573,-5.7000,5.2010,18.6000,46738.1667,0,595510.0000,539350.0000
2024-12-01,2024,12,Otros departamentos,11,Informatica y telecomunicaciones,0,300.3424,-3.4000,5.1990,17.5900,38354.1573,-5.7000,5.2010,18.6000,46738.1667,0,595510.0000,539350.0000
2024-12-01,2024,12,Otros departamentos,12,Sonido y video,0,212.6058,-3.4000,5.1990,17.5900,38354.1573,-5.7000,5.2010,18.6000,46738.1667,0,595510.0000,539350.0000
2024-12-01,2024,12,Otros departamentos,14,"Ferreteria, vidrios y pinturas",0,116.9262,-3.4000,5.1990,17.5900,38354.1573,-5.7000,5.2010,18.6000,46738.1667,0,595510.0000,539350.0000
2024-12-01,2024,12,Otros departamentos,15,Otras mercancias de uso domestico,0,192.9560,-3.4000,5.1990,17.5900,38354.1573,-5.7000,5.2010,18.6000,46738.1667,0,595510.0000,539350.0000
2025-01-01,2025,1,Antioquia,4,Prendas de vestir y textiles,0,94.7053,-1.1000,5.2238,16.5900,39350.4604,-3.4000,5.1990,17.5900,38354.1573,0,194348.0000,361615.0000
2025-01-01,2025,1,Antioquia,8,Electrodomesticos y muebles,1,157.6335,-1.1000,5.2238,16.5900,39350.4604,-3.4000,5.1990,17.5900,38354.1573,0,194348.0000,361615.0000
2025-01-01,2025,1,Antioquia,9,Articulos y utensilios domesticos,0,155.5699,-1.1000,5.2238,16.5900,39350.4604,-3.4000,5.1990,17.5900,38354.1573,0,194348.0000,361615.0000
2025-01-01,2025,1,Antioquia,10,Aseo del hogar,0,122.8766,-1.1000,5.2238,16.5900,39350.4604,-3.4000,5.1990,17.5900,38354.1573,0,194348.0000,361615.0000
2025-01-01,2025,1,Antioquia,11,Informatica y telecomunicaciones,0,232.2325,-1.1000,5.2238,16.5900,39350.4604,-3.4000,5.1990,17.5900,38354.1573,0,194348.0000,361615.0000
2025-01-01,2025,1,Antioquia,12,Sonido y video,0,128.2868,-1.1000,5.2238,16.5900,39350.4604,-3.4000,5.1990,17.5900,38354.1573,0,194348.0000,361615.0000
2025-01-01,2025,1,Antioquia,14,"Ferreteria, vidrios y pinturas",0,106.1553,-1.1000,5.2238,16.5900,39350.4604,-3.4000,5.1990,17.5900,38354.1573,0,194348.0000,361615.0000
2025-01-01,2025,1,Antioquia,15,Otras mercancias de uso domestico,0,116.4063,-1.1000,5.2238,16.5900,39350.4604,-3.4000,5.1990,17.5900,38354.1573,0,194348.0000,361615.0000
2025-01-01,2025,1,Atlantico,4,Prendas de vestir y textiles,0,72.7207,-1.1000,5.2238,16.5900,39350.4604,-3.4000,5.1990,17.5900,38354.1573,0,131536.0000,164148.0000
2025-01-01,2025,1,Atlantico,8,Electrodomesticos y muebles,1,114.0009,-1.1000,5.2238,16.5900,39350.4604,-3.4000,5.1990,17.5900,38354.1573,0,131536.0000,164148.0000
2025-01-01,2025,1,Atlantico,9,Articulos y utensilios domesticos,0,126.7956,-1.1000,5.2238,16.5900,39350.4604,-3.4000,5.1990,17.5900,38354.1573,0,131536.0000,164148.0000
2025-01-01,2025,1,Atlantico,10,Aseo del hogar,0,105.3789,-1.1000,5.2238,16.5900,39350.4604,-3.4000,5.1990,17.5900,38354.1573,0,131536.0000,164148.0000
2025-01-01,2025,1,Atlantico,11,Informatica y telecomunicaciones,0,209.3311,-1.1000,5.2238,16.5900,39350.4604,-3.4000,5.1990,17.5900,38354.1573,0,131536.0000,164148.0000
2025-01-01,2025,1,Atlantico,12,Sonido y video,0,113.2672,-1.1000,5.2238,16.5900,39350.4604,-3.4000,5.1990,17.5900,38354.1573,0,131536.0000,164148.0000
2025-01-01,2025,1,Atlantico,14,"Ferreteria, vidrios y pinturas",0,79.3860,-1.1000,5.2238,16.5900,39350.4604,-3.4000,5.1990,17.5900,38354.1573,0,131536.0000,164148.0000
2025-01-01,2025,1,Atlantico,15,Otras mercancias de uso domestico,0,108.3916,-1.1000,5.2238,16.5900,39350.4604,-3.4000,5.1990,17.5900,38354.1573,0,131536.0000,164148.0000
2025-01-01,2025,1,Bogota,4,Prendas de vestir y textiles,0,100.7156,-1.1000,5.2238,16.5900,39350.4604,-3.4000,5.1990,17.5900,38354.1573,0,115347.0000,327905.0000
2025-01-01,2025,1,Bogota,8,Electrodomesticos y muebles,1,153.2457,-1.1000,5.2238,16.5900,39350.4604,-3.4000,5.1990,17.5900,38354.1573,0,115347.0000,327905.0000
2025-01-01,2025,1,Bogota,9,Articulos y utensilios domesticos,0,158.9960,-1.1000,5.2238,16.5900,39350.4604,-3.4000,5.1990,17.5900,38354.1573,0,115347.0000,327905.0000
2025-01-01,2025,1,Bogota,10,Aseo del hogar,0,143.3712,-1.1000,5.2238,16.5900,39350.4604,-3.4000,5.1990,17.5900,38354.1573,0,115347.0000,327905.0000
2025-01-01,2025,1,Bogota,11,Informatica y telecomunicaciones,0,258.5823,-1.1000,5.2238,16.5900,39350.4604,-3.4000,5.1990,17.5900,38354.1573,0,115347.0000,327905.0000
2025-01-01,2025,1,Bogota,12,Sonido y video,0,132.4496,-1.1000,5.2238,16.5900,39350.4604,-3.4000,5.1990,17.5900,38354.1573,0,115347.0000,327905.0000
2025-01-01,2025,1,Bogota,14,"Ferreteria, vidrios y pinturas",0,110.5103,-1.1000,5.2238,16.5900,39350.4604,-3.4000,5.1990,17.5900,38354.1573,0,115347.0000,327905.0000
2025-01-01,2025,1,Bogota,15,Otras mercancias de uso domestico,0,122.3964,-1.1000,5.2238,16.5900,39350.4604,-3.4000,5.1990,17.5900,38354.1573,0,115347.0000,327905.0000
2025-01-01,2025,1,Cundinamarca,4,Prendas de vestir y textiles,0,96.8840,-1.1000,5.2238,16.5900,39350.4604,-3.4000,5.1990,17.5900,38354.1573,0,116247.0000,234581.0000
2025-01-01,2025,1,Cundinamarca,8,Electrodomesticos y muebles,1,179.2743,-1.1000,5.2238,16.5900,39350.4604,-3.4000,5.1990,17.5900,38354.1573,0,116247.0000,234581.0000
2025-01-01,2025,1,Cundinamarca,9,Articulos y utensilios domesticos,0,179.5951,-1.1000,5.2238,16.5900,39350.4604,-3.4000,5.1990,17.5900,38354.1573,0,116247.0000,234581.0000
2025-01-01,2025,1,Cundinamarca,10,Aseo del hogar,0,149.2282,-1.1000,5.2238,16.5900,39350.4604,-3.4000,5.1990,17.5900,38354.1573,0,116247.0000,234581.0000
2025-01-01,2025,1,Cundinamarca,11,Informatica y telecomunicaciones,0,289.0642,-1.1000,5.2238,16.5900,39350.4604,-3.4000,5.1990,17.5900,38354.1573,0,116247.0000,234581.0000
2025-01-01,2025,1,Cundinamarca,12,Sonido y video,0,157.3263,-1.1000,5.2238,16.5900,39350.4604,-3.4000,5.1990,17.5900,38354.1573,0,116247.0000,234581.0000
2025-01-01,2025,1,Cundinamarca,14,"Ferreteria, vidrios y pinturas",0,121.9027,-1.1000,5.2238,16.5900,39350.4604,-3.4000,5.1990,17.5900,38354.1573,0,116247.0000,234581.0000
2025-01-01,2025,1,Cundinamarca,15,Otras mercancias de uso domestico,0,158.0933,-1.1000,5.2238,16.5900,39350.4604,-3.4000,5.1990,17.5900,38354.1573,0,116247.0000,234581.0000
2025-01-01,2025,1,Santander,4,Prendas de vestir y textiles,0,78.6059,-1.1000,5.2238,16.5900,39350.4604,-3.4000,5.1990,17.5900,38354.1573,0,33766.0000,45052.0000
2025-01-01,2025,1,Santander,8,Electrodomesticos y muebles,1,146.2484,-1.1000,5.2238,16.5900,39350.4604,-3.4000,5.1990,17.5900,38354.1573,0,33766.0000,45052.0000
2025-01-01,2025,1,Santander,9,Articulos y utensilios domesticos,0,159.8968,-1.1000,5.2238,16.5900,39350.4604,-3.4000,5.1990,17.5900,38354.1573,0,33766.0000,45052.0000
2025-01-01,2025,1,Santander,10,Aseo del hogar,0,121.9597,-1.1000,5.2238,16.5900,39350.4604,-3.4000,5.1990,17.5900,38354.1573,0,33766.0000,45052.0000
2025-01-01,2025,1,Santander,11,Informatica y telecomunicaciones,0,237.0990,-1.1000,5.2238,16.5900,39350.4604,-3.4000,5.1990,17.5900,38354.1573,0,33766.0000,45052.0000
2025-01-01,2025,1,Santander,12,Sonido y video,0,121.5616,-1.1000,5.2238,16.5900,39350.4604,-3.4000,5.1990,17.5900,38354.1573,0,33766.0000,45052.0000
2025-01-01,2025,1,Santander,14,"Ferreteria, vidrios y pinturas",0,102.9605,-1.1000,5.2238,16.5900,39350.4604,-3.4000,5.1990,17.5900,38354.1573,0,33766.0000,45052.0000
2025-01-01,2025,1,Santander,15,Otras mercancias de uso domestico,0,116.4022,-1.1000,5.2238,16.5900,39350.4604,-3.4000,5.1990,17.5900,38354.1573,0,33766.0000,45052.0000
2025-01-01,2025,1,Valle del Cauca,4,Prendas de vestir y textiles,0,80.0657,-1.1000,5.2238,16.5900,39350.4604,-3.4000,5.1990,17.5900,38354.1573,0,237576.0000,364038.0000
2025-01-01,2025,1,Valle del Cauca,8,Electrodomesticos y muebles,1,115.4428,-1.1000,5.2238,16.5900,39350.4604,-3.4000,5.1990,17.5900,38354.1573,0,237576.0000,364038.0000
2025-01-01,2025,1,Valle del Cauca,9,Articulos y utensilios domesticos,0,119.5875,-1.1000,5.2238,16.5900,39350.4604,-3.4000,5.1990,17.5900,38354.1573,0,237576.0000,364038.0000
2025-01-01,2025,1,Valle del Cauca,10,Aseo del hogar,0,103.2721,-1.1000,5.2238,16.5900,39350.4604,-3.4000,5.1990,17.5900,38354.1573,0,237576.0000,364038.0000
2025-01-01,2025,1,Valle del Cauca,11,Informatica y telecomunicaciones,0,189.2575,-1.1000,5.2238,16.5900,39350.4604,-3.4000,5.1990,17.5900,38354.1573,0,237576.0000,364038.0000
2025-01-01,2025,1,Valle del Cauca,12,Sonido y video,0,93.3436,-1.1000,5.2238,16.5900,39350.4604,-3.4000,5.1990,17.5900,38354.1573,0,237576.0000,364038.0000
2025-01-01,2025,1,Valle del Cauca,14,"Ferreteria, vidrios y pinturas",0,100.6602,-1.1000,5.2238,16.5900,39350.4604,-3.4000,5.1990,17.5900,38354.1573,0,237576.0000,364038.0000
2025-01-01,2025,1,Valle del Cauca,15,Otras mercancias de uso domestico,0,97.6373,-1.1000,5.2238,16.5900,39350.4604,-3.4000,5.1990,17.5900,38354.1573,0,237576.0000,364038.0000
2025-01-01,2025,1,Otros departamentos,4,Prendas de vestir y textiles,0,88.1723,-1.1000,5.2238,16.5900,39350.4604,-3.4000,5.1990,17.5900,38354.1573,0,481213.0000,595510.0000
2025-01-01,2025,1,Otros departamentos,8,Electrodomesticos y muebles,1,146.8792,-1.1000,5.2238,16.5900,39350.4604,-3.4000,5.1990,17.5900,38354.1573,0,481213.0000,595510.0000
2025-01-01,2025,1,Otros departamentos,9,Articulos y utensilios domesticos,0,162.5014,-1.1000,5.2238,16.5900,39350.4604,-3.4000,5.1990,17.5900,38354.1573,0,481213.0000,595510.0000
2025-01-01,2025,1,Otros departamentos,10,Aseo del hogar,0,151.1117,-1.1000,5.2238,16.5900,39350.4604,-3.4000,5.1990,17.5900,38354.1573,0,481213.0000,595510.0000
2025-01-01,2025,1,Otros departamentos,11,Informatica y telecomunicaciones,0,208.3714,-1.1000,5.2238,16.5900,39350.4604,-3.4000,5.1990,17.5900,38354.1573,0,481213.0000,595510.0000
2025-01-01,2025,1,Otros departamentos,12,Sonido y video,0,126.7803,-1.1000,5.2238,16.5900,39350.4604,-3.4000,5.1990,17.5900,38354.1573,0,481213.0000,595510.0000
2025-01-01,2025,1,Otros departamentos,14,"Ferreteria, vidrios y pinturas",0,119.1567,-1.1000,5.2238,16.5900,39350.4604,-3.4000,5.1990,17.5900,38354.1573,0,481213.0000,595510.0000
2025-01-01,2025,1,Otros departamentos,15,Otras mercancias de uso domestico,0,128.1629,-1.1000,5.2238,16.5900,39350.4604,-3.4000,5.1990,17.5900,38354.1573,0,481213.0000,595510.0000
2025-02-01,2025,2,Antioquia,4,Prendas de vestir y textiles,0,74.1963,-12.0000,5.2744,17.5300,41251.7897,-1.1000,5.2238,16.5900,39350.4604,0,354882.0000,194348.0000
2025-02-01,2025,2,Antioquia,8,Electrodomesticos y muebles,1,141.7329,-12.0000,5.2744,17.5300,41251.7897,-1.1000,5.2238,16.5900,39350.4604,0,354882.0000,194348.0000
2025-02-01,2025,2,Antioquia,9,Articulos y utensilios domesticos,0,142.9408,-12.0000,5.2744,17.5300,41251.7897,-1.1000,5.2238,16.5900,39350.4604,0,354882.0000,194348.0000
2025-02-01,2025,2,Antioquia,10,Aseo del hogar,0,113.8112,-12.0000,5.2744,17.5300,41251.7897,-1.1000,5.2238,16.5900,39350.4604,0,354882.0000,194348.0000
2025-02-01,2025,2,Antioquia,11,Informatica y telecomunicaciones,0,230.9422,-12.0000,5.2744,17.5300,41251.7897,-1.1000,5.2238,16.5900,39350.4604,0,354882.0000,194348.0000
2025-02-01,2025,2,Antioquia,12,Sonido y video,0,134.2477,-12.0000,5.2744,17.5300,41251.7897,-1.1000,5.2238,16.5900,39350.4604,0,354882.0000,194348.0000
2025-02-01,2025,2,Antioquia,14,"Ferreteria, vidrios y pinturas",0,102.9151,-12.0000,5.2744,17.5300,41251.7897,-1.1000,5.2238,16.5900,39350.4604,0,354882.0000,194348.0000
2025-02-01,2025,2,Antioquia,15,Otras mercancias de uso domestico,0,97.3220,-12.0000,5.2744,17.5300,41251.7897,-1.1000,5.2238,16.5900,39350.4604,0,354882.0000,194348.0000
2025-02-01,2025,2,Atlantico,4,Prendas de vestir y textiles,0,57.0009,-12.0000,5.2744,17.5300,41251.7897,-1.1000,5.2238,16.5900,39350.4604,0,195014.0000,131536.0000
2025-02-01,2025,2,Atlantico,8,Electrodomesticos y muebles,1,113.7824,-12.0000,5.2744,17.5300,41251.7897,-1.1000,5.2238,16.5900,39350.4604,0,195014.0000,131536.0000
2025-02-01,2025,2,Atlantico,9,Articulos y utensilios domesticos,0,102.3078,-12.0000,5.2744,17.5300,41251.7897,-1.1000,5.2238,16.5900,39350.4604,0,195014.0000,131536.0000
2025-02-01,2025,2,Atlantico,10,Aseo del hogar,0,98.0046,-12.0000,5.2744,17.5300,41251.7897,-1.1000,5.2238,16.5900,39350.4604,0,195014.0000,131536.0000
2025-02-01,2025,2,Atlantico,11,Informatica y telecomunicaciones,0,188.9255,-12.0000,5.2744,17.5300,41251.7897,-1.1000,5.2238,16.5900,39350.4604,0,195014.0000,131536.0000
2025-02-01,2025,2,Atlantico,12,Sonido y video,0,120.5578,-12.0000,5.2744,17.5300,41251.7897,-1.1000,5.2238,16.5900,39350.4604,0,195014.0000,131536.0000
2025-02-01,2025,2,Atlantico,14,"Ferreteria, vidrios y pinturas",0,93.2859,-12.0000,5.2744,17.5300,41251.7897,-1.1000,5.2238,16.5900,39350.4604,0,195014.0000,131536.0000
2025-02-01,2025,2,Atlantico,15,Otras mercancias de uso domestico,0,90.9603,-12.0000,5.2744,17.5300,41251.7897,-1.1000,5.2238,16.5900,39350.4604,0,195014.0000,131536.0000
2025-02-01,2025,2,Bogota,4,Prendas de vestir y textiles,0,82.0624,-12.0000,5.2744,17.5300,41251.7897,-1.1000,5.2238,16.5900,39350.4604,0,145285.0000,115347.0000
2025-02-01,2025,2,Bogota,8,Electrodomesticos y muebles,1,139.6609,-12.0000,5.2744,17.5300,41251.7897,-1.1000,5.2238,16.5900,39350.4604,0,145285.0000,115347.0000
2025-02-01,2025,2,Bogota,9,Articulos y utensilios domesticos,0,138.7350,-12.0000,5.2744,17.5300,41251.7897,-1.1000,5.2238,16.5900,39350.4604,0,145285.0000,115347.0000
2025-02-01,2025,2,Bogota,10,Aseo del hogar,0,143.9035,-12.0000,5.2744,17.5300,41251.7897,-1.1000,5.2238,16.5900,39350.4604,0,145285.0000,115347.0000
2025-02-01,2025,2,Bogota,11,Informatica y telecomunicaciones,0,245.1137,-12.0000,5.2744,17.5300,41251.7897,-1.1000,5.2238,16.5900,39350.4604,0,145285.0000,115347.0000
2025-02-01,2025,2,Bogota,12,Sonido y video,0,129.0132,-12.0000,5.2744,17.5300,41251.7897,-1.1000,5.2238,16.5900,39350.4604,0,145285.0000,115347.0000
2025-02-01,2025,2,Bogota,14,"Ferreteria, vidrios y pinturas",0,103.7392,-12.0000,5.2744,17.5300,41251.7897,-1.1000,5.2238,16.5900,39350.4604,0,145285.0000,115347.0000
2025-02-01,2025,2,Bogota,15,Otras mercancias de uso domestico,0,120.1266,-12.0000,5.2744,17.5300,41251.7897,-1.1000,5.2238,16.5900,39350.4604,0,145285.0000,115347.0000
2025-02-01,2025,2,Cundinamarca,4,Prendas de vestir y textiles,0,70.1395,-12.0000,5.2744,17.5300,41251.7897,-1.1000,5.2238,16.5900,39350.4604,0,103230.0000,116247.0000
2025-02-01,2025,2,Cundinamarca,8,Electrodomesticos y muebles,1,168.2966,-12.0000,5.2744,17.5300,41251.7897,-1.1000,5.2238,16.5900,39350.4604,0,103230.0000,116247.0000
2025-02-01,2025,2,Cundinamarca,9,Articulos y utensilios domesticos,0,161.3883,-12.0000,5.2744,17.5300,41251.7897,-1.1000,5.2238,16.5900,39350.4604,0,103230.0000,116247.0000
2025-02-01,2025,2,Cundinamarca,10,Aseo del hogar,0,136.8044,-12.0000,5.2744,17.5300,41251.7897,-1.1000,5.2238,16.5900,39350.4604,0,103230.0000,116247.0000
2025-02-01,2025,2,Cundinamarca,11,Informatica y telecomunicaciones,0,300.8091,-12.0000,5.2744,17.5300,41251.7897,-1.1000,5.2238,16.5900,39350.4604,0,103230.0000,116247.0000
2025-02-01,2025,2,Cundinamarca,12,Sonido y video,0,165.6568,-12.0000,5.2744,17.5300,41251.7897,-1.1000,5.2238,16.5900,39350.4604,0,103230.0000,116247.0000
2025-02-01,2025,2,Cundinamarca,14,"Ferreteria, vidrios y pinturas",0,114.1890,-12.0000,5.2744,17.5300,41251.7897,-1.1000,5.2238,16.5900,39350.4604,0,103230.0000,116247.0000
2025-02-01,2025,2,Cundinamarca,15,Otras mercancias de uso domestico,0,157.3616,-12.0000,5.2744,17.5300,41251.7897,-1.1000,5.2238,16.5900,39350.4604,0,103230.0000,116247.0000
2025-02-01,2025,2,Santander,4,Prendas de vestir y textiles,0,63.7679,-12.0000,5.2744,17.5300,41251.7897,-1.1000,5.2238,16.5900,39350.4604,0,130944.0000,33766.0000
2025-02-01,2025,2,Santander,8,Electrodomesticos y muebles,1,152.5795,-12.0000,5.2744,17.5300,41251.7897,-1.1000,5.2238,16.5900,39350.4604,0,130944.0000,33766.0000
2025-02-01,2025,2,Santander,9,Articulos y utensilios domesticos,0,141.4904,-12.0000,5.2744,17.5300,41251.7897,-1.1000,5.2238,16.5900,39350.4604,0,130944.0000,33766.0000
2025-02-01,2025,2,Santander,10,Aseo del hogar,0,113.6880,-12.0000,5.2744,17.5300,41251.7897,-1.1000,5.2238,16.5900,39350.4604,0,130944.0000,33766.0000
2025-02-01,2025,2,Santander,11,Informatica y telecomunicaciones,0,231.2396,-12.0000,5.2744,17.5300,41251.7897,-1.1000,5.2238,16.5900,39350.4604,0,130944.0000,33766.0000
2025-02-01,2025,2,Santander,12,Sonido y video,0,123.1190,-12.0000,5.2744,17.5300,41251.7897,-1.1000,5.2238,16.5900,39350.4604,0,130944.0000,33766.0000
2025-02-01,2025,2,Santander,14,"Ferreteria, vidrios y pinturas",0,105.0503,-12.0000,5.2744,17.5300,41251.7897,-1.1000,5.2238,16.5900,39350.4604,0,130944.0000,33766.0000
2025-02-01,2025,2,Santander,15,Otras mercancias de uso domestico,0,102.8495,-12.0000,5.2744,17.5300,41251.7897,-1.1000,5.2238,16.5900,39350.4604,0,130944.0000,33766.0000
2025-02-01,2025,2,Valle del Cauca,4,Prendas de vestir y textiles,0,63.6475,-12.0000,5.2744,17.5300,41251.7897,-1.1000,5.2238,16.5900,39350.4604,0,134285.0000,237576.0000
2025-02-01,2025,2,Valle del Cauca,8,Electrodomesticos y muebles,1,108.9527,-12.0000,5.2744,17.5300,41251.7897,-1.1000,5.2238,16.5900,39350.4604,0,134285.0000,237576.0000
2025-02-01,2025,2,Valle del Cauca,9,Articulos y utensilios domesticos,0,101.6950,-12.0000,5.2744,17.5300,41251.7897,-1.1000,5.2238,16.5900,39350.4604,0,134285.0000,237576.0000
2025-02-01,2025,2,Valle del Cauca,10,Aseo del hogar,0,93.3699,-12.0000,5.2744,17.5300,41251.7897,-1.1000,5.2238,16.5900,39350.4604,0,134285.0000,237576.0000
2025-02-01,2025,2,Valle del Cauca,11,Informatica y telecomunicaciones,0,178.9715,-12.0000,5.2744,17.5300,41251.7897,-1.1000,5.2238,16.5900,39350.4604,0,134285.0000,237576.0000
2025-02-01,2025,2,Valle del Cauca,12,Sonido y video,0,94.9630,-12.0000,5.2744,17.5300,41251.7897,-1.1000,5.2238,16.5900,39350.4604,0,134285.0000,237576.0000
2025-02-01,2025,2,Valle del Cauca,14,"Ferreteria, vidrios y pinturas",0,96.9210,-12.0000,5.2744,17.5300,41251.7897,-1.1000,5.2238,16.5900,39350.4604,0,134285.0000,237576.0000
2025-02-01,2025,2,Valle del Cauca,15,Otras mercancias de uso domestico,0,90.6085,-12.0000,5.2744,17.5300,41251.7897,-1.1000,5.2238,16.5900,39350.4604,0,134285.0000,237576.0000
2025-02-01,2025,2,Otros departamentos,4,Prendas de vestir y textiles,0,83.2787,-12.0000,5.2744,17.5300,41251.7897,-1.1000,5.2238,16.5900,39350.4604,0,533883.0000,481213.0000
2025-02-01,2025,2,Otros departamentos,8,Electrodomesticos y muebles,1,126.7337,-12.0000,5.2744,17.5300,41251.7897,-1.1000,5.2238,16.5900,39350.4604,0,533883.0000,481213.0000
2025-02-01,2025,2,Otros departamentos,9,Articulos y utensilios domesticos,0,146.5825,-12.0000,5.2744,17.5300,41251.7897,-1.1000,5.2238,16.5900,39350.4604,0,533883.0000,481213.0000
2025-02-01,2025,2,Otros departamentos,10,Aseo del hogar,0,134.0738,-12.0000,5.2744,17.5300,41251.7897,-1.1000,5.2238,16.5900,39350.4604,0,533883.0000,481213.0000
2025-02-01,2025,2,Otros departamentos,11,Informatica y telecomunicaciones,0,230.9801,-12.0000,5.2744,17.5300,41251.7897,-1.1000,5.2238,16.5900,39350.4604,0,533883.0000,481213.0000
2025-02-01,2025,2,Otros departamentos,12,Sonido y video,0,132.7065,-12.0000,5.2744,17.5300,41251.7897,-1.1000,5.2238,16.5900,39350.4604,0,533883.0000,481213.0000
2025-02-01,2025,2,Otros departamentos,14,"Ferreteria, vidrios y pinturas",0,113.1770,-12.0000,5.2744,17.5300,41251.7897,-1.1000,5.2238,16.5900,39350.4604,0,533883.0000,481213.0000
2025-02-01,2025,2,Otros departamentos,15,Otras mercancias de uso domestico,0,116.7439,-12.0000,5.2744,17.5300,41251.7897,-1.1000,5.2238,16.5900,39350.4604,0,533883.0000,481213.0000
2025-03-01,2025,3,Antioquia,4,Prendas de vestir y textiles,0,82.9251,-7.1000,5.0891,16.6100,35887.9024,-12.0000,5.2744,17.5300,41251.7897,0,262714.0000,354882.0000
2025-03-01,2025,3,Antioquia,8,Electrodomesticos y muebles,1,154.5109,-7.1000,5.0891,16.6100,35887.9024,-12.0000,5.2744,17.5300,41251.7897,0,262714.0000,354882.0000
2025-03-01,2025,3,Antioquia,9,Articulos y utensilios domesticos,0,144.0467,-7.1000,5.0891,16.6100,35887.9024,-12.0000,5.2744,17.5300,41251.7897,0,262714.0000,354882.0000
2025-03-01,2025,3,Antioquia,10,Aseo del hogar,0,141.2194,-7.1000,5.0891,16.6100,35887.9024,-12.0000,5.2744,17.5300,41251.7897,0,262714.0000,354882.0000
2025-03-01,2025,3,Antioquia,11,Informatica y telecomunicaciones,0,257.1988,-7.1000,5.0891,16.6100,35887.9024,-12.0000,5.2744,17.5300,41251.7897,0,262714.0000,354882.0000
2025-03-01,2025,3,Antioquia,12,Sonido y video,0,145.8559,-7.1000,5.0891,16.6100,35887.9024,-12.0000,5.2744,17.5300,41251.7897,0,262714.0000,354882.0000
2025-03-01,2025,3,Antioquia,14,"Ferreteria, vidrios y pinturas",0,106.8080,-7.1000,5.0891,16.6100,35887.9024,-12.0000,5.2744,17.5300,41251.7897,0,262714.0000,354882.0000
2025-03-01,2025,3,Antioquia,15,Otras mercancias de uso domestico,0,118.7247,-7.1000,5.0891,16.6100,35887.9024,-12.0000,5.2744,17.5300,41251.7897,0,262714.0000,354882.0000
2025-03-01,2025,3,Atlantico,4,Prendas de vestir y textiles,0,68.6313,-7.1000,5.0891,16.6100,35887.9024,-12.0000,5.2744,17.5300,41251.7897,0,66473.0000,195014.0000
2025-03-01,2025,3,Atlantico,8,Electrodomesticos y muebles,1,135.6208,-7.1000,5.0891,16.6100,35887.9024,-12.0000,5.2744,17.5300,41251.7897,0,66473.0000,195014.0000
2025-03-01,2025,3,Atlantico,9,Articulos y utensilios domesticos,0,121.2291,-7.1000,5.0891,16.6100,35887.9024,-12.0000,5.2744,17.5300,41251.7897,0,66473.0000,195014.0000
2025-03-01,2025,3,Atlantico,10,Aseo del hogar,0,103.5568,-7.1000,5.0891,16.6100,35887.9024,-12.0000,5.2744,17.5300,41251.7897,0,66473.0000,195014.0000
2025-03-01,2025,3,Atlantico,11,Informatica y telecomunicaciones,0,204.5082,-7.1000,5.0891,16.6100,35887.9024,-12.0000,5.2744,17.5300,41251.7897,0,66473.0000,195014.0000
2025-03-01,2025,3,Atlantico,12,Sonido y video,0,126.1849,-7.1000,5.0891,16.6100,35887.9024,-12.0000,5.2744,17.5300,41251.7897,0,66473.0000,195014.0000
2025-03-01,2025,3,Atlantico,14,"Ferreteria, vidrios y pinturas",0,83.7626,-7.1000,5.0891,16.6100,35887.9024,-12.0000,5.2744,17.5300,41251.7897,0,66473.0000,195014.0000
2025-03-01,2025,3,Atlantico,15,Otras mercancias de uso domestico,0,92.6880,-7.1000,5.0891,16.6100,35887.9024,-12.0000,5.2744,17.5300,41251.7897,0,66473.0000,195014.0000
2025-03-01,2025,3,Bogota,4,Prendas de vestir y textiles,0,94.4652,-7.1000,5.0891,16.6100,35887.9024,-12.0000,5.2744,17.5300,41251.7897,0,177078.0000,145285.0000
2025-03-01,2025,3,Bogota,8,Electrodomesticos y muebles,1,159.8132,-7.1000,5.0891,16.6100,35887.9024,-12.0000,5.2744,17.5300,41251.7897,0,177078.0000,145285.0000
2025-03-01,2025,3,Bogota,9,Articulos y utensilios domesticos,0,148.2478,-7.1000,5.0891,16.6100,35887.9024,-12.0000,5.2744,17.5300,41251.7897,0,177078.0000,145285.0000
2025-03-01,2025,3,Bogota,10,Aseo del hogar,0,154.3024,-7.1000,5.0891,16.6100,35887.9024,-12.0000,5.2744,17.5300,41251.7897,0,177078.0000,145285.0000
2025-03-01,2025,3,Bogota,11,Informatica y telecomunicaciones,0,284.4790,-7.1000,5.0891,16.6100,35887.9024,-12.0000,5.2744,17.5300,41251.7897,0,177078.0000,145285.0000
2025-03-01,2025,3,Bogota,12,Sonido y video,0,151.4232,-7.1000,5.0891,16.6100,35887.9024,-12.0000,5.2744,17.5300,41251.7897,0,177078.0000,145285.0000
2025-03-01,2025,3,Bogota,14,"Ferreteria, vidrios y pinturas",0,121.4936,-7.1000,5.0891,16.6100,35887.9024,-12.0000,5.2744,17.5300,41251.7897,0,177078.0000,145285.0000
2025-03-01,2025,3,Bogota,15,Otras mercancias de uso domestico,0,129.6333,-7.1000,5.0891,16.6100,35887.9024,-12.0000,5.2744,17.5300,41251.7897,0,177078.0000,145285.0000
2025-03-01,2025,3,Cundinamarca,4,Prendas de vestir y textiles,0,103.9171,-7.1000,5.0891,16.6100,35887.9024,-12.0000,5.2744,17.5300,41251.7897,0,80795.0000,103230.0000
2025-03-01,2025,3,Cundinamarca,8,Electrodomesticos y muebles,1,165.4792,-7.1000,5.0891,16.6100,35887.9024,-12.0000,5.2744,17.5300,41251.7897,0,80795.0000,103230.0000
2025-03-01,2025,3,Cundinamarca,9,Articulos y utensilios domesticos,0,167.4282,-7.1000,5.0891,16.6100,35887.9024,-12.0000,5.2744,17.5300,41251.7897,0,80795.0000,103230.0000
2025-03-01,2025,3,Cundinamarca,10,Aseo del hogar,0,164.0094,-7.1000,5.0891,16.6100,35887.9024,-12.0000,5.2744,17.5300,41251.7897,0,80795.0000,103230.0000
2025-03-01,2025,3,Cundinamarca,11,Informatica y telecomunicaciones,0,308.6495,-7.1000,5.0891,16.6100,35887.9024,-12.0000,5.2744,17.5300,41251.7897,0,80795.0000,103230.0000
2025-03-01,2025,3,Cundinamarca,12,Sonido y video,0,184.9095,-7.1000,5.0891,16.6100,35887.9024,-12.0000,5.2744,17.5300,41251.7897,0,80795.0000,103230.0000
2025-03-01,2025,3,Cundinamarca,14,"Ferreteria, vidrios y pinturas",0,124.9983,-7.1000,5.0891,16.6100,35887.9024,-12.0000,5.2744,17.5300,41251.7897,0,80795.0000,103230.0000
2025-03-01,2025,3,Cundinamarca,15,Otras mercancias de uso domestico,0,172.2723,-7.1000,5.0891,16.6100,35887.9024,-12.0000,5.2744,17.5300,41251.7897,0,80795.0000,103230.0000
2025-03-01,2025,3,Santander,4,Prendas de vestir y textiles,0,72.1886,-7.1000,5.0891,16.6100,35887.9024,-12.0000,5.2744,17.5300,41251.7897,0,152445.0000,130944.0000
2025-03-01,2025,3,Santander,8,Electrodomesticos y muebles,1,153.2549,-7.1000,5.0891,16.6100,35887.9024,-12.0000,5.2744,17.5300,41251.7897,0,152445.0000,130944.0000
2025-03-01,2025,3,Santander,9,Articulos y utensilios domesticos,0,149.7841,-7.1000,5.0891,16.6100,35887.9024,-12.0000,5.2744,17.5300,41251.7897,0,152445.0000,130944.0000
2025-03-01,2025,3,Santander,10,Aseo del hogar,0,137.7855,-7.1000,5.0891,16.6100,35887.9024,-12.0000,5.2744,17.5300,41251.7897,0,152445.0000,130944.0000
2025-03-01,2025,3,Santander,11,Informatica y telecomunicaciones,0,244.5815,-7.1000,5.0891,16.6100,35887.9024,-12.0000,5.2744,17.5300,41251.7897,0,152445.0000,130944.0000
2025-03-01,2025,3,Santander,12,Sonido y video,0,129.2415,-7.1000,5.0891,16.6100,35887.9024,-12.0000,5.2744,17.5300,41251.7897,0,152445.0000,130944.0000
2025-03-01,2025,3,Santander,14,"Ferreteria, vidrios y pinturas",0,95.5446,-7.1000,5.0891,16.6100,35887.9024,-12.0000,5.2744,17.5300,41251.7897,0,152445.0000,130944.0000
2025-03-01,2025,3,Santander,15,Otras mercancias de uso domestico,0,117.5613,-7.1000,5.0891,16.6100,35887.9024,-12.0000,5.2744,17.5300,41251.7897,0,152445.0000,130944.0000
2025-03-01,2025,3,Valle del Cauca,4,Prendas de vestir y textiles,0,67.9054,-7.1000,5.0891,16.6100,35887.9024,-12.0000,5.2744,17.5300,41251.7897,0,108842.0000,134285.0000
2025-03-01,2025,3,Valle del Cauca,8,Electrodomesticos y muebles,1,109.2983,-7.1000,5.0891,16.6100,35887.9024,-12.0000,5.2744,17.5300,41251.7897,0,108842.0000,134285.0000
2025-03-01,2025,3,Valle del Cauca,9,Articulos y utensilios domesticos,0,124.2404,-7.1000,5.0891,16.6100,35887.9024,-12.0000,5.2744,17.5300,41251.7897,0,108842.0000,134285.0000
2025-03-01,2025,3,Valle del Cauca,10,Aseo del hogar,0,100.4920,-7.1000,5.0891,16.6100,35887.9024,-12.0000,5.2744,17.5300,41251.7897,0,108842.0000,134285.0000
2025-03-01,2025,3,Valle del Cauca,11,Informatica y telecomunicaciones,0,221.1549,-7.1000,5.0891,16.6100,35887.9024,-12.0000,5.2744,17.5300,41251.7897,0,108842.0000,134285.0000
2025-03-01,2025,3,Valle del Cauca,12,Sonido y video,0,113.6037,-7.1000,5.0891,16.6100,35887.9024,-12.0000,5.2744,17.5300,41251.7897,0,108842.0000,134285.0000
2025-03-01,2025,3,Valle del Cauca,14,"Ferreteria, vidrios y pinturas",0,96.2734,-7.1000,5.0891,16.6100,35887.9024,-12.0000,5.2744,17.5300,41251.7897,0,108842.0000,134285.0000
2025-03-01,2025,3,Valle del Cauca,15,Otras mercancias de uso domestico,0,100.1318,-7.1000,5.0891,16.6100,35887.9024,-12.0000,5.2744,17.5300,41251.7897,0,108842.0000,134285.0000
2025-03-01,2025,3,Otros departamentos,4,Prendas de vestir y textiles,0,96.0052,-7.1000,5.0891,16.6100,35887.9024,-12.0000,5.2744,17.5300,41251.7897,0,377973.0000,533883.0000
2025-03-01,2025,3,Otros departamentos,8,Electrodomesticos y muebles,1,138.5633,-7.1000,5.0891,16.6100,35887.9024,-12.0000,5.2744,17.5300,41251.7897,0,377973.0000,533883.0000
2025-03-01,2025,3,Otros departamentos,9,Articulos y utensilios domesticos,0,155.2028,-7.1000,5.0891,16.6100,35887.9024,-12.0000,5.2744,17.5300,41251.7897,0,377973.0000,533883.0000
2025-03-01,2025,3,Otros departamentos,10,Aseo del hogar,0,149.7575,-7.1000,5.0891,16.6100,35887.9024,-12.0000,5.2744,17.5300,41251.7897,0,377973.0000,533883.0000
2025-03-01,2025,3,Otros departamentos,11,Informatica y telecomunicaciones,0,232.6918,-7.1000,5.0891,16.6100,35887.9024,-12.0000,5.2744,17.5300,41251.7897,0,377973.0000,533883.0000
2025-03-01,2025,3,Otros departamentos,12,Sonido y video,0,134.8405,-7.1000,5.0891,16.6100,35887.9024,-12.0000,5.2744,17.5300,41251.7897,0,377973.0000,533883.0000
2025-03-01,2025,3,Otros departamentos,14,"Ferreteria, vidrios y pinturas",0,106.8107,-7.1000,5.0891,16.6100,35887.9024,-12.0000,5.2744,17.5300,41251.7897,0,377973.0000,533883.0000
2025-03-01,2025,3,Otros departamentos,15,Otras mercancias de uso domestico,0,135.2569,-7.1000,5.0891,16.6100,35887.9024,-12.0000,5.2744,17.5300,41251.7897,0,377973.0000,533883.0000
2025-04-01,2025,4,Antioquia,4,Prendas de vestir y textiles,0,85.3347,-8.6000,5.1574,17.0800,34136.1408,-7.1000,5.0891,16.6100,35887.9024,0,208716.0000,262714.0000
2025-04-01,2025,4,Antioquia,8,Electrodomesticos y muebles,1,147.1022,-8.6000,5.1574,17.0800,34136.1408,-7.1000,5.0891,16.6100,35887.9024,0,208716.0000,262714.0000
2025-04-01,2025,4,Antioquia,9,Articulos y utensilios domesticos,0,132.9923,-8.6000,5.1574,17.0800,34136.1408,-7.1000,5.0891,16.6100,35887.9024,0,208716.0000,262714.0000
2025-04-01,2025,4,Antioquia,10,Aseo del hogar,0,137.7796,-8.6000,5.1574,17.0800,34136.1408,-7.1000,5.0891,16.6100,35887.9024,0,208716.0000,262714.0000
2025-04-01,2025,4,Antioquia,11,Informatica y telecomunicaciones,0,250.2559,-8.6000,5.1574,17.0800,34136.1408,-7.1000,5.0891,16.6100,35887.9024,0,208716.0000,262714.0000
2025-04-01,2025,4,Antioquia,12,Sonido y video,0,134.9370,-8.6000,5.1574,17.0800,34136.1408,-7.1000,5.0891,16.6100,35887.9024,0,208716.0000,262714.0000
2025-04-01,2025,4,Antioquia,14,"Ferreteria, vidrios y pinturas",0,102.5952,-8.6000,5.1574,17.0800,34136.1408,-7.1000,5.0891,16.6100,35887.9024,0,208716.0000,262714.0000
2025-04-01,2025,4,Antioquia,15,Otras mercancias de uso domestico,0,120.9454,-8.6000,5.1574,17.0800,34136.1408,-7.1000,5.0891,16.6100,35887.9024,0,208716.0000,262714.0000
2025-04-01,2025,4,Atlantico,4,Prendas de vestir y textiles,0,64.9514,-8.6000,5.1574,17.0800,34136.1408,-7.1000,5.0891,16.6100,35887.9024,0,94277.0000,66473.0000
2025-04-01,2025,4,Atlantico,8,Electrodomesticos y muebles,1,113.5353,-8.6000,5.1574,17.0800,34136.1408,-7.1000,5.0891,16.6100,35887.9024,0,94277.0000,66473.0000
2025-04-01,2025,4,Atlantico,9,Articulos y utensilios domesticos,0,110.6867,-8.6000,5.1574,17.0800,34136.1408,-7.1000,5.0891,16.6100,35887.9024,0,94277.0000,66473.0000
2025-04-01,2025,4,Atlantico,10,Aseo del hogar,0,96.9669,-8.6000,5.1574,17.0800,34136.1408,-7.1000,5.0891,16.6100,35887.9024,0,94277.0000,66473.0000
2025-04-01,2025,4,Atlantico,11,Informatica y telecomunicaciones,0,189.3940,-8.6000,5.1574,17.0800,34136.1408,-7.1000,5.0891,16.6100,35887.9024,0,94277.0000,66473.0000
2025-04-01,2025,4,Atlantico,12,Sonido y video,0,107.0438,-8.6000,5.1574,17.0800,34136.1408,-7.1000,5.0891,16.6100,35887.9024,0,94277.0000,66473.0000
2025-04-01,2025,4,Atlantico,14,"Ferreteria, vidrios y pinturas",0,76.9528,-8.6000,5.1574,17.0800,34136.1408,-7.1000,5.0891,16.6100,35887.9024,0,94277.0000,66473.0000
2025-04-01,2025,4,Atlantico,15,Otras mercancias de uso domestico,0,88.3372,-8.6000,5.1574,17.0800,34136.1408,-7.1000,5.0891,16.6100,35887.9024,0,94277.0000,66473.0000
2025-04-01,2025,4,Bogota,4,Prendas de vestir y textiles,0,85.0960,-8.6000,5.1574,17.0800,34136.1408,-7.1000,5.0891,16.6100,35887.9024,0,348091.0000,177078.0000
2025-04-01,2025,4,Bogota,8,Electrodomesticos y muebles,1,136.3368,-8.6000,5.1574,17.0800,34136.1408,-7.1000,5.0891,16.6100,35887.9024,0,348091.0000,177078.0000
2025-04-01,2025,4,Bogota,9,Articulos y utensilios domesticos,0,144.9145,-8.6000,5.1574,17.0800,34136.1408,-7.1000,5.0891,16.6100,35887.9024,0,348091.0000,177078.0000
2025-04-01,2025,4,Bogota,10,Aseo del hogar,0,138.7962,-8.6000,5.1574,17.0800,34136.1408,-7.1000,5.0891,16.6100,35887.9024,0,348091.0000,177078.0000
2025-04-01,2025,4,Bogota,11,Informatica y telecomunicaciones,0,253.5551,-8.6000,5.1574,17.0800,34136.1408,-7.1000,5.0891,16.6100,35887.9024,0,348091.0000,177078.0000
2025-04-01,2025,4,Bogota,12,Sonido y video,0,137.5623,-8.6000,5.1574,17.0800,34136.1408,-7.1000,5.0891,16.6100,35887.9024,0,348091.0000,177078.0000
2025-04-01,2025,4,Bogota,14,"Ferreteria, vidrios y pinturas",0,109.7380,-8.6000,5.1574,17.0800,34136.1408,-7.1000,5.0891,16.6100,35887.9024,0,348091.0000,177078.0000
2025-04-01,2025,4,Bogota,15,Otras mercancias de uso domestico,0,109.2390,-8.6000,5.1574,17.0800,34136.1408,-7.1000,5.0891,16.6100,35887.9024,0,348091.0000,177078.0000
2025-04-01,2025,4,Cundinamarca,4,Prendas de vestir y textiles,0,104.5212,-8.6000,5.1574,17.0800,34136.1408,-7.1000,5.0891,16.6100,35887.9024,0,92167.0000,80795.0000
2025-04-01,2025,4,Cundinamarca,8,Electrodomesticos y muebles,1,133.1089,-8.6000,5.1574,17.0800,34136.1408,-7.1000,5.0891,16.6100,35887.9024,0,92167.0000,80795.0000
2025-04-01,2025,4,Cundinamarca,9,Articulos y utensilios domesticos,0,144.8036,-8.6000,5.1574,17.0800,34136.1408,-7.1000,5.0891,16.6100,35887.9024,0,92167.0000,80795.0000
2025-04-01,2025,4,Cundinamarca,10,Aseo del hogar,0,145.0415,-8.6000,5.1574,17.0800,34136.1408,-7.1000,5.0891,16.6100,35887.9024,0,92167.0000,80795.0000
2025-04-01,2025,4,Cundinamarca,11,Informatica y telecomunicaciones,0,324.5311,-8.6000,5.1574,17.0800,34136.1408,-7.1000,5.0891,16.6100,35887.9024,0,92167.0000,80795.0000
2025-04-01,2025,4,Cundinamarca,12,Sonido y video,0,184.2847,-8.6000,5.1574,17.0800,34136.1408,-7.1000,5.0891,16.6100,35887.9024,0,92167.0000,80795.0000
2025-04-01,2025,4,Cundinamarca,14,"Ferreteria, vidrios y pinturas",0,117.4153,-8.6000,5.1574,17.0800,34136.1408,-7.1000,5.0891,16.6100,35887.9024,0,92167.0000,80795.0000
2025-04-01,2025,4,Cundinamarca,15,Otras mercancias de uso domestico,0,158.3714,-8.6000,5.1574,17.0800,34136.1408,-7.1000,5.0891,16.6100,35887.9024,0,92167.0000,80795.0000
2025-04-01,2025,4,Santander,4,Prendas de vestir y textiles,0,67.9088,-8.6000,5.1574,17.0800,34136.1408,-7.1000,5.0891,16.6100,35887.9024,0,88895.0000,152445.0000
2025-04-01,2025,4,Santander,8,Electrodomesticos y muebles,1,133.6398,-8.6000,5.1574,17.0800,34136.1408,-7.1000,5.0891,16.6100,35887.9024,0,88895.0000,152445.0000
2025-04-01,2025,4,Santander,9,Articulos y utensilios domesticos,0,133.4026,-8.6000,5.1574,17.0800,34136.1408,-7.1000,5.0891,16.6100,35887.9024,0,88895.0000,152445.0000
2025-04-01,2025,4,Santander,10,Aseo del hogar,0,120.5245,-8.6000,5.1574,17.0800,34136.1408,-7.1000,5.0891,16.6100,35887.9024,0,88895.0000,152445.0000
2025-04-01,2025,4,Santander,11,Informatica y telecomunicaciones,0,236.5671,-8.6000,5.1574,17.0800,34136.1408,-7.1000,5.0891,16.6100,35887.9024,0,88895.0000,152445.0000
2025-04-01,2025,4,Santander,12,Sonido y video,0,123.6626,-8.6000,5.1574,17.0800,34136.1408,-7.1000,5.0891,16.6100,35887.9024,0,88895.0000,152445.0000
2025-04-01,2025,4,Santander,14,"Ferreteria, vidrios y pinturas",0,94.6243,-8.6000,5.1574,17.0800,34136.1408,-7.1000,5.0891,16.6100,35887.9024,0,88895.0000,152445.0000
2025-04-01,2025,4,Santander,15,Otras mercancias de uso domestico,0,103.9174,-8.6000,5.1574,17.0800,34136.1408,-7.1000,5.0891,16.6100,35887.9024,0,88895.0000,152445.0000
2025-04-01,2025,4,Valle del Cauca,4,Prendas de vestir y textiles,0,67.0639,-8.6000,5.1574,17.0800,34136.1408,-7.1000,5.0891,16.6100,35887.9024,0,96685.0000,108842.0000
2025-04-01,2025,4,Valle del Cauca,8,Electrodomesticos y muebles,1,94.6343,-8.6000,5.1574,17.0800,34136.1408,-7.1000,5.0891,16.6100,35887.9024,0,96685.0000,108842.0000
2025-04-01,2025,4,Valle del Cauca,9,Articulos y utensilios domesticos,0,110.4646,-8.6000,5.1574,17.0800,34136.1408,-7.1000,5.0891,16.6100,35887.9024,0,96685.0000,108842.0000
2025-04-01,2025,4,Valle del Cauca,10,Aseo del hogar,0,97.6086,-8.6000,5.1574,17.0800,34136.1408,-7.1000,5.0891,16.6100,35887.9024,0,96685.0000,108842.0000
2025-04-01,2025,4,Valle del Cauca,11,Informatica y telecomunicaciones,0,190.6187,-8.6000,5.1574,17.0800,34136.1408,-7.1000,5.0891,16.6100,35887.9024,0,96685.0000,108842.0000
2025-04-01,2025,4,Valle del Cauca,12,Sonido y video,0,109.0110,-8.6000,5.1574,17.0800,34136.1408,-7.1000,5.0891,16.6100,35887.9024,0,96685.0000,108842.0000
2025-04-01,2025,4,Valle del Cauca,14,"Ferreteria, vidrios y pinturas",0,82.2361,-8.6000,5.1574,17.0800,34136.1408,-7.1000,5.0891,16.6100,35887.9024,0,96685.0000,108842.0000
2025-04-01,2025,4,Valle del Cauca,15,Otras mercancias de uso domestico,0,93.1700,-8.6000,5.1574,17.0800,34136.1408,-7.1000,5.0891,16.6100,35887.9024,0,96685.0000,108842.0000
2025-04-01,2025,4,Otros departamentos,4,Prendas de vestir y textiles,0,91.1767,-8.6000,5.1574,17.0800,34136.1408,-7.1000,5.0891,16.6100,35887.9024,0,517722.0000,377973.0000
2025-04-01,2025,4,Otros departamentos,8,Electrodomesticos y muebles,1,129.3958,-8.6000,5.1574,17.0800,34136.1408,-7.1000,5.0891,16.6100,35887.9024,0,517722.0000,377973.0000
2025-04-01,2025,4,Otros departamentos,9,Articulos y utensilios domesticos,0,140.9039,-8.6000,5.1574,17.0800,34136.1408,-7.1000,5.0891,16.6100,35887.9024,0,517722.0000,377973.0000
2025-04-01,2025,4,Otros departamentos,10,Aseo del hogar,0,138.8787,-8.6000,5.1574,17.0800,34136.1408,-7.1000,5.0891,16.6100,35887.9024,0,517722.0000,377973.0000
2025-04-01,2025,4,Otros departamentos,11,Informatica y telecomunicaciones,0,234.5598,-8.6000,5.1574,17.0800,34136.1408,-7.1000,5.0891,16.6100,35887.9024,0,517722.0000,377973.0000
2025-04-01,2025,4,Otros departamentos,12,Sonido y video,0,131.7333,-8.6000,5.1574,17.0800,34136.1408,-7.1000,5.0891,16.6100,35887.9024,0,517722.0000,377973.0000
2025-04-01,2025,4,Otros departamentos,14,"Ferreteria, vidrios y pinturas",0,110.2520,-8.6000,5.1574,17.0800,34136.1408,-7.1000,5.0891,16.6100,35887.9024,0,517722.0000,377973.0000
2025-04-01,2025,4,Otros departamentos,15,Otras mercancias de uso domestico,0,134.9654,-8.6000,5.1574,17.0800,34136.1408,-7.1000,5.0891,16.6100,35887.9024,0,517722.0000,377973.0000
2025-05-01,2025,5,Antioquia,4,Prendas de vestir y textiles,0,102.5055,-3.8000,5.0518,17.3100,37608.6481,-8.6000,5.1574,17.0800,34136.1408,0,171763.0000,208716.0000
2025-05-01,2025,5,Antioquia,8,Electrodomesticos y muebles,1,151.7191,-3.8000,5.0518,17.3100,37608.6481,-8.6000,5.1574,17.0800,34136.1408,0,171763.0000,208716.0000
2025-05-01,2025,5,Antioquia,9,Articulos y utensilios domesticos,0,133.2859,-3.8000,5.0518,17.3100,37608.6481,-8.6000,5.1574,17.0800,34136.1408,0,171763.0000,208716.0000
2025-05-01,2025,5,Antioquia,10,Aseo del hogar,0,141.6700,-3.8000,5.0518,17.3100,37608.6481,-8.6000,5.1574,17.0800,34136.1408,0,171763.0000,208716.0000
2025-05-01,2025,5,Antioquia,11,Informatica y telecomunicaciones,0,276.8448,-3.8000,5.0518,17.3100,37608.6481,-8.6000,5.1574,17.0800,34136.1408,0,171763.0000,208716.0000
2025-05-01,2025,5,Antioquia,12,Sonido y video,0,149.6990,-3.8000,5.0518,17.3100,37608.6481,-8.6000,5.1574,17.0800,34136.1408,0,171763.0000,208716.0000
2025-05-01,2025,5,Antioquia,14,"Ferreteria, vidrios y pinturas",0,107.8043,-3.8000,5.0518,17.3100,37608.6481,-8.6000,5.1574,17.0800,34136.1408,0,171763.0000,208716.0000
2025-05-01,2025,5,Antioquia,15,Otras mercancias de uso domestico,0,126.5707,-3.8000,5.0518,17.3100,37608.6481,-8.6000,5.1574,17.0800,34136.1408,0,171763.0000,208716.0000
2025-05-01,2025,5,Atlantico,4,Prendas de vestir y textiles,0,82.2124,-3.8000,5.0518,17.3100,37608.6481,-8.6000,5.1574,17.0800,34136.1408,0,22790.0000,94277.0000
2025-05-01,2025,5,Atlantico,8,Electrodomesticos y muebles,1,117.7113,-3.8000,5.0518,17.3100,37608.6481,-8.6000,5.1574,17.0800,34136.1408,0,22790.0000,94277.0000
2025-05-01,2025,5,Atlantico,9,Articulos y utensilios domesticos,0,140.7780,-3.8000,5.0518,17.3100,37608.6481,-8.6000,5.1574,17.0800,34136.1408,0,22790.0000,94277.0000
2025-05-01,2025,5,Atlantico,10,Aseo del hogar,0,106.8804,-3.8000,5.0518,17.3100,37608.6481,-8.6000,5.1574,17.0800,34136.1408,0,22790.0000,94277.0000
2025-05-01,2025,5,Atlantico,11,Informatica y telecomunicaciones,0,200.3312,-3.8000,5.0518,17.3100,37608.6481,-8.6000,5.1574,17.0800,34136.1408,0,22790.0000,94277.0000
2025-05-01,2025,5,Atlantico,12,Sonido y video,0,120.4865,-3.8000,5.0518,17.3100,37608.6481,-8.6000,5.1574,17.0800,34136.1408,0,22790.0000,94277.0000
2025-05-01,2025,5,Atlantico,14,"Ferreteria, vidrios y pinturas",0,87.3756,-3.8000,5.0518,17.3100,37608.6481,-8.6000,5.1574,17.0800,34136.1408,0,22790.0000,94277.0000
2025-05-01,2025,5,Atlantico,15,Otras mercancias de uso domestico,0,109.6265,-3.8000,5.0518,17.3100,37608.6481,-8.6000,5.1574,17.0800,34136.1408,0,22790.0000,94277.0000
2025-05-01,2025,5,Bogota,4,Prendas de vestir y textiles,0,103.8693,-3.8000,5.0518,17.3100,37608.6481,-8.6000,5.1574,17.0800,34136.1408,0,140930.0000,348091.0000
2025-05-01,2025,5,Bogota,8,Electrodomesticos y muebles,1,159.4182,-3.8000,5.0518,17.3100,37608.6481,-8.6000,5.1574,17.0800,34136.1408,0,140930.0000,348091.0000
2025-05-01,2025,5,Bogota,9,Articulos y utensilios domesticos,0,159.9219,-3.8000,5.0518,17.3100,37608.6481,-8.6000,5.1574,17.0800,34136.1408,0,140930.0000,348091.0000
2025-05-01,2025,5,Bogota,10,Aseo del hogar,0,148.9195,-3.8000,5.0518,17.3100,37608.6481,-8.6000,5.1574,17.0800,34136.1408,0,140930.0000,348091.0000
2025-05-01,2025,5,Bogota,11,Informatica y telecomunicaciones,0,288.9638,-3.8000,5.0518,17.3100,37608.6481,-8.6000,5.1574,17.0800,34136.1408,0,140930.0000,348091.0000
2025-05-01,2025,5,Bogota,12,Sonido y video,0,169.3189,-3.8000,5.0518,17.3100,37608.6481,-8.6000,5.1574,17.0800,34136.1408,0,140930.0000,348091.0000
2025-05-01,2025,5,Bogota,14,"Ferreteria, vidrios y pinturas",0,119.0796,-3.8000,5.0518,17.3100,37608.6481,-8.6000,5.1574,17.0800,34136.1408,0,140930.0000,348091.0000
2025-05-01,2025,5,Bogota,15,Otras mercancias de uso domestico,0,129.2735,-3.8000,5.0518,17.3100,37608.6481,-8.6000,5.1574,17.0800,34136.1408,0,140930.0000,348091.0000
2025-05-01,2025,5,Cundinamarca,4,Prendas de vestir y textiles,0,120.2791,-3.8000,5.0518,17.3100,37608.6481,-8.6000,5.1574,17.0800,34136.1408,0,89865.0000,92167.0000
2025-05-01,2025,5,Cundinamarca,8,Electrodomesticos y muebles,1,148.2372,-3.8000,5.0518,17.3100,37608.6481,-8.6000,5.1574,17.0800,34136.1408,0,89865.0000,92167.0000
2025-05-01,2025,5,Cundinamarca,9,Articulos y utensilios domesticos,0,175.3326,-3.8000,5.0518,17.3100,37608.6481,-8.6000,5.1574,17.0800,34136.1408,0,89865.0000,92167.0000
2025-05-01,2025,5,Cundinamarca,10,Aseo del hogar,0,160.3773,-3.8000,5.0518,17.3100,37608.6481,-8.6000,5.1574,17.0800,34136.1408,0,89865.0000,92167.0000
2025-05-01,2025,5,Cundinamarca,11,Informatica y telecomunicaciones,0,365.2877,-3.8000,5.0518,17.3100,37608.6481,-8.6000,5.1574,17.0800,34136.1408,0,89865.0000,92167.0000
2025-05-01,2025,5,Cundinamarca,12,Sonido y video,0,210.6858,-3.8000,5.0518,17.3100,37608.6481,-8.6000,5.1574,17.0800,34136.1408,0,89865.0000,92167.0000
2025-05-01,2025,5,Cundinamarca,14,"Ferreteria, vidrios y pinturas",0,122.6791,-3.8000,5.0518,17.3100,37608.6481,-8.6000,5.1574,17.0800,34136.1408,0,89865.0000,92167.0000
2025-05-01,2025,5,Cundinamarca,15,Otras mercancias de uso domestico,0,162.6577,-3.8000,5.0518,17.3100,37608.6481,-8.6000,5.1574,17.0800,34136.1408,0,89865.0000,92167.0000
2025-05-01,2025,5,Santander,4,Prendas de vestir y textiles,0,94.7718,-3.8000,5.0518,17.3100,37608.6481,-8.6000,5.1574,17.0800,34136.1408,0,102410.0000,88895.0000
2025-05-01,2025,5,Santander,8,Electrodomesticos y muebles,1,145.9754,-3.8000,5.0518,17.3100,37608.6481,-8.6000,5.1574,17.0800,34136.1408,0,102410.0000,88895.0000
2025-05-01,2025,5,Santander,9,Articulos y utensilios domesticos,0,141.6761,-3.8000,5.0518,17.3100,37608.6481,-8.6000,5.1574,17.0800,34136.1408,0,102410.0000,88895.0000
2025-05-01,2025,5,Santander,10,Aseo del hogar,0,127.1982,-3.8000,5.0518,17.3100,37608.6481,-8.6000,5.1574,17.0800,34136.1408,0,102410.0000,88895.0000
2025-05-01,2025,5,Santander,11,Informatica y telecomunicaciones,0,274.8267,-3.8000,5.0518,17.3100,37608.6481,-8.6000,5.1574,17.0800,34136.1408,0,102410.0000,88895.0000
2025-05-01,2025,5,Santander,12,Sonido y video,0,149.7943,-3.8000,5.0518,17.3100,37608.6481,-8.6000,5.1574,17.0800,34136.1408,0,102410.0000,88895.0000
2025-05-01,2025,5,Santander,14,"Ferreteria, vidrios y pinturas",0,97.4906,-3.8000,5.0518,17.3100,37608.6481,-8.6000,5.1574,17.0800,34136.1408,0,102410.0000,88895.0000
2025-05-01,2025,5,Santander,15,Otras mercancias de uso domestico,0,136.3193,-3.8000,5.0518,17.3100,37608.6481,-8.6000,5.1574,17.0800,34136.1408,0,102410.0000,88895.0000
2025-05-01,2025,5,Valle del Cauca,4,Prendas de vestir y textiles,0,76.9992,-3.8000,5.0518,17.3100,37608.6481,-8.6000,5.1574,17.0800,34136.1408,0,78269.0000,96685.0000
2025-05-01,2025,5,Valle del Cauca,8,Electrodomesticos y muebles,1,112.8511,-3.8000,5.0518,17.3100,37608.6481,-8.6000,5.1574,17.0800,34136.1408,0,78269.0000,96685.0000
2025-05-01,2025,5,Valle del Cauca,9,Articulos y utensilios domesticos,0,111.4445,-3.8000,5.0518,17.3100,37608.6481,-8.6000,5.1574,17.0800,34136.1408,0,78269.0000,96685.0000
2025-05-01,2025,5,Valle del Cauca,10,Aseo del hogar,0,110.1329,-3.8000,5.0518,17.3100,37608.6481,-8.6000,5.1574,17.0800,34136.1408,0,78269.0000,96685.0000
2025-05-01,2025,5,Valle del Cauca,11,Informatica y telecomunicaciones,0,255.9781,-3.8000,5.0518,17.3100,37608.6481,-8.6000,5.1574,17.0800,34136.1408,0,78269.0000,96685.0000
2025-05-01,2025,5,Valle del Cauca,12,Sonido y video,0,123.9321,-3.8000,5.0518,17.3100,37608.6481,-8.6000,5.1574,17.0800,34136.1408,0,78269.0000,96685.0000
2025-05-01,2025,5,Valle del Cauca,14,"Ferreteria, vidrios y pinturas",0,82.1515,-3.8000,5.0518,17.3100,37608.6481,-8.6000,5.1574,17.0800,34136.1408,0,78269.0000,96685.0000
2025-05-01,2025,5,Valle del Cauca,15,Otras mercancias de uso domestico,0,103.0054,-3.8000,5.0518,17.3100,37608.6481,-8.6000,5.1574,17.0800,34136.1408,0,78269.0000,96685.0000
2025-05-01,2025,5,Otros departamentos,4,Prendas de vestir y textiles,0,106.2257,-3.8000,5.0518,17.3100,37608.6481,-8.6000,5.1574,17.0800,34136.1408,0,509763.0000,517722.0000
2025-05-01,2025,5,Otros departamentos,8,Electrodomesticos y muebles,1,149.6576,-3.8000,5.0518,17.3100,37608.6481,-8.6000,5.1574,17.0800,34136.1408,0,509763.0000,517722.0000
2025-05-01,2025,5,Otros departamentos,9,Articulos y utensilios domesticos,0,144.9905,-3.8000,5.0518,17.3100,37608.6481,-8.6000,5.1574,17.0800,34136.1408,0,509763.0000,517722.0000
2025-05-01,2025,5,Otros departamentos,10,Aseo del hogar,0,154.6683,-3.8000,5.0518,17.3100,37608.6481,-8.6000,5.1574,17.0800,34136.1408,0,509763.0000,517722.0000
2025-05-01,2025,5,Otros departamentos,11,Informatica y telecomunicaciones,0,257.2413,-3.8000,5.0518,17.3100,37608.6481,-8.6000,5.1574,17.0800,34136.1408,0,509763.0000,517722.0000
2025-05-01,2025,5,Otros departamentos,12,Sonido y video,0,146.1712,-3.8000,5.0518,17.3100,37608.6481,-8.6000,5.1574,17.0800,34136.1408,0,509763.0000,517722.0000
2025-05-01,2025,5,Otros departamentos,14,"Ferreteria, vidrios y pinturas",0,111.1544,-3.8000,5.0518,17.3100,37608.6481,-8.6000,5.1574,17.0800,34136.1408,0,509763.0000,517722.0000
2025-05-01,2025,5,Otros departamentos,15,Otras mercancias de uso domestico,0,130.1930,-3.8000,5.0518,17.3100,37608.6481,-8.6000,5.1574,17.0800,34136.1408,0,509763.0000,517722.0000
2025-06-01,2025,6,Antioquia,4,Prendas de vestir y textiles,0,128.1509,2.2000,4.8263,17.0300,36437.2273,-3.8000,5.0518,17.3100,37608.6481,0,280987.0000,171763.0000
2025-06-01,2025,6,Antioquia,8,Electrodomesticos y muebles,1,138.6820,2.2000,4.8263,17.0300,36437.2273,-3.8000,5.0518,17.3100,37608.6481,0,280987.0000,171763.0000
2025-06-01,2025,6,Antioquia,9,Articulos y utensilios domesticos,0,138.0292,2.2000,4.8263,17.0300,36437.2273,-3.8000,5.0518,17.3100,37608.6481,0,280987.0000,171763.0000
2025-06-01,2025,6,Antioquia,10,Aseo del hogar,0,141.4622,2.2000,4.8263,17.0300,36437.2273,-3.8000,5.0518,17.3100,37608.6481,0,280987.0000,171763.0000
2025-06-01,2025,6,Antioquia,11,Informatica y telecomunicaciones,0,254.6564,2.2000,4.8263,17.0300,36437.2273,-3.8000,5.0518,17.3100,37608.6481,0,280987.0000,171763.0000
2025-06-01,2025,6,Antioquia,12,Sonido y video,0,158.6038,2.2000,4.8263,17.0300,36437.2273,-3.8000,5.0518,17.3100,37608.6481,0,280987.0000,171763.0000
2025-06-01,2025,6,Antioquia,14,"Ferreteria, vidrios y pinturas",0,113.4937,2.2000,4.8263,17.0300,36437.2273,-3.8000,5.0518,17.3100,37608.6481,0,280987.0000,171763.0000
2025-06-01,2025,6,Antioquia,15,Otras mercancias de uso domestico,0,113.9474,2.2000,4.8263,17.0300,36437.2273,-3.8000,5.0518,17.3100,37608.6481,0,280987.0000,171763.0000
2025-06-01,2025,6,Atlantico,4,Prendas de vestir y textiles,0,92.9232,2.2000,4.8263,17.0300,36437.2273,-3.8000,5.0518,17.3100,37608.6481,0,14716.0000,22790.0000
2025-06-01,2025,6,Atlantico,8,Electrodomesticos y muebles,1,116.8400,2.2000,4.8263,17.0300,36437.2273,-3.8000,5.0518,17.3100,37608.6481,0,14716.0000,22790.0000
2025-06-01,2025,6,Atlantico,9,Articulos y utensilios domesticos,0,143.3244,2.2000,4.8263,17.0300,36437.2273,-3.8000,5.0518,17.3100,37608.6481,0,14716.0000,22790.0000
2025-06-01,2025,6,Atlantico,10,Aseo del hogar,0,109.1402,2.2000,4.8263,17.0300,36437.2273,-3.8000,5.0518,17.3100,37608.6481,0,14716.0000,22790.0000
2025-06-01,2025,6,Atlantico,11,Informatica y telecomunicaciones,0,188.5390,2.2000,4.8263,17.0300,36437.2273,-3.8000,5.0518,17.3100,37608.6481,0,14716.0000,22790.0000
2025-06-01,2025,6,Atlantico,12,Sonido y video,0,135.6238,2.2000,4.8263,17.0300,36437.2273,-3.8000,5.0518,17.3100,37608.6481,0,14716.0000,22790.0000
2025-06-01,2025,6,Atlantico,14,"Ferreteria, vidrios y pinturas",0,80.2933,2.2000,4.8263,17.0300,36437.2273,-3.8000,5.0518,17.3100,37608.6481,0,14716.0000,22790.0000
2025-06-01,2025,6,Atlantico,15,Otras mercancias de uso domestico,0,105.0548,2.2000,4.8263,17.0300,36437.2273,-3.8000,5.0518,17.3100,37608.6481,0,14716.0000,22790.0000
2025-06-01,2025,6,Bogota,4,Prendas de vestir y textiles,0,114.3859,2.2000,4.8263,17.0300,36437.2273,-3.8000,5.0518,17.3100,37608.6481,0,390575.0000,140930.0000
2025-06-01,2025,6,Bogota,8,Electrodomesticos y muebles,1,179.3707,2.2000,4.8263,17.0300,36437.2273,-3.8000,5.0518,17.3100,37608.6481,0,390575.0000,140930.0000
2025-06-01,2025,6,Bogota,9,Articulos y utensilios domesticos,0,160.9772,2.2000,4.8263,17.0300,36437.2273,-3.8000,5.0518,17.3100,37608.6481,0,390575.0000,140930.0000
2025-06-01,2025,6,Bogota,10,Aseo del hogar,0,146.5272,2.2000,4.8263,17.0300,36437.2273,-3.8000,5.0518,17.3100,37608.6481,0,390575.0000,140930.0000
2025-06-01,2025,6,Bogota,11,Informatica y telecomunicaciones,0,260.4437,2.2000,4.8263,17.0300,36437.2273,-3.8000,5.0518,17.3100,37608.6481,0,390575.0000,140930.0000
2025-06-01,2025,6,Bogota,12,Sonido y video,0,177.9539,2.2000,4.8263,17.0300,36437.2273,-3.8000,5.0518,17.3100,37608.6481,0,390575.0000,140930.0000
2025-06-01,2025,6,Bogota,14,"Ferreteria, vidrios y pinturas",0,105.3316,2.2000,4.8263,17.0300,36437.2273,-3.8000,5.0518,17.3100,37608.6481,0,390575.0000,140930.0000
2025-06-01,2025,6,Bogota,15,Otras mercancias de uso domestico,0,118.9905,2.2000,4.8263,17.0300,36437.2273,-3.8000,5.0518,17.3100,37608.6481,0,390575.0000,140930.0000
2025-06-01,2025,6,Cundinamarca,4,Prendas de vestir y textiles,0,134.3414,2.2000,4.8263,17.0300,36437.2273,-3.8000,5.0518,17.3100,37608.6481,0,86530.0000,89865.0000
2025-06-01,2025,6,Cundinamarca,8,Electrodomesticos y muebles,1,149.6889,2.2000,4.8263,17.0300,36437.2273,-3.8000,5.0518,17.3100,37608.6481,0,86530.0000,89865.0000
2025-06-01,2025,6,Cundinamarca,9,Articulos y utensilios domesticos,0,190.2802,2.2000,4.8263,17.0300,36437.2273,-3.8000,5.0518,17.3100,37608.6481,0,86530.0000,89865.0000
2025-06-01,2025,6,Cundinamarca,10,Aseo del hogar,0,151.2446,2.2000,4.8263,17.0300,36437.2273,-3.8000,5.0518,17.3100,37608.6481,0,86530.0000,89865.0000
2025-06-01,2025,6,Cundinamarca,11,Informatica y telecomunicaciones,0,313.7176,2.2000,4.8263,17.0300,36437.2273,-3.8000,5.0518,17.3100,37608.6481,0,86530.0000,89865.0000
2025-06-01,2025,6,Cundinamarca,12,Sonido y video,0,220.0679,2.2000,4.8263,17.0300,36437.2273,-3.8000,5.0518,17.3100,37608.6481,0,86530.0000,89865.0000
2025-06-01,2025,6,Cundinamarca,14,"Ferreteria, vidrios y pinturas",0,122.7463,2.2000,4.8263,17.0300,36437.2273,-3.8000,5.0518,17.3100,37608.6481,0,86530.0000,89865.0000
2025-06-01,2025,6,Cundinamarca,15,Otras mercancias de uso domestico,0,150.4796,2.2000,4.8263,17.0300,36437.2273,-3.8000,5.0518,17.3100,37608.6481,0,86530.0000,89865.0000
2025-06-01,2025,6,Santander,4,Prendas de vestir y textiles,0,109.4948,2.2000,4.8263,17.0300,36437.2273,-3.8000,5.0518,17.3100,37608.6481,0,146691.0000,102410.0000
2025-06-01,2025,6,Santander,8,Electrodomesticos y muebles,1,133.5917,2.2000,4.8263,17.0300,36437.2273,-3.8000,5.0518,17.3100,37608.6481,0,146691.0000,102410.0000
2025-06-01,2025,6,Santander,9,Articulos y utensilios domesticos,0,139.5682,2.2000,4.8263,17.0300,36437.2273,-3.8000,5.0518,17.3100,37608.6481,0,146691.0000,102410.0000
2025-06-01,2025,6,Santander,10,Aseo del hogar,0,118.2697,2.2000,4.8263,17.0300,36437.2273,-3.8000,5.0518,17.3100,37608.6481,0,146691.0000,102410.0000
2025-06-01,2025,6,Santander,11,Informatica y telecomunicaciones,0,276.4104,2.2000,4.8263,17.0300,36437.2273,-3.8000,5.0518,17.3100,37608.6481,0,146691.0000,102410.0000
2025-06-01,2025,6,Santander,12,Sonido y video,0,174.4911,2.2000,4.8263,17.0300,36437.2273,-3.8000,5.0518,17.3100,37608.6481,0,146691.0000,102410.0000
2025-06-01,2025,6,Santander,14,"Ferreteria, vidrios y pinturas",0,89.0558,2.2000,4.8263,17.0300,36437.2273,-3.8000,5.0518,17.3100,37608.6481,0,146691.0000,102410.0000
2025-06-01,2025,6,Santander,15,Otras mercancias de uso domestico,0,119.7114,2.2000,4.8263,17.0300,36437.2273,-3.8000,5.0518,17.3100,37608.6481,0,146691.0000,102410.0000
2025-06-01,2025,6,Valle del Cauca,4,Prendas de vestir y textiles,0,87.2600,2.2000,4.8263,17.0300,36437.2273,-3.8000,5.0518,17.3100,37608.6481,0,119111.0000,78269.0000
2025-06-01,2025,6,Valle del Cauca,8,Electrodomesticos y muebles,1,110.9704,2.2000,4.8263,17.0300,36437.2273,-3.8000,5.0518,17.3100,37608.6481,0,119111.0000,78269.0000
2025-06-01,2025,6,Valle del Cauca,9,Articulos y utensilios domesticos,0,124.2836,2.2000,4.8263,17.0300,36437.2273,-3.8000,5.0518,17.3100,37608.6481,0,119111.0000,78269.0000
2025-06-01,2025,6,Valle del Cauca,10,Aseo del hogar,0,107.7999,2.2000,4.8263,17.0300,36437.2273,-3.8000,5.0518,17.3100,37608.6481,0,119111.0000,78269.0000
2025-06-01,2025,6,Valle del Cauca,11,Informatica y telecomunicaciones,0,260.0500,2.2000,4.8263,17.0300,36437.2273,-3.8000,5.0518,17.3100,37608.6481,0,119111.0000,78269.0000
2025-06-01,2025,6,Valle del Cauca,12,Sonido y video,0,152.4322,2.2000,4.8263,17.0300,36437.2273,-3.8000,5.0518,17.3100,37608.6481,0,119111.0000,78269.0000
2025-06-01,2025,6,Valle del Cauca,14,"Ferreteria, vidrios y pinturas",0,85.3180,2.2000,4.8263,17.0300,36437.2273,-3.8000,5.0518,17.3100,37608.6481,0,119111.0000,78269.0000
2025-06-01,2025,6,Valle del Cauca,15,Otras mercancias de uso domestico,0,101.9425,2.2000,4.8263,17.0300,36437.2273,-3.8000,5.0518,17.3100,37608.6481,0,119111.0000,78269.0000
2025-06-01,2025,6,Otros departamentos,4,Prendas de vestir y textiles,0,114.3680,2.2000,4.8263,17.0300,36437.2273,-3.8000,5.0518,17.3100,37608.6481,0,451230.0000,509763.0000
2025-06-01,2025,6,Otros departamentos,8,Electrodomesticos y muebles,1,150.9028,2.2000,4.8263,17.0300,36437.2273,-3.8000,5.0518,17.3100,37608.6481,0,451230.0000,509763.0000
2025-06-01,2025,6,Otros departamentos,9,Articulos y utensilios domesticos,0,146.9451,2.2000,4.8263,17.0300,36437.2273,-3.8000,5.0518,17.3100,37608.6481,0,451230.0000,509763.0000
2025-06-01,2025,6,Otros departamentos,10,Aseo del hogar,0,155.4541,2.2000,4.8263,17.0300,36437.2273,-3.8000,5.0518,17.3100,37608.6481,0,451230.0000,509763.0000
2025-06-01,2025,6,Otros departamentos,11,Informatica y telecomunicaciones,0,250.8464,2.2000,4.8263,17.0300,36437.2273,-3.8000,5.0518,17.3100,37608.6481,0,451230.0000,509763.0000
2025-06-01,2025,6,Otros departamentos,12,Sonido y video,0,168.2310,2.2000,4.8263,17.0300,36437.2273,-3.8000,5.0518,17.3100,37608.6481,0,451230.0000,509763.0000
2025-06-01,2025,6,Otros departamentos,14,"Ferreteria, vidrios y pinturas",0,101.1397,2.2000,4.8263,17.0300,36437.2273,-3.8000,5.0518,17.3100,37608.6481,0,451230.0000,509763.0000
2025-06-01,2025,6,Otros departamentos,15,Otras mercancias de uso domestico,0,131.5950,2.2000,4.8263,17.0300,36437.2273,-3.8000,5.0518,17.3100,37608.6481,0,451230.0000,509763.0000
2025-07-01,2025,7,Antioquia,4,Prendas de vestir y textiles,0,103.0351,5.3000,4.9001,16.5200,49454.0321,2.2000,4.8263,17.0300,36437.2273,0,300539.0000,280987.0000
2025-07-01,2025,7,Antioquia,8,Electrodomesticos y muebles,1,174.9873,5.3000,4.9001,16.5200,49454.0321,2.2000,4.8263,17.0300,36437.2273,0,300539.0000,280987.0000
2025-07-01,2025,7,Antioquia,9,Articulos y utensilios domesticos,0,148.6530,5.3000,4.9001,16.5200,49454.0321,2.2000,4.8263,17.0300,36437.2273,0,300539.0000,280987.0000
2025-07-01,2025,7,Antioquia,10,Aseo del hogar,0,143.6805,5.3000,4.9001,16.5200,49454.0321,2.2000,4.8263,17.0300,36437.2273,0,300539.0000,280987.0000
2025-07-01,2025,7,Antioquia,11,Informatica y telecomunicaciones,0,269.9672,5.3000,4.9001,16.5200,49454.0321,2.2000,4.8263,17.0300,36437.2273,0,300539.0000,280987.0000
2025-07-01,2025,7,Antioquia,12,Sonido y video,0,158.1765,5.3000,4.9001,16.5200,49454.0321,2.2000,4.8263,17.0300,36437.2273,0,300539.0000,280987.0000
2025-07-01,2025,7,Antioquia,14,"Ferreteria, vidrios y pinturas",0,133.7763,5.3000,4.9001,16.5200,49454.0321,2.2000,4.8263,17.0300,36437.2273,0,300539.0000,280987.0000
2025-07-01,2025,7,Antioquia,15,Otras mercancias de uso domestico,0,117.5116,5.3000,4.9001,16.5200,49454.0321,2.2000,4.8263,17.0300,36437.2273,0,300539.0000,280987.0000
2025-07-01,2025,7,Atlantico,4,Prendas de vestir y textiles,0,86.2734,5.3000,4.9001,16.5200,49454.0321,2.2000,4.8263,17.0300,36437.2273,0,98337.0000,14716.0000
2025-07-01,2025,7,Atlantico,8,Electrodomesticos y muebles,1,140.8978,5.3000,4.9001,16.5200,49454.0321,2.2000,4.8263,17.0300,36437.2273,0,98337.0000,14716.0000
2025-07-01,2025,7,Atlantico,9,Articulos y utensilios domesticos,0,137.3551,5.3000,4.9001,16.5200,49454.0321,2.2000,4.8263,17.0300,36437.2273,0,98337.0000,14716.0000
2025-07-01,2025,7,Atlantico,10,Aseo del hogar,0,121.6636,5.3000,4.9001,16.5200,49454.0321,2.2000,4.8263,17.0300,36437.2273,0,98337.0000,14716.0000
2025-07-01,2025,7,Atlantico,11,Informatica y telecomunicaciones,0,202.8863,5.3000,4.9001,16.5200,49454.0321,2.2000,4.8263,17.0300,36437.2273,0,98337.0000,14716.0000
2025-07-01,2025,7,Atlantico,12,Sonido y video,0,143.4620,5.3000,4.9001,16.5200,49454.0321,2.2000,4.8263,17.0300,36437.2273,0,98337.0000,14716.0000
2025-07-01,2025,7,Atlantico,14,"Ferreteria, vidrios y pinturas",0,112.3534,5.3000,4.9001,16.5200,49454.0321,2.2000,4.8263,17.0300,36437.2273,0,98337.0000,14716.0000
2025-07-01,2025,7,Atlantico,15,Otras mercancias de uso domestico,0,115.0157,5.3000,4.9001,16.5200,49454.0321,2.2000,4.8263,17.0300,36437.2273,0,98337.0000,14716.0000
2025-07-01,2025,7,Bogota,4,Prendas de vestir y textiles,0,101.8974,5.3000,4.9001,16.5200,49454.0321,2.2000,4.8263,17.0300,36437.2273,0,376320.0000,390575.0000
2025-07-01,2025,7,Bogota,8,Electrodomesticos y muebles,1,176.5293,5.3000,4.9001,16.5200,49454.0321,2.2000,4.8263,17.0300,36437.2273,0,376320.0000,390575.0000
2025-07-01,2025,7,Bogota,9,Articulos y utensilios domesticos,0,162.9657,5.3000,4.9001,16.5200,49454.0321,2.2000,4.8263,17.0300,36437.2273,0,376320.0000,390575.0000
2025-07-01,2025,7,Bogota,10,Aseo del hogar,0,158.5922,5.3000,4.9001,16.5200,49454.0321,2.2000,4.8263,17.0300,36437.2273,0,376320.0000,390575.0000
2025-07-01,2025,7,Bogota,11,Informatica y telecomunicaciones,0,276.4552,5.3000,4.9001,16.5200,49454.0321,2.2000,4.8263,17.0300,36437.2273,0,376320.0000,390575.0000
2025-07-01,2025,7,Bogota,12,Sonido y video,0,189.9039,5.3000,4.9001,16.5200,49454.0321,2.2000,4.8263,17.0300,36437.2273,0,376320.0000,390575.0000
2025-07-01,2025,7,Bogota,14,"Ferreteria, vidrios y pinturas",0,115.9316,5.3000,4.9001,16.5200,49454.0321,2.2000,4.8263,17.0300,36437.2273,0,376320.0000,390575.0000
2025-07-01,2025,7,Bogota,15,Otras mercancias de uso domestico,0,120.1337,5.3000,4.9001,16.5200,49454.0321,2.2000,4.8263,17.0300,36437.2273,0,376320.0000,390575.0000
2025-07-01,2025,7,Cundinamarca,4,Prendas de vestir y textiles,0,118.5263,5.3000,4.9001,16.5200,49454.0321,2.2000,4.8263,17.0300,36437.2273,0,133843.0000,86530.0000
2025-07-01,2025,7,Cundinamarca,8,Electrodomesticos y muebles,1,156.4739,5.3000,4.9001,16.5200,49454.0321,2.2000,4.8263,17.0300,36437.2273,0,133843.0000,86530.0000
2025-07-01,2025,7,Cundinamarca,9,Articulos y utensilios domesticos,0,191.7557,5.3000,4.9001,16.5200,49454.0321,2.2000,4.8263,17.0300,36437.2273,0,133843.0000,86530.0000
2025-07-01,2025,7,Cundinamarca,10,Aseo del hogar,0,163.4317,5.3000,4.9001,16.5200,49454.0321,2.2000,4.8263,17.0300,36437.2273,0,133843.0000,86530.0000
2025-07-01,2025,7,Cundinamarca,11,Informatica y telecomunicaciones,0,291.1814,5.3000,4.9001,16.5200,49454.0321,2.2000,4.8263,17.0300,36437.2273,0,133843.0000,86530.0000
2025-07-01,2025,7,Cundinamarca,12,Sonido y video,0,214.7647,5.3000,4.9001,16.5200,49454.0321,2.2000,4.8263,17.0300,36437.2273,0,133843.0000,86530.0000
2025-07-01,2025,7,Cundinamarca,14,"Ferreteria, vidrios y pinturas",0,124.3323,5.3000,4.9001,16.5200,49454.0321,2.2000,4.8263,17.0300,36437.2273,0,133843.0000,86530.0000
2025-07-01,2025,7,Cundinamarca,15,Otras mercancias de uso domestico,0,154.6404,5.3000,4.9001,16.5200,49454.0321,2.2000,4.8263,17.0300,36437.2273,0,133843.0000,86530.0000
2025-07-01,2025,7,Santander,4,Prendas de vestir y textiles,0,100.6678,5.3000,4.9001,16.5200,49454.0321,2.2000,4.8263,17.0300,36437.2273,0,50799.0000,146691.0000
2025-07-01,2025,7,Santander,8,Electrodomesticos y muebles,1,172.0500,5.3000,4.9001,16.5200,49454.0321,2.2000,4.8263,17.0300,36437.2273,0,50799.0000,146691.0000
2025-07-01,2025,7,Santander,9,Articulos y utensilios domesticos,0,161.3342,5.3000,4.9001,16.5200,49454.0321,2.2000,4.8263,17.0300,36437.2273,0,50799.0000,146691.0000
2025-07-01,2025,7,Santander,10,Aseo del hogar,0,132.1968,5.3000,4.9001,16.5200,49454.0321,2.2000,4.8263,17.0300,36437.2273,0,50799.0000,146691.0000
2025-07-01,2025,7,Santander,11,Informatica y telecomunicaciones,0,265.4000,5.3000,4.9001,16.5200,49454.0321,2.2000,4.8263,17.0300,36437.2273,0,50799.0000,146691.0000
2025-07-01,2025,7,Santander,12,Sonido y video,0,176.9632,5.3000,4.9001,16.5200,49454.0321,2.2000,4.8263,17.0300,36437.2273,0,50799.0000,146691.0000
2025-07-01,2025,7,Santander,14,"Ferreteria, vidrios y pinturas",0,104.6347,5.3000,4.9001,16.5200,49454.0321,2.2000,4.8263,17.0300,36437.2273,0,50799.0000,146691.0000
2025-07-01,2025,7,Santander,15,Otras mercancias de uso domestico,0,142.7826,5.3000,4.9001,16.5200,49454.0321,2.2000,4.8263,17.0300,36437.2273,0,50799.0000,146691.0000
2025-07-01,2025,7,Valle del Cauca,4,Prendas de vestir y textiles,0,83.1246,5.3000,4.9001,16.5200,49454.0321,2.2000,4.8263,17.0300,36437.2273,0,198808.0000,119111.0000
2025-07-01,2025,7,Valle del Cauca,8,Electrodomesticos y muebles,1,136.5152,5.3000,4.9001,16.5200,49454.0321,2.2000,4.8263,17.0300,36437.2273,0,198808.0000,119111.0000
2025-07-01,2025,7,Valle del Cauca,9,Articulos y utensilios domesticos,0,130.2278,5.3000,4.9001,16.5200,49454.0321,2.2000,4.8263,17.0300,36437.2273,0,198808.0000,119111.0000
2025-07-01,2025,7,Valle del Cauca,10,Aseo del hogar,0,122.6542,5.3000,4.9001,16.5200,49454.0321,2.2000,4.8263,17.0300,36437.2273,0,198808.0000,119111.0000
2025-07-01,2025,7,Valle del Cauca,11,Informatica y telecomunicaciones,0,267.0189,5.3000,4.9001,16.5200,49454.0321,2.2000,4.8263,17.0300,36437.2273,0,198808.0000,119111.0000
2025-07-01,2025,7,Valle del Cauca,12,Sonido y video,0,169.0942,5.3000,4.9001,16.5200,49454.0321,2.2000,4.8263,17.0300,36437.2273,0,198808.0000,119111.0000
2025-07-01,2025,7,Valle del Cauca,14,"Ferreteria, vidrios y pinturas",0,103.7459,5.3000,4.9001,16.5200,49454.0321,2.2000,4.8263,17.0300,36437.2273,0,198808.0000,119111.0000
2025-07-01,2025,7,Valle del Cauca,15,Otras mercancias de uso domestico,0,103.0095,5.3000,4.9001,16.5200,49454.0321,2.2000,4.8263,17.0300,36437.2273,0,198808.0000,119111.0000
2025-07-01,2025,7,Otros departamentos,4,Prendas de vestir y textiles,0,115.9775,5.3000,4.9001,16.5200,49454.0321,2.2000,4.8263,17.0300,36437.2273,0,440912.0000,451230.0000
2025-07-01,2025,7,Otros departamentos,8,Electrodomesticos y muebles,1,165.9175,5.3000,4.9001,16.5200,49454.0321,2.2000,4.8263,17.0300,36437.2273,0,440912.0000,451230.0000
2025-07-01,2025,7,Otros departamentos,9,Articulos y utensilios domesticos,0,154.3981,5.3000,4.9001,16.5200,49454.0321,2.2000,4.8263,17.0300,36437.2273,0,440912.0000,451230.0000
2025-07-01,2025,7,Otros departamentos,10,Aseo del hogar,0,142.5828,5.3000,4.9001,16.5200,49454.0321,2.2000,4.8263,17.0300,36437.2273,0,440912.0000,451230.0000
2025-07-01,2025,7,Otros departamentos,11,Informatica y telecomunicaciones,0,293.6397,5.3000,4.9001,16.5200,49454.0321,2.2000,4.8263,17.0300,36437.2273,0,440912.0000,451230.0000
2025-07-01,2025,7,Otros departamentos,12,Sonido y video,0,183.5740,5.3000,4.9001,16.5200,49454.0321,2.2000,4.8263,17.0300,36437.2273,0,440912.0000,451230.0000
2025-07-01,2025,7,Otros departamentos,14,"Ferreteria, vidrios y pinturas",0,122.9110,5.3000,4.9001,16.5200,49454.0321,2.2000,4.8263,17.0300,36437.2273,0,440912.0000,451230.0000
2025-07-01,2025,7,Otros departamentos,15,Otras mercancias de uso domestico,0,134.8234,5.3000,4.9001,16.5200,49454.0321,2.2000,4.8263,17.0300,36437.2273,0,440912.0000,451230.0000
2025-08-01,2025,8,Antioquia,4,Prendas de vestir y textiles,0,93.4250,-2.4000,5.0950,16.7800,45577.5255,5.3000,4.9001,16.5200,49454.0321,0,283929.0000,300539.0000
2025-08-01,2025,8,Antioquia,8,Electrodomesticos y muebles,1,172.5507,-2.4000,5.0950,16.7800,45577.5255,5.3000,4.9001,16.5200,49454.0321,0,283929.0000,300539.0000
2025-08-01,2025,8,Antioquia,9,Articulos y utensilios domesticos,0,146.7890,-2.4000,5.0950,16.7800,45577.5255,5.3000,4.9001,16.5200,49454.0321,0,283929.0000,300539.0000
2025-08-01,2025,8,Antioquia,10,Aseo del hogar,0,155.5040,-2.4000,5.0950,16.7800,45577.5255,5.3000,4.9001,16.5200,49454.0321,0,283929.0000,300539.0000
2025-08-01,2025,8,Antioquia,11,Informatica y telecomunicaciones,0,334.0706,-2.4000,5.0950,16.7800,45577.5255,5.3000,4.9001,16.5200,49454.0321,0,283929.0000,300539.0000
2025-08-01,2025,8,Antioquia,12,Sonido y video,0,186.3458,-2.4000,5.0950,16.7800,45577.5255,5.3000,4.9001,16.5200,49454.0321,0,283929.0000,300539.0000
2025-08-01,2025,8,Antioquia,14,"Ferreteria, vidrios y pinturas",0,120.2349,-2.4000,5.0950,16.7800,45577.5255,5.3000,4.9001,16.5200,49454.0321,0,283929.0000,300539.0000
2025-08-01,2025,8,Antioquia,15,Otras mercancias de uso domestico,0,118.4025,-2.4000,5.0950,16.7800,45577.5255,5.3000,4.9001,16.5200,49454.0321,0,283929.0000,300539.0000
2025-08-01,2025,8,Atlantico,4,Prendas de vestir y textiles,0,81.0493,-2.4000,5.0950,16.7800,45577.5255,5.3000,4.9001,16.5200,49454.0321,0,16673.0000,98337.0000
2025-08-01,2025,8,Atlantico,8,Electrodomesticos y muebles,1,132.4704,-2.4000,5.0950,16.7800,45577.5255,5.3000,4.9001,16.5200,49454.0321,0,16673.0000,98337.0000
2025-08-01,2025,8,Atlantico,9,Articulos y utensilios domesticos,0,127.7109,-2.4000,5.0950,16.7800,45577.5255,5.3000,4.9001,16.5200,49454.0321,0,16673.0000,98337.0000
2025-08-01,2025,8,Atlantico,10,Aseo del hogar,0,115.1025,-2.4000,5.0950,16.7800,45577.5255,5.3000,4.9001,16.5200,49454.0321,0,16673.0000,98337.0000
2025-08-01,2025,8,Atlantico,11,Informatica y telecomunicaciones,0,248.7502,-2.4000,5.0950,16.7800,45577.5255,5.3000,4.9001,16.5200,49454.0321,0,16673.0000,98337.0000
2025-08-01,2025,8,Atlantico,12,Sonido y video,0,137.5430,-2.4000,5.0950,16.7800,45577.5255,5.3000,4.9001,16.5200,49454.0321,0,16673.0000,98337.0000
2025-08-01,2025,8,Atlantico,14,"Ferreteria, vidrios y pinturas",0,99.5296,-2.4000,5.0950,16.7800,45577.5255,5.3000,4.9001,16.5200,49454.0321,0,16673.0000,98337.0000
2025-08-01,2025,8,Atlantico,15,Otras mercancias de uso domestico,0,121.5943,-2.4000,5.0950,16.7800,45577.5255,5.3000,4.9001,16.5200,49454.0321,0,16673.0000,98337.0000
2025-08-01,2025,8,Bogota,4,Prendas de vestir y textiles,0,100.6234,-2.4000,5.0950,16.7800,45577.5255,5.3000,4.9001,16.5200,49454.0321,0,123105.0000,376320.0000
2025-08-01,2025,8,Bogota,8,Electrodomesticos y muebles,1,194.0128,-2.4000,5.0950,16.7800,45577.5255,5.3000,4.9001,16.5200,49454.0321,0,123105.0000,376320.0000
2025-08-01,2025,8,Bogota,9,Articulos y utensilios domesticos,0,182.2129,-2.4000,5.0950,16.7800,45577.5255,5.3000,4.9001,16.5200,49454.0321,0,123105.0000,376320.0000
2025-08-01,2025,8,Bogota,10,Aseo del hogar,0,172.0845,-2.4000,5.0950,16.7800,45577.5255,5.3000,4.9001,16.5200,49454.0321,0,123105.0000,376320.0000
2025-08-01,2025,8,Bogota,11,Informatica y telecomunicaciones,0,347.5536,-2.4000,5.0950,16.7800,45577.5255,5.3000,4.9001,16.5200,49454.0321,0,123105.0000,376320.0000
2025-08-01,2025,8,Bogota,12,Sonido y video,0,201.1872,-2.4000,5.0950,16.7800,45577.5255,5.3000,4.9001,16.5200,49454.0321,0,123105.0000,376320.0000
2025-08-01,2025,8,Bogota,14,"Ferreteria, vidrios y pinturas",0,117.1245,-2.4000,5.0950,16.7800,45577.5255,5.3000,4.9001,16.5200,49454.0321,0,123105.0000,376320.0000
2025-08-01,2025,8,Bogota,15,Otras mercancias de uso domestico,0,125.8836,-2.4000,5.0950,16.7800,45577.5255,5.3000,4.9001,16.5200,49454.0321,0,123105.0000,376320.0000
2025-08-01,2025,8,Cundinamarca,4,Prendas de vestir y textiles,0,109.2992,-2.4000,5.0950,16.7800,45577.5255,5.3000,4.9001,16.5200,49454.0321,0,101062.0000,133843.0000
2025-08-01,2025,8,Cundinamarca,8,Electrodomesticos y muebles,1,187.0542,-2.4000,5.0950,16.7800,45577.5255,5.3000,4.9001,16.5200,49454.0321,0,101062.0000,133843.0000
2025-08-01,2025,8,Cundinamarca,9,Articulos y utensilios domesticos,0,189.6575,-2.4000,5.0950,16.7800,45577.5255,5.3000,4.9001,16.5200,49454.0321,0,101062.0000,133843.0000
2025-08-01,2025,8,Cundinamarca,10,Aseo del hogar,0,158.8352,-2.4000,5.0950,16.7800,45577.5255,5.3000,4.9001,16.5200,49454.0321,0,101062.0000,133843.0000
2025-08-01,2025,8,Cundinamarca,11,Informatica y telecomunicaciones,0,363.5044,-2.4000,5.0950,16.7800,45577.5255,5.3000,4.9001,16.5200,49454.0321,0,101062.0000,133843.0000
2025-08-01,2025,8,Cundinamarca,12,Sonido y video,0,222.2737,-2.4000,5.0950,16.7800,45577.5255,5.3000,4.9001,16.5200,49454.0321,0,101062.0000,133843.0000
2025-08-01,2025,8,Cundinamarca,14,"Ferreteria, vidrios y pinturas",0,128.4350,-2.4000,5.0950,16.7800,45577.5255,5.3000,4.9001,16.5200,49454.0321,0,101062.0000,133843.0000
2025-08-01,2025,8,Cundinamarca,15,Otras mercancias de uso domestico,0,164.5163,-2.4000,5.0950,16.7800,45577.5255,5.3000,4.9001,16.5200,49454.0321,0,101062.0000,133843.0000
2025-08-01,2025,8,Santander,4,Prendas de vestir y textiles,0,112.5858,-2.4000,5.0950,16.7800,45577.5255,5.3000,4.9001,16.5200,49454.0321,0,46690.0000,50799.0000
2025-08-01,2025,8,Santander,8,Electrodomesticos y muebles,1,172.7997,-2.4000,5.0950,16.7800,45577.5255,5.3000,4.9001,16.5200,49454.0321,0,46690.0000,50799.0000
2025-08-01,2025,8,Santander,9,Articulos y utensilios domesticos,0,149.2879,-2.4000,5.0950,16.7800,45577.5255,5.3000,4.9001,16.5200,49454.0321,0,46690.0000,50799.0000
2025-08-01,2025,8,Santander,10,Aseo del hogar,0,150.0307,-2.4000,5.0950,16.7800,45577.5255,5.3000,4.9001,16.5200,49454.0321,0,46690.0000,50799.0000
2025-08-01,2025,8,Santander,11,Informatica y telecomunicaciones,0,327.9394,-2.4000,5.0950,16.7800,45577.5255,5.3000,4.9001,16.5200,49454.0321,0,46690.0000,50799.0000
2025-08-01,2025,8,Santander,12,Sonido y video,0,190.7357,-2.4000,5.0950,16.7800,45577.5255,5.3000,4.9001,16.5200,49454.0321,0,46690.0000,50799.0000
2025-08-01,2025,8,Santander,14,"Ferreteria, vidrios y pinturas",0,103.5642,-2.4000,5.0950,16.7800,45577.5255,5.3000,4.9001,16.5200,49454.0321,0,46690.0000,50799.0000
2025-08-01,2025,8,Santander,15,Otras mercancias de uso domestico,0,120.2252,-2.4000,5.0950,16.7800,45577.5255,5.3000,4.9001,16.5200,49454.0321,0,46690.0000,50799.0000
2025-08-01,2025,8,Valle del Cauca,4,Prendas de vestir y textiles,0,80.7109,-2.4000,5.0950,16.7800,45577.5255,5.3000,4.9001,16.5200,49454.0321,0,152558.0000,198808.0000
2025-08-01,2025,8,Valle del Cauca,8,Electrodomesticos y muebles,1,141.9746,-2.4000,5.0950,16.7800,45577.5255,5.3000,4.9001,16.5200,49454.0321,0,152558.0000,198808.0000
2025-08-01,2025,8,Valle del Cauca,9,Articulos y utensilios domesticos,0,134.0603,-2.4000,5.0950,16.7800,45577.5255,5.3000,4.9001,16.5200,49454.0321,0,152558.0000,198808.0000
2025-08-01,2025,8,Valle del Cauca,10,Aseo del hogar,0,128.9846,-2.4000,5.0950,16.7800,45577.5255,5.3000,4.9001,16.5200,49454.0321,0,152558.0000,198808.0000
2025-08-01,2025,8,Valle del Cauca,11,Informatica y telecomunicaciones,0,296.1526,-2.4000,5.0950,16.7800,45577.5255,5.3000,4.9001,16.5200,49454.0321,0,152558.0000,198808.0000
2025-08-01,2025,8,Valle del Cauca,12,Sonido y video,0,171.3137,-2.4000,5.0950,16.7800,45577.5255,5.3000,4.9001,16.5200,49454.0321,0,152558.0000,198808.0000
2025-08-01,2025,8,Valle del Cauca,14,"Ferreteria, vidrios y pinturas",0,87.1537,-2.4000,5.0950,16.7800,45577.5255,5.3000,4.9001,16.5200,49454.0321,0,152558.0000,198808.0000
2025-08-01,2025,8,Valle del Cauca,15,Otras mercancias de uso domestico,0,99.3774,-2.4000,5.0950,16.7800,45577.5255,5.3000,4.9001,16.5200,49454.0321,0,152558.0000,198808.0000
2025-08-01,2025,8,Otros departamentos,4,Prendas de vestir y textiles,0,107.8176,-2.4000,5.0950,16.7800,45577.5255,5.3000,4.9001,16.5200,49454.0321,0,409141.0000,440912.0000
2025-08-01,2025,8,Otros departamentos,8,Electrodomesticos y muebles,1,169.0319,-2.4000,5.0950,16.7800,45577.5255,5.3000,4.9001,16.5200,49454.0321,0,409141.0000,440912.0000
2025-08-01,2025,8,Otros departamentos,9,Articulos y utensilios domesticos,0,154.7725,-2.4000,5.0950,16.7800,45577.5255,5.3000,4.9001,16.5200,49454.0321,0,409141.0000,440912.0000
2025-08-01,2025,8,Otros departamentos,10,Aseo del hogar,0,134.3728,-2.4000,5.0950,16.7800,45577.5255,5.3000,4.9001,16.5200,49454.0321,0,409141.0000,440912.0000
2025-08-01,2025,8,Otros departamentos,11,Informatica y telecomunicaciones,0,352.7039,-2.4000,5.0950,16.7800,45577.5255,5.3000,4.9001,16.5200,49454.0321,0,409141.0000,440912.0000
2025-08-01,2025,8,Otros departamentos,12,Sonido y video,0,188.9843,-2.4000,5.0950,16.7800,45577.5255,5.3000,4.9001,16.5200,49454.0321,0,409141.0000,440912.0000
2025-08-01,2025,8,Otros departamentos,14,"Ferreteria, vidrios y pinturas",0,121.6389,-2.4000,5.0950,16.7800,45577.5255,5.3000,4.9001,16.5200,49454.0321,0,409141.0000,440912.0000
2025-08-01,2025,8,Otros departamentos,15,Otras mercancias de uso domestico,0,137.9573,-2.4000,5.0950,16.7800,45577.5255,5.3000,4.9001,16.5200,49454.0321,0,409141.0000,440912.0000
2025-09-01,2025,9,Antioquia,4,Prendas de vestir y textiles,0,93.8130,1.6000,5.1798,16.6700,46624.5969,-2.4000,5.0950,16.7800,45577.5255,0,328564.0000,283929.0000
2025-09-01,2025,9,Antioquia,8,Electrodomesticos y muebles,1,154.1595,1.6000,5.1798,16.6700,46624.5969,-2.4000,5.0950,16.7800,45577.5255,0,328564.0000,283929.0000
2025-09-01,2025,9,Antioquia,9,Articulos y utensilios domesticos,0,146.6657,1.6000,5.1798,16.6700,46624.5969,-2.4000,5.0950,16.7800,45577.5255,0,328564.0000,283929.0000
2025-09-01,2025,9,Antioquia,10,Aseo del hogar,0,146.9245,1.6000,5.1798,16.6700,46624.5969,-2.4000,5.0950,16.7800,45577.5255,0,328564.0000,283929.0000
2025-09-01,2025,9,Antioquia,11,Informatica y telecomunicaciones,0,248.6077,1.6000,5.1798,16.6700,46624.5969,-2.4000,5.0950,16.7800,45577.5255,0,328564.0000,283929.0000
2025-09-01,2025,9,Antioquia,12,Sonido y video,0,143.6847,1.6000,5.1798,16.6700,46624.5969,-2.4000,5.0950,16.7800,45577.5255,0,328564.0000,283929.0000
2025-09-01,2025,9,Antioquia,14,"Ferreteria, vidrios y pinturas",0,124.4178,1.6000,5.1798,16.6700,46624.5969,-2.4000,5.0950,16.7800,45577.5255,0,328564.0000,283929.0000
2025-09-01,2025,9,Antioquia,15,Otras mercancias de uso domestico,0,110.4374,1.6000,5.1798,16.6700,46624.5969,-2.4000,5.0950,16.7800,45577.5255,0,328564.0000,283929.0000
2025-09-01,2025,9,Atlantico,4,Prendas de vestir y textiles,0,80.4429,1.6000,5.1798,16.6700,46624.5969,-2.4000,5.0950,16.7800,45577.5255,0,30787.0000,16673.0000
2025-09-01,2025,9,Atlantico,8,Electrodomesticos y muebles,1,113.7656,1.6000,5.1798,16.6700,46624.5969,-2.4000,5.0950,16.7800,45577.5255,0,30787.0000,16673.0000
2025-09-01,2025,9,Atlantico,9,Articulos y utensilios domesticos,0,137.0920,1.6000,5.1798,16.6700,46624.5969,-2.4000,5.0950,16.7800,45577.5255,0,30787.0000,16673.0000
2025-09-01,2025,9,Atlantico,10,Aseo del hogar,0,106.3476,1.6000,5.1798,16.6700,46624.5969,-2.4000,5.0950,16.7800,45577.5255,0,30787.0000,16673.0000
2025-09-01,2025,9,Atlantico,11,Informatica y telecomunicaciones,0,207.6689,1.6000,5.1798,16.6700,46624.5969,-2.4000,5.0950,16.7800,45577.5255,0,30787.0000,16673.0000
2025-09-01,2025,9,Atlantico,12,Sonido y video,0,122.7151,1.6000,5.1798,16.6700,46624.5969,-2.4000,5.0950,16.7800,45577.5255,0,30787.0000,16673.0000
2025-09-01,2025,9,Atlantico,14,"Ferreteria, vidrios y pinturas",0,96.1957,1.6000,5.1798,16.6700,46624.5969,-2.4000,5.0950,16.7800,45577.5255,0,30787.0000,16673.0000
2025-09-01,2025,9,Atlantico,15,Otras mercancias de uso domestico,0,110.0048,1.6000,5.1798,16.6700,46624.5969,-2.4000,5.0950,16.7800,45577.5255,0,30787.0000,16673.0000
2025-09-01,2025,9,Bogota,4,Prendas de vestir y textiles,0,107.0160,1.6000,5.1798,16.6700,46624.5969,-2.4000,5.0950,16.7800,45577.5255,0,278672.0000,123105.0000
2025-09-01,2025,9,Bogota,8,Electrodomesticos y muebles,1,166.8185,1.6000,5.1798,16.6700,46624.5969,-2.4000,5.0950,16.7800,45577.5255,0,278672.0000,123105.0000
2025-09-01,2025,9,Bogota,9,Articulos y utensilios domesticos,0,183.4981,1.6000,5.1798,16.6700,46624.5969,-2.4000,5.0950,16.7800,45577.5255,0,278672.0000,123105.0000
2025-09-01,2025,9,Bogota,10,Aseo del hogar,0,158.8317,1.6000,5.1798,16.6700,46624.5969,-2.4000,5.0950,16.7800,45577.5255,0,278672.0000,123105.0000
2025-09-01,2025,9,Bogota,11,Informatica y telecomunicaciones,0,325.0324,1.6000,5.1798,16.6700,46624.5969,-2.4000,5.0950,16.7800,45577.5255,0,278672.0000,123105.0000
2025-09-01,2025,9,Bogota,12,Sonido y video,0,171.7187,1.6000,5.1798,16.6700,46624.5969,-2.4000,5.0950,16.7800,45577.5255,0,278672.0000,123105.0000
2025-09-01,2025,9,Bogota,14,"Ferreteria, vidrios y pinturas",0,125.9482,1.6000,5.1798,16.6700,46624.5969,-2.4000,5.0950,16.7800,45577.5255,0,278672.0000,123105.0000
2025-09-01,2025,9,Bogota,15,Otras mercancias de uso domestico,0,124.7605,1.6000,5.1798,16.6700,46624.5969,-2.4000,5.0950,16.7800,45577.5255,0,278672.0000,123105.0000
2025-09-01,2025,9,Cundinamarca,4,Prendas de vestir y textiles,0,102.5517,1.6000,5.1798,16.6700,46624.5969,-2.4000,5.0950,16.7800,45577.5255,0,88867.0000,101062.0000
2025-09-01,2025,9,Cundinamarca,8,Electrodomesticos y muebles,1,159.1939,1.6000,5.1798,16.6700,46624.5969,-2.4000,5.0950,16.7800,45577.5255,0,88867.0000,101062.0000
2025-09-01,2025,9,Cundinamarca,9,Articulos y utensilios domesticos,0,189.1563,1.6000,5.1798,16.6700,46624.5969,-2.4000,5.0950,16.7800,45577.5255,0,88867.0000,101062.0000
2025-09-01,2025,9,Cundinamarca,10,Aseo del hogar,0,143.6208,1.6000,5.1798,16.6700,46624.5969,-2.4000,5.0950,16.7800,45577.5255,0,88867.0000,101062.0000
2025-09-01,2025,9,Cundinamarca,11,Informatica y telecomunicaciones,0,302.4107,1.6000,5.1798,16.6700,46624.5969,-2.4000,5.0950,16.7800,45577.5255,0,88867.0000,101062.0000
2025-09-01,2025,9,Cundinamarca,12,Sonido y video,0,182.7513,1.6000,5.1798,16.6700,46624.5969,-2.4000,5.0950,16.7800,45577.5255,0,88867.0000,101062.0000
2025-09-01,2025,9,Cundinamarca,14,"Ferreteria, vidrios y pinturas",0,136.5439,1.6000,5.1798,16.6700,46624.5969,-2.4000,5.0950,16.7800,45577.5255,0,88867.0000,101062.0000
2025-09-01,2025,9,Cundinamarca,15,Otras mercancias de uso domestico,0,159.8812,1.6000,5.1798,16.6700,46624.5969,-2.4000,5.0950,16.7800,45577.5255,0,88867.0000,101062.0000
2025-09-01,2025,9,Santander,4,Prendas de vestir y textiles,0,104.9759,1.6000,5.1798,16.6700,46624.5969,-2.4000,5.0950,16.7800,45577.5255,0,64941.0000,46690.0000
2025-09-01,2025,9,Santander,8,Electrodomesticos y muebles,1,133.1628,1.6000,5.1798,16.6700,46624.5969,-2.4000,5.0950,16.7800,45577.5255,0,64941.0000,46690.0000
2025-09-01,2025,9,Santander,9,Articulos y utensilios domesticos,0,133.3694,1.6000,5.1798,16.6700,46624.5969,-2.4000,5.0950,16.7800,45577.5255,0,64941.0000,46690.0000
2025-09-01,2025,9,Santander,10,Aseo del hogar,0,131.5471,1.6000,5.1798,16.6700,46624.5969,-2.4000,5.0950,16.7800,45577.5255,0,64941.0000,46690.0000
2025-09-01,2025,9,Santander,11,Informatica y telecomunicaciones,0,258.6537,1.6000,5.1798,16.6700,46624.5969,-2.4000,5.0950,16.7800,45577.5255,0,64941.0000,46690.0000
2025-09-01,2025,9,Santander,12,Sonido y video,0,160.5462,1.6000,5.1798,16.6700,46624.5969,-2.4000,5.0950,16.7800,45577.5255,0,64941.0000,46690.0000
2025-09-01,2025,9,Santander,14,"Ferreteria, vidrios y pinturas",0,111.3003,1.6000,5.1798,16.6700,46624.5969,-2.4000,5.0950,16.7800,45577.5255,0,64941.0000,46690.0000
2025-09-01,2025,9,Santander,15,Otras mercancias de uso domestico,0,128.4280,1.6000,5.1798,16.6700,46624.5969,-2.4000,5.0950,16.7800,45577.5255,0,64941.0000,46690.0000
2025-09-01,2025,9,Valle del Cauca,4,Prendas de vestir y textiles,0,77.1735,1.6000,5.1798,16.6700,46624.5969,-2.4000,5.0950,16.7800,45577.5255,0,137788.0000,152558.0000
2025-09-01,2025,9,Valle del Cauca,8,Electrodomesticos y muebles,1,114.5756,1.6000,5.1798,16.6700,46624.5969,-2.4000,5.0950,16.7800,45577.5255,0,137788.0000,152558.0000
2025-09-01,2025,9,Valle del Cauca,9,Articulos y utensilios domesticos,0,117.9858,1.6000,5.1798,16.6700,46624.5969,-2.4000,5.0950,16.7800,45577.5255,0,137788.0000,152558.0000
2025-09-01,2025,9,Valle del Cauca,10,Aseo del hogar,0,111.4972,1.6000,5.1798,16.6700,46624.5969,-2.4000,5.0950,16.7800,45577.5255,0,137788.0000,152558.0000
2025-09-01,2025,9,Valle del Cauca,11,Informatica y telecomunicaciones,0,213.7706,1.6000,5.1798,16.6700,46624.5969,-2.4000,5.0950,16.7800,45577.5255,0,137788.0000,152558.0000
2025-09-01,2025,9,Valle del Cauca,12,Sonido y video,0,132.0669,1.6000,5.1798,16.6700,46624.5969,-2.4000,5.0950,16.7800,45577.5255,0,137788.0000,152558.0000
2025-09-01,2025,9,Valle del Cauca,14,"Ferreteria, vidrios y pinturas",0,88.6999,1.6000,5.1798,16.6700,46624.5969,-2.4000,5.0950,16.7800,45577.5255,0,137788.0000,152558.0000
2025-09-01,2025,9,Valle del Cauca,15,Otras mercancias de uso domestico,0,99.8642,1.6000,5.1798,16.6700,46624.5969,-2.4000,5.0950,16.7800,45577.5255,0,137788.0000,152558.0000
2025-09-01,2025,9,Otros departamentos,4,Prendas de vestir y textiles,0,96.4980,1.6000,5.1798,16.6700,46624.5969,-2.4000,5.0950,16.7800,45577.5255,0,440963.0000,409141.0000
2025-09-01,2025,9,Otros departamentos,8,Electrodomesticos y muebles,1,144.7973,1.6000,5.1798,16.6700,46624.5969,-2.4000,5.0950,16.7800,45577.5255,0,440963.0000,409141.0000
2025-09-01,2025,9,Otros departamentos,9,Articulos y utensilios domesticos,0,130.5446,1.6000,5.1798,16.6700,46624.5969,-2.4000,5.0950,16.7800,45577.5255,0,440963.0000,409141.0000
2025-09-01,2025,9,Otros departamentos,10,Aseo del hogar,0,124.1920,1.6000,5.1798,16.6700,46624.5969,-2.4000,5.0950,16.7800,45577.5255,0,440963.0000,409141.0000
2025-09-01,2025,9,Otros departamentos,11,Informatica y telecomunicaciones,0,286.5532,1.6000,5.1798,16.6700,46624.5969,-2.4000,5.0950,16.7800,45577.5255,0,440963.0000,409141.0000
2025-09-01,2025,9,Otros departamentos,12,Sonido y video,0,168.1700,1.6000,5.1798,16.6700,46624.5969,-2.4000,5.0950,16.7800,45577.5255,0,440963.0000,409141.0000
2025-09-01,2025,9,Otros departamentos,14,"Ferreteria, vidrios y pinturas",0,123.1144,1.6000,5.1798,16.6700,46624.5969,-2.4000,5.0950,16.7800,45577.5255,0,440963.0000,409141.0000
2025-09-01,2025,9,Otros departamentos,15,Otras mercancias de uso domestico,0,142.3725,1.6000,5.1798,16.6700,46624.5969,-2.4000,5.0950,16.7800,45577.5255,0,440963.0000,409141.0000
2025-10-01,2025,10,Antioquia,4,Prendas de vestir y textiles,0,105.0263,13.6000,5.5135,16.2400,50810.8833,1.6000,5.1798,16.6700,46624.5969,0,312051.0000,328564.0000
2025-10-01,2025,10,Antioquia,8,Electrodomesticos y muebles,1,147.9511,13.6000,5.5135,16.2400,50810.8833,1.6000,5.1798,16.6700,46624.5969,0,312051.0000,328564.0000
2025-10-01,2025,10,Antioquia,9,Articulos y utensilios domesticos,0,166.4152,13.6000,5.5135,16.2400,50810.8833,1.6000,5.1798,16.6700,46624.5969,0,312051.0000,328564.0000
2025-10-01,2025,10,Antioquia,10,Aseo del hogar,0,141.4308,13.6000,5.5135,16.2400,50810.8833,1.6000,5.1798,16.6700,46624.5969,0,312051.0000,328564.0000
2025-10-01,2025,10,Antioquia,11,Informatica y telecomunicaciones,0,251.3124,13.6000,5.5135,16.2400,50810.8833,1.6000,5.1798,16.6700,46624.5969,0,312051.0000,328564.0000
2025-10-01,2025,10,Antioquia,12,Sonido y video,0,158.9015,13.6000,5.5135,16.2400,50810.8833,1.6000,5.1798,16.6700,46624.5969,0,312051.0000,328564.0000
2025-10-01,2025,10,Antioquia,14,"Ferreteria, vidrios y pinturas",0,120.8249,13.6000,5.5135,16.2400,50810.8833,1.6000,5.1798,16.6700,46624.5969,0,312051.0000,328564.0000
2025-10-01,2025,10,Antioquia,15,Otras mercancias de uso domestico,0,140.4774,13.6000,5.5135,16.2400,50810.8833,1.6000,5.1798,16.6700,46624.5969,0,312051.0000,328564.0000
2025-10-01,2025,10,Atlantico,4,Prendas de vestir y textiles,0,86.2807,13.6000,5.5135,16.2400,50810.8833,1.6000,5.1798,16.6700,46624.5969,0,38311.0000,30787.0000
2025-10-01,2025,10,Atlantico,8,Electrodomesticos y muebles,1,109.8052,13.6000,5.5135,16.2400,50810.8833,1.6000,5.1798,16.6700,46624.5969,0,38311.0000,30787.0000
2025-10-01,2025,10,Atlantico,9,Articulos y utensilios domesticos,0,136.6022,13.6000,5.5135,16.2400,50810.8833,1.6000,5.1798,16.6700,46624.5969,0,38311.0000,30787.0000
2025-10-01,2025,10,Atlantico,10,Aseo del hogar,0,108.9425,13.6000,5.5135,16.2400,50810.8833,1.6000,5.1798,16.6700,46624.5969,0,38311.0000,30787.0000
2025-10-01,2025,10,Atlantico,11,Informatica y telecomunicaciones,0,223.7940,13.6000,5.5135,16.2400,50810.8833,1.6000,5.1798,16.6700,46624.5969,0,38311.0000,30787.0000
2025-10-01,2025,10,Atlantico,12,Sonido y video,0,126.9313,13.6000,5.5135,16.2400,50810.8833,1.6000,5.1798,16.6700,46624.5969,0,38311.0000,30787.0000
2025-10-01,2025,10,Atlantico,14,"Ferreteria, vidrios y pinturas",0,93.1887,13.6000,5.5135,16.2400,50810.8833,1.6000,5.1798,16.6700,46624.5969,0,38311.0000,30787.0000
2025-10-01,2025,10,Atlantico,15,Otras mercancias de uso domestico,0,130.4547,13.6000,5.5135,16.2400,50810.8833,1.6000,5.1798,16.6700,46624.5969,0,38311.0000,30787.0000
2025-10-01,2025,10,Bogota,4,Prendas de vestir y textiles,0,107.1068,13.6000,5.5135,16.2400,50810.8833,1.6000,5.1798,16.6700,46624.5969,0,302784.0000,278672.0000
2025-10-01,2025,10,Bogota,8,Electrodomesticos y muebles,1,164.3192,13.6000,5.5135,16.2400,50810.8833,1.6000,5.1798,16.6700,46624.5969,0,302784.0000,278672.0000
2025-10-01,2025,10,Bogota,9,Articulos y utensilios domesticos,0,207.8659,13.6000,5.5135,16.2400,50810.8833,1.6000,5.1798,16.6700,46624.5969,0,302784.0000,278672.0000
2025-10-01,2025,10,Bogota,10,Aseo del hogar,0,166.7509,13.6000,5.5135,16.2400,50810.8833,1.6000,5.1798,16.6700,46624.5969,0,302784.0000,278672.0000
2025-10-01,2025,10,Bogota,11,Informatica y telecomunicaciones,0,330.2128,13.6000,5.5135,16.2400,50810.8833,1.6000,5.1798,16.6700,46624.5969,0,302784.0000,278672.0000
2025-10-01,2025,10,Bogota,12,Sonido y video,0,194.5817,13.6000,5.5135,16.2400,50810.8833,1.6000,5.1798,16.6700,46624.5969,0,302784.0000,278672.0000
2025-10-01,2025,10,Bogota,14,"Ferreteria, vidrios y pinturas",0,150.9794,13.6000,5.5135,16.2400,50810.8833,1.6000,5.1798,16.6700,46624.5969,0,302784.0000,278672.0000
2025-10-01,2025,10,Bogota,15,Otras mercancias de uso domestico,0,132.2876,13.6000,5.5135,16.2400,50810.8833,1.6000,5.1798,16.6700,46624.5969,0,302784.0000,278672.0000
2025-10-01,2025,10,Cundinamarca,4,Prendas de vestir y textiles,0,110.1392,13.6000,5.5135,16.2400,50810.8833,1.6000,5.1798,16.6700,46624.5969,0,126243.0000,88867.0000
2025-10-01,2025,10,Cundinamarca,8,Electrodomesticos y muebles,1,162.8903,13.6000,5.5135,16.2400,50810.8833,1.6000,5.1798,16.6700,46624.5969,0,126243.0000,88867.0000
2025-10-01,2025,10,Cundinamarca,9,Articulos y utensilios domesticos,0,190.2160,13.6000,5.5135,16.2400,50810.8833,1.6000,5.1798,16.6700,46624.5969,0,126243.0000,88867.0000
2025-10-01,2025,10,Cundinamarca,10,Aseo del hogar,0,154.0582,13.6000,5.5135,16.2400,50810.8833,1.6000,5.1798,16.6700,46624.5969,0,126243.0000,88867.0000
2025-10-01,2025,10,Cundinamarca,11,Informatica y telecomunicaciones,0,303.5085,13.6000,5.5135,16.2400,50810.8833,1.6000,5.1798,16.6700,46624.5969,0,126243.0000,88867.0000
2025-10-01,2025,10,Cundinamarca,12,Sonido y video,0,196.0516,13.6000,5.5135,16.2400,50810.8833,1.6000,5.1798,16.6700,46624.5969,0,126243.0000,88867.0000
2025-10-01,2025,10,Cundinamarca,14,"Ferreteria, vidrios y pinturas",0,137.9099,13.6000,5.5135,16.2400,50810.8833,1.6000,5.1798,16.6700,46624.5969,0,126243.0000,88867.0000
2025-10-01,2025,10,Cundinamarca,15,Otras mercancias de uso domestico,0,170.3313,13.6000,5.5135,16.2400,50810.8833,1.6000,5.1798,16.6700,46624.5969,0,126243.0000,88867.0000
2025-10-01,2025,10,Santander,4,Prendas de vestir y textiles,0,106.9968,13.6000,5.5135,16.2400,50810.8833,1.6000,5.1798,16.6700,46624.5969,0,78825.0000,64941.0000
2025-10-01,2025,10,Santander,8,Electrodomesticos y muebles,1,136.3585,13.6000,5.5135,16.2400,50810.8833,1.6000,5.1798,16.6700,46624.5969,0,78825.0000,64941.0000
2025-10-01,2025,10,Santander,9,Articulos y utensilios domesticos,0,144.8462,13.6000,5.5135,16.2400,50810.8833,1.6000,5.1798,16.6700,46624.5969,0,78825.0000,64941.0000
2025-10-01,2025,10,Santander,10,Aseo del hogar,0,138.4164,13.6000,5.5135,16.2400,50810.8833,1.6000,5.1798,16.6700,46624.5969,0,78825.0000,64941.0000
2025-10-01,2025,10,Santander,11,Informatica y telecomunicaciones,0,276.4658,13.6000,5.5135,16.2400,50810.8833,1.6000,5.1798,16.6700,46624.5969,0,78825.0000,64941.0000
2025-10-01,2025,10,Santander,12,Sonido y video,0,184.2902,13.6000,5.5135,16.2400,50810.8833,1.6000,5.1798,16.6700,46624.5969,0,78825.0000,64941.0000
2025-10-01,2025,10,Santander,14,"Ferreteria, vidrios y pinturas",0,111.9200,13.6000,5.5135,16.2400,50810.8833,1.6000,5.1798,16.6700,46624.5969,0,78825.0000,64941.0000
2025-10-01,2025,10,Santander,15,Otras mercancias de uso domestico,0,134.5678,13.6000,5.5135,16.2400,50810.8833,1.6000,5.1798,16.6700,46624.5969,0,78825.0000,64941.0000
2025-10-01,2025,10,Valle del Cauca,4,Prendas de vestir y textiles,0,87.2043,13.6000,5.5135,16.2400,50810.8833,1.6000,5.1798,16.6700,46624.5969,0,78190.0000,137788.0000
2025-10-01,2025,10,Valle del Cauca,8,Electrodomesticos y muebles,1,137.2615,13.6000,5.5135,16.2400,50810.8833,1.6000,5.1798,16.6700,46624.5969,0,78190.0000,137788.0000
2025-10-01,2025,10,Valle del Cauca,9,Articulos y utensilios domesticos,0,143.4629,13.6000,5.5135,16.2400,50810.8833,1.6000,5.1798,16.6700,46624.5969,0,78190.0000,137788.0000
2025-10-01,2025,10,Valle del Cauca,10,Aseo del hogar,0,109.5383,13.6000,5.5135,16.2400,50810.8833,1.6000,5.1798,16.6700,46624.5969,0,78190.0000,137788.0000
2025-10-01,2025,10,Valle del Cauca,11,Informatica y telecomunicaciones,0,231.5008,13.6000,5.5135,16.2400,50810.8833,1.6000,5.1798,16.6700,46624.5969,0,78190.0000,137788.0000
2025-10-01,2025,10,Valle del Cauca,12,Sonido y video,0,152.6550,13.6000,5.5135,16.2400,50810.8833,1.6000,5.1798,16.6700,46624.5969,0,78190.0000,137788.0000
2025-10-01,2025,10,Valle del Cauca,14,"Ferreteria, vidrios y pinturas",0,91.6381,13.6000,5.5135,16.2400,50810.8833,1.6000,5.1798,16.6700,46624.5969,0,78190.0000,137788.0000
2025-10-01,2025,10,Valle del Cauca,15,Otras mercancias de uso domestico,0,130.6680,13.6000,5.5135,16.2400,50810.8833,1.6000,5.1798,16.6700,46624.5969,0,78190.0000,137788.0000
2025-10-01,2025,10,Otros departamentos,4,Prendas de vestir y textiles,0,103.9521,13.6000,5.5135,16.2400,50810.8833,1.6000,5.1798,16.6700,46624.5969,0,396128.0000,440963.0000
2025-10-01,2025,10,Otros departamentos,8,Electrodomesticos y muebles,1,140.5658,13.6000,5.5135,16.2400,50810.8833,1.6000,5.1798,16.6700,46624.5969,0,396128.0000,440963.0000
2025-10-01,2025,10,Otros departamentos,9,Articulos y utensilios domesticos,0,149.5947,13.6000,5.5135,16.2400,50810.8833,1.6000,5.1798,16.6700,46624.5969,0,396128.0000,440963.0000
2025-10-01,2025,10,Otros departamentos,10,Aseo del hogar,0,135.2133,13.6000,5.5135,16.2400,50810.8833,1.6000,5.1798,16.6700,46624.5969,0,396128.0000,440963.0000
2025-10-01,2025,10,Otros departamentos,11,Informatica y telecomunicaciones,0,271.8013,13.6000,5.5135,16.2400,50810.8833,1.6000,5.1798,16.6700,46624.5969,0,396128.0000,440963.0000
2025-10-01,2025,10,Otros departamentos,12,Sonido y video,0,161.9981,13.6000,5.5135,16.2400,50810.8833,1.6000,5.1798,16.6700,46624.5969,0,396128.0000,440963.0000
2025-10-01,2025,10,Otros departamentos,14,"Ferreteria, vidrios y pinturas",0,129.0260,13.6000,5.5135,16.2400,50810.8833,1.6000,5.1798,16.6700,46624.5969,0,396128.0000,440963.0000
2025-10-01,2025,10,Otros departamentos,15,Otras mercancias de uso domestico,0,140.4759,13.6000,5.5135,16.2400,50810.8833,1.6000,5.1798,16.6700,46624.5969,0,396128.0000,440963.0000
2025-11-01,2025,11,Antioquia,4,Prendas de vestir y textiles,0,126.1764,17.0000,5.3044,16.6600,40300.2285,13.6000,5.5135,16.2400,50810.8833,0,259734.0000,312051.0000
2025-11-01,2025,11,Antioquia,8,Electrodomesticos y muebles,1,194.5875,17.0000,5.3044,16.6600,40300.2285,13.6000,5.5135,16.2400,50810.8833,0,259734.0000,312051.0000
2025-11-01,2025,11,Antioquia,9,Articulos y utensilios domesticos,0,201.8452,17.0000,5.3044,16.6600,40300.2285,13.6000,5.5135,16.2400,50810.8833,0,259734.0000,312051.0000
2025-11-01,2025,11,Antioquia,10,Aseo del hogar,0,145.4580,17.0000,5.3044,16.6600,40300.2285,13.6000,5.5135,16.2400,50810.8833,0,259734.0000,312051.0000
2025-11-01,2025,11,Antioquia,11,Informatica y telecomunicaciones,0,344.4151,17.0000,5.3044,16.6600,40300.2285,13.6000,5.5135,16.2400,50810.8833,0,259734.0000,312051.0000
2025-11-01,2025,11,Antioquia,12,Sonido y video,0,273.6649,17.0000,5.3044,16.6600,40300.2285,13.6000,5.5135,16.2400,50810.8833,0,259734.0000,312051.0000
2025-11-01,2025,11,Antioquia,14,"Ferreteria, vidrios y pinturas",0,122.9006,17.0000,5.3044,16.6600,40300.2285,13.6000,5.5135,16.2400,50810.8833,0,259734.0000,312051.0000
2025-11-01,2025,11,Antioquia,15,Otras mercancias de uso domestico,0,163.2717,17.0000,5.3044,16.6600,40300.2285,13.6000,5.5135,16.2400,50810.8833,0,259734.0000,312051.0000
2025-11-01,2025,11,Atlantico,4,Prendas de vestir y textiles,0,105.7382,17.0000,5.3044,16.6600,40300.2285,13.6000,5.5135,16.2400,50810.8833,0,26326.0000,38311.0000
2025-11-01,2025,11,Atlantico,8,Electrodomesticos y muebles,1,152.6296,17.0000,5.3044,16.6600,40300.2285,13.6000,5.5135,16.2400,50810.8833,0,26326.0000,38311.0000
2025-11-01,2025,11,Atlantico,9,Articulos y utensilios domesticos,0,164.3662,17.0000,5.3044,16.6600,40300.2285,13.6000,5.5135,16.2400,50810.8833,0,26326.0000,38311.0000
2025-11-01,2025,11,Atlantico,10,Aseo del hogar,0,122.7436,17.0000,5.3044,16.6600,40300.2285,13.6000,5.5135,16.2400,50810.8833,0,26326.0000,38311.0000
2025-11-01,2025,11,Atlantico,11,Informatica y telecomunicaciones,0,286.2085,17.0000,5.3044,16.6600,40300.2285,13.6000,5.5135,16.2400,50810.8833,0,26326.0000,38311.0000
2025-11-01,2025,11,Atlantico,12,Sonido y video,0,214.8333,17.0000,5.3044,16.6600,40300.2285,13.6000,5.5135,16.2400,50810.8833,0,26326.0000,38311.0000
2025-11-01,2025,11,Atlantico,14,"Ferreteria, vidrios y pinturas",0,106.7644,17.0000,5.3044,16.6600,40300.2285,13.6000,5.5135,16.2400,50810.8833,0,26326.0000,38311.0000
2025-11-01,2025,11,Atlantico,15,Otras mercancias de uso domestico,0,144.8662,17.0000,5.3044,16.6600,40300.2285,13.6000,5.5135,16.2400,50810.8833,0,26326.0000,38311.0000
2025-11-01,2025,11,Bogota,4,Prendas de vestir y textiles,0,150.3745,17.0000,5.3044,16.6600,40300.2285,13.6000,5.5135,16.2400,50810.8833,0,110616.0000,302784.0000
2025-11-01,2025,11,Bogota,8,Electrodomesticos y muebles,1,221.0623,17.0000,5.3044,16.6600,40300.2285,13.6000,5.5135,16.2400,50810.8833,0,110616.0000,302784.0000
2025-11-01,2025,11,Bogota,9,Articulos y utensilios domesticos,0,255.9263,17.0000,5.3044,16.6600,40300.2285,13.6000,5.5135,16.2400,50810.8833,0,110616.0000,302784.0000
2025-11-01,2025,11,Bogota,10,Aseo del hogar,0,168.2052,17.0000,5.3044,16.6600,40300.2285,13.6000,5.5135,16.2400,50810.8833,0,110616.0000,302784.0000
2025-11-01,2025,11,Bogota,11,Informatica y telecomunicaciones,0,423.3009,17.0000,5.3044,16.6600,40300.2285,13.6000,5.5135,16.2400,50810.8833,0,110616.0000,302784.0000
2025-11-01,2025,11,Bogota,12,Sonido y video,0,297.7165,17.0000,5.3044,16.6600,40300.2285,13.6000,5.5135,16.2400,50810.8833,0,110616.0000,302784.0000
2025-11-01,2025,11,Bogota,14,"Ferreteria, vidrios y pinturas",0,148.4401,17.0000,5.3044,16.6600,40300.2285,13.6000,5.5135,16.2400,50810.8833,0,110616.0000,302784.0000
2025-11-01,2025,11,Bogota,15,Otras mercancias de uso domestico,0,181.3934,17.0000,5.3044,16.6600,40300.2285,13.6000,5.5135,16.2400,50810.8833,0,110616.0000,302784.0000
2025-11-01,2025,11,Cundinamarca,4,Prendas de vestir y textiles,0,130.3504,17.0000,5.3044,16.6600,40300.2285,13.6000,5.5135,16.2400,50810.8833,0,123321.0000,126243.0000
2025-11-01,2025,11,Cundinamarca,8,Electrodomesticos y muebles,1,201.5984,17.0000,5.3044,16.6600,40300.2285,13.6000,5.5135,16.2400,50810.8833,0,123321.0000,126243.0000
2025-11-01,2025,11,Cundinamarca,9,Articulos y utensilios domesticos,0,232.2697,17.0000,5.3044,16.6600,40300.2285,13.6000,5.5135,16.2400,50810.8833,0,123321.0000,126243.0000
2025-11-01,2025,11,Cundinamarca,10,Aseo del hogar,0,160.1588,17.0000,5.3044,16.6600,40300.2285,13.6000,5.5135,16.2400,50810.8833,0,123321.0000,126243.0000
2025-11-01,2025,11,Cundinamarca,11,Informatica y telecomunicaciones,0,356.8400,17.0000,5.3044,16.6600,40300.2285,13.6000,5.5135,16.2400,50810.8833,0,123321.0000,126243.0000
2025-11-01,2025,11,Cundinamarca,12,Sonido y video,0,285.4795,17.0000,5.3044,16.6600,40300.2285,13.6000,5.5135,16.2400,50810.8833,0,123321.0000,126243.0000
2025-11-01,2025,11,Cundinamarca,14,"Ferreteria, vidrios y pinturas",0,149.2690,17.0000,5.3044,16.6600,40300.2285,13.6000,5.5135,16.2400,50810.8833,0,123321.0000,126243.0000
2025-11-01,2025,11,Cundinamarca,15,Otras mercancias de uso domestico,0,190.1826,17.0000,5.3044,16.6600,40300.2285,13.6000,5.5135,16.2400,50810.8833,0,123321.0000,126243.0000
2025-11-01,2025,11,Santander,4,Prendas de vestir y textiles,0,136.0746,17.0000,5.3044,16.6600,40300.2285,13.6000,5.5135,16.2400,50810.8833,0,36025.0000,78825.0000
2025-11-01,2025,11,Santander,8,Electrodomesticos y muebles,1,161.0441,17.0000,5.3044,16.6600,40300.2285,13.6000,5.5135,16.2400,50810.8833,0,36025.0000,78825.0000
2025-11-01,2025,11,Santander,9,Articulos y utensilios domesticos,0,155.9098,17.0000,5.3044,16.6600,40300.2285,13.6000,5.5135,16.2400,50810.8833,0,36025.0000,78825.0000
2025-11-01,2025,11,Santander,10,Aseo del hogar,0,137.8556,17.0000,5.3044,16.6600,40300.2285,13.6000,5.5135,16.2400,50810.8833,0,36025.0000,78825.0000
2025-11-01,2025,11,Santander,11,Informatica y telecomunicaciones,0,332.4552,17.0000,5.3044,16.6600,40300.2285,13.6000,5.5135,16.2400,50810.8833,0,36025.0000,78825.0000
2025-11-01,2025,11,Santander,12,Sonido y video,0,230.3553,17.0000,5.3044,16.6600,40300.2285,13.6000,5.5135,16.2400,50810.8833,0,36025.0000,78825.0000
2025-11-01,2025,11,Santander,14,"Ferreteria, vidrios y pinturas",0,116.9499,17.0000,5.3044,16.6600,40300.2285,13.6000,5.5135,16.2400,50810.8833,0,36025.0000,78825.0000
2025-11-01,2025,11,Santander,15,Otras mercancias de uso domestico,0,162.1439,17.0000,5.3044,16.6600,40300.2285,13.6000,5.5135,16.2400,50810.8833,0,36025.0000,78825.0000
2025-11-01,2025,11,Valle del Cauca,4,Prendas de vestir y textiles,0,101.0040,17.0000,5.3044,16.6600,40300.2285,13.6000,5.5135,16.2400,50810.8833,0,49201.0000,78190.0000
2025-11-01,2025,11,Valle del Cauca,8,Electrodomesticos y muebles,1,187.3858,17.0000,5.3044,16.6600,40300.2285,13.6000,5.5135,16.2400,50810.8833,0,49201.0000,78190.0000
2025-11-01,2025,11,Valle del Cauca,9,Articulos y utensilios domesticos,0,161.1021,17.0000,5.3044,16.6600,40300.2285,13.6000,5.5135,16.2400,50810.8833,0,49201.0000,78190.0000
2025-11-01,2025,11,Valle del Cauca,10,Aseo del hogar,0,111.7205,17.0000,5.3044,16.6600,40300.2285,13.6000,5.5135,16.2400,50810.8833,0,49201.0000,78190.0000
2025-11-01,2025,11,Valle del Cauca,11,Informatica y telecomunicaciones,0,279.3602,17.0000,5.3044,16.6600,40300.2285,13.6000,5.5135,16.2400,50810.8833,0,49201.0000,78190.0000
2025-11-01,2025,11,Valle del Cauca,12,Sonido y video,0,220.9921,17.0000,5.3044,16.6600,40300.2285,13.6000,5.5135,16.2400,50810.8833,0,49201.0000,78190.0000
2025-11-01,2025,11,Valle del Cauca,14,"Ferreteria, vidrios y pinturas",0,100.8731,17.0000,5.3044,16.6600,40300.2285,13.6000,5.5135,16.2400,50810.8833,0,49201.0000,78190.0000
2025-11-01,2025,11,Valle del Cauca,15,Otras mercancias de uso domestico,0,132.8486,17.0000,5.3044,16.6600,40300.2285,13.6000,5.5135,16.2400,50810.8833,0,49201.0000,78190.0000
2025-11-01,2025,11,Otros departamentos,4,Prendas de vestir y textiles,0,147.7151,17.0000,5.3044,16.6600,40300.2285,13.6000,5.5135,16.2400,50810.8833,0,420934.0000,396128.0000
2025-11-01,2025,11,Otros departamentos,8,Electrodomesticos y muebles,1,169.7996,17.0000,5.3044,16.6600,40300.2285,13.6000,5.5135,16.2400,50810.8833,0,420934.0000,396128.0000
2025-11-01,2025,11,Otros departamentos,9,Articulos y utensilios domesticos,0,176.2870,17.0000,5.3044,16.6600,40300.2285,13.6000,5.5135,16.2400,50810.8833,0,420934.0000,396128.0000
2025-11-01,2025,11,Otros departamentos,10,Aseo del hogar,0,139.4174,17.0000,5.3044,16.6600,40300.2285,13.6000,5.5135,16.2400,50810.8833,0,420934.0000,396128.0000
2025-11-01,2025,11,Otros departamentos,11,Informatica y telecomunicaciones,0,381.6087,17.0000,5.3044,16.6600,40300.2285,13.6000,5.5135,16.2400,50810.8833,0,420934.0000,396128.0000
2025-11-01,2025,11,Otros departamentos,12,Sonido y video,0,254.7419,17.0000,5.3044,16.6600,40300.2285,13.6000,5.5135,16.2400,50810.8833,0,420934.0000,396128.0000
2025-11-01,2025,11,Otros departamentos,14,"Ferreteria, vidrios y pinturas",0,122.1340,17.0000,5.3044,16.6600,40300.2285,13.6000,5.5135,16.2400,50810.8833,0,420934.0000,396128.0000
2025-11-01,2025,11,Otros departamentos,15,Otras mercancias de uso domestico,0,159.7735,17.0000,5.3044,16.6600,40300.2285,13.6000,5.5135,16.2400,50810.8833,0,420934.0000,396128.0000
2025-12-01,2025,12,Antioquia,4,Prendas de vestir y textiles,0,247.5954,19.9000,5.1008,16.6800,54114.9753,17.0000,5.3044,16.6600,40300.2285,0,281467.0000,259734.0000
2025-12-01,2025,12,Antioquia,8,Electrodomesticos y muebles,1,200.1471,19.9000,5.1008,16.6800,54114.9753,17.0000,5.3044,16.6600,40300.2285,0,281467.0000,259734.0000
2025-12-01,2025,12,Antioquia,9,Articulos y utensilios domesticos,0,221.9169,19.9000,5.1008,16.6800,54114.9753,17.0000,5.3044,16.6600,40300.2285,0,281467.0000,259734.0000
2025-12-01,2025,12,Antioquia,10,Aseo del hogar,0,148.7600,19.9000,5.1008,16.6800,54114.9753,17.0000,5.3044,16.6600,40300.2285,0,281467.0000,259734.0000
2025-12-01,2025,12,Antioquia,11,Informatica y telecomunicaciones,0,409.1657,19.9000,5.1008,16.6800,54114.9753,17.0000,5.3044,16.6600,40300.2285,0,281467.0000,259734.0000
2025-12-01,2025,12,Antioquia,12,Sonido y video,0,265.2505,19.9000,5.1008,16.6800,54114.9753,17.0000,5.3044,16.6600,40300.2285,0,281467.0000,259734.0000
2025-12-01,2025,12,Antioquia,14,"Ferreteria, vidrios y pinturas",0,114.4859,19.9000,5.1008,16.6800,54114.9753,17.0000,5.3044,16.6600,40300.2285,0,281467.0000,259734.0000
2025-12-01,2025,12,Antioquia,15,Otras mercancias de uso domestico,0,238.2900,19.9000,5.1008,16.6800,54114.9753,17.0000,5.3044,16.6600,40300.2285,0,281467.0000,259734.0000
2025-12-01,2025,12,Atlantico,4,Prendas de vestir y textiles,0,239.0344,19.9000,5.1008,16.6800,54114.9753,17.0000,5.3044,16.6600,40300.2285,0,41992.0000,26326.0000
2025-12-01,2025,12,Atlantico,8,Electrodomesticos y muebles,1,158.2100,19.9000,5.1008,16.6800,54114.9753,17.0000,5.3044,16.6600,40300.2285,0,41992.0000,26326.0000
2025-12-01,2025,12,Atlantico,9,Articulos y utensilios domesticos,0,186.1899,19.9000,5.1008,16.6800,54114.9753,17.0000,5.3044,16.6600,40300.2285,0,41992.0000,26326.0000
2025-12-01,2025,12,Atlantico,10,Aseo del hogar,0,143.3926,19.9000,5.1008,16.6800,54114.9753,17.0000,5.3044,16.6600,40300.2285,0,41992.0000,26326.0000
2025-12-01,2025,12,Atlantico,11,Informatica y telecomunicaciones,0,324.8079,19.9000,5.1008,16.6800,54114.9753,17.0000,5.3044,16.6600,40300.2285,0,41992.0000,26326.0000
2025-12-01,2025,12,Atlantico,12,Sonido y video,0,228.7922,19.9000,5.1008,16.6800,54114.9753,17.0000,5.3044,16.6600,40300.2285,0,41992.0000,26326.0000
2025-12-01,2025,12,Atlantico,14,"Ferreteria, vidrios y pinturas",0,110.9233,19.9000,5.1008,16.6800,54114.9753,17.0000,5.3044,16.6600,40300.2285,0,41992.0000,26326.0000
2025-12-01,2025,12,Atlantico,15,Otras mercancias de uso domestico,0,194.4836,19.9000,5.1008,16.6800,54114.9753,17.0000,5.3044,16.6600,40300.2285,0,41992.0000,26326.0000
2025-12-01,2025,12,Bogota,4,Prendas de vestir y textiles,0,319.3880,19.9000,5.1008,16.6800,54114.9753,17.0000,5.3044,16.6600,40300.2285,0,69795.0000,110616.0000
2025-12-01,2025,12,Bogota,8,Electrodomesticos y muebles,1,170.4844,19.9000,5.1008,16.6800,54114.9753,17.0000,5.3044,16.6600,40300.2285,0,69795.0000,110616.0000
2025-12-01,2025,12,Bogota,9,Articulos y utensilios domesticos,0,273.5759,19.9000,5.1008,16.6800,54114.9753,17.0000,5.3044,16.6600,40300.2285,0,69795.0000,110616.0000
2025-12-01,2025,12,Bogota,10,Aseo del hogar,0,178.1107,19.9000,5.1008,16.6800,54114.9753,17.0000,5.3044,16.6600,40300.2285,0,69795.0000,110616.0000
2025-12-01,2025,12,Bogota,11,Informatica y telecomunicaciones,0,481.0667,19.9000,5.1008,16.6800,54114.9753,17.0000,5.3044,16.6600,40300.2285,0,69795.0000,110616.0000
2025-12-01,2025,12,Bogota,12,Sonido y video,0,250.6819,19.9000,5.1008,16.6800,54114.9753,17.0000,5.3044,16.6600,40300.2285,0,69795.0000,110616.0000
2025-12-01,2025,12,Bogota,14,"Ferreteria, vidrios y pinturas",0,126.2282,19.9000,5.1008,16.6800,54114.9753,17.0000,5.3044,16.6600,40300.2285,0,69795.0000,110616.0000
2025-12-01,2025,12,Bogota,15,Otras mercancias de uso domestico,0,199.4827,19.9000,5.1008,16.6800,54114.9753,17.0000,5.3044,16.6600,40300.2285,0,69795.0000,110616.0000
2025-12-01,2025,12,Cundinamarca,4,Prendas de vestir y textiles,0,330.1754,19.9000,5.1008,16.6800,54114.9753,17.0000,5.3044,16.6600,40300.2285,0,216379.0000,123321.0000
2025-12-01,2025,12,Cundinamarca,8,Electrodomesticos y muebles,1,201.1689,19.9000,5.1008,16.6800,54114.9753,17.0000,5.3044,16.6600,40300.2285,0,216379.0000,123321.0000
2025-12-01,2025,12,Cundinamarca,9,Articulos y utensilios domesticos,0,324.1595,19.9000,5.1008,16.6800,54114.9753,17.0000,5.3044,16.6600,40300.2285,0,216379.0000,123321.0000
2025-12-01,2025,12,Cundinamarca,10,Aseo del hogar,0,202.5789,19.9000,5.1008,16.6800,54114.9753,17.0000,5.3044,16.6600,40300.2285,0,216379.0000,123321.0000
2025-12-01,2025,12,Cundinamarca,11,Informatica y telecomunicaciones,0,468.1625,19.9000,5.1008,16.6800,54114.9753,17.0000,5.3044,16.6600,40300.2285,0,216379.0000,123321.0000
2025-12-01,2025,12,Cundinamarca,12,Sonido y video,0,314.2290,19.9000,5.1008,16.6800,54114.9753,17.0000,5.3044,16.6600,40300.2285,0,216379.0000,123321.0000
2025-12-01,2025,12,Cundinamarca,14,"Ferreteria, vidrios y pinturas",0,148.3164,19.9000,5.1008,16.6800,54114.9753,17.0000,5.3044,16.6600,40300.2285,0,216379.0000,123321.0000
2025-12-01,2025,12,Cundinamarca,15,Otras mercancias de uso domestico,0,279.5901,19.9000,5.1008,16.6800,54114.9753,17.0000,5.3044,16.6600,40300.2285,0,216379.0000,123321.0000
2025-12-01,2025,12,Santander,4,Prendas de vestir y textiles,0,259.7024,19.9000,5.1008,16.6800,54114.9753,17.0000,5.3044,16.6600,40300.2285,0,83751.0000,36025.0000
2025-12-01,2025,12,Santander,8,Electrodomesticos y muebles,1,169.2220,19.9000,5.1008,16.6800,54114.9753,17.0000,5.3044,16.6600,40300.2285,0,83751.0000,36025.0000
2025-12-01,2025,12,Santander,9,Articulos y utensilios domesticos,0,182.7922,19.9000,5.1008,16.6800,54114.9753,17.0000,5.3044,16.6600,40300.2285,0,83751.0000,36025.0000
2025-12-01,2025,12,Santander,10,Aseo del hogar,0,130.8361,19.9000,5.1008,16.6800,54114.9753,17.0000,5.3044,16.6600,40300.2285,0,83751.0000,36025.0000
2025-12-01,2025,12,Santander,11,Informatica y telecomunicaciones,0,382.8269,19.9000,5.1008,16.6800,54114.9753,17.0000,5.3044,16.6600,40300.2285,0,83751.0000,36025.0000
2025-12-01,2025,12,Santander,12,Sonido y video,0,221.8214,19.9000,5.1008,16.6800,54114.9753,17.0000,5.3044,16.6600,40300.2285,0,83751.0000,36025.0000
2025-12-01,2025,12,Santander,14,"Ferreteria, vidrios y pinturas",0,110.1510,19.9000,5.1008,16.6800,54114.9753,17.0000,5.3044,16.6600,40300.2285,0,83751.0000,36025.0000
2025-12-01,2025,12,Santander,15,Otras mercancias de uso domestico,0,202.1895,19.9000,5.1008,16.6800,54114.9753,17.0000,5.3044,16.6600,40300.2285,0,83751.0000,36025.0000
2025-12-01,2025,12,Valle del Cauca,4,Prendas de vestir y textiles,0,234.8753,19.9000,5.1008,16.6800,54114.9753,17.0000,5.3044,16.6600,40300.2285,0,84238.0000,49201.0000
2025-12-01,2025,12,Valle del Cauca,8,Electrodomesticos y muebles,1,164.8012,19.9000,5.1008,16.6800,54114.9753,17.0000,5.3044,16.6600,40300.2285,0,84238.0000,49201.0000
2025-12-01,2025,12,Valle del Cauca,9,Articulos y utensilios domesticos,0,188.9446,19.9000,5.1008,16.6800,54114.9753,17.0000,5.3044,16.6600,40300.2285,0,84238.0000,49201.0000
2025-12-01,2025,12,Valle del Cauca,10,Aseo del hogar,0,117.9006,19.9000,5.1008,16.6800,54114.9753,17.0000,5.3044,16.6600,40300.2285,0,84238.0000,49201.0000
2025-12-01,2025,12,Valle del Cauca,11,Informatica y telecomunicaciones,0,335.1812,19.9000,5.1008,16.6800,54114.9753,17.0000,5.3044,16.6600,40300.2285,0,84238.0000,49201.0000
2025-12-01,2025,12,Valle del Cauca,12,Sonido y video,0,206.3474,19.9000,5.1008,16.6800,54114.9753,17.0000,5.3044,16.6600,40300.2285,0,84238.0000,49201.0000
2025-12-01,2025,12,Valle del Cauca,14,"Ferreteria, vidrios y pinturas",0,92.8631,19.9000,5.1008,16.6800,54114.9753,17.0000,5.3044,16.6600,40300.2285,0,84238.0000,49201.0000
2025-12-01,2025,12,Valle del Cauca,15,Otras mercancias de uso domestico,0,176.9253,19.9000,5.1008,16.6800,54114.9753,17.0000,5.3044,16.6600,40300.2285,0,84238.0000,49201.0000
2025-12-01,2025,12,Otros departamentos,4,Prendas de vestir y textiles,0,284.8561,19.9000,5.1008,16.6800,54114.9753,17.0000,5.3044,16.6600,40300.2285,0,570006.0000,420934.0000
2025-12-01,2025,12,Otros departamentos,8,Electrodomesticos y muebles,1,165.5350,19.9000,5.1008,16.6800,54114.9753,17.0000,5.3044,16.6600,40300.2285,0,570006.0000,420934.0000
2025-12-01,2025,12,Otros departamentos,9,Articulos y utensilios domesticos,0,232.9511,19.9000,5.1008,16.6800,54114.9753,17.0000,5.3044,16.6600,40300.2285,0,570006.0000,420934.0000
2025-12-01,2025,12,Otros departamentos,10,Aseo del hogar,0,156.5290,19.9000,5.1008,16.6800,54114.9753,17.0000,5.3044,16.6600,40300.2285,0,570006.0000,420934.0000
2025-12-01,2025,12,Otros departamentos,11,Informatica y telecomunicaciones,0,469.0667,19.9000,5.1008,16.6800,54114.9753,17.0000,5.3044,16.6600,40300.2285,0,570006.0000,420934.0000
2025-12-01,2025,12,Otros departamentos,12,Sonido y video,0,258.8711,19.9000,5.1008,16.6800,54114.9753,17.0000,5.3044,16.6600,40300.2285,0,570006.0000,420934.0000
2025-12-01,2025,12,Otros departamentos,14,"Ferreteria, vidrios y pinturas",0,124.7537,19.9000,5.1008,16.6800,54114.9753,17.0000,5.3044,16.6600,40300.2285,0,570006.0000,420934.0000
2025-12-01,2025,12,Otros departamentos,15,Otras mercancias de uso domestico,0,210.2124,19.9000,5.1008,16.6800,54114.9753,17.0000,5.3044,16.6600,40300.2285,0,570006.0000,420934.0000
2026-01-01,2026,1,Antioquia,4,Prendas de vestir y textiles,0,91.4047,18.2000,5.3542,16.2400,41889.1414,19.9000,5.1008,16.6800,54114.9753,0,355985.0000,281467.0000
2026-01-01,2026,1,Antioquia,8,Electrodomesticos y muebles,1,176.6026,18.2000,5.3542,16.2400,41889.1414,19.9000,5.1008,16.6800,54114.9753,0,355985.0000,281467.0000
2026-01-01,2026,1,Antioquia,9,Articulos y utensilios domesticos,0,179.2431,18.2000,5.3542,16.2400,41889.1414,19.9000,5.1008,16.6800,54114.9753,0,355985.0000,281467.0000
2026-01-01,2026,1,Antioquia,10,Aseo del hogar,0,139.1619,18.2000,5.3542,16.2400,41889.1414,19.9000,5.1008,16.6800,54114.9753,0,355985.0000,281467.0000
2026-01-01,2026,1,Antioquia,11,Informatica y telecomunicaciones,0,325.6701,18.2000,5.3542,16.2400,41889.1414,19.9000,5.1008,16.6800,54114.9753,0,355985.0000,281467.0000
2026-01-01,2026,1,Antioquia,12,Sonido y video,0,169.3157,18.2000,5.3542,16.2400,41889.1414,19.9000,5.1008,16.6800,54114.9753,0,355985.0000,281467.0000
2026-01-01,2026,1,Antioquia,14,"Ferreteria, vidrios y pinturas",0,105.0310,18.2000,5.3542,16.2400,41889.1414,19.9000,5.1008,16.6800,54114.9753,0,355985.0000,281467.0000
2026-01-01,2026,1,Antioquia,15,Otras mercancias de uso domestico,0,145.5895,18.2000,5.3542,16.2400,41889.1414,19.9000,5.1008,16.6800,54114.9753,0,355985.0000,281467.0000
2026-01-01,2026,1,Atlantico,4,Prendas de vestir y textiles,0,82.2400,18.2000,5.3542,16.2400,41889.1414,19.9000,5.1008,16.6800,54114.9753,0,12965.0000,41992.0000
2026-01-01,2026,1,Atlantico,8,Electrodomesticos y muebles,1,136.7137,18.2000,5.3542,16.2400,41889.1414,19.9000,5.1008,16.6800,54114.9753,0,12965.0000,41992.0000
2026-01-01,2026,1,Atlantico,9,Articulos y utensilios domesticos,0,137.8582,18.2000,5.3542,16.2400,41889.1414,19.9000,5.1008,16.6800,54114.9753,0,12965.0000,41992.0000
2026-01-01,2026,1,Atlantico,10,Aseo del hogar,0,126.0677,18.2000,5.3542,16.2400,41889.1414,19.9000,5.1008,16.6800,54114.9753,0,12965.0000,41992.0000
2026-01-01,2026,1,Atlantico,11,Informatica y telecomunicaciones,0,229.3074,18.2000,5.3542,16.2400,41889.1414,19.9000,5.1008,16.6800,54114.9753,0,12965.0000,41992.0000
2026-01-01,2026,1,Atlantico,12,Sonido y video,0,153.5497,18.2000,5.3542,16.2400,41889.1414,19.9000,5.1008,16.6800,54114.9753,0,12965.0000,41992.0000
2026-01-01,2026,1,Atlantico,14,"Ferreteria, vidrios y pinturas",0,98.5205,18.2000,5.3542,16.2400,41889.1414,19.9000,5.1008,16.6800,54114.9753,0,12965.0000,41992.0000
2026-01-01,2026,1,Atlantico,15,Otras mercancias de uso domestico,0,113.9303,18.2000,5.3542,16.2400,41889.1414,19.9000,5.1008,16.6800,54114.9753,0,12965.0000,41992.0000
2026-01-01,2026,1,Bogota,4,Prendas de vestir y textiles,0,107.8899,18.2000,5.3542,16.2400,41889.1414,19.9000,5.1008,16.6800,54114.9753,0,171754.0000,69795.0000
2026-01-01,2026,1,Bogota,8,Electrodomesticos y muebles,1,169.1503,18.2000,5.3542,16.2400,41889.1414,19.9000,5.1008,16.6800,54114.9753,0,171754.0000,69795.0000
2026-01-01,2026,1,Bogota,9,Articulos y utensilios domesticos,0,191.7195,18.2000,5.3542,16.2400,41889.1414,19.9000,5.1008,16.6800,54114.9753,0,171754.0000,69795.0000
2026-01-01,2026,1,Bogota,10,Aseo del hogar,0,158.7724,18.2000,5.3542,16.2400,41889.1414,19.9000,5.1008,16.6800,54114.9753,0,171754.0000,69795.0000
2026-01-01,2026,1,Bogota,11,Informatica y telecomunicaciones,0,336.1525,18.2000,5.3542,16.2400,41889.1414,19.9000,5.1008,16.6800,54114.9753,0,171754.0000,69795.0000
2026-01-01,2026,1,Bogota,12,Sonido y video,0,161.5538,18.2000,5.3542,16.2400,41889.1414,19.9000,5.1008,16.6800,54114.9753,0,171754.0000,69795.0000
2026-01-01,2026,1,Bogota,14,"Ferreteria, vidrios y pinturas",0,106.2385,18.2000,5.3542,16.2400,41889.1414,19.9000,5.1008,16.6800,54114.9753,0,171754.0000,69795.0000
2026-01-01,2026,1,Bogota,15,Otras mercancias de uso domestico,0,122.4493,18.2000,5.3542,16.2400,41889.1414,19.9000,5.1008,16.6800,54114.9753,0,171754.0000,69795.0000
2026-01-01,2026,1,Cundinamarca,4,Prendas de vestir y textiles,0,114.9389,18.2000,5.3542,16.2400,41889.1414,19.9000,5.1008,16.6800,54114.9753,0,133841.0000,216379.0000
2026-01-01,2026,1,Cundinamarca,8,Electrodomesticos y muebles,1,241.3102,18.2000,5.3542,16.2400,41889.1414,19.9000,5.1008,16.6800,54114.9753,0,133841.0000,216379.0000
2026-01-01,2026,1,Cundinamarca,9,Articulos y utensilios domesticos,0,217.3428,18.2000,5.3542,16.2400,41889.1414,19.9000,5.1008,16.6800,54114.9753,0,133841.0000,216379.0000
2026-01-01,2026,1,Cundinamarca,10,Aseo del hogar,0,196.6638,18.2000,5.3542,16.2400,41889.1414,19.9000,5.1008,16.6800,54114.9753,0,133841.0000,216379.0000
2026-01-01,2026,1,Cundinamarca,11,Informatica y telecomunicaciones,0,340.3142,18.2000,5.3542,16.2400,41889.1414,19.9000,5.1008,16.6800,54114.9753,0,133841.0000,216379.0000
2026-01-01,2026,1,Cundinamarca,12,Sonido y video,0,211.9570,18.2000,5.3542,16.2400,41889.1414,19.9000,5.1008,16.6800,54114.9753,0,133841.0000,216379.0000
2026-01-01,2026,1,Cundinamarca,14,"Ferreteria, vidrios y pinturas",0,130.8478,18.2000,5.3542,16.2400,41889.1414,19.9000,5.1008,16.6800,54114.9753,0,133841.0000,216379.0000
2026-01-01,2026,1,Cundinamarca,15,Otras mercancias de uso domestico,0,170.0839,18.2000,5.3542,16.2400,41889.1414,19.9000,5.1008,16.6800,54114.9753,0,133841.0000,216379.0000
2026-01-01,2026,1,Santander,4,Prendas de vestir y textiles,0,89.3157,18.2000,5.3542,16.2400,41889.1414,19.9000,5.1008,16.6800,54114.9753,0,28842.0000,83751.0000
2026-01-01,2026,1,Santander,8,Electrodomesticos y muebles,1,165.7364,18.2000,5.3542,16.2400,41889.1414,19.9000,5.1008,16.6800,54114.9753,0,28842.0000,83751.0000
2026-01-01,2026,1,Santander,9,Articulos y utensilios domesticos,0,148.3279,18.2000,5.3542,16.2400,41889.1414,19.9000,5.1008,16.6800,54114.9753,0,28842.0000,83751.0000
2026-01-01,2026,1,Santander,10,Aseo del hogar,0,128.7852,18.2000,5.3542,16.2400,41889.1414,19.9000,5.1008,16.6800,54114.9753,0,28842.0000,83751.0000
2026-01-01,2026,1,Santander,11,Informatica y telecomunicaciones,0,287.9409,18.2000,5.3542,16.2400,41889.1414,19.9000,5.1008,16.6800,54114.9753,0,28842.0000,83751.0000
2026-01-01,2026,1,Santander,12,Sonido y video,0,157.3032,18.2000,5.3542,16.2400,41889.1414,19.9000,5.1008,16.6800,54114.9753,0,28842.0000,83751.0000
2026-01-01,2026,1,Santander,14,"Ferreteria, vidrios y pinturas",0,102.4652,18.2000,5.3542,16.2400,41889.1414,19.9000,5.1008,16.6800,54114.9753,0,28842.0000,83751.0000
2026-01-01,2026,1,Santander,15,Otras mercancias de uso domestico,0,125.9925,18.2000,5.3542,16.2400,41889.1414,19.9000,5.1008,16.6800,54114.9753,0,28842.0000,83751.0000
2026-01-01,2026,1,Valle del Cauca,4,Prendas de vestir y textiles,0,78.9680,18.2000,5.3542,16.2400,41889.1414,19.9000,5.1008,16.6800,54114.9753,0,94762.0000,84238.0000
2026-01-01,2026,1,Valle del Cauca,8,Electrodomesticos y muebles,1,150.8396,18.2000,5.3542,16.2400,41889.1414,19.9000,5.1008,16.6800,54114.9753,0,94762.0000,84238.0000
2026-01-01,2026,1,Valle del Cauca,9,Articulos y utensilios domesticos,0,130.5987,18.2000,5.3542,16.2400,41889.1414,19.9000,5.1008,16.6800,54114.9753,0,94762.0000,84238.0000
2026-01-01,2026,1,Valle del Cauca,10,Aseo del hogar,0,125.1455,18.2000,5.3542,16.2400,41889.1414,19.9000,5.1008,16.6800,54114.9753,0,94762.0000,84238.0000
2026-01-01,2026,1,Valle del Cauca,11,Informatica y telecomunicaciones,0,246.0821,18.2000,5.3542,16.2400,41889.1414,19.9000,5.1008,16.6800,54114.9753,0,94762.0000,84238.0000
2026-01-01,2026,1,Valle del Cauca,12,Sonido y video,0,148.8777,18.2000,5.3542,16.2400,41889.1414,19.9000,5.1008,16.6800,54114.9753,0,94762.0000,84238.0000
2026-01-01,2026,1,Valle del Cauca,14,"Ferreteria, vidrios y pinturas",0,91.9995,18.2000,5.3542,16.2400,41889.1414,19.9000,5.1008,16.6800,54114.9753,0,94762.0000,84238.0000
2026-01-01,2026,1,Valle del Cauca,15,Otras mercancias de uso domestico,0,103.4844,18.2000,5.3542,16.2400,41889.1414,19.9000,5.1008,16.6800,54114.9753,0,94762.0000,84238.0000
2026-01-01,2026,1,Otros departamentos,4,Prendas de vestir y textiles,0,91.9087,18.2000,5.3542,16.2400,41889.1414,19.9000,5.1008,16.6800,54114.9753,0,749948.0000,570006.0000
2026-01-01,2026,1,Otros departamentos,8,Electrodomesticos y muebles,1,166.0409,18.2000,5.3542,16.2400,41889.1414,19.9000,5.1008,16.6800,54114.9753,0,749948.0000,570006.0000
2026-01-01,2026,1,Otros departamentos,9,Articulos y utensilios domesticos,0,180.1539,18.2000,5.3542,16.2400,41889.1414,19.9000,5.1008,16.6800,54114.9753,0,749948.0000,570006.0000
2026-01-01,2026,1,Otros departamentos,10,Aseo del hogar,0,153.2066,18.2000,5.3542,16.2400,41889.1414,19.9000,5.1008,16.6800,54114.9753,0,749948.0000,570006.0000
2026-01-01,2026,1,Otros departamentos,11,Informatica y telecomunicaciones,0,328.6054,18.2000,5.3542,16.2400,41889.1414,19.9000,5.1008,16.6800,54114.9753,0,749948.0000,570006.0000
2026-01-01,2026,1,Otros departamentos,12,Sonido y video,0,182.9238,18.2000,5.3542,16.2400,41889.1414,19.9000,5.1008,16.6800,54114.9753,0,749948.0000,570006.0000
2026-01-01,2026,1,Otros departamentos,14,"Ferreteria, vidrios y pinturas",0,113.6611,18.2000,5.3542,16.2400,41889.1414,19.9000,5.1008,16.6800,54114.9753,0,749948.0000,570006.0000
2026-01-01,2026,1,Otros departamentos,15,Otras mercancias de uso domestico,0,123.2421,18.2000,5.3542,16.2400,41889.1414,19.9000,5.1008,16.6800,54114.9753,0,749948.0000,570006.0000
2026-02-01,2026,2,Antioquia,4,Prendas de vestir y textiles,0,70.0284,18.3000,5.2941,16.8200,40623.5187,18.2000,5.3542,16.2400,41889.1414,0,248219.0000,355985.0000
2026-02-01,2026,2,Antioquia,8,Electrodomesticos y muebles,1,171.7165,18.3000,5.2941,16.8200,40623.5187,18.2000,5.3542,16.2400,41889.1414,0,248219.0000,355985.0000
2026-02-01,2026,2,Antioquia,9,Articulos y utensilios domesticos,0,157.4740,18.3000,5.2941,16.8200,40623.5187,18.2000,5.3542,16.2400,41889.1414,0,248219.0000,355985.0000
2026-02-01,2026,2,Antioquia,10,Aseo del hogar,0,134.8147,18.3000,5.2941,16.8200,40623.5187,18.2000,5.3542,16.2400,41889.1414,0,248219.0000,355985.0000
2026-02-01,2026,2,Antioquia,11,Informatica y telecomunicaciones,0,343.5429,18.3000,5.2941,16.8200,40623.5187,18.2000,5.3542,16.2400,41889.1414,0,248219.0000,355985.0000
2026-02-01,2026,2,Antioquia,12,Sonido y video,0,169.6032,18.3000,5.2941,16.8200,40623.5187,18.2000,5.3542,16.2400,41889.1414,0,248219.0000,355985.0000
2026-02-01,2026,2,Antioquia,14,"Ferreteria, vidrios y pinturas",0,111.1761,18.3000,5.2941,16.8200,40623.5187,18.2000,5.3542,16.2400,41889.1414,0,248219.0000,355985.0000
2026-02-01,2026,2,Antioquia,15,Otras mercancias de uso domestico,0,126.9763,18.3000,5.2941,16.8200,40623.5187,18.2000,5.3542,16.2400,41889.1414,0,248219.0000,355985.0000
2026-02-01,2026,2,Atlantico,4,Prendas de vestir y textiles,0,67.1644,18.3000,5.2941,16.8200,40623.5187,18.2000,5.3542,16.2400,41889.1414,0,10974.0000,12965.0000
2026-02-01,2026,2,Atlantico,8,Electrodomesticos y muebles,1,129.8759,18.3000,5.2941,16.8200,40623.5187,18.2000,5.3542,16.2400,41889.1414,0,10974.0000,12965.0000
2026-02-01,2026,2,Atlantico,9,Articulos y utensilios domesticos,0,112.9928,18.3000,5.2941,16.8200,40623.5187,18.2000,5.3542,16.2400,41889.1414,0,10974.0000,12965.0000
2026-02-01,2026,2,Atlantico,10,Aseo del hogar,0,121.2009,18.3000,5.2941,16.8200,40623.5187,18.2000,5.3542,16.2400,41889.1414,0,10974.0000,12965.0000
2026-02-01,2026,2,Atlantico,11,Informatica y telecomunicaciones,0,253.8385,18.3000,5.2941,16.8200,40623.5187,18.2000,5.3542,16.2400,41889.1414,0,10974.0000,12965.0000
2026-02-01,2026,2,Atlantico,12,Sonido y video,0,149.3868,18.3000,5.2941,16.8200,40623.5187,18.2000,5.3542,16.2400,41889.1414,0,10974.0000,12965.0000
2026-02-01,2026,2,Atlantico,14,"Ferreteria, vidrios y pinturas",0,91.5964,18.3000,5.2941,16.8200,40623.5187,18.2000,5.3542,16.2400,41889.1414,0,10974.0000,12965.0000
2026-02-01,2026,2,Atlantico,15,Otras mercancias de uso domestico,0,96.9639,18.3000,5.2941,16.8200,40623.5187,18.2000,5.3542,16.2400,41889.1414,0,10974.0000,12965.0000
2026-02-01,2026,2,Bogota,4,Prendas de vestir y textiles,0,90.3540,18.3000,5.2941,16.8200,40623.5187,18.2000,5.3542,16.2400,41889.1414,0,273166.0000,171754.0000
2026-02-01,2026,2,Bogota,8,Electrodomesticos y muebles,1,162.6732,18.3000,5.2941,16.8200,40623.5187,18.2000,5.3542,16.2400,41889.1414,0,273166.0000,171754.0000
2026-02-01,2026,2,Bogota,9,Articulos y utensilios domesticos,0,183.7331,18.3000,5.2941,16.8200,40623.5187,18.2000,5.3542,16.2400,41889.1414,0,273166.0000,171754.0000
2026-02-01,2026,2,Bogota,10,Aseo del hogar,0,133.6539,18.3000,5.2941,16.8200,40623.5187,18.2000,5.3542,16.2400,41889.1414,0,273166.0000,171754.0000
2026-02-01,2026,2,Bogota,11,Informatica y telecomunicaciones,0,335.6698,18.3000,5.2941,16.8200,40623.5187,18.2000,5.3542,16.2400,41889.1414,0,273166.0000,171754.0000
2026-02-01,2026,2,Bogota,12,Sonido y video,0,167.3575,18.3000,5.2941,16.8200,40623.5187,18.2000,5.3542,16.2400,41889.1414,0,273166.0000,171754.0000
2026-02-01,2026,2,Bogota,14,"Ferreteria, vidrios y pinturas",0,108.6171,18.3000,5.2941,16.8200,40623.5187,18.2000,5.3542,16.2400,41889.1414,0,273166.0000,171754.0000
2026-02-01,2026,2,Bogota,15,Otras mercancias de uso domestico,0,124.0187,18.3000,5.2941,16.8200,40623.5187,18.2000,5.3542,16.2400,41889.1414,0,273166.0000,171754.0000
2026-02-01,2026,2,Cundinamarca,4,Prendas de vestir y textiles,0,107.9840,18.3000,5.2941,16.8200,40623.5187,18.2000,5.3542,16.2400,41889.1414,0,181274.0000,133841.0000
2026-02-01,2026,2,Cundinamarca,8,Electrodomesticos y muebles,1,223.2938,18.3000,5.2941,16.8200,40623.5187,18.2000,5.3542,16.2400,41889.1414,0,181274.0000,133841.0000
2026-02-01,2026,2,Cundinamarca,9,Articulos y utensilios domesticos,0,194.3912,18.3000,5.2941,16.8200,40623.5187,18.2000,5.3542,16.2400,41889.1414,0,181274.0000,133841.0000
2026-02-01,2026,2,Cundinamarca,10,Aseo del hogar,0,176.7534,18.3000,5.2941,16.8200,40623.5187,18.2000,5.3542,16.2400,41889.1414,0,181274.0000,133841.0000
2026-02-01,2026,2,Cundinamarca,11,Informatica y telecomunicaciones,0,392.0932,18.3000,5.2941,16.8200,40623.5187,18.2000,5.3542,16.2400,41889.1414,0,181274.0000,133841.0000
2026-02-01,2026,2,Cundinamarca,12,Sonido y video,0,215.7760,18.3000,5.2941,16.8200,40623.5187,18.2000,5.3542,16.2400,41889.1414,0,181274.0000,133841.0000
2026-02-01,2026,2,Cundinamarca,14,"Ferreteria, vidrios y pinturas",0,133.5048,18.3000,5.2941,16.8200,40623.5187,18.2000,5.3542,16.2400,41889.1414,0,181274.0000,133841.0000
2026-02-01,2026,2,Cundinamarca,15,Otras mercancias de uso domestico,0,160.2276,18.3000,5.2941,16.8200,40623.5187,18.2000,5.3542,16.2400,41889.1414,0,181274.0000,133841.0000
2026-02-01,2026,2,Santander,4,Prendas de vestir y textiles,0,72.8801,18.3000,5.2941,16.8200,40623.5187,18.2000,5.3542,16.2400,41889.1414,0,71068.0000,28842.0000
2026-02-01,2026,2,Santander,8,Electrodomesticos y muebles,1,157.5840,18.3000,5.2941,16.8200,40623.5187,18.2000,5.3542,16.2400,41889.1414,0,71068.0000,28842.0000
2026-02-01,2026,2,Santander,9,Articulos y utensilios domesticos,0,149.7694,18.3000,5.2941,16.8200,40623.5187,18.2000,5.3542,16.2400,41889.1414,0,71068.0000,28842.0000
2026-02-01,2026,2,Santander,10,Aseo del hogar,0,131.7593,18.3000,5.2941,16.8200,40623.5187,18.2000,5.3542,16.2400,41889.1414,0,71068.0000,28842.0000
2026-02-01,2026,2,Santander,11,Informatica y telecomunicaciones,0,311.5897,18.3000,5.2941,16.8200,40623.5187,18.2000,5.3542,16.2400,41889.1414,0,71068.0000,28842.0000
2026-02-01,2026,2,Santander,12,Sonido y video,0,184.7709,18.3000,5.2941,16.8200,40623.5187,18.2000,5.3542,16.2400,41889.1414,0,71068.0000,28842.0000
2026-02-01,2026,2,Santander,14,"Ferreteria, vidrios y pinturas",0,115.0651,18.3000,5.2941,16.8200,40623.5187,18.2000,5.3542,16.2400,41889.1414,0,71068.0000,28842.0000
2026-02-01,2026,2,Santander,15,Otras mercancias de uso domestico,0,128.7670,18.3000,5.2941,16.8200,40623.5187,18.2000,5.3542,16.2400,41889.1414,0,71068.0000,28842.0000
2026-02-01,2026,2,Valle del Cauca,4,Prendas de vestir y textiles,0,64.2425,18.3000,5.2941,16.8200,40623.5187,18.2000,5.3542,16.2400,41889.1414,0,111664.0000,94762.0000
2026-02-01,2026,2,Valle del Cauca,8,Electrodomesticos y muebles,1,139.6757,18.3000,5.2941,16.8200,40623.5187,18.2000,5.3542,16.2400,41889.1414,0,111664.0000,94762.0000
2026-02-01,2026,2,Valle del Cauca,9,Articulos y utensilios domesticos,0,136.1502,18.3000,5.2941,16.8200,40623.5187,18.2000,5.3542,16.2400,41889.1414,0,111664.0000,94762.0000
2026-02-01,2026,2,Valle del Cauca,10,Aseo del hogar,0,111.4312,18.3000,5.2941,16.8200,40623.5187,18.2000,5.3542,16.2400,41889.1414,0,111664.0000,94762.0000
2026-02-01,2026,2,Valle del Cauca,11,Informatica y telecomunicaciones,0,245.7981,18.3000,5.2941,16.8200,40623.5187,18.2000,5.3542,16.2400,41889.1414,0,111664.0000,94762.0000
2026-02-01,2026,2,Valle del Cauca,12,Sonido y video,0,162.7201,18.3000,5.2941,16.8200,40623.5187,18.2000,5.3542,16.2400,41889.1414,0,111664.0000,94762.0000
2026-02-01,2026,2,Valle del Cauca,14,"Ferreteria, vidrios y pinturas",0,99.8148,18.3000,5.2941,16.8200,40623.5187,18.2000,5.3542,16.2400,41889.1414,0,111664.0000,94762.0000
2026-02-01,2026,2,Valle del Cauca,15,Otras mercancias de uso domestico,0,94.3057,18.3000,5.2941,16.8200,40623.5187,18.2000,5.3542,16.2400,41889.1414,0,111664.0000,94762.0000
2026-02-01,2026,2,Otros departamentos,4,Prendas de vestir y textiles,0,77.2376,18.3000,5.2941,16.8200,40623.5187,18.2000,5.3542,16.2400,41889.1414,0,631410.0000,749948.0000
2026-02-01,2026,2,Otros departamentos,8,Electrodomesticos y muebles,1,149.8549,18.3000,5.2941,16.8200,40623.5187,18.2000,5.3542,16.2400,41889.1414,0,631410.0000,749948.0000
2026-02-01,2026,2,Otros departamentos,9,Articulos y utensilios domesticos,0,165.5864,18.3000,5.2941,16.8200,40623.5187,18.2000,5.3542,16.2400,41889.1414,0,631410.0000,749948.0000
2026-02-01,2026,2,Otros departamentos,10,Aseo del hogar,0,152.3430,18.3000,5.2941,16.8200,40623.5187,18.2000,5.3542,16.2400,41889.1414,0,631410.0000,749948.0000
2026-02-01,2026,2,Otros departamentos,11,Informatica y telecomunicaciones,0,322.0191,18.3000,5.2941,16.8200,40623.5187,18.2000,5.3542,16.2400,41889.1414,0,631410.0000,749948.0000
2026-02-01,2026,2,Otros departamentos,12,Sonido y video,0,196.2541,18.3000,5.2941,16.8200,40623.5187,18.2000,5.3542,16.2400,41889.1414,0,631410.0000,749948.0000
2026-02-01,2026,2,Otros departamentos,14,"Ferreteria, vidrios y pinturas",0,114.4051,18.3000,5.2941,16.8200,40623.5187,18.2000,5.3542,16.2400,41889.1414,0,631410.0000,749948.0000
2026-02-01,2026,2,Otros departamentos,15,Otras mercancias de uso domestico,0,108.1610,18.3000,5.2941,16.8200,40623.5187,18.2000,5.3542,16.2400,41889.1414,0,631410.0000,749948.0000
2026-03-01,2026,3,Antioquia,4,Prendas de vestir y textiles,0,85.8914,19.3000,5.5556,17.0100,42359.6093,18.3000,5.2941,16.8200,40623.5187,0,239784.0000,248219.0000
2026-03-01,2026,3,Antioquia,8,Electrodomesticos y muebles,1,182.7581,19.3000,5.5556,17.0100,42359.6093,18.3000,5.2941,16.8200,40623.5187,0,239784.0000,248219.0000
2026-03-01,2026,3,Antioquia,9,Articulos y utensilios domesticos,0,179.5621,19.3000,5.5556,17.0100,42359.6093,18.3000,5.2941,16.8200,40623.5187,0,239784.0000,248219.0000
2026-03-01,2026,3,Antioquia,10,Aseo del hogar,0,135.4526,19.3000,5.5556,17.0100,42359.6093,18.3000,5.2941,16.8200,40623.5187,0,239784.0000,248219.0000
2026-03-01,2026,3,Antioquia,11,Informatica y telecomunicaciones,0,298.3669,19.3000,5.5556,17.0100,42359.6093,18.3000,5.2941,16.8200,40623.5187,0,239784.0000,248219.0000
2026-03-01,2026,3,Antioquia,12,Sonido y video,0,187.2371,19.3000,5.5556,17.0100,42359.6093,18.3000,5.2941,16.8200,40623.5187,0,239784.0000,248219.0000
2026-03-01,2026,3,Antioquia,14,"Ferreteria, vidrios y pinturas",0,121.2748,19.3000,5.5556,17.0100,42359.6093,18.3000,5.2941,16.8200,40623.5187,0,239784.0000,248219.0000
2026-03-01,2026,3,Antioquia,15,Otras mercancias de uso domestico,0,148.9432,19.3000,5.5556,17.0100,42359.6093,18.3000,5.2941,16.8200,40623.5187,0,239784.0000,248219.0000
2026-03-01,2026,3,Atlantico,4,Prendas de vestir y textiles,0,88.5926,19.3000,5.5556,17.0100,42359.6093,18.3000,5.2941,16.8200,40623.5187,0,40323.0000,10974.0000
2026-03-01,2026,3,Atlantico,8,Electrodomesticos y muebles,1,162.6546,19.3000,5.5556,17.0100,42359.6093,18.3000,5.2941,16.8200,40623.5187,0,40323.0000,10974.0000
2026-03-01,2026,3,Atlantico,9,Articulos y utensilios domesticos,0,131.4789,19.3000,5.5556,17.0100,42359.6093,18.3000,5.2941,16.8200,40623.5187,0,40323.0000,10974.0000
2026-03-01,2026,3,Atlantico,10,Aseo del hogar,0,133.7147,19.3000,5.5556,17.0100,42359.6093,18.3000,5.2941,16.8200,40623.5187,0,40323.0000,10974.0000
2026-03-01,2026,3,Atlantico,11,Informatica y telecomunicaciones,0,276.4626,19.3000,5.5556,17.0100,42359.6093,18.3000,5.2941,16.8200,40623.5187,0,40323.0000,10974.0000
2026-03-01,2026,3,Atlantico,12,Sonido y video,0,172.1503,19.3000,5.5556,17.0100,42359.6093,18.3000,5.2941,16.8200,40623.5187,0,40323.0000,10974.0000
2026-03-01,2026,3,Atlantico,14,"Ferreteria, vidrios y pinturas",0,105.0757,19.3000,5.5556,17.0100,42359.6093,18.3000,5.2941,16.8200,40623.5187,0,40323.0000,10974.0000
2026-03-01,2026,3,Atlantico,15,Otras mercancias de uso domestico,0,118.4899,19.3000,5.5556,17.0100,42359.6093,18.3000,5.2941,16.8200,40623.5187,0,40323.0000,10974.0000
2026-03-01,2026,3,Bogota,4,Prendas de vestir y textiles,0,108.8200,19.3000,5.5556,17.0100,42359.6093,18.3000,5.2941,16.8200,40623.5187,0,438218.0000,273166.0000
2026-03-01,2026,3,Bogota,8,Electrodomesticos y muebles,1,191.6402,19.3000,5.5556,17.0100,42359.6093,18.3000,5.2941,16.8200,40623.5187,0,438218.0000,273166.0000
2026-03-01,2026,3,Bogota,9,Articulos y utensilios domesticos,0,194.4680,19.3000,5.5556,17.0100,42359.6093,18.3000,5.2941,16.8200,40623.5187,0,438218.0000,273166.0000
2026-03-01,2026,3,Bogota,10,Aseo del hogar,0,162.6841,19.3000,5.5556,17.0100,42359.6093,18.3000,5.2941,16.8200,40623.5187,0,438218.0000,273166.0000
2026-03-01,2026,3,Bogota,11,Informatica y telecomunicaciones,0,350.5748,19.3000,5.5556,17.0100,42359.6093,18.3000,5.2941,16.8200,40623.5187,0,438218.0000,273166.0000
2026-03-01,2026,3,Bogota,12,Sonido y video,0,207.1164,19.3000,5.5556,17.0100,42359.6093,18.3000,5.2941,16.8200,40623.5187,0,438218.0000,273166.0000
2026-03-01,2026,3,Bogota,14,"Ferreteria, vidrios y pinturas",0,137.4353,19.3000,5.5556,17.0100,42359.6093,18.3000,5.2941,16.8200,40623.5187,0,438218.0000,273166.0000
2026-03-01,2026,3,Bogota,15,Otras mercancias de uso domestico,0,147.5519,19.3000,5.5556,17.0100,42359.6093,18.3000,5.2941,16.8200,40623.5187,0,438218.0000,273166.0000
2026-03-01,2026,3,Cundinamarca,4,Prendas de vestir y textiles,0,120.6150,19.3000,5.5556,17.0100,42359.6093,18.3000,5.2941,16.8200,40623.5187,0,160604.0000,181274.0000
2026-03-01,2026,3,Cundinamarca,8,Electrodomesticos y muebles,1,240.1081,19.3000,5.5556,17.0100,42359.6093,18.3000,5.2941,16.8200,40623.5187,0,160604.0000,181274.0000
2026-03-01,2026,3,Cundinamarca,9,Articulos y utensilios domesticos,0,216.5081,19.3000,5.5556,17.0100,42359.6093,18.3000,5.2941,16.8200,40623.5187,0,160604.0000,181274.0000
2026-03-01,2026,3,Cundinamarca,10,Aseo del hogar,0,170.7943,19.3000,5.5556,17.0100,42359.6093,18.3000,5.2941,16.8200,40623.5187,0,160604.0000,181274.0000
2026-03-01,2026,3,Cundinamarca,11,Informatica y telecomunicaciones,0,402.5377,19.3000,5.5556,17.0100,42359.6093,18.3000,5.2941,16.8200,40623.5187,0,160604.0000,181274.0000
2026-03-01,2026,3,Cundinamarca,12,Sonido y video,0,224.2948,19.3000,5.5556,17.0100,42359.6093,18.3000,5.2941,16.8200,40623.5187,0,160604.0000,181274.0000
2026-03-01,2026,3,Cundinamarca,14,"Ferreteria, vidrios y pinturas",0,142.3317,19.3000,5.5556,17.0100,42359.6093,18.3000,5.2941,16.8200,40623.5187,0,160604.0000,181274.0000
2026-03-01,2026,3,Cundinamarca,15,Otras mercancias de uso domestico,0,160.6208,19.3000,5.5556,17.0100,42359.6093,18.3000,5.2941,16.8200,40623.5187,0,160604.0000,181274.0000
2026-03-01,2026,3,Santander,4,Prendas de vestir y textiles,0,84.0561,19.3000,5.5556,17.0100,42359.6093,18.3000,5.2941,16.8200,40623.5187,0,38771.0000,71068.0000
2026-03-01,2026,3,Santander,8,Electrodomesticos y muebles,1,160.5925,19.3000,5.5556,17.0100,42359.6093,18.3000,5.2941,16.8200,40623.5187,0,38771.0000,71068.0000
2026-03-01,2026,3,Santander,9,Articulos y utensilios domesticos,0,143.9151,19.3000,5.5556,17.0100,42359.6093,18.3000,5.2941,16.8200,40623.5187,0,38771.0000,71068.0000
2026-03-01,2026,3,Santander,10,Aseo del hogar,0,131.7035,19.3000,5.5556,17.0100,42359.6093,18.3000,5.2941,16.8200,40623.5187,0,38771.0000,71068.0000
2026-03-01,2026,3,Santander,11,Informatica y telecomunicaciones,0,314.1499,19.3000,5.5556,17.0100,42359.6093,18.3000,5.2941,16.8200,40623.5187,0,38771.0000,71068.0000
2026-03-01,2026,3,Santander,12,Sonido y video,0,180.5977,19.3000,5.5556,17.0100,42359.6093,18.3000,5.2941,16.8200,40623.5187,0,38771.0000,71068.0000
2026-03-01,2026,3,Santander,14,"Ferreteria, vidrios y pinturas",0,120.3281,19.3000,5.5556,17.0100,42359.6093,18.3000,5.2941,16.8200,40623.5187,0,38771.0000,71068.0000
2026-03-01,2026,3,Santander,15,Otras mercancias de uso domestico,0,136.9887,19.3000,5.5556,17.0100,42359.6093,18.3000,5.2941,16.8200,40623.5187,0,38771.0000,71068.0000
2026-03-01,2026,3,Valle del Cauca,4,Prendas de vestir y textiles,0,77.7548,19.3000,5.5556,17.0100,42359.6093,18.3000,5.2941,16.8200,40623.5187,0,212328.0000,111664.0000
2026-03-01,2026,3,Valle del Cauca,8,Electrodomesticos y muebles,1,154.1919,19.3000,5.5556,17.0100,42359.6093,18.3000,5.2941,16.8200,40623.5187,0,212328.0000,111664.0000
2026-03-01,2026,3,Valle del Cauca,9,Articulos y utensilios domesticos,0,127.1381,19.3000,5.5556,17.0100,42359.6093,18.3000,5.2941,16.8200,40623.5187,0,212328.0000,111664.0000
2026-03-01,2026,3,Valle del Cauca,10,Aseo del hogar,0,130.0162,19.3000,5.5556,17.0100,42359.6093,18.3000,5.2941,16.8200,40623.5187,0,212328.0000,111664.0000
2026-03-01,2026,3,Valle del Cauca,11,Informatica y telecomunicaciones,0,256.4186,19.3000,5.5556,17.0100,42359.6093,18.3000,5.2941,16.8200,40623.5187,0,212328.0000,111664.0000
2026-03-01,2026,3,Valle del Cauca,12,Sonido y video,0,190.9901,19.3000,5.5556,17.0100,42359.6093,18.3000,5.2941,16.8200,40623.5187,0,212328.0000,111664.0000
2026-03-01,2026,3,Valle del Cauca,14,"Ferreteria, vidrios y pinturas",0,103.4880,19.3000,5.5556,17.0100,42359.6093,18.3000,5.2941,16.8200,40623.5187,0,212328.0000,111664.0000
2026-03-01,2026,3,Valle del Cauca,15,Otras mercancias de uso domestico,0,94.1553,19.3000,5.5556,17.0100,42359.6093,18.3000,5.2941,16.8200,40623.5187,0,212328.0000,111664.0000
2026-03-01,2026,3,Otros departamentos,4,Prendas de vestir y textiles,0,91.7071,19.3000,5.5556,17.0100,42359.6093,18.3000,5.2941,16.8200,40623.5187,0,1364982.0000,631410.0000
2026-03-01,2026,3,Otros departamentos,8,Electrodomesticos y muebles,1,165.0776,19.3000,5.5556,17.0100,42359.6093,18.3000,5.2941,16.8200,40623.5187,0,1364982.0000,631410.0000
2026-03-01,2026,3,Otros departamentos,9,Articulos y utensilios domesticos,0,191.1834,19.3000,5.5556,17.0100,42359.6093,18.3000,5.2941,16.8200,40623.5187,0,1364982.0000,631410.0000
2026-03-01,2026,3,Otros departamentos,10,Aseo del hogar,0,166.8449,19.3000,5.5556,17.0100,42359.6093,18.3000,5.2941,16.8200,40623.5187,0,1364982.0000,631410.0000
2026-03-01,2026,3,Otros departamentos,11,Informatica y telecomunicaciones,0,319.5760,19.3000,5.5556,17.0100,42359.6093,18.3000,5.2941,16.8200,40623.5187,0,1364982.0000,631410.0000
2026-03-01,2026,3,Otros departamentos,12,Sonido y video,0,202.7506,19.3000,5.5556,17.0100,42359.6093,18.3000,5.2941,16.8200,40623.5187,0,1364982.0000,631410.0000
2026-03-01,2026,3,Otros departamentos,14,"Ferreteria, vidrios y pinturas",0,133.3591,19.3000,5.5556,17.0100,42359.6093,18.3000,5.2941,16.8200,40623.5187,0,1364982.0000,631410.0000
2026-03-01,2026,3,Otros departamentos,15,Otras mercancias de uso domestico,0,122.7614,19.3000,5.5556,17.0100,42359.6093,18.3000,5.2941,16.8200,40623.5187,0,1364982.0000,631410.0000
2026-04-01,2026,4,Antioquia,4,Prendas de vestir y textiles,0,82.4289,13.7000,5.6862,17.8400,41985.8494,19.3000,5.5556,17.0100,42359.6093,0,198837.0000,239784.0000
2026-04-01,2026,4,Antioquia,8,Electrodomesticos y muebles,1,165.3966,13.7000,5.6862,17.8400,41985.8494,19.3000,5.5556,17.0100,42359.6093,0,198837.0000,239784.0000
2026-04-01,2026,4,Antioquia,9,Articulos y utensilios domesticos,0,173.4618,13.7000,5.6862,17.8400,41985.8494,19.3000,5.5556,17.0100,42359.6093,0,198837.0000,239784.0000
2026-04-01,2026,4,Antioquia,10,Aseo del hogar,0,141.9482,13.7000,5.6862,17.8400,41985.8494,19.3000,5.5556,17.0100,42359.6093,0,198837.0000,239784.0000
2026-04-01,2026,4,Antioquia,11,Informatica y telecomunicaciones,0,277.9851,13.7000,5.6862,17.8400,41985.8494,19.3000,5.5556,17.0100,42359.6093,0,198837.0000,239784.0000
2026-04-01,2026,4,Antioquia,12,Sonido y video,0,169.8502,13.7000,5.6862,17.8400,41985.8494,19.3000,5.5556,17.0100,42359.6093,0,198837.0000,239784.0000
2026-04-01,2026,4,Antioquia,14,"Ferreteria, vidrios y pinturas",0,111.9525,13.7000,5.6862,17.8400,41985.8494,19.3000,5.5556,17.0100,42359.6093,0,198837.0000,239784.0000
2026-04-01,2026,4,Antioquia,15,Otras mercancias de uso domestico,0,141.6560,13.7000,5.6862,17.8400,41985.8494,19.3000,5.5556,17.0100,42359.6093,0,198837.0000,239784.0000
2026-04-01,2026,4,Atlantico,4,Prendas de vestir y textiles,0,74.9978,13.7000,5.6862,17.8400,41985.8494,19.3000,5.5556,17.0100,42359.6093,0,45605.0000,40323.0000
2026-04-01,2026,4,Atlantico,8,Electrodomesticos y muebles,1,123.7094,13.7000,5.6862,17.8400,41985.8494,19.3000,5.5556,17.0100,42359.6093,0,45605.0000,40323.0000
2026-04-01,2026,4,Atlantico,9,Articulos y utensilios domesticos,0,118.2042,13.7000,5.6862,17.8400,41985.8494,19.3000,5.5556,17.0100,42359.6093,0,45605.0000,40323.0000
2026-04-01,2026,4,Atlantico,10,Aseo del hogar,0,110.3859,13.7000,5.6862,17.8400,41985.8494,19.3000,5.5556,17.0100,42359.6093,0,45605.0000,40323.0000
2026-04-01,2026,4,Atlantico,11,Informatica y telecomunicaciones,0,220.2337,13.7000,5.6862,17.8400,41985.8494,19.3000,5.5556,17.0100,42359.6093,0,45605.0000,40323.0000
2026-04-01,2026,4,Atlantico,12,Sonido y video,0,172.0837,13.7000,5.6862,17.8400,41985.8494,19.3000,5.5556,17.0100,42359.6093,0,45605.0000,40323.0000
2026-04-01,2026,4,Atlantico,14,"Ferreteria, vidrios y pinturas",0,86.5928,13.7000,5.6862,17.8400,41985.8494,19.3000,5.5556,17.0100,42359.6093,0,45605.0000,40323.0000
2026-04-01,2026,4,Atlantico,15,Otras mercancias de uso domestico,0,113.7263,13.7000,5.6862,17.8400,41985.8494,19.3000,5.5556,17.0100,42359.6093,0,45605.0000,40323.0000
2026-04-01,2026,4,Bogota,4,Prendas de vestir y textiles,0,100.0289,13.7000,5.6862,17.8400,41985.8494,19.3000,5.5556,17.0100,42359.6093,0,155024.0000,438218.0000
2026-04-01,2026,4,Bogota,8,Electrodomesticos y muebles,1,165.5059,13.7000,5.6862,17.8400,41985.8494,19.3000,5.5556,17.0100,42359.6093,0,155024.0000,438218.0000
2026-04-01,2026,4,Bogota,9,Articulos y utensilios domesticos,0,173.6139,13.7000,5.6862,17.8400,41985.8494,19.3000,5.5556,17.0100,42359.6093,0,155024.0000,438218.0000
2026-04-01,2026,4,Bogota,10,Aseo del hogar,0,148.5168,13.7000,5.6862,17.8400,41985.8494,19.3000,5.5556,17.0100,42359.6093,0,155024.0000,438218.0000
2026-04-01,2026,4,Bogota,11,Informatica y telecomunicaciones,0,315.2442,13.7000,5.6862,17.8400,41985.8494,19.3000,5.5556,17.0100,42359.6093,0,155024.0000,438218.0000
2026-04-01,2026,4,Bogota,12,Sonido y video,0,215.1307,13.7000,5.6862,17.8400,41985.8494,19.3000,5.5556,17.0100,42359.6093,0,155024.0000,438218.0000
2026-04-01,2026,4,Bogota,14,"Ferreteria, vidrios y pinturas",0,122.0337,13.7000,5.6862,17.8400,41985.8494,19.3000,5.5556,17.0100,42359.6093,0,155024.0000,438218.0000
2026-04-01,2026,4,Bogota,15,Otras mercancias de uso domestico,0,129.8525,13.7000,5.6862,17.8400,41985.8494,19.3000,5.5556,17.0100,42359.6093,0,155024.0000,438218.0000
2026-04-01,2026,4,Cundinamarca,4,Prendas de vestir y textiles,0,113.0433,13.7000,5.6862,17.8400,41985.8494,19.3000,5.5556,17.0100,42359.6093,0,126615.0000,160604.0000
2026-04-01,2026,4,Cundinamarca,8,Electrodomesticos y muebles,1,216.0912,13.7000,5.6862,17.8400,41985.8494,19.3000,5.5556,17.0100,42359.6093,0,126615.0000,160604.0000
2026-04-01,2026,4,Cundinamarca,9,Articulos y utensilios domesticos,0,197.4012,13.7000,5.6862,17.8400,41985.8494,19.3000,5.5556,17.0100,42359.6093,0,126615.0000,160604.0000
2026-04-01,2026,4,Cundinamarca,10,Aseo del hogar,0,190.0468,13.7000,5.6862,17.8400,41985.8494,19.3000,5.5556,17.0100,42359.6093,0,126615.0000,160604.0000
2026-04-01,2026,4,Cundinamarca,11,Informatica y telecomunicaciones,0,378.3466,13.7000,5.6862,17.8400,41985.8494,19.3000,5.5556,17.0100,42359.6093,0,126615.0000,160604.0000
2026-04-01,2026,4,Cundinamarca,12,Sonido y video,0,242.3909,13.7000,5.6862,17.8400,41985.8494,19.3000,5.5556,17.0100,42359.6093,0,126615.0000,160604.0000
2026-04-01,2026,4,Cundinamarca,14,"Ferreteria, vidrios y pinturas",0,149.6205,13.7000,5.6862,17.8400,41985.8494,19.3000,5.5556,17.0100,42359.6093,0,126615.0000,160604.0000
2026-04-01,2026,4,Cundinamarca,15,Otras mercancias de uso domestico,0,173.0498,13.7000,5.6862,17.8400,41985.8494,19.3000,5.5556,17.0100,42359.6093,0,126615.0000,160604.0000
2026-04-01,2026,4,Santander,4,Prendas de vestir y textiles,0,83.8359,13.7000,5.6862,17.8400,41985.8494,19.3000,5.5556,17.0100,42359.6093,0,147866.0000,38771.0000
2026-04-01,2026,4,Santander,8,Electrodomesticos y muebles,1,152.0206,13.7000,5.6862,17.8400,41985.8494,19.3000,5.5556,17.0100,42359.6093,0,147866.0000,38771.0000
2026-04-01,2026,4,Santander,9,Articulos y utensilios domesticos,0,130.4720,13.7000,5.6862,17.8400,41985.8494,19.3000,5.5556,17.0100,42359.6093,0,147866.0000,38771.0000
2026-04-01,2026,4,Santander,10,Aseo del hogar,0,129.4010,13.7000,5.6862,17.8400,41985.8494,19.3000,5.5556,17.0100,42359.6093,0,147866.0000,38771.0000
2026-04-01,2026,4,Santander,11,Informatica y telecomunicaciones,0,303.4822,13.7000,5.6862,17.8400,41985.8494,19.3000,5.5556,17.0100,42359.6093,0,147866.0000,38771.0000
2026-04-01,2026,4,Santander,12,Sonido y video,0,188.2424,13.7000,5.6862,17.8400,41985.8494,19.3000,5.5556,17.0100,42359.6093,0,147866.0000,38771.0000
2026-04-01,2026,4,Santander,14,"Ferreteria, vidrios y pinturas",0,122.0972,13.7000,5.6862,17.8400,41985.8494,19.3000,5.5556,17.0100,42359.6093,0,147866.0000,38771.0000
2026-04-01,2026,4,Santander,15,Otras mercancias de uso domestico,0,128.8142,13.7000,5.6862,17.8400,41985.8494,19.3000,5.5556,17.0100,42359.6093,0,147866.0000,38771.0000
2026-04-01,2026,4,Valle del Cauca,4,Prendas de vestir y textiles,0,64.9990,13.7000,5.6862,17.8400,41985.8494,19.3000,5.5556,17.0100,42359.6093,0,66534.0000,212328.0000
2026-04-01,2026,4,Valle del Cauca,8,Electrodomesticos y muebles,1,132.8395,13.7000,5.6862,17.8400,41985.8494,19.3000,5.5556,17.0100,42359.6093,0,66534.0000,212328.0000
2026-04-01,2026,4,Valle del Cauca,9,Articulos y utensilios domesticos,0,124.5239,13.7000,5.6862,17.8400,41985.8494,19.3000,5.5556,17.0100,42359.6093,0,66534.0000,212328.0000
2026-04-01,2026,4,Valle del Cauca,10,Aseo del hogar,0,116.4092,13.7000,5.6862,17.8400,41985.8494,19.3000,5.5556,17.0100,42359.6093,0,66534.0000,212328.0000
2026-04-01,2026,4,Valle del Cauca,11,Informatica y telecomunicaciones,0,236.5725,13.7000,5.6862,17.8400,41985.8494,19.3000,5.5556,17.0100,42359.6093,0,66534.0000,212328.0000
2026-04-01,2026,4,Valle del Cauca,12,Sonido y video,0,182.3879,13.7000,5.6862,17.8400,41985.8494,19.3000,5.5556,17.0100,42359.6093,0,66534.0000,212328.0000
2026-04-01,2026,4,Valle del Cauca,14,"Ferreteria, vidrios y pinturas",0,88.5341,13.7000,5.6862,17.8400,41985.8494,19.3000,5.5556,17.0100,42359.6093,0,66534.0000,212328.0000
2026-04-01,2026,4,Valle del Cauca,15,Otras mercancias de uso domestico,0,97.4018,13.7000,5.6862,17.8400,41985.8494,19.3000,5.5556,17.0100,42359.6093,0,66534.0000,212328.0000
2026-04-01,2026,4,Otros departamentos,4,Prendas de vestir y textiles,0,88.5705,13.7000,5.6862,17.8400,41985.8494,19.3000,5.5556,17.0100,42359.6093,0,887917.0000,1364982.0000
2026-04-01,2026,4,Otros departamentos,8,Electrodomesticos y muebles,1,154.8934,13.7000,5.6862,17.8400,41985.8494,19.3000,5.5556,17.0100,42359.6093,0,887917.0000,1364982.0000
2026-04-01,2026,4,Otros departamentos,9,Articulos y utensilios domesticos,0,157.6904,13.7000,5.6862,17.8400,41985.8494,19.3000,5.5556,17.0100,42359.6093,0,887917.0000,1364982.0000
2026-04-01,2026,4,Otros departamentos,10,Aseo del hogar,0,150.1494,13.7000,5.6862,17.8400,41985.8494,19.3000,5.5556,17.0100,42359.6093,0,887917.0000,1364982.0000
2026-04-01,2026,4,Otros departamentos,11,Informatica y telecomunicaciones,0,289.2825,13.7000,5.6862,17.8400,41985.8494,19.3000,5.5556,17.0100,42359.6093,0,887917.0000,1364982.0000
2026-04-01,2026,4,Otros departamentos,12,Sonido y video,0,206.1907,13.7000,5.6862,17.8400,41985.8494,19.3000,5.5556,17.0100,42359.6093,0,887917.0000,1364982.0000
2026-04-01,2026,4,Otros departamentos,14,"Ferreteria, vidrios y pinturas",0,119.7935,13.7000,5.6862,17.8400,41985.8494,19.3000,5.5556,17.0100,42359.6093,0,887917.0000,1364982.0000
2026-04-01,2026,4,Otros departamentos,15,Otras mercancias de uso domestico,0,128.0186,13.7000,5.6862,17.8400,41985.8494,19.3000,5.5556,17.0100,42359.6093,0,887917.0000,1364982.0000
2026-05-01,2026,5,Antioquia,4,Prendas de vestir y textiles,0,107.2746,17.8000,5.8412,18.7800,38455.8965,13.7000,5.6862,17.8400,41985.8494,0,327922.0000,198837.0000
2026-05-01,2026,5,Antioquia,8,Electrodomesticos y muebles,1,180.4244,17.8000,5.8412,18.7800,38455.8965,13.7000,5.6862,17.8400,41985.8494,0,327922.0000,198837.0000
2026-05-01,2026,5,Antioquia,9,Articulos y utensilios domesticos,0,178.7796,17.8000,5.8412,18.7800,38455.8965,13.7000,5.6862,17.8400,41985.8494,0,327922.0000,198837.0000
2026-05-01,2026,5,Antioquia,10,Aseo del hogar,0,151.4265,17.8000,5.8412,18.7800,38455.8965,13.7000,5.6862,17.8400,41985.8494,0,327922.0000,198837.0000
2026-05-01,2026,5,Antioquia,11,Informatica y telecomunicaciones,0,289.5325,17.8000,5.8412,18.7800,38455.8965,13.7000,5.6862,17.8400,41985.8494,0,327922.0000,198837.0000
2026-05-01,2026,5,Antioquia,12,Sonido y video,0,230.2359,17.8000,5.8412,18.7800,38455.8965,13.7000,5.6862,17.8400,41985.8494,0,327922.0000,198837.0000
2026-05-01,2026,5,Antioquia,14,"Ferreteria, vidrios y pinturas",0,112.9008,17.8000,5.8412,18.7800,38455.8965,13.7000,5.6862,17.8400,41985.8494,0,327922.0000,198837.0000
2026-05-01,2026,5,Antioquia,15,Otras mercancias de uso domestico,0,157.1189,17.8000,5.8412,18.7800,38455.8965,13.7000,5.6862,17.8400,41985.8494,0,327922.0000,198837.0000
2026-05-01,2026,5,Atlantico,4,Prendas de vestir y textiles,0,87.9555,17.8000,5.8412,18.7800,38455.8965,13.7000,5.6862,17.8400,41985.8494,0,62836.0000,45605.0000
2026-05-01,2026,5,Atlantico,8,Electrodomesticos y muebles,1,158.4383,17.8000,5.8412,18.7800,38455.8965,13.7000,5.6862,17.8400,41985.8494,0,62836.0000,45605.0000
2026-05-01,2026,5,Atlantico,9,Articulos y utensilios domesticos,0,124.9226,17.8000,5.8412,18.7800,38455.8965,13.7000,5.6862,17.8400,41985.8494,0,62836.0000,45605.0000
2026-05-01,2026,5,Atlantico,10,Aseo del hogar,0,117.3121,17.8000,5.8412,18.7800,38455.8965,13.7000,5.6862,17.8400,41985.8494,0,62836.0000,45605.0000
2026-05-01,2026,5,Atlantico,11,Informatica y telecomunicaciones,0,222.9310,17.8000,5.8412,18.7800,38455.8965,13.7000,5.6862,17.8400,41985.8494,0,62836.0000,45605.0000
2026-05-01,2026,5,Atlantico,12,Sonido y video,0,195.5523,17.8000,5.8412,18.7800,38455.8965,13.7000,5.6862,17.8400,41985.8494,0,62836.0000,45605.0000
2026-05-01,2026,5,Atlantico,14,"Ferreteria, vidrios y pinturas",0,81.2124,17.8000,5.8412,18.7800,38455.8965,13.7000,5.6862,17.8400,41985.8494,0,62836.0000,45605.0000
2026-05-01,2026,5,Atlantico,15,Otras mercancias de uso domestico,0,120.7956,17.8000,5.8412,18.7800,38455.8965,13.7000,5.6862,17.8400,41985.8494,0,62836.0000,45605.0000
2026-05-01,2026,5,Bogota,4,Prendas de vestir y textiles,0,122.2118,17.8000,5.8412,18.7800,38455.8965,13.7000,5.6862,17.8400,41985.8494,0,246865.0000,155024.0000
2026-05-01,2026,5,Bogota,8,Electrodomesticos y muebles,1,205.6442,17.8000,5.8412,18.7800,38455.8965,13.7000,5.6862,17.8400,41985.8494,0,246865.0000,155024.0000
2026-05-01,2026,5,Bogota,9,Articulos y utensilios domesticos,0,189.6724,17.8000,5.8412,18.7800,38455.8965,13.7000,5.6862,17.8400,41985.8494,0,246865.0000,155024.0000
2026-05-01,2026,5,Bogota,10,Aseo del hogar,0,194.4738,17.8000,5.8412,18.7800,38455.8965,13.7000,5.6862,17.8400,41985.8494,0,246865.0000,155024.0000
2026-05-01,2026,5,Bogota,11,Informatica y telecomunicaciones,0,323.0354,17.8000,5.8412,18.7800,38455.8965,13.7000,5.6862,17.8400,41985.8494,0,246865.0000,155024.0000
2026-05-01,2026,5,Bogota,12,Sonido y video,0,238.5552,17.8000,5.8412,18.7800,38455.8965,13.7000,5.6862,17.8400,41985.8494,0,246865.0000,155024.0000
2026-05-01,2026,5,Bogota,14,"Ferreteria, vidrios y pinturas",0,125.6232,17.8000,5.8412,18.7800,38455.8965,13.7000,5.6862,17.8400,41985.8494,0,246865.0000,155024.0000
2026-05-01,2026,5,Bogota,15,Otras mercancias de uso domestico,0,131.9321,17.8000,5.8412,18.7800,38455.8965,13.7000,5.6862,17.8400,41985.8494,0,246865.0000,155024.0000
2026-05-01,2026,5,Cundinamarca,4,Prendas de vestir y textiles,0,127.5154,17.8000,5.8412,18.7800,38455.8965,13.7000,5.6862,17.8400,41985.8494,0,191006.0000,126615.0000
2026-05-01,2026,5,Cundinamarca,8,Electrodomesticos y muebles,1,247.2977,17.8000,5.8412,18.7800,38455.8965,13.7000,5.6862,17.8400,41985.8494,0,191006.0000,126615.0000
2026-05-01,2026,5,Cundinamarca,9,Articulos y utensilios domesticos,0,214.8393,17.8000,5.8412,18.7800,38455.8965,13.7000,5.6862,17.8400,41985.8494,0,191006.0000,126615.0000
2026-05-01,2026,5,Cundinamarca,10,Aseo del hogar,0,214.6824,17.8000,5.8412,18.7800,38455.8965,13.7000,5.6862,17.8400,41985.8494,0,191006.0000,126615.0000
2026-05-01,2026,5,Cundinamarca,11,Informatica y telecomunicaciones,0,373.3798,17.8000,5.8412,18.7800,38455.8965,13.7000,5.6862,17.8400,41985.8494,0,191006.0000,126615.0000
2026-05-01,2026,5,Cundinamarca,12,Sonido y video,0,304.4552,17.8000,5.8412,18.7800,38455.8965,13.7000,5.6862,17.8400,41985.8494,0,191006.0000,126615.0000
2026-05-01,2026,5,Cundinamarca,14,"Ferreteria, vidrios y pinturas",0,153.5953,17.8000,5.8412,18.7800,38455.8965,13.7000,5.6862,17.8400,41985.8494,0,191006.0000,126615.0000
2026-05-01,2026,5,Cundinamarca,15,Otras mercancias de uso domestico,0,188.7076,17.8000,5.8412,18.7800,38455.8965,13.7000,5.6862,17.8400,41985.8494,0,191006.0000,126615.0000
2026-05-01,2026,5,Santander,4,Prendas de vestir y textiles,0,91.2962,17.8000,5.8412,18.7800,38455.8965,13.7000,5.6862,17.8400,41985.8494,0,34126.0000,147866.0000
2026-05-01,2026,5,Santander,8,Electrodomesticos y muebles,1,156.0263,17.8000,5.8412,18.7800,38455.8965,13.7000,5.6862,17.8400,41985.8494,0,34126.0000,147866.0000
2026-05-01,2026,5,Santander,9,Articulos y utensilios domesticos,0,138.5553,17.8000,5.8412,18.7800,38455.8965,13.7000,5.6862,17.8400,41985.8494,0,34126.0000,147866.0000
2026-05-01,2026,5,Santander,10,Aseo del hogar,0,151.5086,17.8000,5.8412,18.7800,38455.8965,13.7000,5.6862,17.8400,41985.8494,0,34126.0000,147866.0000
2026-05-01,2026,5,Santander,11,Informatica y telecomunicaciones,0,306.4641,17.8000,5.8412,18.7800,38455.8965,13.7000,5.6862,17.8400,41985.8494,0,34126.0000,147866.0000
2026-05-01,2026,5,Santander,12,Sonido y video,0,215.3014,17.8000,5.8412,18.7800,38455.8965,13.7000,5.6862,17.8400,41985.8494,0,34126.0000,147866.0000
2026-05-01,2026,5,Santander,14,"Ferreteria, vidrios y pinturas",0,97.6875,17.8000,5.8412,18.7800,38455.8965,13.7000,5.6862,17.8400,41985.8494,0,34126.0000,147866.0000
2026-05-01,2026,5,Santander,15,Otras mercancias de uso domestico,0,139.0602,17.8000,5.8412,18.7800,38455.8965,13.7000,5.6862,17.8400,41985.8494,0,34126.0000,147866.0000
2026-05-01,2026,5,Valle del Cauca,4,Prendas de vestir y textiles,0,75.6671,17.8000,5.8412,18.7800,38455.8965,13.7000,5.6862,17.8400,41985.8494,0,125647.0000,66534.0000
2026-05-01,2026,5,Valle del Cauca,8,Electrodomesticos y muebles,1,155.4394,17.8000,5.8412,18.7800,38455.8965,13.7000,5.6862,17.8400,41985.8494,0,125647.0000,66534.0000
2026-05-01,2026,5,Valle del Cauca,9,Articulos y utensilios domesticos,0,130.9709,17.8000,5.8412,18.7800,38455.8965,13.7000,5.6862,17.8400,41985.8494,0,125647.0000,66534.0000
2026-05-01,2026,5,Valle del Cauca,10,Aseo del hogar,0,127.5582,17.8000,5.8412,18.7800,38455.8965,13.7000,5.6862,17.8400,41985.8494,0,125647.0000,66534.0000
2026-05-01,2026,5,Valle del Cauca,11,Informatica y telecomunicaciones,0,253.0790,17.8000,5.8412,18.7800,38455.8965,13.7000,5.6862,17.8400,41985.8494,0,125647.0000,66534.0000
2026-05-01,2026,5,Valle del Cauca,12,Sonido y video,0,244.3613,17.8000,5.8412,18.7800,38455.8965,13.7000,5.6862,17.8400,41985.8494,0,125647.0000,66534.0000
2026-05-01,2026,5,Valle del Cauca,14,"Ferreteria, vidrios y pinturas",0,92.1456,17.8000,5.8412,18.7800,38455.8965,13.7000,5.6862,17.8400,41985.8494,0,125647.0000,66534.0000
2026-05-01,2026,5,Valle del Cauca,15,Otras mercancias de uso domestico,0,112.1689,17.8000,5.8412,18.7800,38455.8965,13.7000,5.6862,17.8400,41985.8494,0,125647.0000,66534.0000
2026-05-01,2026,5,Otros departamentos,4,Prendas de vestir y textiles,0,106.6052,17.8000,5.8412,18.7800,38455.8965,13.7000,5.6862,17.8400,41985.8494,0,463642.0000,887917.0000
2026-05-01,2026,5,Otros departamentos,8,Electrodomesticos y muebles,1,162.1511,17.8000,5.8412,18.7800,38455.8965,13.7000,5.6862,17.8400,41985.8494,0,463642.0000,887917.0000
2026-05-01,2026,5,Otros departamentos,9,Articulos y utensilios domesticos,0,161.2430,17.8000,5.8412,18.7800,38455.8965,13.7000,5.6862,17.8400,41985.8494,0,463642.0000,887917.0000
2026-05-01,2026,5,Otros departamentos,10,Aseo del hogar,0,148.8233,17.8000,5.8412,18.7800,38455.8965,13.7000,5.6862,17.8400,41985.8494,0,463642.0000,887917.0000
2026-05-01,2026,5,Otros departamentos,11,Informatica y telecomunicaciones,0,340.1722,17.8000,5.8412,18.7800,38455.8965,13.7000,5.6862,17.8400,41985.8494,0,463642.0000,887917.0000
2026-05-01,2026,5,Otros departamentos,12,Sonido y video,0,273.8320,17.8000,5.8412,18.7800,38455.8965,13.7000,5.6862,17.8400,41985.8494,0,463642.0000,887917.0000
2026-05-01,2026,5,Otros departamentos,14,"Ferreteria, vidrios y pinturas",0,118.1100,17.8000,5.8412,18.7800,38455.8965,13.7000,5.6862,17.8400,41985.8494,0,463642.0000,887917.0000
2026-05-01,2026,5,Otros departamentos,15,Otras mercancias de uso domestico,0,144.1288,17.8000,5.8412,18.7800,38455.8965,13.7000,5.6862,17.8400,41985.8494,0,463642.0000,887917.0000
2026-06-01,2026,6,Antioquia,4,Prendas de vestir y textiles,0,102.3631,24.3000,6.1411,19.1900,46647.1828,17.8000,5.8412,18.7800,38455.8965,0,192725.0000,327922.0000
2026-06-01,2026,6,Antioquia,8,Electrodomesticos y muebles,1,167.9565,24.3000,6.1411,19.1900,46647.1828,17.8000,5.8412,18.7800,38455.8965,0,192725.0000,327922.0000
2026-06-01,2026,6,Antioquia,9,Articulos y utensilios domesticos,0,172.0089,24.3000,6.1411,19.1900,46647.1828,17.8000,5.8412,18.7800,38455.8965,0,192725.0000,327922.0000
2026-06-01,2026,6,Antioquia,10,Aseo del hogar,0,146.3214,24.3000,6.1411,19.1900,46647.1828,17.8000,5.8412,18.7800,38455.8965,0,192725.0000,327922.0000
2026-06-01,2026,6,Antioquia,11,Informatica y telecomunicaciones,0,261.6343,24.3000,6.1411,19.1900,46647.1828,17.8000,5.8412,18.7800,38455.8965,0,192725.0000,327922.0000
2026-06-01,2026,6,Antioquia,12,Sonido y video,0,289.2206,24.3000,6.1411,19.1900,46647.1828,17.8000,5.8412,18.7800,38455.8965,0,192725.0000,327922.0000
2026-06-01,2026,6,Antioquia,14,"Ferreteria, vidrios y pinturas",0,127.4552,24.3000,6.1411,19.1900,46647.1828,17.8000,5.8412,18.7800,38455.8965,0,192725.0000,327922.0000
2026-06-01,2026,6,Antioquia,15,Otras mercancias de uso domestico,0,141.7714,24.3000,6.1411,19.1900,46647.1828,17.8000,5.8412,18.7800,38455.8965,0,192725.0000,327922.0000
2026-06-01,2026,6,Atlantico,4,Prendas de vestir y textiles,0,84.2494,24.3000,6.1411,19.1900,46647.1828,17.8000,5.8412,18.7800,38455.8965,0,49621.0000,62836.0000
2026-06-01,2026,6,Atlantico,8,Electrodomesticos y muebles,1,140.0696,24.3000,6.1411,19.1900,46647.1828,17.8000,5.8412,18.7800,38455.8965,0,49621.0000,62836.0000
2026-06-01,2026,6,Atlantico,9,Articulos y utensilios domesticos,0,109.5559,24.3000,6.1411,19.1900,46647.1828,17.8000,5.8412,18.7800,38455.8965,0,49621.0000,62836.0000
2026-06-01,2026,6,Atlantico,10,Aseo del hogar,0,116.0234,24.3000,6.1411,19.1900,46647.1828,17.8000,5.8412,18.7800,38455.8965,0,49621.0000,62836.0000
2026-06-01,2026,6,Atlantico,11,Informatica y telecomunicaciones,0,219.0315,24.3000,6.1411,19.1900,46647.1828,17.8000,5.8412,18.7800,38455.8965,0,49621.0000,62836.0000
2026-06-01,2026,6,Atlantico,12,Sonido y video,0,263.8486,24.3000,6.1411,19.1900,46647.1828,17.8000,5.8412,18.7800,38455.8965,0,49621.0000,62836.0000
2026-06-01,2026,6,Atlantico,14,"Ferreteria, vidrios y pinturas",0,94.8406,24.3000,6.1411,19.1900,46647.1828,17.8000,5.8412,18.7800,38455.8965,0,49621.0000,62836.0000
2026-06-01,2026,6,Atlantico,15,Otras mercancias de uso domestico,0,114.5134,24.3000,6.1411,19.1900,46647.1828,17.8000,5.8412,18.7800,38455.8965,0,49621.0000,62836.0000
2026-06-01,2026,6,Bogota,4,Prendas de vestir y textiles,0,130.7762,24.3000,6.1411,19.1900,46647.1828,17.8000,5.8412,18.7800,38455.8965,0,302542.0000,246865.0000
2026-06-01,2026,6,Bogota,8,Electrodomesticos y muebles,1,183.9841,24.3000,6.1411,19.1900,46647.1828,17.8000,5.8412,18.7800,38455.8965,0,302542.0000,246865.0000
2026-06-01,2026,6,Bogota,9,Articulos y utensilios domesticos,0,195.1098,24.3000,6.1411,19.1900,46647.1828,17.8000,5.8412,18.7800,38455.8965,0,302542.0000,246865.0000
2026-06-01,2026,6,Bogota,10,Aseo del hogar,0,166.8872,24.3000,6.1411,19.1900,46647.1828,17.8000,5.8412,18.7800,38455.8965,0,302542.0000,246865.0000
2026-06-01,2026,6,Bogota,11,Informatica y telecomunicaciones,0,279.7909,24.3000,6.1411,19.1900,46647.1828,17.8000,5.8412,18.7800,38455.8965,0,302542.0000,246865.0000
2026-06-01,2026,6,Bogota,12,Sonido y video,0,314.1376,24.3000,6.1411,19.1900,46647.1828,17.8000,5.8412,18.7800,38455.8965,0,302542.0000,246865.0000
2026-06-01,2026,6,Bogota,14,"Ferreteria, vidrios y pinturas",0,126.8603,24.3000,6.1411,19.1900,46647.1828,17.8000,5.8412,18.7800,38455.8965,0,302542.0000,246865.0000
2026-06-01,2026,6,Bogota,15,Otras mercancias de uso domestico,0,118.7929,24.3000,6.1411,19.1900,46647.1828,17.8000,5.8412,18.7800,38455.8965,0,302542.0000,246865.0000
2026-06-01,2026,6,Cundinamarca,4,Prendas de vestir y textiles,0,147.7234,24.3000,6.1411,19.1900,46647.1828,17.8000,5.8412,18.7800,38455.8965,0,105327.0000,191006.0000
2026-06-01,2026,6,Cundinamarca,8,Electrodomesticos y muebles,1,216.6279,24.3000,6.1411,19.1900,46647.1828,17.8000,5.8412,18.7800,38455.8965,0,105327.0000,191006.0000
2026-06-01,2026,6,Cundinamarca,9,Articulos y utensilios domesticos,0,205.6533,24.3000,6.1411,19.1900,46647.1828,17.8000,5.8412,18.7800,38455.8965,0,105327.0000,191006.0000
2026-06-01,2026,6,Cundinamarca,10,Aseo del hogar,0,194.7926,24.3000,6.1411,19.1900,46647.1828,17.8000,5.8412,18.7800,38455.8965,0,105327.0000,191006.0000
2026-06-01,2026,6,Cundinamarca,11,Informatica y telecomunicaciones,0,361.2377,24.3000,6.1411,19.1900,46647.1828,17.8000,5.8412,18.7800,38455.8965,0,105327.0000,191006.0000
2026-06-01,2026,6,Cundinamarca,12,Sonido y video,0,458.0010,24.3000,6.1411,19.1900,46647.1828,17.8000,5.8412,18.7800,38455.8965,0,105327.0000,191006.0000
2026-06-01,2026,6,Cundinamarca,14,"Ferreteria, vidrios y pinturas",0,189.4082,24.3000,6.1411,19.1900,46647.1828,17.8000,5.8412,18.7800,38455.8965,0,105327.0000,191006.0000
2026-06-01,2026,6,Cundinamarca,15,Otras mercancias de uso domestico,0,175.4604,24.3000,6.1411,19.1900,46647.1828,17.8000,5.8412,18.7800,38455.8965,0,105327.0000,191006.0000
2026-06-01,2026,6,Santander,4,Prendas de vestir y textiles,0,99.1204,24.3000,6.1411,19.1900,46647.1828,17.8000,5.8412,18.7800,38455.8965,0,48749.0000,34126.0000
2026-06-01,2026,6,Santander,8,Electrodomesticos y muebles,1,147.5829,24.3000,6.1411,19.1900,46647.1828,17.8000,5.8412,18.7800,38455.8965,0,48749.0000,34126.0000
2026-06-01,2026,6,Santander,9,Articulos y utensilios domesticos,0,125.4160,24.3000,6.1411,19.1900,46647.1828,17.8000,5.8412,18.7800,38455.8965,0,48749.0000,34126.0000
2026-06-01,2026,6,Santander,10,Aseo del hogar,0,137.6673,24.3000,6.1411,19.1900,46647.1828,17.8000,5.8412,18.7800,38455.8965,0,48749.0000,34126.0000
2026-06-01,2026,6,Santander,11,Informatica y telecomunicaciones,0,288.5655,24.3000,6.1411,19.1900,46647.1828,17.8000,5.8412,18.7800,38455.8965,0,48749.0000,34126.0000
2026-06-01,2026,6,Santander,12,Sonido y video,0,294.1760,24.3000,6.1411,19.1900,46647.1828,17.8000,5.8412,18.7800,38455.8965,0,48749.0000,34126.0000
2026-06-01,2026,6,Santander,14,"Ferreteria, vidrios y pinturas",0,120.9884,24.3000,6.1411,19.1900,46647.1828,17.8000,5.8412,18.7800,38455.8965,0,48749.0000,34126.0000
2026-06-01,2026,6,Santander,15,Otras mercancias de uso domestico,0,133.5245,24.3000,6.1411,19.1900,46647.1828,17.8000,5.8412,18.7800,38455.8965,0,48749.0000,34126.0000
2026-06-01,2026,6,Valle del Cauca,4,Prendas de vestir y textiles,0,80.5523,24.3000,6.1411,19.1900,46647.1828,17.8000,5.8412,18.7800,38455.8965,0,84503.0000,125647.0000
2026-06-01,2026,6,Valle del Cauca,8,Electrodomesticos y muebles,1,143.3800,24.3000,6.1411,19.1900,46647.1828,17.8000,5.8412,18.7800,38455.8965,0,84503.0000,125647.0000
2026-06-01,2026,6,Valle del Cauca,9,Articulos y utensilios domesticos,0,116.1686,24.3000,6.1411,19.1900,46647.1828,17.8000,5.8412,18.7800,38455.8965,0,84503.0000,125647.0000
2026-06-01,2026,6,Valle del Cauca,10,Aseo del hogar,0,129.0003,24.3000,6.1411,19.1900,46647.1828,17.8000,5.8412,18.7800,38455.8965,0,84503.0000,125647.0000
2026-06-01,2026,6,Valle del Cauca,11,Informatica y telecomunicaciones,0,213.9062,24.3000,6.1411,19.1900,46647.1828,17.8000,5.8412,18.7800,38455.8965,0,84503.0000,125647.0000
2026-06-01,2026,6,Valle del Cauca,12,Sonido y video,0,288.8061,24.3000,6.1411,19.1900,46647.1828,17.8000,5.8412,18.7800,38455.8965,0,84503.0000,125647.0000
2026-06-01,2026,6,Valle del Cauca,14,"Ferreteria, vidrios y pinturas",0,95.1009,24.3000,6.1411,19.1900,46647.1828,17.8000,5.8412,18.7800,38455.8965,0,84503.0000,125647.0000
2026-06-01,2026,6,Valle del Cauca,15,Otras mercancias de uso domestico,0,113.7119,24.3000,6.1411,19.1900,46647.1828,17.8000,5.8412,18.7800,38455.8965,0,84503.0000,125647.0000
2026-06-01,2026,6,Otros departamentos,4,Prendas de vestir y textiles,0,121.8087,24.3000,6.1411,19.1900,46647.1828,17.8000,5.8412,18.7800,38455.8965,0,368967.0000,463642.0000
2026-06-01,2026,6,Otros departamentos,8,Electrodomesticos y muebles,1,176.0851,24.3000,6.1411,19.1900,46647.1828,17.8000,5.8412,18.7800,38455.8965,0,368967.0000,463642.0000
2026-06-01,2026,6,Otros departamentos,9,Articulos y utensilios domesticos,0,153.9514,24.3000,6.1411,19.1900,46647.1828,17.8000,5.8412,18.7800,38455.8965,0,368967.0000,463642.0000
2026-06-01,2026,6,Otros departamentos,10,Aseo del hogar,0,146.2242,24.3000,6.1411,19.1900,46647.1828,17.8000,5.8412,18.7800,38455.8965,0,368967.0000,463642.0000
2026-06-01,2026,6,Otros departamentos,11,Informatica y telecomunicaciones,0,317.8305,24.3000,6.1411,19.1900,46647.1828,17.8000,5.8412,18.7800,38455.8965,0,368967.0000,463642.0000
2026-06-01,2026,6,Otros departamentos,12,Sonido y video,0,339.4534,24.3000,6.1411,19.1900,46647.1828,17.8000,5.8412,18.7800,38455.8965,0,368967.0000,463642.0000
2026-06-01,2026,6,Otros departamentos,14,"Ferreteria, vidrios y pinturas",0,111.7173,24.3000,6.1411,19.1900,46647.1828,17.8000,5.8412,18.7800,38455.8965,0,368967.0000,463642.0000
2026-06-01,2026,6,Otros departamentos,15,Otras mercancias de uso domestico,0,141.5362,24.3000,6.1411,19.1900,46647.1828,17.8000,5.8412,18.7800,38455.8965,0,368967.0000,463642.0000
2026-07-01,2026,7,Antioquia,4,Prendas de vestir y textiles,0,90.3531,20.7000,6.0248,19.1900,61858.2972,24.3000,6.1411,19.1900,46647.1828,0,211429.0000,192725.0000
2026-07-01,2026,7,Antioquia,8,Electrodomesticos y muebles,1,179.1468,20.7000,6.0248,19.1900,61858.2972,24.3000,6.1411,19.1900,46647.1828,0,211429.0000,192725.0000
2026-07-01,2026,7,Antioquia,9,Articulos y utensilios domesticos,0,174.5688,20.7000,6.0248,19.1900,61858.2972,24.3000,6.1411,19.1900,46647.1828,0,211429.0000,192725.0000
2026-07-01,2026,7,Antioquia,10,Aseo del hogar,0,156.3277,20.7000,6.0248,19.1900,61858.2972,24.3000,6.1411,19.1900,46647.1828,0,211429.0000,192725.0000
2026-07-01,2026,7,Antioquia,11,Informatica y telecomunicaciones,0,273.4475,20.7000,6.0248,19.1900,61858.2972,24.3000,6.1411,19.1900,46647.1828,0,211429.0000,192725.0000
2026-07-01,2026,7,Antioquia,12,Sonido y video,0,213.9903,20.7000,6.0248,19.1900,61858.2972,24.3000,6.1411,19.1900,46647.1828,0,211429.0000,192725.0000
2026-07-01,2026,7,Antioquia,14,"Ferreteria, vidrios y pinturas",0,124.8069,20.7000,6.0248,19.1900,61858.2972,24.3000,6.1411,19.1900,46647.1828,0,211429.0000,192725.0000
2026-07-01,2026,7,Antioquia,15,Otras mercancias de uso domestico,0,127.7750,20.7000,6.0248,19.1900,61858.2972,24.3000,6.1411,19.1900,46647.1828,0,211429.0000,192725.0000
2026-07-01,2026,7,Atlantico,4,Prendas de vestir y textiles,0,80.8714,20.7000,6.0248,19.1900,61858.2972,24.3000,6.1411,19.1900,46647.1828,0,117438.0000,49621.0000
2026-07-01,2026,7,Atlantico,8,Electrodomesticos y muebles,1,147.4021,20.7000,6.0248,19.1900,61858.2972,24.3000,6.1411,19.1900,46647.1828,0,117438.0000,49621.0000
2026-07-01,2026,7,Atlantico,9,Articulos y utensilios domesticos,0,123.6657,20.7000,6.0248,19.1900,61858.2972,24.3000,6.1411,19.1900,46647.1828,0,117438.0000,49621.0000
2026-07-01,2026,7,Atlantico,10,Aseo del hogar,0,146.8039,20.7000,6.0248,19.1900,61858.2972,24.3000,6.1411,19.1900,46647.1828,0,117438.0000,49621.0000
2026-07-01,2026,7,Atlantico,11,Informatica y telecomunicaciones,0,222.6912,20.7000,6.0248,19.1900,61858.2972,24.3000,6.1411,19.1900,46647.1828,0,117438.0000,49621.0000
2026-07-01,2026,7,Atlantico,12,Sonido y video,0,187.3707,20.7000,6.0248,19.1900,61858.2972,24.3000,6.1411,19.1900,46647.1828,0,117438.0000,49621.0000
2026-07-01,2026,7,Atlantico,14,"Ferreteria, vidrios y pinturas",0,93.9375,20.7000,6.0248,19.1900,61858.2972,24.3000,6.1411,19.1900,46647.1828,0,117438.0000,49621.0000
2026-07-01,2026,7,Atlantico,15,Otras mercancias de uso domestico,0,115.3144,20.7000,6.0248,19.1900,61858.2972,24.3000,6.1411,19.1900,46647.1828,0,117438.0000,49621.0000
2026-07-01,2026,7,Bogota,4,Prendas de vestir y textiles,0,117.8802,20.7000,6.0248,19.1900,61858.2972,24.3000,6.1411,19.1900,46647.1828,0,115597.0000,302542.0000
2026-07-01,2026,7,Bogota,8,Electrodomesticos y muebles,1,202.2682,20.7000,6.0248,19.1900,61858.2972,24.3000,6.1411,19.1900,46647.1828,0,115597.0000,302542.0000
2026-07-01,2026,7,Bogota,9,Articulos y utensilios domesticos,0,193.1248,20.7000,6.0248,19.1900,61858.2972,24.3000,6.1411,19.1900,46647.1828,0,115597.0000,302542.0000
2026-07-01,2026,7,Bogota,10,Aseo del hogar,0,180.3600,20.7000,6.0248,19.1900,61858.2972,24.3000,6.1411,19.1900,46647.1828,0,115597.0000,302542.0000
2026-07-01,2026,7,Bogota,11,Informatica y telecomunicaciones,0,295.9346,20.7000,6.0248,19.1900,61858.2972,24.3000,6.1411,19.1900,46647.1828,0,115597.0000,302542.0000
2026-07-01,2026,7,Bogota,12,Sonido y video,0,222.4821,20.7000,6.0248,19.1900,61858.2972,24.3000,6.1411,19.1900,46647.1828,0,115597.0000,302542.0000
2026-07-01,2026,7,Bogota,14,"Ferreteria, vidrios y pinturas",0,124.7979,20.7000,6.0248,19.1900,61858.2972,24.3000,6.1411,19.1900,46647.1828,0,115597.0000,302542.0000
2026-07-01,2026,7,Bogota,15,Otras mercancias de uso domestico,0,126.3546,20.7000,6.0248,19.1900,61858.2972,24.3000,6.1411,19.1900,46647.1828,0,115597.0000,302542.0000
2026-07-01,2026,7,Cundinamarca,4,Prendas de vestir y textiles,0,132.0330,20.7000,6.0248,19.1900,61858.2972,24.3000,6.1411,19.1900,46647.1828,0,164004.0000,105327.0000
2026-07-01,2026,7,Cundinamarca,8,Electrodomesticos y muebles,1,234.6028,20.7000,6.0248,19.1900,61858.2972,24.3000,6.1411,19.1900,46647.1828,0,164004.0000,105327.0000
2026-07-01,2026,7,Cundinamarca,9,Articulos y utensilios domesticos,0,224.3872,20.7000,6.0248,19.1900,61858.2972,24.3000,6.1411,19.1900,46647.1828,0,164004.0000,105327.0000
2026-07-01,2026,7,Cundinamarca,10,Aseo del hogar,0,193.5958,20.7000,6.0248,19.1900,61858.2972,24.3000,6.1411,19.1900,46647.1828,0,164004.0000,105327.0000
2026-07-01,2026,7,Cundinamarca,11,Informatica y telecomunicaciones,0,384.5382,20.7000,6.0248,19.1900,61858.2972,24.3000,6.1411,19.1900,46647.1828,0,164004.0000,105327.0000
2026-07-01,2026,7,Cundinamarca,12,Sonido y video,0,297.3089,20.7000,6.0248,19.1900,61858.2972,24.3000,6.1411,19.1900,46647.1828,0,164004.0000,105327.0000
2026-07-01,2026,7,Cundinamarca,14,"Ferreteria, vidrios y pinturas",0,177.8035,20.7000,6.0248,19.1900,61858.2972,24.3000,6.1411,19.1900,46647.1828,0,164004.0000,105327.0000
2026-07-01,2026,7,Cundinamarca,15,Otras mercancias de uso domestico,0,171.4942,20.7000,6.0248,19.1900,61858.2972,24.3000,6.1411,19.1900,46647.1828,0,164004.0000,105327.0000
2026-07-01,2026,7,Santander,4,Prendas de vestir y textiles,0,94.4263,20.7000,6.0248,19.1900,61858.2972,24.3000,6.1411,19.1900,46647.1828,0,61373.0000,48749.0000
2026-07-01,2026,7,Santander,8,Electrodomesticos y muebles,1,164.0090,20.7000,6.0248,19.1900,61858.2972,24.3000,6.1411,19.1900,46647.1828,0,61373.0000,48749.0000
2026-07-01,2026,7,Santander,9,Articulos y utensilios domesticos,0,143.6231,20.7000,6.0248,19.1900,61858.2972,24.3000,6.1411,19.1900,46647.1828,0,61373.0000,48749.0000
2026-07-01,2026,7,Santander,10,Aseo del hogar,0,148.8639,20.7000,6.0248,19.1900,61858.2972,24.3000,6.1411,19.1900,46647.1828,0,61373.0000,48749.0000
2026-07-01,2026,7,Santander,11,Informatica y telecomunicaciones,0,269.6801,20.7000,6.0248,19.1900,61858.2972,24.3000,6.1411,19.1900,46647.1828,0,61373.0000,48749.0000
2026-07-01,2026,7,Santander,12,Sonido y video,0,198.5658,20.7000,6.0248,19.1900,61858.2972,24.3000,6.1411,19.1900,46647.1828,0,61373.0000,48749.0000
2026-07-01,2026,7,Santander,14,"Ferreteria, vidrios y pinturas",0,127.7480,20.7000,6.0248,19.1900,61858.2972,24.3000,6.1411,19.1900,46647.1828,0,61373.0000,48749.0000
2026-07-01,2026,7,Santander,15,Otras mercancias de uso domestico,0,112.8557,20.7000,6.0248,19.1900,61858.2972,24.3000,6.1411,19.1900,46647.1828,0,61373.0000,48749.0000
2026-07-01,2026,7,Valle del Cauca,4,Prendas de vestir y textiles,0,76.8575,20.7000,6.0248,19.1900,61858.2972,24.3000,6.1411,19.1900,46647.1828,0,131119.0000,84503.0000
2026-07-01,2026,7,Valle del Cauca,8,Electrodomesticos y muebles,1,149.5875,20.7000,6.0248,19.1900,61858.2972,24.3000,6.1411,19.1900,46647.1828,0,131119.0000,84503.0000
2026-07-01,2026,7,Valle del Cauca,9,Articulos y utensilios domesticos,0,131.7322,20.7000,6.0248,19.1900,61858.2972,24.3000,6.1411,19.1900,46647.1828,0,131119.0000,84503.0000
2026-07-01,2026,7,Valle del Cauca,10,Aseo del hogar,0,123.7454,20.7000,6.0248,19.1900,61858.2972,24.3000,6.1411,19.1900,46647.1828,0,131119.0000,84503.0000
2026-07-01,2026,7,Valle del Cauca,11,Informatica y telecomunicaciones,0,209.9692,20.7000,6.0248,19.1900,61858.2972,24.3000,6.1411,19.1900,46647.1828,0,131119.0000,84503.0000
2026-07-01,2026,7,Valle del Cauca,12,Sonido y video,0,190.5555,20.7000,6.0248,19.1900,61858.2972,24.3000,6.1411,19.1900,46647.1828,0,131119.0000,84503.0000
2026-07-01,2026,7,Valle del Cauca,14,"Ferreteria, vidrios y pinturas",0,103.2628,20.7000,6.0248,19.1900,61858.2972,24.3000,6.1411,19.1900,46647.1828,0,131119.0000,84503.0000
2026-07-01,2026,7,Valle del Cauca,15,Otras mercancias de uso domestico,0,109.7822,20.7000,6.0248,19.1900,61858.2972,24.3000,6.1411,19.1900,46647.1828,0,131119.0000,84503.0000
2026-07-01,2026,7,Otros departamentos,4,Prendas de vestir y textiles,0,104.1956,20.7000,6.0248,19.1900,61858.2972,24.3000,6.1411,19.1900,46647.1828,0,361486.0000,368967.0000
2026-07-01,2026,7,Otros departamentos,8,Electrodomesticos y muebles,1,188.8718,20.7000,6.0248,19.1900,61858.2972,24.3000,6.1411,19.1900,46647.1828,0,361486.0000,368967.0000
2026-07-01,2026,7,Otros departamentos,9,Articulos y utensilios domesticos,0,178.9023,20.7000,6.0248,19.1900,61858.2972,24.3000,6.1411,19.1900,46647.1828,0,361486.0000,368967.0000
2026-07-01,2026,7,Otros departamentos,10,Aseo del hogar,0,151.1940,20.7000,6.0248,19.1900,61858.2972,24.3000,6.1411,19.1900,46647.1828,0,361486.0000,368967.0000
2026-07-01,2026,7,Otros departamentos,11,Informatica y telecomunicaciones,0,304.6241,20.7000,6.0248,19.1900,61858.2972,24.3000,6.1411,19.1900,46647.1828,0,361486.0000,368967.0000
2026-07-01,2026,7,Otros departamentos,12,Sonido y video,0,235.8177,20.7000,6.0248,19.1900,61858.2972,24.3000,6.1411,19.1900,46647.1828,0,361486.0000,368967.0000
2026-07-01,2026,7,Otros departamentos,14,"Ferreteria, vidrios y pinturas",0,117.1336,20.7000,6.0248,19.1900,61858.2972,24.3000,6.1411,19.1900,46647.1828,0,361486.0000,368967.0000
2026-07-01,2026,7,Otros departamentos,15,Otras mercancias de uso domestico,0,159.6743,20.7000,6.0248,19.1900,61858.2972,24.3000,6.1411,19.1900,46647.1828,0,361486.0000,368967.0000
