fecha,anio,mes,departamento,linea_codigo,linea,es_muebles,indice_ventas_real
2019-01-01,2019,1,Antioquia,4,Prendas de vestir y textiles,0,76.3423
2019-01-01,2019,1,Antioquia,8,Electrodomesticos y muebles,1,89.2382
2019-01-01,2019,1,Antioquia,9,Articulos y utensilios domesticos,0,94.5875
2019-01-01,2019,1,Antioquia,10,Aseo del hogar,0,97.1278
2019-01-01,2019,1,Antioquia,11,Informatica y telecomunicaciones,0,75.1965
2019-01-01,2019,1,Antioquia,12,Sonido y video,0,66.9034
2019-01-01,2019,1,Antioquia,14,"Ferreteria, vidrios y pinturas",0,91.1667
2019-01-01,2019,1,Antioquia,15,Otras mercancias de uso domestico,0,84.9250
2019-01-01,2019,1,Atlantico,4,Prendas de vestir y textiles,0,75.5436
2019-01-01,2019,1,Atlantico,8,Electrodomesticos y muebles,1,89.2071
2019-01-01,2019,1,Atlantico,9,Articulos y utensilios domesticos,0,94.4449
2019-01-01,2019,1,Atlantico,10,Aseo del hogar,0,96.4172
2019-01-01,2019,1,Atlantico,11,Informatica y telecomunicaciones,0,77.9727
2019-01-01,2019,1,Atlantico,12,Sonido y video,0,69.9479
2019-01-01,2019,1,Atlantico,14,"Ferreteria, vidrios y pinturas",0,91.4137
2019-01-01,2019,1,Atlantico,15,Otras mercancias de uso domestico,0,83.6649
2019-01-01,2019,1,Bogota,4,Prendas de vestir y textiles,0,72.7728
2019-01-01,2019,1,Bogota,8,Electrodomesticos y muebles,1,85.0948
2019-01-01,2019,1,Bogota,9,Articulos y utensilios domesticos,0,90.2803
2019-01-01,2019,1,Bogota,10,Aseo del hogar,0,90.6542
2019-01-01,2019,1,Bogota,11,Informatica y telecomunicaciones,0,74.1628
2019-01-01,2019,1,Bogota,12,Sonido y video,0,64.4899
2019-01-01,2019,1,Bogota,14,"Ferreteria, vidrios y pinturas",0,88.7140
2019-01-01,2019,1,Bogota,15,Otras mercancias de uso domestico,0,81.1125
2019-01-01,2019,1,Cundinamarca,4,Prendas de vestir y textiles,0,76.4083
2019-01-01,2019,1,Cundinamarca,8,Electrodomesticos y muebles,1,91.8900
2019-01-01,2019,1,Cundinamarca,9,Articulos y utensilios domesticos,0,95.6493
2019-01-01,2019,1,Cundinamarca,10,Aseo del hogar,0,97.5194
2019-01-01,2019,1,Cundinamarca,11,Informatica y telecomunicaciones,0,80.0703
2019-01-01,2019,1,Cundinamarca,12,Sonido y video,0,70.3467
2019-01-01,2019,1,Cundinamarca,14,"Ferreteria, vidrios y pinturas",0,96.3985
2019-01-01,2019,1,Cundinamarca,15,Otras mercancias de uso domestico,0,86.0984
2019-01-01,2019,1,Santander,4,Prendas de vestir y textiles,0,76.6049
2019-01-01,2019,1,Santander,8,Electrodomesticos y muebles,1,91.4329
2019-01-01,2019,1,Santander,9,Articulos y utensilios domesticos,0,96.2172
2019-01-01,2019,1,Santander,10,Aseo del hogar,0,99.4414
2019-01-01,2019,1,Santander,11,Informatica y telecomunicaciones,0,79.5685
2019-01-01,2019,1,Santander,12,Sonido y video,0,68.8729
2019-01-01,2019,1,Santander,14,"Ferreteria, vidrios y pinturas",0,91.2328
2019-01-01,2019,1,Santander,15,Otras mercancias de uso domestico,0,88.3121
2019-01-01,2019,1,Valle del Cauca,4,Prendas de vestir y textiles,0,79.6664
2019-01-01,2019,1,Valle del Cauca,8,Electrodomesticos y muebles,1,95.2802
2019-01-01,2019,1,Valle del Cauca,9,Articulos y utensilios domesticos,0,95.1121
2019-01-01,2019,1,Valle del Cauca,10,Aseo del hogar,0,99.0584
2019-01-01,2019,1,Valle del Cauca,11,Informatica y telecomunicaciones,0,81.0697
2019-01-01,2019,1,Valle del Cauca,12,Sonido y video,0,71.3443
2019-01-01,2019,1,Valle del Cauca,14,"Ferreteria, vidrios y pinturas",0,95.7184
2019-01-01,2019,1,Valle del Cauca,15,Otras mercancias de uso domestico,0,88.8025
2019-01-01,2019,1,Otros departamentos,4,Prendas de vestir y textiles,0,78.6805
2019-01-01,2019,1,Otros departamentos,8,Electrodomesticos y muebles,1,93.3303
2019-01-01,2019,1,Otros departamentos,9,Articulos y utensilios domesticos,0,95.8690
2019-01-01,2019,1,Otros departamentos,10,Aseo del hogar,0,98.7436
2019-01-01,2019,1,Otros departamentos,11,Informatica y telecomunicaciones,0,77.6853
2019-01-01,2019,1,Otros departamentos,12,Sonido y video,0,69.7965
2019-01-01,2019,1,Otros departamentos,14,"Ferreteria, vidrios y pinturas",0,92.1492
2019-01-01,2019,1,Otros departamentos,15,Otras mercancias de uso domestico,0,86.3147
2019-02-01,2019,2,Antioquia,4,Prendas de vestir y textiles,0,62.0979
2019-02-01,2019,2,Antioquia,8,Electrodomesticos y muebles,1,83.2174
2019-02-01,2019,2,Antioquia,9,Articulos y utensilios domesticos,0,81.6544
2019-02-01,2019,2,Antioquia,10,Aseo del hogar,0,89.0859
2019-02-01,2019,2,Antioquia,11,Informatica y telecomunicaciones,0,78.2551
2019-02-01,2019,2,Antioquia,12,Sonido y video,0,75.1156
2019-02-01,2019,2,Antioquia,14,"Ferreteria, vidrios y pinturas",0,86.8462
2019-02-01,2019,2,Antioquia,15,Otras mercancias de uso domestico,0,76.4860
2019-02-01,2019,2,Atlantico,4,Prendas de vestir y textiles,0,64.7378
2019-02-01,2019,2,Atlantico,8,Electrodomesticos y muebles,1,84.9603
2019-02-01,2019,2,Atlantico,9,Articulos y utensilios domesticos,0,84.9469
2019-02-01,2019,2,Atlantico,10,Aseo del hogar,0,89.5205
2019-02-01,2019,2,Atlantico,11,Informatica y telecomunicaciones,0,86.0167
2019-02-01,2019,2,Atlantico,12,Sonido y video,0,79.8531
2019-02-01,2019,2,Atlantico,14,"Ferreteria, vidrios y pinturas",0,87.7866
2019-02-01,2019,2,Atlantico,15,Otras mercancias de uso domestico,0,76.1564
2019-02-01,2019,2,Bogota,4,Prendas de vestir y textiles,0,61.9134
2019-02-01,2019,2,Bogota,8,Electrodomesticos y muebles,1,82.5191
2019-02-01,2019,2,Bogota,9,Articulos y utensilios domesticos,0,83.6573
2019-02-01,2019,2,Bogota,10,Aseo del hogar,0,88.2201
2019-02-01,2019,2,Bogota,11,Informatica y telecomunicaciones,0,82.0905
2019-02-01,2019,2,Bogota,12,Sonido y video,0,76.7799
2019-02-01,2019,2,Bogota,14,"Ferreteria, vidrios y pinturas",0,89.2325
2019-02-01,2019,2,Bogota,15,Otras mercancias de uso domestico,0,76.0419
2019-02-01,2019,2,Cundinamarca,4,Prendas de vestir y textiles,0,62.7942
2019-02-01,2019,2,Cundinamarca,8,Electrodomesticos y muebles,1,81.7312
2019-02-01,2019,2,Cundinamarca,9,Articulos y utensilios domesticos,0,82.7776
2019-02-01,2019,2,Cundinamarca,10,Aseo del hogar,0,87.2986
2019-02-01,2019,2,Cundinamarca,11,Informatica y telecomunicaciones,0,81.8073
2019-02-01,2019,2,Cundinamarca,12,Sonido y video,0,78.3519
2019-02-01,2019,2,Cundinamarca,14,"Ferreteria, vidrios y pinturas",0,88.8034
2019-02-01,2019,2,Cundinamarca,15,Otras mercancias de uso domestico,0,76.3312
2019-02-01,2019,2,Santander,4,Prendas de vestir y textiles,0,67.4001
2019-02-01,2019,2,Santander,8,Electrodomesticos y muebles,1,88.8580
2019-02-01,2019,2,Santander,9,Articulos y utensilios domesticos,0,90.4706
2019-02-01,2019,2,Santander,10,Aseo del hogar,0,95.0533
2019-02-01,2019,2,Santander,11,Informatica y telecomunicaciones,0,88.3950
2019-02-01,2019,2,Santander,12,Sonido y video,0,82.1297
2019-02-01,2019,2,Santander,14,"Ferreteria, vidrios y pinturas",0,90.2653
2019-02-01,2019,2,Santander,15,Otras mercancias de uso domestico,0,81.1112
2019-02-01,2019,2,Valle del Cauca,4,Prendas de vestir y textiles,0,65.9081
2019-02-01,2019,2,Valle del Cauca,8,Electrodomesticos y muebles,1,87.4990
2019-02-01,2019,2,Valle del Cauca,9,Articulos y utensilios domesticos,0,87.9530
2019-02-01,2019,2,Valle del Cauca,10,Aseo del hogar,0,92.0349
2019-02-01,2019,2,Valle del Cauca,11,Informatica y telecomunicaciones,0,87.9448
2019-02-01,2019,2,Valle del Cauca,12,Sonido y video,0,84.3077
2019-02-01,2019,2,Valle del Cauca,14,"Ferreteria, vidrios y pinturas",0,93.2987
2019-02-01,2019,2,Valle del Cauca,15,Otras mercancias de uso domestico,0,82.8519
2019-02-01,2019,2,Otros departamentos,4,Prendas de vestir y textiles,0,65.0521
2019-02-01,2019,2,Otros departamentos,8,Electrodomesticos y muebles,1,86.4929
2019-02-01,2019,2,Otros departamentos,9,Articulos y utensilios domesticos,0,85.4673
2019-02-01,2019,2,Otros departamentos,10,Aseo del hogar,0,91.6057
2019-02-01,2019,2,Otros departamentos,11,Informatica y telecomunicaciones,0,86.3831
2019-02-01,2019,2,Otros departamentos,12,Sonido y video,0,78.3402
2019-02-01,2019,2,Otros departamentos,14,"Ferreteria, vidrios y pinturas",0,91.2705
2019-02-01,2019,2,Otros departamentos,15,Otras mercancias de uso domestico,0,79.8525
2019-03-01,2019,3,Antioquia,4,Prendas de vestir y textiles,0,78.0355
2019-03-01,2019,3,Antioquia,8,Electrodomesticos y muebles,1,98.8998
2019-03-01,2019,3,Antioquia,9,Articulos y utensilios domesticos,0,98.2036
2019-03-01,2019,3,Antioquia,10,Aseo del hogar,0,104.5222
2019-03-01,2019,3,Antioquia,11,Informatica y telecomunicaciones,0,93.9490
2019-03-01,2019,3,Antioquia,12,Sonido y video,0,95.5072
2019-03-01,2019,3,Antioquia,14,"Ferreteria, vidrios y pinturas",0,101.8934
2019-03-01,2019,3,Antioquia,15,Otras mercancias de uso domestico,0,89.4784
2019-03-01,2019,3,Atlantico,4,Prendas de vestir y textiles,0,72.9688
2019-03-01,2019,3,Atlantico,8,Electrodomesticos y muebles,1,94.3779
2019-03-01,2019,3,Atlantico,9,Articulos y utensilios domesticos,0,92.5625
2019-03-01,2019,3,Atlantico,10,Aseo del hogar,0,99.2156
2019-03-01,2019,3,Atlantico,11,Informatica y telecomunicaciones,0,92.1935
2019-03-01,2019,3,Atlantico,12,Sonido y video,0,91.4704
2019-03-01,2019,3,Atlantico,14,"Ferreteria, vidrios y pinturas",0,93.9658
2019-03-01,2019,3,Atlantico,15,Otras mercancias de uso domestico,0,80.7189
2019-03-01,2019,3,Bogota,4,Prendas de vestir y textiles,0,76.7379
2019-03-01,2019,3,Bogota,8,Electrodomesticos y muebles,1,97.8180
2019-03-01,2019,3,Bogota,9,Articulos y utensilios domesticos,0,97.5083
2019-03-01,2019,3,Bogota,10,Aseo del hogar,0,101.0617
2019-03-01,2019,3,Bogota,11,Informatica y telecomunicaciones,0,95.9327
2019-03-01,2019,3,Bogota,12,Sonido y video,0,95.0299
2019-03-01,2019,3,Bogota,14,"Ferreteria, vidrios y pinturas",0,97.2004
2019-03-01,2019,3,Bogota,15,Otras mercancias de uso domestico,0,86.8194
2019-03-01,2019,3,Cundinamarca,4,Prendas de vestir y textiles,0,78.6151
2019-03-01,2019,3,Cundinamarca,8,Electrodomesticos y muebles,1,100.0859
2019-03-01,2019,3,Cundinamarca,9,Articulos y utensilios domesticos,0,100.7075
2019-03-01,2019,3,Cundinamarca,10,Aseo del hogar,0,107.6107
2019-03-01,2019,3,Cundinamarca,11,Informatica y telecomunicaciones,0,95.4386
2019-03-01,2019,3,Cundinamarca,12,Sonido y video,0,95.0607
2019-03-01,2019,3,Cundinamarca,14,"Ferreteria, vidrios y pinturas",0,95.9421
2019-03-01,2019,3,Cundinamarca,15,Otras mercancias de uso domestico,0,88.8618
2019-03-01,2019,3,Santander,4,Prendas de vestir y textiles,0,77.6574
2019-03-01,2019,3,Santander,8,Electrodomesticos y muebles,1,99.4277
2019-03-01,2019,3,Santander,9,Articulos y utensilios domesticos,0,98.2087
2019-03-01,2019,3,Santander,10,Aseo del hogar,0,103.9597
2019-03-01,2019,3,Santander,11,Informatica y telecomunicaciones,0,97.3851
2019-03-01,2019,3,Santander,12,Sonido y video,0,96.0059
2019-03-01,2019,3,Santander,14,"Ferreteria, vidrios y pinturas",0,96.3908
2019-03-01,2019,3,Santander,15,Otras mercancias de uso domestico,0,87.0051
2019-03-01,2019,3,Valle del Cauca,4,Prendas de vestir y textiles,0,73.5623
2019-03-01,2019,3,Valle del Cauca,8,Electrodomesticos y muebles,1,95.7836
2019-03-01,2019,3,Valle del Cauca,9,Articulos y utensilios domesticos,0,94.8349
2019-03-01,2019,3,Valle del Cauca,10,Aseo del hogar,0,102.3322
2019-03-01,2019,3,Valle del Cauca,11,Informatica y telecomunicaciones,0,93.1007
2019-03-01,2019,3,Valle del Cauca,12,Sonido y video,0,96.1942
2019-03-01,2019,3,Valle del Cauca,14,"Ferreteria, vidrios y pinturas",0,95.1863
2019-03-01,2019,3,Valle del Cauca,15,Otras mercancias de uso domestico,0,85.5724
2019-03-01,2019,3,Otros departamentos,4,Prendas de vestir y textiles,0,73.9869
2019-03-01,2019,3,Otros departamentos,8,Electrodomesticos y muebles,1,94.9716
2019-03-01,2019,3,Otros departamentos,9,Articulos y utensilios domesticos,0,96.7472
2019-03-01,2019,3,Otros departamentos,10,Aseo del hogar,0,98.1247
2019-03-01,2019,3,Otros departamentos,11,Informatica y telecomunicaciones,0,93.3645
2019-03-01,2019,3,Otros departamentos,12,Sonido y video,0,89.5144
2019-03-01,2019,3,Otros departamentos,14,"Ferreteria, vidrios y pinturas",0,96.3311
2019-03-01,2019,3,Otros departamentos,15,Otras mercancias de uso domestico,0,86.0221
2019-04-01,2019,4,Antioquia,4,Prendas de vestir y textiles,0,71.5576
2019-04-01,2019,4,Antioquia,8,Electrodomesticos y muebles,1,86.1287
2019-04-01,2019,4,Antioquia,9,Articulos y utensilios domesticos,0,83.3125
2019-04-01,2019,4,Antioquia,10,Aseo del hogar,0,95.6762
2019-04-01,2019,4,Antioquia,11,Informatica y telecomunicaciones,0,81.0528
2019-04-01,2019,4,Antioquia,12,Sonido y video,0,79.2548
2019-04-01,2019,4,Antioquia,14,"Ferreteria, vidrios y pinturas",0,91.7642
2019-04-01,2019,4,Antioquia,15,Otras mercancias de uso domestico,0,87.2965
2019-04-01,2019,4,Atlantico,4,Prendas de vestir y textiles,0,75.3133
2019-04-01,2019,4,Atlantico,8,Electrodomesticos y muebles,1,89.5356
2019-04-01,2019,4,Atlantico,9,Articulos y utensilios domesticos,0,86.4308
2019-04-01,2019,4,Atlantico,10,Aseo del hogar,0,98.5737
2019-04-01,2019,4,Atlantico,11,Informatica y telecomunicaciones,0,87.8491
2019-04-01,2019,4,Atlantico,12,Sonido y video,0,84.2289
2019-04-01,2019,4,Atlantico,14,"Ferreteria, vidrios y pinturas",0,94.4584
2019-04-01,2019,4,Atlantico,15,Otras mercancias de uso domestico,0,88.7743
2019-04-01,2019,4,Bogota,4,Prendas de vestir y textiles,0,66.8888
2019-04-01,2019,4,Bogota,8,Electrodomesticos y muebles,1,82.0798
2019-04-01,2019,4,Bogota,9,Articulos y utensilios domesticos,0,78.6469
2019-04-01,2019,4,Bogota,10,Aseo del hogar,0,85.3930
2019-04-01,2019,4,Bogota,11,Informatica y telecomunicaciones,0,75.6601
2019-04-01,2019,4,Bogota,12,Sonido y video,0,77.3941
2019-04-01,2019,4,Bogota,14,"Ferreteria, vidrios y pinturas",0,87.5475
2019-04-01,2019,4,Bogota,15,Otras mercancias de uso domestico,0,79.7423
2019-04-01,2019,4,Cundinamarca,4,Prendas de vestir y textiles,0,71.3252
2019-04-01,2019,4,Cundinamarca,8,Electrodomesticos y muebles,1,88.4966
2019-04-01,2019,4,Cundinamarca,9,Articulos y utensilios domesticos,0,83.6300
2019-04-01,2019,4,Cundinamarca,10,Aseo del hogar,0,94.9093
2019-04-01,2019,4,Cundinamarca,11,Informatica y telecomunicaciones,0,82.9340
2019-04-01,2019,4,Cundinamarca,12,Sonido y video,0,79.7650
2019-04-01,2019,4,Cundinamarca,14,"Ferreteria, vidrios y pinturas",0,89.9642
2019-04-01,2019,4,Cundinamarca,15,Otras mercancias de uso domestico,0,86.1179
2019-04-01,2019,4,Santander,4,Prendas de vestir y textiles,0,74.3507
2019-04-01,2019,4,Santander,8,Electrodomesticos y muebles,1,91.4238
2019-04-01,2019,4,Santander,9,Articulos y utensilios domesticos,0,87.1694
2019-04-01,2019,4,Santander,10,Aseo del hogar,0,98.9085
2019-04-01,2019,4,Santander,11,Informatica y telecomunicaciones,0,83.4650
2019-04-01,2019,4,Santander,12,Sonido y video,0,83.7571
2019-04-01,2019,4,Santander,14,"Ferreteria, vidrios y pinturas",0,92.4036
2019-04-01,2019,4,Santander,15,Otras mercancias de uso domestico,0,86.7931
2019-04-01,2019,4,Valle del Cauca,4,Prendas de vestir y textiles,0,66.9089
2019-04-01,2019,4,Valle del Cauca,8,Electrodomesticos y muebles,1,82.4121
2019-04-01,2019,4,Valle del Cauca,9,Articulos y utensilios domesticos,0,81.9886
2019-04-01,2019,4,Valle del Cauca,10,Aseo del hogar,0,89.9900
2019-04-01,2019,4,Valle del Cauca,11,Informatica y telecomunicaciones,0,79.6165
2019-04-01,2019,4,Valle del Cauca,12,Sonido y video,0,78.9350
2019-04-01,2019,4,Valle del Cauca,14,"Ferreteria, vidrios y pinturas",0,87.6512
2019-04-01,2019,4,Valle del Cauca,15,Otras mercancias de uso domestico,0,84.4032
2019-04-01,2019,4,Otros departamentos,4,Prendas de vestir y textiles,0,72.7070
2019-04-01,2019,4,Otros departamentos,8,Electrodomesticos y muebles,1,89.1536
2019-04-01,2019,4,Otros departamentos,9,Articulos y utensilios domesticos,0,86.3512
2019-04-01,2019,4,Otros departamentos,10,Aseo del hogar,0,93.8395
2019-04-01,2019,4,Otros departamentos,11,Informatica y telecomunicaciones,0,84.0859
2019-04-01,2019,4,Otros departamentos,12,Sonido y video,0,80.9686
2019-04-01,2019,4,Otros departamentos,14,"Ferreteria, vidrios y pinturas",0,94.2168
2019-04-01,2019,4,Otros departamentos,15,Otras mercancias de uso domestico,0,86.6908
2019-05-01,2019,5,Antioquia,4,Prendas de vestir y textiles,0,84.6460
2019-05-01,2019,5,Antioquia,8,Electrodomesticos y muebles,1,96.5355
2019-05-01,2019,5,Antioquia,9,Articulos y utensilios domesticos,0,89.1679
2019-05-01,2019,5,Antioquia,10,Aseo del hogar,0,101.1439
2019-05-01,2019,5,Antioquia,11,Informatica y telecomunicaciones,0,90.5045
2019-05-01,2019,5,Antioquia,12,Sonido y video,0,94.8629
2019-05-01,2019,5,Antioquia,14,"Ferreteria, vidrios y pinturas",0,96.6416
2019-05-01,2019,5,Antioquia,15,Otras mercancias de uso domestico,0,90.4438
2019-05-01,2019,5,Atlantico,4,Prendas de vestir y textiles,0,86.1711
2019-05-01,2019,5,Atlantico,8,Electrodomesticos y muebles,1,98.7303
2019-05-01,2019,5,Atlantico,9,Articulos y utensilios domesticos,0,85.1306
2019-05-01,2019,5,Atlantico,10,Aseo del hogar,0,97.2721
2019-05-01,2019,5,Atlantico,11,Informatica y telecomunicaciones,0,91.5211
2019-05-01,2019,5,Atlantico,12,Sonido y video,0,96.9808
2019-05-01,2019,5,Atlantico,14,"Ferreteria, vidrios y pinturas",0,97.3537
2019-05-01,2019,5,Atlantico,15,Otras mercancias de uso domestico,0,89.9581
2019-05-01,2019,5,Bogota,4,Prendas de vestir y textiles,0,82.3347
2019-05-01,2019,5,Bogota,8,Electrodomesticos y muebles,1,95.9797
2019-05-01,2019,5,Bogota,9,Articulos y utensilios domesticos,0,82.7493
2019-05-01,2019,5,Bogota,10,Aseo del hogar,0,92.1202
2019-05-01,2019,5,Bogota,11,Informatica y telecomunicaciones,0,93.6988
2019-05-01,2019,5,Bogota,12,Sonido y video,0,94.6753
2019-05-01,2019,5,Bogota,14,"Ferreteria, vidrios y pinturas",0,97.2152
2019-05-01,2019,5,Bogota,15,Otras mercancias de uso domestico,0,91.6100
2019-05-01,2019,5,Cundinamarca,4,Prendas de vestir y textiles,0,89.4039
2019-05-01,2019,5,Cundinamarca,8,Electrodomesticos y muebles,1,97.0660
2019-05-01,2019,5,Cundinamarca,9,Articulos y utensilios domesticos,0,86.3351
2019-05-01,2019,5,Cundinamarca,10,Aseo del hogar,0,99.3606
2019-05-01,2019,5,Cundinamarca,11,Informatica y telecomunicaciones,0,96.7453
2019-05-01,2019,5,Cundinamarca,12,Sonido y video,0,95.2682
2019-05-01,2019,5,Cundinamarca,14,"Ferreteria, vidrios y pinturas",0,98.5159
2019-05-01,2019,5,Cundinamarca,15,Otras mercancias de uso domestico,0,92.7647
2019-05-01,2019,5,Santander,4,Prendas de vestir y textiles,0,87.5176
2019-05-01,2019,5,Santander,8,Electrodomesticos y muebles,1,99.5758
2019-05-01,2019,5,Santander,9,Articulos y utensilios domesticos,0,88.2465
2019-05-01,2019,5,Santander,10,Aseo del hogar,0,98.4286
2019-05-01,2019,5,Santander,11,Informatica y telecomunicaciones,0,93.4771
2019-05-01,2019,5,Santander,12,Sonido y video,0,98.5733
2019-05-01,2019,5,Santander,14,"Ferreteria, vidrios y pinturas",0,100.2018
2019-05-01,2019,5,Santander,15,Otras mercancias de uso domestico,0,90.6228
2019-05-01,2019,5,Valle del Cauca,4,Prendas de vestir y textiles,0,83.1935
2019-05-01,2019,5,Valle del Cauca,8,Electrodomesticos y muebles,1,96.8239
2019-05-01,2019,5,Valle del Cauca,9,Articulos y utensilios domesticos,0,86.4888
2019-05-01,2019,5,Valle del Cauca,10,Aseo del hogar,0,96.7642
2019-05-01,2019,5,Valle del Cauca,11,Informatica y telecomunicaciones,0,92.3949
2019-05-01,2019,5,Valle del Cauca,12,Sonido y video,0,96.6894
2019-05-01,2019,5,Valle del Cauca,14,"Ferreteria, vidrios y pinturas",0,96.7628
2019-05-01,2019,5,Valle del Cauca,15,Otras mercancias de uso domestico,0,91.4616
2019-05-01,2019,5,Otros departamentos,4,Prendas de vestir y textiles,0,85.7697
2019-05-01,2019,5,Otros departamentos,8,Electrodomesticos y muebles,1,102.2164
2019-05-01,2019,5,Otros departamentos,9,Articulos y utensilios domesticos,0,90.3365
2019-05-01,2019,5,Otros departamentos,10,Aseo del hogar,0,98.2671
2019-05-01,2019,5,Otros departamentos,11,Informatica y telecomunicaciones,0,93.2717
2019-05-01,2019,5,Otros departamentos,12,Sonido y video,0,95.4593
2019-05-01,2019,5,Otros departamentos,14,"Ferreteria, vidrios y pinturas",0,103.1248
2019-05-01,2019,5,Otros departamentos,15,Otras mercancias de uso domestico,0,91.9127
2019-06-01,2019,6,Antioquia,4,Prendas de vestir y textiles,0,98.8384
2019-06-01,2019,6,Antioquia,8,Electrodomesticos y muebles,1,94.6444
2019-06-01,2019,6,Antioquia,9,Articulos y utensilios domesticos,0,92.4854
2019-06-01,2019,6,Antioquia,10,Aseo del hogar,0,102.6464
2019-06-01,2019,6,Antioquia,11,Informatica y telecomunicaciones,0,86.1234
2019-06-01,2019,6,Antioquia,12,Sonido y video,0,112.2138
2019-06-01,2019,6,Antioquia,14,"Ferreteria, vidrios y pinturas",0,92.1156
2019-06-01,2019,6,Antioquia,15,Otras mercancias de uso domestico,0,92.1644
2019-06-01,2019,6,Atlantico,4,Prendas de vestir y textiles,0,98.0063
2019-06-01,2019,6,Atlantico,8,Electrodomesticos y muebles,1,97.8133
2019-06-01,2019,6,Atlantico,9,Articulos y utensilios domesticos,0,87.6688
2019-06-01,2019,6,Atlantico,10,Aseo del hogar,0,99.1099
2019-06-01,2019,6,Atlantico,11,Informatica y telecomunicaciones,0,89.7458
2019-06-01,2019,6,Atlantico,12,Sonido y video,0,109.2151
2019-06-01,2019,6,Atlantico,14,"Ferreteria, vidrios y pinturas",0,91.1611
2019-06-01,2019,6,Atlantico,15,Otras mercancias de uso domestico,0,91.4247
2019-06-01,2019,6,Bogota,4,Prendas de vestir y textiles,0,99.2119
2019-06-01,2019,6,Bogota,8,Electrodomesticos y muebles,1,98.6870
2019-06-01,2019,6,Bogota,9,Articulos y utensilios domesticos,0,86.7135
2019-06-01,2019,6,Bogota,10,Aseo del hogar,0,99.1393
2019-06-01,2019,6,Bogota,11,Informatica y telecomunicaciones,0,94.1911
2019-06-01,2019,6,Bogota,12,Sonido y video,0,112.7925
2019-06-01,2019,6,Bogota,14,"Ferreteria, vidrios y pinturas",0,95.5382
2019-06-01,2019,6,Bogota,15,Otras mercancias de uso domestico,0,94.4900
2019-06-01,2019,6,Cundinamarca,4,Prendas de vestir y textiles,0,100.4718
2019-06-01,2019,6,Cundinamarca,8,Electrodomesticos y muebles,1,95.2708
2019-06-01,2019,6,Cundinamarca,9,Articulos y utensilios domesticos,0,88.2109
2019-06-01,2019,6,Cundinamarca,10,Aseo del hogar,0,102.1446
2019-06-01,2019,6,Cundinamarca,11,Informatica y telecomunicaciones,0,91.3887
2019-06-01,2019,6,Cundinamarca,12,Sonido y video,0,115.6383
2019-06-01,2019,6,Cundinamarca,14,"Ferreteria, vidrios y pinturas",0,93.8249
2019-06-01,2019,6,Cundinamarca,15,Otras mercancias de uso domestico,0,93.4292
2019-06-01,2019,6,Santander,4,Prendas de vestir y textiles,0,99.4624
2019-06-01,2019,6,Santander,8,Electrodomesticos y muebles,1,96.5174
2019-06-01,2019,6,Santander,9,Articulos y utensilios domesticos,0,88.7019
2019-06-01,2019,6,Santander,10,Aseo del hogar,0,96.4478
2019-06-01,2019,6,Santander,11,Informatica y telecomunicaciones,0,86.4925
2019-06-01,2019,6,Santander,12,Sonido y video,0,110.5941
2019-06-01,2019,6,Santander,14,"Ferreteria, vidrios y pinturas",0,92.0580
2019-06-01,2019,6,Santander,15,Otras mercancias de uso domestico,0,87.4548
2019-06-01,2019,6,Valle del Cauca,4,Prendas de vestir y textiles,0,97.5025
2019-06-01,2019,6,Valle del Cauca,8,Electrodomesticos y muebles,1,96.4207
2019-06-01,2019,6,Valle del Cauca,9,Articulos y utensilios domesticos,0,90.4311
2019-06-01,2019,6,Valle del Cauca,10,Aseo del hogar,0,99.6251
2019-06-01,2019,6,Valle del Cauca,11,Informatica y telecomunicaciones,0,90.6515
2019-06-01,2019,6,Valle del Cauca,12,Sonido y video,0,114.7810
2019-06-01,2019,6,Valle del Cauca,14,"Ferreteria, vidrios y pinturas",0,88.7981
2019-06-01,2019,6,Valle del Cauca,15,Otras mercancias de uso domestico,0,91.8648
2019-06-01,2019,6,Otros departamentos,4,Prendas de vestir y textiles,0,97.3051
2019-06-01,2019,6,Otros departamentos,8,Electrodomesticos y muebles,1,100.1774
2019-06-01,2019,6,Otros departamentos,9,Articulos y utensilios domesticos,0,94.3574
2019-06-01,2019,6,Otros departamentos,10,Aseo del hogar,0,101.4731
2019-06-01,2019,6,Otros departamentos,11,Informatica y telecomunicaciones,0,88.5283
2019-06-01,2019,6,Otros departamentos,12,Sonido y video,0,111.9864
2019-06-01,2019,6,Otros departamentos,14,"Ferreteria, vidrios y pinturas",0,95.6977
2019-06-01,2019,6,Otros departamentos,15,Otras mercancias de uso domestico,0,91.4527
2019-07-01,2019,7,Antioquia,4,Prendas de vestir y textiles,0,92.9326
2019-07-01,2019,7,Antioquia,8,Electrodomesticos y muebles,1,105.2973
2019-07-01,2019,7,Antioquia,9,Articulos y utensilios domesticos,0,104.6589
2019-07-01,2019,7,Antioquia,10,Aseo del hogar,0,107.0034
2019-07-01,2019,7,Antioquia,11,Informatica y telecomunicaciones,0,89.5498
2019-07-01,2019,7,Antioquia,12,Sonido y video,0,98.7536
2019-07-01,2019,7,Antioquia,14,"Ferreteria, vidrios y pinturas",0,106.0926
2019-07-01,2019,7,Antioquia,15,Otras mercancias de uso domestico,0,93.6129
2019-07-01,2019,7,Atlantico,4,Prendas de vestir y textiles,0,94.2217
2019-07-01,2019,7,Atlantico,8,Electrodomesticos y muebles,1,101.5748
2019-07-01,2019,7,Atlantico,9,Articulos y utensilios domesticos,0,96.8269
2019-07-01,2019,7,Atlantico,10,Aseo del hogar,0,102.9032
2019-07-01,2019,7,Atlantico,11,Informatica y telecomunicaciones,0,91.2060
2019-07-01,2019,7,Atlantico,12,Sonido y video,0,97.2585
2019-07-01,2019,7,Atlantico,14,"Ferreteria, vidrios y pinturas",0,104.0690
2019-07-01,2019,7,Atlantico,15,Otras mercancias de uso domestico,0,92.1582
2019-07-01,2019,7,Bogota,4,Prendas de vestir y textiles,0,88.9856
2019-07-01,2019,7,Bogota,8,Electrodomesticos y muebles,1,103.8187
2019-07-01,2019,7,Bogota,9,Articulos y utensilios domesticos,0,95.9077
2019-07-01,2019,7,Bogota,10,Aseo del hogar,0,99.3572
2019-07-01,2019,7,Bogota,11,Informatica y telecomunicaciones,0,93.8470
2019-07-01,2019,7,Bogota,12,Sonido y video,0,94.4343
2019-07-01,2019,7,Bogota,14,"Ferreteria, vidrios y pinturas",0,101.8977
2019-07-01,2019,7,Bogota,15,Otras mercancias de uso domestico,0,89.8257
2019-07-01,2019,7,Cundinamarca,4,Prendas de vestir y textiles,0,90.4038
2019-07-01,2019,7,Cundinamarca,8,Electrodomesticos y muebles,1,101.1059
2019-07-01,2019,7,Cundinamarca,9,Articulos y utensilios domesticos,0,96.9415
2019-07-01,2019,7,Cundinamarca,10,Aseo del hogar,0,99.2382
2019-07-01,2019,7,Cundinamarca,11,Informatica y telecomunicaciones,0,91.7749
2019-07-01,2019,7,Cundinamarca,12,Sonido y video,0,97.8835
2019-07-01,2019,7,Cundinamarca,14,"Ferreteria, vidrios y pinturas",0,101.1469
2019-07-01,2019,7,Cundinamarca,15,Otras mercancias de uso domestico,0,88.3979
2019-07-01,2019,7,Santander,4,Prendas de vestir y textiles,0,93.7585
2019-07-01,2019,7,Santander,8,Electrodomesticos y muebles,1,106.5017
2019-07-01,2019,7,Santander,9,Articulos y utensilios domesticos,0,99.3292
2019-07-01,2019,7,Santander,10,Aseo del hogar,0,103.3485
2019-07-01,2019,7,Santander,11,Informatica y telecomunicaciones,0,93.5809
2019-07-01,2019,7,Santander,12,Sonido y video,0,97.8661
2019-07-01,2019,7,Santander,14,"Ferreteria, vidrios y pinturas",0,105.9267
2019-07-01,2019,7,Santander,15,Otras mercancias de uso domestico,0,92.7042
2019-07-01,2019,7,Valle del Cauca,4,Prendas de vestir y textiles,0,91.7197
2019-07-01,2019,7,Valle del Cauca,8,Electrodomesticos y muebles,1,101.3386
2019-07-01,2019,7,Valle del Cauca,9,Articulos y utensilios domesticos,0,102.7177
2019-07-01,2019,7,Valle del Cauca,10,Aseo del hogar,0,102.0480
2019-07-01,2019,7,Valle del Cauca,11,Informatica y telecomunicaciones,0,94.7742
2019-07-01,2019,7,Valle del Cauca,12,Sonido y video,0,100.4696
2019-07-01,2019,7,Valle del Cauca,14,"Ferreteria, vidrios y pinturas",0,99.7920
2019-07-01,2019,7,Valle del Cauca,15,Otras mercancias de uso domestico,0,89.8496
2019-07-01,2019,7,Otros departamentos,4,Prendas de vestir y textiles,0,88.8622
2019-07-01,2019,7,Otros departamentos,8,Electrodomesticos y muebles,1,104.8630
2019-07-01,2019,7,Otros departamentos,9,Articulos y utensilios domesticos,0,102.5915
2019-07-01,2019,7,Otros departamentos,10,Aseo del hogar,0,103.9682
2019-07-01,2019,7,Otros departamentos,11,Informatica y telecomunicaciones,0,92.9327
2019-07-01,2019,7,Otros departamentos,12,Sonido y video,0,94.0111
2019-07-01,2019,7,Otros departamentos,14,"Ferreteria, vidrios y pinturas",0,102.3669
2019-07-01,2019,7,Otros departamentos,15,Otras mercancias de uso domestico,0,90.7619
2019-08-01,2019,8,Antioquia,4,Prendas de vestir y textiles,0,85.5558
2019-08-01,2019,8,Antioquia,8,Electrodomesticos y muebles,1,110.7093
2019-08-01,2019,8,Antioquia,9,Articulos y utensilios domesticos,0,103.5698
2019-08-01,2019,8,Antioquia,10,Aseo del hogar,0,103.1188
2019-08-01,2019,8,Antioquia,11,Informatica y telecomunicaciones,0,105.8558
2019-08-01,2019,8,Antioquia,12,Sonido y video,0,104.7312
2019-08-01,2019,8,Antioquia,14,"Ferreteria, vidrios y pinturas",0,105.6166
2019-08-01,2019,8,Antioquia,15,Otras mercancias de uso domestico,0,94.8703
2019-08-01,2019,8,Atlantico,4,Prendas de vestir y textiles,0,88.6289
2019-08-01,2019,8,Atlantico,8,Electrodomesticos y muebles,1,110.3282
2019-08-01,2019,8,Atlantico,9,Articulos y utensilios domesticos,0,101.2733
2019-08-01,2019,8,Atlantico,10,Aseo del hogar,0,102.1330
2019-08-01,2019,8,Atlantico,11,Informatica y telecomunicaciones,0,109.0274
2019-08-01,2019,8,Atlantico,12,Sonido y video,0,105.2851
2019-08-01,2019,8,Atlantico,14,"Ferreteria, vidrios y pinturas",0,105.6623
2019-08-01,2019,8,Atlantico,15,Otras mercancias de uso domestico,0,98.4955
2019-08-01,2019,8,Bogota,4,Prendas de vestir y textiles,0,85.6946
2019-08-01,2019,8,Bogota,8,Electrodomesticos y muebles,1,112.4299
2019-08-01,2019,8,Bogota,9,Articulos y utensilios domesticos,0,99.9739
2019-08-01,2019,8,Bogota,10,Aseo del hogar,0,99.8681
2019-08-01,2019,8,Bogota,11,Informatica y telecomunicaciones,0,112.0772
2019-08-01,2019,8,Bogota,12,Sonido y video,0,108.2981
2019-08-01,2019,8,Bogota,14,"Ferreteria, vidrios y pinturas",0,107.1867
2019-08-01,2019,8,Bogota,15,Otras mercancias de uso domestico,0,98.9063
2019-08-01,2019,8,Cundinamarca,4,Prendas de vestir y textiles,0,86.3913
2019-08-01,2019,8,Cundinamarca,8,Electrodomesticos y muebles,1,109.6973
2019-08-01,2019,8,Cundinamarca,9,Articulos y utensilios domesticos,0,97.8313
2019-08-01,2019,8,Cundinamarca,10,Aseo del hogar,0,100.6269
2019-08-01,2019,8,Cundinamarca,11,Informatica y telecomunicaciones,0,106.4220
2019-08-01,2019,8,Cundinamarca,12,Sonido y video,0,102.5465
2019-08-01,2019,8,Cundinamarca,14,"Ferreteria, vidrios y pinturas",0,100.9350
2019-08-01,2019,8,Cundinamarca,15,Otras mercancias de uso domestico,0,90.6495
2019-08-01,2019,8,Santander,4,Prendas de vestir y textiles,0,85.9912
2019-08-01,2019,8,Santander,8,Electrodomesticos y muebles,1,110.7286
2019-08-01,2019,8,Santander,9,Articulos y utensilios domesticos,0,101.1840
2019-08-01,2019,8,Santander,10,Aseo del hogar,0,104.2487
2019-08-01,2019,8,Santander,11,Informatica y telecomunicaciones,0,105.7047
2019-08-01,2019,8,Santander,12,Sonido y video,0,105.1121
2019-08-01,2019,8,Santander,14,"Ferreteria, vidrios y pinturas",0,103.5626
2019-08-01,2019,8,Santander,15,Otras mercancias de uso domestico,0,96.7333
2019-08-01,2019,8,Valle del Cauca,4,Prendas de vestir y textiles,0,89.8383
2019-08-01,2019,8,Valle del Cauca,8,Electrodomesticos y muebles,1,109.7873
2019-08-01,2019,8,Valle del Cauca,9,Articulos y utensilios domesticos,0,108.1920
2019-08-01,2019,8,Valle del Cauca,10,Aseo del hogar,0,104.2522
2019-08-01,2019,8,Valle del Cauca,11,Informatica y telecomunicaciones,0,112.9188
2019-08-01,2019,8,Valle del Cauca,12,Sonido y video,0,109.0955
2019-08-01,2019,8,Valle del Cauca,14,"Ferreteria, vidrios y pinturas",0,105.1519
2019-08-01,2019,8,Valle del Cauca,15,Otras mercancias de uso domestico,0,99.2148
2019-08-01,2019,8,Otros departamentos,4,Prendas de vestir y textiles,0,83.7724
2019-08-01,2019,8,Otros departamentos,8,Electrodomesticos y muebles,1,110.3462
2019-08-01,2019,8,Otros departamentos,9,Articulos y utensilios domesticos,0,101.9131
2019-08-01,2019,8,Otros departamentos,10,Aseo del hogar,0,103.4224
2019-08-01,2019,8,Otros departamentos,11,Informatica y telecomunicaciones,0,106.4810
2019-08-01,2019,8,Otros departamentos,12,Sonido y video,0,99.0730
2019-08-01,2019,8,Otros departamentos,14,"Ferreteria, vidrios y pinturas",0,104.4019
2019-08-01,2019,8,Otros departamentos,15,Otras mercancias de uso domestico,0,93.8043
2019-09-01,2019,9,Antioquia,4,Prendas de vestir y textiles,0,90.2986
2019-09-01,2019,9,Antioquia,8,Electrodomesticos y muebles,1,99.4517
2019-09-01,2019,9,Antioquia,9,Articulos y utensilios domesticos,0,96.2372
2019-09-01,2019,9,Antioquia,10,Aseo del hogar,0,102.4357
2019-09-01,2019,9,Antioquia,11,Informatica y telecomunicaciones,0,92.4628
2019-09-01,2019,9,Antioquia,12,Sonido y video,0,98.2617
2019-09-01,2019,9,Antioquia,14,"Ferreteria, vidrios y pinturas",0,104.2323
2019-09-01,2019,9,Antioquia,15,Otras mercancias de uso domestico,0,93.9523
2019-09-01,2019,9,Atlantico,4,Prendas de vestir y textiles,0,90.5662
2019-09-01,2019,9,Atlantico,8,Electrodomesticos y muebles,1,95.6158
2019-09-01,2019,9,Atlantico,9,Articulos y utensilios domesticos,0,93.9900
2019-09-01,2019,9,Atlantico,10,Aseo del hogar,0,99.4721
2019-09-01,2019,9,Atlantico,11,Informatica y telecomunicaciones,0,90.0824
2019-09-01,2019,9,Atlantico,12,Sonido y video,0,92.4468
2019-09-01,2019,9,Atlantico,14,"Ferreteria, vidrios y pinturas",0,99.7571
2019-09-01,2019,9,Atlantico,15,Otras mercancias de uso domestico,0,91.0998
2019-09-01,2019,9,Bogota,4,Prendas de vestir y textiles,0,86.1605
2019-09-01,2019,9,Bogota,8,Electrodomesticos y muebles,1,97.8349
2019-09-01,2019,9,Bogota,9,Articulos y utensilios domesticos,0,92.8374
2019-09-01,2019,9,Bogota,10,Aseo del hogar,0,101.8255
2019-09-01,2019,9,Bogota,11,Informatica y telecomunicaciones,0,93.2590
2019-09-01,2019,9,Bogota,12,Sonido y video,0,94.3426
2019-09-01,2019,9,Bogota,14,"Ferreteria, vidrios y pinturas",0,104.3507
2019-09-01,2019,9,Bogota,15,Otras mercancias de uso domestico,0,94.3053
2019-09-01,2019,9,Cundinamarca,4,Prendas de vestir y textiles,0,85.2225
2019-09-01,2019,9,Cundinamarca,8,Electrodomesticos y muebles,1,94.6029
2019-09-01,2019,9,Cundinamarca,9,Articulos y utensilios domesticos,0,90.3160
2019-09-01,2019,9,Cundinamarca,10,Aseo del hogar,0,95.7983
2019-09-01,2019,9,Cundinamarca,11,Informatica y telecomunicaciones,0,87.7513
2019-09-01,2019,9,Cundinamarca,12,Sonido y video,0,88.4271
2019-09-01,2019,9,Cundinamarca,14,"Ferreteria, vidrios y pinturas",0,97.2325
2019-09-01,2019,9,Cundinamarca,15,Otras mercancias de uso domestico,0,91.2110
2019-09-01,2019,9,Santander,4,Prendas de vestir y textiles,0,85.8263
2019-09-01,2019,9,Santander,8,Electrodomesticos y muebles,1,97.2219
2019-09-01,2019,9,Santander,9,Articulos y utensilios domesticos,0,91.5438
2019-09-01,2019,9,Santander,10,Aseo del hogar,0,99.4751
2019-09-01,2019,9,Santander,11,Informatica y telecomunicaciones,0,85.9913
2019-09-01,2019,9,Santander,12,Sonido y video,0,91.3115
2019-09-01,2019,9,Santander,14,"Ferreteria, vidrios y pinturas",0,97.6782
2019-09-01,2019,9,Santander,15,Otras mercancias de uso domestico,0,91.7621
2019-09-01,2019,9,Valle del Cauca,4,Prendas de vestir y textiles,0,91.0034
2019-09-01,2019,9,Valle del Cauca,8,Electrodomesticos y muebles,1,100.3935
2019-09-01,2019,9,Valle del Cauca,9,Articulos y utensilios domesticos,0,101.7382
2019-09-01,2019,9,Valle del Cauca,10,Aseo del hogar,0,104.1681
2019-09-01,2019,9,Valle del Cauca,11,Informatica y telecomunicaciones,0,93.6620
2019-09-01,2019,9,Valle del Cauca,12,Sonido y video,0,99.0961
2019-09-01,2019,9,Valle del Cauca,14,"Ferreteria, vidrios y pinturas",0,104.3608
2019-09-01,2019,9,Valle del Cauca,15,Otras mercancias de uso domestico,0,98.6903
2019-09-01,2019,9,Otros departamentos,4,Prendas de vestir y textiles,0,83.1763
2019-09-01,2019,9,Otros departamentos,8,Electrodomesticos y muebles,1,95.9487
2019-09-01,2019,9,Otros departamentos,9,Articulos y utensilios domesticos,0,90.4685
2019-09-01,2019,9,Otros departamentos,10,Aseo del hogar,0,97.4280
2019-09-01,2019,9,Otros departamentos,11,Informatica y telecomunicaciones,0,89.8876
2019-09-01,2019,9,Otros departamentos,12,Sonido y video,0,91.1966
2019-09-01,2019,9,Otros departamentos,14,"Ferreteria, vidrios y pinturas",0,99.9505
2019-09-01,2019,9,Otros departamentos,15,Otras mercancias de uso domestico,0,88.8563
2019-10-01,2019,10,Antioquia,4,Prendas de vestir y textiles,0,88.1438
2019-10-01,2019,10,Antioquia,8,Electrodomesticos y muebles,1,94.0477
2019-10-01,2019,10,Antioquia,9,Articulos y utensilios domesticos,0,107.5616
2019-10-01,2019,10,Antioquia,10,Aseo del hogar,0,100.3797
2019-10-01,2019,10,Antioquia,11,Informatica y telecomunicaciones,0,96.1908
2019-10-01,2019,10,Antioquia,12,Sonido y video,0,94.1870
2019-10-01,2019,10,Antioquia,14,"Ferreteria, vidrios y pinturas",0,104.5395
2019-10-01,2019,10,Antioquia,15,Otras mercancias de uso domestico,0,98.9629
2019-10-01,2019,10,Atlantico,4,Prendas de vestir y textiles,0,94.0175
2019-10-01,2019,10,Atlantico,8,Electrodomesticos y muebles,1,93.8063
2019-10-01,2019,10,Atlantico,9,Articulos y utensilios domesticos,0,104.7446
2019-10-01,2019,10,Atlantico,10,Aseo del hogar,0,99.8443
2019-10-01,2019,10,Atlantico,11,Informatica y telecomunicaciones,0,97.9094
2019-10-01,2019,10,Atlantico,12,Sonido y video,0,90.3723
2019-10-01,2019,10,Atlantico,14,"Ferreteria, vidrios y pinturas",0,107.3706
2019-10-01,2019,10,Atlantico,15,Otras mercancias de uso domestico,0,101.5730
2019-10-01,2019,10,Bogota,4,Prendas de vestir y textiles,0,95.6676
2019-10-01,2019,10,Bogota,8,Electrodomesticos y muebles,1,100.1438
2019-10-01,2019,10,Bogota,9,Articulos y utensilios domesticos,0,111.8631
2019-10-01,2019,10,Bogota,10,Aseo del hogar,0,107.0720
2019-10-01,2019,10,Bogota,11,Informatica y telecomunicaciones,0,107.8821
2019-10-01,2019,10,Bogota,12,Sonido y video,0,97.9528
2019-10-01,2019,10,Bogota,14,"Ferreteria, vidrios y pinturas",0,118.7059
2019-10-01,2019,10,Bogota,15,Otras mercancias de uso domestico,0,107.9861
2019-10-01,2019,10,Cundinamarca,4,Prendas de vestir y textiles,0,88.4193
2019-10-01,2019,10,Cundinamarca,8,Electrodomesticos y muebles,1,93.1131
2019-10-01,2019,10,Cundinamarca,9,Articulos y utensilios domesticos,0,97.6822
2019-10-01,2019,10,Cundinamarca,10,Aseo del hogar,0,93.0392
2019-10-01,2019,10,Cundinamarca,11,Informatica y telecomunicaciones,0,92.1117
2019-10-01,2019,10,Cundinamarca,12,Sonido y video,0,87.1888
2019-10-01,2019,10,Cundinamarca,14,"Ferreteria, vidrios y pinturas",0,98.8941
2019-10-01,2019,10,Cundinamarca,15,Otras mercancias de uso domestico,0,97.3397
2019-10-01,2019,10,Santander,4,Prendas de vestir y textiles,0,89.8960
2019-10-01,2019,10,Santander,8,Electrodomesticos y muebles,1,96.4098
2019-10-01,2019,10,Santander,9,Articulos y utensilios domesticos,0,97.7467
2019-10-01,2019,10,Santander,10,Aseo del hogar,0,97.8240
2019-10-01,2019,10,Santander,11,Informatica y telecomunicaciones,0,91.4797
2019-10-01,2019,10,Santander,12,Sonido y video,0,89.2960
2019-10-01,2019,10,Santander,14,"Ferreteria, vidrios y pinturas",0,104.6778
2019-10-01,2019,10,Santander,15,Otras mercancias de uso domestico,0,98.8726
2019-10-01,2019,10,Valle del Cauca,4,Prendas de vestir y textiles,0,94.7942
2019-10-01,2019,10,Valle del Cauca,8,Electrodomesticos y muebles,1,97.5439
2019-10-01,2019,10,Valle del Cauca,9,Articulos y utensilios domesticos,0,110.0175
2019-10-01,2019,10,Valle del Cauca,10,Aseo del hogar,0,101.5573
2019-10-01,2019,10,Valle del Cauca,11,Informatica y telecomunicaciones,0,101.3950
2019-10-01,2019,10,Valle del Cauca,12,Sonido y video,0,97.3402
2019-10-01,2019,10,Valle del Cauca,14,"Ferreteria, vidrios y pinturas",0,110.6240
2019-10-01,2019,10,Valle del Cauca,15,Otras mercancias de uso domestico,0,105.9135
2019-10-01,2019,10,Otros departamentos,4,Prendas de vestir y textiles,0,88.4803
2019-10-01,2019,10,Otros departamentos,8,Electrodomesticos y muebles,1,96.0122
2019-10-01,2019,10,Otros departamentos,9,Articulos y utensilios domesticos,0,99.6622
2019-10-01,2019,10,Otros departamentos,10,Aseo del hogar,0,96.3460
2019-10-01,2019,10,Otros departamentos,11,Informatica y telecomunicaciones,0,94.3691
2019-10-01,2019,10,Otros departamentos,12,Sonido y video,0,88.0131
2019-10-01,2019,10,Otros departamentos,14,"Ferreteria, vidrios y pinturas",0,102.5542
2019-10-01,2019,10,Otros departamentos,15,Otras mercancias de uso domestico,0,94.8932
2019-11-01,2019,11,Antioquia,4,Prendas de vestir y textiles,0,113.9290
2019-11-01,2019,11,Antioquia,8,Electrodomesticos y muebles,1,112.5202
2019-11-01,2019,11,Antioquia,9,Articulos y utensilios domesticos,0,113.9168
2019-11-01,2019,11,Antioquia,10,Aseo del hogar,0,99.4230
2019-11-01,2019,11,Antioquia,11,Informatica y telecomunicaciones,0,127.8406
2019-11-01,2019,11,Antioquia,12,Sonido y video,0,139.9245
2019-11-01,2019,11,Antioquia,14,"Ferreteria, vidrios y pinturas",0,108.1660
2019-11-01,2019,11,Antioquia,15,Otras mercancias de uso domestico,0,125.9159
2019-11-01,2019,11,Atlantico,4,Prendas de vestir y textiles,0,125.9302
2019-11-01,2019,11,Atlantico,8,Electrodomesticos y muebles,1,118.0123
2019-11-01,2019,11,Atlantico,9,Articulos y utensilios domesticos,0,115.2492
2019-11-01,2019,11,Atlantico,10,Aseo del hogar,0,105.5174
2019-11-01,2019,11,Atlantico,11,Informatica y telecomunicaciones,0,134.6581
2019-11-01,2019,11,Atlantico,12,Sonido y video,0,139.9955
2019-11-01,2019,11,Atlantico,14,"Ferreteria, vidrios y pinturas",0,116.3766
2019-11-01,2019,11,Atlantico,15,Otras mercancias de uso domestico,0,132.9460
2019-11-01,2019,11,Bogota,4,Prendas de vestir y textiles,0,121.6233
2019-11-01,2019,11,Bogota,8,Electrodomesticos y muebles,1,117.8168
2019-11-01,2019,11,Bogota,9,Articulos y utensilios domesticos,0,115.3342
2019-11-01,2019,11,Bogota,10,Aseo del hogar,0,104.5713
2019-11-01,2019,11,Bogota,11,Informatica y telecomunicaciones,0,129.0684
2019-11-01,2019,11,Bogota,12,Sonido y video,0,138.1016
2019-11-01,2019,11,Bogota,14,"Ferreteria, vidrios y pinturas",0,115.7541
2019-11-01,2019,11,Bogota,15,Otras mercancias de uso domestico,0,130.9687
2019-11-01,2019,11,Cundinamarca,4,Prendas de vestir y textiles,0,134.7352
2019-11-01,2019,11,Cundinamarca,8,Electrodomesticos y muebles,1,133.8942
2019-11-01,2019,11,Cundinamarca,9,Articulos y utensilios domesticos,0,122.8936
2019-11-01,2019,11,Cundinamarca,10,Aseo del hogar,0,110.6057
2019-11-01,2019,11,Cundinamarca,11,Informatica y telecomunicaciones,0,143.6602
2019-11-01,2019,11,Cundinamarca,12,Sonido y video,0,157.9105
2019-11-01,2019,11,Cundinamarca,14,"Ferreteria, vidrios y pinturas",0,119.8997
2019-11-01,2019,11,Cundinamarca,15,Otras mercancias de uso domestico,0,147.4404
2019-11-01,2019,11,Santander,4,Prendas de vestir y textiles,0,116.8719
2019-11-01,2019,11,Santander,8,Electrodomesticos y muebles,1,108.8161
2019-11-01,2019,11,Santander,9,Articulos y utensilios domesticos,0,103.5612
2019-11-01,2019,11,Santander,10,Aseo del hogar,0,96.8150
2019-11-01,2019,11,Santander,11,Informatica y telecomunicaciones,0,119.2644
2019-11-01,2019,11,Santander,12,Sonido y video,0,133.4463
2019-11-01,2019,11,Santander,14,"Ferreteria, vidrios y pinturas",0,107.1577
2019-11-01,2019,11,Santander,15,Otras mercancias de uso domestico,0,121.5754
2019-11-01,2019,11,Valle del Cauca,4,Prendas de vestir y textiles,0,117.9502
2019-11-01,2019,11,Valle del Cauca,8,Electrodomesticos y muebles,1,111.2866
2019-11-01,2019,11,Valle del Cauca,9,Articulos y utensilios domesticos,0,115.6135
2019-11-01,2019,11,Valle del Cauca,10,Aseo del hogar,0,98.5196
2019-11-01,2019,11,Valle del Cauca,11,Informatica y telecomunicaciones,0,126.4030
2019-11-01,2019,11,Valle del Cauca,12,Sonido y video,0,139.6801
2019-11-01,2019,11,Valle del Cauca,14,"Ferreteria, vidrios y pinturas",0,111.5014
2019-11-01,2019,11,Valle del Cauca,15,Otras mercancias de uso domestico,0,131.0558
2019-11-01,2019,11,Otros departamentos,4,Prendas de vestir y textiles,0,113.4082
2019-11-01,2019,11,Otros departamentos,8,Electrodomesticos y muebles,1,116.4854
2019-11-01,2019,11,Otros departamentos,9,Articulos y utensilios domesticos,0,108.9953
2019-11-01,2019,11,Otros departamentos,10,Aseo del hogar,0,100.4599
2019-11-01,2019,11,Otros departamentos,11,Informatica y telecomunicaciones,0,124.1015
2019-11-01,2019,11,Otros departamentos,12,Sonido y video,0,136.2792
2019-11-01,2019,11,Otros departamentos,14,"Ferreteria, vidrios y pinturas",0,107.8544
2019-11-01,2019,11,Otros departamentos,15,Otras mercancias de uso domestico,0,123.8800
2019-12-01,2019,12,Antioquia,4,Prendas de vestir y textiles,0,264.4268
2019-12-01,2019,12,Antioquia,8,Electrodomesticos y muebles,1,123.6295
2019-12-01,2019,12,Antioquia,9,Articulos y utensilios domesticos,0,152.6856
2019-12-01,2019,12,Antioquia,10,Aseo del hogar,0,118.4679
2019-12-01,2019,12,Antioquia,11,Informatica y telecomunicaciones,0,167.5952
2019-12-01,2019,12,Antioquia,12,Sonido y video,0,154.6883
2019-12-01,2019,12,Antioquia,14,"Ferreteria, vidrios y pinturas",0,109.2607
2019-12-01,2019,12,Antioquia,15,Otras mercancias de uso domestico,0,174.0395
2019-12-01,2019,12,Atlantico,4,Prendas de vestir y textiles,0,267.4045
2019-12-01,2019,12,Atlantico,8,Electrodomesticos y muebles,1,120.1176
2019-12-01,2019,12,Atlantico,9,Articulos y utensilios domesticos,0,147.4641
2019-12-01,2019,12,Atlantico,10,Aseo del hogar,0,117.2033
2019-12-01,2019,12,Atlantico,11,Informatica y telecomunicaciones,0,163.7130
2019-12-01,2019,12,Atlantico,12,Sonido y video,0,142.2502
2019-12-01,2019,12,Atlantico,14,"Ferreteria, vidrios y pinturas",0,111.5081
2019-12-01,2019,12,Atlantico,15,Otras mercancias de uso domestico,0,180.8328
2019-12-01,2019,12,Bogota,4,Prendas de vestir y textiles,0,259.1461
2019-12-01,2019,12,Bogota,8,Electrodomesticos y muebles,1,117.7489
2019-12-01,2019,12,Bogota,9,Articulos y utensilios domesticos,0,148.2911
2019-12-01,2019,12,Bogota,10,Aseo del hogar,0,113.9382
2019-12-01,2019,12,Bogota,11,Informatica y telecomunicaciones,0,162.3606
2019-12-01,2019,12,Bogota,12,Sonido y video,0,144.5662
2019-12-01,2019,12,Bogota,14,"Ferreteria, vidrios y pinturas",0,109.7175
2019-12-01,2019,12,Bogota,15,Otras mercancias de uso domestico,0,174.1151
2019-12-01,2019,12,Cundinamarca,4,Prendas de vestir y textiles,0,266.9747
2019-12-01,2019,12,Cundinamarca,8,Electrodomesticos y muebles,1,130.7439
2019-12-01,2019,12,Cundinamarca,9,Articulos y utensilios domesticos,0,157.7225
2019-12-01,2019,12,Cundinamarca,10,Aseo del hogar,0,117.0272
2019-12-01,2019,12,Cundinamarca,11,Informatica y telecomunicaciones,0,170.2869
2019-12-01,2019,12,Cundinamarca,12,Sonido y video,0,156.8768
2019-12-01,2019,12,Cundinamarca,14,"Ferreteria, vidrios y pinturas",0,110.5371
2019-12-01,2019,12,Cundinamarca,15,Otras mercancias de uso domestico,0,177.7666
2019-12-01,2019,12,Santander,4,Prendas de vestir y textiles,0,268.3124
2019-12-01,2019,12,Santander,8,Electrodomesticos y muebles,1,120.9248
2019-12-01,2019,12,Santander,9,Articulos y utensilios domesticos,0,151.2090
2019-12-01,2019,12,Santander,10,Aseo del hogar,0,114.5216
2019-12-01,2019,12,Santander,11,Informatica y telecomunicaciones,0,167.6201
2019-12-01,2019,12,Santander,12,Sonido y video,0,148.8402
2019-12-01,2019,12,Santander,14,"Ferreteria, vidrios y pinturas",0,110.0889
2019-12-01,2019,12,Santander,15,Otras mercancias de uso domestico,0,174.3973
2019-12-01,2019,12,Valle del Cauca,4,Prendas de vestir y textiles,0,237.1141
2019-12-01,2019,12,Valle del Cauca,8,Electrodomesticos y muebles,1,110.5135
2019-12-01,2019,12,Valle del Cauca,9,Articulos y utensilios domesticos,0,142.8744
2019-12-01,2019,12,Valle del Cauca,10,Aseo del hogar,0,103.1574
2019-12-01,2019,12,Valle del Cauca,11,Informatica y telecomunicaciones,0,146.9712
2019-12-01,2019,12,Valle del Cauca,12,Sonido y video,0,139.0813
2019-12-01,2019,12,Valle del Cauca,14,"Ferreteria, vidrios y pinturas",0,98.3673
2019-12-01,2019,12,Valle del Cauca,15,Otras mercancias de uso domestico,0,161.2918
2019-12-01,2019,12,Otros departamentos,4,Prendas de vestir y textiles,0,257.6792
2019-12-01,2019,12,Otros departamentos,8,Electrodomesticos y muebles,1,121.0907
2019-12-01,2019,12,Otros departamentos,9,Articulos y utensilios domesticos,0,144.8186
2019-12-01,2019,12,Otros departamentos,10,Aseo del hogar,0,116.1622
2019-12-01,2019,12,Otros departamentos,11,Informatica y telecomunicaciones,0,162.7239
2019-12-01,2019,12,Otros departamentos,12,Sonido y video,0,144.5536
2019-12-01,2019,12,Otros departamentos,14,"Ferreteria, vidrios y pinturas",0,108.8409
2019-12-01,2019,12,Otros departamentos,15,Otras mercancias de uso domestico,0,173.0189
2020-01-01,2020,1,Antioquia,4,Prendas de vestir y textiles,0,84.4997
2020-01-01,2020,1,Antioquia,8,Electrodomesticos y muebles,1,103.0535
2020-01-01,2020,1,Antioquia,9,Articulos y utensilios domesticos,0,105.1302
2020-01-01,2020,1,Antioquia,10,Aseo del hogar,0,110.5852
2020-01-01,2020,1,Antioquia,11,Informatica y telecomunicaciones,0,103.8378
2020-01-01,2020,1,Antioquia,12,Sonido y video,0,88.3014
2020-01-01,2020,1,Antioquia,14,"Ferreteria, vidrios y pinturas",0,96.9807
2020-01-01,2020,1,Antioquia,15,Otras mercancias de uso domestico,0,86.2621
2020-01-01,2020,1,Atlantico,4,Prendas de vestir y textiles,0,88.4618
2020-01-01,2020,1,Atlantico,8,Electrodomesticos y muebles,1,106.0215
2020-01-01,2020,1,Atlantico,9,Articulos y utensilios domesticos,0,105.1713
2020-01-01,2020,1,Atlantico,10,Aseo del hogar,0,109.9505
2020-01-01,2020,1,Atlantico,11,Informatica y telecomunicaciones,0,99.3147
2020-01-01,2020,1,Atlantico,12,Sonido y video,0,83.9890
2020-01-01,2020,1,Atlantico,14,"Ferreteria, vidrios y pinturas",0,100.2625
2020-01-01,2020,1,Atlantico,15,Otras mercancias de uso domestico,0,91.9847
2020-01-01,2020,1,Bogota,4,Prendas de vestir y textiles,0,80.9843
2020-01-01,2020,1,Bogota,8,Electrodomesticos y muebles,1,98.0826
2020-01-01,2020,1,Bogota,9,Articulos y utensilios domesticos,0,98.9742
2020-01-01,2020,1,Bogota,10,Aseo del hogar,0,103.3791
2020-01-01,2020,1,Bogota,11,Informatica y telecomunicaciones,0,96.2002
2020-01-01,2020,1,Bogota,12,Sonido y video,0,78.4867
2020-01-01,2020,1,Bogota,14,"Ferreteria, vidrios y pinturas",0,92.1221
2020-01-01,2020,1,Bogota,15,Otras mercancias de uso domestico,0,82.5441
2020-01-01,2020,1,Cundinamarca,4,Prendas de vestir y textiles,0,91.4340
2020-01-01,2020,1,Cundinamarca,8,Electrodomesticos y muebles,1,118.3077
2020-01-01,2020,1,Cundinamarca,9,Articulos y utensilios domesticos,0,115.0626
2020-01-01,2020,1,Cundinamarca,10,Aseo del hogar,0,120.1158
2020-01-01,2020,1,Cundinamarca,11,Informatica y telecomunicaciones,0,113.3969
2020-01-01,2020,1,Cundinamarca,12,Sonido y video,0,97.2573
2020-01-01,2020,1,Cundinamarca,14,"Ferreteria, vidrios y pinturas",0,105.3832
2020-01-01,2020,1,Cundinamarca,15,Otras mercancias de uso domestico,0,96.6100
2020-01-01,2020,1,Santander,4,Prendas de vestir y textiles,0,85.5969
2020-01-01,2020,1,Santander,8,Electrodomesticos y muebles,1,99.8201
2020-01-01,2020,1,Santander,9,Articulos y utensilios domesticos,0,99.2227
2020-01-01,2020,1,Santander,10,Aseo del hogar,0,106.1386
2020-01-01,2020,1,Santander,11,Informatica y telecomunicaciones,0,97.2410
2020-01-01,2020,1,Santander,12,Sonido y video,0,84.5386
2020-01-01,2020,1,Santander,14,"Ferreteria, vidrios y pinturas",0,94.4963
2020-01-01,2020,1,Santander,15,Otras mercancias de uso domestico,0,85.4951
2020-01-01,2020,1,Valle del Cauca,4,Prendas de vestir y textiles,0,80.0579
2020-01-01,2020,1,Valle del Cauca,8,Electrodomesticos y muebles,1,100.0218
2020-01-01,2020,1,Valle del Cauca,9,Articulos y utensilios domesticos,0,101.0041
2020-01-01,2020,1,Valle del Cauca,10,Aseo del hogar,0,100.9137
2020-01-01,2020,1,Valle del Cauca,11,Informatica y telecomunicaciones,0,91.6025
2020-01-01,2020,1,Valle del Cauca,12,Sonido y video,0,84.5842
2020-01-01,2020,1,Valle del Cauca,14,"Ferreteria, vidrios y pinturas",0,91.4901
2020-01-01,2020,1,Valle del Cauca,15,Otras mercancias de uso domestico,0,82.6503
2020-01-01,2020,1,Otros departamentos,4,Prendas de vestir y textiles,0,83.4512
2020-01-01,2020,1,Otros departamentos,8,Electrodomesticos y muebles,1,105.1152
2020-01-01,2020,1,Otros departamentos,9,Articulos y utensilios domesticos,0,96.2295
2020-01-01,2020,1,Otros departamentos,10,Aseo del hogar,0,105.3827
2020-01-01,2020,1,Otros departamentos,11,Informatica y telecomunicaciones,0,96.0995
2020-01-01,2020,1,Otros departamentos,12,Sonido y video,0,85.6179
2020-01-01,2020,1,Otros departamentos,14,"Ferreteria, vidrios y pinturas",0,95.9340
2020-01-01,2020,1,Otros departamentos,15,Otras mercancias de uso domestico,0,86.6563
2020-02-01,2020,2,Antioquia,4,Prendas de vestir y textiles,0,72.5422
2020-02-01,2020,2,Antioquia,8,Electrodomesticos y muebles,1,102.3724
2020-02-01,2020,2,Antioquia,9,Articulos y utensilios domesticos,0,98.5263
2020-02-01,2020,2,Antioquia,10,Aseo del hogar,0,107.8674
2020-02-01,2020,2,Antioquia,11,Informatica y telecomunicaciones,0,113.3361
2020-02-01,2020,2,Antioquia,12,Sonido y video,0,100.8034
2020-02-01,2020,2,Antioquia,14,"Ferreteria, vidrios y pinturas",0,100.1154
2020-02-01,2020,2,Antioquia,15,Otras mercancias de uso domestico,0,84.1324
2020-02-01,2020,2,Atlantico,4,Prendas de vestir y textiles,0,72.7779
2020-02-01,2020,2,Atlantico,8,Electrodomesticos y muebles,1,101.6505
2020-02-01,2020,2,Atlantico,9,Articulos y utensilios domesticos,0,90.2458
2020-02-01,2020,2,Atlantico,10,Aseo del hogar,0,98.0643
2020-02-01,2020,2,Atlantico,11,Informatica y telecomunicaciones,0,105.2088
2020-02-01,2020,2,Atlantico,12,Sonido y video,0,94.6513
2020-02-01,2020,2,Atlantico,14,"Ferreteria, vidrios y pinturas",0,94.6867
2020-02-01,2020,2,Atlantico,15,Otras mercancias de uso domestico,0,80.1345
2020-02-01,2020,2,Bogota,4,Prendas de vestir y textiles,0,73.9806
2020-02-01,2020,2,Bogota,8,Electrodomesticos y muebles,1,105.3263
2020-02-01,2020,2,Bogota,9,Articulos y utensilios domesticos,0,99.5857
2020-02-01,2020,2,Bogota,10,Aseo del hogar,0,107.0295
2020-02-01,2020,2,Bogota,11,Informatica y telecomunicaciones,0,109.4091
2020-02-01,2020,2,Bogota,12,Sonido y video,0,95.2488
2020-02-01,2020,2,Bogota,14,"Ferreteria, vidrios y pinturas",0,99.1388
2020-02-01,2020,2,Bogota,15,Otras mercancias de uso domestico,0,83.4245
2020-02-01,2020,2,Cundinamarca,4,Prendas de vestir y textiles,0,79.7923
2020-02-01,2020,2,Cundinamarca,8,Electrodomesticos y muebles,1,122.4950
2020-02-01,2020,2,Cundinamarca,9,Articulos y utensilios domesticos,0,111.2549
2020-02-01,2020,2,Cundinamarca,10,Aseo del hogar,0,120.7456
2020-02-01,2020,2,Cundinamarca,11,Informatica y telecomunicaciones,0,122.1951
2020-02-01,2020,2,Cundinamarca,12,Sonido y video,0,113.7217
2020-02-01,2020,2,Cundinamarca,14,"Ferreteria, vidrios y pinturas",0,110.8190
2020-02-01,2020,2,Cundinamarca,15,Otras mercancias de uso domestico,0,94.7132
2020-02-01,2020,2,Santander,4,Prendas de vestir y textiles,0,80.5197
2020-02-01,2020,2,Santander,8,Electrodomesticos y muebles,1,109.5000
2020-02-01,2020,2,Santander,9,Articulos y utensilios domesticos,0,101.3576
2020-02-01,2020,2,Santander,10,Aseo del hogar,0,112.6058
2020-02-01,2020,2,Santander,11,Informatica y telecomunicaciones,0,115.1233
2020-02-01,2020,2,Santander,12,Sonido y video,0,101.4803
2020-02-01,2020,2,Santander,14,"Ferreteria, vidrios y pinturas",0,104.1671
2020-02-01,2020,2,Santander,15,Otras mercancias de uso domestico,0,87.7034
2020-02-01,2020,2,Valle del Cauca,4,Prendas de vestir y textiles,0,71.9235
2020-02-01,2020,2,Valle del Cauca,8,Electrodomesticos y muebles,1,107.9417
2020-02-01,2020,2,Valle del Cauca,9,Articulos y utensilios domesticos,0,100.7727
2020-02-01,2020,2,Valle del Cauca,10,Aseo del hogar,0,107.0048
2020-02-01,2020,2,Valle del Cauca,11,Informatica y telecomunicaciones,0,107.3942
2020-02-01,2020,2,Valle del Cauca,12,Sonido y video,0,103.3425
2020-02-01,2020,2,Valle del Cauca,14,"Ferreteria, vidrios y pinturas",0,98.8067
2020-02-01,2020,2,Valle del Cauca,15,Otras mercancias de uso domestico,0,84.2267
2020-02-01,2020,2,Otros departamentos,4,Prendas de vestir y textiles,0,71.1183
2020-02-01,2020,2,Otros departamentos,8,Electrodomesticos y muebles,1,104.7617
2020-02-01,2020,2,Otros departamentos,9,Articulos y utensilios domesticos,0,91.6491
2020-02-01,2020,2,Otros departamentos,10,Aseo del hogar,0,101.2038
2020-02-01,2020,2,Otros departamentos,11,Informatica y telecomunicaciones,0,105.7642
2020-02-01,2020,2,Otros departamentos,12,Sonido y video,0,97.8371
2020-02-01,2020,2,Otros departamentos,14,"Ferreteria, vidrios y pinturas",0,100.5892
2020-02-01,2020,2,Otros departamentos,15,Otras mercancias de uso domestico,0,84.2532
2020-03-01,2020,3,Antioquia,4,Prendas de vestir y textiles,0,45.2202
2020-03-01,2020,3,Antioquia,8,Electrodomesticos y muebles,1,77.2034
2020-03-01,2020,3,Antioquia,9,Articulos y utensilios domesticos,0,72.8863
2020-03-01,2020,3,Antioquia,10,Aseo del hogar,0,137.6476
2020-03-01,2020,3,Antioquia,11,Informatica y telecomunicaciones,0,89.8280
2020-03-01,2020,3,Antioquia,12,Sonido y video,0,82.0411
2020-03-01,2020,3,Antioquia,14,"Ferreteria, vidrios y pinturas",0,71.9872
2020-03-01,2020,3,Antioquia,15,Otras mercancias de uso domestico,0,78.0666
2020-03-01,2020,3,Atlantico,4,Prendas de vestir y textiles,0,45.6109
2020-03-01,2020,3,Atlantico,8,Electrodomesticos y muebles,1,76.9485
2020-03-01,2020,3,Atlantico,9,Articulos y utensilios domesticos,0,67.0605
2020-03-01,2020,3,Atlantico,10,Aseo del hogar,0,129.9919
2020-03-01,2020,3,Atlantico,11,Informatica y telecomunicaciones,0,88.6911
2020-03-01,2020,3,Atlantico,12,Sonido y video,0,80.4359
2020-03-01,2020,3,Atlantico,14,"Ferreteria, vidrios y pinturas",0,71.5251
2020-03-01,2020,3,Atlantico,15,Otras mercancias de uso domestico,0,77.2957
2020-03-01,2020,3,Bogota,4,Prendas de vestir y textiles,0,44.8754
2020-03-01,2020,3,Bogota,8,Electrodomesticos y muebles,1,76.4365
2020-03-01,2020,3,Bogota,9,Articulos y utensilios domesticos,0,73.2878
2020-03-01,2020,3,Bogota,10,Aseo del hogar,0,137.4970
2020-03-01,2020,3,Bogota,11,Informatica y telecomunicaciones,0,90.8241
2020-03-01,2020,3,Bogota,12,Sonido y video,0,80.4389
2020-03-01,2020,3,Bogota,14,"Ferreteria, vidrios y pinturas",0,71.8584
2020-03-01,2020,3,Bogota,15,Otras mercancias de uso domestico,0,77.2356
2020-03-01,2020,3,Cundinamarca,4,Prendas de vestir y textiles,0,49.9854
2020-03-01,2020,3,Cundinamarca,8,Electrodomesticos y muebles,1,90.1911
2020-03-01,2020,3,Cundinamarca,9,Articulos y utensilios domesticos,0,81.9559
2020-03-01,2020,3,Cundinamarca,10,Aseo del hogar,0,153.6516
2020-03-01,2020,3,Cundinamarca,11,Informatica y telecomunicaciones,0,100.7598
2020-03-01,2020,3,Cundinamarca,12,Sonido y video,0,92.0418
2020-03-01,2020,3,Cundinamarca,14,"Ferreteria, vidrios y pinturas",0,80.4505
2020-03-01,2020,3,Cundinamarca,15,Otras mercancias de uso domestico,0,90.1928
2020-03-01,2020,3,Santander,4,Prendas de vestir y textiles,0,46.2738
2020-03-01,2020,3,Santander,8,Electrodomesticos y muebles,1,77.7734
2020-03-01,2020,3,Santander,9,Articulos y utensilios domesticos,0,71.9961
2020-03-01,2020,3,Santander,10,Aseo del hogar,0,134.6332
2020-03-01,2020,3,Santander,11,Informatica y telecomunicaciones,0,88.5840
2020-03-01,2020,3,Santander,12,Sonido y video,0,81.7531
2020-03-01,2020,3,Santander,14,"Ferreteria, vidrios y pinturas",0,70.8584
2020-03-01,2020,3,Santander,15,Otras mercancias de uso domestico,0,76.3776
2020-03-01,2020,3,Valle del Cauca,4,Prendas de vestir y textiles,0,42.1233
2020-03-01,2020,3,Valle del Cauca,8,Electrodomesticos y muebles,1,76.6218
2020-03-01,2020,3,Valle del Cauca,9,Articulos y utensilios domesticos,0,71.2635
2020-03-01,2020,3,Valle del Cauca,10,Aseo del hogar,0,132.3452
2020-03-01,2020,3,Valle del Cauca,11,Informatica y telecomunicaciones,0,87.0517
2020-03-01,2020,3,Valle del Cauca,12,Sonido y video,0,77.1666
2020-03-01,2020,3,Valle del Cauca,14,"Ferreteria, vidrios y pinturas",0,70.1781
2020-03-01,2020,3,Valle del Cauca,15,Otras mercancias de uso domestico,0,78.8378
2020-03-01,2020,3,Otros departamentos,4,Prendas de vestir y textiles,0,43.2306
2020-03-01,2020,3,Otros departamentos,8,Electrodomesticos y muebles,1,76.3520
2020-03-01,2020,3,Otros departamentos,9,Articulos y utensilios domesticos,0,67.8881
2020-03-01,2020,3,Otros departamentos,10,Aseo del hogar,0,129.0887
2020-03-01,2020,3,Otros departamentos,11,Informatica y telecomunicaciones,0,85.9387
2020-03-01,2020,3,Otros departamentos,12,Sonido y video,0,81.4249
2020-03-01,2020,3,Otros departamentos,14,"Ferreteria, vidrios y pinturas",0,74.1272
2020-03-01,2020,3,Otros departamentos,15,Otras mercancias de uso domestico,0,78.1148
2020-04-01,2020,4,Antioquia,4,Prendas de vestir y textiles,0,8.1631
2020-04-01,2020,4,Antioquia,8,Electrodomesticos y muebles,1,34.9049
2020-04-01,2020,4,Antioquia,9,Articulos y utensilios domesticos,0,35.7549
2020-04-01,2020,4,Antioquia,10,Aseo del hogar,0,83.1697
2020-04-01,2020,4,Antioquia,11,Informatica y telecomunicaciones,0,65.1334
2020-04-01,2020,4,Antioquia,12,Sonido y video,0,40.3832
2020-04-01,2020,4,Antioquia,14,"Ferreteria, vidrios y pinturas",0,22.2799
2020-04-01,2020,4,Antioquia,15,Otras mercancias de uso domestico,0,44.7162
2020-04-01,2020,4,Atlantico,4,Prendas de vestir y textiles,0,6.1938
2020-04-01,2020,4,Atlantico,8,Electrodomesticos y muebles,1,27.8308
2020-04-01,2020,4,Atlantico,9,Articulos y utensilios domesticos,0,25.8787
2020-04-01,2020,4,Atlantico,10,Aseo del hogar,0,62.8512
2020-04-01,2020,4,Atlantico,11,Informatica y telecomunicaciones,0,51.5112
2020-04-01,2020,4,Atlantico,12,Sonido y video,0,31.2423
2020-04-01,2020,4,Atlantico,14,"Ferreteria, vidrios y pinturas",0,16.6762
2020-04-01,2020,4,Atlantico,15,Otras mercancias de uso domestico,0,34.5204
2020-04-01,2020,4,Bogota,4,Prendas de vestir y textiles,0,13.6636
2020-04-01,2020,4,Bogota,8,Electrodomesticos y muebles,1,60.1998
2020-04-01,2020,4,Bogota,9,Articulos y utensilios domesticos,0,58.3077
2020-04-01,2020,4,Bogota,10,Aseo del hogar,0,145.0656
2020-04-01,2020,4,Bogota,11,Informatica y telecomunicaciones,0,111.0573
2020-04-01,2020,4,Bogota,12,Sonido y video,0,66.8504
2020-04-01,2020,4,Bogota,14,"Ferreteria, vidrios y pinturas",0,36.4381
2020-04-01,2020,4,Bogota,15,Otras mercancias de uso domestico,0,75.6744
2020-04-01,2020,4,Cundinamarca,4,Prendas de vestir y textiles,0,9.3575
2020-04-01,2020,4,Cundinamarca,8,Electrodomesticos y muebles,1,43.6702
2020-04-01,2020,4,Cundinamarca,9,Articulos y utensilios domesticos,0,41.0808
2020-04-01,2020,4,Cundinamarca,10,Aseo del hogar,0,99.4722
2020-04-01,2020,4,Cundinamarca,11,Informatica y telecomunicaciones,0,77.6263
2020-04-01,2020,4,Cundinamarca,12,Sonido y video,0,48.3687
2020-04-01,2020,4,Cundinamarca,14,"Ferreteria, vidrios y pinturas",0,25.5847
2020-04-01,2020,4,Cundinamarca,15,Otras mercancias de uso domestico,0,53.2629
2020-04-01,2020,4,Santander,4,Prendas de vestir y textiles,0,9.6347
2020-04-01,2020,4,Santander,8,Electrodomesticos y muebles,1,41.6084
2020-04-01,2020,4,Santander,9,Articulos y utensilios domesticos,0,39.7180
2020-04-01,2020,4,Santander,10,Aseo del hogar,0,94.4977
2020-04-01,2020,4,Santander,11,Informatica y telecomunicaciones,0,76.4470
2020-04-01,2020,4,Santander,12,Sonido y video,0,47.3584
2020-04-01,2020,4,Santander,14,"Ferreteria, vidrios y pinturas",0,24.8413
2020-04-01,2020,4,Santander,15,Otras mercancias de uso domestico,0,51.6230
2020-04-01,2020,4,Valle del Cauca,4,Prendas de vestir y textiles,0,6.9498
2020-04-01,2020,4,Valle del Cauca,8,Electrodomesticos y muebles,1,32.1757
2020-04-01,2020,4,Valle del Cauca,9,Articulos y utensilios domesticos,0,30.7493
2020-04-01,2020,4,Valle del Cauca,10,Aseo del hogar,0,72.8631
2020-04-01,2020,4,Valle del Cauca,11,Informatica y telecomunicaciones,0,57.1991
2020-04-01,2020,4,Valle del Cauca,12,Sonido y video,0,35.4798
2020-04-01,2020,4,Valle del Cauca,14,"Ferreteria, vidrios y pinturas",0,19.4141
2020-04-01,2020,4,Valle del Cauca,15,Otras mercancias de uso domestico,0,40.2150
2020-04-01,2020,4,Otros departamentos,4,Prendas de vestir y textiles,0,8.1328
2020-04-01,2020,4,Otros departamentos,8,Electrodomesticos y muebles,1,37.0374
2020-04-01,2020,4,Otros departamentos,9,Articulos y utensilios domesticos,0,36.1061
2020-04-01,2020,4,Otros departamentos,10,Aseo del hogar,0,87.2451
2020-04-01,2020,4,Otros departamentos,11,Informatica y telecomunicaciones,0,69.0641
2020-04-01,2020,4,Otros departamentos,12,Sonido y video,0,43.9234
2020-04-01,2020,4,Otros departamentos,14,"Ferreteria, vidrios y pinturas",0,23.5517
2020-04-01,2020,4,Otros departamentos,15,Otras mercancias de uso domestico,0,49.2871
2020-05-01,2020,5,Antioquia,4,Prendas de vestir y textiles,0,24.4597
2020-05-01,2020,5,Antioquia,8,Electrodomesticos y muebles,1,87.7268
2020-05-01,2020,5,Antioquia,9,Articulos y utensilios domesticos,0,78.5267
2020-05-01,2020,5,Antioquia,10,Aseo del hogar,0,119.3562
2020-05-01,2020,5,Antioquia,11,Informatica y telecomunicaciones,0,116.9648
2020-05-01,2020,5,Antioquia,12,Sonido y video,0,87.4301
2020-05-01,2020,5,Antioquia,14,"Ferreteria, vidrios y pinturas",0,69.7971
2020-05-01,2020,5,Antioquia,15,Otras mercancias de uso domestico,0,67.9717
2020-05-01,2020,5,Atlantico,4,Prendas de vestir y textiles,0,18.6866
2020-05-01,2020,5,Atlantico,8,Electrodomesticos y muebles,1,72.2882
2020-05-01,2020,5,Atlantico,9,Articulos y utensilios domesticos,0,57.6144
2020-05-01,2020,5,Atlantico,10,Aseo del hogar,0,91.2629
2020-05-01,2020,5,Atlantico,11,Informatica y telecomunicaciones,0,91.0616
2020-05-01,2020,5,Atlantico,12,Sonido y video,0,66.2580
2020-05-01,2020,5,Atlantico,14,"Ferreteria, vidrios y pinturas",0,52.3349
2020-05-01,2020,5,Atlantico,15,Otras mercancias de uso domestico,0,51.4351
2020-05-01,2020,5,Bogota,4,Prendas de vestir y textiles,0,31.3485
2020-05-01,2020,5,Bogota,8,Electrodomesticos y muebles,1,112.6701
2020-05-01,2020,5,Bogota,9,Articulos y utensilios domesticos,0,97.9417
2020-05-01,2020,5,Bogota,10,Aseo del hogar,0,160.5096
2020-05-01,2020,5,Bogota,11,Informatica y telecomunicaciones,0,151.1319
2020-05-01,2020,5,Bogota,12,Sonido y video,0,109.8883
2020-05-01,2020,5,Bogota,14,"Ferreteria, vidrios y pinturas",0,88.6144
2020-05-01,2020,5,Bogota,15,Otras mercancias de uso domestico,0,81.3382
2020-05-01,2020,5,Cundinamarca,4,Prendas de vestir y textiles,0,21.7905
2020-05-01,2020,5,Cundinamarca,8,Electrodomesticos y muebles,1,81.8890
2020-05-01,2020,5,Cundinamarca,9,Articulos y utensilios domesticos,0,69.2543
2020-05-01,2020,5,Cundinamarca,10,Aseo del hogar,0,110.1371
2020-05-01,2020,5,Cundinamarca,11,Informatica y telecomunicaciones,0,105.1145
2020-05-01,2020,5,Cundinamarca,12,Sonido y video,0,81.8073
2020-05-01,2020,5,Cundinamarca,14,"Ferreteria, vidrios y pinturas",0,61.8686
2020-05-01,2020,5,Cundinamarca,15,Otras mercancias de uso domestico,0,60.4629
2020-05-01,2020,5,Santander,4,Prendas de vestir y textiles,0,20.2809
2020-05-01,2020,5,Santander,8,Electrodomesticos y muebles,1,73.7547
2020-05-01,2020,5,Santander,9,Articulos y utensilios domesticos,0,61.8708
2020-05-01,2020,5,Santander,10,Aseo del hogar,0,99.1442
2020-05-01,2020,5,Santander,11,Informatica y telecomunicaciones,0,97.1720
2020-05-01,2020,5,Santander,12,Sonido y video,0,73.4980
2020-05-01,2020,5,Santander,14,"Ferreteria, vidrios y pinturas",0,55.9413
2020-05-01,2020,5,Santander,15,Otras mercancias de uso domestico,0,54.3472
2020-05-01,2020,5,Valle del Cauca,4,Prendas de vestir y textiles,0,19.9102
2020-05-01,2020,5,Valle del Cauca,8,Electrodomesticos y muebles,1,76.4105
2020-05-01,2020,5,Valle del Cauca,9,Articulos y utensilios domesticos,0,65.2797
2020-05-01,2020,5,Valle del Cauca,10,Aseo del hogar,0,103.4935
2020-05-01,2020,5,Valle del Cauca,11,Informatica y telecomunicaciones,0,97.4593
2020-05-01,2020,5,Valle del Cauca,12,Sonido y video,0,73.9998
2020-05-01,2020,5,Valle del Cauca,14,"Ferreteria, vidrios y pinturas",0,58.6474
2020-05-01,2020,5,Valle del Cauca,15,Otras mercancias de uso domestico,0,57.2585
2020-05-01,2020,5,Otros departamentos,4,Prendas de vestir y textiles,0,20.7728
2020-05-01,2020,5,Otros departamentos,8,Electrodomesticos y muebles,1,76.8087
2020-05-01,2020,5,Otros departamentos,9,Articulos y utensilios domesticos,0,66.0505
2020-05-01,2020,5,Otros departamentos,10,Aseo del hogar,0,100.6753
2020-05-01,2020,5,Otros departamentos,11,Informatica y telecomunicaciones,0,101.5272
2020-05-01,2020,5,Otros departamentos,12,Sonido y video,0,72.5770
2020-05-01,2020,5,Otros departamentos,14,"Ferreteria, vidrios y pinturas",0,58.9735
2020-05-01,2020,5,Otros departamentos,15,Otras mercancias de uso domestico,0,59.3057
2020-06-01,2020,6,Antioquia,4,Prendas de vestir y textiles,0,54.0192
2020-06-01,2020,6,Antioquia,8,Electrodomesticos y muebles,1,140.5627
2020-06-01,2020,6,Antioquia,9,Articulos y utensilios domesticos,0,104.8399
2020-06-01,2020,6,Antioquia,10,Aseo del hogar,0,135.0772
2020-06-01,2020,6,Antioquia,11,Informatica y telecomunicaciones,0,156.5313
2020-06-01,2020,6,Antioquia,12,Sonido y video,0,170.4700
2020-06-01,2020,6,Antioquia,14,"Ferreteria, vidrios y pinturas",0,95.6736
2020-06-01,2020,6,Antioquia,15,Otras mercancias de uso domestico,0,86.2048
2020-06-01,2020,6,Atlantico,4,Prendas de vestir y textiles,0,32.8366
2020-06-01,2020,6,Atlantico,8,Electrodomesticos y muebles,1,89.6322
2020-06-01,2020,6,Atlantico,9,Articulos y utensilios domesticos,0,60.7942
2020-06-01,2020,6,Atlantico,10,Aseo del hogar,0,78.7790
2020-06-01,2020,6,Atlantico,11,Informatica y telecomunicaciones,0,95.1766
2020-06-01,2020,6,Atlantico,12,Sonido y video,0,95.5808
2020-06-01,2020,6,Atlantico,14,"Ferreteria, vidrios y pinturas",0,56.2400
2020-06-01,2020,6,Atlantico,15,Otras mercancias de uso domestico,0,50.2277
2020-06-01,2020,6,Bogota,4,Prendas de vestir y textiles,0,55.0409
2020-06-01,2020,6,Bogota,8,Electrodomesticos y muebles,1,145.1328
2020-06-01,2020,6,Bogota,9,Articulos y utensilios domesticos,0,105.0634
2020-06-01,2020,6,Bogota,10,Aseo del hogar,0,137.3682
2020-06-01,2020,6,Bogota,11,Informatica y telecomunicaciones,0,160.9413
2020-06-01,2020,6,Bogota,12,Sonido y video,0,166.0714
2020-06-01,2020,6,Bogota,14,"Ferreteria, vidrios y pinturas",0,94.7176
2020-06-01,2020,6,Bogota,15,Otras mercancias de uso domestico,0,81.7731
2020-06-01,2020,6,Cundinamarca,4,Prendas de vestir y textiles,0,44.4288
2020-06-01,2020,6,Cundinamarca,8,Electrodomesticos y muebles,1,119.1258
2020-06-01,2020,6,Cundinamarca,9,Articulos y utensilios domesticos,0,83.8986
2020-06-01,2020,6,Cundinamarca,10,Aseo del hogar,0,110.6784
2020-06-01,2020,6,Cundinamarca,11,Informatica y telecomunicaciones,0,130.0818
2020-06-01,2020,6,Cundinamarca,12,Sonido y video,0,134.5774
2020-06-01,2020,6,Cundinamarca,14,"Ferreteria, vidrios y pinturas",0,77.9555
2020-06-01,2020,6,Cundinamarca,15,Otras mercancias de uso domestico,0,70.4972
2020-06-01,2020,6,Santander,4,Prendas de vestir y textiles,0,44.6799
2020-06-01,2020,6,Santander,8,Electrodomesticos y muebles,1,120.8458
2020-06-01,2020,6,Santander,9,Articulos y utensilios domesticos,0,83.3098
2020-06-01,2020,6,Santander,10,Aseo del hogar,0,110.1819
2020-06-01,2020,6,Santander,11,Informatica y telecomunicaciones,0,130.2123
2020-06-01,2020,6,Santander,12,Sonido y video,0,136.3248
2020-06-01,2020,6,Santander,14,"Ferreteria, vidrios y pinturas",0,78.7572
2020-06-01,2020,6,Santander,15,Otras mercancias de uso domestico,0,71.0859
2020-06-01,2020,6,Valle del Cauca,4,Prendas de vestir y textiles,0,42.5225
2020-06-01,2020,6,Valle del Cauca,8,Electrodomesticos y muebles,1,117.3928
2020-06-01,2020,6,Valle del Cauca,9,Articulos y utensilios domesticos,0,82.6254
2020-06-01,2020,6,Valle del Cauca,10,Aseo del hogar,0,106.3887
2020-06-01,2020,6,Valle del Cauca,11,Informatica y telecomunicaciones,0,124.8243
2020-06-01,2020,6,Valle del Cauca,12,Sonido y video,0,130.0144
2020-06-01,2020,6,Valle del Cauca,14,"Ferreteria, vidrios y pinturas",0,75.3192
2020-06-01,2020,6,Valle del Cauca,15,Otras mercancias de uso domestico,0,68.2767
2020-06-01,2020,6,Otros departamentos,4,Prendas de vestir y textiles,0,43.5470
2020-06-01,2020,6,Otros departamentos,8,Electrodomesticos y muebles,1,117.2086
2020-06-01,2020,6,Otros departamentos,9,Articulos y utensilios domesticos,0,85.1574
2020-06-01,2020,6,Otros departamentos,10,Aseo del hogar,0,108.0993
2020-06-01,2020,6,Otros departamentos,11,Informatica y telecomunicaciones,0,129.9615
2020-06-01,2020,6,Otros departamentos,12,Sonido y video,0,132.6241
2020-06-01,2020,6,Otros departamentos,14,"Ferreteria, vidrios y pinturas",0,78.3910
2020-06-01,2020,6,Otros departamentos,15,Otras mercancias de uso domestico,0,70.3503
2020-07-01,2020,7,Antioquia,4,Prendas de vestir y textiles,0,48.7469
2020-07-01,2020,7,Antioquia,8,Electrodomesticos y muebles,1,122.3218
2020-07-01,2020,7,Antioquia,9,Articulos y utensilios domesticos,0,91.1170
2020-07-01,2020,7,Antioquia,10,Aseo del hogar,0,122.3012
2020-07-01,2020,7,Antioquia,11,Informatica y telecomunicaciones,0,138.8143
2020-07-01,2020,7,Antioquia,12,Sonido y video,0,125.3704
2020-07-01,2020,7,Antioquia,14,"Ferreteria, vidrios y pinturas",0,90.5548
2020-07-01,2020,7,Antioquia,15,Otras mercancias de uso domestico,0,74.0855
2020-07-01,2020,7,Atlantico,4,Prendas de vestir y textiles,0,34.4741
2020-07-01,2020,7,Atlantico,8,Electrodomesticos y muebles,1,89.1001
2020-07-01,2020,7,Atlantico,9,Articulos y utensilios domesticos,0,64.2679
2020-07-01,2020,7,Atlantico,10,Aseo del hogar,0,84.2102
2020-07-01,2020,7,Atlantico,11,Informatica y telecomunicaciones,0,100.6436
2020-07-01,2020,7,Atlantico,12,Sonido y video,0,88.1615
2020-07-01,2020,7,Atlantico,14,"Ferreteria, vidrios y pinturas",0,64.9719
2020-07-01,2020,7,Atlantico,15,Otras mercancias de uso domestico,0,53.0285
2020-07-01,2020,7,Bogota,4,Prendas de vestir y textiles,0,56.7098
2020-07-01,2020,7,Bogota,8,Electrodomesticos y muebles,1,148.3912
2020-07-01,2020,7,Bogota,9,Articulos y utensilios domesticos,0,108.2223
2020-07-01,2020,7,Bogota,10,Aseo del hogar,0,145.4699
2020-07-01,2020,7,Bogota,11,Informatica y telecomunicaciones,0,171.3377
2020-07-01,2020,7,Bogota,12,Sonido y video,0,155.1961
2020-07-01,2020,7,Bogota,14,"Ferreteria, vidrios y pinturas",0,112.3415
2020-07-01,2020,7,Bogota,15,Otras mercancias de uso domestico,0,88.1487
2020-07-01,2020,7,Cundinamarca,4,Prendas de vestir y textiles,0,52.5571
2020-07-01,2020,7,Cundinamarca,8,Electrodomesticos y muebles,1,137.2369
2020-07-01,2020,7,Cundinamarca,9,Articulos y utensilios domesticos,0,99.7229
2020-07-01,2020,7,Cundinamarca,10,Aseo del hogar,0,131.1698
2020-07-01,2020,7,Cundinamarca,11,Informatica y telecomunicaciones,0,157.3555
2020-07-01,2020,7,Cundinamarca,12,Sonido y video,0,136.9497
2020-07-01,2020,7,Cundinamarca,14,"Ferreteria, vidrios y pinturas",0,102.0354
2020-07-01,2020,7,Cundinamarca,15,Otras mercancias de uso domestico,0,83.4576
2020-07-01,2020,7,Santander,4,Prendas de vestir y textiles,0,49.4272
2020-07-01,2020,7,Santander,8,Electrodomesticos y muebles,1,131.7124
2020-07-01,2020,7,Santander,9,Articulos y utensilios domesticos,0,95.6107
2020-07-01,2020,7,Santander,10,Aseo del hogar,0,123.7099
2020-07-01,2020,7,Santander,11,Informatica y telecomunicaciones,0,144.5499
2020-07-01,2020,7,Santander,12,Sonido y video,0,129.6739
2020-07-01,2020,7,Santander,14,"Ferreteria, vidrios y pinturas",0,94.8651
2020-07-01,2020,7,Santander,15,Otras mercancias de uso domestico,0,79.0169
2020-07-01,2020,7,Valle del Cauca,4,Prendas de vestir y textiles,0,47.1714
2020-07-01,2020,7,Valle del Cauca,8,Electrodomesticos y muebles,1,126.1709
2020-07-01,2020,7,Valle del Cauca,9,Articulos y utensilios domesticos,0,90.6752
2020-07-01,2020,7,Valle del Cauca,10,Aseo del hogar,0,118.5123
2020-07-01,2020,7,Valle del Cauca,11,Informatica y telecomunicaciones,0,140.5010
2020-07-01,2020,7,Valle del Cauca,12,Sonido y video,0,130.6404
2020-07-01,2020,7,Valle del Cauca,14,"Ferreteria, vidrios y pinturas",0,89.5892
2020-07-01,2020,7,Valle del Cauca,15,Otras mercancias de uso domestico,0,76.9637
2020-07-01,2020,7,Otros departamentos,4,Prendas de vestir y textiles,0,48.7155
2020-07-01,2020,7,Otros departamentos,8,Electrodomesticos y muebles,1,126.0291
2020-07-01,2020,7,Otros departamentos,9,Articulos y utensilios domesticos,0,94.3862
2020-07-01,2020,7,Otros departamentos,10,Aseo del hogar,0,120.9293
2020-07-01,2020,7,Otros departamentos,11,Informatica y telecomunicaciones,0,143.3714
2020-07-01,2020,7,Otros departamentos,12,Sonido y video,0,130.1586
2020-07-01,2020,7,Otros departamentos,14,"Ferreteria, vidrios y pinturas",0,93.1481
2020-07-01,2020,7,Otros departamentos,15,Otras mercancias de uso domestico,0,77.9515
2020-08-01,2020,8,Antioquia,4,Prendas de vestir y textiles,0,49.0935
2020-08-01,2020,8,Antioquia,8,Electrodomesticos y muebles,1,108.9676
2020-08-01,2020,8,Antioquia,9,Articulos y utensilios domesticos,0,89.1351
2020-08-01,2020,8,Antioquia,10,Aseo del hogar,0,122.2628
2020-08-01,2020,8,Antioquia,11,Informatica y telecomunicaciones,0,146.1189
2020-08-01,2020,8,Antioquia,12,Sonido y video,0,105.7842
2020-08-01,2020,8,Antioquia,14,"Ferreteria, vidrios y pinturas",0,93.7373
2020-08-01,2020,8,Antioquia,15,Otras mercancias de uso domestico,0,77.4165
2020-08-01,2020,8,Atlantico,4,Prendas de vestir y textiles,0,47.2784
2020-08-01,2020,8,Atlantico,8,Electrodomesticos y muebles,1,103.5379
2020-08-01,2020,8,Atlantico,9,Articulos y utensilios domesticos,0,85.3527
2020-08-01,2020,8,Atlantico,10,Aseo del hogar,0,114.6820
2020-08-01,2020,8,Atlantico,11,Informatica y telecomunicaciones,0,141.6014
2020-08-01,2020,8,Atlantico,12,Sonido y video,0,105.6223
2020-08-01,2020,8,Atlantico,14,"Ferreteria, vidrios y pinturas",0,89.8917
2020-08-01,2020,8,Atlantico,15,Otras mercancias de uso domestico,0,77.7042
2020-08-01,2020,8,Bogota,4,Prendas de vestir y textiles,0,53.1209
2020-08-01,2020,8,Bogota,8,Electrodomesticos y muebles,1,119.0286
2020-08-01,2020,8,Bogota,9,Articulos y utensilios domesticos,0,98.6229
2020-08-01,2020,8,Bogota,10,Aseo del hogar,0,131.3444
2020-08-01,2020,8,Bogota,11,Informatica y telecomunicaciones,0,158.0981
2020-08-01,2020,8,Bogota,12,Sonido y video,0,116.5134
2020-08-01,2020,8,Bogota,14,"Ferreteria, vidrios y pinturas",0,101.9497
2020-08-01,2020,8,Bogota,15,Otras mercancias de uso domestico,0,83.1354
2020-08-01,2020,8,Cundinamarca,4,Prendas de vestir y textiles,0,56.9435
2020-08-01,2020,8,Cundinamarca,8,Electrodomesticos y muebles,1,126.3474
2020-08-01,2020,8,Cundinamarca,9,Articulos y utensilios domesticos,0,102.9593
2020-08-01,2020,8,Cundinamarca,10,Aseo del hogar,0,137.4758
2020-08-01,2020,8,Cundinamarca,11,Informatica y telecomunicaciones,0,169.2972
2020-08-01,2020,8,Cundinamarca,12,Sonido y video,0,121.6254
2020-08-01,2020,8,Cundinamarca,14,"Ferreteria, vidrios y pinturas",0,108.5471
2020-08-01,2020,8,Cundinamarca,15,Otras mercancias de uso domestico,0,93.7416
2020-08-01,2020,8,Santander,4,Prendas de vestir y textiles,0,44.7675
2020-08-01,2020,8,Santander,8,Electrodomesticos y muebles,1,100.3006
2020-08-01,2020,8,Santander,9,Articulos y utensilios domesticos,0,82.7341
2020-08-01,2020,8,Santander,10,Aseo del hogar,0,108.7987
2020-08-01,2020,8,Santander,11,Informatica y telecomunicaciones,0,130.0004
2020-08-01,2020,8,Santander,12,Sonido y video,0,95.2570
2020-08-01,2020,8,Santander,14,"Ferreteria, vidrios y pinturas",0,85.1986
2020-08-01,2020,8,Santander,15,Otras mercancias de uso domestico,0,72.0873
2020-08-01,2020,8,Valle del Cauca,4,Prendas de vestir y textiles,0,48.1170
2020-08-01,2020,8,Valle del Cauca,8,Electrodomesticos y muebles,1,113.1466
2020-08-01,2020,8,Valle del Cauca,9,Articulos y utensilios domesticos,0,89.0826
2020-08-01,2020,8,Valle del Cauca,10,Aseo del hogar,0,118.4114
2020-08-01,2020,8,Valle del Cauca,11,Informatica y telecomunicaciones,0,147.8607
2020-08-01,2020,8,Valle del Cauca,12,Sonido y video,0,110.7922
2020-08-01,2020,8,Valle del Cauca,14,"Ferreteria, vidrios y pinturas",0,96.3397
2020-08-01,2020,8,Valle del Cauca,15,Otras mercancias de uso domestico,0,80.8362
2020-08-01,2020,8,Otros departamentos,4,Prendas de vestir y textiles,0,45.8795
2020-08-01,2020,8,Otros departamentos,8,Electrodomesticos y muebles,1,104.2599
2020-08-01,2020,8,Otros departamentos,9,Articulos y utensilios domesticos,0,87.4347
2020-08-01,2020,8,Otros departamentos,10,Aseo del hogar,0,113.7716
2020-08-01,2020,8,Otros departamentos,11,Informatica y telecomunicaciones,0,139.7176
2020-08-01,2020,8,Otros departamentos,12,Sonido y video,0,101.5095
2020-08-01,2020,8,Otros departamentos,14,"Ferreteria, vidrios y pinturas",0,90.6517
2020-08-01,2020,8,Otros departamentos,15,Otras mercancias de uso domestico,0,75.3799
2020-09-01,2020,9,Antioquia,4,Prendas de vestir y textiles,0,82.9934
2020-09-01,2020,9,Antioquia,8,Electrodomesticos y muebles,1,124.9217
2020-09-01,2020,9,Antioquia,9,Articulos y utensilios domesticos,0,113.7170
2020-09-01,2020,9,Antioquia,10,Aseo del hogar,0,136.6107
2020-09-01,2020,9,Antioquia,11,Informatica y telecomunicaciones,0,147.2197
2020-09-01,2020,9,Antioquia,12,Sonido y video,0,118.0528
2020-09-01,2020,9,Antioquia,14,"Ferreteria, vidrios y pinturas",0,121.6900
2020-09-01,2020,9,Antioquia,15,Otras mercancias de uso domestico,0,96.3547
2020-09-01,2020,9,Atlantico,4,Prendas de vestir y textiles,0,71.7735
2020-09-01,2020,9,Atlantico,8,Electrodomesticos y muebles,1,104.7814
2020-09-01,2020,9,Atlantico,9,Articulos y utensilios domesticos,0,98.8745
2020-09-01,2020,9,Atlantico,10,Aseo del hogar,0,117.5377
2020-09-01,2020,9,Atlantico,11,Informatica y telecomunicaciones,0,128.1911
2020-09-01,2020,9,Atlantico,12,Sonido y video,0,108.3219
2020-09-01,2020,9,Atlantico,14,"Ferreteria, vidrios y pinturas",0,102.9072
2020-09-01,2020,9,Atlantico,15,Otras mercancias de uso domestico,0,88.3156
2020-09-01,2020,9,Bogota,4,Prendas de vestir y textiles,0,78.6395
2020-09-01,2020,9,Bogota,8,Electrodomesticos y muebles,1,119.8505
2020-09-01,2020,9,Bogota,9,Articulos y utensilios domesticos,0,111.0525
2020-09-01,2020,9,Bogota,10,Aseo del hogar,0,130.1886
2020-09-01,2020,9,Bogota,11,Informatica y telecomunicaciones,0,144.7017
2020-09-01,2020,9,Bogota,12,Sonido y video,0,110.0933
2020-09-01,2020,9,Bogota,14,"Ferreteria, vidrios y pinturas",0,109.5658
2020-09-01,2020,9,Bogota,15,Otras mercancias de uso domestico,0,90.8043
2020-09-01,2020,9,Cundinamarca,4,Prendas de vestir y textiles,0,88.2074
2020-09-01,2020,9,Cundinamarca,8,Electrodomesticos y muebles,1,135.1482
2020-09-01,2020,9,Cundinamarca,9,Articulos y utensilios domesticos,0,123.8028
2020-09-01,2020,9,Cundinamarca,10,Aseo del hogar,0,143.1693
2020-09-01,2020,9,Cundinamarca,11,Informatica y telecomunicaciones,0,160.5203
2020-09-01,2020,9,Cundinamarca,12,Sonido y video,0,128.3250
2020-09-01,2020,9,Cundinamarca,14,"Ferreteria, vidrios y pinturas",0,126.8487
2020-09-01,2020,9,Cundinamarca,15,Otras mercancias de uso domestico,0,107.6323
2020-09-01,2020,9,Santander,4,Prendas de vestir y textiles,0,76.6688
2020-09-01,2020,9,Santander,8,Electrodomesticos y muebles,1,115.3358
2020-09-01,2020,9,Santander,9,Articulos y utensilios domesticos,0,108.9712
2020-09-01,2020,9,Santander,10,Aseo del hogar,0,125.4110
2020-09-01,2020,9,Santander,11,Informatica y telecomunicaciones,0,134.7857
2020-09-01,2020,9,Santander,12,Sonido y video,0,111.6144
2020-09-01,2020,9,Santander,14,"Ferreteria, vidrios y pinturas",0,105.1656
2020-09-01,2020,9,Santander,15,Otras mercancias de uso domestico,0,88.5048
2020-09-01,2020,9,Valle del Cauca,4,Prendas de vestir y textiles,0,73.9865
2020-09-01,2020,9,Valle del Cauca,8,Electrodomesticos y muebles,1,117.6578
2020-09-01,2020,9,Valle del Cauca,9,Articulos y utensilios domesticos,0,106.1292
2020-09-01,2020,9,Valle del Cauca,10,Aseo del hogar,0,121.6273
2020-09-01,2020,9,Valle del Cauca,11,Informatica y telecomunicaciones,0,135.5844
2020-09-01,2020,9,Valle del Cauca,12,Sonido y video,0,111.3645
2020-09-01,2020,9,Valle del Cauca,14,"Ferreteria, vidrios y pinturas",0,115.8457
2020-09-01,2020,9,Valle del Cauca,15,Otras mercancias de uso domestico,0,94.4196
2020-09-01,2020,9,Otros departamentos,4,Prendas de vestir y textiles,0,69.0158
2020-09-01,2020,9,Otros departamentos,8,Electrodomesticos y muebles,1,106.1989
2020-09-01,2020,9,Otros departamentos,9,Articulos y utensilios domesticos,0,98.0774
2020-09-01,2020,9,Otros departamentos,10,Aseo del hogar,0,111.8526
2020-09-01,2020,9,Otros departamentos,11,Informatica y telecomunicaciones,0,125.9790
2020-09-01,2020,9,Otros departamentos,12,Sonido y video,0,99.9560
2020-09-01,2020,9,Otros departamentos,14,"Ferreteria, vidrios y pinturas",0,101.6653
2020-09-01,2020,9,Otros departamentos,15,Otras mercancias de uso domestico,0,81.2884
2020-10-01,2020,10,Antioquia,4,Prendas de vestir y textiles,0,91.7783
2020-10-01,2020,10,Antioquia,8,Electrodomesticos y muebles,1,127.0054
2020-10-01,2020,10,Antioquia,9,Articulos y utensilios domesticos,0,119.0290
2020-10-01,2020,10,Antioquia,10,Aseo del hogar,0,136.0669
2020-10-01,2020,10,Antioquia,11,Informatica y telecomunicaciones,0,130.0170
2020-10-01,2020,10,Antioquia,12,Sonido y video,0,127.2626
2020-10-01,2020,10,Antioquia,14,"Ferreteria, vidrios y pinturas",0,121.6643
2020-10-01,2020,10,Antioquia,15,Otras mercancias de uso domestico,0,105.1242
2020-10-01,2020,10,Atlantico,4,Prendas de vestir y textiles,0,86.2756
2020-10-01,2020,10,Atlantico,8,Electrodomesticos y muebles,1,113.0284
2020-10-01,2020,10,Atlantico,9,Articulos y utensilios domesticos,0,109.7087
2020-10-01,2020,10,Atlantico,10,Aseo del hogar,0,125.8869
2020-10-01,2020,10,Atlantico,11,Informatica y telecomunicaciones,0,125.0677
2020-10-01,2020,10,Atlantico,12,Sonido y video,0,120.5427
2020-10-01,2020,10,Atlantico,14,"Ferreteria, vidrios y pinturas",0,115.7328
2020-10-01,2020,10,Atlantico,15,Otras mercancias de uso domestico,0,101.7138
2020-10-01,2020,10,Bogota,4,Prendas de vestir y textiles,0,94.4086
2020-10-01,2020,10,Bogota,8,Electrodomesticos y muebles,1,131.8271
2020-10-01,2020,10,Bogota,9,Articulos y utensilios domesticos,0,126.8146
2020-10-01,2020,10,Bogota,10,Aseo del hogar,0,142.8003
2020-10-01,2020,10,Bogota,11,Informatica y telecomunicaciones,0,135.8156
2020-10-01,2020,10,Bogota,12,Sonido y video,0,125.0075
2020-10-01,2020,10,Bogota,14,"Ferreteria, vidrios y pinturas",0,124.8808
2020-10-01,2020,10,Bogota,15,Otras mercancias de uso domestico,0,104.0624
2020-10-01,2020,10,Cundinamarca,4,Prendas de vestir y textiles,0,99.9750
2020-10-01,2020,10,Cundinamarca,8,Electrodomesticos y muebles,1,139.6639
2020-10-01,2020,10,Cundinamarca,9,Articulos y utensilios domesticos,0,132.8437
2020-10-01,2020,10,Cundinamarca,10,Aseo del hogar,0,147.0716
2020-10-01,2020,10,Cundinamarca,11,Informatica y telecomunicaciones,0,146.6775
2020-10-01,2020,10,Cundinamarca,12,Sonido y video,0,138.3527
2020-10-01,2020,10,Cundinamarca,14,"Ferreteria, vidrios y pinturas",0,132.3616
2020-10-01,2020,10,Cundinamarca,15,Otras mercancias de uso domestico,0,116.1998
2020-10-01,2020,10,Santander,4,Prendas de vestir y textiles,0,90.9784
2020-10-01,2020,10,Santander,8,Electrodomesticos y muebles,1,120.1591
2020-10-01,2020,10,Santander,9,Articulos y utensilios domesticos,0,115.8420
2020-10-01,2020,10,Santander,10,Aseo del hogar,0,126.1443
2020-10-01,2020,10,Santander,11,Informatica y telecomunicaciones,0,124.3353
2020-10-01,2020,10,Santander,12,Sonido y video,0,118.8212
2020-10-01,2020,10,Santander,14,"Ferreteria, vidrios y pinturas",0,107.1453
2020-10-01,2020,10,Santander,15,Otras mercancias de uso domestico,0,95.7835
2020-10-01,2020,10,Valle del Cauca,4,Prendas de vestir y textiles,0,85.7525
2020-10-01,2020,10,Valle del Cauca,8,Electrodomesticos y muebles,1,120.0256
2020-10-01,2020,10,Valle del Cauca,9,Articulos y utensilios domesticos,0,113.3798
2020-10-01,2020,10,Valle del Cauca,10,Aseo del hogar,0,131.0732
2020-10-01,2020,10,Valle del Cauca,11,Informatica y telecomunicaciones,0,128.5706
2020-10-01,2020,10,Valle del Cauca,12,Sonido y video,0,125.9679
2020-10-01,2020,10,Valle del Cauca,14,"Ferreteria, vidrios y pinturas",0,122.5977
2020-10-01,2020,10,Valle del Cauca,15,Otras mercancias de uso domestico,0,105.9704
2020-10-01,2020,10,Otros departamentos,4,Prendas de vestir y textiles,0,82.7341
2020-10-01,2020,10,Otros departamentos,8,Electrodomesticos y muebles,1,116.9732
2020-10-01,2020,10,Otros departamentos,9,Articulos y utensilios domesticos,0,110.5567
2020-10-01,2020,10,Otros departamentos,10,Aseo del hogar,0,119.8694
2020-10-01,2020,10,Otros departamentos,11,Informatica y telecomunicaciones,0,123.1489
2020-10-01,2020,10,Otros departamentos,12,Sonido y video,0,115.6918
2020-10-01,2020,10,Otros departamentos,14,"Ferreteria, vidrios y pinturas",0,110.6682
2020-10-01,2020,10,Otros departamentos,15,Otras mercancias de uso domestico,0,93.1460
2020-11-01,2020,11,Antioquia,4,Prendas de vestir y textiles,0,121.9159
2020-11-01,2020,11,Antioquia,8,Electrodomesticos y muebles,1,169.0576
2020-11-01,2020,11,Antioquia,9,Articulos y utensilios domesticos,0,133.2732
2020-11-01,2020,11,Antioquia,10,Aseo del hogar,0,129.8774
2020-11-01,2020,11,Antioquia,11,Informatica y telecomunicaciones,0,183.6970
2020-11-01,2020,11,Antioquia,12,Sonido y video,0,219.2545
2020-11-01,2020,11,Antioquia,14,"Ferreteria, vidrios y pinturas",0,127.7942
2020-11-01,2020,11,Antioquia,15,Otras mercancias de uso domestico,0,133.3681
2020-11-01,2020,11,Atlantico,4,Prendas de vestir y textiles,0,124.3048
2020-11-01,2020,11,Atlantico,8,Electrodomesticos y muebles,1,157.5915
2020-11-01,2020,11,Atlantico,9,Articulos y utensilios domesticos,0,131.9349
2020-11-01,2020,11,Atlantico,10,Aseo del hogar,0,126.6267
2020-11-01,2020,11,Atlantico,11,Informatica y telecomunicaciones,0,185.5676
2020-11-01,2020,11,Atlantico,12,Sonido y video,0,214.1696
2020-11-01,2020,11,Atlantico,14,"Ferreteria, vidrios y pinturas",0,124.0981
2020-11-01,2020,11,Atlantico,15,Otras mercancias de uso domestico,0,126.0523
2020-11-01,2020,11,Bogota,4,Prendas de vestir y textiles,0,140.1821
2020-11-01,2020,11,Bogota,8,Electrodomesticos y muebles,1,187.3013
2020-11-01,2020,11,Bogota,9,Articulos y utensilios domesticos,0,155.5733
2020-11-01,2020,11,Bogota,10,Aseo del hogar,0,154.3120
2020-11-01,2020,11,Bogota,11,Informatica y telecomunicaciones,0,207.0059
2020-11-01,2020,11,Bogota,12,Sonido y video,0,240.2463
2020-11-01,2020,11,Bogota,14,"Ferreteria, vidrios y pinturas",0,141.3214
2020-11-01,2020,11,Bogota,15,Otras mercancias de uso domestico,0,142.3932
2020-11-01,2020,11,Cundinamarca,4,Prendas de vestir y textiles,0,130.0822
2020-11-01,2020,11,Cundinamarca,8,Electrodomesticos y muebles,1,175.4607
2020-11-01,2020,11,Cundinamarca,9,Articulos y utensilios domesticos,0,143.0304
2020-11-01,2020,11,Cundinamarca,10,Aseo del hogar,0,134.3422
2020-11-01,2020,11,Cundinamarca,11,Informatica y telecomunicaciones,0,197.0318
2020-11-01,2020,11,Cundinamarca,12,Sonido y video,0,224.7449
2020-11-01,2020,11,Cundinamarca,14,"Ferreteria, vidrios y pinturas",0,132.4224
2020-11-01,2020,11,Cundinamarca,15,Otras mercancias de uso domestico,0,134.7472
2020-11-01,2020,11,Santander,4,Prendas de vestir y textiles,0,123.2335
2020-11-01,2020,11,Santander,8,Electrodomesticos y muebles,1,162.6513
2020-11-01,2020,11,Santander,9,Articulos y utensilios domesticos,0,128.4265
2020-11-01,2020,11,Santander,10,Aseo del hogar,0,126.7582
2020-11-01,2020,11,Santander,11,Informatica y telecomunicaciones,0,180.2429
2020-11-01,2020,11,Santander,12,Sonido y video,0,210.0342
2020-11-01,2020,11,Santander,14,"Ferreteria, vidrios y pinturas",0,119.9078
2020-11-01,2020,11,Santander,15,Otras mercancias de uso domestico,0,125.6487
2020-11-01,2020,11,Valle del Cauca,4,Prendas de vestir y textiles,0,113.4958
2020-11-01,2020,11,Valle del Cauca,8,Electrodomesticos y muebles,1,157.1410
2020-11-01,2020,11,Valle del Cauca,9,Articulos y utensilios domesticos,0,122.0280
2020-11-01,2020,11,Valle del Cauca,10,Aseo del hogar,0,123.1551
2020-11-01,2020,11,Valle del Cauca,11,Informatica y telecomunicaciones,0,172.9129
2020-11-01,2020,11,Valle del Cauca,12,Sonido y video,0,212.1140
2020-11-01,2020,11,Valle del Cauca,14,"Ferreteria, vidrios y pinturas",0,122.3847
2020-11-01,2020,11,Valle del Cauca,15,Otras mercancias de uso domestico,0,124.6910
2020-11-01,2020,11,Otros departamentos,4,Prendas de vestir y textiles,0,115.2858
2020-11-01,2020,11,Otros departamentos,8,Electrodomesticos y muebles,1,150.3612
2020-11-01,2020,11,Otros departamentos,9,Articulos y utensilios domesticos,0,118.9764
2020-11-01,2020,11,Otros departamentos,10,Aseo del hogar,0,119.6109
2020-11-01,2020,11,Otros departamentos,11,Informatica y telecomunicaciones,0,172.3543
2020-11-01,2020,11,Otros departamentos,12,Sonido y video,0,199.5777
2020-11-01,2020,11,Otros departamentos,14,"Ferreteria, vidrios y pinturas",0,113.3812
2020-11-01,2020,11,Otros departamentos,15,Otras mercancias de uso domestico,0,117.1683
2020-12-01,2020,12,Antioquia,4,Prendas de vestir y textiles,0,217.8393
2020-12-01,2020,12,Antioquia,8,Electrodomesticos y muebles,1,126.3423
2020-12-01,2020,12,Antioquia,9,Articulos y utensilios domesticos,0,139.9558
2020-12-01,2020,12,Antioquia,10,Aseo del hogar,0,136.4821
2020-12-01,2020,12,Antioquia,11,Informatica y telecomunicaciones,0,169.0073
2020-12-01,2020,12,Antioquia,12,Sonido y video,0,129.0168
2020-12-01,2020,12,Antioquia,14,"Ferreteria, vidrios y pinturas",0,113.1136
2020-12-01,2020,12,Antioquia,15,Otras mercancias de uso domestico,0,159.2452
2020-12-01,2020,12,Atlantico,4,Prendas de vestir y textiles,0,217.9219
2020-12-01,2020,12,Atlantico,8,Electrodomesticos y muebles,1,123.8519
2020-12-01,2020,12,Atlantico,9,Articulos y utensilios domesticos,0,142.5992
2020-12-01,2020,12,Atlantico,10,Aseo del hogar,0,139.5700
2020-12-01,2020,12,Atlantico,11,Informatica y telecomunicaciones,0,179.3236
2020-12-01,2020,12,Atlantico,12,Sonido y video,0,133.2974
2020-12-01,2020,12,Atlantico,14,"Ferreteria, vidrios y pinturas",0,117.0372
2020-12-01,2020,12,Atlantico,15,Otras mercancias de uso domestico,0,160.9561
2020-12-01,2020,12,Bogota,4,Prendas de vestir y textiles,0,227.7735
2020-12-01,2020,12,Bogota,8,Electrodomesticos y muebles,1,127.0404
2020-12-01,2020,12,Bogota,9,Articulos y utensilios domesticos,0,150.2649
2020-12-01,2020,12,Bogota,10,Aseo del hogar,0,154.9771
2020-12-01,2020,12,Bogota,11,Informatica y telecomunicaciones,0,174.2314
2020-12-01,2020,12,Bogota,12,Sonido y video,0,139.7996
2020-12-01,2020,12,Bogota,14,"Ferreteria, vidrios y pinturas",0,117.0570
2020-12-01,2020,12,Bogota,15,Otras mercancias de uso domestico,0,165.0056
2020-12-01,2020,12,Cundinamarca,4,Prendas de vestir y textiles,0,236.6272
2020-12-01,2020,12,Cundinamarca,8,Electrodomesticos y muebles,1,139.9467
2020-12-01,2020,12,Cundinamarca,9,Articulos y utensilios domesticos,0,160.2504
2020-12-01,2020,12,Cundinamarca,10,Aseo del hogar,0,157.5216
2020-12-01,2020,12,Cundinamarca,11,Informatica y telecomunicaciones,0,192.8167
2020-12-01,2020,12,Cundinamarca,12,Sonido y video,0,148.6436
2020-12-01,2020,12,Cundinamarca,14,"Ferreteria, vidrios y pinturas",0,122.5526
2020-12-01,2020,12,Cundinamarca,15,Otras mercancias de uso domestico,0,175.7077
2020-12-01,2020,12,Santander,4,Prendas de vestir y textiles,0,209.2755
2020-12-01,2020,12,Santander,8,Electrodomesticos y muebles,1,120.4609
2020-12-01,2020,12,Santander,9,Articulos y utensilios domesticos,0,136.1418
2020-12-01,2020,12,Santander,10,Aseo del hogar,0,131.8012
2020-12-01,2020,12,Santander,11,Informatica y telecomunicaciones,0,168.3752
2020-12-01,2020,12,Santander,12,Sonido y video,0,131.8125
2020-12-01,2020,12,Santander,14,"Ferreteria, vidrios y pinturas",0,108.6799
2020-12-01,2020,12,Santander,15,Otras mercancias de uso domestico,0,147.4353
2020-12-01,2020,12,Valle del Cauca,4,Prendas de vestir y textiles,0,194.0930
2020-12-01,2020,12,Valle del Cauca,8,Electrodomesticos y muebles,1,116.2077
2020-12-01,2020,12,Valle del Cauca,9,Articulos y utensilios domesticos,0,123.6221
2020-12-01,2020,12,Valle del Cauca,10,Aseo del hogar,0,125.9255
2020-12-01,2020,12,Valle del Cauca,11,Informatica y telecomunicaciones,0,160.0580
2020-12-01,2020,12,Valle del Cauca,12,Sonido y video,0,126.4722
2020-12-01,2020,12,Valle del Cauca,14,"Ferreteria, vidrios y pinturas",0,106.3215
2020-12-01,2020,12,Valle del Cauca,15,Otras mercancias de uso domestico,0,149.5845
2020-12-01,2020,12,Otros departamentos,4,Prendas de vestir y textiles,0,218.3892
2020-12-01,2020,12,Otros departamentos,8,Electrodomesticos y muebles,1,124.7916
2020-12-01,2020,12,Otros departamentos,9,Articulos y utensilios domesticos,0,144.6806
2020-12-01,2020,12,Otros departamentos,10,Aseo del hogar,0,138.5207
2020-12-01,2020,12,Otros departamentos,11,Informatica y telecomunicaciones,0,171.7223
2020-12-01,2020,12,Otros departamentos,12,Sonido y video,0,134.9720
2020-12-01,2020,12,Otros departamentos,14,"Ferreteria, vidrios y pinturas",0,112.1824
2020-12-01,2020,12,Otros departamentos,15,Otras mercancias de uso domestico,0,153.1503
2021-01-01,2021,1,Antioquia,4,Prendas de vestir y textiles,0,61.5739
2021-01-01,2021,1,Antioquia,8,Electrodomesticos y muebles,1,116.5096
2021-01-01,2021,1,Antioquia,9,Articulos y utensilios domesticos,0,96.5149
2021-01-01,2021,1,Antioquia,10,Aseo del hogar,0,136.1942
2021-01-01,2021,1,Antioquia,11,Informatica y telecomunicaciones,0,149.6118
2021-01-01,2021,1,Antioquia,12,Sonido y video,0,91.9536
2021-01-01,2021,1,Antioquia,14,"Ferreteria, vidrios y pinturas",0,104.3822
2021-01-01,2021,1,Antioquia,15,Otras mercancias de uso domestico,0,89.5700
2021-01-01,2021,1,Atlantico,4,Prendas de vestir y textiles,0,64.8483
2021-01-01,2021,1,Atlantico,8,Electrodomesticos y muebles,1,117.9724
2021-01-01,2021,1,Atlantico,9,Articulos y utensilios domesticos,0,105.8517
2021-01-01,2021,1,Atlantico,10,Aseo del hogar,0,148.7725
2021-01-01,2021,1,Atlantico,11,Informatica y telecomunicaciones,0,160.5583
2021-01-01,2021,1,Atlantico,12,Sonido y video,0,98.5179
2021-01-01,2021,1,Atlantico,14,"Ferreteria, vidrios y pinturas",0,112.3632
2021-01-01,2021,1,Atlantico,15,Otras mercancias de uso domestico,0,94.0766
2021-01-01,2021,1,Bogota,4,Prendas de vestir y textiles,0,47.3969
2021-01-01,2021,1,Bogota,8,Electrodomesticos y muebles,1,84.7812
2021-01-01,2021,1,Bogota,9,Articulos y utensilios domesticos,0,72.2744
2021-01-01,2021,1,Bogota,10,Aseo del hogar,0,111.8245
2021-01-01,2021,1,Bogota,11,Informatica y telecomunicaciones,0,110.6829
2021-01-01,2021,1,Bogota,12,Sonido y video,0,72.1186
2021-01-01,2021,1,Bogota,14,"Ferreteria, vidrios y pinturas",0,77.9232
2021-01-01,2021,1,Bogota,15,Otras mercancias de uso domestico,0,68.6961
2021-01-01,2021,1,Cundinamarca,4,Prendas de vestir y textiles,0,70.1051
2021-01-01,2021,1,Cundinamarca,8,Electrodomesticos y muebles,1,126.6469
2021-01-01,2021,1,Cundinamarca,9,Articulos y utensilios domesticos,0,106.1817
2021-01-01,2021,1,Cundinamarca,10,Aseo del hogar,0,158.9769
2021-01-01,2021,1,Cundinamarca,11,Informatica y telecomunicaciones,0,167.7741
2021-01-01,2021,1,Cundinamarca,12,Sonido y video,0,102.1032
2021-01-01,2021,1,Cundinamarca,14,"Ferreteria, vidrios y pinturas",0,114.8329
2021-01-01,2021,1,Cundinamarca,15,Otras mercancias de uso domestico,0,98.9441
2021-01-01,2021,1,Santander,4,Prendas de vestir y textiles,0,58.0845
2021-01-01,2021,1,Santander,8,Electrodomesticos y muebles,1,103.0858
2021-01-01,2021,1,Santander,9,Articulos y utensilios domesticos,0,89.3767
2021-01-01,2021,1,Santander,10,Aseo del hogar,0,130.1578
2021-01-01,2021,1,Santander,11,Informatica y telecomunicaciones,0,141.3258
2021-01-01,2021,1,Santander,12,Sonido y video,0,83.9592
2021-01-01,2021,1,Santander,14,"Ferreteria, vidrios y pinturas",0,95.9037
2021-01-01,2021,1,Santander,15,Otras mercancias de uso domestico,0,79.6360
2021-01-01,2021,1,Valle del Cauca,4,Prendas de vestir y textiles,0,53.3419
2021-01-01,2021,1,Valle del Cauca,8,Electrodomesticos y muebles,1,100.4446
2021-01-01,2021,1,Valle del Cauca,9,Articulos y utensilios domesticos,0,85.3911
2021-01-01,2021,1,Valle del Cauca,10,Aseo del hogar,0,121.1906
2021-01-01,2021,1,Valle del Cauca,11,Informatica y telecomunicaciones,0,134.7446
2021-01-01,2021,1,Valle del Cauca,12,Sonido y video,0,84.2407
2021-01-01,2021,1,Valle del Cauca,14,"Ferreteria, vidrios y pinturas",0,93.8269
2021-01-01,2021,1,Valle del Cauca,15,Otras mercancias de uso domestico,0,82.2172
2021-01-01,2021,1,Otros departamentos,4,Prendas de vestir y textiles,0,60.7540
2021-01-01,2021,1,Otros departamentos,8,Electrodomesticos y muebles,1,109.7547
2021-01-01,2021,1,Otros departamentos,9,Articulos y utensilios domesticos,0,92.9160
2021-01-01,2021,1,Otros departamentos,10,Aseo del hogar,0,140.0133
2021-01-01,2021,1,Otros departamentos,11,Informatica y telecomunicaciones,0,146.9129
2021-01-01,2021,1,Otros departamentos,12,Sonido y video,0,92.2435
2021-01-01,2021,1,Otros departamentos,14,"Ferreteria, vidrios y pinturas",0,102.8838
2021-01-01,2021,1,Otros departamentos,15,Otras mercancias de uso domestico,0,82.8721
2021-02-01,2021,2,Antioquia,4,Prendas de vestir y textiles,0,68.5646
2021-02-01,2021,2,Antioquia,8,Electrodomesticos y muebles,1,120.2696
2021-02-01,2021,2,Antioquia,9,Articulos y utensilios domesticos,0,103.8926
2021-02-01,2021,2,Antioquia,10,Aseo del hogar,0,125.4167
2021-02-01,2021,2,Antioquia,11,Informatica y telecomunicaciones,0,170.1267
2021-02-01,2021,2,Antioquia,12,Sonido y video,0,94.3149
2021-02-01,2021,2,Antioquia,14,"Ferreteria, vidrios y pinturas",0,117.8116
2021-02-01,2021,2,Antioquia,15,Otras mercancias de uso domestico,0,90.0108
2021-02-01,2021,2,Atlantico,4,Prendas de vestir y textiles,0,65.0729
2021-02-01,2021,2,Atlantico,8,Electrodomesticos y muebles,1,115.1599
2021-02-01,2021,2,Atlantico,9,Articulos y utensilios domesticos,0,102.6198
2021-02-01,2021,2,Atlantico,10,Aseo del hogar,0,129.5271
2021-02-01,2021,2,Atlantico,11,Informatica y telecomunicaciones,0,163.8283
2021-02-01,2021,2,Atlantico,12,Sonido y video,0,93.0164
2021-02-01,2021,2,Atlantico,14,"Ferreteria, vidrios y pinturas",0,117.5412
2021-02-01,2021,2,Atlantico,15,Otras mercancias de uso domestico,0,84.8619
2021-02-01,2021,2,Bogota,4,Prendas de vestir y textiles,0,70.5056
2021-02-01,2021,2,Bogota,8,Electrodomesticos y muebles,1,120.0949
2021-02-01,2021,2,Bogota,9,Articulos y utensilios domesticos,0,105.2986
2021-02-01,2021,2,Bogota,10,Aseo del hogar,0,132.9324
2021-02-01,2021,2,Bogota,11,Informatica y telecomunicaciones,0,168.9678
2021-02-01,2021,2,Bogota,12,Sonido y video,0,95.0654
2021-02-01,2021,2,Bogota,14,"Ferreteria, vidrios y pinturas",0,117.2156
2021-02-01,2021,2,Bogota,15,Otras mercancias de uso domestico,0,91.9182
2021-02-01,2021,2,Cundinamarca,4,Prendas de vestir y textiles,0,76.2100
2021-02-01,2021,2,Cundinamarca,8,Electrodomesticos y muebles,1,130.8790
2021-02-01,2021,2,Cundinamarca,9,Articulos y utensilios domesticos,0,116.8588
2021-02-01,2021,2,Cundinamarca,10,Aseo del hogar,0,147.0735
2021-02-01,2021,2,Cundinamarca,11,Informatica y telecomunicaciones,0,194.2085
2021-02-01,2021,2,Cundinamarca,12,Sonido y video,0,105.0201
2021-02-01,2021,2,Cundinamarca,14,"Ferreteria, vidrios y pinturas",0,129.2551
2021-02-01,2021,2,Cundinamarca,15,Otras mercancias de uso domestico,0,97.3428
2021-02-01,2021,2,Santander,4,Prendas de vestir y textiles,0,62.1696
2021-02-01,2021,2,Santander,8,Electrodomesticos y muebles,1,106.1876
2021-02-01,2021,2,Santander,9,Articulos y utensilios domesticos,0,96.9519
2021-02-01,2021,2,Santander,10,Aseo del hogar,0,119.2087
2021-02-01,2021,2,Santander,11,Informatica y telecomunicaciones,0,159.8940
2021-02-01,2021,2,Santander,12,Sonido y video,0,81.7418
2021-02-01,2021,2,Santander,14,"Ferreteria, vidrios y pinturas",0,106.0711
2021-02-01,2021,2,Santander,15,Otras mercancias de uso domestico,0,82.0071
2021-02-01,2021,2,Valle del Cauca,4,Prendas de vestir y textiles,0,62.5047
2021-02-01,2021,2,Valle del Cauca,8,Electrodomesticos y muebles,1,113.8404
2021-02-01,2021,2,Valle del Cauca,9,Articulos y utensilios domesticos,0,96.9338
2021-02-01,2021,2,Valle del Cauca,10,Aseo del hogar,0,123.4240
2021-02-01,2021,2,Valle del Cauca,11,Informatica y telecomunicaciones,0,164.6562
2021-02-01,2021,2,Valle del Cauca,12,Sonido y video,0,90.9882
2021-02-01,2021,2,Valle del Cauca,14,"Ferreteria, vidrios y pinturas",0,116.9058
2021-02-01,2021,2,Valle del Cauca,15,Otras mercancias de uso domestico,0,88.7213
2021-02-01,2021,2,Otros departamentos,4,Prendas de vestir y textiles,0,64.0686
2021-02-01,2021,2,Otros departamentos,8,Electrodomesticos y muebles,1,111.4568
2021-02-01,2021,2,Otros departamentos,9,Articulos y utensilios domesticos,0,97.7740
2021-02-01,2021,2,Otros departamentos,10,Aseo del hogar,0,124.9989
2021-02-01,2021,2,Otros departamentos,11,Informatica y telecomunicaciones,0,163.5751
2021-02-01,2021,2,Otros departamentos,12,Sonido y video,0,89.5801
2021-02-01,2021,2,Otros departamentos,14,"Ferreteria, vidrios y pinturas",0,114.8741
2021-02-01,2021,2,Otros departamentos,15,Otras mercancias de uso domestico,0,81.8661
2021-03-01,2021,3,Antioquia,4,Prendas de vestir y textiles,0,84.6089
2021-03-01,2021,3,Antioquia,8,Electrodomesticos y muebles,1,125.9842
2021-03-01,2021,3,Antioquia,9,Articulos y utensilios domesticos,0,120.3313
2021-03-01,2021,3,Antioquia,10,Aseo del hogar,0,134.3104
2021-03-01,2021,3,Antioquia,11,Informatica y telecomunicaciones,0,140.4641
2021-03-01,2021,3,Antioquia,12,Sonido y video,0,105.6310
2021-03-01,2021,3,Antioquia,14,"Ferreteria, vidrios y pinturas",0,123.6468
2021-03-01,2021,3,Antioquia,15,Otras mercancias de uso domestico,0,99.8388
2021-03-01,2021,3,Atlantico,4,Prendas de vestir y textiles,0,77.7549
2021-03-01,2021,3,Atlantico,8,Electrodomesticos y muebles,1,118.7667
2021-03-01,2021,3,Atlantico,9,Articulos y utensilios domesticos,0,110.1195
2021-03-01,2021,3,Atlantico,10,Aseo del hogar,0,129.0090
2021-03-01,2021,3,Atlantico,11,Informatica y telecomunicaciones,0,127.9880
2021-03-01,2021,3,Atlantico,12,Sonido y video,0,99.7639
2021-03-01,2021,3,Atlantico,14,"Ferreteria, vidrios y pinturas",0,121.4283
2021-03-01,2021,3,Atlantico,15,Otras mercancias de uso domestico,0,94.3226
2021-03-01,2021,3,Bogota,4,Prendas de vestir y textiles,0,85.4722
2021-03-01,2021,3,Bogota,8,Electrodomesticos y muebles,1,124.9704
2021-03-01,2021,3,Bogota,9,Articulos y utensilios domesticos,0,121.1595
2021-03-01,2021,3,Bogota,10,Aseo del hogar,0,142.1897
2021-03-01,2021,3,Bogota,11,Informatica y telecomunicaciones,0,146.8470
2021-03-01,2021,3,Bogota,12,Sonido y video,0,108.1369
2021-03-01,2021,3,Bogota,14,"Ferreteria, vidrios y pinturas",0,128.0226
2021-03-01,2021,3,Bogota,15,Otras mercancias de uso domestico,0,106.3237
2021-03-01,2021,3,Cundinamarca,4,Prendas de vestir y textiles,0,94.0053
2021-03-01,2021,3,Cundinamarca,8,Electrodomesticos y muebles,1,143.4399
2021-03-01,2021,3,Cundinamarca,9,Articulos y utensilios domesticos,0,135.0383
2021-03-01,2021,3,Cundinamarca,10,Aseo del hogar,0,158.6604
2021-03-01,2021,3,Cundinamarca,11,Informatica y telecomunicaciones,0,162.8608
2021-03-01,2021,3,Cundinamarca,12,Sonido y video,0,120.8533
2021-03-01,2021,3,Cundinamarca,14,"Ferreteria, vidrios y pinturas",0,144.3492
2021-03-01,2021,3,Cundinamarca,15,Otras mercancias de uso domestico,0,109.1470
2021-03-01,2021,3,Santander,4,Prendas de vestir y textiles,0,72.7788
2021-03-01,2021,3,Santander,8,Electrodomesticos y muebles,1,110.2245
2021-03-01,2021,3,Santander,9,Articulos y utensilios domesticos,0,104.5860
2021-03-01,2021,3,Santander,10,Aseo del hogar,0,121.9103
2021-03-01,2021,3,Santander,11,Informatica y telecomunicaciones,0,124.2179
2021-03-01,2021,3,Santander,12,Sonido y video,0,90.7607
2021-03-01,2021,3,Santander,14,"Ferreteria, vidrios y pinturas",0,110.1802
2021-03-01,2021,3,Santander,15,Otras mercancias de uso domestico,0,86.6898
2021-03-01,2021,3,Valle del Cauca,4,Prendas de vestir y textiles,0,76.2877
2021-03-01,2021,3,Valle del Cauca,8,Electrodomesticos y muebles,1,117.5615
2021-03-01,2021,3,Valle del Cauca,9,Articulos y utensilios domesticos,0,111.6199
2021-03-01,2021,3,Valle del Cauca,10,Aseo del hogar,0,127.6823
2021-03-01,2021,3,Valle del Cauca,11,Informatica y telecomunicaciones,0,132.2238
2021-03-01,2021,3,Valle del Cauca,12,Sonido y video,0,101.8629
2021-03-01,2021,3,Valle del Cauca,14,"Ferreteria, vidrios y pinturas",0,125.3717
2021-03-01,2021,3,Valle del Cauca,15,Otras mercancias de uso domestico,0,97.1689
2021-03-01,2021,3,Otros departamentos,4,Prendas de vestir y textiles,0,80.3581
2021-03-01,2021,3,Otros departamentos,8,Electrodomesticos y muebles,1,124.7552
2021-03-01,2021,3,Otros departamentos,9,Articulos y utensilios domesticos,0,112.2667
2021-03-01,2021,3,Otros departamentos,10,Aseo del hogar,0,137.1496
2021-03-01,2021,3,Otros departamentos,11,Informatica y telecomunicaciones,0,143.6344
2021-03-01,2021,3,Otros departamentos,12,Sonido y video,0,106.9208
2021-03-01,2021,3,Otros departamentos,14,"Ferreteria, vidrios y pinturas",0,127.2756
2021-03-01,2021,3,Otros departamentos,15,Otras mercancias de uso domestico,0,97.2606
2021-04-01,2021,4,Antioquia,4,Prendas de vestir y textiles,0,52.4375
2021-04-01,2021,4,Antioquia,8,Electrodomesticos y muebles,1,90.5440
2021-04-01,2021,4,Antioquia,9,Articulos y utensilios domesticos,0,75.1649
2021-04-01,2021,4,Antioquia,10,Aseo del hogar,0,119.9910
2021-04-01,2021,4,Antioquia,11,Informatica y telecomunicaciones,0,103.9408
2021-04-01,2021,4,Antioquia,12,Sonido y video,0,75.9797
2021-04-01,2021,4,Antioquia,14,"Ferreteria, vidrios y pinturas",0,99.0497
2021-04-01,2021,4,Antioquia,15,Otras mercancias de uso domestico,0,78.3965
2021-04-01,2021,4,Atlantico,4,Prendas de vestir y textiles,0,43.4764
2021-04-01,2021,4,Atlantico,8,Electrodomesticos y muebles,1,77.9685
2021-04-01,2021,4,Atlantico,9,Articulos y utensilios domesticos,0,65.8611
2021-04-01,2021,4,Atlantico,10,Aseo del hogar,0,105.0858
2021-04-01,2021,4,Atlantico,11,Informatica y telecomunicaciones,0,89.1714
2021-04-01,2021,4,Atlantico,12,Sonido y video,0,66.0459
2021-04-01,2021,4,Atlantico,14,"Ferreteria, vidrios y pinturas",0,90.6385
2021-04-01,2021,4,Atlantico,15,Otras mercancias de uso domestico,0,70.3727
2021-04-01,2021,4,Bogota,4,Prendas de vestir y textiles,0,47.3615
2021-04-01,2021,4,Bogota,8,Electrodomesticos y muebles,1,88.5357
2021-04-01,2021,4,Bogota,9,Articulos y utensilios domesticos,0,73.7134
2021-04-01,2021,4,Bogota,10,Aseo del hogar,0,117.1892
2021-04-01,2021,4,Bogota,11,Informatica y telecomunicaciones,0,103.3589
2021-04-01,2021,4,Bogota,12,Sonido y video,0,69.7896
2021-04-01,2021,4,Bogota,14,"Ferreteria, vidrios y pinturas",0,98.9142
2021-04-01,2021,4,Bogota,15,Otras mercancias de uso domestico,0,77.9230
2021-04-01,2021,4,Cundinamarca,4,Prendas de vestir y textiles,0,69.1972
2021-04-01,2021,4,Cundinamarca,8,Electrodomesticos y muebles,1,122.1376
2021-04-01,2021,4,Cundinamarca,9,Articulos y utensilios domesticos,0,101.2302
2021-04-01,2021,4,Cundinamarca,10,Aseo del hogar,0,168.1366
2021-04-01,2021,4,Cundinamarca,11,Informatica y telecomunicaciones,0,142.0737
2021-04-01,2021,4,Cundinamarca,12,Sonido y video,0,101.5125
2021-04-01,2021,4,Cundinamarca,14,"Ferreteria, vidrios y pinturas",0,136.1605
2021-04-01,2021,4,Cundinamarca,15,Otras mercancias de uso domestico,0,105.7449
2021-04-01,2021,4,Santander,4,Prendas de vestir y textiles,0,55.0629
2021-04-01,2021,4,Santander,8,Electrodomesticos y muebles,1,98.0579
2021-04-01,2021,4,Santander,9,Articulos y utensilios domesticos,0,78.7042
2021-04-01,2021,4,Santander,10,Aseo del hogar,0,127.0792
2021-04-01,2021,4,Santander,11,Informatica y telecomunicaciones,0,112.3995
2021-04-01,2021,4,Santander,12,Sonido y video,0,77.9835
2021-04-01,2021,4,Santander,14,"Ferreteria, vidrios y pinturas",0,103.3514
2021-04-01,2021,4,Santander,15,Otras mercancias de uso domestico,0,83.7754
2021-04-01,2021,4,Valle del Cauca,4,Prendas de vestir y textiles,0,46.3886
2021-04-01,2021,4,Valle del Cauca,8,Electrodomesticos y muebles,1,85.9373
2021-04-01,2021,4,Valle del Cauca,9,Articulos y utensilios domesticos,0,69.5944
2021-04-01,2021,4,Valle del Cauca,10,Aseo del hogar,0,110.6996
2021-04-01,2021,4,Valle del Cauca,11,Informatica y telecomunicaciones,0,96.5938
2021-04-01,2021,4,Valle del Cauca,12,Sonido y video,0,71.0377
2021-04-01,2021,4,Valle del Cauca,14,"Ferreteria, vidrios y pinturas",0,98.0139
2021-04-01,2021,4,Valle del Cauca,15,Otras mercancias de uso domestico,0,76.5023
2021-04-01,2021,4,Otros departamentos,4,Prendas de vestir y textiles,0,55.2341
2021-04-01,2021,4,Otros departamentos,8,Electrodomesticos y muebles,1,103.3004
2021-04-01,2021,4,Otros departamentos,9,Articulos y utensilios domesticos,0,81.0772
2021-04-01,2021,4,Otros departamentos,10,Aseo del hogar,0,131.8603
2021-04-01,2021,4,Otros departamentos,11,Informatica y telecomunicaciones,0,116.4073
2021-04-01,2021,4,Otros departamentos,12,Sonido y video,0,82.2766
2021-04-01,2021,4,Otros departamentos,14,"Ferreteria, vidrios y pinturas",0,110.2656
2021-04-01,2021,4,Otros departamentos,15,Otras mercancias de uso domestico,0,88.5099
2021-05-01,2021,5,Antioquia,4,Prendas de vestir y textiles,0,81.8033
2021-05-01,2021,5,Antioquia,8,Electrodomesticos y muebles,1,114.2779
2021-05-01,2021,5,Antioquia,9,Articulos y utensilios domesticos,0,106.3964
2021-05-01,2021,5,Antioquia,10,Aseo del hogar,0,146.3857
2021-05-01,2021,5,Antioquia,11,Informatica y telecomunicaciones,0,144.0039
2021-05-01,2021,5,Antioquia,12,Sonido y video,0,99.4878
2021-05-01,2021,5,Antioquia,14,"Ferreteria, vidrios y pinturas",0,100.4442
2021-05-01,2021,5,Antioquia,15,Otras mercancias de uso domestico,0,91.9987
2021-05-01,2021,5,Atlantico,4,Prendas de vestir y textiles,0,73.0444
2021-05-01,2021,5,Atlantico,8,Electrodomesticos y muebles,1,110.0754
2021-05-01,2021,5,Atlantico,9,Articulos y utensilios domesticos,0,95.8186
2021-05-01,2021,5,Atlantico,10,Aseo del hogar,0,137.8419
2021-05-01,2021,5,Atlantico,11,Informatica y telecomunicaciones,0,134.5384
2021-05-01,2021,5,Atlantico,12,Sonido y video,0,92.2148
2021-05-01,2021,5,Atlantico,14,"Ferreteria, vidrios y pinturas",0,99.3663
2021-05-01,2021,5,Atlantico,15,Otras mercancias de uso domestico,0,87.9119
2021-05-01,2021,5,Bogota,4,Prendas de vestir y textiles,0,74.7281
2021-05-01,2021,5,Bogota,8,Electrodomesticos y muebles,1,110.9240
2021-05-01,2021,5,Bogota,9,Articulos y utensilios domesticos,0,99.6606
2021-05-01,2021,5,Bogota,10,Aseo del hogar,0,144.7318
2021-05-01,2021,5,Bogota,11,Informatica y telecomunicaciones,0,138.3047
2021-05-01,2021,5,Bogota,12,Sonido y video,0,92.4046
2021-05-01,2021,5,Bogota,14,"Ferreteria, vidrios y pinturas",0,98.8957
2021-05-01,2021,5,Bogota,15,Otras mercancias de uso domestico,0,90.0161
2021-05-01,2021,5,Cundinamarca,4,Prendas de vestir y textiles,0,88.5256
2021-05-01,2021,5,Cundinamarca,8,Electrodomesticos y muebles,1,128.8912
2021-05-01,2021,5,Cundinamarca,9,Articulos y utensilios domesticos,0,118.9225
2021-05-01,2021,5,Cundinamarca,10,Aseo del hogar,0,168.4177
2021-05-01,2021,5,Cundinamarca,11,Informatica y telecomunicaciones,0,161.4268
2021-05-01,2021,5,Cundinamarca,12,Sonido y video,0,110.4891
2021-05-01,2021,5,Cundinamarca,14,"Ferreteria, vidrios y pinturas",0,118.6358
2021-05-01,2021,5,Cundinamarca,15,Otras mercancias de uso domestico,0,102.6647
2021-05-01,2021,5,Santander,4,Prendas de vestir y textiles,0,71.1956
2021-05-01,2021,5,Santander,8,Electrodomesticos y muebles,1,107.1617
2021-05-01,2021,5,Santander,9,Articulos y utensilios domesticos,0,95.4846
2021-05-01,2021,5,Santander,10,Aseo del hogar,0,127.2059
2021-05-01,2021,5,Santander,11,Informatica y telecomunicaciones,0,127.8269
2021-05-01,2021,5,Santander,12,Sonido y video,0,88.4066
2021-05-01,2021,5,Santander,14,"Ferreteria, vidrios y pinturas",0,90.9994
2021-05-01,2021,5,Santander,15,Otras mercancias de uso domestico,0,83.8701
2021-05-01,2021,5,Valle del Cauca,4,Prendas de vestir y textiles,0,43.4606
2021-05-01,2021,5,Valle del Cauca,8,Electrodomesticos y muebles,1,65.5485
2021-05-01,2021,5,Valle del Cauca,9,Articulos y utensilios domesticos,0,59.2292
2021-05-01,2021,5,Valle del Cauca,10,Aseo del hogar,0,80.9315
2021-05-01,2021,5,Valle del Cauca,11,Informatica y telecomunicaciones,0,79.5150
2021-05-01,2021,5,Valle del Cauca,12,Sonido y video,0,55.5555
2021-05-01,2021,5,Valle del Cauca,14,"Ferreteria, vidrios y pinturas",0,58.6706
2021-05-01,2021,5,Valle del Cauca,15,Otras mercancias de uso domestico,0,54.1656
2021-05-01,2021,5,Otros departamentos,4,Prendas de vestir y textiles,0,69.4306
2021-05-01,2021,5,Otros departamentos,8,Electrodomesticos y muebles,1,97.9601
2021-05-01,2021,5,Otros departamentos,9,Articulos y utensilios domesticos,0,88.8781
2021-05-01,2021,5,Otros departamentos,10,Aseo del hogar,0,122.0070
2021-05-01,2021,5,Otros departamentos,11,Informatica y telecomunicaciones,0,122.9111
2021-05-01,2021,5,Otros departamentos,12,Sonido y video,0,82.9835
2021-05-01,2021,5,Otros departamentos,14,"Ferreteria, vidrios y pinturas",0,88.1724
2021-05-01,2021,5,Otros departamentos,15,Otras mercancias de uso domestico,0,81.7335
2021-06-01,2021,6,Antioquia,4,Prendas de vestir y textiles,0,100.1843
2021-06-01,2021,6,Antioquia,8,Electrodomesticos y muebles,1,118.3736
2021-06-01,2021,6,Antioquia,9,Articulos y utensilios domesticos,0,106.1556
2021-06-01,2021,6,Antioquia,10,Aseo del hogar,0,136.4576
2021-06-01,2021,6,Antioquia,11,Informatica y telecomunicaciones,0,136.5567
2021-06-01,2021,6,Antioquia,12,Sonido y video,0,107.6158
2021-06-01,2021,6,Antioquia,14,"Ferreteria, vidrios y pinturas",0,113.8150
2021-06-01,2021,6,Antioquia,15,Otras mercancias de uso domestico,0,96.7607
2021-06-01,2021,6,Atlantico,4,Prendas de vestir y textiles,0,96.7326
2021-06-01,2021,6,Atlantico,8,Electrodomesticos y muebles,1,117.5203
2021-06-01,2021,6,Atlantico,9,Articulos y utensilios domesticos,0,107.5275
2021-06-01,2021,6,Atlantico,10,Aseo del hogar,0,135.0261
2021-06-01,2021,6,Atlantico,11,Informatica y telecomunicaciones,0,131.0178
2021-06-01,2021,6,Atlantico,12,Sonido y video,0,106.1641
2021-06-01,2021,6,Atlantico,14,"Ferreteria, vidrios y pinturas",0,119.2692
2021-06-01,2021,6,Atlantico,15,Otras mercancias de uso domestico,0,98.3606
2021-06-01,2021,6,Bogota,4,Prendas de vestir y textiles,0,95.8860
2021-06-01,2021,6,Bogota,8,Electrodomesticos y muebles,1,119.4563
2021-06-01,2021,6,Bogota,9,Articulos y utensilios domesticos,0,105.8042
2021-06-01,2021,6,Bogota,10,Aseo del hogar,0,138.5408
2021-06-01,2021,6,Bogota,11,Informatica y telecomunicaciones,0,134.2465
2021-06-01,2021,6,Bogota,12,Sonido y video,0,105.0990
2021-06-01,2021,6,Bogota,14,"Ferreteria, vidrios y pinturas",0,119.0930
2021-06-01,2021,6,Bogota,15,Otras mercancias de uso domestico,0,102.3313
2021-06-01,2021,6,Cundinamarca,4,Prendas de vestir y textiles,0,110.1915
2021-06-01,2021,6,Cundinamarca,8,Electrodomesticos y muebles,1,130.3977
2021-06-01,2021,6,Cundinamarca,9,Articulos y utensilios domesticos,0,123.3284
2021-06-01,2021,6,Cundinamarca,10,Aseo del hogar,0,155.8377
2021-06-01,2021,6,Cundinamarca,11,Informatica y telecomunicaciones,0,154.7185
2021-06-01,2021,6,Cundinamarca,12,Sonido y video,0,118.1366
2021-06-01,2021,6,Cundinamarca,14,"Ferreteria, vidrios y pinturas",0,134.8205
2021-06-01,2021,6,Cundinamarca,15,Otras mercancias de uso domestico,0,107.7739
2021-06-01,2021,6,Santander,4,Prendas de vestir y textiles,0,92.0023
2021-06-01,2021,6,Santander,8,Electrodomesticos y muebles,1,108.2016
2021-06-01,2021,6,Santander,9,Articulos y utensilios domesticos,0,104.0130
2021-06-01,2021,6,Santander,10,Aseo del hogar,0,121.9192
2021-06-01,2021,6,Santander,11,Informatica y telecomunicaciones,0,130.6379
2021-06-01,2021,6,Santander,12,Sonido y video,0,96.3380
2021-06-01,2021,6,Santander,14,"Ferreteria, vidrios y pinturas",0,108.6571
2021-06-01,2021,6,Santander,15,Otras mercancias de uso domestico,0,94.9926
2021-06-01,2021,6,Valle del Cauca,4,Prendas de vestir y textiles,0,86.4453
2021-06-01,2021,6,Valle del Cauca,8,Electrodomesticos y muebles,1,102.2154
2021-06-01,2021,6,Valle del Cauca,9,Articulos y utensilios domesticos,0,96.5962
2021-06-01,2021,6,Valle del Cauca,10,Aseo del hogar,0,115.7008
2021-06-01,2021,6,Valle del Cauca,11,Informatica y telecomunicaciones,0,118.4994
2021-06-01,2021,6,Valle del Cauca,12,Sonido y video,0,91.5189
2021-06-01,2021,6,Valle del Cauca,14,"Ferreteria, vidrios y pinturas",0,104.1737
2021-06-01,2021,6,Valle del Cauca,15,Otras mercancias de uso domestico,0,86.3252
2021-06-01,2021,6,Otros departamentos,4,Prendas de vestir y textiles,0,97.8349
2021-06-01,2021,6,Otros departamentos,8,Electrodomesticos y muebles,1,115.1309
2021-06-01,2021,6,Otros departamentos,9,Articulos y utensilios domesticos,0,106.3157
2021-06-01,2021,6,Otros departamentos,10,Aseo del hogar,0,125.3370
2021-06-01,2021,6,Otros departamentos,11,Informatica y telecomunicaciones,0,135.2477
2021-06-01,2021,6,Otros departamentos,12,Sonido y video,0,102.9145
2021-06-01,2021,6,Otros departamentos,14,"Ferreteria, vidrios y pinturas",0,114.4194
2021-06-01,2021,6,Otros departamentos,15,Otras mercancias de uso domestico,0,98.0657
2021-07-01,2021,7,Antioquia,4,Prendas de vestir y textiles,0,101.8320
2021-07-01,2021,7,Antioquia,8,Electrodomesticos y muebles,1,131.0781
2021-07-01,2021,7,Antioquia,9,Articulos y utensilios domesticos,0,115.3398
2021-07-01,2021,7,Antioquia,10,Aseo del hogar,0,148.5003
2021-07-01,2021,7,Antioquia,11,Informatica y telecomunicaciones,0,152.3298
2021-07-01,2021,7,Antioquia,12,Sonido y video,0,116.8934
2021-07-01,2021,7,Antioquia,14,"Ferreteria, vidrios y pinturas",0,120.3612
2021-07-01,2021,7,Antioquia,15,Otras mercancias de uso domestico,0,102.4432
2021-07-01,2021,7,Atlantico,4,Prendas de vestir y textiles,0,101.9349
2021-07-01,2021,7,Atlantico,8,Electrodomesticos y muebles,1,134.5757
2021-07-01,2021,7,Atlantico,9,Articulos y utensilios domesticos,0,116.2721
2021-07-01,2021,7,Atlantico,10,Aseo del hogar,0,141.1388
2021-07-01,2021,7,Atlantico,11,Informatica y telecomunicaciones,0,146.8811
2021-07-01,2021,7,Atlantico,12,Sonido y video,0,113.8246
2021-07-01,2021,7,Atlantico,14,"Ferreteria, vidrios y pinturas",0,122.4264
2021-07-01,2021,7,Atlantico,15,Otras mercancias de uso domestico,0,103.7562
2021-07-01,2021,7,Bogota,4,Prendas de vestir y textiles,0,106.4548
2021-07-01,2021,7,Bogota,8,Electrodomesticos y muebles,1,146.9078
2021-07-01,2021,7,Bogota,9,Articulos y utensilios domesticos,0,119.2048
2021-07-01,2021,7,Bogota,10,Aseo del hogar,0,155.6221
2021-07-01,2021,7,Bogota,11,Informatica y telecomunicaciones,0,157.9288
2021-07-01,2021,7,Bogota,12,Sonido y video,0,119.4712
2021-07-01,2021,7,Bogota,14,"Ferreteria, vidrios y pinturas",0,131.9894
2021-07-01,2021,7,Bogota,15,Otras mercancias de uso domestico,0,107.3259
2021-07-01,2021,7,Cundinamarca,4,Prendas de vestir y textiles,0,119.0338
2021-07-01,2021,7,Cundinamarca,8,Electrodomesticos y muebles,1,156.3114
2021-07-01,2021,7,Cundinamarca,9,Articulos y utensilios domesticos,0,135.6878
2021-07-01,2021,7,Cundinamarca,10,Aseo del hogar,0,170.0221
2021-07-01,2021,7,Cundinamarca,11,Informatica y telecomunicaciones,0,181.0471
2021-07-01,2021,7,Cundinamarca,12,Sonido y video,0,131.0421
2021-07-01,2021,7,Cundinamarca,14,"Ferreteria, vidrios y pinturas",0,142.9643
2021-07-01,2021,7,Cundinamarca,15,Otras mercancias de uso domestico,0,112.7040
2021-07-01,2021,7,Santander,4,Prendas de vestir y textiles,0,96.6357
2021-07-01,2021,7,Santander,8,Electrodomesticos y muebles,1,121.6266
2021-07-01,2021,7,Santander,9,Articulos y utensilios domesticos,0,109.1286
2021-07-01,2021,7,Santander,10,Aseo del hogar,0,131.6098
2021-07-01,2021,7,Santander,11,Informatica y telecomunicaciones,0,143.2843
2021-07-01,2021,7,Santander,12,Sonido y video,0,103.6084
2021-07-01,2021,7,Santander,14,"Ferreteria, vidrios y pinturas",0,115.0609
2021-07-01,2021,7,Santander,15,Otras mercancias de uso domestico,0,95.3295
2021-07-01,2021,7,Valle del Cauca,4,Prendas de vestir y textiles,0,98.8725
2021-07-01,2021,7,Valle del Cauca,8,Electrodomesticos y muebles,1,121.5126
2021-07-01,2021,7,Valle del Cauca,9,Articulos y utensilios domesticos,0,110.7752
2021-07-01,2021,7,Valle del Cauca,10,Aseo del hogar,0,138.5090
2021-07-01,2021,7,Valle del Cauca,11,Informatica y telecomunicaciones,0,146.5633
2021-07-01,2021,7,Valle del Cauca,12,Sonido y video,0,107.0832
2021-07-01,2021,7,Valle del Cauca,14,"Ferreteria, vidrios y pinturas",0,115.4910
2021-07-01,2021,7,Valle del Cauca,15,Otras mercancias de uso domestico,0,96.2204
2021-07-01,2021,7,Otros departamentos,4,Prendas de vestir y textiles,0,102.0122
2021-07-01,2021,7,Otros departamentos,8,Electrodomesticos y muebles,1,129.9251
2021-07-01,2021,7,Otros departamentos,9,Articulos y utensilios domesticos,0,115.2105
2021-07-01,2021,7,Otros departamentos,10,Aseo del hogar,0,137.0380
2021-07-01,2021,7,Otros departamentos,11,Informatica y telecomunicaciones,0,151.0928
2021-07-01,2021,7,Otros departamentos,12,Sonido y video,0,109.0678
2021-07-01,2021,7,Otros departamentos,14,"Ferreteria, vidrios y pinturas",0,119.6832
2021-07-01,2021,7,Otros departamentos,15,Otras mercancias de uso domestico,0,103.4240
2021-08-01,2021,8,Antioquia,4,Prendas de vestir y textiles,0,96.6610
2021-08-01,2021,8,Antioquia,8,Electrodomesticos y muebles,1,132.9661
2021-08-01,2021,8,Antioquia,9,Articulos y utensilios domesticos,0,116.7954
2021-08-01,2021,8,Antioquia,10,Aseo del hogar,0,148.0451
2021-08-01,2021,8,Antioquia,11,Informatica y telecomunicaciones,0,172.1605
2021-08-01,2021,8,Antioquia,12,Sonido y video,0,113.3653
2021-08-01,2021,8,Antioquia,14,"Ferreteria, vidrios y pinturas",0,130.2774
2021-08-01,2021,8,Antioquia,15,Otras mercancias de uso domestico,0,105.8053
2021-08-01,2021,8,Atlantico,4,Prendas de vestir y textiles,0,95.2582
2021-08-01,2021,8,Atlantico,8,Electrodomesticos y muebles,1,127.5712
2021-08-01,2021,8,Atlantico,9,Articulos y utensilios domesticos,0,112.3120
2021-08-01,2021,8,Atlantico,10,Aseo del hogar,0,137.3308
2021-08-01,2021,8,Atlantico,11,Informatica y telecomunicaciones,0,160.3028
2021-08-01,2021,8,Atlantico,12,Sonido y video,0,105.3663
2021-08-01,2021,8,Atlantico,14,"Ferreteria, vidrios y pinturas",0,122.9181
2021-08-01,2021,8,Atlantico,15,Otras mercancias de uso domestico,0,102.7675
2021-08-01,2021,8,Bogota,4,Prendas de vestir y textiles,0,100.4446
2021-08-01,2021,8,Bogota,8,Electrodomesticos y muebles,1,141.5780
2021-08-01,2021,8,Bogota,9,Articulos y utensilios domesticos,0,122.8876
2021-08-01,2021,8,Bogota,10,Aseo del hogar,0,153.5873
2021-08-01,2021,8,Bogota,11,Informatica y telecomunicaciones,0,182.0041
2021-08-01,2021,8,Bogota,12,Sonido y video,0,116.3629
2021-08-01,2021,8,Bogota,14,"Ferreteria, vidrios y pinturas",0,134.3933
2021-08-01,2021,8,Bogota,15,Otras mercancias de uso domestico,0,111.2767
2021-08-01,2021,8,Cundinamarca,4,Prendas de vestir y textiles,0,115.3590
2021-08-01,2021,8,Cundinamarca,8,Electrodomesticos y muebles,1,158.6079
2021-08-01,2021,8,Cundinamarca,9,Articulos y utensilios domesticos,0,139.9183
2021-08-01,2021,8,Cundinamarca,10,Aseo del hogar,0,170.7399
2021-08-01,2021,8,Cundinamarca,11,Informatica y telecomunicaciones,0,204.7022
2021-08-01,2021,8,Cundinamarca,12,Sonido y video,0,128.1674
2021-08-01,2021,8,Cundinamarca,14,"Ferreteria, vidrios y pinturas",0,152.2414
2021-08-01,2021,8,Cundinamarca,15,Otras mercancias de uso domestico,0,125.6440
2021-08-01,2021,8,Santander,4,Prendas de vestir y textiles,0,91.2384
2021-08-01,2021,8,Santander,8,Electrodomesticos y muebles,1,128.9803
2021-08-01,2021,8,Santander,9,Articulos y utensilios domesticos,0,109.9018
2021-08-01,2021,8,Santander,10,Aseo del hogar,0,133.0763
2021-08-01,2021,8,Santander,11,Informatica y telecomunicaciones,0,158.1703
2021-08-01,2021,8,Santander,12,Sonido y video,0,102.3471
2021-08-01,2021,8,Santander,14,"Ferreteria, vidrios y pinturas",0,123.8330
2021-08-01,2021,8,Santander,15,Otras mercancias de uso domestico,0,100.5486
2021-08-01,2021,8,Valle del Cauca,4,Prendas de vestir y textiles,0,92.7545
2021-08-01,2021,8,Valle del Cauca,8,Electrodomesticos y muebles,1,124.8521
2021-08-01,2021,8,Valle del Cauca,9,Articulos y utensilios domesticos,0,110.7712
2021-08-01,2021,8,Valle del Cauca,10,Aseo del hogar,0,141.6614
2021-08-01,2021,8,Valle del Cauca,11,Informatica y telecomunicaciones,0,167.4250
2021-08-01,2021,8,Valle del Cauca,12,Sonido y video,0,102.7201
2021-08-01,2021,8,Valle del Cauca,14,"Ferreteria, vidrios y pinturas",0,118.3792
2021-08-01,2021,8,Valle del Cauca,15,Otras mercancias de uso domestico,0,100.0182
2021-08-01,2021,8,Otros departamentos,4,Prendas de vestir y textiles,0,95.5978
2021-08-01,2021,8,Otros departamentos,8,Electrodomesticos y muebles,1,129.3101
2021-08-01,2021,8,Otros departamentos,9,Articulos y utensilios domesticos,0,115.0763
2021-08-01,2021,8,Otros departamentos,10,Aseo del hogar,0,131.2426
2021-08-01,2021,8,Otros departamentos,11,Informatica y telecomunicaciones,0,165.5974
2021-08-01,2021,8,Otros departamentos,12,Sonido y video,0,103.1961
2021-08-01,2021,8,Otros departamentos,14,"Ferreteria, vidrios y pinturas",0,119.8954
2021-08-01,2021,8,Otros departamentos,15,Otras mercancias de uso domestico,0,103.8722
2021-09-01,2021,9,Antioquia,4,Prendas de vestir y textiles,0,102.1280
2021-09-01,2021,9,Antioquia,8,Electrodomesticos y muebles,1,113.5912
2021-09-01,2021,9,Antioquia,9,Articulos y utensilios domesticos,0,110.8880
2021-09-01,2021,9,Antioquia,10,Aseo del hogar,0,141.2987
2021-09-01,2021,9,Antioquia,11,Informatica y telecomunicaciones,0,141.0858
2021-09-01,2021,9,Antioquia,12,Sonido y video,0,93.6735
2021-09-01,2021,9,Antioquia,14,"Ferreteria, vidrios y pinturas",0,126.3148
2021-09-01,2021,9,Antioquia,15,Otras mercancias de uso domestico,0,106.0679
2021-09-01,2021,9,Atlantico,4,Prendas de vestir y textiles,0,96.4089
2021-09-01,2021,9,Atlantico,8,Electrodomesticos y muebles,1,107.3189
2021-09-01,2021,9,Atlantico,9,Articulos y utensilios domesticos,0,106.2673
2021-09-01,2021,9,Atlantico,10,Aseo del hogar,0,129.1039
2021-09-01,2021,9,Atlantico,11,Informatica y telecomunicaciones,0,130.2460
2021-09-01,2021,9,Atlantico,12,Sonido y video,0,83.4048
2021-09-01,2021,9,Atlantico,14,"Ferreteria, vidrios y pinturas",0,118.7114
2021-09-01,2021,9,Atlantico,15,Otras mercancias de uso domestico,0,100.4680
2021-09-01,2021,9,Bogota,4,Prendas de vestir y textiles,0,111.4496
2021-09-01,2021,9,Bogota,8,Electrodomesticos y muebles,1,128.8305
2021-09-01,2021,9,Bogota,9,Articulos y utensilios domesticos,0,122.1772
2021-09-01,2021,9,Bogota,10,Aseo del hogar,0,150.5976
2021-09-01,2021,9,Bogota,11,Informatica y telecomunicaciones,0,157.6538
2021-09-01,2021,9,Bogota,12,Sonido y video,0,102.0828
2021-09-01,2021,9,Bogota,14,"Ferreteria, vidrios y pinturas",0,139.3839
2021-09-01,2021,9,Bogota,15,Otras mercancias de uso domestico,0,116.9889
2021-09-01,2021,9,Cundinamarca,4,Prendas de vestir y textiles,0,119.1212
2021-09-01,2021,9,Cundinamarca,8,Electrodomesticos y muebles,1,134.2505
2021-09-01,2021,9,Cundinamarca,9,Articulos y utensilios domesticos,0,133.7327
2021-09-01,2021,9,Cundinamarca,10,Aseo del hogar,0,160.6216
2021-09-01,2021,9,Cundinamarca,11,Informatica y telecomunicaciones,0,158.5900
2021-09-01,2021,9,Cundinamarca,12,Sonido y video,0,106.6645
2021-09-01,2021,9,Cundinamarca,14,"Ferreteria, vidrios y pinturas",0,148.7673
2021-09-01,2021,9,Cundinamarca,15,Otras mercancias de uso domestico,0,124.7304
2021-09-01,2021,9,Santander,4,Prendas de vestir y textiles,0,93.2536
2021-09-01,2021,9,Santander,8,Electrodomesticos y muebles,1,109.0853
2021-09-01,2021,9,Santander,9,Articulos y utensilios domesticos,0,107.5132
2021-09-01,2021,9,Santander,10,Aseo del hogar,0,131.5338
2021-09-01,2021,9,Santander,11,Informatica y telecomunicaciones,0,127.9867
2021-09-01,2021,9,Santander,12,Sonido y video,0,84.7246
2021-09-01,2021,9,Santander,14,"Ferreteria, vidrios y pinturas",0,120.4821
2021-09-01,2021,9,Santander,15,Otras mercancias de uso domestico,0,99.8533
2021-09-01,2021,9,Valle del Cauca,4,Prendas de vestir y textiles,0,97.1734
2021-09-01,2021,9,Valle del Cauca,8,Electrodomesticos y muebles,1,110.3386
2021-09-01,2021,9,Valle del Cauca,9,Articulos y utensilios domesticos,0,111.3769
2021-09-01,2021,9,Valle del Cauca,10,Aseo del hogar,0,138.1484
2021-09-01,2021,9,Valle del Cauca,11,Informatica y telecomunicaciones,0,139.5837
2021-09-01,2021,9,Valle del Cauca,12,Sonido y video,0,87.8967
2021-09-01,2021,9,Valle del Cauca,14,"Ferreteria, vidrios y pinturas",0,122.8866
2021-09-01,2021,9,Valle del Cauca,15,Otras mercancias de uso domestico,0,101.5232
2021-09-01,2021,9,Otros departamentos,4,Prendas de vestir y textiles,0,98.0434
2021-09-01,2021,9,Otros departamentos,8,Electrodomesticos y muebles,1,109.9981
2021-09-01,2021,9,Otros departamentos,9,Articulos y utensilios domesticos,0,112.4962
2021-09-01,2021,9,Otros departamentos,10,Aseo del hogar,0,126.3992
2021-09-01,2021,9,Otros departamentos,11,Informatica y telecomunicaciones,0,132.9427
2021-09-01,2021,9,Otros departamentos,12,Sonido y video,0,84.1658
2021-09-01,2021,9,Otros departamentos,14,"Ferreteria, vidrios y pinturas",0,118.8765
2021-09-01,2021,9,Otros departamentos,15,Otras mercancias de uso domestico,0,101.6778
2021-10-01,2021,10,Antioquia,4,Prendas de vestir y textiles,0,120.1825
2021-10-01,2021,10,Antioquia,8,Electrodomesticos y muebles,1,152.5323
2021-10-01,2021,10,Antioquia,9,Articulos y utensilios domesticos,0,127.9067
2021-10-01,2021,10,Antioquia,10,Aseo del hogar,0,146.7901
2021-10-01,2021,10,Antioquia,11,Informatica y telecomunicaciones,0,185.7827
2021-10-01,2021,10,Antioquia,12,Sonido y video,0,172.2169
2021-10-01,2021,10,Antioquia,14,"Ferreteria, vidrios y pinturas",0,127.4309
2021-10-01,2021,10,Antioquia,15,Otras mercancias de uso domestico,0,119.9563
2021-10-01,2021,10,Atlantico,4,Prendas de vestir y textiles,0,117.4515
2021-10-01,2021,10,Atlantico,8,Electrodomesticos y muebles,1,149.5380
2021-10-01,2021,10,Atlantico,9,Articulos y utensilios domesticos,0,127.7991
2021-10-01,2021,10,Atlantico,10,Aseo del hogar,0,136.5831
2021-10-01,2021,10,Atlantico,11,Informatica y telecomunicaciones,0,181.2773
2021-10-01,2021,10,Atlantico,12,Sonido y video,0,157.4516
2021-10-01,2021,10,Atlantico,14,"Ferreteria, vidrios y pinturas",0,125.6450
2021-10-01,2021,10,Atlantico,15,Otras mercancias de uso domestico,0,120.3226
2021-10-01,2021,10,Bogota,4,Prendas de vestir y textiles,0,137.3243
2021-10-01,2021,10,Bogota,8,Electrodomesticos y muebles,1,175.0342
2021-10-01,2021,10,Bogota,9,Articulos y utensilios domesticos,0,146.4272
2021-10-01,2021,10,Bogota,10,Aseo del hogar,0,164.7677
2021-10-01,2021,10,Bogota,11,Informatica y telecomunicaciones,0,212.7655
2021-10-01,2021,10,Bogota,12,Sonido y video,0,193.1539
2021-10-01,2021,10,Bogota,14,"Ferreteria, vidrios y pinturas",0,145.9307
2021-10-01,2021,10,Bogota,15,Otras mercancias de uso domestico,0,136.7487
2021-10-01,2021,10,Cundinamarca,4,Prendas de vestir y textiles,0,133.2872
2021-10-01,2021,10,Cundinamarca,8,Electrodomesticos y muebles,1,166.1345
2021-10-01,2021,10,Cundinamarca,9,Articulos y utensilios domesticos,0,144.2835
2021-10-01,2021,10,Cundinamarca,10,Aseo del hogar,0,155.6806
2021-10-01,2021,10,Cundinamarca,11,Informatica y telecomunicaciones,0,205.6281
2021-10-01,2021,10,Cundinamarca,12,Sonido y video,0,192.4276
2021-10-01,2021,10,Cundinamarca,14,"Ferreteria, vidrios y pinturas",0,144.8638
2021-10-01,2021,10,Cundinamarca,15,Otras mercancias de uso domestico,0,132.1950
2021-10-01,2021,10,Santander,4,Prendas de vestir y textiles,0,116.9514
2021-10-01,2021,10,Santander,8,Electrodomesticos y muebles,1,152.1401
2021-10-01,2021,10,Santander,9,Articulos y utensilios domesticos,0,127.1353
2021-10-01,2021,10,Santander,10,Aseo del hogar,0,141.6697
2021-10-01,2021,10,Santander,11,Informatica y telecomunicaciones,0,172.1412
2021-10-01,2021,10,Santander,12,Sonido y video,0,162.6438
2021-10-01,2021,10,Santander,14,"Ferreteria, vidrios y pinturas",0,122.0132
2021-10-01,2021,10,Santander,15,Otras mercancias de uso domestico,0,118.4754
2021-10-01,2021,10,Valle del Cauca,4,Prendas de vestir y textiles,0,109.6447
2021-10-01,2021,10,Valle del Cauca,8,Electrodomesticos y muebles,1,143.3010
2021-10-01,2021,10,Valle del Cauca,9,Articulos y utensilios domesticos,0,126.1532
2021-10-01,2021,10,Valle del Cauca,10,Aseo del hogar,0,136.4752
2021-10-01,2021,10,Valle del Cauca,11,Informatica y telecomunicaciones,0,174.4525
2021-10-01,2021,10,Valle del Cauca,12,Sonido y video,0,151.7465
2021-10-01,2021,10,Valle del Cauca,14,"Ferreteria, vidrios y pinturas",0,118.6406
2021-10-01,2021,10,Valle del Cauca,15,Otras mercancias de uso domestico,0,112.1140
2021-10-01,2021,10,Otros departamentos,4,Prendas de vestir y textiles,0,113.0202
2021-10-01,2021,10,Otros departamentos,8,Electrodomesticos y muebles,1,146.4181
2021-10-01,2021,10,Otros departamentos,9,Articulos y utensilios domesticos,0,127.0670
2021-10-01,2021,10,Otros departamentos,10,Aseo del hogar,0,132.0185
2021-10-01,2021,10,Otros departamentos,11,Informatica y telecomunicaciones,0,175.3059
2021-10-01,2021,10,Otros departamentos,12,Sonido y video,0,159.5942
2021-10-01,2021,10,Otros departamentos,14,"Ferreteria, vidrios y pinturas",0,120.8939
2021-10-01,2021,10,Otros departamentos,15,Otras mercancias de uso domestico,0,115.8695
2021-11-01,2021,11,Antioquia,4,Prendas de vestir y textiles,0,141.3631
2021-11-01,2021,11,Antioquia,8,Electrodomesticos y muebles,1,139.1409
2021-11-01,2021,11,Antioquia,9,Articulos y utensilios domesticos,0,135.0641
2021-11-01,2021,11,Antioquia,10,Aseo del hogar,0,139.8131
2021-11-01,2021,11,Antioquia,11,Informatica y telecomunicaciones,0,178.3453
2021-11-01,2021,11,Antioquia,12,Sonido y video,0,143.5520
2021-11-01,2021,11,Antioquia,14,"Ferreteria, vidrios y pinturas",0,130.4486
2021-11-01,2021,11,Antioquia,15,Otras mercancias de uso domestico,0,141.9673
2021-11-01,2021,11,Atlantico,4,Prendas de vestir y textiles,0,142.8425
2021-11-01,2021,11,Atlantico,8,Electrodomesticos y muebles,1,137.1081
2021-11-01,2021,11,Atlantico,9,Articulos y utensilios domesticos,0,141.0408
2021-11-01,2021,11,Atlantico,10,Aseo del hogar,0,130.4804
2021-11-01,2021,11,Atlantico,11,Informatica y telecomunicaciones,0,179.8152
2021-11-01,2021,11,Atlantico,12,Sonido y video,0,140.8410
2021-11-01,2021,11,Atlantico,14,"Ferreteria, vidrios y pinturas",0,133.6467
2021-11-01,2021,11,Atlantico,15,Otras mercancias de uso domestico,0,141.3287
2021-11-01,2021,11,Bogota,4,Prendas de vestir y textiles,0,163.8272
2021-11-01,2021,11,Bogota,8,Electrodomesticos y muebles,1,172.0767
2021-11-01,2021,11,Bogota,9,Articulos y utensilios domesticos,0,156.1019
2021-11-01,2021,11,Bogota,10,Aseo del hogar,0,167.3719
2021-11-01,2021,11,Bogota,11,Informatica y telecomunicaciones,0,214.1358
2021-11-01,2021,11,Bogota,12,Sonido y video,0,164.7413
2021-11-01,2021,11,Bogota,14,"Ferreteria, vidrios y pinturas",0,156.0781
2021-11-01,2021,11,Bogota,15,Otras mercancias de uso domestico,0,164.7881
2021-11-01,2021,11,Cundinamarca,4,Prendas de vestir y textiles,0,163.1606
2021-11-01,2021,11,Cundinamarca,8,Electrodomesticos y muebles,1,163.1035
2021-11-01,2021,11,Cundinamarca,9,Articulos y utensilios domesticos,0,152.5304
2021-11-01,2021,11,Cundinamarca,10,Aseo del hogar,0,155.1086
2021-11-01,2021,11,Cundinamarca,11,Informatica y telecomunicaciones,0,203.5018
2021-11-01,2021,11,Cundinamarca,12,Sonido y video,0,168.0661
2021-11-01,2021,11,Cundinamarca,14,"Ferreteria, vidrios y pinturas",0,150.8293
2021-11-01,2021,11,Cundinamarca,15,Otras mercancias de uso domestico,0,165.4634
2021-11-01,2021,11,Santander,4,Prendas de vestir y textiles,0,134.8746
2021-11-01,2021,11,Santander,8,Electrodomesticos y muebles,1,136.1462
2021-11-01,2021,11,Santander,9,Articulos y utensilios domesticos,0,130.3951
2021-11-01,2021,11,Santander,10,Aseo del hogar,0,132.1085
2021-11-01,2021,11,Santander,11,Informatica y telecomunicaciones,0,164.8260
2021-11-01,2021,11,Santander,12,Sonido y video,0,135.1973
2021-11-01,2021,11,Santander,14,"Ferreteria, vidrios y pinturas",0,123.6625
2021-11-01,2021,11,Santander,15,Otras mercancias de uso domestico,0,132.2778
2021-11-01,2021,11,Valle del Cauca,4,Prendas de vestir y textiles,0,136.4299
2021-11-01,2021,11,Valle del Cauca,8,Electrodomesticos y muebles,1,137.4524
2021-11-01,2021,11,Valle del Cauca,9,Articulos y utensilios domesticos,0,137.0620
2021-11-01,2021,11,Valle del Cauca,10,Aseo del hogar,0,136.3474
2021-11-01,2021,11,Valle del Cauca,11,Informatica y telecomunicaciones,0,176.8078
2021-11-01,2021,11,Valle del Cauca,12,Sonido y video,0,141.3640
2021-11-01,2021,11,Valle del Cauca,14,"Ferreteria, vidrios y pinturas",0,131.2368
2021-11-01,2021,11,Valle del Cauca,15,Otras mercancias de uso domestico,0,140.6562
2021-11-01,2021,11,Otros departamentos,4,Prendas de vestir y textiles,0,128.1999
2021-11-01,2021,11,Otros departamentos,8,Electrodomesticos y muebles,1,133.8213
2021-11-01,2021,11,Otros departamentos,9,Articulos y utensilios domesticos,0,131.9176
2021-11-01,2021,11,Otros departamentos,10,Aseo del hogar,0,125.8855
2021-11-01,2021,11,Otros departamentos,11,Informatica y telecomunicaciones,0,172.1548
2021-11-01,2021,11,Otros departamentos,12,Sonido y video,0,130.6168
2021-11-01,2021,11,Otros departamentos,14,"Ferreteria, vidrios y pinturas",0,124.5542
2021-11-01,2021,11,Otros departamentos,15,Otras mercancias de uso domestico,0,133.5824
2021-12-01,2021,12,Antioquia,4,Prendas de vestir y textiles,0,301.8192
2021-12-01,2021,12,Antioquia,8,Electrodomesticos y muebles,1,158.8514
2021-12-01,2021,12,Antioquia,9,Articulos y utensilios domesticos,0,170.9009
2021-12-01,2021,12,Antioquia,10,Aseo del hogar,0,158.5090
2021-12-01,2021,12,Antioquia,11,Informatica y telecomunicaciones,0,246.5852
2021-12-01,2021,12,Antioquia,12,Sonido y video,0,182.2531
2021-12-01,2021,12,Antioquia,14,"Ferreteria, vidrios y pinturas",0,129.5150
2021-12-01,2021,12,Antioquia,15,Otras mercancias de uso domestico,0,187.9114
2021-12-01,2021,12,Atlantico,4,Prendas de vestir y textiles,0,304.9079
2021-12-01,2021,12,Atlantico,8,Electrodomesticos y muebles,1,163.2990
2021-12-01,2021,12,Atlantico,9,Articulos y utensilios domesticos,0,177.8742
2021-12-01,2021,12,Atlantico,10,Aseo del hogar,0,153.9586
2021-12-01,2021,12,Atlantico,11,Informatica y telecomunicaciones,0,254.5532
2021-12-01,2021,12,Atlantico,12,Sonido y video,0,186.1947
2021-12-01,2021,12,Atlantico,14,"Ferreteria, vidrios y pinturas",0,129.8683
2021-12-01,2021,12,Atlantico,15,Otras mercancias de uso domestico,0,192.5687
2021-12-01,2021,12,Bogota,4,Prendas de vestir y textiles,0,318.9619
2021-12-01,2021,12,Bogota,8,Electrodomesticos y muebles,1,182.8819
2021-12-01,2021,12,Bogota,9,Articulos y utensilios domesticos,0,191.9337
2021-12-01,2021,12,Bogota,10,Aseo del hogar,0,178.5788
2021-12-01,2021,12,Bogota,11,Informatica y telecomunicaciones,0,279.1073
2021-12-01,2021,12,Bogota,12,Sonido y video,0,194.6008
2021-12-01,2021,12,Bogota,14,"Ferreteria, vidrios y pinturas",0,143.7076
2021-12-01,2021,12,Bogota,15,Otras mercancias de uso domestico,0,204.8891
2021-12-01,2021,12,Cundinamarca,4,Prendas de vestir y textiles,0,327.5828
2021-12-01,2021,12,Cundinamarca,8,Electrodomesticos y muebles,1,177.6817
2021-12-01,2021,12,Cundinamarca,9,Articulos y utensilios domesticos,0,187.2860
2021-12-01,2021,12,Cundinamarca,10,Aseo del hogar,0,169.1322
2021-12-01,2021,12,Cundinamarca,11,Informatica y telecomunicaciones,0,269.5638
2021-12-01,2021,12,Cundinamarca,12,Sonido y video,0,196.6730
2021-12-01,2021,12,Cundinamarca,14,"Ferreteria, vidrios y pinturas",0,143.2242
2021-12-01,2021,12,Cundinamarca,15,Otras mercancias de uso domestico,0,210.4149
2021-12-01,2021,12,Santander,4,Prendas de vestir y textiles,0,290.7192
2021-12-01,2021,12,Santander,8,Electrodomesticos y muebles,1,159.2140
2021-12-01,2021,12,Santander,9,Articulos y utensilios domesticos,0,166.5607
2021-12-01,2021,12,Santander,10,Aseo del hogar,0,153.1620
2021-12-01,2021,12,Santander,11,Informatica y telecomunicaciones,0,236.6696
2021-12-01,2021,12,Santander,12,Sonido y video,0,172.4034
2021-12-01,2021,12,Santander,14,"Ferreteria, vidrios y pinturas",0,122.6187
2021-12-01,2021,12,Santander,15,Otras mercancias de uso domestico,0,184.9423
2021-12-01,2021,12,Valle del Cauca,4,Prendas de vestir y textiles,0,253.8634
2021-12-01,2021,12,Valle del Cauca,8,Electrodomesticos y muebles,1,136.7807
2021-12-01,2021,12,Valle del Cauca,9,Articulos y utensilios domesticos,0,151.3074
2021-12-01,2021,12,Valle del Cauca,10,Aseo del hogar,0,136.5512
2021-12-01,2021,12,Valle del Cauca,11,Informatica y telecomunicaciones,0,210.5931
2021-12-01,2021,12,Valle del Cauca,12,Sonido y video,0,158.3050
2021-12-01,2021,12,Valle del Cauca,14,"Ferreteria, vidrios y pinturas",0,112.1941
2021-12-01,2021,12,Valle del Cauca,15,Otras mercancias de uso domestico,0,159.5230
2021-12-01,2021,12,Otros departamentos,4,Prendas de vestir y textiles,0,300.6320
2021-12-01,2021,12,Otros departamentos,8,Electrodomesticos y muebles,1,164.5396
2021-12-01,2021,12,Otros departamentos,9,Articulos y utensilios domesticos,0,172.3202
2021-12-01,2021,12,Otros departamentos,10,Aseo del hogar,0,159.7127
2021-12-01,2021,12,Otros departamentos,11,Informatica y telecomunicaciones,0,256.4964
2021-12-01,2021,12,Otros departamentos,12,Sonido y video,0,177.5277
2021-12-01,2021,12,Otros departamentos,14,"Ferreteria, vidrios y pinturas",0,133.7530
2021-12-01,2021,12,Otros departamentos,15,Otras mercancias de uso domestico,0,188.9954
2022-01-01,2022,1,Antioquia,4,Prendas de vestir y textiles,0,97.7782
2022-01-01,2022,1,Antioquia,8,Electrodomesticos y muebles,1,116.6387
2022-01-01,2022,1,Antioquia,9,Articulos y utensilios domesticos,0,124.5504
2022-01-01,2022,1,Antioquia,10,Aseo del hogar,0,138.8004
2022-01-01,2022,1,Antioquia,11,Informatica y telecomunicaciones,0,156.9402
2022-01-01,2022,1,Antioquia,12,Sonido y video,0,89.7247
2022-01-01,2022,1,Antioquia,14,"Ferreteria, vidrios y pinturas",0,113.4802
2022-01-01,2022,1,Antioquia,15,Otras mercancias de uso domestico,0,100.8448
2022-01-01,2022,1,Atlantico,4,Prendas de vestir y textiles,0,98.5655
2022-01-01,2022,1,Atlantico,8,Electrodomesticos y muebles,1,119.7567
2022-01-01,2022,1,Atlantico,9,Articulos y utensilios domesticos,0,130.4821
2022-01-01,2022,1,Atlantico,10,Aseo del hogar,0,132.8341
2022-01-01,2022,1,Atlantico,11,Informatica y telecomunicaciones,0,164.1522
2022-01-01,2022,1,Atlantico,12,Sonido y video,0,93.4448
2022-01-01,2022,1,Atlantico,14,"Ferreteria, vidrios y pinturas",0,118.4999
2022-01-01,2022,1,Atlantico,15,Otras mercancias de uso domestico,0,103.9895
2022-01-01,2022,1,Bogota,4,Prendas de vestir y textiles,0,101.6648
2022-01-01,2022,1,Bogota,8,Electrodomesticos y muebles,1,126.8050
2022-01-01,2022,1,Bogota,9,Articulos y utensilios domesticos,0,131.8537
2022-01-01,2022,1,Bogota,10,Aseo del hogar,0,148.9430
2022-01-01,2022,1,Bogota,11,Informatica y telecomunicaciones,0,166.8998
2022-01-01,2022,1,Bogota,12,Sonido y video,0,95.5352
2022-01-01,2022,1,Bogota,14,"Ferreteria, vidrios y pinturas",0,118.0222
2022-01-01,2022,1,Bogota,15,Otras mercancias de uso domestico,0,106.2870
2022-01-01,2022,1,Cundinamarca,4,Prendas de vestir y textiles,0,116.1976
2022-01-01,2022,1,Cundinamarca,8,Electrodomesticos y muebles,1,141.9752
2022-01-01,2022,1,Cundinamarca,9,Articulos y utensilios domesticos,0,149.7889
2022-01-01,2022,1,Cundinamarca,10,Aseo del hogar,0,157.6455
2022-01-01,2022,1,Cundinamarca,11,Informatica y telecomunicaciones,0,180.4137
2022-01-01,2022,1,Cundinamarca,12,Sonido y video,0,104.3129
2022-01-01,2022,1,Cundinamarca,14,"Ferreteria, vidrios y pinturas",0,135.4654
2022-01-01,2022,1,Cundinamarca,15,Otras mercancias de uso domestico,0,121.3602
2022-01-01,2022,1,Santander,4,Prendas de vestir y textiles,0,95.7661
2022-01-01,2022,1,Santander,8,Electrodomesticos y muebles,1,115.8911
2022-01-01,2022,1,Santander,9,Articulos y utensilios domesticos,0,122.9577
2022-01-01,2022,1,Santander,10,Aseo del hogar,0,132.2681
2022-01-01,2022,1,Santander,11,Informatica y telecomunicaciones,0,155.8901
2022-01-01,2022,1,Santander,12,Sonido y video,0,91.9618
2022-01-01,2022,1,Santander,14,"Ferreteria, vidrios y pinturas",0,110.1878
2022-01-01,2022,1,Santander,15,Otras mercancias de uso domestico,0,100.8946
2022-01-01,2022,1,Valle del Cauca,4,Prendas de vestir y textiles,0,87.3424
2022-01-01,2022,1,Valle del Cauca,8,Electrodomesticos y muebles,1,104.5137
2022-01-01,2022,1,Valle del Cauca,9,Articulos y utensilios domesticos,0,113.4186
2022-01-01,2022,1,Valle del Cauca,10,Aseo del hogar,0,123.5750
2022-01-01,2022,1,Valle del Cauca,11,Informatica y telecomunicaciones,0,139.2400
2022-01-01,2022,1,Valle del Cauca,12,Sonido y video,0,85.6963
2022-01-01,2022,1,Valle del Cauca,14,"Ferreteria, vidrios y pinturas",0,104.1847
2022-01-01,2022,1,Valle del Cauca,15,Otras mercancias de uso domestico,0,91.9178
2022-01-01,2022,1,Otros departamentos,4,Prendas de vestir y textiles,0,93.9279
2022-01-01,2022,1,Otros departamentos,8,Electrodomesticos y muebles,1,116.1259
2022-01-01,2022,1,Otros departamentos,9,Articulos y utensilios domesticos,0,121.8124
2022-01-01,2022,1,Otros departamentos,10,Aseo del hogar,0,133.7696
2022-01-01,2022,1,Otros departamentos,11,Informatica y telecomunicaciones,0,156.7184
2022-01-01,2022,1,Otros departamentos,12,Sonido y video,0,86.2434
2022-01-01,2022,1,Otros departamentos,14,"Ferreteria, vidrios y pinturas",0,111.0610
2022-01-01,2022,1,Otros departamentos,15,Otras mercancias de uso domestico,0,95.8060
2022-02-01,2022,2,Antioquia,4,Prendas de vestir y textiles,0,85.3192
2022-02-01,2022,2,Antioquia,8,Electrodomesticos y muebles,1,107.9610
2022-02-01,2022,2,Antioquia,9,Articulos y utensilios domesticos,0,114.6386
2022-02-01,2022,2,Antioquia,10,Aseo del hogar,0,122.5323
2022-02-01,2022,2,Antioquia,11,Informatica y telecomunicaciones,0,169.5131
2022-02-01,2022,2,Antioquia,12,Sonido y video,0,90.5530
2022-02-01,2022,2,Antioquia,14,"Ferreteria, vidrios y pinturas",0,117.5266
2022-02-01,2022,2,Antioquia,15,Otras mercancias de uso domestico,0,95.5503
2022-02-01,2022,2,Atlantico,4,Prendas de vestir y textiles,0,89.5884
2022-02-01,2022,2,Atlantico,8,Electrodomesticos y muebles,1,111.4784
2022-02-01,2022,2,Atlantico,9,Articulos y utensilios domesticos,0,116.3021
2022-02-01,2022,2,Atlantico,10,Aseo del hogar,0,122.8520
2022-02-01,2022,2,Atlantico,11,Informatica y telecomunicaciones,0,178.1547
2022-02-01,2022,2,Atlantico,12,Sonido y video,0,94.4186
2022-02-01,2022,2,Atlantico,14,"Ferreteria, vidrios y pinturas",0,125.3940
2022-02-01,2022,2,Atlantico,15,Otras mercancias de uso domestico,0,98.6014
2022-02-01,2022,2,Bogota,4,Prendas de vestir y textiles,0,92.0045
2022-02-01,2022,2,Bogota,8,Electrodomesticos y muebles,1,118.3987
2022-02-01,2022,2,Bogota,9,Articulos y utensilios domesticos,0,122.5682
2022-02-01,2022,2,Bogota,10,Aseo del hogar,0,135.8858
2022-02-01,2022,2,Bogota,11,Informatica y telecomunicaciones,0,181.8142
2022-02-01,2022,2,Bogota,12,Sonido y video,0,98.1308
2022-02-01,2022,2,Bogota,14,"Ferreteria, vidrios y pinturas",0,128.5987
2022-02-01,2022,2,Bogota,15,Otras mercancias de uso domestico,0,104.4661
2022-02-01,2022,2,Cundinamarca,4,Prendas de vestir y textiles,0,102.6419
2022-02-01,2022,2,Cundinamarca,8,Electrodomesticos y muebles,1,124.8036
2022-02-01,2022,2,Cundinamarca,9,Articulos y utensilios domesticos,0,128.8149
2022-02-01,2022,2,Cundinamarca,10,Aseo del hogar,0,143.4163
2022-02-01,2022,2,Cundinamarca,11,Informatica y telecomunicaciones,0,191.8928
2022-02-01,2022,2,Cundinamarca,12,Sonido y video,0,99.8580
2022-02-01,2022,2,Cundinamarca,14,"Ferreteria, vidrios y pinturas",0,138.6161
2022-02-01,2022,2,Cundinamarca,15,Otras mercancias de uso domestico,0,113.6893
2022-02-01,2022,2,Santander,4,Prendas de vestir y textiles,0,81.4585
2022-02-01,2022,2,Santander,8,Electrodomesticos y muebles,1,100.7764
2022-02-01,2022,2,Santander,9,Articulos y utensilios domesticos,0,109.3522
2022-02-01,2022,2,Santander,10,Aseo del hogar,0,112.4235
2022-02-01,2022,2,Santander,11,Informatica y telecomunicaciones,0,156.9118
2022-02-01,2022,2,Santander,12,Sonido y video,0,86.6810
2022-02-01,2022,2,Santander,14,"Ferreteria, vidrios y pinturas",0,113.1533
2022-02-01,2022,2,Santander,15,Otras mercancias de uso domestico,0,91.9766
2022-02-01,2022,2,Valle del Cauca,4,Prendas de vestir y textiles,0,79.3962
2022-02-01,2022,2,Valle del Cauca,8,Electrodomesticos y muebles,1,96.8169
2022-02-01,2022,2,Valle del Cauca,9,Articulos y utensilios domesticos,0,103.7602
2022-02-01,2022,2,Valle del Cauca,10,Aseo del hogar,0,110.4583
2022-02-01,2022,2,Valle del Cauca,11,Informatica y telecomunicaciones,0,150.2398
2022-02-01,2022,2,Valle del Cauca,12,Sonido y video,0,83.8292
2022-02-01,2022,2,Valle del Cauca,14,"Ferreteria, vidrios y pinturas",0,110.2633
2022-02-01,2022,2,Valle del Cauca,15,Otras mercancias de uso domestico,0,88.2867
2022-02-01,2022,2,Otros departamentos,4,Prendas de vestir y textiles,0,84.8717
2022-02-01,2022,2,Otros departamentos,8,Electrodomesticos y muebles,1,105.8833
2022-02-01,2022,2,Otros departamentos,9,Articulos y utensilios domesticos,0,109.1711
2022-02-01,2022,2,Otros departamentos,10,Aseo del hogar,0,119.8455
2022-02-01,2022,2,Otros departamentos,11,Informatica y telecomunicaciones,0,165.7539
2022-02-01,2022,2,Otros departamentos,12,Sonido y video,0,86.7250
2022-02-01,2022,2,Otros departamentos,14,"Ferreteria, vidrios y pinturas",0,121.7360
2022-02-01,2022,2,Otros departamentos,15,Otras mercancias de uso domestico,0,91.2387
2022-03-01,2022,3,Antioquia,4,Prendas de vestir y textiles,0,102.9779
2022-03-01,2022,3,Antioquia,8,Electrodomesticos y muebles,1,159.4733
2022-03-01,2022,3,Antioquia,9,Articulos y utensilios domesticos,0,120.5817
2022-03-01,2022,3,Antioquia,10,Aseo del hogar,0,131.3554
2022-03-01,2022,3,Antioquia,11,Informatica y telecomunicaciones,0,212.9856
2022-03-01,2022,3,Antioquia,12,Sonido y video,0,169.7789
2022-03-01,2022,3,Antioquia,14,"Ferreteria, vidrios y pinturas",0,126.8085
2022-03-01,2022,3,Antioquia,15,Otras mercancias de uso domestico,0,106.8171
2022-03-01,2022,3,Atlantico,4,Prendas de vestir y textiles,0,103.0104
2022-03-01,2022,3,Atlantico,8,Electrodomesticos y muebles,1,157.8038
2022-03-01,2022,3,Atlantico,9,Articulos y utensilios domesticos,0,118.9024
2022-03-01,2022,3,Atlantico,10,Aseo del hogar,0,125.9651
2022-03-01,2022,3,Atlantico,11,Informatica y telecomunicaciones,0,214.7299
2022-03-01,2022,3,Atlantico,12,Sonido y video,0,167.8167
2022-03-01,2022,3,Atlantico,14,"Ferreteria, vidrios y pinturas",0,135.8286
2022-03-01,2022,3,Atlantico,15,Otras mercancias de uso domestico,0,107.3080
2022-03-01,2022,3,Bogota,4,Prendas de vestir y textiles,0,120.6974
2022-03-01,2022,3,Bogota,8,Electrodomesticos y muebles,1,186.9466
2022-03-01,2022,3,Bogota,9,Articulos y utensilios domesticos,0,140.8344
2022-03-01,2022,3,Bogota,10,Aseo del hogar,0,155.9177
2022-03-01,2022,3,Bogota,11,Informatica y telecomunicaciones,0,253.4722
2022-03-01,2022,3,Bogota,12,Sonido y video,0,202.6229
2022-03-01,2022,3,Bogota,14,"Ferreteria, vidrios y pinturas",0,154.5070
2022-03-01,2022,3,Bogota,15,Otras mercancias de uso domestico,0,130.8105
2022-03-01,2022,3,Cundinamarca,4,Prendas de vestir y textiles,0,118.6069
2022-03-01,2022,3,Cundinamarca,8,Electrodomesticos y muebles,1,176.8410
2022-03-01,2022,3,Cundinamarca,9,Articulos y utensilios domesticos,0,136.3193
2022-03-01,2022,3,Cundinamarca,10,Aseo del hogar,0,147.7083
2022-03-01,2022,3,Cundinamarca,11,Informatica y telecomunicaciones,0,244.1283
2022-03-01,2022,3,Cundinamarca,12,Sonido y video,0,185.9996
2022-03-01,2022,3,Cundinamarca,14,"Ferreteria, vidrios y pinturas",0,150.8100
2022-03-01,2022,3,Cundinamarca,15,Otras mercancias de uso domestico,0,123.9436
2022-03-01,2022,3,Santander,4,Prendas de vestir y textiles,0,103.2424
2022-03-01,2022,3,Santander,8,Electrodomesticos y muebles,1,155.0594
2022-03-01,2022,3,Santander,9,Articulos y utensilios domesticos,0,125.0484
2022-03-01,2022,3,Santander,10,Aseo del hogar,0,127.0302
2022-03-01,2022,3,Santander,11,Informatica y telecomunicaciones,0,216.1678
2022-03-01,2022,3,Santander,12,Sonido y video,0,175.6504
2022-03-01,2022,3,Santander,14,"Ferreteria, vidrios y pinturas",0,137.4359
2022-03-01,2022,3,Santander,15,Otras mercancias de uso domestico,0,106.9084
2022-03-01,2022,3,Valle del Cauca,4,Prendas de vestir y textiles,0,94.1702
2022-03-01,2022,3,Valle del Cauca,8,Electrodomesticos y muebles,1,141.4410
2022-03-01,2022,3,Valle del Cauca,9,Articulos y utensilios domesticos,0,108.8156
2022-03-01,2022,3,Valle del Cauca,10,Aseo del hogar,0,113.6755
2022-03-01,2022,3,Valle del Cauca,11,Informatica y telecomunicaciones,0,192.9420
2022-03-01,2022,3,Valle del Cauca,12,Sonido y video,0,153.8353
2022-03-01,2022,3,Valle del Cauca,14,"Ferreteria, vidrios y pinturas",0,120.8890
2022-03-01,2022,3,Valle del Cauca,15,Otras mercancias de uso domestico,0,99.7294
2022-03-01,2022,3,Otros departamentos,4,Prendas de vestir y textiles,0,105.5163
2022-03-01,2022,3,Otros departamentos,8,Electrodomesticos y muebles,1,160.4226
2022-03-01,2022,3,Otros departamentos,9,Articulos y utensilios domesticos,0,121.2256
2022-03-01,2022,3,Otros departamentos,10,Aseo del hogar,0,127.4585
2022-03-01,2022,3,Otros departamentos,11,Informatica y telecomunicaciones,0,224.6003
2022-03-01,2022,3,Otros departamentos,12,Sonido y video,0,169.6458
2022-03-01,2022,3,Otros departamentos,14,"Ferreteria, vidrios y pinturas",0,130.7568
2022-03-01,2022,3,Otros departamentos,15,Otras mercancias de uso domestico,0,105.5903
2022-04-01,2022,4,Antioquia,4,Prendas de vestir y textiles,0,101.3107
2022-04-01,2022,4,Antioquia,8,Electrodomesticos y muebles,1,111.2730
2022-04-01,2022,4,Antioquia,9,Articulos y utensilios domesticos,0,118.4698
2022-04-01,2022,4,Antioquia,10,Aseo del hogar,0,129.0144
2022-04-01,2022,4,Antioquia,11,Informatica y telecomunicaciones,0,160.9807
2022-04-01,2022,4,Antioquia,12,Sonido y video,0,93.5732
2022-04-01,2022,4,Antioquia,14,"Ferreteria, vidrios y pinturas",0,119.4851
2022-04-01,2022,4,Antioquia,15,Otras mercancias de uso domestico,0,105.7366
2022-04-01,2022,4,Atlantico,4,Prendas de vestir y textiles,0,103.8615
2022-04-01,2022,4,Atlantico,8,Electrodomesticos y muebles,1,112.0336
2022-04-01,2022,4,Atlantico,9,Articulos y utensilios domesticos,0,119.5548
2022-04-01,2022,4,Atlantico,10,Aseo del hogar,0,124.6353
2022-04-01,2022,4,Atlantico,11,Informatica y telecomunicaciones,0,158.2117
2022-04-01,2022,4,Atlantico,12,Sonido y video,0,93.3192
2022-04-01,2022,4,Atlantico,14,"Ferreteria, vidrios y pinturas",0,124.2352
2022-04-01,2022,4,Atlantico,15,Otras mercancias de uso domestico,0,107.5978
2022-04-01,2022,4,Bogota,4,Prendas de vestir y textiles,0,103.3350
2022-04-01,2022,4,Bogota,8,Electrodomesticos y muebles,1,111.0025
2022-04-01,2022,4,Bogota,9,Articulos y utensilios domesticos,0,118.6904
2022-04-01,2022,4,Bogota,10,Aseo del hogar,0,132.3241
2022-04-01,2022,4,Bogota,11,Informatica y telecomunicaciones,0,160.1524
2022-04-01,2022,4,Bogota,12,Sonido y video,0,93.3789
2022-04-01,2022,4,Bogota,14,"Ferreteria, vidrios y pinturas",0,120.0751
2022-04-01,2022,4,Bogota,15,Otras mercancias de uso domestico,0,111.0227
2022-04-01,2022,4,Cundinamarca,4,Prendas de vestir y textiles,0,123.6198
2022-04-01,2022,4,Cundinamarca,8,Electrodomesticos y muebles,1,126.9005
2022-04-01,2022,4,Cundinamarca,9,Articulos y utensilios domesticos,0,139.6966
2022-04-01,2022,4,Cundinamarca,10,Aseo del hogar,0,152.9497
2022-04-01,2022,4,Cundinamarca,11,Informatica y telecomunicaciones,0,186.4709
2022-04-01,2022,4,Cundinamarca,12,Sonido y video,0,108.8292
2022-04-01,2022,4,Cundinamarca,14,"Ferreteria, vidrios y pinturas",0,139.5376
2022-04-01,2022,4,Cundinamarca,15,Otras mercancias de uso domestico,0,126.7115
2022-04-01,2022,4,Santander,4,Prendas de vestir y textiles,0,99.5984
2022-04-01,2022,4,Santander,8,Electrodomesticos y muebles,1,104.2390
2022-04-01,2022,4,Santander,9,Articulos y utensilios domesticos,0,114.5979
2022-04-01,2022,4,Santander,10,Aseo del hogar,0,118.7414
2022-04-01,2022,4,Santander,11,Informatica y telecomunicaciones,0,150.3367
2022-04-01,2022,4,Santander,12,Sonido y video,0,89.2511
2022-04-01,2022,4,Santander,14,"Ferreteria, vidrios y pinturas",0,118.4659
2022-04-01,2022,4,Santander,15,Otras mercancias de uso domestico,0,101.1944
2022-04-01,2022,4,Valle del Cauca,4,Prendas de vestir y textiles,0,92.3836
2022-04-01,2022,4,Valle del Cauca,8,Electrodomesticos y muebles,1,98.9497
2022-04-01,2022,4,Valle del Cauca,9,Articulos y utensilios domesticos,0,106.5451
2022-04-01,2022,4,Valle del Cauca,10,Aseo del hogar,0,114.5605
2022-04-01,2022,4,Valle del Cauca,11,Informatica y telecomunicaciones,0,144.8839
2022-04-01,2022,4,Valle del Cauca,12,Sonido y video,0,83.6281
2022-04-01,2022,4,Valle del Cauca,14,"Ferreteria, vidrios y pinturas",0,110.1456
2022-04-01,2022,4,Valle del Cauca,15,Otras mercancias de uso domestico,0,96.4055
2022-04-01,2022,4,Otros departamentos,4,Prendas de vestir y textiles,0,102.2199
2022-04-01,2022,4,Otros departamentos,8,Electrodomesticos y muebles,1,113.0310
2022-04-01,2022,4,Otros departamentos,9,Articulos y utensilios domesticos,0,115.8264
2022-04-01,2022,4,Otros departamentos,10,Aseo del hogar,0,123.9294
2022-04-01,2022,4,Otros departamentos,11,Informatica y telecomunicaciones,0,158.7624
2022-04-01,2022,4,Otros departamentos,12,Sonido y video,0,91.3879
2022-04-01,2022,4,Otros departamentos,14,"Ferreteria, vidrios y pinturas",0,117.0495
2022-04-01,2022,4,Otros departamentos,15,Otras mercancias de uso domestico,0,104.7005
2022-05-01,2022,5,Antioquia,4,Prendas de vestir y textiles,0,112.5990
2022-05-01,2022,5,Antioquia,8,Electrodomesticos y muebles,1,115.8755
2022-05-01,2022,5,Antioquia,9,Articulos y utensilios domesticos,0,118.0481
2022-05-01,2022,5,Antioquia,10,Aseo del hogar,0,135.5486
2022-05-01,2022,5,Antioquia,11,Informatica y telecomunicaciones,0,183.3718
2022-05-01,2022,5,Antioquia,12,Sonido y video,0,99.2442
2022-05-01,2022,5,Antioquia,14,"Ferreteria, vidrios y pinturas",0,118.3193
2022-05-01,2022,5,Antioquia,15,Otras mercancias de uso domestico,0,109.4000
2022-05-01,2022,5,Atlantico,4,Prendas de vestir y textiles,0,108.9606
2022-05-01,2022,5,Atlantico,8,Electrodomesticos y muebles,1,116.8544
2022-05-01,2022,5,Atlantico,9,Articulos y utensilios domesticos,0,116.1700
2022-05-01,2022,5,Atlantico,10,Aseo del hogar,0,127.0977
2022-05-01,2022,5,Atlantico,11,Informatica y telecomunicaciones,0,177.1168
2022-05-01,2022,5,Atlantico,12,Sonido y video,0,93.7432
2022-05-01,2022,5,Atlantico,14,"Ferreteria, vidrios y pinturas",0,122.9050
2022-05-01,2022,5,Atlantico,15,Otras mercancias de uso domestico,0,106.8317
2022-05-01,2022,5,Bogota,4,Prendas de vestir y textiles,0,116.4467
2022-05-01,2022,5,Bogota,8,Electrodomesticos y muebles,1,121.9958
2022-05-01,2022,5,Bogota,9,Articulos y utensilios domesticos,0,127.4787
2022-05-01,2022,5,Bogota,10,Aseo del hogar,0,141.7903
2022-05-01,2022,5,Bogota,11,Informatica y telecomunicaciones,0,181.0178
2022-05-01,2022,5,Bogota,12,Sonido y video,0,102.4932
2022-05-01,2022,5,Bogota,14,"Ferreteria, vidrios y pinturas",0,126.4638
2022-05-01,2022,5,Bogota,15,Otras mercancias de uso domestico,0,117.8207
2022-05-01,2022,5,Cundinamarca,4,Prendas de vestir y textiles,0,133.0357
2022-05-01,2022,5,Cundinamarca,8,Electrodomesticos y muebles,1,136.4958
2022-05-01,2022,5,Cundinamarca,9,Articulos y utensilios domesticos,0,142.7960
2022-05-01,2022,5,Cundinamarca,10,Aseo del hogar,0,156.3868
2022-05-01,2022,5,Cundinamarca,11,Informatica y telecomunicaciones,0,204.7303
2022-05-01,2022,5,Cundinamarca,12,Sonido y video,0,115.6128
2022-05-01,2022,5,Cundinamarca,14,"Ferreteria, vidrios y pinturas",0,142.2876
2022-05-01,2022,5,Cundinamarca,15,Otras mercancias de uso domestico,0,128.6965
2022-05-01,2022,5,Santander,4,Prendas de vestir y textiles,0,110.1747
2022-05-01,2022,5,Santander,8,Electrodomesticos y muebles,1,114.2966
2022-05-01,2022,5,Santander,9,Articulos y utensilios domesticos,0,118.3345
2022-05-01,2022,5,Santander,10,Aseo del hogar,0,120.7200
2022-05-01,2022,5,Santander,11,Informatica y telecomunicaciones,0,170.7459
2022-05-01,2022,5,Santander,12,Sonido y video,0,100.2180
2022-05-01,2022,5,Santander,14,"Ferreteria, vidrios y pinturas",0,119.4440
2022-05-01,2022,5,Santander,15,Otras mercancias de uso domestico,0,104.2577
2022-05-01,2022,5,Valle del Cauca,4,Prendas de vestir y textiles,0,101.8836
2022-05-01,2022,5,Valle del Cauca,8,Electrodomesticos y muebles,1,104.6321
2022-05-01,2022,5,Valle del Cauca,9,Articulos y utensilios domesticos,0,110.2406
2022-05-01,2022,5,Valle del Cauca,10,Aseo del hogar,0,119.4188
2022-05-01,2022,5,Valle del Cauca,11,Informatica y telecomunicaciones,0,164.5171
2022-05-01,2022,5,Valle del Cauca,12,Sonido y video,0,90.1207
2022-05-01,2022,5,Valle del Cauca,14,"Ferreteria, vidrios y pinturas",0,111.7515
2022-05-01,2022,5,Valle del Cauca,15,Otras mercancias de uso domestico,0,103.8742
2022-05-01,2022,5,Otros departamentos,4,Prendas de vestir y textiles,0,110.4235
2022-05-01,2022,5,Otros departamentos,8,Electrodomesticos y muebles,1,113.1591
2022-05-01,2022,5,Otros departamentos,9,Articulos y utensilios domesticos,0,117.4792
2022-05-01,2022,5,Otros departamentos,10,Aseo del hogar,0,130.0148
2022-05-01,2022,5,Otros departamentos,11,Informatica y telecomunicaciones,0,180.1554
2022-05-01,2022,5,Otros departamentos,12,Sonido y video,0,96.1366
2022-05-01,2022,5,Otros departamentos,14,"Ferreteria, vidrios y pinturas",0,119.6112
2022-05-01,2022,5,Otros departamentos,15,Otras mercancias de uso domestico,0,109.4123
2022-06-01,2022,6,Antioquia,4,Prendas de vestir y textiles,0,131.8677
2022-06-01,2022,6,Antioquia,8,Electrodomesticos y muebles,1,173.4647
2022-06-01,2022,6,Antioquia,9,Articulos y utensilios domesticos,0,118.7211
2022-06-01,2022,6,Antioquia,10,Aseo del hogar,0,122.2375
2022-06-01,2022,6,Antioquia,11,Informatica y telecomunicaciones,0,225.0251
2022-06-01,2022,6,Antioquia,12,Sonido y video,0,206.9050
2022-06-01,2022,6,Antioquia,14,"Ferreteria, vidrios y pinturas",0,115.9676
2022-06-01,2022,6,Antioquia,15,Otras mercancias de uso domestico,0,109.3195
2022-06-01,2022,6,Atlantico,4,Prendas de vestir y textiles,0,134.7942
2022-06-01,2022,6,Atlantico,8,Electrodomesticos y muebles,1,189.0550
2022-06-01,2022,6,Atlantico,9,Articulos y utensilios domesticos,0,132.0456
2022-06-01,2022,6,Atlantico,10,Aseo del hogar,0,127.6588
2022-06-01,2022,6,Atlantico,11,Informatica y telecomunicaciones,0,244.8869
2022-06-01,2022,6,Atlantico,12,Sonido y video,0,219.9448
2022-06-01,2022,6,Atlantico,14,"Ferreteria, vidrios y pinturas",0,135.7017
2022-06-01,2022,6,Atlantico,15,Otras mercancias de uso domestico,0,117.7251
2022-06-01,2022,6,Bogota,4,Prendas de vestir y textiles,0,144.0233
2022-06-01,2022,6,Bogota,8,Electrodomesticos y muebles,1,197.7545
2022-06-01,2022,6,Bogota,9,Articulos y utensilios domesticos,0,137.8578
2022-06-01,2022,6,Bogota,10,Aseo del hogar,0,138.5195
2022-06-01,2022,6,Bogota,11,Informatica y telecomunicaciones,0,244.4390
2022-06-01,2022,6,Bogota,12,Sonido y video,0,234.9993
2022-06-01,2022,6,Bogota,14,"Ferreteria, vidrios y pinturas",0,142.6623
2022-06-01,2022,6,Bogota,15,Otras mercancias de uso domestico,0,125.0446
2022-06-01,2022,6,Cundinamarca,4,Prendas de vestir y textiles,0,146.6168
2022-06-01,2022,6,Cundinamarca,8,Electrodomesticos y muebles,1,205.7715
2022-06-01,2022,6,Cundinamarca,9,Articulos y utensilios domesticos,0,142.2713
2022-06-01,2022,6,Cundinamarca,10,Aseo del hogar,0,139.3869
2022-06-01,2022,6,Cundinamarca,11,Informatica y telecomunicaciones,0,242.8465
2022-06-01,2022,6,Cundinamarca,12,Sonido y video,0,241.4752
2022-06-01,2022,6,Cundinamarca,14,"Ferreteria, vidrios y pinturas",0,136.0580
2022-06-01,2022,6,Cundinamarca,15,Otras mercancias de uso domestico,0,129.3624
2022-06-01,2022,6,Santander,4,Prendas de vestir y textiles,0,130.0134
2022-06-01,2022,6,Santander,8,Electrodomesticos y muebles,1,183.6596
2022-06-01,2022,6,Santander,9,Articulos y utensilios domesticos,0,122.6411
2022-06-01,2022,6,Santander,10,Aseo del hogar,0,116.0308
2022-06-01,2022,6,Santander,11,Informatica y telecomunicaciones,0,226.5058
2022-06-01,2022,6,Santander,12,Sonido y video,0,219.0209
2022-06-01,2022,6,Santander,14,"Ferreteria, vidrios y pinturas",0,125.5460
2022-06-01,2022,6,Santander,15,Otras mercancias de uso domestico,0,111.1681
2022-06-01,2022,6,Valle del Cauca,4,Prendas de vestir y textiles,0,117.2470
2022-06-01,2022,6,Valle del Cauca,8,Electrodomesticos y muebles,1,157.5043
2022-06-01,2022,6,Valle del Cauca,9,Articulos y utensilios domesticos,0,109.9469
2022-06-01,2022,6,Valle del Cauca,10,Aseo del hogar,0,108.6049
2022-06-01,2022,6,Valle del Cauca,11,Informatica y telecomunicaciones,0,204.7915
2022-06-01,2022,6,Valle del Cauca,12,Sonido y video,0,185.8547
2022-06-01,2022,6,Valle del Cauca,14,"Ferreteria, vidrios y pinturas",0,106.6698
2022-06-01,2022,6,Valle del Cauca,15,Otras mercancias de uso domestico,0,100.1311
2022-06-01,2022,6,Otros departamentos,4,Prendas de vestir y textiles,0,128.8424
2022-06-01,2022,6,Otros departamentos,8,Electrodomesticos y muebles,1,173.2774
2022-06-01,2022,6,Otros departamentos,9,Articulos y utensilios domesticos,0,121.0066
2022-06-01,2022,6,Otros departamentos,10,Aseo del hogar,0,120.4766
2022-06-01,2022,6,Otros departamentos,11,Informatica y telecomunicaciones,0,233.7238
2022-06-01,2022,6,Otros departamentos,12,Sonido y video,0,211.8912
2022-06-01,2022,6,Otros departamentos,14,"Ferreteria, vidrios y pinturas",0,125.3518
2022-06-01,2022,6,Otros departamentos,15,Otras mercancias de uso domestico,0,113.0594
2022-07-01,2022,7,Antioquia,4,Prendas de vestir y textiles,0,123.7682
2022-07-01,2022,7,Antioquia,8,Electrodomesticos y muebles,1,115.2322
2022-07-01,2022,7,Antioquia,9,Articulos y utensilios domesticos,0,131.4968
2022-07-01,2022,7,Antioquia,10,Aseo del hogar,0,133.0562
2022-07-01,2022,7,Antioquia,11,Informatica y telecomunicaciones,0,182.2771
2022-07-01,2022,7,Antioquia,12,Sonido y video,0,107.3457
2022-07-01,2022,7,Antioquia,14,"Ferreteria, vidrios y pinturas",0,125.0859
2022-07-01,2022,7,Antioquia,15,Otras mercancias de uso domestico,0,119.3561
2022-07-01,2022,7,Atlantico,4,Prendas de vestir y textiles,0,126.0761
2022-07-01,2022,7,Atlantico,8,Electrodomesticos y muebles,1,116.6348
2022-07-01,2022,7,Atlantico,9,Articulos y utensilios domesticos,0,139.1734
2022-07-01,2022,7,Atlantico,10,Aseo del hogar,0,139.6398
2022-07-01,2022,7,Atlantico,11,Informatica y telecomunicaciones,0,195.1908
2022-07-01,2022,7,Atlantico,12,Sonido y video,0,111.1423
2022-07-01,2022,7,Atlantico,14,"Ferreteria, vidrios y pinturas",0,134.4834
2022-07-01,2022,7,Atlantico,15,Otras mercancias de uso domestico,0,118.4867
2022-07-01,2022,7,Bogota,4,Prendas de vestir y textiles,0,126.7244
2022-07-01,2022,7,Bogota,8,Electrodomesticos y muebles,1,123.8754
2022-07-01,2022,7,Bogota,9,Articulos y utensilios domesticos,0,141.7743
2022-07-01,2022,7,Bogota,10,Aseo del hogar,0,145.6492
2022-07-01,2022,7,Bogota,11,Informatica y telecomunicaciones,0,187.7623
2022-07-01,2022,7,Bogota,12,Sonido y video,0,116.3945
2022-07-01,2022,7,Bogota,14,"Ferreteria, vidrios y pinturas",0,135.9807
2022-07-01,2022,7,Bogota,15,Otras mercancias de uso domestico,0,119.4399
2022-07-01,2022,7,Cundinamarca,4,Prendas de vestir y textiles,0,145.1401
2022-07-01,2022,7,Cundinamarca,8,Electrodomesticos y muebles,1,137.2889
2022-07-01,2022,7,Cundinamarca,9,Articulos y utensilios domesticos,0,163.0751
2022-07-01,2022,7,Cundinamarca,10,Aseo del hogar,0,162.4139
2022-07-01,2022,7,Cundinamarca,11,Informatica y telecomunicaciones,0,206.7450
2022-07-01,2022,7,Cundinamarca,12,Sonido y video,0,129.4414
2022-07-01,2022,7,Cundinamarca,14,"Ferreteria, vidrios y pinturas",0,143.7387
2022-07-01,2022,7,Cundinamarca,15,Otras mercancias de uso domestico,0,139.3114
2022-07-01,2022,7,Santander,4,Prendas de vestir y textiles,0,120.9604
2022-07-01,2022,7,Santander,8,Electrodomesticos y muebles,1,114.6906
2022-07-01,2022,7,Santander,9,Articulos y utensilios domesticos,0,129.7623
2022-07-01,2022,7,Santander,10,Aseo del hogar,0,131.5247
2022-07-01,2022,7,Santander,11,Informatica y telecomunicaciones,0,181.0984
2022-07-01,2022,7,Santander,12,Sonido y video,0,107.5875
2022-07-01,2022,7,Santander,14,"Ferreteria, vidrios y pinturas",0,121.4989
2022-07-01,2022,7,Santander,15,Otras mercancias de uso domestico,0,115.8546
2022-07-01,2022,7,Valle del Cauca,4,Prendas de vestir y textiles,0,111.7291
2022-07-01,2022,7,Valle del Cauca,8,Electrodomesticos y muebles,1,108.3054
2022-07-01,2022,7,Valle del Cauca,9,Articulos y utensilios domesticos,0,125.4387
2022-07-01,2022,7,Valle del Cauca,10,Aseo del hogar,0,125.2593
2022-07-01,2022,7,Valle del Cauca,11,Informatica y telecomunicaciones,0,169.6374
2022-07-01,2022,7,Valle del Cauca,12,Sonido y video,0,99.2557
2022-07-01,2022,7,Valle del Cauca,14,"Ferreteria, vidrios y pinturas",0,114.8171
2022-07-01,2022,7,Valle del Cauca,15,Otras mercancias de uso domestico,0,110.8138
2022-07-01,2022,7,Otros departamentos,4,Prendas de vestir y textiles,0,119.4751
2022-07-01,2022,7,Otros departamentos,8,Electrodomesticos y muebles,1,114.8914
2022-07-01,2022,7,Otros departamentos,9,Articulos y utensilios domesticos,0,134.1622
2022-07-01,2022,7,Otros departamentos,10,Aseo del hogar,0,133.0935
2022-07-01,2022,7,Otros departamentos,11,Informatica y telecomunicaciones,0,180.7641
2022-07-01,2022,7,Otros departamentos,12,Sonido y video,0,103.9555
2022-07-01,2022,7,Otros departamentos,14,"Ferreteria, vidrios y pinturas",0,127.2503
2022-07-01,2022,7,Otros departamentos,15,Otras mercancias de uso domestico,0,116.3547
2022-08-01,2022,8,Antioquia,4,Prendas de vestir y textiles,0,105.8803
2022-08-01,2022,8,Antioquia,8,Electrodomesticos y muebles,1,120.1547
2022-08-01,2022,8,Antioquia,9,Articulos y utensilios domesticos,0,123.5818
2022-08-01,2022,8,Antioquia,10,Aseo del hogar,0,128.3177
2022-08-01,2022,8,Antioquia,11,Informatica y telecomunicaciones,0,192.3090
2022-08-01,2022,8,Antioquia,12,Sonido y video,0,113.9455
2022-08-01,2022,8,Antioquia,14,"Ferreteria, vidrios y pinturas",0,124.3666
2022-08-01,2022,8,Antioquia,15,Otras mercancias de uso domestico,0,122.5429
2022-08-01,2022,8,Atlantico,4,Prendas de vestir y textiles,0,105.2648
2022-08-01,2022,8,Atlantico,8,Electrodomesticos y muebles,1,115.7633
2022-08-01,2022,8,Atlantico,9,Articulos y utensilios domesticos,0,125.4958
2022-08-01,2022,8,Atlantico,10,Aseo del hogar,0,118.8773
2022-08-01,2022,8,Atlantico,11,Informatica y telecomunicaciones,0,191.4618
2022-08-01,2022,8,Atlantico,12,Sonido y video,0,113.5445
2022-08-01,2022,8,Atlantico,14,"Ferreteria, vidrios y pinturas",0,125.3095
2022-08-01,2022,8,Atlantico,15,Otras mercancias de uso domestico,0,113.5729
2022-08-01,2022,8,Bogota,4,Prendas de vestir y textiles,0,111.7019
2022-08-01,2022,8,Bogota,8,Electrodomesticos y muebles,1,128.8542
2022-08-01,2022,8,Bogota,9,Articulos y utensilios domesticos,0,135.6360
2022-08-01,2022,8,Bogota,10,Aseo del hogar,0,130.8588
2022-08-01,2022,8,Bogota,11,Informatica y telecomunicaciones,0,201.0715
2022-08-01,2022,8,Bogota,12,Sonido y video,0,126.0005
2022-08-01,2022,8,Bogota,14,"Ferreteria, vidrios y pinturas",0,125.3386
2022-08-01,2022,8,Bogota,15,Otras mercancias de uso domestico,0,121.9252
2022-08-01,2022,8,Cundinamarca,4,Prendas de vestir y textiles,0,128.5623
2022-08-01,2022,8,Cundinamarca,8,Electrodomesticos y muebles,1,145.6118
2022-08-01,2022,8,Cundinamarca,9,Articulos y utensilios domesticos,0,153.4607
2022-08-01,2022,8,Cundinamarca,10,Aseo del hogar,0,149.9745
2022-08-01,2022,8,Cundinamarca,11,Informatica y telecomunicaciones,0,226.5720
2022-08-01,2022,8,Cundinamarca,12,Sonido y video,0,141.5112
2022-08-01,2022,8,Cundinamarca,14,"Ferreteria, vidrios y pinturas",0,145.7175
2022-08-01,2022,8,Cundinamarca,15,Otras mercancias de uso domestico,0,141.7843
2022-08-01,2022,8,Santander,4,Prendas de vestir y textiles,0,104.7896
2022-08-01,2022,8,Santander,8,Electrodomesticos y muebles,1,117.6838
2022-08-01,2022,8,Santander,9,Articulos y utensilios domesticos,0,118.1724
2022-08-01,2022,8,Santander,10,Aseo del hogar,0,121.3313
2022-08-01,2022,8,Santander,11,Informatica y telecomunicaciones,0,192.4627
2022-08-01,2022,8,Santander,12,Sonido y video,0,117.4635
2022-08-01,2022,8,Santander,14,"Ferreteria, vidrios y pinturas",0,115.1616
2022-08-01,2022,8,Santander,15,Otras mercancias de uso domestico,0,112.8315
2022-08-01,2022,8,Valle del Cauca,4,Prendas de vestir y textiles,0,102.1161
2022-08-01,2022,8,Valle del Cauca,8,Electrodomesticos y muebles,1,115.3769
2022-08-01,2022,8,Valle del Cauca,9,Articulos y utensilios domesticos,0,117.8487
2022-08-01,2022,8,Valle del Cauca,10,Aseo del hogar,0,116.9281
2022-08-01,2022,8,Valle del Cauca,11,Informatica y telecomunicaciones,0,186.2016
2022-08-01,2022,8,Valle del Cauca,12,Sonido y video,0,107.0687
2022-08-01,2022,8,Valle del Cauca,14,"Ferreteria, vidrios y pinturas",0,112.4436
2022-08-01,2022,8,Valle del Cauca,15,Otras mercancias de uso domestico,0,112.0083
2022-08-01,2022,8,Otros departamentos,4,Prendas de vestir y textiles,0,111.9820
2022-08-01,2022,8,Otros departamentos,8,Electrodomesticos y muebles,1,122.6361
2022-08-01,2022,8,Otros departamentos,9,Articulos y utensilios domesticos,0,126.1160
2022-08-01,2022,8,Otros departamentos,10,Aseo del hogar,0,124.2283
2022-08-01,2022,8,Otros departamentos,11,Informatica y telecomunicaciones,0,197.2588
2022-08-01,2022,8,Otros departamentos,12,Sonido y video,0,114.6446
2022-08-01,2022,8,Otros departamentos,14,"Ferreteria, vidrios y pinturas",0,126.0418
2022-08-01,2022,8,Otros departamentos,15,Otras mercancias de uso domestico,0,118.6017
2022-09-01,2022,9,Antioquia,4,Prendas de vestir y textiles,0,107.4051
2022-09-01,2022,9,Antioquia,8,Electrodomesticos y muebles,1,109.2648
2022-09-01,2022,9,Antioquia,9,Articulos y utensilios domesticos,0,121.2680
2022-09-01,2022,9,Antioquia,10,Aseo del hogar,0,121.8355
2022-09-01,2022,9,Antioquia,11,Informatica y telecomunicaciones,0,161.5267
2022-09-01,2022,9,Antioquia,12,Sonido y video,0,101.9557
2022-09-01,2022,9,Antioquia,14,"Ferreteria, vidrios y pinturas",0,118.9174
2022-09-01,2022,9,Antioquia,15,Otras mercancias de uso domestico,0,115.0835
2022-09-01,2022,9,Atlantico,4,Prendas de vestir y textiles,0,105.4624
2022-09-01,2022,9,Atlantico,8,Electrodomesticos y muebles,1,105.8395
2022-09-01,2022,9,Atlantico,9,Articulos y utensilios domesticos,0,117.7434
2022-09-01,2022,9,Atlantico,10,Aseo del hogar,0,110.4985
2022-09-01,2022,9,Atlantico,11,Informatica y telecomunicaciones,0,149.5576
2022-09-01,2022,9,Atlantico,12,Sonido y video,0,98.9198
2022-09-01,2022,9,Atlantico,14,"Ferreteria, vidrios y pinturas",0,118.0713
2022-09-01,2022,9,Atlantico,15,Otras mercancias de uso domestico,0,106.8318
2022-09-01,2022,9,Bogota,4,Prendas de vestir y textiles,0,121.1293
2022-09-01,2022,9,Bogota,8,Electrodomesticos y muebles,1,119.3223
2022-09-01,2022,9,Bogota,9,Articulos y utensilios domesticos,0,135.9382
2022-09-01,2022,9,Bogota,10,Aseo del hogar,0,126.5366
2022-09-01,2022,9,Bogota,11,Informatica y telecomunicaciones,0,171.9212
2022-09-01,2022,9,Bogota,12,Sonido y video,0,113.3656
2022-09-01,2022,9,Bogota,14,"Ferreteria, vidrios y pinturas",0,126.4716
2022-09-01,2022,9,Bogota,15,Otras mercancias de uso domestico,0,122.8486
2022-09-01,2022,9,Cundinamarca,4,Prendas de vestir y textiles,0,133.0222
2022-09-01,2022,9,Cundinamarca,8,Electrodomesticos y muebles,1,132.3671
2022-09-01,2022,9,Cundinamarca,9,Articulos y utensilios domesticos,0,150.2316
2022-09-01,2022,9,Cundinamarca,10,Aseo del hogar,0,138.1050
2022-09-01,2022,9,Cundinamarca,11,Informatica y telecomunicaciones,0,190.3506
2022-09-01,2022,9,Cundinamarca,12,Sonido y video,0,122.2711
2022-09-01,2022,9,Cundinamarca,14,"Ferreteria, vidrios y pinturas",0,142.9472
2022-09-01,2022,9,Cundinamarca,15,Otras mercancias de uso domestico,0,139.7178
2022-09-01,2022,9,Santander,4,Prendas de vestir y textiles,0,106.8392
2022-09-01,2022,9,Santander,8,Electrodomesticos y muebles,1,104.6112
2022-09-01,2022,9,Santander,9,Articulos y utensilios domesticos,0,116.8705
2022-09-01,2022,9,Santander,10,Aseo del hogar,0,116.6608
2022-09-01,2022,9,Santander,11,Informatica y telecomunicaciones,0,159.9798
2022-09-01,2022,9,Santander,12,Sonido y video,0,103.3526
2022-09-01,2022,9,Santander,14,"Ferreteria, vidrios y pinturas",0,115.2893
2022-09-01,2022,9,Santander,15,Otras mercancias de uso domestico,0,110.2159
2022-09-01,2022,9,Valle del Cauca,4,Prendas de vestir y textiles,0,107.3170
2022-09-01,2022,9,Valle del Cauca,8,Electrodomesticos y muebles,1,108.4940
2022-09-01,2022,9,Valle del Cauca,9,Articulos y utensilios domesticos,0,120.4300
2022-09-01,2022,9,Valle del Cauca,10,Aseo del hogar,0,112.3538
2022-09-01,2022,9,Valle del Cauca,11,Informatica y telecomunicaciones,0,157.4913
2022-09-01,2022,9,Valle del Cauca,12,Sonido y video,0,96.7555
2022-09-01,2022,9,Valle del Cauca,14,"Ferreteria, vidrios y pinturas",0,110.5960
2022-09-01,2022,9,Valle del Cauca,15,Otras mercancias de uso domestico,0,111.7357
2022-09-01,2022,9,Otros departamentos,4,Prendas de vestir y textiles,0,112.3416
2022-09-01,2022,9,Otros departamentos,8,Electrodomesticos y muebles,1,113.0600
2022-09-01,2022,9,Otros departamentos,9,Articulos y utensilios domesticos,0,123.4488
2022-09-01,2022,9,Otros departamentos,10,Aseo del hogar,0,115.5047
2022-09-01,2022,9,Otros departamentos,11,Informatica y telecomunicaciones,0,161.7609
2022-09-01,2022,9,Otros departamentos,12,Sonido y video,0,104.3283
2022-09-01,2022,9,Otros departamentos,14,"Ferreteria, vidrios y pinturas",0,121.4295
2022-09-01,2022,9,Otros departamentos,15,Otras mercancias de uso domestico,0,110.1902
2022-10-01,2022,10,Antioquia,4,Prendas de vestir y textiles,0,115.2288
2022-10-01,2022,10,Antioquia,8,Electrodomesticos y muebles,1,113.1959
2022-10-01,2022,10,Antioquia,9,Articulos y utensilios domesticos,0,136.7251
2022-10-01,2022,10,Antioquia,10,Aseo del hogar,0,121.3058
2022-10-01,2022,10,Antioquia,11,Informatica y telecomunicaciones,0,164.5423
2022-10-01,2022,10,Antioquia,12,Sonido y video,0,118.7453
2022-10-01,2022,10,Antioquia,14,"Ferreteria, vidrios y pinturas",0,121.8479
2022-10-01,2022,10,Antioquia,15,Otras mercancias de uso domestico,0,124.2001
2022-10-01,2022,10,Atlantico,4,Prendas de vestir y textiles,0,115.3408
2022-10-01,2022,10,Atlantico,8,Electrodomesticos y muebles,1,106.0576
2022-10-01,2022,10,Atlantico,9,Articulos y utensilios domesticos,0,136.0782
2022-10-01,2022,10,Atlantico,10,Aseo del hogar,0,117.7257
2022-10-01,2022,10,Atlantico,11,Informatica y telecomunicaciones,0,151.6783
2022-10-01,2022,10,Atlantico,12,Sonido y video,0,114.5962
2022-10-01,2022,10,Atlantico,14,"Ferreteria, vidrios y pinturas",0,120.0576
2022-10-01,2022,10,Atlantico,15,Otras mercancias de uso domestico,0,120.4322
2022-10-01,2022,10,Bogota,4,Prendas de vestir y textiles,0,131.5825
2022-10-01,2022,10,Bogota,8,Electrodomesticos y muebles,1,121.3222
2022-10-01,2022,10,Bogota,9,Articulos y utensilios domesticos,0,159.2871
2022-10-01,2022,10,Bogota,10,Aseo del hogar,0,138.5047
2022-10-01,2022,10,Bogota,11,Informatica y telecomunicaciones,0,179.2798
2022-10-01,2022,10,Bogota,12,Sonido y video,0,135.2600
2022-10-01,2022,10,Bogota,14,"Ferreteria, vidrios y pinturas",0,135.1904
2022-10-01,2022,10,Bogota,15,Otras mercancias de uso domestico,0,141.2566
2022-10-01,2022,10,Cundinamarca,4,Prendas de vestir y textiles,0,150.0914
2022-10-01,2022,10,Cundinamarca,8,Electrodomesticos y muebles,1,139.9321
2022-10-01,2022,10,Cundinamarca,9,Articulos y utensilios domesticos,0,177.3585
2022-10-01,2022,10,Cundinamarca,10,Aseo del hogar,0,158.8441
2022-10-01,2022,10,Cundinamarca,11,Informatica y telecomunicaciones,0,195.7625
2022-10-01,2022,10,Cundinamarca,12,Sonido y video,0,150.8589
2022-10-01,2022,10,Cundinamarca,14,"Ferreteria, vidrios y pinturas",0,151.5205
2022-10-01,2022,10,Cundinamarca,15,Otras mercancias de uso domestico,0,160.0922
2022-10-01,2022,10,Santander,4,Prendas de vestir y textiles,0,112.5063
2022-10-01,2022,10,Santander,8,Electrodomesticos y muebles,1,101.8888
2022-10-01,2022,10,Santander,9,Articulos y utensilios domesticos,0,132.7157
2022-10-01,2022,10,Santander,10,Aseo del hogar,0,118.8372
2022-10-01,2022,10,Santander,11,Informatica y telecomunicaciones,0,150.8478
2022-10-01,2022,10,Santander,12,Sonido y video,0,117.9681
2022-10-01,2022,10,Santander,14,"Ferreteria, vidrios y pinturas",0,120.4238
2022-10-01,2022,10,Santander,15,Otras mercancias de uso domestico,0,122.5479
2022-10-01,2022,10,Valle del Cauca,4,Prendas de vestir y textiles,0,115.4495
2022-10-01,2022,10,Valle del Cauca,8,Electrodomesticos y muebles,1,108.8871
2022-10-01,2022,10,Valle del Cauca,9,Articulos y utensilios domesticos,0,138.6152
2022-10-01,2022,10,Valle del Cauca,10,Aseo del hogar,0,121.3463
2022-10-01,2022,10,Valle del Cauca,11,Informatica y telecomunicaciones,0,159.0239
2022-10-01,2022,10,Valle del Cauca,12,Sonido y video,0,111.3642
2022-10-01,2022,10,Valle del Cauca,14,"Ferreteria, vidrios y pinturas",0,116.3738
2022-10-01,2022,10,Valle del Cauca,15,Otras mercancias de uso domestico,0,122.7776
2022-10-01,2022,10,Otros departamentos,4,Prendas de vestir y textiles,0,116.1846
2022-10-01,2022,10,Otros departamentos,8,Electrodomesticos y muebles,1,113.9100
2022-10-01,2022,10,Otros departamentos,9,Articulos y utensilios domesticos,0,144.7870
2022-10-01,2022,10,Otros departamentos,10,Aseo del hogar,0,122.9962
2022-10-01,2022,10,Otros departamentos,11,Informatica y telecomunicaciones,0,164.7009
2022-10-01,2022,10,Otros departamentos,12,Sonido y video,0,120.2533
2022-10-01,2022,10,Otros departamentos,14,"Ferreteria, vidrios y pinturas",0,124.2225
2022-10-01,2022,10,Otros departamentos,15,Otras mercancias de uso domestico,0,123.3068
2022-11-01,2022,11,Antioquia,4,Prendas de vestir y textiles,0,136.3645
2022-11-01,2022,11,Antioquia,8,Electrodomesticos y muebles,1,122.9035
2022-11-01,2022,11,Antioquia,9,Articulos y utensilios domesticos,0,152.5506
2022-11-01,2022,11,Antioquia,10,Aseo del hogar,0,119.3512
2022-11-01,2022,11,Antioquia,11,Informatica y telecomunicaciones,0,189.0693
2022-11-01,2022,11,Antioquia,12,Sonido y video,0,159.7666
2022-11-01,2022,11,Antioquia,14,"Ferreteria, vidrios y pinturas",0,131.0478
2022-11-01,2022,11,Antioquia,15,Otras mercancias de uso domestico,0,141.2465
2022-11-01,2022,11,Atlantico,4,Prendas de vestir y textiles,0,134.3846
2022-11-01,2022,11,Atlantico,8,Electrodomesticos y muebles,1,117.6861
2022-11-01,2022,11,Atlantico,9,Articulos y utensilios domesticos,0,144.0395
2022-11-01,2022,11,Atlantico,10,Aseo del hogar,0,113.1908
2022-11-01,2022,11,Atlantico,11,Informatica y telecomunicaciones,0,177.4080
2022-11-01,2022,11,Atlantico,12,Sonido y video,0,150.0919
2022-11-01,2022,11,Atlantico,14,"Ferreteria, vidrios y pinturas",0,123.8553
2022-11-01,2022,11,Atlantico,15,Otras mercancias de uso domestico,0,137.7579
2022-11-01,2022,11,Bogota,4,Prendas de vestir y textiles,0,150.2767
2022-11-01,2022,11,Bogota,8,Electrodomesticos y muebles,1,131.2066
2022-11-01,2022,11,Bogota,9,Articulos y utensilios domesticos,0,159.1893
2022-11-01,2022,11,Bogota,10,Aseo del hogar,0,124.3936
2022-11-01,2022,11,Bogota,11,Informatica y telecomunicaciones,0,205.6535
2022-11-01,2022,11,Bogota,12,Sonido y video,0,170.3568
2022-11-01,2022,11,Bogota,14,"Ferreteria, vidrios y pinturas",0,135.0475
2022-11-01,2022,11,Bogota,15,Otras mercancias de uso domestico,0,153.8288
2022-11-01,2022,11,Cundinamarca,4,Prendas de vestir y textiles,0,158.6686
2022-11-01,2022,11,Cundinamarca,8,Electrodomesticos y muebles,1,143.3317
2022-11-01,2022,11,Cundinamarca,9,Articulos y utensilios domesticos,0,172.5159
2022-11-01,2022,11,Cundinamarca,10,Aseo del hogar,0,136.1411
2022-11-01,2022,11,Cundinamarca,11,Informatica y telecomunicaciones,0,214.7799
2022-11-01,2022,11,Cundinamarca,12,Sonido y video,0,176.9776
2022-11-01,2022,11,Cundinamarca,14,"Ferreteria, vidrios y pinturas",0,145.5289
2022-11-01,2022,11,Cundinamarca,15,Otras mercancias de uso domestico,0,161.2212
2022-11-01,2022,11,Santander,4,Prendas de vestir y textiles,0,135.2174
2022-11-01,2022,11,Santander,8,Electrodomesticos y muebles,1,112.3920
2022-11-01,2022,11,Santander,9,Articulos y utensilios domesticos,0,140.0920
2022-11-01,2022,11,Santander,10,Aseo del hogar,0,114.4990
2022-11-01,2022,11,Santander,11,Informatica y telecomunicaciones,0,176.9373
2022-11-01,2022,11,Santander,12,Sonido y video,0,152.5695
2022-11-01,2022,11,Santander,14,"Ferreteria, vidrios y pinturas",0,123.9403
2022-11-01,2022,11,Santander,15,Otras mercancias de uso domestico,0,135.0683
2022-11-01,2022,11,Valle del Cauca,4,Prendas de vestir y textiles,0,132.3145
2022-11-01,2022,11,Valle del Cauca,8,Electrodomesticos y muebles,1,118.4144
2022-11-01,2022,11,Valle del Cauca,9,Articulos y utensilios domesticos,0,142.4375
2022-11-01,2022,11,Valle del Cauca,10,Aseo del hogar,0,114.7322
2022-11-01,2022,11,Valle del Cauca,11,Informatica y telecomunicaciones,0,178.0955
2022-11-01,2022,11,Valle del Cauca,12,Sonido y video,0,143.2457
2022-11-01,2022,11,Valle del Cauca,14,"Ferreteria, vidrios y pinturas",0,125.1785
2022-11-01,2022,11,Valle del Cauca,15,Otras mercancias de uso domestico,0,133.9291
2022-11-01,2022,11,Otros departamentos,4,Prendas de vestir y textiles,0,137.0934
2022-11-01,2022,11,Otros departamentos,8,Electrodomesticos y muebles,1,124.4948
2022-11-01,2022,11,Otros departamentos,9,Articulos y utensilios domesticos,0,157.4981
2022-11-01,2022,11,Otros departamentos,10,Aseo del hogar,0,120.0645
2022-11-01,2022,11,Otros departamentos,11,Informatica y telecomunicaciones,0,188.9787
2022-11-01,2022,11,Otros departamentos,12,Sonido y video,0,157.7912
2022-11-01,2022,11,Otros departamentos,14,"Ferreteria, vidrios y pinturas",0,132.4400
2022-11-01,2022,11,Otros departamentos,15,Otras mercancias de uso domestico,0,137.1551
2022-12-01,2022,12,Antioquia,4,Prendas de vestir y textiles,0,285.3057
2022-12-01,2022,12,Antioquia,8,Electrodomesticos y muebles,1,118.5280
2022-12-01,2022,12,Antioquia,9,Articulos y utensilios domesticos,0,180.4925
2022-12-01,2022,12,Antioquia,10,Aseo del hogar,0,132.4680
2022-12-01,2022,12,Antioquia,11,Informatica y telecomunicaciones,0,220.3361
2022-12-01,2022,12,Antioquia,12,Sonido y video,0,149.2386
2022-12-01,2022,12,Antioquia,14,"Ferreteria, vidrios y pinturas",0,118.3603
2022-12-01,2022,12,Antioquia,15,Otras mercancias de uso domestico,0,179.7267
2022-12-01,2022,12,Atlantico,4,Prendas de vestir y textiles,0,307.8098
2022-12-01,2022,12,Atlantico,8,Electrodomesticos y muebles,1,124.2154
2022-12-01,2022,12,Atlantico,9,Articulos y utensilios domesticos,0,181.6128
2022-12-01,2022,12,Atlantico,10,Aseo del hogar,0,133.5269
2022-12-01,2022,12,Atlantico,11,Informatica y telecomunicaciones,0,235.0422
2022-12-01,2022,12,Atlantico,12,Sonido y video,0,154.9921
2022-12-01,2022,12,Atlantico,14,"Ferreteria, vidrios y pinturas",0,125.1945
2022-12-01,2022,12,Atlantico,15,Otras mercancias de uso domestico,0,190.9410
2022-12-01,2022,12,Bogota,4,Prendas de vestir y textiles,0,306.6474
2022-12-01,2022,12,Bogota,8,Electrodomesticos y muebles,1,129.1365
2022-12-01,2022,12,Bogota,9,Articulos y utensilios domesticos,0,180.2572
2022-12-01,2022,12,Bogota,10,Aseo del hogar,0,130.2929
2022-12-01,2022,12,Bogota,11,Informatica y telecomunicaciones,0,239.7876
2022-12-01,2022,12,Bogota,12,Sonido y video,0,154.8641
2022-12-01,2022,12,Bogota,14,"Ferreteria, vidrios y pinturas",0,120.1945
2022-12-01,2022,12,Bogota,15,Otras mercancias de uso domestico,0,190.7427
2022-12-01,2022,12,Cundinamarca,4,Prendas de vestir y textiles,0,326.6291
2022-12-01,2022,12,Cundinamarca,8,Electrodomesticos y muebles,1,133.1270
2022-12-01,2022,12,Cundinamarca,9,Articulos y utensilios domesticos,0,197.8586
2022-12-01,2022,12,Cundinamarca,10,Aseo del hogar,0,147.2870
2022-12-01,2022,12,Cundinamarca,11,Informatica y telecomunicaciones,0,244.6869
2022-12-01,2022,12,Cundinamarca,12,Sonido y video,0,163.7506
2022-12-01,2022,12,Cundinamarca,14,"Ferreteria, vidrios y pinturas",0,128.9758
2022-12-01,2022,12,Cundinamarca,15,Otras mercancias de uso domestico,0,199.6354
2022-12-01,2022,12,Santander,4,Prendas de vestir y textiles,0,281.9683
2022-12-01,2022,12,Santander,8,Electrodomesticos y muebles,1,112.4482
2022-12-01,2022,12,Santander,9,Articulos y utensilios domesticos,0,167.1859
2022-12-01,2022,12,Santander,10,Aseo del hogar,0,126.0842
2022-12-01,2022,12,Santander,11,Informatica y telecomunicaciones,0,212.6153
2022-12-01,2022,12,Santander,12,Sonido y video,0,144.0259
2022-12-01,2022,12,Santander,14,"Ferreteria, vidrios y pinturas",0,114.4201
2022-12-01,2022,12,Santander,15,Otras mercancias de uso domestico,0,180.5690
2022-12-01,2022,12,Valle del Cauca,4,Prendas de vestir y textiles,0,256.6367
2022-12-01,2022,12,Valle del Cauca,8,Electrodomesticos y muebles,1,107.6872
2022-12-01,2022,12,Valle del Cauca,9,Articulos y utensilios domesticos,0,156.2074
2022-12-01,2022,12,Valle del Cauca,10,Aseo del hogar,0,117.6739
2022-12-01,2022,12,Valle del Cauca,11,Informatica y telecomunicaciones,0,202.0120
2022-12-01,2022,12,Valle del Cauca,12,Sonido y video,0,130.3659
2022-12-01,2022,12,Valle del Cauca,14,"Ferreteria, vidrios y pinturas",0,102.1014
2022-12-01,2022,12,Valle del Cauca,15,Otras mercancias de uso domestico,0,163.1836
2022-12-01,2022,12,Otros departamentos,4,Prendas de vestir y textiles,0,326.2033
2022-12-01,2022,12,Otros departamentos,8,Electrodomesticos y muebles,1,132.8713
2022-12-01,2022,12,Otros departamentos,9,Articulos y utensilios domesticos,0,204.9303
2022-12-01,2022,12,Otros departamentos,10,Aseo del hogar,0,143.9837
2022-12-01,2022,12,Otros departamentos,11,Informatica y telecomunicaciones,0,241.4131
2022-12-01,2022,12,Otros departamentos,12,Sonido y video,0,166.3189
2022-12-01,2022,12,Otros departamentos,14,"Ferreteria, vidrios y pinturas",0,127.9303
2022-12-01,2022,12,Otros departamentos,15,Otras mercancias de uso domestico,0,198.2387
2023-01-01,2023,1,Antioquia,4,Prendas de vestir y textiles,0,103.3573
2023-01-01,2023,1,Antioquia,8,Electrodomesticos y muebles,1,110.4489
2023-01-01,2023,1,Antioquia,9,Articulos y utensilios domesticos,0,133.8219
2023-01-01,2023,1,Antioquia,10,Aseo del hogar,0,122.4227
2023-01-01,2023,1,Antioquia,11,Informatica y telecomunicaciones,0,159.3702
2023-01-01,2023,1,Antioquia,12,Sonido y video,0,97.9929
2023-01-01,2023,1,Antioquia,14,"Ferreteria, vidrios y pinturas",0,113.8156
2023-01-01,2023,1,Antioquia,15,Otras mercancias de uso domestico,0,106.1894
2023-01-01,2023,1,Atlantico,4,Prendas de vestir y textiles,0,103.6660
2023-01-01,2023,1,Atlantico,8,Electrodomesticos y muebles,1,113.9381
2023-01-01,2023,1,Atlantico,9,Articulos y utensilios domesticos,0,133.8984
2023-01-01,2023,1,Atlantico,10,Aseo del hogar,0,119.7100
2023-01-01,2023,1,Atlantico,11,Informatica y telecomunicaciones,0,163.1745
2023-01-01,2023,1,Atlantico,12,Sonido y video,0,96.1342
2023-01-01,2023,1,Atlantico,14,"Ferreteria, vidrios y pinturas",0,113.2204
2023-01-01,2023,1,Atlantico,15,Otras mercancias de uso domestico,0,107.2695
2023-01-01,2023,1,Bogota,4,Prendas de vestir y textiles,0,106.8502
2023-01-01,2023,1,Bogota,8,Electrodomesticos y muebles,1,120.4086
2023-01-01,2023,1,Bogota,9,Articulos y utensilios domesticos,0,138.3481
2023-01-01,2023,1,Bogota,10,Aseo del hogar,0,118.5628
2023-01-01,2023,1,Bogota,11,Informatica y telecomunicaciones,0,169.8656
2023-01-01,2023,1,Bogota,12,Sonido y video,0,101.3219
2023-01-01,2023,1,Bogota,14,"Ferreteria, vidrios y pinturas",0,113.0442
2023-01-01,2023,1,Bogota,15,Otras mercancias de uso domestico,0,110.4012
2023-01-01,2023,1,Cundinamarca,4,Prendas de vestir y textiles,0,117.3617
2023-01-01,2023,1,Cundinamarca,8,Electrodomesticos y muebles,1,128.2849
2023-01-01,2023,1,Cundinamarca,9,Articulos y utensilios domesticos,0,154.0894
2023-01-01,2023,1,Cundinamarca,10,Aseo del hogar,0,142.0805
2023-01-01,2023,1,Cundinamarca,11,Informatica y telecomunicaciones,0,182.1212
2023-01-01,2023,1,Cundinamarca,12,Sonido y video,0,111.8000
2023-01-01,2023,1,Cundinamarca,14,"Ferreteria, vidrios y pinturas",0,127.4920
2023-01-01,2023,1,Cundinamarca,15,Otras mercancias de uso domestico,0,117.1326
2023-01-01,2023,1,Santander,4,Prendas de vestir y textiles,0,100.6350
2023-01-01,2023,1,Santander,8,Electrodomesticos y muebles,1,112.4266
2023-01-01,2023,1,Santander,9,Articulos y utensilios domesticos,0,126.6497
2023-01-01,2023,1,Santander,10,Aseo del hogar,0,120.9501
2023-01-01,2023,1,Santander,11,Informatica y telecomunicaciones,0,154.4116
2023-01-01,2023,1,Santander,12,Sonido y video,0,95.7394
2023-01-01,2023,1,Santander,14,"Ferreteria, vidrios y pinturas",0,107.2915
2023-01-01,2023,1,Santander,15,Otras mercancias de uso domestico,0,104.3962
2023-01-01,2023,1,Valle del Cauca,4,Prendas de vestir y textiles,0,94.5654
2023-01-01,2023,1,Valle del Cauca,8,Electrodomesticos y muebles,1,101.8087
2023-01-01,2023,1,Valle del Cauca,9,Articulos y utensilios domesticos,0,118.7873
2023-01-01,2023,1,Valle del Cauca,10,Aseo del hogar,0,109.7139
2023-01-01,2023,1,Valle del Cauca,11,Informatica y telecomunicaciones,0,150.4385
2023-01-01,2023,1,Valle del Cauca,12,Sonido y video,0,87.1820
2023-01-01,2023,1,Valle del Cauca,14,"Ferreteria, vidrios y pinturas",0,98.3854
2023-01-01,2023,1,Valle del Cauca,15,Otras mercancias de uso domestico,0,94.7595
2023-01-01,2023,1,Otros departamentos,4,Prendas de vestir y textiles,0,105.9723
2023-01-01,2023,1,Otros departamentos,8,Electrodomesticos y muebles,1,119.1277
2023-01-01,2023,1,Otros departamentos,9,Articulos y utensilios domesticos,0,150.3269
2023-01-01,2023,1,Otros departamentos,10,Aseo del hogar,0,131.1827
2023-01-01,2023,1,Otros departamentos,11,Informatica y telecomunicaciones,0,162.9950
2023-01-01,2023,1,Otros departamentos,12,Sonido y video,0,104.2127
2023-01-01,2023,1,Otros departamentos,14,"Ferreteria, vidrios y pinturas",0,112.8265
2023-01-01,2023,1,Otros departamentos,15,Otras mercancias de uso domestico,0,105.7062
2023-02-01,2023,2,Antioquia,4,Prendas de vestir y textiles,0,83.7625
2023-02-01,2023,2,Antioquia,8,Electrodomesticos y muebles,1,103.8529
2023-02-01,2023,2,Antioquia,9,Articulos y utensilios domesticos,0,114.1817
2023-02-01,2023,2,Antioquia,10,Aseo del hogar,0,110.9061
2023-02-01,2023,2,Antioquia,11,Informatica y telecomunicaciones,0,177.9724
2023-02-01,2023,2,Antioquia,12,Sonido y video,0,98.3586
2023-02-01,2023,2,Antioquia,14,"Ferreteria, vidrios y pinturas",0,111.5126
2023-02-01,2023,2,Antioquia,15,Otras mercancias de uso domestico,0,95.1299
2023-02-01,2023,2,Atlantico,4,Prendas de vestir y textiles,0,73.5326
2023-02-01,2023,2,Atlantico,8,Electrodomesticos y muebles,1,95.1133
2023-02-01,2023,2,Atlantico,9,Articulos y utensilios domesticos,0,104.4630
2023-02-01,2023,2,Atlantico,10,Aseo del hogar,0,98.8662
2023-02-01,2023,2,Atlantico,11,Informatica y telecomunicaciones,0,167.1418
2023-02-01,2023,2,Atlantico,12,Sonido y video,0,88.2885
2023-02-01,2023,2,Atlantico,14,"Ferreteria, vidrios y pinturas",0,102.1969
2023-02-01,2023,2,Atlantico,15,Otras mercancias de uso domestico,0,89.2764
2023-02-01,2023,2,Bogota,4,Prendas de vestir y textiles,0,89.6279
2023-02-01,2023,2,Bogota,8,Electrodomesticos y muebles,1,112.7879
2023-02-01,2023,2,Bogota,9,Articulos y utensilios domesticos,0,122.4422
2023-02-01,2023,2,Bogota,10,Aseo del hogar,0,119.8653
2023-02-01,2023,2,Bogota,11,Informatica y telecomunicaciones,0,198.1560
2023-02-01,2023,2,Bogota,12,Sonido y video,0,105.7128
2023-02-01,2023,2,Bogota,14,"Ferreteria, vidrios y pinturas",0,115.5629
2023-02-01,2023,2,Bogota,15,Otras mercancias de uso domestico,0,108.6450
2023-02-01,2023,2,Cundinamarca,4,Prendas de vestir y textiles,0,90.4096
2023-02-01,2023,2,Cundinamarca,8,Electrodomesticos y muebles,1,113.2704
2023-02-01,2023,2,Cundinamarca,9,Articulos y utensilios domesticos,0,124.5088
2023-02-01,2023,2,Cundinamarca,10,Aseo del hogar,0,123.7177
2023-02-01,2023,2,Cundinamarca,11,Informatica y telecomunicaciones,0,193.1908
2023-02-01,2023,2,Cundinamarca,12,Sonido y video,0,105.2478
2023-02-01,2023,2,Cundinamarca,14,"Ferreteria, vidrios y pinturas",0,118.1958
2023-02-01,2023,2,Cundinamarca,15,Otras mercancias de uso domestico,0,106.2476
2023-02-01,2023,2,Santander,4,Prendas de vestir y textiles,0,77.9697
2023-02-01,2023,2,Santander,8,Electrodomesticos y muebles,1,97.4569
2023-02-01,2023,2,Santander,9,Articulos y utensilios domesticos,0,104.2946
2023-02-01,2023,2,Santander,10,Aseo del hogar,0,104.0150
2023-02-01,2023,2,Santander,11,Informatica y telecomunicaciones,0,170.9160
2023-02-01,2023,2,Santander,12,Sonido y video,0,90.3648
2023-02-01,2023,2,Santander,14,"Ferreteria, vidrios y pinturas",0,102.7441
2023-02-01,2023,2,Santander,15,Otras mercancias de uso domestico,0,91.8491
2023-02-01,2023,2,Valle del Cauca,4,Prendas de vestir y textiles,0,73.2377
2023-02-01,2023,2,Valle del Cauca,8,Electrodomesticos y muebles,1,90.5835
2023-02-01,2023,2,Valle del Cauca,9,Articulos y utensilios domesticos,0,97.4113
2023-02-01,2023,2,Valle del Cauca,10,Aseo del hogar,0,97.3932
2023-02-01,2023,2,Valle del Cauca,11,Informatica y telecomunicaciones,0,159.1242
2023-02-01,2023,2,Valle del Cauca,12,Sonido y video,0,83.8068
2023-02-01,2023,2,Valle del Cauca,14,"Ferreteria, vidrios y pinturas",0,96.8686
2023-02-01,2023,2,Valle del Cauca,15,Otras mercancias de uso domestico,0,83.1542
2023-02-01,2023,2,Otros departamentos,4,Prendas de vestir y textiles,0,82.3205
2023-02-01,2023,2,Otros departamentos,8,Electrodomesticos y muebles,1,105.4322
2023-02-01,2023,2,Otros departamentos,9,Articulos y utensilios domesticos,0,122.1159
2023-02-01,2023,2,Otros departamentos,10,Aseo del hogar,0,117.3319
2023-02-01,2023,2,Otros departamentos,11,Informatica y telecomunicaciones,0,181.8686
2023-02-01,2023,2,Otros departamentos,12,Sonido y video,0,100.0785
2023-02-01,2023,2,Otros departamentos,14,"Ferreteria, vidrios y pinturas",0,110.8679
2023-02-01,2023,2,Otros departamentos,15,Otras mercancias de uso domestico,0,94.1639
2023-03-01,2023,3,Antioquia,4,Prendas de vestir y textiles,0,94.6145
2023-03-01,2023,3,Antioquia,8,Electrodomesticos y muebles,1,112.8950
2023-03-01,2023,3,Antioquia,9,Articulos y utensilios domesticos,0,127.5813
2023-03-01,2023,3,Antioquia,10,Aseo del hogar,0,115.5023
2023-03-01,2023,3,Antioquia,11,Informatica y telecomunicaciones,0,177.3893
2023-03-01,2023,3,Antioquia,12,Sonido y video,0,109.5810
2023-03-01,2023,3,Antioquia,14,"Ferreteria, vidrios y pinturas",0,118.2126
2023-03-01,2023,3,Antioquia,15,Otras mercancias de uso domestico,0,105.5521
2023-03-01,2023,3,Atlantico,4,Prendas de vestir y textiles,0,89.4685
2023-03-01,2023,3,Atlantico,8,Electrodomesticos y muebles,1,104.5644
2023-03-01,2023,3,Atlantico,9,Articulos y utensilios domesticos,0,119.6851
2023-03-01,2023,3,Atlantico,10,Aseo del hogar,0,110.3705
2023-03-01,2023,3,Atlantico,11,Informatica y telecomunicaciones,0,174.3836
2023-03-01,2023,3,Atlantico,12,Sonido y video,0,103.0485
2023-03-01,2023,3,Atlantico,14,"Ferreteria, vidrios y pinturas",0,110.6379
2023-03-01,2023,3,Atlantico,15,Otras mercancias de uso domestico,0,105.2994
2023-03-01,2023,3,Bogota,4,Prendas de vestir y textiles,0,98.9215
2023-03-01,2023,3,Bogota,8,Electrodomesticos y muebles,1,121.0365
2023-03-01,2023,3,Bogota,9,Articulos y utensilios domesticos,0,135.8937
2023-03-01,2023,3,Bogota,10,Aseo del hogar,0,127.5178
2023-03-01,2023,3,Bogota,11,Informatica y telecomunicaciones,0,191.5199
2023-03-01,2023,3,Bogota,12,Sonido y video,0,117.4631
2023-03-01,2023,3,Bogota,14,"Ferreteria, vidrios y pinturas",0,121.5397
2023-03-01,2023,3,Bogota,15,Otras mercancias de uso domestico,0,118.6541
2023-03-01,2023,3,Cundinamarca,4,Prendas de vestir y textiles,0,113.5662
2023-03-01,2023,3,Cundinamarca,8,Electrodomesticos y muebles,1,133.4355
2023-03-01,2023,3,Cundinamarca,9,Articulos y utensilios domesticos,0,155.8115
2023-03-01,2023,3,Cundinamarca,10,Aseo del hogar,0,147.5017
2023-03-01,2023,3,Cundinamarca,11,Informatica y telecomunicaciones,0,209.9964
2023-03-01,2023,3,Cundinamarca,12,Sonido y video,0,135.3551
2023-03-01,2023,3,Cundinamarca,14,"Ferreteria, vidrios y pinturas",0,133.9680
2023-03-01,2023,3,Cundinamarca,15,Otras mercancias de uso domestico,0,134.8707
2023-03-01,2023,3,Santander,4,Prendas de vestir y textiles,0,90.6536
2023-03-01,2023,3,Santander,8,Electrodomesticos y muebles,1,103.2778
2023-03-01,2023,3,Santander,9,Articulos y utensilios domesticos,0,117.7856
2023-03-01,2023,3,Santander,10,Aseo del hogar,0,110.5362
2023-03-01,2023,3,Santander,11,Informatica y telecomunicaciones,0,173.6744
2023-03-01,2023,3,Santander,12,Sonido y video,0,102.3407
2023-03-01,2023,3,Santander,14,"Ferreteria, vidrios y pinturas",0,109.4449
2023-03-01,2023,3,Santander,15,Otras mercancias de uso domestico,0,104.6429
2023-03-01,2023,3,Valle del Cauca,4,Prendas de vestir y textiles,0,83.4122
2023-03-01,2023,3,Valle del Cauca,8,Electrodomesticos y muebles,1,99.4384
2023-03-01,2023,3,Valle del Cauca,9,Articulos y utensilios domesticos,0,110.1480
2023-03-01,2023,3,Valle del Cauca,10,Aseo del hogar,0,104.7771
2023-03-01,2023,3,Valle del Cauca,11,Informatica y telecomunicaciones,0,158.7479
2023-03-01,2023,3,Valle del Cauca,12,Sonido y video,0,93.2439
2023-03-01,2023,3,Valle del Cauca,14,"Ferreteria, vidrios y pinturas",0,99.9225
2023-03-01,2023,3,Valle del Cauca,15,Otras mercancias de uso domestico,0,94.8478
2023-03-01,2023,3,Otros departamentos,4,Prendas de vestir y textiles,0,95.2919
2023-03-01,2023,3,Otros departamentos,8,Electrodomesticos y muebles,1,114.0267
2023-03-01,2023,3,Otros departamentos,9,Articulos y utensilios domesticos,0,130.7662
2023-03-01,2023,3,Otros departamentos,10,Aseo del hogar,0,124.2766
2023-03-01,2023,3,Otros departamentos,11,Informatica y telecomunicaciones,0,186.3719
2023-03-01,2023,3,Otros departamentos,12,Sonido y video,0,111.0566
2023-03-01,2023,3,Otros departamentos,14,"Ferreteria, vidrios y pinturas",0,113.1888
2023-03-01,2023,3,Otros departamentos,15,Otras mercancias de uso domestico,0,111.0250
2023-04-01,2023,4,Antioquia,4,Prendas de vestir y textiles,0,97.0855
2023-04-01,2023,4,Antioquia,8,Electrodomesticos y muebles,1,102.4205
2023-04-01,2023,4,Antioquia,9,Articulos y utensilios domesticos,0,126.2364
2023-04-01,2023,4,Antioquia,10,Aseo del hogar,0,118.2152
2023-04-01,2023,4,Antioquia,11,Informatica y telecomunicaciones,0,157.8278
2023-04-01,2023,4,Antioquia,12,Sonido y video,0,104.3634
2023-04-01,2023,4,Antioquia,14,"Ferreteria, vidrios y pinturas",0,101.4435
2023-04-01,2023,4,Antioquia,15,Otras mercancias de uso domestico,0,107.1353
2023-04-01,2023,4,Atlantico,4,Prendas de vestir y textiles,0,87.5841
2023-04-01,2023,4,Atlantico,8,Electrodomesticos y muebles,1,90.7329
2023-04-01,2023,4,Atlantico,9,Articulos y utensilios domesticos,0,116.7904
2023-04-01,2023,4,Atlantico,10,Aseo del hogar,0,113.3983
2023-04-01,2023,4,Atlantico,11,Informatica y telecomunicaciones,0,151.8276
2023-04-01,2023,4,Atlantico,12,Sonido y video,0,95.2966
2023-04-01,2023,4,Atlantico,14,"Ferreteria, vidrios y pinturas",0,90.9008
2023-04-01,2023,4,Atlantico,15,Otras mercancias de uso domestico,0,95.5667
2023-04-01,2023,4,Bogota,4,Prendas de vestir y textiles,0,95.0184
2023-04-01,2023,4,Bogota,8,Electrodomesticos y muebles,1,100.1329
2023-04-01,2023,4,Bogota,9,Articulos y utensilios domesticos,0,127.9071
2023-04-01,2023,4,Bogota,10,Aseo del hogar,0,118.8911
2023-04-01,2023,4,Bogota,11,Informatica y telecomunicaciones,0,160.4216
2023-04-01,2023,4,Bogota,12,Sonido y video,0,103.4207
2023-04-01,2023,4,Bogota,14,"Ferreteria, vidrios y pinturas",0,99.8192
2023-04-01,2023,4,Bogota,15,Otras mercancias de uso domestico,0,106.6612
2023-04-01,2023,4,Cundinamarca,4,Prendas de vestir y textiles,0,109.6679
2023-04-01,2023,4,Cundinamarca,8,Electrodomesticos y muebles,1,115.3671
2023-04-01,2023,4,Cundinamarca,9,Articulos y utensilios domesticos,0,145.7683
2023-04-01,2023,4,Cundinamarca,10,Aseo del hogar,0,142.3346
2023-04-01,2023,4,Cundinamarca,11,Informatica y telecomunicaciones,0,179.9489
2023-04-01,2023,4,Cundinamarca,12,Sonido y video,0,118.6059
2023-04-01,2023,4,Cundinamarca,14,"Ferreteria, vidrios y pinturas",0,112.3642
2023-04-01,2023,4,Cundinamarca,15,Otras mercancias de uso domestico,0,119.2150
2023-04-01,2023,4,Santander,4,Prendas de vestir y textiles,0,91.3782
2023-04-01,2023,4,Santander,8,Electrodomesticos y muebles,1,93.5767
2023-04-01,2023,4,Santander,9,Articulos y utensilios domesticos,0,115.9350
2023-04-01,2023,4,Santander,10,Aseo del hogar,0,114.1569
2023-04-01,2023,4,Santander,11,Informatica y telecomunicaciones,0,154.6637
2023-04-01,2023,4,Santander,12,Sonido y video,0,95.2574
2023-04-01,2023,4,Santander,14,"Ferreteria, vidrios y pinturas",0,94.2222
2023-04-01,2023,4,Santander,15,Otras mercancias de uso domestico,0,96.6442
2023-04-01,2023,4,Valle del Cauca,4,Prendas de vestir y textiles,0,84.5962
2023-04-01,2023,4,Valle del Cauca,8,Electrodomesticos y muebles,1,87.6580
2023-04-01,2023,4,Valle del Cauca,9,Articulos y utensilios domesticos,0,105.9425
2023-04-01,2023,4,Valle del Cauca,10,Aseo del hogar,0,105.8980
2023-04-01,2023,4,Valle del Cauca,11,Informatica y telecomunicaciones,0,138.4746
2023-04-01,2023,4,Valle del Cauca,12,Sonido y video,0,84.7454
2023-04-01,2023,4,Valle del Cauca,14,"Ferreteria, vidrios y pinturas",0,87.2512
2023-04-01,2023,4,Valle del Cauca,15,Otras mercancias de uso domestico,0,87.6768
2023-04-01,2023,4,Otros departamentos,4,Prendas de vestir y textiles,0,96.5891
2023-04-01,2023,4,Otros departamentos,8,Electrodomesticos y muebles,1,102.5008
2023-04-01,2023,4,Otros departamentos,9,Articulos y utensilios domesticos,0,130.6896
2023-04-01,2023,4,Otros departamentos,10,Aseo del hogar,0,124.8552
2023-04-01,2023,4,Otros departamentos,11,Informatica y telecomunicaciones,0,162.6523
2023-04-01,2023,4,Otros departamentos,12,Sonido y video,0,104.6520
2023-04-01,2023,4,Otros departamentos,14,"Ferreteria, vidrios y pinturas",0,98.9267
2023-04-01,2023,4,Otros departamentos,15,Otras mercancias de uso domestico,0,107.9682
2023-05-01,2023,5,Antioquia,4,Prendas de vestir y textiles,0,107.8295
2023-05-01,2023,5,Antioquia,8,Electrodomesticos y muebles,1,117.7598
2023-05-01,2023,5,Antioquia,9,Articulos y utensilios domesticos,0,123.7658
2023-05-01,2023,5,Antioquia,10,Aseo del hogar,0,123.1739
2023-05-01,2023,5,Antioquia,11,Informatica y telecomunicaciones,0,165.6077
2023-05-01,2023,5,Antioquia,12,Sonido y video,0,108.2362
2023-05-01,2023,5,Antioquia,14,"Ferreteria, vidrios y pinturas",0,105.7834
2023-05-01,2023,5,Antioquia,15,Otras mercancias de uso domestico,0,112.5464
2023-05-01,2023,5,Atlantico,4,Prendas de vestir y textiles,0,97.7551
2023-05-01,2023,5,Atlantico,8,Electrodomesticos y muebles,1,111.1121
2023-05-01,2023,5,Atlantico,9,Articulos y utensilios domesticos,0,112.2675
2023-05-01,2023,5,Atlantico,10,Aseo del hogar,0,112.4441
2023-05-01,2023,5,Atlantico,11,Informatica y telecomunicaciones,0,152.2578
2023-05-01,2023,5,Atlantico,12,Sonido y video,0,98.5052
2023-05-01,2023,5,Atlantico,14,"Ferreteria, vidrios y pinturas",0,99.4768
2023-05-01,2023,5,Atlantico,15,Otras mercancias de uso domestico,0,101.4821
2023-05-01,2023,5,Bogota,4,Prendas de vestir y textiles,0,104.9379
2023-05-01,2023,5,Bogota,8,Electrodomesticos y muebles,1,120.6854
2023-05-01,2023,5,Bogota,9,Articulos y utensilios domesticos,0,123.4632
2023-05-01,2023,5,Bogota,10,Aseo del hogar,0,122.3809
2023-05-01,2023,5,Bogota,11,Informatica y telecomunicaciones,0,167.3951
2023-05-01,2023,5,Bogota,12,Sonido y video,0,107.1036
2023-05-01,2023,5,Bogota,14,"Ferreteria, vidrios y pinturas",0,105.9810
2023-05-01,2023,5,Bogota,15,Otras mercancias de uso domestico,0,106.6547
2023-05-01,2023,5,Cundinamarca,4,Prendas de vestir y textiles,0,112.8561
2023-05-01,2023,5,Cundinamarca,8,Electrodomesticos y muebles,1,134.1917
2023-05-01,2023,5,Cundinamarca,9,Articulos y utensilios domesticos,0,133.3886
2023-05-01,2023,5,Cundinamarca,10,Aseo del hogar,0,131.9697
2023-05-01,2023,5,Cundinamarca,11,Informatica y telecomunicaciones,0,179.4841
2023-05-01,2023,5,Cundinamarca,12,Sonido y video,0,115.8985
2023-05-01,2023,5,Cundinamarca,14,"Ferreteria, vidrios y pinturas",0,114.4505
2023-05-01,2023,5,Cundinamarca,15,Otras mercancias de uso domestico,0,117.7866
2023-05-01,2023,5,Santander,4,Prendas de vestir y textiles,0,96.2311
2023-05-01,2023,5,Santander,8,Electrodomesticos y muebles,1,107.6093
2023-05-01,2023,5,Santander,9,Articulos y utensilios domesticos,0,111.2573
2023-05-01,2023,5,Santander,10,Aseo del hogar,0,109.1727
2023-05-01,2023,5,Santander,11,Informatica y telecomunicaciones,0,149.6831
2023-05-01,2023,5,Santander,12,Sonido y video,0,94.0285
2023-05-01,2023,5,Santander,14,"Ferreteria, vidrios y pinturas",0,93.6285
2023-05-01,2023,5,Santander,15,Otras mercancias de uso domestico,0,97.8722
2023-05-01,2023,5,Valle del Cauca,4,Prendas de vestir y textiles,0,93.3135
2023-05-01,2023,5,Valle del Cauca,8,Electrodomesticos y muebles,1,100.8358
2023-05-01,2023,5,Valle del Cauca,9,Articulos y utensilios domesticos,0,101.1087
2023-05-01,2023,5,Valle del Cauca,10,Aseo del hogar,0,103.8456
2023-05-01,2023,5,Valle del Cauca,11,Informatica y telecomunicaciones,0,142.1874
2023-05-01,2023,5,Valle del Cauca,12,Sonido y video,0,87.7625
2023-05-01,2023,5,Valle del Cauca,14,"Ferreteria, vidrios y pinturas",0,93.0338
2023-05-01,2023,5,Valle del Cauca,15,Otras mercancias de uso domestico,0,95.8184
2023-05-01,2023,5,Otros departamentos,4,Prendas de vestir y textiles,0,109.1969
2023-05-01,2023,5,Otros departamentos,8,Electrodomesticos y muebles,1,126.5205
2023-05-01,2023,5,Otros departamentos,9,Articulos y utensilios domesticos,0,130.8838
2023-05-01,2023,5,Otros departamentos,10,Aseo del hogar,0,126.4007
2023-05-01,2023,5,Otros departamentos,11,Informatica y telecomunicaciones,0,170.5265
2023-05-01,2023,5,Otros departamentos,12,Sonido y video,0,106.3827
2023-05-01,2023,5,Otros departamentos,14,"Ferreteria, vidrios y pinturas",0,112.2984
2023-05-01,2023,5,Otros departamentos,15,Otras mercancias de uso domestico,0,114.2600
2023-06-01,2023,6,Antioquia,4,Prendas de vestir y textiles,0,127.0419
2023-06-01,2023,6,Antioquia,8,Electrodomesticos y muebles,1,111.8736
2023-06-01,2023,6,Antioquia,9,Articulos y utensilios domesticos,0,126.5663
2023-06-01,2023,6,Antioquia,10,Aseo del hogar,0,121.7910
2023-06-01,2023,6,Antioquia,11,Informatica y telecomunicaciones,0,147.8527
2023-06-01,2023,6,Antioquia,12,Sonido y video,0,115.7115
2023-06-01,2023,6,Antioquia,14,"Ferreteria, vidrios y pinturas",0,101.5178
2023-06-01,2023,6,Antioquia,15,Otras mercancias de uso domestico,0,107.3647
2023-06-01,2023,6,Atlantico,4,Prendas de vestir y textiles,0,115.5238
2023-06-01,2023,6,Atlantico,8,Electrodomesticos y muebles,1,108.8407
2023-06-01,2023,6,Atlantico,9,Articulos y utensilios domesticos,0,117.3210
2023-06-01,2023,6,Atlantico,10,Aseo del hogar,0,120.7994
2023-06-01,2023,6,Atlantico,11,Informatica y telecomunicaciones,0,141.6992
2023-06-01,2023,6,Atlantico,12,Sonido y video,0,114.1492
2023-06-01,2023,6,Atlantico,14,"Ferreteria, vidrios y pinturas",0,98.2170
2023-06-01,2023,6,Atlantico,15,Otras mercancias de uso domestico,0,101.7038
2023-06-01,2023,6,Bogota,4,Prendas de vestir y textiles,0,119.5319
2023-06-01,2023,6,Bogota,8,Electrodomesticos y muebles,1,113.8043
2023-06-01,2023,6,Bogota,9,Articulos y utensilios domesticos,0,125.8685
2023-06-01,2023,6,Bogota,10,Aseo del hogar,0,125.6727
2023-06-01,2023,6,Bogota,11,Informatica y telecomunicaciones,0,150.7649
2023-06-01,2023,6,Bogota,12,Sonido y video,0,119.7365
2023-06-01,2023,6,Bogota,14,"Ferreteria, vidrios y pinturas",0,103.4120
2023-06-01,2023,6,Bogota,15,Otras mercancias de uso domestico,0,107.1191
2023-06-01,2023,6,Cundinamarca,4,Prendas de vestir y textiles,0,134.1420
2023-06-01,2023,6,Cundinamarca,8,Electrodomesticos y muebles,1,133.6198
2023-06-01,2023,6,Cundinamarca,9,Articulos y utensilios domesticos,0,137.2727
2023-06-01,2023,6,Cundinamarca,10,Aseo del hogar,0,133.3229
2023-06-01,2023,6,Cundinamarca,11,Informatica y telecomunicaciones,0,161.7608
2023-06-01,2023,6,Cundinamarca,12,Sonido y video,0,134.1922
2023-06-01,2023,6,Cundinamarca,14,"Ferreteria, vidrios y pinturas",0,114.3406
2023-06-01,2023,6,Cundinamarca,15,Otras mercancias de uso domestico,0,116.0007
2023-06-01,2023,6,Santander,4,Prendas de vestir y textiles,0,116.3974
2023-06-01,2023,6,Santander,8,Electrodomesticos y muebles,1,106.4951
2023-06-01,2023,6,Santander,9,Articulos y utensilios domesticos,0,119.7181
2023-06-01,2023,6,Santander,10,Aseo del hogar,0,109.8687
2023-06-01,2023,6,Santander,11,Informatica y telecomunicaciones,0,137.7021
2023-06-01,2023,6,Santander,12,Sonido y video,0,105.8375
2023-06-01,2023,6,Santander,14,"Ferreteria, vidrios y pinturas",0,90.6318
2023-06-01,2023,6,Santander,15,Otras mercancias de uso domestico,0,99.2437
2023-06-01,2023,6,Valle del Cauca,4,Prendas de vestir y textiles,0,109.5234
2023-06-01,2023,6,Valle del Cauca,8,Electrodomesticos y muebles,1,100.6685
2023-06-01,2023,6,Valle del Cauca,9,Articulos y utensilios domesticos,0,111.7160
2023-06-01,2023,6,Valle del Cauca,10,Aseo del hogar,0,106.7292
2023-06-01,2023,6,Valle del Cauca,11,Informatica y telecomunicaciones,0,130.8023
2023-06-01,2023,6,Valle del Cauca,12,Sonido y video,0,100.6588
2023-06-01,2023,6,Valle del Cauca,14,"Ferreteria, vidrios y pinturas",0,92.9692
2023-06-01,2023,6,Valle del Cauca,15,Otras mercancias de uso domestico,0,93.7595
2023-06-01,2023,6,Otros departamentos,4,Prendas de vestir y textiles,0,117.8145
2023-06-01,2023,6,Otros departamentos,8,Electrodomesticos y muebles,1,114.1473
2023-06-01,2023,6,Otros departamentos,9,Articulos y utensilios domesticos,0,124.4071
2023-06-01,2023,6,Otros departamentos,10,Aseo del hogar,0,115.0758
2023-06-01,2023,6,Otros departamentos,11,Informatica y telecomunicaciones,0,141.7826
2023-06-01,2023,6,Otros departamentos,12,Sonido y video,0,113.7191
2023-06-01,2023,6,Otros departamentos,14,"Ferreteria, vidrios y pinturas",0,101.5194
2023-06-01,2023,6,Otros departamentos,15,Otras mercancias de uso domestico,0,102.2731
2023-07-01,2023,7,Antioquia,4,Prendas de vestir y textiles,0,121.4936
2023-07-01,2023,7,Antioquia,8,Electrodomesticos y muebles,1,121.7880
2023-07-01,2023,7,Antioquia,9,Articulos y utensilios domesticos,0,139.0982
2023-07-01,2023,7,Antioquia,10,Aseo del hogar,0,129.4519
2023-07-01,2023,7,Antioquia,11,Informatica y telecomunicaciones,0,156.2744
2023-07-01,2023,7,Antioquia,12,Sonido y video,0,125.2307
2023-07-01,2023,7,Antioquia,14,"Ferreteria, vidrios y pinturas",0,104.7097
2023-07-01,2023,7,Antioquia,15,Otras mercancias de uso domestico,0,106.9879
2023-07-01,2023,7,Atlantico,4,Prendas de vestir y textiles,0,110.5454
2023-07-01,2023,7,Atlantico,8,Electrodomesticos y muebles,1,118.0170
2023-07-01,2023,7,Atlantico,9,Articulos y utensilios domesticos,0,130.9607
2023-07-01,2023,7,Atlantico,10,Aseo del hogar,0,129.9904
2023-07-01,2023,7,Atlantico,11,Informatica y telecomunicaciones,0,151.6118
2023-07-01,2023,7,Atlantico,12,Sonido y video,0,120.9811
2023-07-01,2023,7,Atlantico,14,"Ferreteria, vidrios y pinturas",0,99.3982
2023-07-01,2023,7,Atlantico,15,Otras mercancias de uso domestico,0,100.4287
2023-07-01,2023,7,Bogota,4,Prendas de vestir y textiles,0,121.7048
2023-07-01,2023,7,Bogota,8,Electrodomesticos y muebles,1,124.6921
2023-07-01,2023,7,Bogota,9,Articulos y utensilios domesticos,0,137.1767
2023-07-01,2023,7,Bogota,10,Aseo del hogar,0,135.8302
2023-07-01,2023,7,Bogota,11,Informatica y telecomunicaciones,0,163.2693
2023-07-01,2023,7,Bogota,12,Sonido y video,0,128.4764
2023-07-01,2023,7,Bogota,14,"Ferreteria, vidrios y pinturas",0,108.5338
2023-07-01,2023,7,Bogota,15,Otras mercancias de uso domestico,0,108.4156
2023-07-01,2023,7,Cundinamarca,4,Prendas de vestir y textiles,0,131.7733
2023-07-01,2023,7,Cundinamarca,8,Electrodomesticos y muebles,1,143.0318
2023-07-01,2023,7,Cundinamarca,9,Articulos y utensilios domesticos,0,151.3668
2023-07-01,2023,7,Cundinamarca,10,Aseo del hogar,0,142.0269
2023-07-01,2023,7,Cundinamarca,11,Informatica y telecomunicaciones,0,170.0676
2023-07-01,2023,7,Cundinamarca,12,Sonido y video,0,140.4883
2023-07-01,2023,7,Cundinamarca,14,"Ferreteria, vidrios y pinturas",0,115.4204
2023-07-01,2023,7,Cundinamarca,15,Otras mercancias de uso domestico,0,112.5517
2023-07-01,2023,7,Santander,4,Prendas de vestir y textiles,0,112.0116
2023-07-01,2023,7,Santander,8,Electrodomesticos y muebles,1,114.4915
2023-07-01,2023,7,Santander,9,Articulos y utensilios domesticos,0,128.3638
2023-07-01,2023,7,Santander,10,Aseo del hogar,0,120.7548
2023-07-01,2023,7,Santander,11,Informatica y telecomunicaciones,0,150.9328
2023-07-01,2023,7,Santander,12,Sonido y video,0,115.7053
2023-07-01,2023,7,Santander,14,"Ferreteria, vidrios y pinturas",0,99.4710
2023-07-01,2023,7,Santander,15,Otras mercancias de uso domestico,0,98.9572
2023-07-01,2023,7,Valle del Cauca,4,Prendas de vestir y textiles,0,106.5229
2023-07-01,2023,7,Valle del Cauca,8,Electrodomesticos y muebles,1,109.7555
2023-07-01,2023,7,Valle del Cauca,9,Articulos y utensilios domesticos,0,122.9858
2023-07-01,2023,7,Valle del Cauca,10,Aseo del hogar,0,118.1836
2023-07-01,2023,7,Valle del Cauca,11,Informatica y telecomunicaciones,0,146.0894
2023-07-01,2023,7,Valle del Cauca,12,Sonido y video,0,108.6452
2023-07-01,2023,7,Valle del Cauca,14,"Ferreteria, vidrios y pinturas",0,96.8530
2023-07-01,2023,7,Valle del Cauca,15,Otras mercancias de uso domestico,0,94.1633
2023-07-01,2023,7,Otros departamentos,4,Prendas de vestir y textiles,0,116.3700
2023-07-01,2023,7,Otros departamentos,8,Electrodomesticos y muebles,1,127.8735
2023-07-01,2023,7,Otros departamentos,9,Articulos y utensilios domesticos,0,142.2995
2023-07-01,2023,7,Otros departamentos,10,Aseo del hogar,0,129.2651
2023-07-01,2023,7,Otros departamentos,11,Informatica y telecomunicaciones,0,158.2761
2023-07-01,2023,7,Otros departamentos,12,Sonido y video,0,123.0181
2023-07-01,2023,7,Otros departamentos,14,"Ferreteria, vidrios y pinturas",0,105.3435
2023-07-01,2023,7,Otros departamentos,15,Otras mercancias de uso domestico,0,107.3131
2023-08-01,2023,8,Antioquia,4,Prendas de vestir y textiles,0,100.8525
2023-08-01,2023,8,Antioquia,8,Electrodomesticos y muebles,1,117.0136
2023-08-01,2023,8,Antioquia,9,Articulos y utensilios domesticos,0,125.2226
2023-08-01,2023,8,Antioquia,10,Aseo del hogar,0,119.8978
2023-08-01,2023,8,Antioquia,11,Informatica y telecomunicaciones,0,161.1605
2023-08-01,2023,8,Antioquia,12,Sonido y video,0,119.5475
2023-08-01,2023,8,Antioquia,14,"Ferreteria, vidrios y pinturas",0,105.6087
2023-08-01,2023,8,Antioquia,15,Otras mercancias de uso domestico,0,101.6109
2023-08-01,2023,8,Atlantico,4,Prendas de vestir y textiles,0,93.2104
2023-08-01,2023,8,Atlantico,8,Electrodomesticos y muebles,1,114.9622
2023-08-01,2023,8,Atlantico,9,Articulos y utensilios domesticos,0,118.8658
2023-08-01,2023,8,Atlantico,10,Aseo del hogar,0,116.1382
2023-08-01,2023,8,Atlantico,11,Informatica y telecomunicaciones,0,156.7561
2023-08-01,2023,8,Atlantico,12,Sonido y video,0,110.6706
2023-08-01,2023,8,Atlantico,14,"Ferreteria, vidrios y pinturas",0,103.9849
2023-08-01,2023,8,Atlantico,15,Otras mercancias de uso domestico,0,94.3932
2023-08-01,2023,8,Bogota,4,Prendas de vestir y textiles,0,109.9086
2023-08-01,2023,8,Bogota,8,Electrodomesticos y muebles,1,126.4563
2023-08-01,2023,8,Bogota,9,Articulos y utensilios domesticos,0,135.1678
2023-08-01,2023,8,Bogota,10,Aseo del hogar,0,132.8933
2023-08-01,2023,8,Bogota,11,Informatica y telecomunicaciones,0,173.5004
2023-08-01,2023,8,Bogota,12,Sonido y video,0,125.8526
2023-08-01,2023,8,Bogota,14,"Ferreteria, vidrios y pinturas",0,117.7518
2023-08-01,2023,8,Bogota,15,Otras mercancias de uso domestico,0,111.7945
2023-08-01,2023,8,Cundinamarca,4,Prendas de vestir y textiles,0,109.6335
2023-08-01,2023,8,Cundinamarca,8,Electrodomesticos y muebles,1,135.0488
2023-08-01,2023,8,Cundinamarca,9,Articulos y utensilios domesticos,0,136.6865
2023-08-01,2023,8,Cundinamarca,10,Aseo del hogar,0,131.7823
2023-08-01,2023,8,Cundinamarca,11,Informatica y telecomunicaciones,0,172.1570
2023-08-01,2023,8,Cundinamarca,12,Sonido y video,0,128.5447
2023-08-01,2023,8,Cundinamarca,14,"Ferreteria, vidrios y pinturas",0,117.7948
2023-08-01,2023,8,Cundinamarca,15,Otras mercancias de uso domestico,0,111.4886
2023-08-01,2023,8,Santander,4,Prendas de vestir y textiles,0,97.1878
2023-08-01,2023,8,Santander,8,Electrodomesticos y muebles,1,113.7335
2023-08-01,2023,8,Santander,9,Articulos y utensilios domesticos,0,116.8924
2023-08-01,2023,8,Santander,10,Aseo del hogar,0,114.8554
2023-08-01,2023,8,Santander,11,Informatica y telecomunicaciones,0,153.9798
2023-08-01,2023,8,Santander,12,Sonido y video,0,109.9900
2023-08-01,2023,8,Santander,14,"Ferreteria, vidrios y pinturas",0,100.7629
2023-08-01,2023,8,Santander,15,Otras mercancias de uso domestico,0,94.3737
2023-08-01,2023,8,Valle del Cauca,4,Prendas de vestir y textiles,0,93.4985
2023-08-01,2023,8,Valle del Cauca,8,Electrodomesticos y muebles,1,111.1600
2023-08-01,2023,8,Valle del Cauca,9,Articulos y utensilios domesticos,0,116.0411
2023-08-01,2023,8,Valle del Cauca,10,Aseo del hogar,0,114.3749
2023-08-01,2023,8,Valle del Cauca,11,Informatica y telecomunicaciones,0,155.0529
2023-08-01,2023,8,Valle del Cauca,12,Sonido y video,0,108.4117
2023-08-01,2023,8,Valle del Cauca,14,"Ferreteria, vidrios y pinturas",0,101.6195
2023-08-01,2023,8,Valle del Cauca,15,Otras mercancias de uso domestico,0,95.2037
2023-08-01,2023,8,Otros departamentos,4,Prendas de vestir y textiles,0,97.6757
2023-08-01,2023,8,Otros departamentos,8,Electrodomesticos y muebles,1,123.1255
2023-08-01,2023,8,Otros departamentos,9,Articulos y utensilios domesticos,0,127.5833
2023-08-01,2023,8,Otros departamentos,10,Aseo del hogar,0,119.2734
2023-08-01,2023,8,Otros departamentos,11,Informatica y telecomunicaciones,0,163.4327
2023-08-01,2023,8,Otros departamentos,12,Sonido y video,0,115.4934
2023-08-01,2023,8,Otros departamentos,14,"Ferreteria, vidrios y pinturas",0,106.8607
2023-08-01,2023,8,Otros departamentos,15,Otras mercancias de uso domestico,0,101.2366
2023-09-01,2023,9,Antioquia,4,Prendas de vestir y textiles,0,107.1862
2023-09-01,2023,9,Antioquia,8,Electrodomesticos y muebles,1,108.6140
2023-09-01,2023,9,Antioquia,9,Articulos y utensilios domesticos,0,124.7800
2023-09-01,2023,9,Antioquia,10,Aseo del hogar,0,121.3708
2023-09-01,2023,9,Antioquia,11,Informatica y telecomunicaciones,0,141.0332
2023-09-01,2023,9,Antioquia,12,Sonido y video,0,116.7621
2023-09-01,2023,9,Antioquia,14,"Ferreteria, vidrios y pinturas",0,102.6546
2023-09-01,2023,9,Antioquia,15,Otras mercancias de uso domestico,0,105.8785
2023-09-01,2023,9,Atlantico,4,Prendas de vestir y textiles,0,96.6062
2023-09-01,2023,9,Atlantico,8,Electrodomesticos y muebles,1,103.1379
2023-09-01,2023,9,Atlantico,9,Articulos y utensilios domesticos,0,117.9235
2023-09-01,2023,9,Atlantico,10,Aseo del hogar,0,111.7573
2023-09-01,2023,9,Atlantico,11,Informatica y telecomunicaciones,0,138.9060
2023-09-01,2023,9,Atlantico,12,Sonido y video,0,103.4548
2023-09-01,2023,9,Atlantico,14,"Ferreteria, vidrios y pinturas",0,99.4856
2023-09-01,2023,9,Atlantico,15,Otras mercancias de uso domestico,0,96.4889
2023-09-01,2023,9,Bogota,4,Prendas de vestir y textiles,0,121.7821
2023-09-01,2023,9,Bogota,8,Electrodomesticos y muebles,1,122.0947
2023-09-01,2023,9,Bogota,9,Articulos y utensilios domesticos,0,140.2888
2023-09-01,2023,9,Bogota,10,Aseo del hogar,0,135.1308
2023-09-01,2023,9,Bogota,11,Informatica y telecomunicaciones,0,168.7919
2023-09-01,2023,9,Bogota,12,Sonido y video,0,124.9459
2023-09-01,2023,9,Bogota,14,"Ferreteria, vidrios y pinturas",0,117.5224
2023-09-01,2023,9,Bogota,15,Otras mercancias de uso domestico,0,120.7802
2023-09-01,2023,9,Cundinamarca,4,Prendas de vestir y textiles,0,121.8464
2023-09-01,2023,9,Cundinamarca,8,Electrodomesticos y muebles,1,129.6301
2023-09-01,2023,9,Cundinamarca,9,Articulos y utensilios domesticos,0,145.2663
2023-09-01,2023,9,Cundinamarca,10,Aseo del hogar,0,138.9353
2023-09-01,2023,9,Cundinamarca,11,Informatica y telecomunicaciones,0,160.8529
2023-09-01,2023,9,Cundinamarca,12,Sonido y video,0,128.9978
2023-09-01,2023,9,Cundinamarca,14,"Ferreteria, vidrios y pinturas",0,119.7847
2023-09-01,2023,9,Cundinamarca,15,Otras mercancias de uso domestico,0,121.8924
2023-09-01,2023,9,Santander,4,Prendas de vestir y textiles,0,99.4449
2023-09-01,2023,9,Santander,8,Electrodomesticos y muebles,1,101.1755
2023-09-01,2023,9,Santander,9,Articulos y utensilios domesticos,0,118.6120
2023-09-01,2023,9,Santander,10,Aseo del hogar,0,113.8309
2023-09-01,2023,9,Santander,11,Informatica y telecomunicaciones,0,137.3433
2023-09-01,2023,9,Santander,12,Sonido y video,0,104.0056
2023-09-01,2023,9,Santander,14,"Ferreteria, vidrios y pinturas",0,99.6274
2023-09-01,2023,9,Santander,15,Otras mercancias de uso domestico,0,96.3393
2023-09-01,2023,9,Valle del Cauca,4,Prendas de vestir y textiles,0,95.3123
2023-09-01,2023,9,Valle del Cauca,8,Electrodomesticos y muebles,1,97.2470
2023-09-01,2023,9,Valle del Cauca,9,Articulos y utensilios domesticos,0,111.8054
2023-09-01,2023,9,Valle del Cauca,10,Aseo del hogar,0,107.7208
2023-09-01,2023,9,Valle del Cauca,11,Informatica y telecomunicaciones,0,127.4231
2023-09-01,2023,9,Valle del Cauca,12,Sonido y video,0,95.9145
2023-09-01,2023,9,Valle del Cauca,14,"Ferreteria, vidrios y pinturas",0,93.2213
2023-09-01,2023,9,Valle del Cauca,15,Otras mercancias de uso domestico,0,95.8354
2023-09-01,2023,9,Otros departamentos,4,Prendas de vestir y textiles,0,102.4943
2023-09-01,2023,9,Otros departamentos,8,Electrodomesticos y muebles,1,105.9604
2023-09-01,2023,9,Otros departamentos,9,Articulos y utensilios domesticos,0,121.1605
2023-09-01,2023,9,Otros departamentos,10,Aseo del hogar,0,114.0053
2023-09-01,2023,9,Otros departamentos,11,Informatica y telecomunicaciones,0,139.5414
2023-09-01,2023,9,Otros departamentos,12,Sonido y video,0,104.8773
2023-09-01,2023,9,Otros departamentos,14,"Ferreteria, vidrios y pinturas",0,99.7816
2023-09-01,2023,9,Otros departamentos,15,Otras mercancias de uso domestico,0,102.1559
2023-10-01,2023,10,Antioquia,4,Prendas de vestir y textiles,0,101.2106
2023-10-01,2023,10,Antioquia,8,Electrodomesticos y muebles,1,102.9866
2023-10-01,2023,10,Antioquia,9,Articulos y utensilios domesticos,0,128.3757
2023-10-01,2023,10,Antioquia,10,Aseo del hogar,0,117.3482
2023-10-01,2023,10,Antioquia,11,Informatica y telecomunicaciones,0,131.3573
2023-10-01,2023,10,Antioquia,12,Sonido y video,0,109.8902
2023-10-01,2023,10,Antioquia,14,"Ferreteria, vidrios y pinturas",0,101.1238
2023-10-01,2023,10,Antioquia,15,Otras mercancias de uso domestico,0,107.9281
2023-10-01,2023,10,Atlantico,4,Prendas de vestir y textiles,0,95.6788
2023-10-01,2023,10,Atlantico,8,Electrodomesticos y muebles,1,105.4009
2023-10-01,2023,10,Atlantico,9,Articulos y utensilios domesticos,0,125.8024
2023-10-01,2023,10,Atlantico,10,Aseo del hogar,0,113.6445
2023-10-01,2023,10,Atlantico,11,Informatica y telecomunicaciones,0,136.0743
2023-10-01,2023,10,Atlantico,12,Sonido y video,0,103.6899
2023-10-01,2023,10,Atlantico,14,"Ferreteria, vidrios y pinturas",0,100.0348
2023-10-01,2023,10,Atlantico,15,Otras mercancias de uso domestico,0,105.0330
2023-10-01,2023,10,Bogota,4,Prendas de vestir y textiles,0,126.1880
2023-10-01,2023,10,Bogota,8,Electrodomesticos y muebles,1,126.9673
2023-10-01,2023,10,Bogota,9,Articulos y utensilios domesticos,0,157.0840
2023-10-01,2023,10,Bogota,10,Aseo del hogar,0,139.8649
2023-10-01,2023,10,Bogota,11,Informatica y telecomunicaciones,0,171.8866
2023-10-01,2023,10,Bogota,12,Sonido y video,0,128.5148
2023-10-01,2023,10,Bogota,14,"Ferreteria, vidrios y pinturas",0,124.7601
2023-10-01,2023,10,Bogota,15,Otras mercancias de uso domestico,0,134.7800
2023-10-01,2023,10,Cundinamarca,4,Prendas de vestir y textiles,0,117.7269
2023-10-01,2023,10,Cundinamarca,8,Electrodomesticos y muebles,1,131.0593
2023-10-01,2023,10,Cundinamarca,9,Articulos y utensilios domesticos,0,160.8494
2023-10-01,2023,10,Cundinamarca,10,Aseo del hogar,0,140.0545
2023-10-01,2023,10,Cundinamarca,11,Informatica y telecomunicaciones,0,163.5595
2023-10-01,2023,10,Cundinamarca,12,Sonido y video,0,129.1073
2023-10-01,2023,10,Cundinamarca,14,"Ferreteria, vidrios y pinturas",0,117.0568
2023-10-01,2023,10,Cundinamarca,15,Otras mercancias de uso domestico,0,126.4515
2023-10-01,2023,10,Santander,4,Prendas de vestir y textiles,0,97.2832
2023-10-01,2023,10,Santander,8,Electrodomesticos y muebles,1,99.8981
2023-10-01,2023,10,Santander,9,Articulos y utensilios domesticos,0,123.2807
2023-10-01,2023,10,Santander,10,Aseo del hogar,0,111.2102
2023-10-01,2023,10,Santander,11,Informatica y telecomunicaciones,0,133.6723
2023-10-01,2023,10,Santander,12,Sonido y video,0,100.7684
2023-10-01,2023,10,Santander,14,"Ferreteria, vidrios y pinturas",0,97.2716
2023-10-01,2023,10,Santander,15,Otras mercancias de uso domestico,0,105.4636
2023-10-01,2023,10,Valle del Cauca,4,Prendas de vestir y textiles,0,94.4654
2023-10-01,2023,10,Valle del Cauca,8,Electrodomesticos y muebles,1,101.6096
2023-10-01,2023,10,Valle del Cauca,9,Articulos y utensilios domesticos,0,121.9052
2023-10-01,2023,10,Valle del Cauca,10,Aseo del hogar,0,110.5444
2023-10-01,2023,10,Valle del Cauca,11,Informatica y telecomunicaciones,0,131.0367
2023-10-01,2023,10,Valle del Cauca,12,Sonido y video,0,101.1594
2023-10-01,2023,10,Valle del Cauca,14,"Ferreteria, vidrios y pinturas",0,97.1951
2023-10-01,2023,10,Valle del Cauca,15,Otras mercancias de uso domestico,0,102.5137
2023-10-01,2023,10,Otros departamentos,4,Prendas de vestir y textiles,0,103.1190
2023-10-01,2023,10,Otros departamentos,8,Electrodomesticos y muebles,1,105.0149
2023-10-01,2023,10,Otros departamentos,9,Articulos y utensilios domesticos,0,130.6344
2023-10-01,2023,10,Otros departamentos,10,Aseo del hogar,0,114.8785
2023-10-01,2023,10,Otros departamentos,11,Informatica y telecomunicaciones,0,138.2728
2023-10-01,2023,10,Otros departamentos,12,Sonido y video,0,107.0039
2023-10-01,2023,10,Otros departamentos,14,"Ferreteria, vidrios y pinturas",0,99.3366
2023-10-01,2023,10,Otros departamentos,15,Otras mercancias de uso domestico,0,107.1449
2023-11-01,2023,11,Antioquia,4,Prendas de vestir y textiles,0,130.0186
2023-11-01,2023,11,Antioquia,8,Electrodomesticos y muebles,1,123.4112
2023-11-01,2023,11,Antioquia,9,Articulos y utensilios domesticos,0,153.6425
2023-11-01,2023,11,Antioquia,10,Aseo del hogar,0,114.3579
2023-11-01,2023,11,Antioquia,11,Informatica y telecomunicaciones,0,161.1768
2023-11-01,2023,11,Antioquia,12,Sonido y video,0,154.4446
2023-11-01,2023,11,Antioquia,14,"Ferreteria, vidrios y pinturas",0,106.8441
2023-11-01,2023,11,Antioquia,15,Otras mercancias de uso domestico,0,125.7041
2023-11-01,2023,11,Atlantico,4,Prendas de vestir y textiles,0,125.9502
2023-11-01,2023,11,Atlantico,8,Electrodomesticos y muebles,1,131.5005
2023-11-01,2023,11,Atlantico,9,Articulos y utensilios domesticos,0,150.8543
2023-11-01,2023,11,Atlantico,10,Aseo del hogar,0,114.6240
2023-11-01,2023,11,Atlantico,11,Informatica y telecomunicaciones,0,173.1437
2023-11-01,2023,11,Atlantico,12,Sonido y video,0,148.1619
2023-11-01,2023,11,Atlantico,14,"Ferreteria, vidrios y pinturas",0,110.2046
2023-11-01,2023,11,Atlantico,15,Otras mercancias de uso domestico,0,129.5651
2023-11-01,2023,11,Bogota,4,Prendas de vestir y textiles,0,157.7235
2023-11-01,2023,11,Bogota,8,Electrodomesticos y muebles,1,152.4898
2023-11-01,2023,11,Bogota,9,Articulos y utensilios domesticos,0,176.9679
2023-11-01,2023,11,Bogota,10,Aseo del hogar,0,138.0165
2023-11-01,2023,11,Bogota,11,Informatica y telecomunicaciones,0,209.3387
2023-11-01,2023,11,Bogota,12,Sonido y video,0,179.0827
2023-11-01,2023,11,Bogota,14,"Ferreteria, vidrios y pinturas",0,134.7280
2023-11-01,2023,11,Bogota,15,Otras mercancias de uso domestico,0,154.3426
2023-11-01,2023,11,Cundinamarca,4,Prendas de vestir y textiles,0,144.3592
2023-11-01,2023,11,Cundinamarca,8,Electrodomesticos y muebles,1,145.7466
2023-11-01,2023,11,Cundinamarca,9,Articulos y utensilios domesticos,0,172.7076
2023-11-01,2023,11,Cundinamarca,10,Aseo del hogar,0,128.8687
2023-11-01,2023,11,Cundinamarca,11,Informatica y telecomunicaciones,0,196.8893
2023-11-01,2023,11,Cundinamarca,12,Sonido y video,0,167.0079
2023-11-01,2023,11,Cundinamarca,14,"Ferreteria, vidrios y pinturas",0,119.5280
2023-11-01,2023,11,Cundinamarca,15,Otras mercancias de uso domestico,0,140.8682
2023-11-01,2023,11,Santander,4,Prendas de vestir y textiles,0,125.8448
2023-11-01,2023,11,Santander,8,Electrodomesticos y muebles,1,119.5525
2023-11-01,2023,11,Santander,9,Articulos y utensilios domesticos,0,142.6229
2023-11-01,2023,11,Santander,10,Aseo del hogar,0,110.5939
2023-11-01,2023,11,Santander,11,Informatica y telecomunicaciones,0,160.9022
2023-11-01,2023,11,Santander,12,Sonido y video,0,143.4099
2023-11-01,2023,11,Santander,14,"Ferreteria, vidrios y pinturas",0,100.4270
2023-11-01,2023,11,Santander,15,Otras mercancias de uso domestico,0,122.6027
2023-11-01,2023,11,Valle del Cauca,4,Prendas de vestir y textiles,0,117.4220
2023-11-01,2023,11,Valle del Cauca,8,Electrodomesticos y muebles,1,115.3475
2023-11-01,2023,11,Valle del Cauca,9,Articulos y utensilios domesticos,0,140.0036
2023-11-01,2023,11,Valle del Cauca,10,Aseo del hogar,0,106.5467
2023-11-01,2023,11,Valle del Cauca,11,Informatica y telecomunicaciones,0,156.8887
2023-11-01,2023,11,Valle del Cauca,12,Sonido y video,0,140.2608
2023-11-01,2023,11,Valle del Cauca,14,"Ferreteria, vidrios y pinturas",0,99.8959
2023-11-01,2023,11,Valle del Cauca,15,Otras mercancias de uso domestico,0,117.6174
2023-11-01,2023,11,Otros departamentos,4,Prendas de vestir y textiles,0,132.8679
2023-11-01,2023,11,Otros departamentos,8,Electrodomesticos y muebles,1,126.5488
2023-11-01,2023,11,Otros departamentos,9,Articulos y utensilios domesticos,0,154.0064
2023-11-01,2023,11,Otros departamentos,10,Aseo del hogar,0,115.2453
2023-11-01,2023,11,Otros departamentos,11,Informatica y telecomunicaciones,0,174.5001
2023-11-01,2023,11,Otros departamentos,12,Sonido y video,0,157.3934
2023-11-01,2023,11,Otros departamentos,14,"Ferreteria, vidrios y pinturas",0,109.8352
2023-11-01,2023,11,Otros departamentos,15,Otras mercancias de uso domestico,0,128.6450
2023-12-01,2023,12,Antioquia,4,Prendas de vestir y textiles,0,289.2982
2023-12-01,2023,12,Antioquia,8,Electrodomesticos y muebles,1,119.3181
2023-12-01,2023,12,Antioquia,9,Articulos y utensilios domesticos,0,187.6549
2023-12-01,2023,12,Antioquia,10,Aseo del hogar,0,134.5296
2023-12-01,2023,12,Antioquia,11,Informatica y telecomunicaciones,0,197.7196
2023-12-01,2023,12,Antioquia,12,Sonido y video,0,149.5295
2023-12-01,2023,12,Antioquia,14,"Ferreteria, vidrios y pinturas",0,104.3299
2023-12-01,2023,12,Antioquia,15,Otras mercancias de uso domestico,0,163.8704
2023-12-01,2023,12,Atlantico,4,Prendas de vestir y textiles,0,272.3927
2023-12-01,2023,12,Atlantico,8,Electrodomesticos y muebles,1,124.5748
2023-12-01,2023,12,Atlantico,9,Articulos y utensilios domesticos,0,189.4879
2023-12-01,2023,12,Atlantico,10,Aseo del hogar,0,136.5634
2023-12-01,2023,12,Atlantico,11,Informatica y telecomunicaciones,0,211.5459
2023-12-01,2023,12,Atlantico,12,Sonido y video,0,146.9398
2023-12-01,2023,12,Atlantico,14,"Ferreteria, vidrios y pinturas",0,110.3289
2023-12-01,2023,12,Atlantico,15,Otras mercancias de uso domestico,0,169.0700
2023-12-01,2023,12,Bogota,4,Prendas de vestir y textiles,0,293.3358
2023-12-01,2023,12,Bogota,8,Electrodomesticos y muebles,1,130.1320
2023-12-01,2023,12,Bogota,9,Articulos y utensilios domesticos,0,197.8242
2023-12-01,2023,12,Bogota,10,Aseo del hogar,0,146.7723
2023-12-01,2023,12,Bogota,11,Informatica y telecomunicaciones,0,232.1775
2023-12-01,2023,12,Bogota,12,Sonido y video,0,160.9386
2023-12-01,2023,12,Bogota,14,"Ferreteria, vidrios y pinturas",0,118.7748
2023-12-01,2023,12,Bogota,15,Otras mercancias de uso domestico,0,178.7456
2023-12-01,2023,12,Cundinamarca,4,Prendas de vestir y textiles,0,288.4038
2023-12-01,2023,12,Cundinamarca,8,Electrodomesticos y muebles,1,129.4755
2023-12-01,2023,12,Cundinamarca,9,Articulos y utensilios domesticos,0,198.6733
2023-12-01,2023,12,Cundinamarca,10,Aseo del hogar,0,142.0199
2023-12-01,2023,12,Cundinamarca,11,Informatica y telecomunicaciones,0,218.5977
2023-12-01,2023,12,Cundinamarca,12,Sonido y video,0,155.9422
2023-12-01,2023,12,Cundinamarca,14,"Ferreteria, vidrios y pinturas",0,111.9653
2023-12-01,2023,12,Cundinamarca,15,Otras mercancias de uso domestico,0,171.8933
2023-12-01,2023,12,Santander,4,Prendas de vestir y textiles,0,255.4644
2023-12-01,2023,12,Santander,8,Electrodomesticos y muebles,1,111.1469
2023-12-01,2023,12,Santander,9,Articulos y utensilios domesticos,0,166.2511
2023-12-01,2023,12,Santander,10,Aseo del hogar,0,120.6577
2023-12-01,2023,12,Santander,11,Informatica y telecomunicaciones,0,189.6094
2023-12-01,2023,12,Santander,12,Sonido y video,0,138.5058
2023-12-01,2023,12,Santander,14,"Ferreteria, vidrios y pinturas",0,98.8952
2023-12-01,2023,12,Santander,15,Otras mercancias de uso domestico,0,153.6699
2023-12-01,2023,12,Valle del Cauca,4,Prendas de vestir y textiles,0,222.4802
2023-12-01,2023,12,Valle del Cauca,8,Electrodomesticos y muebles,1,99.5546
2023-12-01,2023,12,Valle del Cauca,9,Articulos y utensilios domesticos,0,155.4945
2023-12-01,2023,12,Valle del Cauca,10,Aseo del hogar,0,112.4312
2023-12-01,2023,12,Valle del Cauca,11,Informatica y telecomunicaciones,0,175.3656
2023-12-01,2023,12,Valle del Cauca,12,Sonido y video,0,123.1687
2023-12-01,2023,12,Valle del Cauca,14,"Ferreteria, vidrios y pinturas",0,88.9239
2023-12-01,2023,12,Valle del Cauca,15,Otras mercancias de uso domestico,0,137.9614
2023-12-01,2023,12,Otros departamentos,4,Prendas de vestir y textiles,0,307.7596
2023-12-01,2023,12,Otros departamentos,8,Electrodomesticos y muebles,1,129.1235
2023-12-01,2023,12,Otros departamentos,9,Articulos y utensilios domesticos,0,201.9068
2023-12-01,2023,12,Otros departamentos,10,Aseo del hogar,0,139.3455
2023-12-01,2023,12,Otros departamentos,11,Informatica y telecomunicaciones,0,227.1847
2023-12-01,2023,12,Otros departamentos,12,Sonido y video,0,164.4511
2023-12-01,2023,12,Otros departamentos,14,"Ferreteria, vidrios y pinturas",0,114.5452
2023-12-01,2023,12,Otros departamentos,15,Otras mercancias de uso domestico,0,179.5223
2024-01-01,2024,1,Antioquia,4,Prendas de vestir y textiles,0,89.2666
2024-01-01,2024,1,Antioquia,8,Electrodomesticos y muebles,1,118.4826
2024-01-01,2024,1,Antioquia,9,Articulos y utensilios domesticos,0,138.2145
2024-01-01,2024,1,Antioquia,10,Aseo del hogar,0,126.2759
2024-01-01,2024,1,Antioquia,11,Informatica y telecomunicaciones,0,147.9475
2024-01-01,2024,1,Antioquia,12,Sonido y video,0,99.1963
2024-01-01,2024,1,Antioquia,14,"Ferreteria, vidrios y pinturas",0,100.1318
2024-01-01,2024,1,Antioquia,15,Otras mercancias de uso domestico,0,101.0530
2024-01-01,2024,1,Atlantico,4,Prendas de vestir y textiles,0,76.7240
2024-01-01,2024,1,Atlantico,8,Electrodomesticos y muebles,1,111.9159
2024-01-01,2024,1,Atlantico,9,Articulos y utensilios domesticos,0,122.2513
2024-01-01,2024,1,Atlantico,10,Aseo del hogar,0,111.8004
2024-01-01,2024,1,Atlantico,11,Informatica y telecomunicaciones,0,132.2873
2024-01-01,2024,1,Atlantico,12,Sonido y video,0,87.9489
2024-01-01,2024,1,Atlantico,14,"Ferreteria, vidrios y pinturas",0,91.6878
2024-01-01,2024,1,Atlantico,15,Otras mercancias de uso domestico,0,90.7543
2024-01-01,2024,1,Bogota,4,Prendas de vestir y textiles,0,89.5215
2024-01-01,2024,1,Bogota,8,Electrodomesticos y muebles,1,126.7398
2024-01-01,2024,1,Bogota,9,Articulos y utensilios domesticos,0,137.7195
2024-01-01,2024,1,Bogota,10,Aseo del hogar,0,132.2598
2024-01-01,2024,1,Bogota,11,Informatica y telecomunicaciones,0,159.6091
2024-01-01,2024,1,Bogota,12,Sonido y video,0,104.6438
2024-01-01,2024,1,Bogota,14,"Ferreteria, vidrios y pinturas",0,109.6727
2024-01-01,2024,1,Bogota,15,Otras mercancias de uso domestico,0,104.0885
2024-01-01,2024,1,Cundinamarca,4,Prendas de vestir y textiles,0,103.6394
2024-01-01,2024,1,Cundinamarca,8,Electrodomesticos y muebles,1,151.1358
2024-01-01,2024,1,Cundinamarca,9,Articulos y utensilios domesticos,0,165.7774
2024-01-01,2024,1,Cundinamarca,10,Aseo del hogar,0,152.8184
2024-01-01,2024,1,Cundinamarca,11,Informatica y telecomunicaciones,0,176.9657
2024-01-01,2024,1,Cundinamarca,12,Sonido y video,0,119.8283
2024-01-01,2024,1,Cundinamarca,14,"Ferreteria, vidrios y pinturas",0,119.4185
2024-01-01,2024,1,Cundinamarca,15,Otras mercancias de uso domestico,0,118.2329
2024-01-01,2024,1,Santander,4,Prendas de vestir y textiles,0,80.2198
2024-01-01,2024,1,Santander,8,Electrodomesticos y muebles,1,113.4315
2024-01-01,2024,1,Santander,9,Articulos y utensilios domesticos,0,126.6768
2024-01-01,2024,1,Santander,10,Aseo del hogar,0,118.7770
2024-01-01,2024,1,Santander,11,Informatica y telecomunicaciones,0,138.2547
2024-01-01,2024,1,Santander,12,Sonido y video,0,94.3585
2024-01-01,2024,1,Santander,14,"Ferreteria, vidrios y pinturas",0,92.1834
2024-01-01,2024,1,Santander,15,Otras mercancias de uso domestico,0,94.9459
2024-01-01,2024,1,Valle del Cauca,4,Prendas de vestir y textiles,0,72.1880
2024-01-01,2024,1,Valle del Cauca,8,Electrodomesticos y muebles,1,104.9412
2024-01-01,2024,1,Valle del Cauca,9,Articulos y utensilios domesticos,0,114.3303
2024-01-01,2024,1,Valle del Cauca,10,Aseo del hogar,0,109.9940
2024-01-01,2024,1,Valle del Cauca,11,Informatica y telecomunicaciones,0,125.3097
2024-01-01,2024,1,Valle del Cauca,12,Sonido y video,0,83.0318
2024-01-01,2024,1,Valle del Cauca,14,"Ferreteria, vidrios y pinturas",0,86.4386
2024-01-01,2024,1,Valle del Cauca,15,Otras mercancias de uso domestico,0,88.3751
2024-01-01,2024,1,Otros departamentos,4,Prendas de vestir y textiles,0,90.5413
2024-01-01,2024,1,Otros departamentos,8,Electrodomesticos y muebles,1,124.7018
2024-01-01,2024,1,Otros departamentos,9,Articulos y utensilios domesticos,0,134.6162
2024-01-01,2024,1,Otros departamentos,10,Aseo del hogar,0,122.7731
2024-01-01,2024,1,Otros departamentos,11,Informatica y telecomunicaciones,0,154.8995
2024-01-01,2024,1,Otros departamentos,12,Sonido y video,0,103.2574
2024-01-01,2024,1,Otros departamentos,14,"Ferreteria, vidrios y pinturas",0,100.7489
2024-01-01,2024,1,Otros departamentos,15,Otras mercancias de uso domestico,0,103.9832
2024-02-01,2024,2,Antioquia,4,Prendas de vestir y textiles,0,74.2262
2024-02-01,2024,2,Antioquia,8,Electrodomesticos y muebles,1,110.9873
2024-02-01,2024,2,Antioquia,9,Articulos y utensilios domesticos,0,126.3897
2024-02-01,2024,2,Antioquia,10,Aseo del hogar,0,124.5291
2024-02-01,2024,2,Antioquia,11,Informatica y telecomunicaciones,0,155.8484
2024-02-01,2024,2,Antioquia,12,Sonido y video,0,102.5563
2024-02-01,2024,2,Antioquia,14,"Ferreteria, vidrios y pinturas",0,104.0277
2024-02-01,2024,2,Antioquia,15,Otras mercancias de uso domestico,0,95.2639
2024-02-01,2024,2,Atlantico,4,Prendas de vestir y textiles,0,67.5517
2024-02-01,2024,2,Atlantico,8,Electrodomesticos y muebles,1,101.4466
2024-02-01,2024,2,Atlantico,9,Articulos y utensilios domesticos,0,112.5138
2024-02-01,2024,2,Atlantico,10,Aseo del hogar,0,109.2533
2024-02-01,2024,2,Atlantico,11,Informatica y telecomunicaciones,0,143.3223
2024-02-01,2024,2,Atlantico,12,Sonido y video,0,92.4035
2024-02-01,2024,2,Atlantico,14,"Ferreteria, vidrios y pinturas",0,90.2446
2024-02-01,2024,2,Atlantico,15,Otras mercancias de uso domestico,0,88.5620
2024-02-01,2024,2,Bogota,4,Prendas de vestir y textiles,0,75.0060
2024-02-01,2024,2,Bogota,8,Electrodomesticos y muebles,1,115.8711
2024-02-01,2024,2,Bogota,9,Articulos y utensilios domesticos,0,125.2862
2024-02-01,2024,2,Bogota,10,Aseo del hogar,0,128.6531
2024-02-01,2024,2,Bogota,11,Informatica y telecomunicaciones,0,164.0043
2024-02-01,2024,2,Bogota,12,Sonido y video,0,107.9829
2024-02-01,2024,2,Bogota,14,"Ferreteria, vidrios y pinturas",0,109.2597
2024-02-01,2024,2,Bogota,15,Otras mercancias de uso domestico,0,103.2239
2024-02-01,2024,2,Cundinamarca,4,Prendas de vestir y textiles,0,86.1067
2024-02-01,2024,2,Cundinamarca,8,Electrodomesticos y muebles,1,130.3364
2024-02-01,2024,2,Cundinamarca,9,Articulos y utensilios domesticos,0,144.9420
2024-02-01,2024,2,Cundinamarca,10,Aseo del hogar,0,140.1061
2024-02-01,2024,2,Cundinamarca,11,Informatica y telecomunicaciones,0,181.8047
2024-02-01,2024,2,Cundinamarca,12,Sonido y video,0,117.8475
2024-02-01,2024,2,Cundinamarca,14,"Ferreteria, vidrios y pinturas",0,116.2331
2024-02-01,2024,2,Cundinamarca,15,Otras mercancias de uso domestico,0,111.1846
2024-02-01,2024,2,Santander,4,Prendas de vestir y textiles,0,68.7814
2024-02-01,2024,2,Santander,8,Electrodomesticos y muebles,1,106.2661
2024-02-01,2024,2,Santander,9,Articulos y utensilios domesticos,0,116.5091
2024-02-01,2024,2,Santander,10,Aseo del hogar,0,118.8432
2024-02-01,2024,2,Santander,11,Informatica y telecomunicaciones,0,154.0904
2024-02-01,2024,2,Santander,12,Sonido y video,0,100.7037
2024-02-01,2024,2,Santander,14,"Ferreteria, vidrios y pinturas",0,99.4623
2024-02-01,2024,2,Santander,15,Otras mercancias de uso domestico,0,91.8128
2024-02-01,2024,2,Valle del Cauca,4,Prendas de vestir y textiles,0,61.9090
2024-02-01,2024,2,Valle del Cauca,8,Electrodomesticos y muebles,1,94.6718
2024-02-01,2024,2,Valle del Cauca,9,Articulos y utensilios domesticos,0,106.0312
2024-02-01,2024,2,Valle del Cauca,10,Aseo del hogar,0,107.6016
2024-02-01,2024,2,Valle del Cauca,11,Informatica y telecomunicaciones,0,133.5886
2024-02-01,2024,2,Valle del Cauca,12,Sonido y video,0,85.3662
2024-02-01,2024,2,Valle del Cauca,14,"Ferreteria, vidrios y pinturas",0,86.6934
2024-02-01,2024,2,Valle del Cauca,15,Otras mercancias de uso domestico,0,82.5824
2024-02-01,2024,2,Otros departamentos,4,Prendas de vestir y textiles,0,74.7408
2024-02-01,2024,2,Otros departamentos,8,Electrodomesticos y muebles,1,115.6310
2024-02-01,2024,2,Otros departamentos,9,Articulos y utensilios domesticos,0,125.9063
2024-02-01,2024,2,Otros departamentos,10,Aseo del hogar,0,115.5903
2024-02-01,2024,2,Otros departamentos,11,Informatica y telecomunicaciones,0,162.6216
2024-02-01,2024,2,Otros departamentos,12,Sonido y video,0,106.0271
2024-02-01,2024,2,Otros departamentos,14,"Ferreteria, vidrios y pinturas",0,99.3821
2024-02-01,2024,2,Otros departamentos,15,Otras mercancias de uso domestico,0,97.2210
2024-03-01,2024,3,Antioquia,4,Prendas de vestir y textiles,0,88.9635
2024-03-01,2024,3,Antioquia,8,Electrodomesticos y muebles,1,121.6072
2024-03-01,2024,3,Antioquia,9,Articulos y utensilios domesticos,0,133.9965
2024-03-01,2024,3,Antioquia,10,Aseo del hogar,0,135.1047
2024-03-01,2024,3,Antioquia,11,Informatica y telecomunicaciones,0,158.4275
2024-03-01,2024,3,Antioquia,12,Sonido y video,0,112.3002
2024-03-01,2024,3,Antioquia,14,"Ferreteria, vidrios y pinturas",0,97.2145
2024-03-01,2024,3,Antioquia,15,Otras mercancias de uso domestico,0,107.8842
2024-03-01,2024,3,Atlantico,4,Prendas de vestir y textiles,0,76.5102
2024-03-01,2024,3,Atlantico,8,Electrodomesticos y muebles,1,108.1514
2024-03-01,2024,3,Atlantico,9,Articulos y utensilios domesticos,0,121.0037
2024-03-01,2024,3,Atlantico,10,Aseo del hogar,0,117.9145
2024-03-01,2024,3,Atlantico,11,Informatica y telecomunicaciones,0,147.5928
2024-03-01,2024,3,Atlantico,12,Sonido y video,0,100.5583
2024-03-01,2024,3,Atlantico,14,"Ferreteria, vidrios y pinturas",0,82.7978
2024-03-01,2024,3,Atlantico,15,Otras mercancias de uso domestico,0,96.7845
2024-03-01,2024,3,Bogota,4,Prendas de vestir y textiles,0,90.5480
2024-03-01,2024,3,Bogota,8,Electrodomesticos y muebles,1,126.6605
2024-03-01,2024,3,Bogota,9,Articulos y utensilios domesticos,0,137.2192
2024-03-01,2024,3,Bogota,10,Aseo del hogar,0,138.1060
2024-03-01,2024,3,Bogota,11,Informatica y telecomunicaciones,0,172.9617
2024-03-01,2024,3,Bogota,12,Sonido y video,0,119.9435
2024-03-01,2024,3,Bogota,14,"Ferreteria, vidrios y pinturas",0,103.4085
2024-03-01,2024,3,Bogota,15,Otras mercancias de uso domestico,0,116.2479
2024-03-01,2024,3,Cundinamarca,4,Prendas de vestir y textiles,0,107.3516
2024-03-01,2024,3,Cundinamarca,8,Electrodomesticos y muebles,1,149.2994
2024-03-01,2024,3,Cundinamarca,9,Articulos y utensilios domesticos,0,163.6136
2024-03-01,2024,3,Cundinamarca,10,Aseo del hogar,0,160.2577
2024-03-01,2024,3,Cundinamarca,11,Informatica y telecomunicaciones,0,198.0073
2024-03-01,2024,3,Cundinamarca,12,Sonido y video,0,138.3181
2024-03-01,2024,3,Cundinamarca,14,"Ferreteria, vidrios y pinturas",0,113.9459
2024-03-01,2024,3,Cundinamarca,15,Otras mercancias de uso domestico,0,128.3441
2024-03-01,2024,3,Santander,4,Prendas de vestir y textiles,0,79.1085
2024-03-01,2024,3,Santander,8,Electrodomesticos y muebles,1,113.9234
2024-03-01,2024,3,Santander,9,Articulos y utensilios domesticos,0,122.7644
2024-03-01,2024,3,Santander,10,Aseo del hogar,0,123.7978
2024-03-01,2024,3,Santander,11,Informatica y telecomunicaciones,0,155.1936
2024-03-01,2024,3,Santander,12,Sonido y video,0,103.5925
2024-03-01,2024,3,Santander,14,"Ferreteria, vidrios y pinturas",0,88.5179
2024-03-01,2024,3,Santander,15,Otras mercancias de uso domestico,0,97.4726
2024-03-01,2024,3,Valle del Cauca,4,Prendas de vestir y textiles,0,73.0913
2024-03-01,2024,3,Valle del Cauca,8,Electrodomesticos y muebles,1,104.9720
2024-03-01,2024,3,Valle del Cauca,9,Articulos y utensilios domesticos,0,116.6266
2024-03-01,2024,3,Valle del Cauca,10,Aseo del hogar,0,114.8511
2024-03-01,2024,3,Valle del Cauca,11,Informatica y telecomunicaciones,0,141.7495
2024-03-01,2024,3,Valle del Cauca,12,Sonido y video,0,94.9732
2024-03-01,2024,3,Valle del Cauca,14,"Ferreteria, vidrios y pinturas",0,80.5951
2024-03-01,2024,3,Valle del Cauca,15,Otras mercancias de uso domestico,0,94.2031
2024-03-01,2024,3,Otros departamentos,4,Prendas de vestir y textiles,0,85.2345
2024-03-01,2024,3,Otros departamentos,8,Electrodomesticos y muebles,1,121.4410
2024-03-01,2024,3,Otros departamentos,9,Articulos y utensilios domesticos,0,133.4417
2024-03-01,2024,3,Otros departamentos,10,Aseo del hogar,0,122.5375
2024-03-01,2024,3,Otros departamentos,11,Informatica y telecomunicaciones,0,162.7957
2024-03-01,2024,3,Otros departamentos,12,Sonido y video,0,115.8160
2024-03-01,2024,3,Otros departamentos,14,"Ferreteria, vidrios y pinturas",0,91.8041
2024-03-01,2024,3,Otros departamentos,15,Otras mercancias de uso domestico,0,105.0030
2024-04-01,2024,4,Antioquia,4,Prendas de vestir y textiles,0,77.7625
2024-04-01,2024,4,Antioquia,8,Electrodomesticos y muebles,1,108.9792
2024-04-01,2024,4,Antioquia,9,Articulos y utensilios domesticos,0,119.9445
2024-04-01,2024,4,Antioquia,10,Aseo del hogar,0,125.9255
2024-04-01,2024,4,Antioquia,11,Informatica y telecomunicaciones,0,155.2272
2024-04-01,2024,4,Antioquia,12,Sonido y video,0,100.7127
2024-04-01,2024,4,Antioquia,14,"Ferreteria, vidrios y pinturas",0,102.2009
2024-04-01,2024,4,Antioquia,15,Otras mercancias de uso domestico,0,101.1932
2024-04-01,2024,4,Atlantico,4,Prendas de vestir y textiles,0,66.1502
2024-04-01,2024,4,Atlantico,8,Electrodomesticos y muebles,1,90.5896
2024-04-01,2024,4,Atlantico,9,Articulos y utensilios domesticos,0,99.8600
2024-04-01,2024,4,Atlantico,10,Aseo del hogar,0,102.8326
2024-04-01,2024,4,Atlantico,11,Informatica y telecomunicaciones,0,130.7663
2024-04-01,2024,4,Atlantico,12,Sonido y video,0,84.3618
2024-04-01,2024,4,Atlantico,14,"Ferreteria, vidrios y pinturas",0,82.2473
2024-04-01,2024,4,Atlantico,15,Otras mercancias de uso domestico,0,87.2553
2024-04-01,2024,4,Bogota,4,Prendas de vestir y textiles,0,80.9537
2024-04-01,2024,4,Bogota,8,Electrodomesticos y muebles,1,111.7471
2024-04-01,2024,4,Bogota,9,Articulos y utensilios domesticos,0,122.8839
2024-04-01,2024,4,Bogota,10,Aseo del hogar,0,131.3530
2024-04-01,2024,4,Bogota,11,Informatica y telecomunicaciones,0,159.7662
2024-04-01,2024,4,Bogota,12,Sonido y video,0,106.1111
2024-04-01,2024,4,Bogota,14,"Ferreteria, vidrios y pinturas",0,104.9854
2024-04-01,2024,4,Bogota,15,Otras mercancias de uso domestico,0,107.0709
2024-04-01,2024,4,Cundinamarca,4,Prendas de vestir y textiles,0,94.6820
2024-04-01,2024,4,Cundinamarca,8,Electrodomesticos y muebles,1,125.4277
2024-04-01,2024,4,Cundinamarca,9,Articulos y utensilios domesticos,0,139.7207
2024-04-01,2024,4,Cundinamarca,10,Aseo del hogar,0,145.4779
2024-04-01,2024,4,Cundinamarca,11,Informatica y telecomunicaciones,0,180.7919
2024-04-01,2024,4,Cundinamarca,12,Sonido y video,0,119.2444
2024-04-01,2024,4,Cundinamarca,14,"Ferreteria, vidrios y pinturas",0,117.5579
2024-04-01,2024,4,Cundinamarca,15,Otras mercancias de uso domestico,0,118.1937
2024-04-01,2024,4,Santander,4,Prendas de vestir y textiles,0,75.6650
2024-04-01,2024,4,Santander,8,Electrodomesticos y muebles,1,105.9084
2024-04-01,2024,4,Santander,9,Articulos y utensilios domesticos,0,109.5517
2024-04-01,2024,4,Santander,10,Aseo del hogar,0,120.3605
2024-04-01,2024,4,Santander,11,Informatica y telecomunicaciones,0,154.5744
2024-04-01,2024,4,Santander,12,Sonido y video,0,98.6928
2024-04-01,2024,4,Santander,14,"Ferreteria, vidrios y pinturas",0,97.6725
2024-04-01,2024,4,Santander,15,Otras mercancias de uso domestico,0,96.1046
2024-04-01,2024,4,Valle del Cauca,4,Prendas de vestir y textiles,0,66.3792
2024-04-01,2024,4,Valle del Cauca,8,Electrodomesticos y muebles,1,94.2022
2024-04-01,2024,4,Valle del Cauca,9,Articulos y utensilios domesticos,0,101.2405
2024-04-01,2024,4,Valle del Cauca,10,Aseo del hogar,0,107.8703
2024-04-01,2024,4,Valle del Cauca,11,Informatica y telecomunicaciones,0,132.9787
2024-04-01,2024,4,Valle del Cauca,12,Sonido y video,0,84.1056
2024-04-01,2024,4,Valle del Cauca,14,"Ferreteria, vidrios y pinturas",0,83.4558
2024-04-01,2024,4,Valle del Cauca,15,Otras mercancias de uso domestico,0,85.9540
2024-04-01,2024,4,Otros departamentos,4,Prendas de vestir y textiles,0,79.8210
2024-04-01,2024,4,Otros departamentos,8,Electrodomesticos y muebles,1,111.8152
2024-04-01,2024,4,Otros departamentos,9,Articulos y utensilios domesticos,0,120.3280
2024-04-01,2024,4,Otros departamentos,10,Aseo del hogar,0,119.1565
2024-04-01,2024,4,Otros departamentos,11,Informatica y telecomunicaciones,0,159.5500
2024-04-01,2024,4,Otros departamentos,12,Sonido y video,0,107.7431
2024-04-01,2024,4,Otros departamentos,14,"Ferreteria, vidrios y pinturas",0,100.2872
2024-04-01,2024,4,Otros departamentos,15,Otras mercancias de uso domestico,0,103.8466
2024-05-01,2024,5,Antioquia,4,Prendas de vestir y textiles,0,93.7505
2024-05-01,2024,5,Antioquia,8,Electrodomesticos y muebles,1,122.1642
2024-05-01,2024,5,Antioquia,9,Articulos y utensilios domesticos,0,125.7107
2024-05-01,2024,5,Antioquia,10,Aseo del hogar,0,131.8071
2024-05-01,2024,5,Antioquia,11,Informatica y telecomunicaciones,0,173.5798
2024-05-01,2024,5,Antioquia,12,Sonido y video,0,119.5065
2024-05-01,2024,5,Antioquia,14,"Ferreteria, vidrios y pinturas",0,100.0806
2024-05-01,2024,5,Antioquia,15,Otras mercancias de uso domestico,0,110.7722
2024-05-01,2024,5,Atlantico,4,Prendas de vestir y textiles,0,76.8906
2024-05-01,2024,5,Atlantico,8,Electrodomesticos y muebles,1,94.0702
2024-05-01,2024,5,Atlantico,9,Articulos y utensilios domesticos,0,100.4131
2024-05-01,2024,5,Atlantico,10,Aseo del hogar,0,106.8400
2024-05-01,2024,5,Atlantico,11,Informatica y telecomunicaciones,0,139.0199
2024-05-01,2024,5,Atlantico,12,Sonido y video,0,94.7843
2024-05-01,2024,5,Atlantico,14,"Ferreteria, vidrios y pinturas",0,75.4113
2024-05-01,2024,5,Atlantico,15,Otras mercancias de uso domestico,0,89.5013
2024-05-01,2024,5,Bogota,4,Prendas de vestir y textiles,0,97.3074
2024-05-01,2024,5,Bogota,8,Electrodomesticos y muebles,1,125.1035
2024-05-01,2024,5,Bogota,9,Articulos y utensilios domesticos,0,127.1306
2024-05-01,2024,5,Bogota,10,Aseo del hogar,0,138.2822
2024-05-01,2024,5,Bogota,11,Informatica y telecomunicaciones,0,179.5413
2024-05-01,2024,5,Bogota,12,Sonido y video,0,126.3313
2024-05-01,2024,5,Bogota,14,"Ferreteria, vidrios y pinturas",0,99.3940
2024-05-01,2024,5,Bogota,15,Otras mercancias de uso domestico,0,115.1047
2024-05-01,2024,5,Cundinamarca,4,Prendas de vestir y textiles,0,114.2814
2024-05-01,2024,5,Cundinamarca,8,Electrodomesticos y muebles,1,138.2187
2024-05-01,2024,5,Cundinamarca,9,Articulos y utensilios domesticos,0,152.0973
2024-05-01,2024,5,Cundinamarca,10,Aseo del hogar,0,152.1258
2024-05-01,2024,5,Cundinamarca,11,Informatica y telecomunicaciones,0,205.1829
2024-05-01,2024,5,Cundinamarca,12,Sonido y video,0,142.3539
2024-05-01,2024,5,Cundinamarca,14,"Ferreteria, vidrios y pinturas",0,113.6799
2024-05-01,2024,5,Cundinamarca,15,Otras mercancias de uso domestico,0,129.6903
2024-05-01,2024,5,Santander,4,Prendas de vestir y textiles,0,88.7328
2024-05-01,2024,5,Santander,8,Electrodomesticos y muebles,1,109.0444
2024-05-01,2024,5,Santander,9,Articulos y utensilios domesticos,0,115.4492
2024-05-01,2024,5,Santander,10,Aseo del hogar,0,120.7833
2024-05-01,2024,5,Santander,11,Informatica y telecomunicaciones,0,167.2404
2024-05-01,2024,5,Santander,12,Sonido y video,0,111.8549
2024-05-01,2024,5,Santander,14,"Ferreteria, vidrios y pinturas",0,91.1694
2024-05-01,2024,5,Santander,15,Otras mercancias de uso domestico,0,101.3999
2024-05-01,2024,5,Valle del Cauca,4,Prendas de vestir y textiles,0,80.6547
2024-05-01,2024,5,Valle del Cauca,8,Electrodomesticos y muebles,1,106.5107
2024-05-01,2024,5,Valle del Cauca,9,Articulos y utensilios domesticos,0,109.9313
2024-05-01,2024,5,Valle del Cauca,10,Aseo del hogar,0,112.2677
2024-05-01,2024,5,Valle del Cauca,11,Informatica y telecomunicaciones,0,155.5105
2024-05-01,2024,5,Valle del Cauca,12,Sonido y video,0,104.0184
2024-05-01,2024,5,Valle del Cauca,14,"Ferreteria, vidrios y pinturas",0,85.3958
2024-05-01,2024,5,Valle del Cauca,15,Otras mercancias de uso domestico,0,95.3456
2024-05-01,2024,5,Otros departamentos,4,Prendas de vestir y textiles,0,92.0537
2024-05-01,2024,5,Otros departamentos,8,Electrodomesticos y muebles,1,117.6453
2024-05-01,2024,5,Otros departamentos,9,Articulos y utensilios domesticos,0,125.3339
2024-05-01,2024,5,Otros departamentos,10,Aseo del hogar,0,122.2090
2024-05-01,2024,5,Otros departamentos,11,Informatica y telecomunicaciones,0,174.7125
2024-05-01,2024,5,Otros departamentos,12,Sonido y video,0,125.8938
2024-05-01,2024,5,Otros departamentos,14,"Ferreteria, vidrios y pinturas",0,97.5800
2024-05-01,2024,5,Otros departamentos,15,Otras mercancias de uso domestico,0,105.7797
2024-06-01,2024,6,Antioquia,4,Prendas de vestir y textiles,0,105.9600
2024-06-01,2024,6,Antioquia,8,Electrodomesticos y muebles,1,122.6558
2024-06-01,2024,6,Antioquia,9,Articulos y utensilios domesticos,0,128.6381
2024-06-01,2024,6,Antioquia,10,Aseo del hogar,0,130.2662
2024-06-01,2024,6,Antioquia,11,Informatica y telecomunicaciones,0,165.5230
2024-06-01,2024,6,Antioquia,12,Sonido y video,0,144.9441
2024-06-01,2024,6,Antioquia,14,"Ferreteria, vidrios y pinturas",0,99.0317
2024-06-01,2024,6,Antioquia,15,Otras mercancias de uso domestico,0,108.6793
2024-06-01,2024,6,Atlantico,4,Prendas de vestir y textiles,0,93.0089
2024-06-01,2024,6,Atlantico,8,Electrodomesticos y muebles,1,96.4082
2024-06-01,2024,6,Atlantico,9,Articulos y utensilios domesticos,0,108.6704
2024-06-01,2024,6,Atlantico,10,Aseo del hogar,0,109.9312
2024-06-01,2024,6,Atlantico,11,Informatica y telecomunicaciones,0,139.1771
2024-06-01,2024,6,Atlantico,12,Sonido y video,0,123.2536
2024-06-01,2024,6,Atlantico,14,"Ferreteria, vidrios y pinturas",0,77.8392
2024-06-01,2024,6,Atlantico,15,Otras mercancias de uso domestico,0,91.2987
2024-06-01,2024,6,Bogota,4,Prendas de vestir y textiles,0,113.7548
2024-06-01,2024,6,Bogota,8,Electrodomesticos y muebles,1,128.3974
2024-06-01,2024,6,Bogota,9,Articulos y utensilios domesticos,0,131.3871
2024-06-01,2024,6,Bogota,10,Aseo del hogar,0,139.2476
2024-06-01,2024,6,Bogota,11,Informatica y telecomunicaciones,0,174.4199
2024-06-01,2024,6,Bogota,12,Sonido y video,0,158.7323
2024-06-01,2024,6,Bogota,14,"Ferreteria, vidrios y pinturas",0,98.4099
2024-06-01,2024,6,Bogota,15,Otras mercancias de uso domestico,0,115.6095
2024-06-01,2024,6,Cundinamarca,4,Prendas de vestir y textiles,0,130.3019
2024-06-01,2024,6,Cundinamarca,8,Electrodomesticos y muebles,1,133.9278
2024-06-01,2024,6,Cundinamarca,9,Articulos y utensilios domesticos,0,154.2704
2024-06-01,2024,6,Cundinamarca,10,Aseo del hogar,0,150.5258
2024-06-01,2024,6,Cundinamarca,11,Informatica y telecomunicaciones,0,190.9262
2024-06-01,2024,6,Cundinamarca,12,Sonido y video,0,176.4305
2024-06-01,2024,6,Cundinamarca,14,"Ferreteria, vidrios y pinturas",0,112.4724
2024-06-01,2024,6,Cundinamarca,15,Otras mercancias de uso domestico,0,129.4773
2024-06-01,2024,6,Santander,4,Prendas de vestir y textiles,0,105.1959
2024-06-01,2024,6,Santander,8,Electrodomesticos y muebles,1,107.2814
2024-06-01,2024,6,Santander,9,Articulos y utensilios domesticos,0,118.7925
2024-06-01,2024,6,Santander,10,Aseo del hogar,0,127.8564
2024-06-01,2024,6,Santander,11,Informatica y telecomunicaciones,0,158.5729
2024-06-01,2024,6,Santander,12,Sonido y video,0,142.8587
2024-06-01,2024,6,Santander,14,"Ferreteria, vidrios y pinturas",0,89.7945
2024-06-01,2024,6,Santander,15,Otras mercancias de uso domestico,0,102.9991
2024-06-01,2024,6,Valle del Cauca,4,Prendas de vestir y textiles,0,92.0170
2024-06-01,2024,6,Valle del Cauca,8,Electrodomesticos y muebles,1,103.9473
2024-06-01,2024,6,Valle del Cauca,9,Articulos y utensilios domesticos,0,111.5626
2024-06-01,2024,6,Valle del Cauca,10,Aseo del hogar,0,111.1543
2024-06-01,2024,6,Valle del Cauca,11,Informatica y telecomunicaciones,0,143.3320
2024-06-01,2024,6,Valle del Cauca,12,Sonido y video,0,128.4339
2024-06-01,2024,6,Valle del Cauca,14,"Ferreteria, vidrios y pinturas",0,80.8411
2024-06-01,2024,6,Valle del Cauca,15,Otras mercancias de uso domestico,0,94.2523
2024-06-01,2024,6,Otros departamentos,4,Prendas de vestir y textiles,0,110.6398
2024-06-01,2024,6,Otros departamentos,8,Electrodomesticos y muebles,1,117.8005
2024-06-01,2024,6,Otros departamentos,9,Articulos y utensilios domesticos,0,128.4320
2024-06-01,2024,6,Otros departamentos,10,Aseo del hogar,0,124.0226
2024-06-01,2024,6,Otros departamentos,11,Informatica y telecomunicaciones,0,159.7542
2024-06-01,2024,6,Otros departamentos,12,Sonido y video,0,148.0173
2024-06-01,2024,6,Otros departamentos,14,"Ferreteria, vidrios y pinturas",0,96.0888
2024-06-01,2024,6,Otros departamentos,15,Otras mercancias de uso domestico,0,103.7146
2024-07-01,2024,7,Antioquia,4,Prendas de vestir y textiles,0,94.7721
2024-07-01,2024,7,Antioquia,8,Electrodomesticos y muebles,1,132.2575
2024-07-01,2024,7,Antioquia,9,Articulos y utensilios domesticos,0,134.2874
2024-07-01,2024,7,Antioquia,10,Aseo del hogar,0,129.5649
2024-07-01,2024,7,Antioquia,11,Informatica y telecomunicaciones,0,179.2420
2024-07-01,2024,7,Antioquia,12,Sonido y video,0,148.5025
2024-07-01,2024,7,Antioquia,14,"Ferreteria, vidrios y pinturas",0,107.7724
2024-07-01,2024,7,Antioquia,15,Otras mercancias de uso domestico,0,109.6917
2024-07-01,2024,7,Atlantico,4,Prendas de vestir y textiles,0,82.6592
2024-07-01,2024,7,Atlantico,8,Electrodomesticos y muebles,1,105.7564
2024-07-01,2024,7,Atlantico,9,Articulos y utensilios domesticos,0,113.8445
2024-07-01,2024,7,Atlantico,10,Aseo del hogar,0,111.4362
2024-07-01,2024,7,Atlantico,11,Informatica y telecomunicaciones,0,149.1838
2024-07-01,2024,7,Atlantico,12,Sonido y video,0,125.8482
2024-07-01,2024,7,Atlantico,14,"Ferreteria, vidrios y pinturas",0,87.9575
2024-07-01,2024,7,Atlantico,15,Otras mercancias de uso domestico,0,93.5252
2024-07-01,2024,7,Bogota,4,Prendas de vestir y textiles,0,100.0744
2024-07-01,2024,7,Bogota,8,Electrodomesticos y muebles,1,136.8868
2024-07-01,2024,7,Bogota,9,Articulos y utensilios domesticos,0,137.0256
2024-07-01,2024,7,Bogota,10,Aseo del hogar,0,136.0548
2024-07-01,2024,7,Bogota,11,Informatica y telecomunicaciones,0,187.9692
2024-07-01,2024,7,Bogota,12,Sonido y video,0,160.6971
2024-07-01,2024,7,Bogota,14,"Ferreteria, vidrios y pinturas",0,109.7711
2024-07-01,2024,7,Bogota,15,Otras mercancias de uso domestico,0,116.1370
2024-07-01,2024,7,Cundinamarca,4,Prendas de vestir y textiles,0,116.6335
2024-07-01,2024,7,Cundinamarca,8,Electrodomesticos y muebles,1,151.8440
2024-07-01,2024,7,Cundinamarca,9,Articulos y utensilios domesticos,0,166.0880
2024-07-01,2024,7,Cundinamarca,10,Aseo del hogar,0,157.0684
2024-07-01,2024,7,Cundinamarca,11,Informatica y telecomunicaciones,0,209.5907
2024-07-01,2024,7,Cundinamarca,12,Sonido y video,0,186.1520
2024-07-01,2024,7,Cundinamarca,14,"Ferreteria, vidrios y pinturas",0,126.9067
2024-07-01,2024,7,Cundinamarca,15,Otras mercancias de uso domestico,0,133.8757
2024-07-01,2024,7,Santander,4,Prendas de vestir y textiles,0,91.6087
2024-07-01,2024,7,Santander,8,Electrodomesticos y muebles,1,117.4122
2024-07-01,2024,7,Santander,9,Articulos y utensilios domesticos,0,122.9922
2024-07-01,2024,7,Santander,10,Aseo del hogar,0,126.2825
2024-07-01,2024,7,Santander,11,Informatica y telecomunicaciones,0,174.8668
2024-07-01,2024,7,Santander,12,Sonido y video,0,141.8637
2024-07-01,2024,7,Santander,14,"Ferreteria, vidrios y pinturas",0,98.3918
2024-07-01,2024,7,Santander,15,Otras mercancias de uso domestico,0,102.0556
2024-07-01,2024,7,Valle del Cauca,4,Prendas de vestir y textiles,0,84.1527
2024-07-01,2024,7,Valle del Cauca,8,Electrodomesticos y muebles,1,118.5394
2024-07-01,2024,7,Valle del Cauca,9,Articulos y utensilios domesticos,0,119.4848
2024-07-01,2024,7,Valle del Cauca,10,Aseo del hogar,0,114.8309
2024-07-01,2024,7,Valle del Cauca,11,Informatica y telecomunicaciones,0,154.5021
2024-07-01,2024,7,Valle del Cauca,12,Sonido y video,0,133.3017
2024-07-01,2024,7,Valle del Cauca,14,"Ferreteria, vidrios y pinturas",0,90.4867
2024-07-01,2024,7,Valle del Cauca,15,Otras mercancias de uso domestico,0,99.2119
2024-07-01,2024,7,Otros departamentos,4,Prendas de vestir y textiles,0,104.4691
2024-07-01,2024,7,Otros departamentos,8,Electrodomesticos y muebles,1,130.6868
2024-07-01,2024,7,Otros departamentos,9,Articulos y utensilios domesticos,0,134.9423
2024-07-01,2024,7,Otros departamentos,10,Aseo del hogar,0,132.1904
2024-07-01,2024,7,Otros departamentos,11,Informatica y telecomunicaciones,0,176.2902
2024-07-01,2024,7,Otros departamentos,12,Sonido y video,0,158.1820
2024-07-01,2024,7,Otros departamentos,14,"Ferreteria, vidrios y pinturas",0,108.2851
2024-07-01,2024,7,Otros departamentos,15,Otras mercancias de uso domestico,0,108.5826
2024-08-01,2024,8,Antioquia,4,Prendas de vestir y textiles,0,89.3573
2024-08-01,2024,8,Antioquia,8,Electrodomesticos y muebles,1,140.2366
2024-08-01,2024,8,Antioquia,9,Articulos y utensilios domesticos,0,137.2244
2024-08-01,2024,8,Antioquia,10,Aseo del hogar,0,127.9663
2024-08-01,2024,8,Antioquia,11,Informatica y telecomunicaciones,0,220.2476
2024-08-01,2024,8,Antioquia,12,Sonido y video,0,142.0254
2024-08-01,2024,8,Antioquia,14,"Ferreteria, vidrios y pinturas",0,106.2445
2024-08-01,2024,8,Antioquia,15,Otras mercancias de uso domestico,0,110.6038
2024-08-01,2024,8,Atlantico,4,Prendas de vestir y textiles,0,76.2994
2024-08-01,2024,8,Atlantico,8,Electrodomesticos y muebles,1,114.1507
2024-08-01,2024,8,Atlantico,9,Articulos y utensilios domesticos,0,116.6696
2024-08-01,2024,8,Atlantico,10,Aseo del hogar,0,110.7253
2024-08-01,2024,8,Atlantico,11,Informatica y telecomunicaciones,0,184.0281
2024-08-01,2024,8,Atlantico,12,Sonido y video,0,124.4728
2024-08-01,2024,8,Atlantico,14,"Ferreteria, vidrios y pinturas",0,88.2890
2024-08-01,2024,8,Atlantico,15,Otras mercancias de uso domestico,0,96.9645
2024-08-01,2024,8,Bogota,4,Prendas de vestir y textiles,0,99.3338
2024-08-01,2024,8,Bogota,8,Electrodomesticos y muebles,1,151.3125
2024-08-01,2024,8,Bogota,9,Articulos y utensilios domesticos,0,146.3247
2024-08-01,2024,8,Bogota,10,Aseo del hogar,0,137.4183
2024-08-01,2024,8,Bogota,11,Informatica y telecomunicaciones,0,241.9366
2024-08-01,2024,8,Bogota,12,Sonido y video,0,162.0552
2024-08-01,2024,8,Bogota,14,"Ferreteria, vidrios y pinturas",0,114.8189
2024-08-01,2024,8,Bogota,15,Otras mercancias de uso domestico,0,122.6471
2024-08-01,2024,8,Cundinamarca,4,Prendas de vestir y textiles,0,104.0121
2024-08-01,2024,8,Cundinamarca,8,Electrodomesticos y muebles,1,157.6552
2024-08-01,2024,8,Cundinamarca,9,Articulos y utensilios domesticos,0,162.4910
2024-08-01,2024,8,Cundinamarca,10,Aseo del hogar,0,146.0612
2024-08-01,2024,8,Cundinamarca,11,Informatica y telecomunicaciones,0,253.8569
2024-08-01,2024,8,Cundinamarca,12,Sonido y video,0,167.5493
2024-08-01,2024,8,Cundinamarca,14,"Ferreteria, vidrios y pinturas",0,119.2603
2024-08-01,2024,8,Cundinamarca,15,Otras mercancias de uso domestico,0,136.2778
2024-08-01,2024,8,Santander,4,Prendas de vestir y textiles,0,88.8741
2024-08-01,2024,8,Santander,8,Electrodomesticos y muebles,1,124.3652
2024-08-01,2024,8,Santander,9,Articulos y utensilios domesticos,0,127.7623
2024-08-01,2024,8,Santander,10,Aseo del hogar,0,124.9486
2024-08-01,2024,8,Santander,11,Informatica y telecomunicaciones,0,220.1938
2024-08-01,2024,8,Santander,12,Sonido y video,0,137.5423
2024-08-01,2024,8,Santander,14,"Ferreteria, vidrios y pinturas",0,97.5168
2024-08-01,2024,8,Santander,15,Otras mercancias de uso domestico,0,109.8296
2024-08-01,2024,8,Valle del Cauca,4,Prendas de vestir y textiles,0,78.6235
2024-08-01,2024,8,Valle del Cauca,8,Electrodomesticos y muebles,1,124.4047
2024-08-01,2024,8,Valle del Cauca,9,Articulos y utensilios domesticos,0,118.8697
2024-08-01,2024,8,Valle del Cauca,10,Aseo del hogar,0,113.4116
2024-08-01,2024,8,Valle del Cauca,11,Informatica y telecomunicaciones,0,186.5584
2024-08-01,2024,8,Valle del Cauca,12,Sonido y video,0,126.6160
2024-08-01,2024,8,Valle del Cauca,14,"Ferreteria, vidrios y pinturas",0,91.3235
2024-08-01,2024,8,Valle del Cauca,15,Otras mercancias de uso domestico,0,101.4916
2024-08-01,2024,8,Otros departamentos,4,Prendas de vestir y textiles,0,95.1107
2024-08-01,2024,8,Otros departamentos,8,Electrodomesticos y muebles,1,136.7652
2024-08-01,2024,8,Otros departamentos,9,Articulos y utensilios domesticos,0,138.4975
2024-08-01,2024,8,Otros departamentos,10,Aseo del hogar,0,131.9966
2024-08-01,2024,8,Otros departamentos,11,Informatica y telecomunicaciones,0,223.6102
2024-08-01,2024,8,Otros departamentos,12,Sonido y video,0,145.2487
2024-08-01,2024,8,Otros departamentos,14,"Ferreteria, vidrios y pinturas",0,105.1237
2024-08-01,2024,8,Otros departamentos,15,Otras mercancias de uso domestico,0,114.1139
2024-09-01,2024,9,Antioquia,4,Prendas de vestir y textiles,0,90.9668
2024-09-01,2024,9,Antioquia,8,Electrodomesticos y muebles,1,121.4615
2024-09-01,2024,9,Antioquia,9,Articulos y utensilios domesticos,0,130.9514
2024-09-01,2024,9,Antioquia,10,Aseo del hogar,0,122.1059
2024-09-01,2024,9,Antioquia,11,Informatica y telecomunicaciones,0,181.1858
2024-09-01,2024,9,Antioquia,12,Sonido y video,0,118.5484
2024-09-01,2024,9,Antioquia,14,"Ferreteria, vidrios y pinturas",0,105.8257
2024-09-01,2024,9,Antioquia,15,Otras mercancias de uso domestico,0,107.8285
2024-09-01,2024,9,Atlantico,4,Prendas de vestir y textiles,0,75.3535
2024-09-01,2024,9,Atlantico,8,Electrodomesticos y muebles,1,97.3678
2024-09-01,2024,9,Atlantico,9,Articulos y utensilios domesticos,0,110.3939
2024-09-01,2024,9,Atlantico,10,Aseo del hogar,0,101.9048
2024-09-01,2024,9,Atlantico,11,Informatica y telecomunicaciones,0,151.6237
2024-09-01,2024,9,Atlantico,12,Sonido y video,0,102.0759
2024-09-01,2024,9,Atlantico,14,"Ferreteria, vidrios y pinturas",0,84.5399
2024-09-01,2024,9,Atlantico,15,Otras mercancias de uso domestico,0,91.4528
2024-09-01,2024,9,Bogota,4,Prendas de vestir y textiles,0,102.7612
2024-09-01,2024,9,Bogota,8,Electrodomesticos y muebles,1,133.8540
2024-09-01,2024,9,Bogota,9,Articulos y utensilios domesticos,0,146.1787
2024-09-01,2024,9,Bogota,10,Aseo del hogar,0,136.7713
2024-09-01,2024,9,Bogota,11,Informatica y telecomunicaciones,0,206.4714
2024-09-01,2024,9,Bogota,12,Sonido y video,0,134.6252
2024-09-01,2024,9,Bogota,14,"Ferreteria, vidrios y pinturas",0,114.0448
2024-09-01,2024,9,Bogota,15,Otras mercancias de uso domestico,0,127.8239
2024-09-01,2024,9,Cundinamarca,4,Prendas de vestir y textiles,0,109.7249
2024-09-01,2024,9,Cundinamarca,8,Electrodomesticos y muebles,1,140.9805
2024-09-01,2024,9,Cundinamarca,9,Articulos y utensilios domesticos,0,162.7920
2024-09-01,2024,9,Cundinamarca,10,Aseo del hogar,0,147.1213
2024-09-01,2024,9,Cundinamarca,11,Informatica y telecomunicaciones,0,221.4155
2024-09-01,2024,9,Cundinamarca,12,Sonido y video,0,144.5797
2024-09-01,2024,9,Cundinamarca,14,"Ferreteria, vidrios y pinturas",0,122.1538
2024-09-01,2024,9,Cundinamarca,15,Otras mercancias de uso domestico,0,135.9670
2024-09-01,2024,9,Santander,4,Prendas de vestir y textiles,0,86.8322
2024-09-01,2024,9,Santander,8,Electrodomesticos y muebles,1,109.6123
2024-09-01,2024,9,Santander,9,Articulos y utensilios domesticos,0,122.6939
2024-09-01,2024,9,Santander,10,Aseo del hogar,0,121.7943
2024-09-01,2024,9,Santander,11,Informatica y telecomunicaciones,0,178.8344
2024-09-01,2024,9,Santander,12,Sonido y video,0,109.9402
2024-09-01,2024,9,Santander,14,"Ferreteria, vidrios y pinturas",0,96.3278
2024-09-01,2024,9,Santander,15,Otras mercancias de uso domestico,0,110.9578
2024-09-01,2024,9,Valle del Cauca,4,Prendas de vestir y textiles,0,81.5153
2024-09-01,2024,9,Valle del Cauca,8,Electrodomesticos y muebles,1,105.6288
2024-09-01,2024,9,Valle del Cauca,9,Articulos y utensilios domesticos,0,115.0637
2024-09-01,2024,9,Valle del Cauca,10,Aseo del hogar,0,107.4563
2024-09-01,2024,9,Valle del Cauca,11,Informatica y telecomunicaciones,0,154.2112
2024-09-01,2024,9,Valle del Cauca,12,Sonido y video,0,105.2569
2024-09-01,2024,9,Valle del Cauca,14,"Ferreteria, vidrios y pinturas",0,90.5329
2024-09-01,2024,9,Valle del Cauca,15,Otras mercancias de uso domestico,0,95.8082
2024-09-01,2024,9,Otros departamentos,4,Prendas de vestir y textiles,0,91.4104
2024-09-01,2024,9,Otros departamentos,8,Electrodomesticos y muebles,1,117.0381
2024-09-01,2024,9,Otros departamentos,9,Articulos y utensilios domesticos,0,128.2249
2024-09-01,2024,9,Otros departamentos,10,Aseo del hogar,0,123.8312
2024-09-01,2024,9,Otros departamentos,11,Informatica y telecomunicaciones,0,178.0100
2024-09-01,2024,9,Otros departamentos,12,Sonido y video,0,120.1055
2024-09-01,2024,9,Otros departamentos,14,"Ferreteria, vidrios y pinturas",0,99.7174
2024-09-01,2024,9,Otros departamentos,15,Otras mercancias de uso domestico,0,112.3382
2024-10-01,2024,10,Antioquia,4,Prendas de vestir y textiles,0,98.9485
2024-10-01,2024,10,Antioquia,8,Electrodomesticos y muebles,1,124.9720
2024-10-01,2024,10,Antioquia,9,Articulos y utensilios domesticos,0,159.9652
2024-10-01,2024,10,Antioquia,10,Aseo del hogar,0,131.5150
2024-10-01,2024,10,Antioquia,11,Informatica y telecomunicaciones,0,191.1998
2024-10-01,2024,10,Antioquia,12,Sonido y video,0,131.7004
2024-10-01,2024,10,Antioquia,14,"Ferreteria, vidrios y pinturas",0,113.1385
2024-10-01,2024,10,Antioquia,15,Otras mercancias de uso domestico,0,123.5600
2024-10-01,2024,10,Atlantico,4,Prendas de vestir y textiles,0,79.9537
2024-10-01,2024,10,Atlantico,8,Electrodomesticos y muebles,1,96.9058
2024-10-01,2024,10,Atlantico,9,Articulos y utensilios domesticos,0,124.6583
2024-10-01,2024,10,Atlantico,10,Aseo del hogar,0,102.5788
2024-10-01,2024,10,Atlantico,11,Informatica y telecomunicaciones,0,148.9566
2024-10-01,2024,10,Atlantico,12,Sonido y video,0,106.3881
2024-10-01,2024,10,Atlantico,14,"Ferreteria, vidrios y pinturas",0,85.8826
2024-10-01,2024,10,Atlantico,15,Otras mercancias de uso domestico,0,101.4210
2024-10-01,2024,10,Bogota,4,Prendas de vestir y textiles,0,107.0139
2024-10-01,2024,10,Bogota,8,Electrodomesticos y muebles,1,135.9037
2024-10-01,2024,10,Bogota,9,Articulos y utensilios domesticos,0,168.1806
2024-10-01,2024,10,Bogota,10,Aseo del hogar,0,137.8129
2024-10-01,2024,10,Bogota,11,Informatica y telecomunicaciones,0,200.3668
2024-10-01,2024,10,Bogota,12,Sonido y video,0,138.9764
2024-10-01,2024,10,Bogota,14,"Ferreteria, vidrios y pinturas",0,114.7885
2024-10-01,2024,10,Bogota,15,Otras mercancias de uso domestico,0,136.2071
2024-10-01,2024,10,Cundinamarca,4,Prendas de vestir y textiles,0,125.2377
2024-10-01,2024,10,Cundinamarca,8,Electrodomesticos y muebles,1,151.9023
2024-10-01,2024,10,Cundinamarca,9,Articulos y utensilios domesticos,0,196.2294
2024-10-01,2024,10,Cundinamarca,10,Aseo del hogar,0,154.7118
2024-10-01,2024,10,Cundinamarca,11,Informatica y telecomunicaciones,0,228.3820
2024-10-01,2024,10,Cundinamarca,12,Sonido y video,0,159.7475
2024-10-01,2024,10,Cundinamarca,14,"Ferreteria, vidrios y pinturas",0,137.5972
2024-10-01,2024,10,Cundinamarca,15,Otras mercancias de uso domestico,0,155.4869
2024-10-01,2024,10,Santander,4,Prendas de vestir y textiles,0,96.3218
2024-10-01,2024,10,Santander,8,Electrodomesticos y muebles,1,122.4961
2024-10-01,2024,10,Santander,9,Articulos y utensilios domesticos,0,150.5744
2024-10-01,2024,10,Santander,10,Aseo del hogar,0,127.9372
2024-10-01,2024,10,Santander,11,Informatica y telecomunicaciones,0,189.8360
2024-10-01,2024,10,Santander,12,Sonido y video,0,125.5038
2024-10-01,2024,10,Santander,14,"Ferreteria, vidrios y pinturas",0,103.8550
2024-10-01,2024,10,Santander,15,Otras mercancias de uso domestico,0,126.7301
2024-10-01,2024,10,Valle del Cauca,4,Prendas de vestir y textiles,0,86.8675
2024-10-01,2024,10,Valle del Cauca,8,Electrodomesticos y muebles,1,113.8587
2024-10-01,2024,10,Valle del Cauca,9,Articulos y utensilios domesticos,0,134.1826
2024-10-01,2024,10,Valle del Cauca,10,Aseo del hogar,0,109.1901
2024-10-01,2024,10,Valle del Cauca,11,Informatica y telecomunicaciones,0,159.0080
2024-10-01,2024,10,Valle del Cauca,12,Sonido y video,0,111.0824
2024-10-01,2024,10,Valle del Cauca,14,"Ferreteria, vidrios y pinturas",0,98.5310
2024-10-01,2024,10,Valle del Cauca,15,Otras mercancias de uso domestico,0,113.8678
2024-10-01,2024,10,Otros departamentos,4,Prendas de vestir y textiles,0,98.7072
2024-10-01,2024,10,Otros departamentos,8,Electrodomesticos y muebles,1,118.7458
2024-10-01,2024,10,Otros departamentos,9,Articulos y utensilios domesticos,0,147.6231
2024-10-01,2024,10,Otros departamentos,10,Aseo del hogar,0,125.4371
2024-10-01,2024,10,Otros departamentos,11,Informatica y telecomunicaciones,0,182.6197
2024-10-01,2024,10,Otros departamentos,12,Sonido y video,0,126.9422
2024-10-01,2024,10,Otros departamentos,14,"Ferreteria, vidrios y pinturas",0,106.8046
2024-10-01,2024,10,Otros departamentos,15,Otras mercancias de uso domestico,0,126.3245
2024-11-01,2024,11,Antioquia,4,Prendas de vestir y textiles,0,128.8124
2024-11-01,2024,11,Antioquia,8,Electrodomesticos y muebles,1,153.0132
2024-11-01,2024,11,Antioquia,9,Articulos y utensilios domesticos,0,180.0093
2024-11-01,2024,11,Antioquia,10,Aseo del hogar,0,133.3431
2024-11-01,2024,11,Antioquia,11,Informatica y telecomunicaciones,0,261.9081
2024-11-01,2024,11,Antioquia,12,Sonido y video,0,202.8135
2024-11-01,2024,11,Antioquia,14,"Ferreteria, vidrios y pinturas",0,121.8616
2024-11-01,2024,11,Antioquia,15,Otras mercancias de uso domestico,0,147.9118
2024-11-01,2024,11,Atlantico,4,Prendas de vestir y textiles,0,103.6964
2024-11-01,2024,11,Atlantico,8,Electrodomesticos y muebles,1,122.7318
2024-11-01,2024,11,Atlantico,9,Articulos y utensilios domesticos,0,145.9442
2024-11-01,2024,11,Atlantico,10,Aseo del hogar,0,108.2433
2024-11-01,2024,11,Atlantico,11,Informatica y telecomunicaciones,0,213.3074
2024-11-01,2024,11,Atlantico,12,Sonido y video,0,168.4632
2024-11-01,2024,11,Atlantico,14,"Ferreteria, vidrios y pinturas",0,96.5758
2024-11-01,2024,11,Atlantico,15,Otras mercancias de uso domestico,0,126.8942
2024-11-01,2024,11,Bogota,4,Prendas de vestir y textiles,0,146.5329
2024-11-01,2024,11,Bogota,8,Electrodomesticos y muebles,1,174.3846
2024-11-01,2024,11,Bogota,9,Articulos y utensilios domesticos,0,202.2742
2024-11-01,2024,11,Bogota,10,Aseo del hogar,0,148.6919
2024-11-01,2024,11,Bogota,11,Informatica y telecomunicaciones,0,288.7571
2024-11-01,2024,11,Bogota,12,Sonido y video,0,219.9323
2024-11-01,2024,11,Bogota,14,"Ferreteria, vidrios y pinturas",0,128.1727
2024-11-01,2024,11,Bogota,15,Otras mercancias de uso domestico,0,173.6313
2024-11-01,2024,11,Cundinamarca,4,Prendas de vestir y textiles,0,155.2280
2024-11-01,2024,11,Cundinamarca,8,Electrodomesticos y muebles,1,178.1112
2024-11-01,2024,11,Cundinamarca,9,Articulos y utensilios domesticos,0,218.0456
2024-11-01,2024,11,Cundinamarca,10,Aseo del hogar,0,145.2948
2024-11-01,2024,11,Cundinamarca,11,Informatica y telecomunicaciones,0,300.0872
2024-11-01,2024,11,Cundinamarca,12,Sonido y video,0,231.3234
2024-11-01,2024,11,Cundinamarca,14,"Ferreteria, vidrios y pinturas",0,137.9085
2024-11-01,2024,11,Cundinamarca,15,Otras mercancias de uso domestico,0,186.0385
2024-11-01,2024,11,Santander,4,Prendas de vestir y textiles,0,122.9946
2024-11-01,2024,11,Santander,8,Electrodomesticos y muebles,1,147.4084
2024-11-01,2024,11,Santander,9,Articulos y utensilios domesticos,0,172.5876
2024-11-01,2024,11,Santander,10,Aseo del hogar,0,122.7111
2024-11-01,2024,11,Santander,11,Informatica y telecomunicaciones,0,251.5132
2024-11-01,2024,11,Santander,12,Sonido y video,0,192.6824
2024-11-01,2024,11,Santander,14,"Ferreteria, vidrios y pinturas",0,110.4946
2024-11-01,2024,11,Santander,15,Otras mercancias de uso domestico,0,148.0362
2024-11-01,2024,11,Valle del Cauca,4,Prendas de vestir y textiles,0,112.8700
2024-11-01,2024,11,Valle del Cauca,8,Electrodomesticos y muebles,1,138.5697
2024-11-01,2024,11,Valle del Cauca,9,Articulos y utensilios domesticos,0,155.0395
2024-11-01,2024,11,Valle del Cauca,10,Aseo del hogar,0,109.2456
2024-11-01,2024,11,Valle del Cauca,11,Informatica y telecomunicaciones,0,217.7984
2024-11-01,2024,11,Valle del Cauca,12,Sonido y video,0,166.2145
2024-11-01,2024,11,Valle del Cauca,14,"Ferreteria, vidrios y pinturas",0,101.6576
2024-11-01,2024,11,Valle del Cauca,15,Otras mercancias de uso domestico,0,132.1407
2024-11-01,2024,11,Otros departamentos,4,Prendas de vestir y textiles,0,120.0453
2024-11-01,2024,11,Otros departamentos,8,Electrodomesticos y muebles,1,138.9896
2024-11-01,2024,11,Otros departamentos,9,Articulos y utensilios domesticos,0,161.3336
2024-11-01,2024,11,Otros departamentos,10,Aseo del hogar,0,121.9278
2024-11-01,2024,11,Otros departamentos,11,Informatica y telecomunicaciones,0,242.2656
2024-11-01,2024,11,Otros departamentos,12,Sonido y video,0,190.4220
2024-11-01,2024,11,Otros departamentos,14,"Ferreteria, vidrios y pinturas",0,108.9643
2024-11-01,2024,11,Otros departamentos,15,Otras mercancias de uso domestico,0,145.9719
2024-12-01,2024,12,Antioquia,4,Prendas de vestir y textiles,0,266.9701
2024-12-01,2024,12,Antioquia,8,Electrodomesticos y muebles,1,151.1056
2024-12-01,2024,12,Antioquia,9,Articulos y utensilios domesticos,0,217.5625
2024-12-01,2024,12,Antioquia,10,Aseo del hogar,0,145.8078
2024-12-01,2024,12,Antioquia,11,Informatica y telecomunicaciones,0,310.7744
2024-12-01,2024,12,Antioquia,12,Sonido y video,0,196.5941
2024-12-01,2024,12,Antioquia,14,"Ferreteria, vidrios y pinturas",0,112.7946
2024-12-01,2024,12,Antioquia,15,Otras mercancias de uso domestico,0,186.1667
2024-12-01,2024,12,Atlantico,4,Prendas de vestir y textiles,0,232.7194
2024-12-01,2024,12,Atlantico,8,Electrodomesticos y muebles,1,133.0205
2024-12-01,2024,12,Atlantico,9,Articulos y utensilios domesticos,0,188.1900
2024-12-01,2024,12,Atlantico,10,Aseo del hogar,0,129.3506
2024-12-01,2024,12,Atlantico,11,Informatica y telecomunicaciones,0,281.6170
2024-12-01,2024,12,Atlantico,12,Sonido y video,0,175.9305
2024-12-01,2024,12,Atlantico,14,"Ferreteria, vidrios y pinturas",0,100.1850
2024-12-01,2024,12,Atlantico,15,Otras mercancias de uso domestico,0,172.5612
2024-12-01,2024,12,Bogota,4,Prendas de vestir y textiles,0,292.2771
2024-12-01,2024,12,Bogota,8,Electrodomesticos y muebles,1,166.0934
2024-12-01,2024,12,Bogota,9,Articulos y utensilios domesticos,0,238.2425
2024-12-01,2024,12,Bogota,10,Aseo del hogar,0,155.6340
2024-12-01,2024,12,Bogota,11,Informatica y telecomunicaciones,0,340.9318
2024-12-01,2024,12,Bogota,12,Sonido y video,0,211.2477
2024-12-01,2024,12,Bogota,14,"Ferreteria, vidrios y pinturas",0,118.4277
2024-12-01,2024,12,Bogota,15,Otras mercancias de uso domestico,0,210.1405
2024-12-01,2024,12,Cundinamarca,4,Prendas de vestir y textiles,0,302.0667
2024-12-01,2024,12,Cundinamarca,8,Electrodomesticos y muebles,1,170.7216
2024-12-01,2024,12,Cundinamarca,9,Articulos y utensilios domesticos,0,245.3064
2024-12-01,2024,12,Cundinamarca,10,Aseo del hogar,0,159.1346
2024-12-01,2024,12,Cundinamarca,11,Informatica y telecomunicaciones,0,347.5446
2024-12-01,2024,12,Cundinamarca,12,Sonido y video,0,215.2433
2024-12-01,2024,12,Cundinamarca,14,"Ferreteria, vidrios y pinturas",0,123.0958
2024-12-01,2024,12,Cundinamarca,15,Otras mercancias de uso domestico,0,222.7799
2024-12-01,2024,12,Santander,4,Prendas de vestir y textiles,0,252.4942
2024-12-01,2024,12,Santander,8,Electrodomesticos y muebles,1,149.7106
2024-12-01,2024,12,Santander,9,Articulos y utensilios domesticos,0,208.8245
2024-12-01,2024,12,Santander,10,Aseo del hogar,0,136.2548
2024-12-01,2024,12,Santander,11,Informatica y telecomunicaciones,0,302.1472
2024-12-01,2024,12,Santander,12,Sonido y video,0,194.8917
2024-12-01,2024,12,Santander,14,"Ferreteria, vidrios y pinturas",0,106.2363
2024-12-01,2024,12,Santander,15,Otras mercancias de uso domestico,0,188.2208
2024-12-01,2024,12,Valle del Cauca,4,Prendas de vestir y textiles,0,217.1128
2024-12-01,2024,12,Valle del Cauca,8,Electrodomesticos y muebles,1,125.3922
2024-12-01,2024,12,Valle del Cauca,9,Articulos y utensilios domesticos,0,168.8921
2024-12-01,2024,12,Valle del Cauca,10,Aseo del hogar,0,110.3645
2024-12-01,2024,12,Valle del Cauca,11,Informatica y telecomunicaciones,0,239.7787
2024-12-01,2024,12,Valle del Cauca,12,Sonido y video,0,152.1750
2024-12-01,2024,12,Valle del Cauca,14,"Ferreteria, vidrios y pinturas",0,85.9902
2024-12-01,2024,12,Valle del Cauca,15,Otras mercancias de uso domestico,0,149.8468
2024-12-01,2024,12,Otros departamentos,4,Prendas de vestir y textiles,0,275.8317
2024-12-01,2024,12,Otros departamentos,8,Electrodomesticos y muebles,1,154.9462
2024-12-01,2024,12,Otros departamentos,9,Articulos y utensilios domesticos,0,218.9195
2024-12-01,2024,12,Otros departamentos,10,Aseo del hogar,0,151.4857
2024-12-01,2024,12,Otros departamentos,11,Informatica y telecomunicaciones,0,323.2735
2024-12-01,2024,12,Otros departamentos,12,Sonido y video,0,209.4941
2024-12-01,2024,12,Otros departamentos,14,"Ferreteria, vidrios y pinturas",0,114.2889
2024-12-01,2024,12,Otros departamentos,15,Otras mercancias de uso domestico,0,205.8953
2025-01-01,2025,1,Antioquia,4,Prendas de vestir y textiles,0,90.8350
2025-01-01,2025,1,Antioquia,8,Electrodomesticos y muebles,1,146.4788
2025-01-01,2025,1,Antioquia,9,Articulos y utensilios domesticos,0,154.1920
2025-01-01,2025,1,Antioquia,10,Aseo del hogar,0,137.4445
2025-01-01,2025,1,Antioquia,11,Informatica y telecomunicaciones,0,233.8898
2025-01-01,2025,1,Antioquia,12,Sonido y video,0,125.5904
2025-01-01,2025,1,Antioquia,14,"Ferreteria, vidrios y pinturas",0,111.4421
2025-01-01,2025,1,Antioquia,15,Otras mercancias de uso domestico,0,119.6882
2025-01-01,2025,1,Atlantico,4,Prendas de vestir y textiles,0,74.6145
2025-01-01,2025,1,Atlantico,8,Electrodomesticos y muebles,1,120.5484
2025-01-01,2025,1,Atlantico,9,Articulos y utensilios domesticos,0,128.4915
2025-01-01,2025,1,Atlantico,10,Aseo del hogar,0,112.0869
2025-01-01,2025,1,Atlantico,11,Informatica y telecomunicaciones,0,188.4341
2025-01-01,2025,1,Atlantico,12,Sonido y video,0,105.4124
2025-01-01,2025,1,Atlantico,14,"Ferreteria, vidrios y pinturas",0,94.1053
2025-01-01,2025,1,Atlantico,15,Otras mercancias de uso domestico,0,102.1733
2025-01-01,2025,1,Bogota,4,Prendas de vestir y textiles,0,96.3470
2025-01-01,2025,1,Bogota,8,Electrodomesticos y muebles,1,156.3162
2025-01-01,2025,1,Bogota,9,Articulos y utensilios domesticos,0,169.9160
2025-01-01,2025,1,Bogota,10,Aseo del hogar,0,144.7455
2025-01-01,2025,1,Bogota,11,Informatica y telecomunicaciones,0,244.3064
2025-01-01,2025,1,Bogota,12,Sonido y video,0,132.2344
2025-01-01,2025,1,Bogota,14,"Ferreteria, vidrios y pinturas",0,119.0794
2025-01-01,2025,1,Bogota,15,Otras mercancias de uso domestico,0,132.0476
2025-01-01,2025,1,Cundinamarca,4,Prendas de vestir y textiles,0,106.1708
2025-01-01,2025,1,Cundinamarca,8,Electrodomesticos y muebles,1,170.6221
2025-01-01,2025,1,Cundinamarca,9,Articulos y utensilios domesticos,0,182.8498
2025-01-01,2025,1,Cundinamarca,10,Aseo del hogar,0,155.8628
2025-01-01,2025,1,Cundinamarca,11,Informatica y telecomunicaciones,0,261.9422
2025-01-01,2025,1,Cundinamarca,12,Sonido y video,0,145.7862
2025-01-01,2025,1,Cundinamarca,14,"Ferreteria, vidrios y pinturas",0,126.9814
2025-01-01,2025,1,Cundinamarca,15,Otras mercancias de uso domestico,0,142.9910
2025-01-01,2025,1,Santander,4,Prendas de vestir y textiles,0,84.7544
2025-01-01,2025,1,Santander,8,Electrodomesticos y muebles,1,141.0474
2025-01-01,2025,1,Santander,9,Articulos y utensilios domesticos,0,145.8627
2025-01-01,2025,1,Santander,10,Aseo del hogar,0,127.6682
2025-01-01,2025,1,Santander,11,Informatica y telecomunicaciones,0,215.2774
2025-01-01,2025,1,Santander,12,Sonido y video,0,117.1318
2025-01-01,2025,1,Santander,14,"Ferreteria, vidrios y pinturas",0,105.1929
2025-01-01,2025,1,Santander,15,Otras mercancias de uso domestico,0,117.0256
2025-01-01,2025,1,Valle del Cauca,4,Prendas de vestir y textiles,0,72.6598
2025-01-01,2025,1,Valle del Cauca,8,Electrodomesticos y muebles,1,121.6117
2025-01-01,2025,1,Valle del Cauca,9,Articulos y utensilios domesticos,0,120.4385
2025-01-01,2025,1,Valle del Cauca,10,Aseo del hogar,0,104.9071
2025-01-01,2025,1,Valle del Cauca,11,Informatica y telecomunicaciones,0,169.8642
2025-01-01,2025,1,Valle del Cauca,12,Sonido y video,0,97.9722
2025-01-01,2025,1,Valle del Cauca,14,"Ferreteria, vidrios y pinturas",0,87.1997
2025-01-01,2025,1,Valle del Cauca,15,Otras mercancias de uso domestico,0,95.7777
2025-01-01,2025,1,Otros departamentos,4,Prendas de vestir y textiles,0,93.2761
2025-01-01,2025,1,Otros departamentos,8,Electrodomesticos y muebles,1,149.1259
2025-01-01,2025,1,Otros departamentos,9,Articulos y utensilios domesticos,0,156.5488
2025-01-01,2025,1,Otros departamentos,10,Aseo del hogar,0,139.2436
2025-01-01,2025,1,Otros departamentos,11,Informatica y telecomunicaciones,0,234.7090
2025-01-01,2025,1,Otros departamentos,12,Sonido y video,0,130.2850
2025-01-01,2025,1,Otros departamentos,14,"Ferreteria, vidrios y pinturas",0,111.9441
2025-01-01,2025,1,Otros departamentos,15,Otras mercancias de uso domestico,0,123.8716
2025-02-01,2025,2,Antioquia,4,Prendas de vestir y textiles,0,76.0093
2025-02-01,2025,2,Antioquia,8,Electrodomesticos y muebles,1,134.3896
2025-02-01,2025,2,Antioquia,9,Articulos y utensilios domesticos,0,143.9849
2025-02-01,2025,2,Antioquia,10,Aseo del hogar,0,126.8923
2025-02-01,2025,2,Antioquia,11,Informatica y telecomunicaciones,0,230.7399
2025-02-01,2025,2,Antioquia,12,Sonido y video,0,124.8410
2025-02-01,2025,2,Antioquia,14,"Ferreteria, vidrios y pinturas",0,108.1040
2025-02-01,2025,2,Antioquia,15,Otras mercancias de uso domestico,0,108.4438
2025-02-01,2025,2,Atlantico,4,Prendas de vestir y textiles,0,63.6305
2025-02-01,2025,2,Atlantico,8,Electrodomesticos y muebles,1,110.9689
2025-02-01,2025,2,Atlantico,9,Articulos y utensilios domesticos,0,116.1937
2025-02-01,2025,2,Atlantico,10,Aseo del hogar,0,103.6341
2025-02-01,2025,2,Atlantico,11,Informatica y telecomunicaciones,0,191.9645
2025-02-01,2025,2,Atlantico,12,Sonido y video,0,106.4892
2025-02-01,2025,2,Atlantico,14,"Ferreteria, vidrios y pinturas",0,88.6552
2025-02-01,2025,2,Atlantico,15,Otras mercancias de uso domestico,0,96.8861
2025-02-01,2025,2,Bogota,4,Prendas de vestir y textiles,0,79.3446
2025-02-01,2025,2,Bogota,8,Electrodomesticos y muebles,1,140.6458
2025-02-01,2025,2,Bogota,9,Articulos y utensilios domesticos,0,142.4532
2025-02-01,2025,2,Bogota,10,Aseo del hogar,0,134.2890
2025-02-01,2025,2,Bogota,11,Informatica y telecomunicaciones,0,246.9893
2025-02-01,2025,2,Bogota,12,Sonido y video,0,132.1017
2025-02-01,2025,2,Bogota,14,"Ferreteria, vidrios y pinturas",0,113.1980
2025-02-01,2025,2,Bogota,15,Otras mercancias de uso domestico,0,120.1246
2025-02-01,2025,2,Cundinamarca,4,Prendas de vestir y textiles,0,89.1927
2025-02-01,2025,2,Cundinamarca,8,Electrodomesticos y muebles,1,157.3588
2025-02-01,2025,2,Cundinamarca,9,Articulos y utensilios domesticos,0,162.7458
2025-02-01,2025,2,Cundinamarca,10,Aseo del hogar,0,145.1300
2025-02-01,2025,2,Cundinamarca,11,Informatica y telecomunicaciones,0,272.8973
2025-02-01,2025,2,Cundinamarca,12,Sonido y video,0,151.5064
2025-02-01,2025,2,Cundinamarca,14,"Ferreteria, vidrios y pinturas",0,122.8354
2025-02-01,2025,2,Cundinamarca,15,Otras mercancias de uso domestico,0,131.5027
2025-02-01,2025,2,Santander,4,Prendas de vestir y textiles,0,72.4389
2025-02-01,2025,2,Santander,8,Electrodomesticos y muebles,1,130.9019
2025-02-01,2025,2,Santander,9,Articulos y utensilios domesticos,0,131.7219
2025-02-01,2025,2,Santander,10,Aseo del hogar,0,121.5733
2025-02-01,2025,2,Santander,11,Informatica y telecomunicaciones,0,224.1826
2025-02-01,2025,2,Santander,12,Sonido y video,0,121.4474
2025-02-01,2025,2,Santander,14,"Ferreteria, vidrios y pinturas",0,104.8495
2025-02-01,2025,2,Santander,15,Otras mercancias de uso domestico,0,109.1613
2025-02-01,2025,2,Valle del Cauca,4,Prendas de vestir y textiles,0,61.4201
2025-02-01,2025,2,Valle del Cauca,8,Electrodomesticos y muebles,1,107.6193
2025-02-01,2025,2,Valle del Cauca,9,Articulos y utensilios domesticos,0,112.0023
2025-02-01,2025,2,Valle del Cauca,10,Aseo del hogar,0,98.0226
2025-02-01,2025,2,Valle del Cauca,11,Informatica y telecomunicaciones,0,178.4696
2025-02-01,2025,2,Valle del Cauca,12,Sonido y video,0,100.7911
2025-02-01,2025,2,Valle del Cauca,14,"Ferreteria, vidrios y pinturas",0,83.7161
2025-02-01,2025,2,Valle del Cauca,15,Otras mercancias de uso domestico,0,88.9612
2025-02-01,2025,2,Otros departamentos,4,Prendas de vestir y textiles,0,79.8741
2025-02-01,2025,2,Otros departamentos,8,Electrodomesticos y muebles,1,135.2518
2025-02-01,2025,2,Otros departamentos,9,Articulos y utensilios domesticos,0,138.4814
2025-02-01,2025,2,Otros departamentos,10,Aseo del hogar,0,128.9646
2025-02-01,2025,2,Otros departamentos,11,Informatica y telecomunicaciones,0,234.5793
2025-02-01,2025,2,Otros departamentos,12,Sonido y video,0,138.0728
2025-02-01,2025,2,Otros departamentos,14,"Ferreteria, vidrios y pinturas",0,108.4207
2025-02-01,2025,2,Otros departamentos,15,Otras mercancias de uso domestico,0,113.6912
2025-03-01,2025,3,Antioquia,4,Prendas de vestir y textiles,0,90.2972
2025-03-01,2025,3,Antioquia,8,Electrodomesticos y muebles,1,144.5965
2025-03-01,2025,3,Antioquia,9,Articulos y utensilios domesticos,0,151.0709
2025-03-01,2025,3,Antioquia,10,Aseo del hogar,0,148.6452
2025-03-01,2025,3,Antioquia,11,Informatica y telecomunicaciones,0,252.4178
2025-03-01,2025,3,Antioquia,12,Sonido y video,0,136.0388
2025-03-01,2025,3,Antioquia,14,"Ferreteria, vidrios y pinturas",0,111.2387
2025-03-01,2025,3,Antioquia,15,Otras mercancias de uso domestico,0,127.1990
2025-03-01,2025,3,Atlantico,4,Prendas de vestir y textiles,0,69.0221
2025-03-01,2025,3,Atlantico,8,Electrodomesticos y muebles,1,113.2693
2025-03-01,2025,3,Atlantico,9,Articulos y utensilios domesticos,0,113.4416
2025-03-01,2025,3,Atlantico,10,Aseo del hogar,0,109.2780
2025-03-01,2025,3,Atlantico,11,Informatica y telecomunicaciones,0,196.9633
2025-03-01,2025,3,Atlantico,12,Sonido y video,0,112.3218
2025-03-01,2025,3,Atlantico,14,"Ferreteria, vidrios y pinturas",0,87.4031
2025-03-01,2025,3,Atlantico,15,Otras mercancias de uso domestico,0,101.1739
2025-03-01,2025,3,Bogota,4,Prendas de vestir y textiles,0,91.5200
2025-03-01,2025,3,Bogota,8,Electrodomesticos y muebles,1,154.6506
2025-03-01,2025,3,Bogota,9,Articulos y utensilios domesticos,0,156.0327
2025-03-01,2025,3,Bogota,10,Aseo del hogar,0,150.4798
2025-03-01,2025,3,Bogota,11,Informatica y telecomunicaciones,0,270.9351
2025-03-01,2025,3,Bogota,12,Sonido y video,0,150.0801
2025-03-01,2025,3,Bogota,14,"Ferreteria, vidrios y pinturas",0,116.6467
2025-03-01,2025,3,Bogota,15,Otras mercancias de uso domestico,0,134.1800
2025-03-01,2025,3,Cundinamarca,4,Prendas de vestir y textiles,0,105.7259
2025-03-01,2025,3,Cundinamarca,8,Electrodomesticos y muebles,1,179.8525
2025-03-01,2025,3,Cundinamarca,9,Articulos y utensilios domesticos,0,179.9568
2025-03-01,2025,3,Cundinamarca,10,Aseo del hogar,0,171.7334
2025-03-01,2025,3,Cundinamarca,11,Informatica y telecomunicaciones,0,305.1520
2025-03-01,2025,3,Cundinamarca,12,Sonido y video,0,169.1676
2025-03-01,2025,3,Cundinamarca,14,"Ferreteria, vidrios y pinturas",0,129.4809
2025-03-01,2025,3,Cundinamarca,15,Otras mercancias de uso domestico,0,150.8050
2025-03-01,2025,3,Santander,4,Prendas de vestir y textiles,0,82.7487
2025-03-01,2025,3,Santander,8,Electrodomesticos y muebles,1,141.2799
2025-03-01,2025,3,Santander,9,Articulos y utensilios domesticos,0,132.5503
2025-03-01,2025,3,Santander,10,Aseo del hogar,0,132.8364
2025-03-01,2025,3,Santander,11,Informatica y telecomunicaciones,0,242.8998
2025-03-01,2025,3,Santander,12,Sonido y video,0,132.0439
2025-03-01,2025,3,Santander,14,"Ferreteria, vidrios y pinturas",0,103.0002
2025-03-01,2025,3,Santander,15,Otras mercancias de uso domestico,0,124.1959
2025-03-01,2025,3,Valle del Cauca,4,Prendas de vestir y textiles,0,71.7832
2025-03-01,2025,3,Valle del Cauca,8,Electrodomesticos y muebles,1,121.2513
2025-03-01,2025,3,Valle del Cauca,9,Articulos y utensilios domesticos,0,120.7252
2025-03-01,2025,3,Valle del Cauca,10,Aseo del hogar,0,113.3503
2025-03-01,2025,3,Valle del Cauca,11,Informatica y telecomunicaciones,0,198.1012
2025-03-01,2025,3,Valle del Cauca,12,Sonido y video,0,117.6628
2025-03-01,2025,3,Valle del Cauca,14,"Ferreteria, vidrios y pinturas",0,90.2213
2025-03-01,2025,3,Valle del Cauca,15,Otras mercancias de uso domestico,0,103.3798
2025-03-01,2025,3,Otros departamentos,4,Prendas de vestir y textiles,0,91.1101
2025-03-01,2025,3,Otros departamentos,8,Electrodomesticos y muebles,1,146.0417
2025-03-01,2025,3,Otros departamentos,9,Articulos y utensilios domesticos,0,149.3066
2025-03-01,2025,3,Otros departamentos,10,Aseo del hogar,0,142.3923
2025-03-01,2025,3,Otros departamentos,11,Informatica y telecomunicaciones,0,254.6993
2025-03-01,2025,3,Otros departamentos,12,Sonido y video,0,143.6805
2025-03-01,2025,3,Otros departamentos,14,"Ferreteria, vidrios y pinturas",0,107.7506
2025-03-01,2025,3,Otros departamentos,15,Otras mercancias de uso domestico,0,127.5655
2025-04-01,2025,4,Antioquia,4,Prendas de vestir y textiles,0,86.5838
2025-04-01,2025,4,Antioquia,8,Electrodomesticos y muebles,1,127.8942
2025-04-01,2025,4,Antioquia,9,Articulos y utensilios domesticos,0,141.2324
2025-04-01,2025,4,Antioquia,10,Aseo del hogar,0,142.6419
2025-04-01,2025,4,Antioquia,11,Informatica y telecomunicaciones,0,247.8966
2025-04-01,2025,4,Antioquia,12,Sonido y video,0,133.3913
2025-04-01,2025,4,Antioquia,14,"Ferreteria, vidrios y pinturas",0,106.6991
2025-04-01,2025,4,Antioquia,15,Otras mercancias de uso domestico,0,123.7333
2025-04-01,2025,4,Atlantico,4,Prendas de vestir y textiles,0,67.1160
2025-04-01,2025,4,Atlantico,8,Electrodomesticos y muebles,1,100.1476
2025-04-01,2025,4,Atlantico,9,Articulos y utensilios domesticos,0,104.1723
2025-04-01,2025,4,Atlantico,10,Aseo del hogar,0,101.7220
2025-04-01,2025,4,Atlantico,11,Informatica y telecomunicaciones,0,186.1251
2025-04-01,2025,4,Atlantico,12,Sonido y video,0,105.2091
2025-04-01,2025,4,Atlantico,14,"Ferreteria, vidrios y pinturas",0,81.3596
2025-04-01,2025,4,Atlantico,15,Otras mercancias de uso domestico,0,95.9929
2025-04-01,2025,4,Bogota,4,Prendas de vestir y textiles,0,88.0108
2025-04-01,2025,4,Bogota,8,Electrodomesticos y muebles,1,135.2304
2025-04-01,2025,4,Bogota,9,Articulos y utensilios domesticos,0,143.2557
2025-04-01,2025,4,Bogota,10,Aseo del hogar,0,134.7702
2025-04-01,2025,4,Bogota,11,Informatica y telecomunicaciones,0,253.4587
2025-04-01,2025,4,Bogota,12,Sonido y video,0,139.9100
2025-04-01,2025,4,Bogota,14,"Ferreteria, vidrios y pinturas",0,112.9187
2025-04-01,2025,4,Bogota,15,Otras mercancias de uso domestico,0,120.6484
2025-04-01,2025,4,Cundinamarca,4,Prendas de vestir y textiles,0,97.5392
2025-04-01,2025,4,Cundinamarca,8,Electrodomesticos y muebles,1,154.9689
2025-04-01,2025,4,Cundinamarca,9,Articulos y utensilios domesticos,0,160.0798
2025-04-01,2025,4,Cundinamarca,10,Aseo del hogar,0,158.6699
2025-04-01,2025,4,Cundinamarca,11,Informatica y telecomunicaciones,0,274.9252
2025-04-01,2025,4,Cundinamarca,12,Sonido y video,0,158.4171
2025-04-01,2025,4,Cundinamarca,14,"Ferreteria, vidrios y pinturas",0,121.7735
2025-04-01,2025,4,Cundinamarca,15,Otras mercancias de uso domestico,0,139.7590
2025-04-01,2025,4,Santander,4,Prendas de vestir y textiles,0,78.6640
2025-04-01,2025,4,Santander,8,Electrodomesticos y muebles,1,127.8061
2025-04-01,2025,4,Santander,9,Articulos y utensilios domesticos,0,126.7018
2025-04-01,2025,4,Santander,10,Aseo del hogar,0,124.8890
2025-04-01,2025,4,Santander,11,Informatica y telecomunicaciones,0,228.1193
2025-04-01,2025,4,Santander,12,Sonido y video,0,126.7251
2025-04-01,2025,4,Santander,14,"Ferreteria, vidrios y pinturas",0,97.6437
2025-04-01,2025,4,Santander,15,Otras mercancias de uso domestico,0,116.5971
2025-04-01,2025,4,Valle del Cauca,4,Prendas de vestir y textiles,0,67.4548
2025-04-01,2025,4,Valle del Cauca,8,Electrodomesticos y muebles,1,103.3767
2025-04-01,2025,4,Valle del Cauca,9,Articulos y utensilios domesticos,0,106.1672
2025-04-01,2025,4,Valle del Cauca,10,Aseo del hogar,0,102.1366
2025-04-01,2025,4,Valle del Cauca,11,Informatica y telecomunicaciones,0,185.5870
2025-04-01,2025,4,Valle del Cauca,12,Sonido y video,0,108.2537
2025-04-01,2025,4,Valle del Cauca,14,"Ferreteria, vidrios y pinturas",0,83.2829
2025-04-01,2025,4,Valle del Cauca,15,Otras mercancias de uso domestico,0,95.7851
2025-04-01,2025,4,Otros departamentos,4,Prendas de vestir y textiles,0,87.6987
2025-04-01,2025,4,Otros departamentos,8,Electrodomesticos y muebles,1,136.5862
2025-04-01,2025,4,Otros departamentos,9,Articulos y utensilios domesticos,0,139.0639
2025-04-01,2025,4,Otros departamentos,10,Aseo del hogar,0,134.0487
2025-04-01,2025,4,Otros departamentos,11,Informatica y telecomunicaciones,0,246.7571
2025-04-01,2025,4,Otros departamentos,12,Sonido y video,0,135.0059
2025-04-01,2025,4,Otros departamentos,14,"Ferreteria, vidrios y pinturas",0,103.8155
2025-04-01,2025,4,Otros departamentos,15,Otras mercancias de uso domestico,0,124.6933
2025-05-01,2025,5,Antioquia,4,Prendas de vestir y textiles,0,99.0869
2025-05-01,2025,5,Antioquia,8,Electrodomesticos y muebles,1,145.5998
2025-05-01,2025,5,Antioquia,9,Articulos y utensilios domesticos,0,148.7565
2025-05-01,2025,5,Antioquia,10,Aseo del hogar,0,146.9193
2025-05-01,2025,5,Antioquia,11,Informatica y telecomunicaciones,0,275.4279
2025-05-01,2025,5,Antioquia,12,Sonido y video,0,155.2726
2025-05-01,2025,5,Antioquia,14,"Ferreteria, vidrios y pinturas",0,108.6270
2025-05-01,2025,5,Antioquia,15,Otras mercancias de uso domestico,0,131.3491
2025-05-01,2025,5,Atlantico,4,Prendas de vestir y textiles,0,81.6036
2025-05-01,2025,5,Atlantico,8,Electrodomesticos y muebles,1,115.6112
2025-05-01,2025,5,Atlantico,9,Articulos y utensilios domesticos,0,112.6579
2025-05-01,2025,5,Atlantico,10,Aseo del hogar,0,114.4399
2025-05-01,2025,5,Atlantico,11,Informatica y telecomunicaciones,0,221.8181
2025-05-01,2025,5,Atlantico,12,Sonido y video,0,124.4070
2025-05-01,2025,5,Atlantico,14,"Ferreteria, vidrios y pinturas",0,85.9700
2025-05-01,2025,5,Atlantico,15,Otras mercancias de uso domestico,0,103.1276
2025-05-01,2025,5,Bogota,4,Prendas de vestir y textiles,0,106.8648
2025-05-01,2025,5,Bogota,8,Electrodomesticos y muebles,1,157.2126
2025-05-01,2025,5,Bogota,9,Articulos y utensilios domesticos,0,152.1115
2025-05-01,2025,5,Bogota,10,Aseo del hogar,0,146.5243
2025-05-01,2025,5,Bogota,11,Informatica y telecomunicaciones,0,290.2887
2025-05-01,2025,5,Bogota,12,Sonido y video,0,161.3732
2025-05-01,2025,5,Bogota,14,"Ferreteria, vidrios y pinturas",0,116.1609
2025-05-01,2025,5,Bogota,15,Otras mercancias de uso domestico,0,129.6887
2025-05-01,2025,5,Cundinamarca,4,Prendas de vestir y textiles,0,118.2143
2025-05-01,2025,5,Cundinamarca,8,Electrodomesticos y muebles,1,162.7555
2025-05-01,2025,5,Cundinamarca,9,Articulos y utensilios domesticos,0,167.4594
2025-05-01,2025,5,Cundinamarca,10,Aseo del hogar,0,165.1660
2025-05-01,2025,5,Cundinamarca,11,Informatica y telecomunicaciones,0,306.0862
2025-05-01,2025,5,Cundinamarca,12,Sonido y video,0,183.4981
2025-05-01,2025,5,Cundinamarca,14,"Ferreteria, vidrios y pinturas",0,123.7095
2025-05-01,2025,5,Cundinamarca,15,Otras mercancias de uso domestico,0,145.5982
2025-05-01,2025,5,Santander,4,Prendas de vestir y textiles,0,94.7340
2025-05-01,2025,5,Santander,8,Electrodomesticos y muebles,1,142.0399
2025-05-01,2025,5,Santander,9,Articulos y utensilios domesticos,0,133.3317
2025-05-01,2025,5,Santander,10,Aseo del hogar,0,131.3394
2025-05-01,2025,5,Santander,11,Informatica y telecomunicaciones,0,253.8743
2025-05-01,2025,5,Santander,12,Sonido y video,0,148.9987
2025-05-01,2025,5,Santander,14,"Ferreteria, vidrios y pinturas",0,102.5440
2025-05-01,2025,5,Santander,15,Otras mercancias de uso domestico,0,124.2715
2025-05-01,2025,5,Valle del Cauca,4,Prendas de vestir y textiles,0,80.8839
2025-05-01,2025,5,Valle del Cauca,8,Electrodomesticos y muebles,1,115.3452
2025-05-01,2025,5,Valle del Cauca,9,Articulos y utensilios domesticos,0,116.3885
2025-05-01,2025,5,Valle del Cauca,10,Aseo del hogar,0,111.6716
2025-05-01,2025,5,Valle del Cauca,11,Informatica y telecomunicaciones,0,211.8895
2025-05-01,2025,5,Valle del Cauca,12,Sonido y video,0,126.8144
2025-05-01,2025,5,Valle del Cauca,14,"Ferreteria, vidrios y pinturas",0,86.3462
2025-05-01,2025,5,Valle del Cauca,15,Otras mercancias de uso domestico,0,101.9050
2025-05-01,2025,5,Otros departamentos,4,Prendas de vestir y textiles,0,104.9588
2025-05-01,2025,5,Otros departamentos,8,Electrodomesticos y muebles,1,152.0742
2025-05-01,2025,5,Otros departamentos,9,Articulos y utensilios domesticos,0,147.6632
2025-05-01,2025,5,Otros departamentos,10,Aseo del hogar,0,150.4924
2025-05-01,2025,5,Otros departamentos,11,Informatica y telecomunicaciones,0,280.9577
2025-05-01,2025,5,Otros departamentos,12,Sonido y video,0,151.1661
2025-05-01,2025,5,Otros departamentos,14,"Ferreteria, vidrios y pinturas",0,110.6202
2025-05-01,2025,5,Otros departamentos,15,Otras mercancias de uso domestico,0,133.1064
2025-06-01,2025,6,Antioquia,4,Prendas de vestir y textiles,0,113.3494
2025-06-01,2025,6,Antioquia,8,Electrodomesticos y muebles,1,151.2319
2025-06-01,2025,6,Antioquia,9,Articulos y utensilios domesticos,0,152.4291
2025-06-01,2025,6,Antioquia,10,Aseo del hogar,0,147.1063
2025-06-01,2025,6,Antioquia,11,Informatica y telecomunicaciones,0,265.6128
2025-06-01,2025,6,Antioquia,12,Sonido y video,0,169.9661
2025-06-01,2025,6,Antioquia,14,"Ferreteria, vidrios y pinturas",0,101.9170
2025-06-01,2025,6,Antioquia,15,Otras mercancias de uso domestico,0,130.7060
2025-06-01,2025,6,Atlantico,4,Prendas de vestir y textiles,0,90.8124
2025-06-01,2025,6,Atlantico,8,Electrodomesticos y muebles,1,119.7072
2025-06-01,2025,6,Atlantico,9,Articulos y utensilios domesticos,0,114.8239
2025-06-01,2025,6,Atlantico,10,Aseo del hogar,0,115.6890
2025-06-01,2025,6,Atlantico,11,Informatica y telecomunicaciones,0,207.3407
2025-06-01,2025,6,Atlantico,12,Sonido y video,0,135.7973
2025-06-01,2025,6,Atlantico,14,"Ferreteria, vidrios y pinturas",0,83.3155
2025-06-01,2025,6,Atlantico,15,Otras mercancias de uso domestico,0,98.8825
2025-06-01,2025,6,Bogota,4,Prendas de vestir y textiles,0,123.1129
2025-06-01,2025,6,Bogota,8,Electrodomesticos y muebles,1,157.8223
2025-06-01,2025,6,Bogota,9,Articulos y utensilios domesticos,0,163.8281
2025-06-01,2025,6,Bogota,10,Aseo del hogar,0,148.4428
2025-06-01,2025,6,Bogota,11,Informatica y telecomunicaciones,0,286.3187
2025-06-01,2025,6,Bogota,12,Sonido y video,0,183.5757
2025-06-01,2025,6,Bogota,14,"Ferreteria, vidrios y pinturas",0,111.9084
2025-06-01,2025,6,Bogota,15,Otras mercancias de uso domestico,0,125.4798
2025-06-01,2025,6,Cundinamarca,4,Prendas de vestir y textiles,0,133.9631
2025-06-01,2025,6,Cundinamarca,8,Electrodomesticos y muebles,1,169.6326
2025-06-01,2025,6,Cundinamarca,9,Articulos y utensilios domesticos,0,173.8407
2025-06-01,2025,6,Cundinamarca,10,Aseo del hogar,0,166.9506
2025-06-01,2025,6,Cundinamarca,11,Informatica y telecomunicaciones,0,287.8374
2025-06-01,2025,6,Cundinamarca,12,Sonido y video,0,204.7710
2025-06-01,2025,6,Cundinamarca,14,"Ferreteria, vidrios y pinturas",0,118.5686
2025-06-01,2025,6,Cundinamarca,15,Otras mercancias de uso domestico,0,139.5003
2025-06-01,2025,6,Santander,4,Prendas de vestir y textiles,0,107.1469
2025-06-01,2025,6,Santander,8,Electrodomesticos y muebles,1,146.3650
2025-06-01,2025,6,Santander,9,Articulos y utensilios domesticos,0,138.0363
2025-06-01,2025,6,Santander,10,Aseo del hogar,0,130.1902
2025-06-01,2025,6,Santander,11,Informatica y telecomunicaciones,0,247.1991
2025-06-01,2025,6,Santander,12,Sonido y video,0,165.3679
2025-06-01,2025,6,Santander,14,"Ferreteria, vidrios y pinturas",0,97.6990
2025-06-01,2025,6,Santander,15,Otras mercancias de uso domestico,0,115.9676
2025-06-01,2025,6,Valle del Cauca,4,Prendas de vestir y textiles,0,92.5741
2025-06-01,2025,6,Valle del Cauca,8,Electrodomesticos y muebles,1,117.9526
2025-06-01,2025,6,Valle del Cauca,9,Articulos y utensilios domesticos,0,119.3538
2025-06-01,2025,6,Valle del Cauca,10,Aseo del hogar,0,113.7485
2025-06-01,2025,6,Valle del Cauca,11,Informatica y telecomunicaciones,0,209.9718
2025-06-01,2025,6,Valle del Cauca,12,Sonido y video,0,139.1555
2025-06-01,2025,6,Valle del Cauca,14,"Ferreteria, vidrios y pinturas",0,82.5182
2025-06-01,2025,6,Valle del Cauca,15,Otras mercancias de uso domestico,0,101.7125
2025-06-01,2025,6,Otros departamentos,4,Prendas de vestir y textiles,0,114.8328
2025-06-01,2025,6,Otros departamentos,8,Electrodomesticos y muebles,1,151.3995
2025-06-01,2025,6,Otros departamentos,9,Articulos y utensilios domesticos,0,146.9853
2025-06-01,2025,6,Otros departamentos,10,Aseo del hogar,0,144.0828
2025-06-01,2025,6,Otros departamentos,11,Informatica y telecomunicaciones,0,250.3076
2025-06-01,2025,6,Otros departamentos,12,Sonido y video,0,166.8684
2025-06-01,2025,6,Otros departamentos,14,"Ferreteria, vidrios y pinturas",0,102.6084
2025-06-01,2025,6,Otros departamentos,15,Otras mercancias de uso domestico,0,121.8990
2025-07-01,2025,7,Antioquia,4,Prendas de vestir y textiles,0,104.3996
2025-07-01,2025,7,Antioquia,8,Electrodomesticos y muebles,1,170.5224
2025-07-01,2025,7,Antioquia,9,Articulos y utensilios domesticos,0,154.4662
2025-07-01,2025,7,Antioquia,10,Aseo del hogar,0,145.6486
2025-07-01,2025,7,Antioquia,11,Informatica y telecomunicaciones,0,279.6727
2025-07-01,2025,7,Antioquia,12,Sonido y video,0,183.0731
2025-07-01,2025,7,Antioquia,14,"Ferreteria, vidrios y pinturas",0,123.0511
2025-07-01,2025,7,Antioquia,15,Otras mercancias de uso domestico,0,128.2255
2025-07-01,2025,7,Atlantico,4,Prendas de vestir y textiles,0,82.9942
2025-07-01,2025,7,Atlantico,8,Electrodomesticos y muebles,1,135.6785
2025-07-01,2025,7,Atlantico,9,Articulos y utensilios domesticos,0,123.0866
2025-07-01,2025,7,Atlantico,10,Aseo del hogar,0,115.6851
2025-07-01,2025,7,Atlantico,11,Informatica y telecomunicaciones,0,235.0710
2025-07-01,2025,7,Atlantico,12,Sonido y video,0,145.1049
2025-07-01,2025,7,Atlantico,14,"Ferreteria, vidrios y pinturas",0,100.5694
2025-07-01,2025,7,Atlantico,15,Otras mercancias de uso domestico,0,103.1441
2025-07-01,2025,7,Bogota,4,Prendas de vestir y textiles,0,110.2956
2025-07-01,2025,7,Bogota,8,Electrodomesticos y muebles,1,170.4095
2025-07-01,2025,7,Bogota,9,Articulos y utensilios domesticos,0,163.2361
2025-07-01,2025,7,Bogota,10,Aseo del hogar,0,148.0347
2025-07-01,2025,7,Bogota,11,Informatica y telecomunicaciones,0,287.8346
2025-07-01,2025,7,Bogota,12,Sonido y video,0,189.6007
2025-07-01,2025,7,Bogota,14,"Ferreteria, vidrios y pinturas",0,127.6421
2025-07-01,2025,7,Bogota,15,Otras mercancias de uso domestico,0,131.1911
2025-07-01,2025,7,Cundinamarca,4,Prendas de vestir y textiles,0,114.9167
2025-07-01,2025,7,Cundinamarca,8,Electrodomesticos y muebles,1,179.8186
2025-07-01,2025,7,Cundinamarca,9,Articulos y utensilios domesticos,0,170.0110
2025-07-01,2025,7,Cundinamarca,10,Aseo del hogar,0,160.9838
2025-07-01,2025,7,Cundinamarca,11,Informatica y telecomunicaciones,0,302.4176
2025-07-01,2025,7,Cundinamarca,12,Sonido y video,0,199.6619
2025-07-01,2025,7,Cundinamarca,14,"Ferreteria, vidrios y pinturas",0,132.1454
2025-07-01,2025,7,Cundinamarca,15,Otras mercancias de uso domestico,0,136.8077
2025-07-01,2025,7,Santander,4,Prendas de vestir y textiles,0,101.5625
2025-07-01,2025,7,Santander,8,Electrodomesticos y muebles,1,164.8119
2025-07-01,2025,7,Santander,9,Articulos y utensilios domesticos,0,148.2891
2025-07-01,2025,7,Santander,10,Aseo del hogar,0,140.7360
2025-07-01,2025,7,Santander,11,Informatica y telecomunicaciones,0,273.7373
2025-07-01,2025,7,Santander,12,Sonido y video,0,179.5042
2025-07-01,2025,7,Santander,14,"Ferreteria, vidrios y pinturas",0,117.8591
2025-07-01,2025,7,Santander,15,Otras mercancias de uso domestico,0,124.7059
2025-07-01,2025,7,Valle del Cauca,4,Prendas de vestir y textiles,0,86.8517
2025-07-01,2025,7,Valle del Cauca,8,Electrodomesticos y muebles,1,132.5494
2025-07-01,2025,7,Valle del Cauca,9,Articulos y utensilios domesticos,0,131.2478
2025-07-01,2025,7,Valle del Cauca,10,Aseo del hogar,0,117.9570
2025-07-01,2025,7,Valle del Cauca,11,Informatica y telecomunicaciones,0,234.8274
2025-07-01,2025,7,Valle del Cauca,12,Sonido y video,0,146.2989
2025-07-01,2025,7,Valle del Cauca,14,"Ferreteria, vidrios y pinturas",0,100.0245
2025-07-01,2025,7,Valle del Cauca,15,Otras mercancias de uso domestico,0,105.7239
2025-07-01,2025,7,Otros departamentos,4,Prendas de vestir y textiles,0,109.2290
2025-07-01,2025,7,Otros departamentos,8,Electrodomesticos y muebles,1,172.1185
2025-07-01,2025,7,Otros departamentos,9,Articulos y utensilios domesticos,0,158.2777
2025-07-01,2025,7,Otros departamentos,10,Aseo del hogar,0,150.7093
2025-07-01,2025,7,Otros departamentos,11,Informatica y telecomunicaciones,0,284.3314
2025-07-01,2025,7,Otros departamentos,12,Sonido y video,0,180.9460
2025-07-01,2025,7,Otros departamentos,14,"Ferreteria, vidrios y pinturas",0,120.9462
2025-07-01,2025,7,Otros departamentos,15,Otras mercancias de uso domestico,0,127.9316
2025-08-01,2025,8,Antioquia,4,Prendas de vestir y textiles,0,95.7112
2025-08-01,2025,8,Antioquia,8,Electrodomesticos y muebles,1,175.1969
2025-08-01,2025,8,Antioquia,9,Articulos y utensilios domesticos,0,157.0964
2025-08-01,2025,8,Antioquia,10,Aseo del hogar,0,144.2192
2025-08-01,2025,8,Antioquia,11,Informatica y telecomunicaciones,0,332.4620
2025-08-01,2025,8,Antioquia,12,Sonido y video,0,187.1877
2025-08-01,2025,8,Antioquia,14,"Ferreteria, vidrios y pinturas",0,114.6682
2025-08-01,2025,8,Antioquia,15,Otras mercancias de uso domestico,0,124.7131
2025-08-01,2025,8,Atlantico,4,Prendas de vestir y textiles,0,78.9875
2025-08-01,2025,8,Atlantico,8,Electrodomesticos y muebles,1,140.3690
2025-08-01,2025,8,Atlantico,9,Articulos y utensilios domesticos,0,130.2569
2025-08-01,2025,8,Atlantico,10,Aseo del hogar,0,120.3083
2025-08-01,2025,8,Atlantico,11,Informatica y telecomunicaciones,0,275.7911
2025-08-01,2025,8,Atlantico,12,Sonido y video,0,156.1402
2025-08-01,2025,8,Atlantico,14,"Ferreteria, vidrios y pinturas",0,91.8892
2025-08-01,2025,8,Atlantico,15,Otras mercancias de uso domestico,0,102.2692
2025-08-01,2025,8,Bogota,4,Prendas de vestir y textiles,0,106.7962
2025-08-01,2025,8,Bogota,8,Electrodomesticos y muebles,1,176.7210
2025-08-01,2025,8,Bogota,9,Articulos y utensilios domesticos,0,171.0404
2025-08-01,2025,8,Bogota,10,Aseo del hogar,0,154.8164
2025-08-01,2025,8,Bogota,11,Informatica y telecomunicaciones,0,359.1203
2025-08-01,2025,8,Bogota,12,Sonido y video,0,203.3699
2025-08-01,2025,8,Bogota,14,"Ferreteria, vidrios y pinturas",0,124.8223
2025-08-01,2025,8,Bogota,15,Otras mercancias de uso domestico,0,137.2441
2025-08-01,2025,8,Cundinamarca,4,Prendas de vestir y textiles,0,113.2189
2025-08-01,2025,8,Cundinamarca,8,Electrodomesticos y muebles,1,192.1273
2025-08-01,2025,8,Cundinamarca,9,Articulos y utensilios domesticos,0,176.1427
2025-08-01,2025,8,Cundinamarca,10,Aseo del hogar,0,167.6080
2025-08-01,2025,8,Cundinamarca,11,Informatica y telecomunicaciones,0,367.5583
2025-08-01,2025,8,Cundinamarca,12,Sonido y video,0,218.4355
2025-08-01,2025,8,Cundinamarca,14,"Ferreteria, vidrios y pinturas",0,129.9362
2025-08-01,2025,8,Cundinamarca,15,Otras mercancias de uso domestico,0,148.8310
2025-08-01,2025,8,Santander,4,Prendas de vestir y textiles,0,96.3413
2025-08-01,2025,8,Santander,8,Electrodomesticos y muebles,1,171.8339
2025-08-01,2025,8,Santander,9,Articulos y utensilios domesticos,0,154.0705
2025-08-01,2025,8,Santander,10,Aseo del hogar,0,147.4324
2025-08-01,2025,8,Santander,11,Informatica y telecomunicaciones,0,336.8918
2025-08-01,2025,8,Santander,12,Sonido y video,0,192.5454
2025-08-01,2025,8,Santander,14,"Ferreteria, vidrios y pinturas",0,115.7449
2025-08-01,2025,8,Santander,15,Otras mercancias de uso domestico,0,126.8380
2025-08-01,2025,8,Valle del Cauca,4,Prendas de vestir y textiles,0,83.6131
2025-08-01,2025,8,Valle del Cauca,8,Electrodomesticos y muebles,1,141.9079
2025-08-01,2025,8,Valle del Cauca,9,Articulos y utensilios domesticos,0,134.2418
2025-08-01,2025,8,Valle del Cauca,10,Aseo del hogar,0,122.1753
2025-08-01,2025,8,Valle del Cauca,11,Informatica y telecomunicaciones,0,294.9925
2025-08-01,2025,8,Valle del Cauca,12,Sonido y video,0,156.3105
2025-08-01,2025,8,Valle del Cauca,14,"Ferreteria, vidrios y pinturas",0,96.2345
2025-08-01,2025,8,Valle del Cauca,15,Otras mercancias de uso domestico,0,106.5018
2025-08-01,2025,8,Otros departamentos,4,Prendas de vestir y textiles,0,103.2945
2025-08-01,2025,8,Otros departamentos,8,Electrodomesticos y muebles,1,177.4225
2025-08-01,2025,8,Otros departamentos,9,Articulos y utensilios domesticos,0,157.9669
2025-08-01,2025,8,Otros departamentos,10,Aseo del hogar,0,152.4387
2025-08-01,2025,8,Otros departamentos,11,Informatica y telecomunicaciones,0,339.7009
2025-08-01,2025,8,Otros departamentos,12,Sonido y video,0,189.6583
2025-08-01,2025,8,Otros departamentos,14,"Ferreteria, vidrios y pinturas",0,115.4868
2025-08-01,2025,8,Otros departamentos,15,Otras mercancias de uso domestico,0,129.2616
2025-09-01,2025,9,Antioquia,4,Prendas de vestir y textiles,0,94.4262
2025-09-01,2025,9,Antioquia,8,Electrodomesticos y muebles,1,147.8013
2025-09-01,2025,9,Antioquia,9,Articulos y utensilios domesticos,0,146.4133
2025-09-01,2025,9,Antioquia,10,Aseo del hogar,0,133.5033
2025-09-01,2025,9,Antioquia,11,Informatica y telecomunicaciones,0,272.0042
2025-09-01,2025,9,Antioquia,12,Sonido y video,0,156.8697
2025-09-01,2025,9,Antioquia,14,"Ferreteria, vidrios y pinturas",0,121.5698
2025-09-01,2025,9,Antioquia,15,Otras mercancias de uso domestico,0,122.4438
2025-09-01,2025,9,Atlantico,4,Prendas de vestir y textiles,0,79.1527
2025-09-01,2025,9,Atlantico,8,Electrodomesticos y muebles,1,120.7631
2025-09-01,2025,9,Atlantico,9,Articulos y utensilios domesticos,0,125.2955
2025-09-01,2025,9,Atlantico,10,Aseo del hogar,0,110.2368
2025-09-01,2025,9,Atlantico,11,Informatica y telecomunicaciones,0,225.0619
2025-09-01,2025,9,Atlantico,12,Sonido y video,0,131.2018
2025-09-01,2025,9,Atlantico,14,"Ferreteria, vidrios y pinturas",0,97.6203
2025-09-01,2025,9,Atlantico,15,Otras mercancias de uso domestico,0,101.3766
2025-09-01,2025,9,Bogota,4,Prendas de vestir y textiles,0,109.8374
2025-09-01,2025,9,Bogota,8,Electrodomesticos y muebles,1,158.1963
2025-09-01,2025,9,Bogota,9,Articulos y utensilios domesticos,0,169.1770
2025-09-01,2025,9,Bogota,10,Aseo del hogar,0,151.6437
2025-09-01,2025,9,Bogota,11,Informatica y telecomunicaciones,0,306.0903
2025-09-01,2025,9,Bogota,12,Sonido y video,0,186.6673
2025-09-01,2025,9,Bogota,14,"Ferreteria, vidrios y pinturas",0,134.2781
2025-09-01,2025,9,Bogota,15,Otras mercancias de uso domestico,0,147.1121
2025-09-01,2025,9,Cundinamarca,4,Prendas de vestir y textiles,0,106.3981
2025-09-01,2025,9,Cundinamarca,8,Electrodomesticos y muebles,1,165.7959
2025-09-01,2025,9,Cundinamarca,9,Articulos y utensilios domesticos,0,162.9485
2025-09-01,2025,9,Cundinamarca,10,Aseo del hogar,0,148.0792
2025-09-01,2025,9,Cundinamarca,11,Informatica y telecomunicaciones,0,294.0226
2025-09-01,2025,9,Cundinamarca,12,Sonido y video,0,181.4956
2025-09-01,2025,9,Cundinamarca,14,"Ferreteria, vidrios y pinturas",0,131.2935
2025-09-01,2025,9,Cundinamarca,15,Otras mercancias de uso domestico,0,142.7466
2025-09-01,2025,9,Santander,4,Prendas de vestir y textiles,0,91.5790
2025-09-01,2025,9,Santander,8,Electrodomesticos y muebles,1,137.2045
2025-09-01,2025,9,Santander,9,Articulos y utensilios domesticos,0,136.7110
2025-09-01,2025,9,Santander,10,Aseo del hogar,0,129.9945
2025-09-01,2025,9,Santander,11,Informatica y telecomunicaciones,0,263.5653
2025-09-01,2025,9,Santander,12,Sonido y video,0,152.7177
2025-09-01,2025,9,Santander,14,"Ferreteria, vidrios y pinturas",0,112.4957
2025-09-01,2025,9,Santander,15,Otras mercancias de uso domestico,0,116.2004
2025-09-01,2025,9,Valle del Cauca,4,Prendas de vestir y textiles,0,76.7202
2025-09-01,2025,9,Valle del Cauca,8,Electrodomesticos y muebles,1,117.7981
2025-09-01,2025,9,Valle del Cauca,9,Articulos y utensilios domesticos,0,118.7213
2025-09-01,2025,9,Valle del Cauca,10,Aseo del hogar,0,108.4085
2025-09-01,2025,9,Valle del Cauca,11,Informatica y telecomunicaciones,0,231.2578
2025-09-01,2025,9,Valle del Cauca,12,Sonido y video,0,125.4983
2025-09-01,2025,9,Valle del Cauca,14,"Ferreteria, vidrios y pinturas",0,95.4150
2025-09-01,2025,9,Valle del Cauca,15,Otras mercancias de uso domestico,0,102.1604
2025-09-01,2025,9,Otros departamentos,4,Prendas de vestir y textiles,0,95.8244
2025-09-01,2025,9,Otros departamentos,8,Electrodomesticos y muebles,1,150.0073
2025-09-01,2025,9,Otros departamentos,9,Articulos y utensilios domesticos,0,145.6282
2025-09-01,2025,9,Otros departamentos,10,Aseo del hogar,0,135.9139
2025-09-01,2025,9,Otros departamentos,11,Informatica y telecomunicaciones,0,278.7096
2025-09-01,2025,9,Otros departamentos,12,Sonido y video,0,153.4268
2025-09-01,2025,9,Otros departamentos,14,"Ferreteria, vidrios y pinturas",0,116.8861
2025-09-01,2025,9,Otros departamentos,15,Otras mercancias de uso domestico,0,125.8991
2025-10-01,2025,10,Antioquia,4,Prendas de vestir y textiles,0,101.2777
2025-10-01,2025,10,Antioquia,8,Electrodomesticos y muebles,1,148.5974
2025-10-01,2025,10,Antioquia,9,Articulos y utensilios domesticos,0,162.9707
2025-10-01,2025,10,Antioquia,10,Aseo del hogar,0,138.9644
2025-10-01,2025,10,Antioquia,11,Informatica y telecomunicaciones,0,281.6985
2025-10-01,2025,10,Antioquia,12,Sonido y video,0,169.1972
2025-10-01,2025,10,Antioquia,14,"Ferreteria, vidrios y pinturas",0,124.6350
2025-10-01,2025,10,Antioquia,15,Otras mercancias de uso domestico,0,134.1149
2025-10-01,2025,10,Atlantico,4,Prendas de vestir y textiles,0,84.7869
2025-10-01,2025,10,Atlantico,8,Electrodomesticos y muebles,1,119.1063
2025-10-01,2025,10,Atlantico,9,Articulos y utensilios domesticos,0,131.5238
2025-10-01,2025,10,Atlantico,10,Aseo del hogar,0,113.5936
2025-10-01,2025,10,Atlantico,11,Informatica y telecomunicaciones,0,225.1809
2025-10-01,2025,10,Atlantico,12,Sonido y video,0,135.7569
2025-10-01,2025,10,Atlantico,14,"Ferreteria, vidrios y pinturas",0,103.9367
2025-10-01,2025,10,Atlantico,15,Otras mercancias de uso domestico,0,109.3451
2025-10-01,2025,10,Bogota,4,Prendas de vestir y textiles,0,114.3509
2025-10-01,2025,10,Bogota,8,Electrodomesticos y muebles,1,159.1778
2025-10-01,2025,10,Bogota,9,Articulos y utensilios domesticos,0,191.2455
2025-10-01,2025,10,Bogota,10,Aseo del hogar,0,156.4395
2025-10-01,2025,10,Bogota,11,Informatica y telecomunicaciones,0,307.2261
2025-10-01,2025,10,Bogota,12,Sonido y video,0,193.5493
2025-10-01,2025,10,Bogota,14,"Ferreteria, vidrios y pinturas",0,141.8020
2025-10-01,2025,10,Bogota,15,Otras mercancias de uso domestico,0,153.1255
2025-10-01,2025,10,Cundinamarca,4,Prendas de vestir y textiles,0,114.8913
2025-10-01,2025,10,Cundinamarca,8,Electrodomesticos y muebles,1,161.2855
2025-10-01,2025,10,Cundinamarca,9,Articulos y utensilios domesticos,0,183.1180
2025-10-01,2025,10,Cundinamarca,10,Aseo del hogar,0,150.0939
2025-10-01,2025,10,Cundinamarca,11,Informatica y telecomunicaciones,0,301.3264
2025-10-01,2025,10,Cundinamarca,12,Sonido y video,0,189.7384
2025-10-01,2025,10,Cundinamarca,14,"Ferreteria, vidrios y pinturas",0,131.8405
2025-10-01,2025,10,Cundinamarca,15,Otras mercancias de uso domestico,0,154.2597
2025-10-01,2025,10,Santander,4,Prendas de vestir y textiles,0,101.0518
2025-10-01,2025,10,Santander,8,Electrodomesticos y muebles,1,141.1970
2025-10-01,2025,10,Santander,9,Articulos y utensilios domesticos,0,157.5472
2025-10-01,2025,10,Santander,10,Aseo del hogar,0,137.6470
2025-10-01,2025,10,Santander,11,Informatica y telecomunicaciones,0,270.7549
2025-10-01,2025,10,Santander,12,Sonido y video,0,165.4792
2025-10-01,2025,10,Santander,14,"Ferreteria, vidrios y pinturas",0,123.5235
2025-10-01,2025,10,Santander,15,Otras mercancias de uso domestico,0,131.6037
2025-10-01,2025,10,Valle del Cauca,4,Prendas de vestir y textiles,0,84.3036
2025-10-01,2025,10,Valle del Cauca,8,Electrodomesticos y muebles,1,116.9987
2025-10-01,2025,10,Valle del Cauca,9,Articulos y utensilios domesticos,0,136.8294
2025-10-01,2025,10,Valle del Cauca,10,Aseo del hogar,0,115.7344
2025-10-01,2025,10,Valle del Cauca,11,Informatica y telecomunicaciones,0,235.5157
2025-10-01,2025,10,Valle del Cauca,12,Sonido y video,0,140.6871
2025-10-01,2025,10,Valle del Cauca,14,"Ferreteria, vidrios y pinturas",0,104.8937
2025-10-01,2025,10,Valle del Cauca,15,Otras mercancias de uso domestico,0,117.5654
2025-10-01,2025,10,Otros departamentos,4,Prendas de vestir y textiles,0,102.3316
2025-10-01,2025,10,Otros departamentos,8,Electrodomesticos y muebles,1,149.0712
2025-10-01,2025,10,Otros departamentos,9,Articulos y utensilios domesticos,0,165.3009
2025-10-01,2025,10,Otros departamentos,10,Aseo del hogar,0,141.1123
2025-10-01,2025,10,Otros departamentos,11,Informatica y telecomunicaciones,0,271.1960
2025-10-01,2025,10,Otros departamentos,12,Sonido y video,0,163.6422
2025-10-01,2025,10,Otros departamentos,14,"Ferreteria, vidrios y pinturas",0,126.0478
2025-10-01,2025,10,Otros departamentos,15,Otras mercancias de uso domestico,0,140.7832
2025-11-01,2025,11,Antioquia,4,Prendas de vestir y textiles,0,132.3246
2025-11-01,2025,11,Antioquia,8,Electrodomesticos y muebles,1,187.2966
2025-11-01,2025,11,Antioquia,9,Articulos y utensilios domesticos,0,192.7890
2025-11-01,2025,11,Antioquia,10,Aseo del hogar,0,140.9932
2025-11-01,2025,11,Antioquia,11,Informatica y telecomunicaciones,0,363.0257
2025-11-01,2025,11,Antioquia,12,Sonido y video,0,261.3402
2025-11-01,2025,11,Antioquia,14,"Ferreteria, vidrios y pinturas",0,125.5829
2025-11-01,2025,11,Antioquia,15,Otras mercancias de uso domestico,0,160.6273
2025-11-01,2025,11,Atlantico,4,Prendas de vestir y textiles,0,113.9301
2025-11-01,2025,11,Atlantico,8,Electrodomesticos y muebles,1,156.6900
2025-11-01,2025,11,Atlantico,9,Articulos y utensilios domesticos,0,159.0007
2025-11-01,2025,11,Atlantico,10,Aseo del hogar,0,118.1196
2025-11-01,2025,11,Atlantico,11,Informatica y telecomunicaciones,0,302.7594
2025-11-01,2025,11,Atlantico,12,Sonido y video,0,217.1034
2025-11-01,2025,11,Atlantico,14,"Ferreteria, vidrios y pinturas",0,103.2453
2025-11-01,2025,11,Atlantico,15,Otras mercancias de uso domestico,0,133.7538
2025-11-01,2025,11,Bogota,4,Prendas de vestir y textiles,0,156.4063
2025-11-01,2025,11,Bogota,8,Electrodomesticos y muebles,1,218.8029
2025-11-01,2025,11,Bogota,9,Articulos y utensilios domesticos,0,235.9161
2025-11-01,2025,11,Bogota,10,Aseo del hogar,0,173.1536
2025-11-01,2025,11,Bogota,11,Informatica y telecomunicaciones,0,429.2128
2025-11-01,2025,11,Bogota,12,Sonido y video,0,313.2500
2025-11-01,2025,11,Bogota,14,"Ferreteria, vidrios y pinturas",0,148.2839
2025-11-01,2025,11,Bogota,15,Otras mercancias de uso domestico,0,194.6802
2025-11-01,2025,11,Cundinamarca,4,Prendas de vestir y textiles,0,143.8000
2025-11-01,2025,11,Cundinamarca,8,Electrodomesticos y muebles,1,205.7839
2025-11-01,2025,11,Cundinamarca,9,Articulos y utensilios domesticos,0,225.7553
2025-11-01,2025,11,Cundinamarca,10,Aseo del hogar,0,155.5278
2025-11-01,2025,11,Cundinamarca,11,Informatica y telecomunicaciones,0,395.1552
2025-11-01,2025,11,Cundinamarca,12,Sonido y video,0,294.4026
2025-11-01,2025,11,Cundinamarca,14,"Ferreteria, vidrios y pinturas",0,134.9913
2025-11-01,2025,11,Cundinamarca,15,Otras mercancias de uso domestico,0,181.7576
2025-11-01,2025,11,Santander,4,Prendas de vestir y textiles,0,131.8611
2025-11-01,2025,11,Santander,8,Electrodomesticos y muebles,1,178.6060
2025-11-01,2025,11,Santander,9,Articulos y utensilios domesticos,0,179.9679
2025-11-01,2025,11,Santander,10,Aseo del hogar,0,136.1736
2025-11-01,2025,11,Santander,11,Informatica y telecomunicaciones,0,342.9284
2025-11-01,2025,11,Santander,12,Sonido y video,0,245.4056
2025-11-01,2025,11,Santander,14,"Ferreteria, vidrios y pinturas",0,115.9065
2025-11-01,2025,11,Santander,15,Otras mercancias de uso domestico,0,146.1591
2025-11-01,2025,11,Valle del Cauca,4,Prendas de vestir y textiles,0,109.9408
2025-11-01,2025,11,Valle del Cauca,8,Electrodomesticos y muebles,1,151.1117
2025-11-01,2025,11,Valle del Cauca,9,Articulos y utensilios domesticos,0,162.8006
2025-11-01,2025,11,Valle del Cauca,10,Aseo del hogar,0,115.4461
2025-11-01,2025,11,Valle del Cauca,11,Informatica y telecomunicaciones,0,294.5436
2025-11-01,2025,11,Valle del Cauca,12,Sonido y video,0,216.1673
2025-11-01,2025,11,Valle del Cauca,14,"Ferreteria, vidrios y pinturas",0,104.1670
2025-11-01,2025,11,Valle del Cauca,15,Otras mercancias de uso domestico,0,134.7019
2025-11-01,2025,11,Otros departamentos,4,Prendas de vestir y textiles,0,134.3712
2025-11-01,2025,11,Otros departamentos,8,Electrodomesticos y muebles,1,184.5896
2025-11-01,2025,11,Otros departamentos,9,Articulos y utensilios domesticos,0,192.6279
2025-11-01,2025,11,Otros departamentos,10,Aseo del hogar,0,138.7088
2025-11-01,2025,11,Otros departamentos,11,Informatica y telecomunicaciones,0,352.6298
2025-11-01,2025,11,Otros departamentos,12,Sonido y video,0,248.5905
2025-11-01,2025,11,Otros departamentos,14,"Ferreteria, vidrios y pinturas",0,122.5556
2025-11-01,2025,11,Otros departamentos,15,Otras mercancias de uso domestico,0,156.7069
2025-12-01,2025,12,Antioquia,4,Prendas de vestir y textiles,0,272.1025
2025-12-01,2025,12,Antioquia,8,Electrodomesticos y muebles,1,172.8466
2025-12-01,2025,12,Antioquia,9,Articulos y utensilios domesticos,0,225.5357
2025-12-01,2025,12,Antioquia,10,Aseo del hogar,0,155.8386
2025-12-01,2025,12,Antioquia,11,Informatica y telecomunicaciones,0,431.3730
2025-12-01,2025,12,Antioquia,12,Sonido y video,0,251.5985
2025-12-01,2025,12,Antioquia,14,"Ferreteria, vidrios y pinturas",0,122.0386
2025-12-01,2025,12,Antioquia,15,Otras mercancias de uso domestico,0,209.6779
2025-12-01,2025,12,Atlantico,4,Prendas de vestir y textiles,0,226.9558
2025-12-01,2025,12,Atlantico,8,Electrodomesticos y muebles,1,144.7836
2025-12-01,2025,12,Atlantico,9,Articulos y utensilios domesticos,0,187.3589
2025-12-01,2025,12,Atlantico,10,Aseo del hogar,0,126.0407
2025-12-01,2025,12,Atlantico,11,Informatica y telecomunicaciones,0,347.3179
2025-12-01,2025,12,Atlantico,12,Sonido y video,0,209.1347
2025-12-01,2025,12,Atlantico,14,"Ferreteria, vidrios y pinturas",0,101.3468
2025-12-01,2025,12,Atlantico,15,Otras mercancias de uso domestico,0,172.5919
2025-12-01,2025,12,Bogota,4,Prendas de vestir y textiles,0,308.0622
2025-12-01,2025,12,Bogota,8,Electrodomesticos y muebles,1,190.5348
2025-12-01,2025,12,Bogota,9,Articulos y utensilios domesticos,0,260.2864
2025-12-01,2025,12,Bogota,10,Aseo del hogar,0,173.3213
2025-12-01,2025,12,Bogota,11,Informatica y telecomunicaciones,0,481.2898
2025-12-01,2025,12,Bogota,12,Sonido y video,0,275.1486
2025-12-01,2025,12,Bogota,14,"Ferreteria, vidrios y pinturas",0,127.3485
2025-12-01,2025,12,Bogota,15,Otras mercancias de uso domestico,0,230.7491
2025-12-01,2025,12,Cundinamarca,4,Prendas de vestir y textiles,0,330.9958
2025-12-01,2025,12,Cundinamarca,8,Electrodomesticos y muebles,1,211.6438
2025-12-01,2025,12,Cundinamarca,9,Articulos y utensilios domesticos,0,290.7692
2025-12-01,2025,12,Cundinamarca,10,Aseo del hogar,0,191.0947
2025-12-01,2025,12,Cundinamarca,11,Informatica y telecomunicaciones,0,521.6288
2025-12-01,2025,12,Cundinamarca,12,Sonido y video,0,317.0558
2025-12-01,2025,12,Cundinamarca,14,"Ferreteria, vidrios y pinturas",0,144.0470
2025-12-01,2025,12,Cundinamarca,15,Otras mercancias de uso domestico,0,255.5342
2025-12-01,2025,12,Santander,4,Prendas de vestir y textiles,0,267.3331
2025-12-01,2025,12,Santander,8,Electrodomesticos y muebles,1,162.4888
2025-12-01,2025,12,Santander,9,Articulos y utensilios domesticos,0,209.2746
2025-12-01,2025,12,Santander,10,Aseo del hogar,0,143.0875
2025-12-01,2025,12,Santander,11,Informatica y telecomunicaciones,0,394.2177
2025-12-01,2025,12,Santander,12,Sonido y video,0,232.1145
2025-12-01,2025,12,Santander,14,"Ferreteria, vidrios y pinturas",0,109.3645
2025-12-01,2025,12,Santander,15,Otras mercancias de uso domestico,0,186.3430
2025-12-01,2025,12,Valle del Cauca,4,Prendas de vestir y textiles,0,212.5049
2025-12-01,2025,12,Valle del Cauca,8,Electrodomesticos y muebles,1,132.6493
2025-12-01,2025,12,Valle del Cauca,9,Articulos y utensilios domesticos,0,184.8753
2025-12-01,2025,12,Valle del Cauca,10,Aseo del hogar,0,120.0023
2025-12-01,2025,12,Valle del Cauca,11,Informatica y telecomunicaciones,0,333.2114
2025-12-01,2025,12,Valle del Cauca,12,Sonido y video,0,196.1869
2025-12-01,2025,12,Valle del Cauca,14,"Ferreteria, vidrios y pinturas",0,95.3645
2025-12-01,2025,12,Valle del Cauca,15,Otras mercancias de uso domestico,0,166.8162
2025-12-01,2025,12,Otros departamentos,4,Prendas de vestir y textiles,0,289.0423
2025-12-01,2025,12,Otros departamentos,8,Electrodomesticos y muebles,1,179.1806
2025-12-01,2025,12,Otros departamentos,9,Articulos y utensilios domesticos,0,242.9375
2025-12-01,2025,12,Otros departamentos,10,Aseo del hogar,0,158.4952
2025-12-01,2025,12,Otros departamentos,11,Informatica y telecomunicaciones,0,444.8973
2025-12-01,2025,12,Otros departamentos,12,Sonido y video,0,254.5770
2025-12-01,2025,12,Otros departamentos,14,"Ferreteria, vidrios y pinturas",0,121.6094
2025-12-01,2025,12,Otros departamentos,15,Otras mercancias de uso domestico,0,216.7682
2026-01-01,2026,1,Antioquia,4,Prendas de vestir y textiles,0,97.1210
2026-01-01,2026,1,Antioquia,8,Electrodomesticos y muebles,1,175.9266
2026-01-01,2026,1,Antioquia,9,Articulos y utensilios domesticos,0,174.3287
2026-01-01,2026,1,Antioquia,10,Aseo del hogar,0,152.3981
2026-01-01,2026,1,Antioquia,11,Informatica y telecomunicaciones,0,316.2249
2026-01-01,2026,1,Antioquia,12,Sonido y video,0,175.6946
2026-01-01,2026,1,Antioquia,14,"Ferreteria, vidrios y pinturas",0,113.0635
2026-01-01,2026,1,Antioquia,15,Otras mercancias de uso domestico,0,129.3051
2026-01-01,2026,1,Atlantico,4,Prendas de vestir y textiles,0,79.4694
2026-01-01,2026,1,Atlantico,8,Electrodomesticos y muebles,1,140.1284
2026-01-01,2026,1,Atlantico,9,Articulos y utensilios domesticos,0,139.1708
2026-01-01,2026,1,Atlantico,10,Aseo del hogar,0,125.5934
2026-01-01,2026,1,Atlantico,11,Informatica y telecomunicaciones,0,258.6154
2026-01-01,2026,1,Atlantico,12,Sonido y video,0,140.5271
2026-01-01,2026,1,Atlantico,14,"Ferreteria, vidrios y pinturas",0,91.5032
2026-01-01,2026,1,Atlantico,15,Otras mercancias de uso domestico,0,105.5266
2026-01-01,2026,1,Bogota,4,Prendas de vestir y textiles,0,96.8919
2026-01-01,2026,1,Bogota,8,Electrodomesticos y muebles,1,178.3084
2026-01-01,2026,1,Bogota,9,Articulos y utensilios domesticos,0,184.5749
2026-01-01,2026,1,Bogota,10,Aseo del hogar,0,158.9934
2026-01-01,2026,1,Bogota,11,Informatica y telecomunicaciones,0,336.2019
2026-01-01,2026,1,Bogota,12,Sonido y video,0,183.1629
2026-01-01,2026,1,Bogota,14,"Ferreteria, vidrios y pinturas",0,112.1946
2026-01-01,2026,1,Bogota,15,Otras mercancias de uso domestico,0,133.0042
2026-01-01,2026,1,Cundinamarca,4,Prendas de vestir y textiles,0,115.5275
2026-01-01,2026,1,Cundinamarca,8,Electrodomesticos y muebles,1,208.4163
2026-01-01,2026,1,Cundinamarca,9,Articulos y utensilios domesticos,0,214.1172
2026-01-01,2026,1,Cundinamarca,10,Aseo del hogar,0,183.4930
2026-01-01,2026,1,Cundinamarca,11,Informatica y telecomunicaciones,0,396.0826
2026-01-01,2026,1,Cundinamarca,12,Sonido y video,0,205.4528
2026-01-01,2026,1,Cundinamarca,14,"Ferreteria, vidrios y pinturas",0,131.2097
2026-01-01,2026,1,Cundinamarca,15,Otras mercancias de uso domestico,0,156.3602
2026-01-01,2026,1,Santander,4,Prendas de vestir y textiles,0,91.2918
2026-01-01,2026,1,Santander,8,Electrodomesticos y muebles,1,165.8357
2026-01-01,2026,1,Santander,9,Articulos y utensilios domesticos,0,163.2229
2026-01-01,2026,1,Santander,10,Aseo del hogar,0,141.5860
2026-01-01,2026,1,Santander,11,Informatica y telecomunicaciones,0,294.0662
2026-01-01,2026,1,Santander,12,Sonido y video,0,161.1897
2026-01-01,2026,1,Santander,14,"Ferreteria, vidrios y pinturas",0,102.1534
2026-01-01,2026,1,Santander,15,Otras mercancias de uso domestico,0,118.1460
2026-01-01,2026,1,Valle del Cauca,4,Prendas de vestir y textiles,0,74.5106
2026-01-01,2026,1,Valle del Cauca,8,Electrodomesticos y muebles,1,134.8292
2026-01-01,2026,1,Valle del Cauca,9,Articulos y utensilios domesticos,0,140.4548
2026-01-01,2026,1,Valle del Cauca,10,Aseo del hogar,0,115.9929
2026-01-01,2026,1,Valle del Cauca,11,Informatica y telecomunicaciones,0,243.6076
2026-01-01,2026,1,Valle del Cauca,12,Sonido y video,0,131.7108
2026-01-01,2026,1,Valle del Cauca,14,"Ferreteria, vidrios y pinturas",0,88.6713
2026-01-01,2026,1,Valle del Cauca,15,Otras mercancias de uso domestico,0,103.1178
2026-01-01,2026,1,Otros departamentos,4,Prendas de vestir y textiles,0,98.1762
2026-01-01,2026,1,Otros departamentos,8,Electrodomesticos y muebles,1,170.3190
2026-01-01,2026,1,Otros departamentos,9,Articulos y utensilios domesticos,0,182.2596
2026-01-01,2026,1,Otros departamentos,10,Aseo del hogar,0,149.9893
2026-01-01,2026,1,Otros departamentos,11,Informatica y telecomunicaciones,0,320.1100
2026-01-01,2026,1,Otros departamentos,12,Sonido y video,0,173.9453
2026-01-01,2026,1,Otros departamentos,14,"Ferreteria, vidrios y pinturas",0,107.9114
2026-01-01,2026,1,Otros departamentos,15,Otras mercancias de uso domestico,0,129.0825
2026-02-01,2026,2,Antioquia,4,Prendas de vestir y textiles,0,80.3221
2026-02-01,2026,2,Antioquia,8,Electrodomesticos y muebles,1,169.2053
2026-02-01,2026,2,Antioquia,9,Articulos y utensilios domesticos,0,163.0808
2026-02-01,2026,2,Antioquia,10,Aseo del hogar,0,144.6113
2026-02-01,2026,2,Antioquia,11,Informatica y telecomunicaciones,0,326.0791
2026-02-01,2026,2,Antioquia,12,Sonido y video,0,182.5358
2026-02-01,2026,2,Antioquia,14,"Ferreteria, vidrios y pinturas",0,112.6569
2026-02-01,2026,2,Antioquia,15,Otras mercancias de uso domestico,0,121.2682
2026-02-01,2026,2,Atlantico,4,Prendas de vestir y textiles,0,62.3138
2026-02-01,2026,2,Atlantico,8,Electrodomesticos y muebles,1,130.0383
2026-02-01,2026,2,Atlantico,9,Articulos y utensilios domesticos,0,127.8439
2026-02-01,2026,2,Atlantico,10,Aseo del hogar,0,108.1158
2026-02-01,2026,2,Atlantico,11,Informatica y telecomunicaciones,0,253.4232
2026-02-01,2026,2,Atlantico,12,Sonido y video,0,144.1479
2026-02-01,2026,2,Atlantico,14,"Ferreteria, vidrios y pinturas",0,90.2661
2026-02-01,2026,2,Atlantico,15,Otras mercancias de uso domestico,0,95.9558
2026-02-01,2026,2,Bogota,4,Prendas de vestir y textiles,0,80.8673
2026-02-01,2026,2,Bogota,8,Electrodomesticos y muebles,1,163.5660
2026-02-01,2026,2,Bogota,9,Articulos y utensilios domesticos,0,171.9498
2026-02-01,2026,2,Bogota,10,Aseo del hogar,0,148.2533
2026-02-01,2026,2,Bogota,11,Informatica y telecomunicaciones,0,338.2145
2026-02-01,2026,2,Bogota,12,Sonido y video,0,194.4787
2026-02-01,2026,2,Bogota,14,"Ferreteria, vidrios y pinturas",0,115.1910
2026-02-01,2026,2,Bogota,15,Otras mercancias de uso domestico,0,124.9149
2026-02-01,2026,2,Cundinamarca,4,Prendas de vestir y textiles,0,97.1397
2026-02-01,2026,2,Cundinamarca,8,Electrodomesticos y muebles,1,190.5515
2026-02-01,2026,2,Cundinamarca,9,Articulos y utensilios domesticos,0,196.2573
2026-02-01,2026,2,Cundinamarca,10,Aseo del hogar,0,172.0355
2026-02-01,2026,2,Cundinamarca,11,Informatica y telecomunicaciones,0,412.5694
2026-02-01,2026,2,Cundinamarca,12,Sonido y video,0,219.6340
2026-02-01,2026,2,Cundinamarca,14,"Ferreteria, vidrios y pinturas",0,132.9039
2026-02-01,2026,2,Cundinamarca,15,Otras mercancias de uso domestico,0,138.7991
2026-02-01,2026,2,Santander,4,Prendas de vestir y textiles,0,79.6376
2026-02-01,2026,2,Santander,8,Electrodomesticos y muebles,1,158.8770
2026-02-01,2026,2,Santander,9,Articulos y utensilios domesticos,0,162.0509
2026-02-01,2026,2,Santander,10,Aseo del hogar,0,135.6151
2026-02-01,2026,2,Santander,11,Informatica y telecomunicaciones,0,314.0592
2026-02-01,2026,2,Santander,12,Sonido y video,0,178.1482
2026-02-01,2026,2,Santander,14,"Ferreteria, vidrios y pinturas",0,109.0545
2026-02-01,2026,2,Santander,15,Otras mercancias de uso domestico,0,114.4110
2026-02-01,2026,2,Valle del Cauca,4,Prendas de vestir y textiles,0,62.8362
2026-02-01,2026,2,Valle del Cauca,8,Electrodomesticos y muebles,1,127.7915
2026-02-01,2026,2,Valle del Cauca,9,Articulos y utensilios domesticos,0,131.0427
2026-02-01,2026,2,Valle del Cauca,10,Aseo del hogar,0,111.7328
2026-02-01,2026,2,Valle del Cauca,11,Informatica y telecomunicaciones,0,249.6051
2026-02-01,2026,2,Valle del Cauca,12,Sonido y video,0,137.3977
2026-02-01,2026,2,Valle del Cauca,14,"Ferreteria, vidrios y pinturas",0,93.8742
2026-02-01,2026,2,Valle del Cauca,15,Otras mercancias de uso domestico,0,94.7793
2026-02-01,2026,2,Otros departamentos,4,Prendas de vestir y textiles,0,80.4838
2026-02-01,2026,2,Otros departamentos,8,Electrodomesticos y muebles,1,159.5559
2026-02-01,2026,2,Otros departamentos,9,Articulos y utensilios domesticos,0,168.1215
2026-02-01,2026,2,Otros departamentos,10,Aseo del hogar,0,139.7831
2026-02-01,2026,2,Otros departamentos,11,Informatica y telecomunicaciones,0,324.5331
2026-02-01,2026,2,Otros departamentos,12,Sonido y video,0,181.6186
2026-02-01,2026,2,Otros departamentos,14,"Ferreteria, vidrios y pinturas",0,112.4465
2026-02-01,2026,2,Otros departamentos,15,Otras mercancias de uso domestico,0,115.5595
2026-03-01,2026,3,Antioquia,4,Prendas de vestir y textiles,0,96.6092
2026-03-01,2026,3,Antioquia,8,Electrodomesticos y muebles,1,179.9455
2026-03-01,2026,3,Antioquia,9,Articulos y utensilios domesticos,0,178.1794
2026-03-01,2026,3,Antioquia,10,Aseo del hogar,0,151.3471
2026-03-01,2026,3,Antioquia,11,Informatica y telecomunicaciones,0,310.6867
2026-03-01,2026,3,Antioquia,12,Sonido y video,0,194.8929
2026-03-01,2026,3,Antioquia,14,"Ferreteria, vidrios y pinturas",0,128.0254
2026-03-01,2026,3,Antioquia,15,Otras mercancias de uso domestico,0,130.5329
2026-03-01,2026,3,Atlantico,4,Prendas de vestir y textiles,0,78.6308
2026-03-01,2026,3,Atlantico,8,Electrodomesticos y muebles,1,147.0842
2026-03-01,2026,3,Atlantico,9,Articulos y utensilios domesticos,0,146.1406
2026-03-01,2026,3,Atlantico,10,Aseo del hogar,0,124.9058
2026-03-01,2026,3,Atlantico,11,Informatica y telecomunicaciones,0,265.0680
2026-03-01,2026,3,Atlantico,12,Sonido y video,0,160.0805
2026-03-01,2026,3,Atlantico,14,"Ferreteria, vidrios y pinturas",0,103.4495
2026-03-01,2026,3,Atlantico,15,Otras mercancias de uso domestico,0,107.0978
2026-03-01,2026,3,Bogota,4,Prendas de vestir y textiles,0,101.9832
2026-03-01,2026,3,Bogota,8,Electrodomesticos y muebles,1,192.3384
2026-03-01,2026,3,Bogota,9,Articulos y utensilios domesticos,0,195.7839
2026-03-01,2026,3,Bogota,10,Aseo del hogar,0,171.1212
2026-03-01,2026,3,Bogota,11,Informatica y telecomunicaciones,0,341.5788
2026-03-01,2026,3,Bogota,12,Sonido y video,0,221.9636
2026-03-01,2026,3,Bogota,14,"Ferreteria, vidrios y pinturas",0,142.4278
2026-03-01,2026,3,Bogota,15,Otras mercancias de uso domestico,0,148.8295
2026-03-01,2026,3,Cundinamarca,4,Prendas de vestir y textiles,0,116.0195
2026-03-01,2026,3,Cundinamarca,8,Electrodomesticos y muebles,1,209.8448
2026-03-01,2026,3,Cundinamarca,9,Articulos y utensilios domesticos,0,211.9070
2026-03-01,2026,3,Cundinamarca,10,Aseo del hogar,0,185.6207
2026-03-01,2026,3,Cundinamarca,11,Informatica y telecomunicaciones,0,396.5903
2026-03-01,2026,3,Cundinamarca,12,Sonido y video,0,245.7275
2026-03-01,2026,3,Cundinamarca,14,"Ferreteria, vidrios y pinturas",0,154.2283
2026-03-01,2026,3,Cundinamarca,15,Otras mercancias de uso domestico,0,158.8909
2026-03-01,2026,3,Santander,4,Prendas de vestir y textiles,0,87.8924
2026-03-01,2026,3,Santander,8,Electrodomesticos y muebles,1,165.6841
2026-03-01,2026,3,Santander,9,Articulos y utensilios domesticos,0,166.8387
2026-03-01,2026,3,Santander,10,Aseo del hogar,0,141.5054
2026-03-01,2026,3,Santander,11,Informatica y telecomunicaciones,0,301.5238
2026-03-01,2026,3,Santander,12,Sonido y video,0,179.9872
2026-03-01,2026,3,Santander,14,"Ferreteria, vidrios y pinturas",0,116.5043
2026-03-01,2026,3,Santander,15,Otras mercancias de uso domestico,0,123.7088
2026-03-01,2026,3,Valle del Cauca,4,Prendas de vestir y textiles,0,73.0667
2026-03-01,2026,3,Valle del Cauca,8,Electrodomesticos y muebles,1,139.4684
2026-03-01,2026,3,Valle del Cauca,9,Articulos y utensilios domesticos,0,141.9333
2026-03-01,2026,3,Valle del Cauca,10,Aseo del hogar,0,122.1005
2026-03-01,2026,3,Valle del Cauca,11,Informatica y telecomunicaciones,0,240.3232
2026-03-01,2026,3,Valle del Cauca,12,Sonido y video,0,155.0653
2026-03-01,2026,3,Valle del Cauca,14,"Ferreteria, vidrios y pinturas",0,104.7413
2026-03-01,2026,3,Valle del Cauca,15,Otras mercancias de uso domestico,0,105.9339
2026-03-01,2026,3,Otros departamentos,4,Prendas de vestir y textiles,0,94.4496
2026-03-01,2026,3,Otros departamentos,8,Electrodomesticos y muebles,1,177.9263
2026-03-01,2026,3,Otros departamentos,9,Articulos y utensilios domesticos,0,180.8340
2026-03-01,2026,3,Otros departamentos,10,Aseo del hogar,0,153.8741
2026-03-01,2026,3,Otros departamentos,11,Informatica y telecomunicaciones,0,329.6825
2026-03-01,2026,3,Otros departamentos,12,Sonido y video,0,200.7220
2026-03-01,2026,3,Otros departamentos,14,"Ferreteria, vidrios y pinturas",0,125.0604
2026-03-01,2026,3,Otros departamentos,15,Otras mercancias de uso domestico,0,130.9947
2026-04-01,2026,4,Antioquia,4,Prendas de vestir y textiles,0,88.7549
2026-04-01,2026,4,Antioquia,8,Electrodomesticos y muebles,1,157.7960
2026-04-01,2026,4,Antioquia,9,Articulos y utensilios domesticos,0,157.8348
2026-04-01,2026,4,Antioquia,10,Aseo del hogar,0,145.5037
2026-04-01,2026,4,Antioquia,11,Informatica y telecomunicaciones,0,297.2312
2026-04-01,2026,4,Antioquia,12,Sonido y video,0,200.1859
2026-04-01,2026,4,Antioquia,14,"Ferreteria, vidrios y pinturas",0,117.6211
2026-04-01,2026,4,Antioquia,15,Otras mercancias de uso domestico,0,127.3029
2026-04-01,2026,4,Atlantico,4,Prendas de vestir y textiles,0,70.1384
2026-04-01,2026,4,Atlantico,8,Electrodomesticos y muebles,1,126.3455
2026-04-01,2026,4,Atlantico,9,Articulos y utensilios domesticos,0,124.5106
2026-04-01,2026,4,Atlantico,10,Aseo del hogar,0,114.7570
2026-04-01,2026,4,Atlantico,11,Informatica y telecomunicaciones,0,236.6237
2026-04-01,2026,4,Atlantico,12,Sonido y video,0,154.7046
2026-04-01,2026,4,Atlantico,14,"Ferreteria, vidrios y pinturas",0,90.9218
2026-04-01,2026,4,Atlantico,15,Otras mercancias de uso domestico,0,104.1754
2026-04-01,2026,4,Bogota,4,Prendas de vestir y textiles,0,91.4967
2026-04-01,2026,4,Bogota,8,Electrodomesticos y muebles,1,167.0649
2026-04-01,2026,4,Bogota,9,Articulos y utensilios domesticos,0,167.7969
2026-04-01,2026,4,Bogota,10,Aseo del hogar,0,150.8939
2026-04-01,2026,4,Bogota,11,Informatica y telecomunicaciones,0,298.2181
2026-04-01,2026,4,Bogota,12,Sonido y video,0,207.2151
2026-04-01,2026,4,Bogota,14,"Ferreteria, vidrios y pinturas",0,120.1153
2026-04-01,2026,4,Bogota,15,Otras mercancias de uso domestico,0,137.0680
2026-04-01,2026,4,Cundinamarca,4,Prendas de vestir y textiles,0,115.5697
2026-04-01,2026,4,Cundinamarca,8,Electrodomesticos y muebles,1,203.4620
2026-04-01,2026,4,Cundinamarca,9,Articulos y utensilios domesticos,0,202.3165
2026-04-01,2026,4,Cundinamarca,10,Aseo del hogar,0,185.9241
2026-04-01,2026,4,Cundinamarca,11,Informatica y telecomunicaciones,0,370.6861
2026-04-01,2026,4,Cundinamarca,12,Sonido y video,0,257.9760
2026-04-01,2026,4,Cundinamarca,14,"Ferreteria, vidrios y pinturas",0,147.5132
2026-04-01,2026,4,Cundinamarca,15,Otras mercancias de uso domestico,0,165.2923
2026-04-01,2026,4,Santander,4,Prendas de vestir y textiles,0,88.7164
2026-04-01,2026,4,Santander,8,Electrodomesticos y muebles,1,156.2986
2026-04-01,2026,4,Santander,9,Articulos y utensilios domesticos,0,156.3792
2026-04-01,2026,4,Santander,10,Aseo del hogar,0,138.7327
2026-04-01,2026,4,Santander,11,Informatica y telecomunicaciones,0,285.5232
2026-04-01,2026,4,Santander,12,Sonido y video,0,188.9930
2026-04-01,2026,4,Santander,14,"Ferreteria, vidrios y pinturas",0,108.9717
2026-04-01,2026,4,Santander,15,Otras mercancias de uso domestico,0,126.5853
2026-04-01,2026,4,Valle del Cauca,4,Prendas de vestir y textiles,0,69.6435
2026-04-01,2026,4,Valle del Cauca,8,Electrodomesticos y muebles,1,122.4786
2026-04-01,2026,4,Valle del Cauca,9,Articulos y utensilios domesticos,0,128.8498
2026-04-01,2026,4,Valle del Cauca,10,Aseo del hogar,0,116.4963
2026-04-01,2026,4,Valle del Cauca,11,Informatica y telecomunicaciones,0,220.4178
2026-04-01,2026,4,Valle del Cauca,12,Sonido y video,0,155.9850
2026-04-01,2026,4,Valle del Cauca,14,"Ferreteria, vidrios y pinturas",0,93.7762
2026-04-01,2026,4,Valle del Cauca,15,Otras mercancias de uso domestico,0,104.8134
2026-04-01,2026,4,Otros departamentos,4,Prendas de vestir y textiles,0,89.2493
2026-04-01,2026,4,Otros departamentos,8,Electrodomesticos y muebles,1,162.3660
2026-04-01,2026,4,Otros departamentos,9,Articulos y utensilios domesticos,0,162.8720
2026-04-01,2026,4,Otros departamentos,10,Aseo del hogar,0,145.3427
2026-04-01,2026,4,Otros departamentos,11,Informatica y telecomunicaciones,0,297.4877
2026-04-01,2026,4,Otros departamentos,12,Sonido y video,0,206.1338
2026-04-01,2026,4,Otros departamentos,14,"Ferreteria, vidrios y pinturas",0,117.5739
2026-04-01,2026,4,Otros departamentos,15,Otras mercancias de uso domestico,0,130.8861
2026-05-01,2026,5,Antioquia,4,Prendas de vestir y textiles,0,109.8222
2026-05-01,2026,5,Antioquia,8,Electrodomesticos y muebles,1,180.6975
2026-05-01,2026,5,Antioquia,9,Articulos y utensilios domesticos,0,166.8828
2026-05-01,2026,5,Antioquia,10,Aseo del hogar,0,160.1094
2026-05-01,2026,5,Antioquia,11,Informatica y telecomunicaciones,0,325.1240
2026-05-01,2026,5,Antioquia,12,Sonido y video,0,255.3333
2026-05-01,2026,5,Antioquia,14,"Ferreteria, vidrios y pinturas",0,117.1795
2026-05-01,2026,5,Antioquia,15,Otras mercancias de uso domestico,0,138.9291
2026-05-01,2026,5,Atlantico,4,Prendas de vestir y textiles,0,84.3508
2026-05-01,2026,5,Atlantico,8,Electrodomesticos y muebles,1,136.5924
2026-05-01,2026,5,Atlantico,9,Articulos y utensilios domesticos,0,130.6397
2026-05-01,2026,5,Atlantico,10,Aseo del hogar,0,125.2034
2026-05-01,2026,5,Atlantico,11,Informatica y telecomunicaciones,0,250.3349
2026-05-01,2026,5,Atlantico,12,Sonido y video,0,194.0654
2026-05-01,2026,5,Atlantico,14,"Ferreteria, vidrios y pinturas",0,90.7726
2026-05-01,2026,5,Atlantico,15,Otras mercancias de uso domestico,0,110.9899
2026-05-01,2026,5,Bogota,4,Prendas de vestir y textiles,0,110.4570
2026-05-01,2026,5,Bogota,8,Electrodomesticos y muebles,1,192.1769
2026-05-01,2026,5,Bogota,9,Articulos y utensilios domesticos,0,177.5510
2026-05-01,2026,5,Bogota,10,Aseo del hogar,0,169.3479
2026-05-01,2026,5,Bogota,11,Informatica y telecomunicaciones,0,321.2142
2026-05-01,2026,5,Bogota,12,Sonido y video,0,265.6615
2026-05-01,2026,5,Bogota,14,"Ferreteria, vidrios y pinturas",0,123.2938
2026-05-01,2026,5,Bogota,15,Otras mercancias de uso domestico,0,146.8988
2026-05-01,2026,5,Cundinamarca,4,Prendas de vestir y textiles,0,138.0524
2026-05-01,2026,5,Cundinamarca,8,Electrodomesticos y muebles,1,221.1446
2026-05-01,2026,5,Cundinamarca,9,Articulos y utensilios domesticos,0,214.6132
2026-05-01,2026,5,Cundinamarca,10,Aseo del hogar,0,214.0275
2026-05-01,2026,5,Cundinamarca,11,Informatica y telecomunicaciones,0,397.7550
2026-05-01,2026,5,Cundinamarca,12,Sonido y video,0,313.4703
2026-05-01,2026,5,Cundinamarca,14,"Ferreteria, vidrios y pinturas",0,150.0601
2026-05-01,2026,5,Cundinamarca,15,Otras mercancias de uso domestico,0,178.1137
2026-05-01,2026,5,Santander,4,Prendas de vestir y textiles,0,100.3870
2026-05-01,2026,5,Santander,8,Electrodomesticos y muebles,1,168.8815
2026-05-01,2026,5,Santander,9,Articulos y utensilios domesticos,0,155.9979
2026-05-01,2026,5,Santander,10,Aseo del hogar,0,148.2665
2026-05-01,2026,5,Santander,11,Informatica y telecomunicaciones,0,289.1579
2026-05-01,2026,5,Santander,12,Sonido y video,0,231.9346
2026-05-01,2026,5,Santander,14,"Ferreteria, vidrios y pinturas",0,105.8979
2026-05-01,2026,5,Santander,15,Otras mercancias de uso domestico,0,130.1245
2026-05-01,2026,5,Valle del Cauca,4,Prendas de vestir y textiles,0,84.5885
2026-05-01,2026,5,Valle del Cauca,8,Electrodomesticos y muebles,1,140.7539
2026-05-01,2026,5,Valle del Cauca,9,Articulos y utensilios domesticos,0,133.6794
2026-05-01,2026,5,Valle del Cauca,10,Aseo del hogar,0,127.4977
2026-05-01,2026,5,Valle del Cauca,11,Informatica y telecomunicaciones,0,246.3169
2026-05-01,2026,5,Valle del Cauca,12,Sonido y video,0,191.3601
2026-05-01,2026,5,Valle del Cauca,14,"Ferreteria, vidrios y pinturas",0,93.7362
2026-05-01,2026,5,Valle del Cauca,15,Otras mercancias de uso domestico,0,113.4976
2026-05-01,2026,5,Otros departamentos,4,Prendas de vestir y textiles,0,107.8867
2026-05-01,2026,5,Otros departamentos,8,Electrodomesticos y muebles,1,182.4510
2026-05-01,2026,5,Otros departamentos,9,Articulos y utensilios domesticos,0,171.3447
2026-05-01,2026,5,Otros departamentos,10,Aseo del hogar,0,160.5848
2026-05-01,2026,5,Otros departamentos,11,Informatica y telecomunicaciones,0,319.5307
2026-05-01,2026,5,Otros departamentos,12,Sonido y video,0,258.5621
2026-05-01,2026,5,Otros departamentos,14,"Ferreteria, vidrios y pinturas",0,114.7437
2026-05-01,2026,5,Otros departamentos,15,Otras mercancias de uso domestico,0,147.2550
2026-06-01,2026,6,Antioquia,4,Prendas de vestir y textiles,0,112.4594
2026-06-01,2026,6,Antioquia,8,Electrodomesticos y muebles,1,172.9432
2026-06-01,2026,6,Antioquia,9,Articulos y utensilios domesticos,0,159.3082
2026-06-01,2026,6,Antioquia,10,Aseo del hogar,0,149.9013
2026-06-01,2026,6,Antioquia,11,Informatica y telecomunicaciones,0,284.1272
2026-06-01,2026,6,Antioquia,12,Sonido y video,0,326.5548
2026-06-01,2026,6,Antioquia,14,"Ferreteria, vidrios y pinturas",0,118.5465
2026-06-01,2026,6,Antioquia,15,Otras mercancias de uso domestico,0,131.1734
2026-06-01,2026,6,Atlantico,4,Prendas de vestir y textiles,0,91.2993
2026-06-01,2026,6,Atlantico,8,Electrodomesticos y muebles,1,134.7473
2026-06-01,2026,6,Atlantico,9,Articulos y utensilios domesticos,0,129.0800
2026-06-01,2026,6,Atlantico,10,Aseo del hogar,0,122.8712
2026-06-01,2026,6,Atlantico,11,Informatica y telecomunicaciones,0,228.3500
2026-06-01,2026,6,Atlantico,12,Sonido y video,0,259.5912
2026-06-01,2026,6,Atlantico,14,"Ferreteria, vidrios y pinturas",0,97.8796
2026-06-01,2026,6,Atlantico,15,Otras mercancias de uso domestico,0,106.1077
2026-06-01,2026,6,Bogota,4,Prendas de vestir y textiles,0,117.3673
2026-06-01,2026,6,Bogota,8,Electrodomesticos y muebles,1,181.0512
2026-06-01,2026,6,Bogota,9,Articulos y utensilios domesticos,0,165.8360
2026-06-01,2026,6,Bogota,10,Aseo del hogar,0,158.6097
2026-06-01,2026,6,Bogota,11,Informatica y telecomunicaciones,0,291.2539
2026-06-01,2026,6,Bogota,12,Sonido y video,0,328.3460
2026-06-01,2026,6,Bogota,14,"Ferreteria, vidrios y pinturas",0,124.5528
2026-06-01,2026,6,Bogota,15,Otras mercancias de uso domestico,0,139.5191
2026-06-01,2026,6,Cundinamarca,4,Prendas de vestir y textiles,0,152.8648
2026-06-01,2026,6,Cundinamarca,8,Electrodomesticos y muebles,1,228.6068
2026-06-01,2026,6,Cundinamarca,9,Articulos y utensilios domesticos,0,218.7102
2026-06-01,2026,6,Cundinamarca,10,Aseo del hogar,0,204.2009
2026-06-01,2026,6,Cundinamarca,11,Informatica y telecomunicaciones,0,370.7219
2026-06-01,2026,6,Cundinamarca,12,Sonido y video,0,439.2011
2026-06-01,2026,6,Cundinamarca,14,"Ferreteria, vidrios y pinturas",0,166.3373
2026-06-01,2026,6,Cundinamarca,15,Otras mercancias de uso domestico,0,177.6232
2026-06-01,2026,6,Santander,4,Prendas de vestir y textiles,0,105.9406
2026-06-01,2026,6,Santander,8,Electrodomesticos y muebles,1,161.3564
2026-06-01,2026,6,Santander,9,Articulos y utensilios domesticos,0,147.1114
2026-06-01,2026,6,Santander,10,Aseo del hogar,0,142.5512
2026-06-01,2026,6,Santander,11,Informatica y telecomunicaciones,0,259.9981
2026-06-01,2026,6,Santander,12,Sonido y video,0,305.3005
2026-06-01,2026,6,Santander,14,"Ferreteria, vidrios y pinturas",0,112.0818
2026-06-01,2026,6,Santander,15,Otras mercancias de uso domestico,0,122.4501
2026-06-01,2026,6,Valle del Cauca,4,Prendas de vestir y textiles,0,91.9857
2026-06-01,2026,6,Valle del Cauca,8,Electrodomesticos y muebles,1,133.4677
2026-06-01,2026,6,Valle del Cauca,9,Articulos y utensilios domesticos,0,130.1961
2026-06-01,2026,6,Valle del Cauca,10,Aseo del hogar,0,122.2015
2026-06-01,2026,6,Valle del Cauca,11,Informatica y telecomunicaciones,0,231.2408
2026-06-01,2026,6,Valle del Cauca,12,Sonido y video,0,247.5505
2026-06-01,2026,6,Valle del Cauca,14,"Ferreteria, vidrios y pinturas",0,101.9425
2026-06-01,2026,6,Valle del Cauca,15,Otras mercancias de uso domestico,0,110.9273
2026-06-01,2026,6,Otros departamentos,4,Prendas de vestir y textiles,0,118.7140
2026-06-01,2026,6,Otros departamentos,8,Electrodomesticos y muebles,1,176.4334
2026-06-01,2026,6,Otros departamentos,9,Articulos y utensilios domesticos,0,167.0672
2026-06-01,2026,6,Otros departamentos,10,Aseo del hogar,0,149.2387
2026-06-01,2026,6,Otros departamentos,11,Informatica y telecomunicaciones,0,292.9708
2026-06-01,2026,6,Otros departamentos,12,Sonido y video,0,327.7672
2026-06-01,2026,6,Otros departamentos,14,"Ferreteria, vidrios y pinturas",0,119.4606
2026-06-01,2026,6,Otros departamentos,15,Otras mercancias de uso domestico,0,136.4897
2026-07-01,2026,7,Antioquia,4,Prendas de vestir y textiles,0,99.5020
2026-07-01,2026,7,Antioquia,8,Electrodomesticos y muebles,1,177.8925
2026-07-01,2026,7,Antioquia,9,Articulos y utensilios domesticos,0,169.6303
2026-07-01,2026,7,Antioquia,10,Aseo del hogar,0,150.1871
2026-07-01,2026,7,Antioquia,11,Informatica y telecomunicaciones,0,273.8649
2026-07-01,2026,7,Antioquia,12,Sonido y video,0,223.7791
2026-07-01,2026,7,Antioquia,14,"Ferreteria, vidrios y pinturas",0,119.5836
2026-07-01,2026,7,Antioquia,15,Otras mercancias de uso domestico,0,131.5791
2026-07-01,2026,7,Atlantico,4,Prendas de vestir y textiles,0,82.9801
2026-07-01,2026,7,Atlantico,8,Electrodomesticos y muebles,1,149.0932
2026-07-01,2026,7,Atlantico,9,Articulos y utensilios domesticos,0,141.4145
2026-07-01,2026,7,Atlantico,10,Aseo del hogar,0,129.9968
2026-07-01,2026,7,Atlantico,11,Informatica y telecomunicaciones,0,239.0551
2026-07-01,2026,7,Atlantico,12,Sonido y video,0,178.2069
2026-07-01,2026,7,Atlantico,14,"Ferreteria, vidrios y pinturas",0,99.3593
2026-07-01,2026,7,Atlantico,15,Otras mercancias de uso domestico,0,111.3303
2026-07-01,2026,7,Bogota,4,Prendas de vestir y textiles,0,103.6923
2026-07-01,2026,7,Bogota,8,Electrodomesticos y muebles,1,187.8595
2026-07-01,2026,7,Bogota,9,Articulos y utensilios domesticos,0,176.4325
2026-07-01,2026,7,Bogota,10,Aseo del hogar,0,163.2560
2026-07-01,2026,7,Bogota,11,Informatica y telecomunicaciones,0,288.5393
2026-07-01,2026,7,Bogota,12,Sonido y video,0,226.9854
2026-07-01,2026,7,Bogota,14,"Ferreteria, vidrios y pinturas",0,121.9560
2026-07-01,2026,7,Bogota,15,Otras mercancias de uso domestico,0,141.1732
2026-07-01,2026,7,Cundinamarca,4,Prendas de vestir y textiles,0,138.8082
2026-07-01,2026,7,Cundinamarca,8,Electrodomesticos y muebles,1,249.9030
2026-07-01,2026,7,Cundinamarca,9,Articulos y utensilios domesticos,0,229.8423
2026-07-01,2026,7,Cundinamarca,10,Aseo del hogar,0,220.1030
2026-07-01,2026,7,Cundinamarca,11,Informatica y telecomunicaciones,0,383.3720
2026-07-01,2026,7,Cundinamarca,12,Sonido y video,0,310.9362
2026-07-01,2026,7,Cundinamarca,14,"Ferreteria, vidrios y pinturas",0,167.1151
2026-07-01,2026,7,Cundinamarca,15,Otras mercancias de uso domestico,0,186.9897
2026-07-01,2026,7,Santander,4,Prendas de vestir y textiles,0,99.4618
2026-07-01,2026,7,Santander,8,Electrodomesticos y muebles,1,172.9865
2026-07-01,2026,7,Santander,9,Articulos y utensilios domesticos,0,164.7661
2026-07-01,2026,7,Santander,10,Aseo del hogar,0,150.8317
2026-07-01,2026,7,Santander,11,Informatica y telecomunicaciones,0,271.7705
2026-07-01,2026,7,Santander,12,Sonido y video,0,211.5226
2026-07-01,2026,7,Santander,14,"Ferreteria, vidrios y pinturas",0,116.0901
2026-07-01,2026,7,Santander,15,Otras mercancias de uso domestico,0,127.6166
2026-07-01,2026,7,Valle del Cauca,4,Prendas de vestir y textiles,0,81.5300
2026-07-01,2026,7,Valle del Cauca,8,Electrodomesticos y muebles,1,143.4361
2026-07-01,2026,7,Valle del Cauca,9,Articulos y utensilios domesticos,0,140.5160
2026-07-01,2026,7,Valle del Cauca,10,Aseo del hogar,0,127.9831
2026-07-01,2026,7,Valle del Cauca,11,Informatica y telecomunicaciones,0,237.8539
2026-07-01,2026,7,Valle del Cauca,12,Sonido y video,0,177.7874
2026-07-01,2026,7,Valle del Cauca,14,"Ferreteria, vidrios y pinturas",0,99.5445
2026-07-01,2026,7,Valle del Cauca,15,Otras mercancias de uso domestico,0,112.3106
2026-07-01,2026,7,Otros departamentos,4,Prendas de vestir y textiles,0,105.3967
2026-07-01,2026,7,Otros departamentos,8,Electrodomesticos y muebles,1,197.7470
2026-07-01,2026,7,Otros departamentos,9,Articulos y utensilios domesticos,0,182.9401
2026-07-01,2026,7,Otros departamentos,10,Aseo del hogar,0,163.0374
2026-07-01,2026,7,Otros departamentos,11,Informatica y telecomunicaciones,0,296.4156
2026-07-01,2026,7,Otros departamentos,12,Sonido y video,0,230.2240
2026-07-01,2026,7,Otros departamentos,14,"Ferreteria, vidrios y pinturas",0,125.2683
2026-07-01,2026,7,Otros departamentos,15,Otras mercancias de uso domestico,0,143.2136
