fecha,anio,mes,departamento,linea_codigo,linea,es_muebles,indice_ventas_real
2019-01-01,2019,1,Antioquia,4,Prendas de vestir y textiles,0,84.0887
2019-01-01,2019,1,Antioquia,8,Electrodomesticos y muebles,1,102.0791
2019-01-01,2019,1,Antioquia,9,Articulos y utensilios domesticos,0,83.7883
2019-01-01,2019,1,Antioquia,10,Aseo del hogar,0,91.2822
2019-01-01,2019,1,Antioquia,11,Informatica y telecomunicaciones,0,72.4723
2019-01-01,2019,1,Antioquia,12,Sonido y video,0,78.6773
2019-01-01,2019,1,Antioquia,14,"Ferreteria, vidrios y pinturas",0,94.8086
2019-01-01,2019,1,Antioquia,15,Otras mercancias de uso domestico,0,82.5226
2019-01-01,2019,1,Atlantico,4,Prendas de vestir y textiles,0,77.8703
2019-01-01,2019,1,Atlantico,8,Electrodomesticos y muebles,1,81.6690
2019-01-01,2019,1,Atlantico,9,Articulos y utensilios domesticos,0,94.8979
2019-01-01,2019,1,Atlantico,10,Aseo del hogar,0,95.0897
2019-01-01,2019,1,Atlantico,11,Informatica y telecomunicaciones,0,75.3658
2019-01-01,2019,1,Atlantico,12,Sonido y video,0,73.0723
2019-01-01,2019,1,Atlantico,14,"Ferreteria, vidrios y pinturas",0,86.6301
2019-01-01,2019,1,Atlantico,15,Otras mercancias de uso domestico,0,81.6158
2019-01-01,2019,1,Bogota,4,Prendas de vestir y textiles,0,74.3027
2019-01-01,2019,1,Bogota,8,Electrodomesticos y muebles,1,87.3942
2019-01-01,2019,1,Bogota,9,Articulos y utensilios domesticos,0,95.6481
2019-01-01,2019,1,Bogota,10,Aseo del hogar,0,97.2534
2019-01-01,2019,1,Bogota,11,Informatica y telecomunicaciones,0,77.6113
2019-01-01,2019,1,Bogota,12,Sonido y video,0,66.0073
2019-01-01,2019,1,Bogota,14,"Ferreteria, vidrios y pinturas",0,79.8526
2019-01-01,2019,1,Bogota,15,Otras mercancias de uso domestico,0,83.0275
2019-01-01,2019,1,Cundinamarca,4,Prendas de vestir y textiles,0,80.1648
2019-01-01,2019,1,Cundinamarca,8,Electrodomesticos y muebles,1,79.8270
2019-01-01,2019,1,Cundinamarca,9,Articulos y utensilios domesticos,0,88.8676
2019-01-01,2019,1,Cundinamarca,10,Aseo del hogar,0,99.0103
2019-01-01,2019,1,Cundinamarca,11,Informatica y telecomunicaciones,0,75.5232
2019-01-01,2019,1,Cundinamarca,12,Sonido y video,0,79.2152
2019-01-01,2019,1,Cundinamarca,14,"Ferreteria, vidrios y pinturas",0,92.5740
2019-01-01,2019,1,Cundinamarca,15,Otras mercancias de uso domestico,0,93.1495
2019-01-01,2019,1,Santander,4,Prendas de vestir y textiles,0,81.0272
2019-01-01,2019,1,Santander,8,Electrodomesticos y muebles,1,89.0670
2019-01-01,2019,1,Santander,9,Articulos y utensilios domesticos,0,85.5241
2019-01-01,2019,1,Santander,10,Aseo del hogar,0,100.0939
2019-01-01,2019,1,Santander,11,Informatica y telecomunicaciones,0,78.6756
2019-01-01,2019,1,Santander,12,Sonido y video,0,65.1698
2019-01-01,2019,1,Santander,14,"Ferreteria, vidrios y pinturas",0,86.5654
2019-01-01,2019,1,Santander,15,Otras mercancias de uso domestico,0,83.0714
2019-01-01,2019,1,Valle del Cauca,4,Prendas de vestir y textiles,0,83.0436
2019-01-01,2019,1,Valle del Cauca,8,Electrodomesticos y muebles,1,92.7645
2019-01-01,2019,1,Valle del Cauca,9,Articulos y utensilios domesticos,0,88.9207
2019-01-01,2019,1,Valle del Cauca,10,Aseo del hogar,0,104.8124
2019-01-01,2019,1,Valle del Cauca,11,Informatica y telecomunicaciones,0,78.7085
2019-01-01,2019,1,Valle del Cauca,12,Sonido y video,0,59.4953
2019-01-01,2019,1,Valle del Cauca,14,"Ferreteria, vidrios y pinturas",0,88.1302
2019-01-01,2019,1,Valle del Cauca,15,Otras mercancias de uso domestico,0,92.9385
2019-01-01,2019,1,Otros departamentos,4,Prendas de vestir y textiles,0,70.9184
2019-01-01,2019,1,Otros departamentos,8,Electrodomesticos y muebles,1,89.5227
2019-01-01,2019,1,Otros departamentos,9,Articulos y utensilios domesticos,0,102.3338
2019-01-01,2019,1,Otros departamentos,10,Aseo del hogar,0,95.1013
2019-01-01,2019,1,Otros departamentos,11,Informatica y telecomunicaciones,0,78.8448
2019-01-01,2019,1,Otros departamentos,12,Sonido y video,0,65.6491
2019-01-01,2019,1,Otros departamentos,14,"Ferreteria, vidrios y pinturas",0,101.0368
2019-01-01,2019,1,Otros departamentos,15,Otras mercancias de uso domestico,0,84.7249
2019-02-01,2019,2,Antioquia,4,Prendas de vestir y textiles,0,64.1180
2019-02-01,2019,2,Antioquia,8,Electrodomesticos y muebles,1,91.8312
2019-02-01,2019,2,Antioquia,9,Articulos y utensilios domesticos,0,78.6524
2019-02-01,2019,2,Antioquia,10,Aseo del hogar,0,82.5162
2019-02-01,2019,2,Antioquia,11,Informatica y telecomunicaciones,0,79.1833
2019-02-01,2019,2,Antioquia,12,Sonido y video,0,87.1578
2019-02-01,2019,2,Antioquia,14,"Ferreteria, vidrios y pinturas",0,87.4165
2019-02-01,2019,2,Antioquia,15,Otras mercancias de uso domestico,0,68.4969
2019-02-01,2019,2,Atlantico,4,Prendas de vestir y textiles,0,62.8781
2019-02-01,2019,2,Atlantico,8,Electrodomesticos y muebles,1,70.7772
2019-02-01,2019,2,Atlantico,9,Articulos y utensilios domesticos,0,92.3305
2019-02-01,2019,2,Atlantico,10,Aseo del hogar,0,92.6298
2019-02-01,2019,2,Atlantico,11,Informatica y telecomunicaciones,0,82.5146
2019-02-01,2019,2,Atlantico,12,Sonido y video,0,80.5356
2019-02-01,2019,2,Atlantico,14,"Ferreteria, vidrios y pinturas",0,79.6677
2019-02-01,2019,2,Atlantico,15,Otras mercancias de uso domestico,0,74.3897
2019-02-01,2019,2,Bogota,4,Prendas de vestir y textiles,0,65.1608
2019-02-01,2019,2,Bogota,8,Electrodomesticos y muebles,1,91.1006
2019-02-01,2019,2,Bogota,9,Articulos y utensilios domesticos,0,88.6031
2019-02-01,2019,2,Bogota,10,Aseo del hogar,0,92.8474
2019-02-01,2019,2,Bogota,11,Informatica y telecomunicaciones,0,86.5734
2019-02-01,2019,2,Bogota,12,Sonido y video,0,74.9747
2019-02-01,2019,2,Bogota,14,"Ferreteria, vidrios y pinturas",0,95.0155
2019-02-01,2019,2,Bogota,15,Otras mercancias de uso domestico,0,79.4008
2019-02-01,2019,2,Cundinamarca,4,Prendas de vestir y textiles,0,69.8840
2019-02-01,2019,2,Cundinamarca,8,Electrodomesticos y muebles,1,79.3237
2019-02-01,2019,2,Cundinamarca,9,Articulos y utensilios domesticos,0,71.1467
2019-02-01,2019,2,Cundinamarca,10,Aseo del hogar,0,87.5682
2019-02-01,2019,2,Cundinamarca,11,Informatica y telecomunicaciones,0,80.9805
2019-02-01,2019,2,Cundinamarca,12,Sonido y video,0,84.6513
2019-02-01,2019,2,Cundinamarca,14,"Ferreteria, vidrios y pinturas",0,88.8427
2019-02-01,2019,2,Cundinamarca,15,Otras mercancias de uso domestico,0,97.9781
2019-02-01,2019,2,Santander,4,Prendas de vestir y textiles,0,63.0115
2019-02-01,2019,2,Santander,8,Electrodomesticos y muebles,1,85.0210
2019-02-01,2019,2,Santander,9,Articulos y utensilios domesticos,0,84.9959
2019-02-01,2019,2,Santander,10,Aseo del hogar,0,98.0045
2019-02-01,2019,2,Santander,11,Informatica y telecomunicaciones,0,92.8737
2019-02-01,2019,2,Santander,12,Sonido y video,0,76.4212
2019-02-01,2019,2,Santander,14,"Ferreteria, vidrios y pinturas",0,92.2777
2019-02-01,2019,2,Santander,15,Otras mercancias de uso domestico,0,85.2638
2019-02-01,2019,2,Valle del Cauca,4,Prendas de vestir y textiles,0,68.0127
2019-02-01,2019,2,Valle del Cauca,8,Electrodomesticos y muebles,1,87.3018
2019-02-01,2019,2,Valle del Cauca,9,Articulos y utensilios domesticos,0,89.4349
2019-02-01,2019,2,Valle del Cauca,10,Aseo del hogar,0,104.3935
2019-02-01,2019,2,Valle del Cauca,11,Informatica y telecomunicaciones,0,91.1286
2019-02-01,2019,2,Valle del Cauca,12,Sonido y video,0,70.6296
2019-02-01,2019,2,Valle del Cauca,14,"Ferreteria, vidrios y pinturas",0,88.1418
2019-02-01,2019,2,Valle del Cauca,15,Otras mercancias de uso domestico,0,86.0658
2019-02-01,2019,2,Otros departamentos,4,Prendas de vestir y textiles,0,60.8828
2019-02-01,2019,2,Otros departamentos,8,Electrodomesticos y muebles,1,79.6372
2019-02-01,2019,2,Otros departamentos,9,Articulos y utensilios domesticos,0,84.3076
2019-02-01,2019,2,Otros departamentos,10,Aseo del hogar,0,86.4005
2019-02-01,2019,2,Otros departamentos,11,Informatica y telecomunicaciones,0,81.8611
2019-02-01,2019,2,Otros departamentos,12,Sonido y video,0,78.0336
2019-02-01,2019,2,Otros departamentos,14,"Ferreteria, vidrios y pinturas",0,90.0549
2019-02-01,2019,2,Otros departamentos,15,Otras mercancias de uso domestico,0,77.0179
2019-03-01,2019,3,Antioquia,4,Prendas de vestir y textiles,0,76.0217
2019-03-01,2019,3,Antioquia,8,Electrodomesticos y muebles,1,101.1114
2019-03-01,2019,3,Antioquia,9,Articulos y utensilios domesticos,0,101.0278
2019-03-01,2019,3,Antioquia,10,Aseo del hogar,0,102.3815
2019-03-01,2019,3,Antioquia,11,Informatica y telecomunicaciones,0,90.0107
2019-03-01,2019,3,Antioquia,12,Sonido y video,0,100.0719
2019-03-01,2019,3,Antioquia,14,"Ferreteria, vidrios y pinturas",0,98.7865
2019-03-01,2019,3,Antioquia,15,Otras mercancias de uso domestico,0,82.1234
2019-03-01,2019,3,Atlantico,4,Prendas de vestir y textiles,0,67.5107
2019-03-01,2019,3,Atlantico,8,Electrodomesticos y muebles,1,91.5190
2019-03-01,2019,3,Atlantico,9,Articulos y utensilios domesticos,0,105.0676
2019-03-01,2019,3,Atlantico,10,Aseo del hogar,0,99.9898
2019-03-01,2019,3,Atlantico,11,Informatica y telecomunicaciones,0,92.0210
2019-03-01,2019,3,Atlantico,12,Sonido y video,0,80.3973
2019-03-01,2019,3,Atlantico,14,"Ferreteria, vidrios y pinturas",0,89.8144
2019-03-01,2019,3,Atlantico,15,Otras mercancias de uso domestico,0,84.3047
2019-03-01,2019,3,Bogota,4,Prendas de vestir y textiles,0,81.8679
2019-03-01,2019,3,Bogota,8,Electrodomesticos y muebles,1,109.2532
2019-03-01,2019,3,Bogota,9,Articulos y utensilios domesticos,0,105.0139
2019-03-01,2019,3,Bogota,10,Aseo del hogar,0,102.3461
2019-03-01,2019,3,Bogota,11,Informatica y telecomunicaciones,0,98.5476
2019-03-01,2019,3,Bogota,12,Sonido y video,0,90.7682
2019-03-01,2019,3,Bogota,14,"Ferreteria, vidrios y pinturas",0,104.2953
2019-03-01,2019,3,Bogota,15,Otras mercancias de uso domestico,0,84.2462
2019-03-01,2019,3,Cundinamarca,4,Prendas de vestir y textiles,0,78.3044
2019-03-01,2019,3,Cundinamarca,8,Electrodomesticos y muebles,1,110.3748
2019-03-01,2019,3,Cundinamarca,9,Articulos y utensilios domesticos,0,88.6840
2019-03-01,2019,3,Cundinamarca,10,Aseo del hogar,0,99.0603
2019-03-01,2019,3,Cundinamarca,11,Informatica y telecomunicaciones,0,88.3164
2019-03-01,2019,3,Cundinamarca,12,Sonido y video,0,101.2760
2019-03-01,2019,3,Cundinamarca,14,"Ferreteria, vidrios y pinturas",0,91.6092
2019-03-01,2019,3,Cundinamarca,15,Otras mercancias de uso domestico,0,103.4175
2019-03-01,2019,3,Santander,4,Prendas de vestir y textiles,0,76.6808
2019-03-01,2019,3,Santander,8,Electrodomesticos y muebles,1,95.1214
2019-03-01,2019,3,Santander,9,Articulos y utensilios domesticos,0,102.9572
2019-03-01,2019,3,Santander,10,Aseo del hogar,0,108.4179
2019-03-01,2019,3,Santander,11,Informatica y telecomunicaciones,0,103.0220
2019-03-01,2019,3,Santander,12,Sonido y video,0,90.8163
2019-03-01,2019,3,Santander,14,"Ferreteria, vidrios y pinturas",0,112.8805
2019-03-01,2019,3,Santander,15,Otras mercancias de uso domestico,0,98.3095
2019-03-01,2019,3,Valle del Cauca,4,Prendas de vestir y textiles,0,75.8819
2019-03-01,2019,3,Valle del Cauca,8,Electrodomesticos y muebles,1,93.1452
2019-03-01,2019,3,Valle del Cauca,9,Articulos y utensilios domesticos,0,98.3275
2019-03-01,2019,3,Valle del Cauca,10,Aseo del hogar,0,113.3815
2019-03-01,2019,3,Valle del Cauca,11,Informatica y telecomunicaciones,0,102.8489
2019-03-01,2019,3,Valle del Cauca,12,Sonido y video,0,90.8776
2019-03-01,2019,3,Valle del Cauca,14,"Ferreteria, vidrios y pinturas",0,93.1601
2019-03-01,2019,3,Valle del Cauca,15,Otras mercancias de uso domestico,0,84.5557
2019-03-01,2019,3,Otros departamentos,4,Prendas de vestir y textiles,0,71.8132
2019-03-01,2019,3,Otros departamentos,8,Electrodomesticos y muebles,1,86.5574
2019-03-01,2019,3,Otros departamentos,9,Articulos y utensilios domesticos,0,87.9938
2019-03-01,2019,3,Otros departamentos,10,Aseo del hogar,0,94.9187
2019-03-01,2019,3,Otros departamentos,11,Informatica y telecomunicaciones,0,90.4435
2019-03-01,2019,3,Otros departamentos,12,Sonido y video,0,93.6325
2019-03-01,2019,3,Otros departamentos,14,"Ferreteria, vidrios y pinturas",0,93.0671
2019-03-01,2019,3,Otros departamentos,15,Otras mercancias de uso domestico,0,87.6279
2019-04-01,2019,4,Antioquia,4,Prendas de vestir y textiles,0,67.7551
2019-04-01,2019,4,Antioquia,8,Electrodomesticos y muebles,1,86.5389
2019-04-01,2019,4,Antioquia,9,Articulos y utensilios domesticos,0,80.7716
2019-04-01,2019,4,Antioquia,10,Aseo del hogar,0,82.8375
2019-04-01,2019,4,Antioquia,11,Informatica y telecomunicaciones,0,79.7130
2019-04-01,2019,4,Antioquia,12,Sonido y video,0,77.3335
2019-04-01,2019,4,Antioquia,14,"Ferreteria, vidrios y pinturas",0,101.0407
2019-04-01,2019,4,Antioquia,15,Otras mercancias de uso domestico,0,86.2755
2019-04-01,2019,4,Atlantico,4,Prendas de vestir y textiles,0,68.6335
2019-04-01,2019,4,Atlantico,8,Electrodomesticos y muebles,1,90.3225
2019-04-01,2019,4,Atlantico,9,Articulos y utensilios domesticos,0,92.4055
2019-04-01,2019,4,Atlantico,10,Aseo del hogar,0,87.8104
2019-04-01,2019,4,Atlantico,11,Informatica y telecomunicaciones,0,83.1608
2019-04-01,2019,4,Atlantico,12,Sonido y video,0,73.4239
2019-04-01,2019,4,Atlantico,14,"Ferreteria, vidrios y pinturas",0,94.4953
2019-04-01,2019,4,Atlantico,15,Otras mercancias de uso domestico,0,98.0510
2019-04-01,2019,4,Bogota,4,Prendas de vestir y textiles,0,64.2813
2019-04-01,2019,4,Bogota,8,Electrodomesticos y muebles,1,87.1478
2019-04-01,2019,4,Bogota,9,Articulos y utensilios domesticos,0,79.5796
2019-04-01,2019,4,Bogota,10,Aseo del hogar,0,91.1904
2019-04-01,2019,4,Bogota,11,Informatica y telecomunicaciones,0,76.8042
2019-04-01,2019,4,Bogota,12,Sonido y video,0,72.6913
2019-04-01,2019,4,Bogota,14,"Ferreteria, vidrios y pinturas",0,88.1934
2019-04-01,2019,4,Bogota,15,Otras mercancias de uso domestico,0,73.7840
2019-04-01,2019,4,Cundinamarca,4,Prendas de vestir y textiles,0,76.4510
2019-04-01,2019,4,Cundinamarca,8,Electrodomesticos y muebles,1,100.9036
2019-04-01,2019,4,Cundinamarca,9,Articulos y utensilios domesticos,0,83.1516
2019-04-01,2019,4,Cundinamarca,10,Aseo del hogar,0,86.0528
2019-04-01,2019,4,Cundinamarca,11,Informatica y telecomunicaciones,0,76.7434
2019-04-01,2019,4,Cundinamarca,12,Sonido y video,0,92.6983
2019-04-01,2019,4,Cundinamarca,14,"Ferreteria, vidrios y pinturas",0,92.1183
2019-04-01,2019,4,Cundinamarca,15,Otras mercancias de uso domestico,0,100.6455
2019-04-01,2019,4,Santander,4,Prendas de vestir y textiles,0,71.3829
2019-04-01,2019,4,Santander,8,Electrodomesticos y muebles,1,86.5543
2019-04-01,2019,4,Santander,9,Articulos y utensilios domesticos,0,95.1418
2019-04-01,2019,4,Santander,10,Aseo del hogar,0,101.3915
2019-04-01,2019,4,Santander,11,Informatica y telecomunicaciones,0,82.1333
2019-04-01,2019,4,Santander,12,Sonido y video,0,75.1914
2019-04-01,2019,4,Santander,14,"Ferreteria, vidrios y pinturas",0,113.9005
2019-04-01,2019,4,Santander,15,Otras mercancias de uso domestico,0,99.8272
2019-04-01,2019,4,Valle del Cauca,4,Prendas de vestir y textiles,0,76.2799
2019-04-01,2019,4,Valle del Cauca,8,Electrodomesticos y muebles,1,89.8416
2019-04-01,2019,4,Valle del Cauca,9,Articulos y utensilios domesticos,0,85.3791
2019-04-01,2019,4,Valle del Cauca,10,Aseo del hogar,0,94.8851
2019-04-01,2019,4,Valle del Cauca,11,Informatica y telecomunicaciones,0,87.5670
2019-04-01,2019,4,Valle del Cauca,12,Sonido y video,0,77.6492
2019-04-01,2019,4,Valle del Cauca,14,"Ferreteria, vidrios y pinturas",0,86.1641
2019-04-01,2019,4,Valle del Cauca,15,Otras mercancias de uso domestico,0,76.3173
2019-04-01,2019,4,Otros departamentos,4,Prendas de vestir y textiles,0,73.7885
2019-04-01,2019,4,Otros departamentos,8,Electrodomesticos y muebles,1,81.4575
2019-04-01,2019,4,Otros departamentos,9,Articulos y utensilios domesticos,0,83.8016
2019-04-01,2019,4,Otros departamentos,10,Aseo del hogar,0,97.5637
2019-04-01,2019,4,Otros departamentos,11,Informatica y telecomunicaciones,0,83.0236
2019-04-01,2019,4,Otros departamentos,12,Sonido y video,0,86.6306
2019-04-01,2019,4,Otros departamentos,14,"Ferreteria, vidrios y pinturas",0,86.4441
2019-04-01,2019,4,Otros departamentos,15,Otras mercancias de uso domestico,0,88.7106
2019-05-01,2019,5,Antioquia,4,Prendas de vestir y textiles,0,83.6895
2019-05-01,2019,5,Antioquia,8,Electrodomesticos y muebles,1,87.1031
2019-05-01,2019,5,Antioquia,9,Articulos y utensilios domesticos,0,79.8072
2019-05-01,2019,5,Antioquia,10,Aseo del hogar,0,84.4121
2019-05-01,2019,5,Antioquia,11,Informatica y telecomunicaciones,0,90.8671
2019-05-01,2019,5,Antioquia,12,Sonido y video,0,99.1481
2019-05-01,2019,5,Antioquia,14,"Ferreteria, vidrios y pinturas",0,114.5423
2019-05-01,2019,5,Antioquia,15,Otras mercancias de uso domestico,0,87.6214
2019-05-01,2019,5,Atlantico,4,Prendas de vestir y textiles,0,82.1864
2019-05-01,2019,5,Atlantico,8,Electrodomesticos y muebles,1,98.8015
2019-05-01,2019,5,Atlantico,9,Articulos y utensilios domesticos,0,90.2239
2019-05-01,2019,5,Atlantico,10,Aseo del hogar,0,92.1726
2019-05-01,2019,5,Atlantico,11,Informatica y telecomunicaciones,0,93.1454
2019-05-01,2019,5,Atlantico,12,Sonido y video,0,94.8594
2019-05-01,2019,5,Atlantico,14,"Ferreteria, vidrios y pinturas",0,102.8012
2019-05-01,2019,5,Atlantico,15,Otras mercancias de uso domestico,0,91.7975
2019-05-01,2019,5,Bogota,4,Prendas de vestir y textiles,0,83.8869
2019-05-01,2019,5,Bogota,8,Electrodomesticos y muebles,1,103.0317
2019-05-01,2019,5,Bogota,9,Articulos y utensilios domesticos,0,85.9084
2019-05-01,2019,5,Bogota,10,Aseo del hogar,0,102.7248
2019-05-01,2019,5,Bogota,11,Informatica y telecomunicaciones,0,92.2670
2019-05-01,2019,5,Bogota,12,Sonido y video,0,90.7233
2019-05-01,2019,5,Bogota,14,"Ferreteria, vidrios y pinturas",0,97.6266
2019-05-01,2019,5,Bogota,15,Otras mercancias de uso domestico,0,76.7104
2019-05-01,2019,5,Cundinamarca,4,Prendas de vestir y textiles,0,87.1616
2019-05-01,2019,5,Cundinamarca,8,Electrodomesticos y muebles,1,101.3832
2019-05-01,2019,5,Cundinamarca,9,Articulos y utensilios domesticos,0,79.7483
2019-05-01,2019,5,Cundinamarca,10,Aseo del hogar,0,99.2394
2019-05-01,2019,5,Cundinamarca,11,Informatica y telecomunicaciones,0,92.3185
2019-05-01,2019,5,Cundinamarca,12,Sonido y video,0,101.9133
2019-05-01,2019,5,Cundinamarca,14,"Ferreteria, vidrios y pinturas",0,94.8394
2019-05-01,2019,5,Cundinamarca,15,Otras mercancias de uso domestico,0,103.4668
2019-05-01,2019,5,Santander,4,Prendas de vestir y textiles,0,88.2265
2019-05-01,2019,5,Santander,8,Electrodomesticos y muebles,1,91.0363
2019-05-01,2019,5,Santander,9,Articulos y utensilios domesticos,0,91.7570
2019-05-01,2019,5,Santander,10,Aseo del hogar,0,105.3760
2019-05-01,2019,5,Santander,11,Informatica y telecomunicaciones,0,83.3121
2019-05-01,2019,5,Santander,12,Sonido y video,0,89.1444
2019-05-01,2019,5,Santander,14,"Ferreteria, vidrios y pinturas",0,107.8133
2019-05-01,2019,5,Santander,15,Otras mercancias de uso domestico,0,99.8380
2019-05-01,2019,5,Valle del Cauca,4,Prendas de vestir y textiles,0,85.4664
2019-05-01,2019,5,Valle del Cauca,8,Electrodomesticos y muebles,1,99.4504
2019-05-01,2019,5,Valle del Cauca,9,Articulos y utensilios domesticos,0,96.9499
2019-05-01,2019,5,Valle del Cauca,10,Aseo del hogar,0,95.8713
2019-05-01,2019,5,Valle del Cauca,11,Informatica y telecomunicaciones,0,99.2656
2019-05-01,2019,5,Valle del Cauca,12,Sonido y video,0,103.1829
2019-05-01,2019,5,Valle del Cauca,14,"Ferreteria, vidrios y pinturas",0,91.6718
2019-05-01,2019,5,Valle del Cauca,15,Otras mercancias de uso domestico,0,95.9242
2019-05-01,2019,5,Otros departamentos,4,Prendas de vestir y textiles,0,85.3127
2019-05-01,2019,5,Otros departamentos,8,Electrodomesticos y muebles,1,101.7676
2019-05-01,2019,5,Otros departamentos,9,Articulos y utensilios domesticos,0,88.8568
2019-05-01,2019,5,Otros departamentos,10,Aseo del hogar,0,99.9612
2019-05-01,2019,5,Otros departamentos,11,Informatica y telecomunicaciones,0,93.2753
2019-05-01,2019,5,Otros departamentos,12,Sonido y video,0,94.1845
2019-05-01,2019,5,Otros departamentos,14,"Ferreteria, vidrios y pinturas",0,94.1548
2019-05-01,2019,5,Otros departamentos,15,Otras mercancias de uso domestico,0,98.7123
2019-06-01,2019,6,Antioquia,4,Prendas de vestir y textiles,0,97.2448
2019-06-01,2019,6,Antioquia,8,Electrodomesticos y muebles,1,90.0651
2019-06-01,2019,6,Antioquia,9,Articulos y utensilios domesticos,0,86.2655
2019-06-01,2019,6,Antioquia,10,Aseo del hogar,0,96.1237
2019-06-01,2019,6,Antioquia,11,Informatica y telecomunicaciones,0,90.9508
2019-06-01,2019,6,Antioquia,12,Sonido y video,0,105.2031
2019-06-01,2019,6,Antioquia,14,"Ferreteria, vidrios y pinturas",0,103.3985
2019-06-01,2019,6,Antioquia,15,Otras mercancias de uso domestico,0,90.3181
2019-06-01,2019,6,Atlantico,4,Prendas de vestir y textiles,0,104.1488
2019-06-01,2019,6,Atlantico,8,Electrodomesticos y muebles,1,104.7146
2019-06-01,2019,6,Atlantico,9,Articulos y utensilios domesticos,0,87.1966
2019-06-01,2019,6,Atlantico,10,Aseo del hogar,0,93.8059
2019-06-01,2019,6,Atlantico,11,Informatica y telecomunicaciones,0,81.2590
2019-06-01,2019,6,Atlantico,12,Sonido y video,0,104.0559
2019-06-01,2019,6,Atlantico,14,"Ferreteria, vidrios y pinturas",0,109.3088
2019-06-01,2019,6,Atlantico,15,Otras mercancias de uso domestico,0,83.3919
2019-06-01,2019,6,Bogota,4,Prendas de vestir y textiles,0,91.1085
2019-06-01,2019,6,Bogota,8,Electrodomesticos y muebles,1,99.0832
2019-06-01,2019,6,Bogota,9,Articulos y utensilios domesticos,0,95.1155
2019-06-01,2019,6,Bogota,10,Aseo del hogar,0,108.4137
2019-06-01,2019,6,Bogota,11,Informatica y telecomunicaciones,0,89.9010
2019-06-01,2019,6,Bogota,12,Sonido y video,0,113.1981
2019-06-01,2019,6,Bogota,14,"Ferreteria, vidrios y pinturas",0,90.4458
2019-06-01,2019,6,Bogota,15,Otras mercancias de uso domestico,0,89.3156
2019-06-01,2019,6,Cundinamarca,4,Prendas de vestir y textiles,0,97.2340
2019-06-01,2019,6,Cundinamarca,8,Electrodomesticos y muebles,1,103.8095
2019-06-01,2019,6,Cundinamarca,9,Articulos y utensilios domesticos,0,80.5727
2019-06-01,2019,6,Cundinamarca,10,Aseo del hogar,0,99.4516
2019-06-01,2019,6,Cundinamarca,11,Informatica y telecomunicaciones,0,86.2017
2019-06-01,2019,6,Cundinamarca,12,Sonido y video,0,117.5333
2019-06-01,2019,6,Cundinamarca,14,"Ferreteria, vidrios y pinturas",0,87.0292
2019-06-01,2019,6,Cundinamarca,15,Otras mercancias de uso domestico,0,97.1050
2019-06-01,2019,6,Santander,4,Prendas de vestir y textiles,0,91.3706
2019-06-01,2019,6,Santander,8,Electrodomesticos y muebles,1,93.6089
2019-06-01,2019,6,Santander,9,Articulos y utensilios domesticos,0,96.0405
2019-06-01,2019,6,Santander,10,Aseo del hogar,0,107.9089
2019-06-01,2019,6,Santander,11,Informatica y telecomunicaciones,0,75.6199
2019-06-01,2019,6,Santander,12,Sonido y video,0,104.3153
2019-06-01,2019,6,Santander,14,"Ferreteria, vidrios y pinturas",0,107.9826
2019-06-01,2019,6,Santander,15,Otras mercancias de uso domestico,0,84.3049
2019-06-01,2019,6,Valle del Cauca,4,Prendas de vestir y textiles,0,101.1702
2019-06-01,2019,6,Valle del Cauca,8,Electrodomesticos y muebles,1,103.8991
2019-06-01,2019,6,Valle del Cauca,9,Articulos y utensilios domesticos,0,96.1274
2019-06-01,2019,6,Valle del Cauca,10,Aseo del hogar,0,90.9739
2019-06-01,2019,6,Valle del Cauca,11,Informatica y telecomunicaciones,0,93.6437
2019-06-01,2019,6,Valle del Cauca,12,Sonido y video,0,103.7469
2019-06-01,2019,6,Valle del Cauca,14,"Ferreteria, vidrios y pinturas",0,92.2356
2019-06-01,2019,6,Valle del Cauca,15,Otras mercancias de uso domestico,0,92.3982
2019-06-01,2019,6,Otros departamentos,4,Prendas de vestir y textiles,0,102.7653
2019-06-01,2019,6,Otros departamentos,8,Electrodomesticos y muebles,1,97.4576
2019-06-01,2019,6,Otros departamentos,9,Articulos y utensilios domesticos,0,90.0595
2019-06-01,2019,6,Otros departamentos,10,Aseo del hogar,0,101.4865
2019-06-01,2019,6,Otros departamentos,11,Informatica y telecomunicaciones,0,91.5283
2019-06-01,2019,6,Otros departamentos,12,Sonido y video,0,120.7137
2019-06-01,2019,6,Otros departamentos,14,"Ferreteria, vidrios y pinturas",0,87.9612
2019-06-01,2019,6,Otros departamentos,15,Otras mercancias de uso domestico,0,96.9456
2019-07-01,2019,7,Antioquia,4,Prendas de vestir y textiles,0,85.2774
2019-07-01,2019,7,Antioquia,8,Electrodomesticos y muebles,1,107.1499
2019-07-01,2019,7,Antioquia,9,Articulos y utensilios domesticos,0,95.0109
2019-07-01,2019,7,Antioquia,10,Aseo del hogar,0,97.6895
2019-07-01,2019,7,Antioquia,11,Informatica y telecomunicaciones,0,89.5089
2019-07-01,2019,7,Antioquia,12,Sonido y video,0,93.5936
2019-07-01,2019,7,Antioquia,14,"Ferreteria, vidrios y pinturas",0,110.4540
2019-07-01,2019,7,Antioquia,15,Otras mercancias de uso domestico,0,95.3563
2019-07-01,2019,7,Atlantico,4,Prendas de vestir y textiles,0,92.7435
2019-07-01,2019,7,Atlantico,8,Electrodomesticos y muebles,1,101.0258
2019-07-01,2019,7,Atlantico,9,Articulos y utensilios domesticos,0,103.1309
2019-07-01,2019,7,Atlantico,10,Aseo del hogar,0,97.9262
2019-07-01,2019,7,Atlantico,11,Informatica y telecomunicaciones,0,90.6530
2019-07-01,2019,7,Atlantico,12,Sonido y video,0,88.1702
2019-07-01,2019,7,Atlantico,14,"Ferreteria, vidrios y pinturas",0,100.7232
2019-07-01,2019,7,Atlantico,15,Otras mercancias de uso domestico,0,86.7480
2019-07-01,2019,7,Bogota,4,Prendas de vestir y textiles,0,89.3852
2019-07-01,2019,7,Bogota,8,Electrodomesticos y muebles,1,103.1493
2019-07-01,2019,7,Bogota,9,Articulos y utensilios domesticos,0,100.1531
2019-07-01,2019,7,Bogota,10,Aseo del hogar,0,99.0634
2019-07-01,2019,7,Bogota,11,Informatica y telecomunicaciones,0,96.6929
2019-07-01,2019,7,Bogota,12,Sonido y video,0,88.4338
2019-07-01,2019,7,Bogota,14,"Ferreteria, vidrios y pinturas",0,91.6804
2019-07-01,2019,7,Bogota,15,Otras mercancias de uso domestico,0,90.7848
2019-07-01,2019,7,Cundinamarca,4,Prendas de vestir y textiles,0,78.0252
2019-07-01,2019,7,Cundinamarca,8,Electrodomesticos y muebles,1,113.0745
2019-07-01,2019,7,Cundinamarca,9,Articulos y utensilios domesticos,0,95.0900
2019-07-01,2019,7,Cundinamarca,10,Aseo del hogar,0,104.0251
2019-07-01,2019,7,Cundinamarca,11,Informatica y telecomunicaciones,0,88.2960
2019-07-01,2019,7,Cundinamarca,12,Sonido y video,0,95.1052
2019-07-01,2019,7,Cundinamarca,14,"Ferreteria, vidrios y pinturas",0,88.0439
2019-07-01,2019,7,Cundinamarca,15,Otras mercancias de uso domestico,0,91.8762
2019-07-01,2019,7,Santander,4,Prendas de vestir y textiles,0,81.9291
2019-07-01,2019,7,Santander,8,Electrodomesticos y muebles,1,105.4938
2019-07-01,2019,7,Santander,9,Articulos y utensilios domesticos,0,110.7451
2019-07-01,2019,7,Santander,10,Aseo del hogar,0,117.0690
2019-07-01,2019,7,Santander,11,Informatica y telecomunicaciones,0,83.8051
2019-07-01,2019,7,Santander,12,Sonido y video,0,97.6137
2019-07-01,2019,7,Santander,14,"Ferreteria, vidrios y pinturas",0,108.5255
2019-07-01,2019,7,Santander,15,Otras mercancias de uso domestico,0,85.9279
2019-07-01,2019,7,Valle del Cauca,4,Prendas de vestir y textiles,0,94.1224
2019-07-01,2019,7,Valle del Cauca,8,Electrodomesticos y muebles,1,106.5737
2019-07-01,2019,7,Valle del Cauca,9,Articulos y utensilios domesticos,0,107.1407
2019-07-01,2019,7,Valle del Cauca,10,Aseo del hogar,0,91.3484
2019-07-01,2019,7,Valle del Cauca,11,Informatica y telecomunicaciones,0,88.5037
2019-07-01,2019,7,Valle del Cauca,12,Sonido y video,0,95.3945
2019-07-01,2019,7,Valle del Cauca,14,"Ferreteria, vidrios y pinturas",0,105.1282
2019-07-01,2019,7,Valle del Cauca,15,Otras mercancias de uso domestico,0,87.9325
2019-07-01,2019,7,Otros departamentos,4,Prendas de vestir y textiles,0,95.2891
2019-07-01,2019,7,Otros departamentos,8,Electrodomesticos y muebles,1,100.9019
2019-07-01,2019,7,Otros departamentos,9,Articulos y utensilios domesticos,0,100.7634
2019-07-01,2019,7,Otros departamentos,10,Aseo del hogar,0,111.1602
2019-07-01,2019,7,Otros departamentos,11,Informatica y telecomunicaciones,0,95.1857
2019-07-01,2019,7,Otros departamentos,12,Sonido y video,0,104.5631
2019-07-01,2019,7,Otros departamentos,14,"Ferreteria, vidrios y pinturas",0,107.3239
2019-07-01,2019,7,Otros departamentos,15,Otras mercancias de uso domestico,0,91.2022
2019-08-01,2019,8,Antioquia,4,Prendas de vestir y textiles,0,79.1007
2019-08-01,2019,8,Antioquia,8,Electrodomesticos y muebles,1,112.3157
2019-08-01,2019,8,Antioquia,9,Articulos y utensilios domesticos,0,95.7812
2019-08-01,2019,8,Antioquia,10,Aseo del hogar,0,90.3996
2019-08-01,2019,8,Antioquia,11,Informatica y telecomunicaciones,0,102.8792
2019-08-01,2019,8,Antioquia,12,Sonido y video,0,97.1306
2019-08-01,2019,8,Antioquia,14,"Ferreteria, vidrios y pinturas",0,109.6862
2019-08-01,2019,8,Antioquia,15,Otras mercancias de uso domestico,0,101.7882
2019-08-01,2019,8,Atlantico,4,Prendas de vestir y textiles,0,86.9209
2019-08-01,2019,8,Atlantico,8,Electrodomesticos y muebles,1,119.3223
2019-08-01,2019,8,Atlantico,9,Articulos y utensilios domesticos,0,108.6765
2019-08-01,2019,8,Atlantico,10,Aseo del hogar,0,101.1756
2019-08-01,2019,8,Atlantico,11,Informatica y telecomunicaciones,0,104.3272
2019-08-01,2019,8,Atlantico,12,Sonido y video,0,87.2227
2019-08-01,2019,8,Atlantico,14,"Ferreteria, vidrios y pinturas",0,95.5520
2019-08-01,2019,8,Atlantico,15,Otras mercancias de uso domestico,0,92.4956
2019-08-01,2019,8,Bogota,4,Prendas de vestir y textiles,0,90.9503
2019-08-01,2019,8,Bogota,8,Electrodomesticos y muebles,1,114.2035
2019-08-01,2019,8,Bogota,9,Articulos y utensilios domesticos,0,102.6363
2019-08-01,2019,8,Bogota,10,Aseo del hogar,0,102.2946
2019-08-01,2019,8,Bogota,11,Informatica y telecomunicaciones,0,115.9404
2019-08-01,2019,8,Bogota,12,Sonido y video,0,104.4145
2019-08-01,2019,8,Bogota,14,"Ferreteria, vidrios y pinturas",0,101.1386
2019-08-01,2019,8,Bogota,15,Otras mercancias de uso domestico,0,102.1431
2019-08-01,2019,8,Cundinamarca,4,Prendas de vestir y textiles,0,72.7916
2019-08-01,2019,8,Cundinamarca,8,Electrodomesticos y muebles,1,116.8186
2019-08-01,2019,8,Cundinamarca,9,Articulos y utensilios domesticos,0,95.1357
2019-08-01,2019,8,Cundinamarca,10,Aseo del hogar,0,104.8477
2019-08-01,2019,8,Cundinamarca,11,Informatica y telecomunicaciones,0,103.8014
2019-08-01,2019,8,Cundinamarca,12,Sonido y video,0,109.6497
2019-08-01,2019,8,Cundinamarca,14,"Ferreteria, vidrios y pinturas",0,96.0095
2019-08-01,2019,8,Cundinamarca,15,Otras mercancias de uso domestico,0,92.4664
2019-08-01,2019,8,Santander,4,Prendas de vestir y textiles,0,85.3123
2019-08-01,2019,8,Santander,8,Electrodomesticos y muebles,1,120.8673
2019-08-01,2019,8,Santander,9,Articulos y utensilios domesticos,0,102.4681
2019-08-01,2019,8,Santander,10,Aseo del hogar,0,121.3456
2019-08-01,2019,8,Santander,11,Informatica y telecomunicaciones,0,99.7945
2019-08-01,2019,8,Santander,12,Sonido y video,0,95.5125
2019-08-01,2019,8,Santander,14,"Ferreteria, vidrios y pinturas",0,107.2416
2019-08-01,2019,8,Santander,15,Otras mercancias de uso domestico,0,95.5137
2019-08-01,2019,8,Valle del Cauca,4,Prendas de vestir y textiles,0,92.1730
2019-08-01,2019,8,Valle del Cauca,8,Electrodomesticos y muebles,1,122.4490
2019-08-01,2019,8,Valle del Cauca,9,Articulos y utensilios domesticos,0,105.5743
2019-08-01,2019,8,Valle del Cauca,10,Aseo del hogar,0,107.9069
2019-08-01,2019,8,Valle del Cauca,11,Informatica y telecomunicaciones,0,108.5527
2019-08-01,2019,8,Valle del Cauca,12,Sonido y video,0,107.6174
2019-08-01,2019,8,Valle del Cauca,14,"Ferreteria, vidrios y pinturas",0,109.4377
2019-08-01,2019,8,Valle del Cauca,15,Otras mercancias de uso domestico,0,93.7982
2019-08-01,2019,8,Otros departamentos,4,Prendas de vestir y textiles,0,85.0927
2019-08-01,2019,8,Otros departamentos,8,Electrodomesticos y muebles,1,99.8066
2019-08-01,2019,8,Otros departamentos,9,Articulos y utensilios domesticos,0,104.0114
2019-08-01,2019,8,Otros departamentos,10,Aseo del hogar,0,104.2722
2019-08-01,2019,8,Otros departamentos,11,Informatica y telecomunicaciones,0,108.9377
2019-08-01,2019,8,Otros departamentos,12,Sonido y video,0,109.4110
2019-08-01,2019,8,Otros departamentos,14,"Ferreteria, vidrios y pinturas",0,106.8581
2019-08-01,2019,8,Otros departamentos,15,Otras mercancias de uso domestico,0,90.9486
2019-09-01,2019,9,Antioquia,4,Prendas de vestir y textiles,0,80.3617
2019-09-01,2019,9,Antioquia,8,Electrodomesticos y muebles,1,103.5556
2019-09-01,2019,9,Antioquia,9,Articulos y utensilios domesticos,0,97.7927
2019-09-01,2019,9,Antioquia,10,Aseo del hogar,0,98.9516
2019-09-01,2019,9,Antioquia,11,Informatica y telecomunicaciones,0,92.6292
2019-09-01,2019,9,Antioquia,12,Sonido y video,0,88.0715
2019-09-01,2019,9,Antioquia,14,"Ferreteria, vidrios y pinturas",0,106.5780
2019-09-01,2019,9,Antioquia,15,Otras mercancias de uso domestico,0,99.0924
2019-09-01,2019,9,Atlantico,4,Prendas de vestir y textiles,0,86.5343
2019-09-01,2019,9,Atlantico,8,Electrodomesticos y muebles,1,92.7439
2019-09-01,2019,9,Atlantico,9,Articulos y utensilios domesticos,0,93.2560
2019-09-01,2019,9,Atlantico,10,Aseo del hogar,0,99.3355
2019-09-01,2019,9,Atlantico,11,Informatica y telecomunicaciones,0,91.3120
2019-09-01,2019,9,Atlantico,12,Sonido y video,0,88.2283
2019-09-01,2019,9,Atlantico,14,"Ferreteria, vidrios y pinturas",0,89.6423
2019-09-01,2019,9,Atlantico,15,Otras mercancias de uso domestico,0,86.0250
2019-09-01,2019,9,Bogota,4,Prendas de vestir y textiles,0,94.8937
2019-09-01,2019,9,Bogota,8,Electrodomesticos y muebles,1,108.1805
2019-09-01,2019,9,Bogota,9,Articulos y utensilios domesticos,0,93.8040
2019-09-01,2019,9,Bogota,10,Aseo del hogar,0,92.4989
2019-09-01,2019,9,Bogota,11,Informatica y telecomunicaciones,0,92.3834
2019-09-01,2019,9,Bogota,12,Sonido y video,0,98.9052
2019-09-01,2019,9,Bogota,14,"Ferreteria, vidrios y pinturas",0,103.8436
2019-09-01,2019,9,Bogota,15,Otras mercancias de uso domestico,0,92.4712
2019-09-01,2019,9,Cundinamarca,4,Prendas de vestir y textiles,0,73.1159
2019-09-01,2019,9,Cundinamarca,8,Electrodomesticos y muebles,1,93.6744
2019-09-01,2019,9,Cundinamarca,9,Articulos y utensilios domesticos,0,89.1128
2019-09-01,2019,9,Cundinamarca,10,Aseo del hogar,0,96.3277
2019-09-01,2019,9,Cundinamarca,11,Informatica y telecomunicaciones,0,80.3331
2019-09-01,2019,9,Cundinamarca,12,Sonido y video,0,99.5498
2019-09-01,2019,9,Cundinamarca,14,"Ferreteria, vidrios y pinturas",0,96.5839
2019-09-01,2019,9,Cundinamarca,15,Otras mercancias de uso domestico,0,90.1381
2019-09-01,2019,9,Santander,4,Prendas de vestir y textiles,0,82.9849
2019-09-01,2019,9,Santander,8,Electrodomesticos y muebles,1,92.2453
2019-09-01,2019,9,Santander,9,Articulos y utensilios domesticos,0,84.8087
2019-09-01,2019,9,Santander,10,Aseo del hogar,0,113.7364
2019-09-01,2019,9,Santander,11,Informatica y telecomunicaciones,0,87.6684
2019-09-01,2019,9,Santander,12,Sonido y video,0,91.1255
2019-09-01,2019,9,Santander,14,"Ferreteria, vidrios y pinturas",0,105.5992
2019-09-01,2019,9,Santander,15,Otras mercancias de uso domestico,0,87.1890
2019-09-01,2019,9,Valle del Cauca,4,Prendas de vestir y textiles,0,86.5712
2019-09-01,2019,9,Valle del Cauca,8,Electrodomesticos y muebles,1,101.2075
2019-09-01,2019,9,Valle del Cauca,9,Articulos y utensilios domesticos,0,92.1653
2019-09-01,2019,9,Valle del Cauca,10,Aseo del hogar,0,109.8747
2019-09-01,2019,9,Valle del Cauca,11,Informatica y telecomunicaciones,0,93.8171
2019-09-01,2019,9,Valle del Cauca,12,Sonido y video,0,94.6605
2019-09-01,2019,9,Valle del Cauca,14,"Ferreteria, vidrios y pinturas",0,103.6359
2019-09-01,2019,9,Valle del Cauca,15,Otras mercancias de uso domestico,0,97.0590
2019-09-01,2019,9,Otros departamentos,4,Prendas de vestir y textiles,0,86.8303
2019-09-01,2019,9,Otros departamentos,8,Electrodomesticos y muebles,1,87.8259
2019-09-01,2019,9,Otros departamentos,9,Articulos y utensilios domesticos,0,93.6673
2019-09-01,2019,9,Otros departamentos,10,Aseo del hogar,0,101.5500
2019-09-01,2019,9,Otros departamentos,11,Informatica y telecomunicaciones,0,91.0231
2019-09-01,2019,9,Otros departamentos,12,Sonido y video,0,94.0076
2019-09-01,2019,9,Otros departamentos,14,"Ferreteria, vidrios y pinturas",0,100.1583
2019-09-01,2019,9,Otros departamentos,15,Otras mercancias de uso domestico,0,89.6850
2019-10-01,2019,10,Antioquia,4,Prendas de vestir y textiles,0,95.8433
2019-10-01,2019,10,Antioquia,8,Electrodomesticos y muebles,1,104.7408
2019-10-01,2019,10,Antioquia,9,Articulos y utensilios domesticos,0,106.9772
2019-10-01,2019,10,Antioquia,10,Aseo del hogar,0,101.5364
2019-10-01,2019,10,Antioquia,11,Informatica y telecomunicaciones,0,91.3711
2019-10-01,2019,10,Antioquia,12,Sonido y video,0,80.8759
2019-10-01,2019,10,Antioquia,14,"Ferreteria, vidrios y pinturas",0,108.4391
2019-10-01,2019,10,Antioquia,15,Otras mercancias de uso domestico,0,105.7346
2019-10-01,2019,10,Atlantico,4,Prendas de vestir y textiles,0,93.6016
2019-10-01,2019,10,Atlantico,8,Electrodomesticos y muebles,1,94.6487
2019-10-01,2019,10,Atlantico,9,Articulos y utensilios domesticos,0,107.1235
2019-10-01,2019,10,Atlantico,10,Aseo del hogar,0,97.1735
2019-10-01,2019,10,Atlantico,11,Informatica y telecomunicaciones,0,88.8297
2019-10-01,2019,10,Atlantico,12,Sonido y video,0,95.5420
2019-10-01,2019,10,Atlantico,14,"Ferreteria, vidrios y pinturas",0,104.7264
2019-10-01,2019,10,Atlantico,15,Otras mercancias de uso domestico,0,95.7971
2019-10-01,2019,10,Bogota,4,Prendas de vestir y textiles,0,103.5401
2019-10-01,2019,10,Bogota,8,Electrodomesticos y muebles,1,107.2257
2019-10-01,2019,10,Bogota,9,Articulos y utensilios domesticos,0,109.0827
2019-10-01,2019,10,Bogota,10,Aseo del hogar,0,105.9936
2019-10-01,2019,10,Bogota,11,Informatica y telecomunicaciones,0,114.2475
2019-10-01,2019,10,Bogota,12,Sonido y video,0,101.6890
2019-10-01,2019,10,Bogota,14,"Ferreteria, vidrios y pinturas",0,121.2618
2019-10-01,2019,10,Bogota,15,Otras mercancias de uso domestico,0,99.2323
2019-10-01,2019,10,Cundinamarca,4,Prendas de vestir y textiles,0,79.0837
2019-10-01,2019,10,Cundinamarca,8,Electrodomesticos y muebles,1,96.6641
2019-10-01,2019,10,Cundinamarca,9,Articulos y utensilios domesticos,0,98.5151
2019-10-01,2019,10,Cundinamarca,10,Aseo del hogar,0,75.4582
2019-10-01,2019,10,Cundinamarca,11,Informatica y telecomunicaciones,0,86.3508
2019-10-01,2019,10,Cundinamarca,12,Sonido y video,0,102.5893
2019-10-01,2019,10,Cundinamarca,14,"Ferreteria, vidrios y pinturas",0,91.2604
2019-10-01,2019,10,Cundinamarca,15,Otras mercancias de uso domestico,0,106.6748
2019-10-01,2019,10,Santander,4,Prendas de vestir y textiles,0,76.9748
2019-10-01,2019,10,Santander,8,Electrodomesticos y muebles,1,96.6223
2019-10-01,2019,10,Santander,9,Articulos y utensilios domesticos,0,95.8296
2019-10-01,2019,10,Santander,10,Aseo del hogar,0,95.8253
2019-10-01,2019,10,Santander,11,Informatica y telecomunicaciones,0,92.1265
2019-10-01,2019,10,Santander,12,Sonido y video,0,95.5634
2019-10-01,2019,10,Santander,14,"Ferreteria, vidrios y pinturas",0,112.6727
2019-10-01,2019,10,Santander,15,Otras mercancias de uso domestico,0,101.7551
2019-10-01,2019,10,Valle del Cauca,4,Prendas de vestir y textiles,0,91.3214
2019-10-01,2019,10,Valle del Cauca,8,Electrodomesticos y muebles,1,88.5018
2019-10-01,2019,10,Valle del Cauca,9,Articulos y utensilios domesticos,0,106.1716
2019-10-01,2019,10,Valle del Cauca,10,Aseo del hogar,0,119.6692
2019-10-01,2019,10,Valle del Cauca,11,Informatica y telecomunicaciones,0,101.0336
2019-10-01,2019,10,Valle del Cauca,12,Sonido y video,0,83.1131
2019-10-01,2019,10,Valle del Cauca,14,"Ferreteria, vidrios y pinturas",0,101.6322
2019-10-01,2019,10,Valle del Cauca,15,Otras mercancias de uso domestico,0,101.5077
2019-10-01,2019,10,Otros departamentos,4,Prendas de vestir y textiles,0,83.6181
2019-10-01,2019,10,Otros departamentos,8,Electrodomesticos y muebles,1,88.3125
2019-10-01,2019,10,Otros departamentos,9,Articulos y utensilios domesticos,0,102.9536
2019-10-01,2019,10,Otros departamentos,10,Aseo del hogar,0,93.2806
2019-10-01,2019,10,Otros departamentos,11,Informatica y telecomunicaciones,0,94.9937
2019-10-01,2019,10,Otros departamentos,12,Sonido y video,0,93.4352
2019-10-01,2019,10,Otros departamentos,14,"Ferreteria, vidrios y pinturas",0,102.6427
2019-10-01,2019,10,Otros departamentos,15,Otras mercancias de uso domestico,0,98.1673
2019-11-01,2019,11,Antioquia,4,Prendas de vestir y textiles,0,110.9588
2019-11-01,2019,11,Antioquia,8,Electrodomesticos y muebles,1,118.4273
2019-11-01,2019,11,Antioquia,9,Articulos y utensilios domesticos,0,110.9549
2019-11-01,2019,11,Antioquia,10,Aseo del hogar,0,103.7643
2019-11-01,2019,11,Antioquia,11,Informatica y telecomunicaciones,0,125.8673
2019-11-01,2019,11,Antioquia,12,Sonido y video,0,128.2126
2019-11-01,2019,11,Antioquia,14,"Ferreteria, vidrios y pinturas",0,106.0756
2019-11-01,2019,11,Antioquia,15,Otras mercancias de uso domestico,0,136.3920
2019-11-01,2019,11,Atlantico,4,Prendas de vestir y textiles,0,135.8839
2019-11-01,2019,11,Atlantico,8,Electrodomesticos y muebles,1,118.9030
2019-11-01,2019,11,Atlantico,9,Articulos y utensilios domesticos,0,118.9681
2019-11-01,2019,11,Atlantico,10,Aseo del hogar,0,104.3170
2019-11-01,2019,11,Atlantico,11,Informatica y telecomunicaciones,0,123.0274
2019-11-01,2019,11,Atlantico,12,Sonido y video,0,151.5360
2019-11-01,2019,11,Atlantico,14,"Ferreteria, vidrios y pinturas",0,107.6085
2019-11-01,2019,11,Atlantico,15,Otras mercancias de uso domestico,0,136.1083
2019-11-01,2019,11,Bogota,4,Prendas de vestir y textiles,0,129.0208
2019-11-01,2019,11,Bogota,8,Electrodomesticos y muebles,1,119.5400
2019-11-01,2019,11,Bogota,9,Articulos y utensilios domesticos,0,109.4782
2019-11-01,2019,11,Bogota,10,Aseo del hogar,0,101.8693
2019-11-01,2019,11,Bogota,11,Informatica y telecomunicaciones,0,127.6900
2019-11-01,2019,11,Bogota,12,Sonido y video,0,147.3121
2019-11-01,2019,11,Bogota,14,"Ferreteria, vidrios y pinturas",0,115.8941
2019-11-01,2019,11,Bogota,15,Otras mercancias de uso domestico,0,134.6534
2019-11-01,2019,11,Cundinamarca,4,Prendas de vestir y textiles,0,124.7813
2019-11-01,2019,11,Cundinamarca,8,Electrodomesticos y muebles,1,149.0380
2019-11-01,2019,11,Cundinamarca,9,Articulos y utensilios domesticos,0,120.4582
2019-11-01,2019,11,Cundinamarca,10,Aseo del hogar,0,95.4750
2019-11-01,2019,11,Cundinamarca,11,Informatica y telecomunicaciones,0,131.3361
2019-11-01,2019,11,Cundinamarca,12,Sonido y video,0,154.3009
2019-11-01,2019,11,Cundinamarca,14,"Ferreteria, vidrios y pinturas",0,123.2975
2019-11-01,2019,11,Cundinamarca,15,Otras mercancias de uso domestico,0,169.8472
2019-11-01,2019,11,Santander,4,Prendas de vestir y textiles,0,110.3733
2019-11-01,2019,11,Santander,8,Electrodomesticos y muebles,1,107.5266
2019-11-01,2019,11,Santander,9,Articulos y utensilios domesticos,0,113.0167
2019-11-01,2019,11,Santander,10,Aseo del hogar,0,95.7425
2019-11-01,2019,11,Santander,11,Informatica y telecomunicaciones,0,119.9778
2019-11-01,2019,11,Santander,12,Sonido y video,0,149.0145
2019-11-01,2019,11,Santander,14,"Ferreteria, vidrios y pinturas",0,112.4213
2019-11-01,2019,11,Santander,15,Otras mercancias de uso domestico,0,145.9364
2019-11-01,2019,11,Valle del Cauca,4,Prendas de vestir y textiles,0,119.6947
2019-11-01,2019,11,Valle del Cauca,8,Electrodomesticos y muebles,1,104.7168
2019-11-01,2019,11,Valle del Cauca,9,Articulos y utensilios domesticos,0,104.7504
2019-11-01,2019,11,Valle del Cauca,10,Aseo del hogar,0,100.4334
2019-11-01,2019,11,Valle del Cauca,11,Informatica y telecomunicaciones,0,126.5187
2019-11-01,2019,11,Valle del Cauca,12,Sonido y video,0,134.5785
2019-11-01,2019,11,Valle del Cauca,14,"Ferreteria, vidrios y pinturas",0,105.1364
2019-11-01,2019,11,Valle del Cauca,15,Otras mercancias de uso domestico,0,128.7447
2019-11-01,2019,11,Otros departamentos,4,Prendas de vestir y textiles,0,109.9173
2019-11-01,2019,11,Otros departamentos,8,Electrodomesticos y muebles,1,112.4172
2019-11-01,2019,11,Otros departamentos,9,Articulos y utensilios domesticos,0,116.9090
2019-11-01,2019,11,Otros departamentos,10,Aseo del hogar,0,101.9905
2019-11-01,2019,11,Otros departamentos,11,Informatica y telecomunicaciones,0,129.7549
2019-11-01,2019,11,Otros departamentos,12,Sonido y video,0,134.4193
2019-11-01,2019,11,Otros departamentos,14,"Ferreteria, vidrios y pinturas",0,111.4445
2019-11-01,2019,11,Otros departamentos,15,Otras mercancias de uso domestico,0,109.7862
2019-12-01,2019,12,Antioquia,4,Prendas de vestir y textiles,0,243.7965
2019-12-01,2019,12,Antioquia,8,Electrodomesticos y muebles,1,139.4715
2019-12-01,2019,12,Antioquia,9,Articulos y utensilios domesticos,0,148.0197
2019-12-01,2019,12,Antioquia,10,Aseo del hogar,0,112.3638
2019-12-01,2019,12,Antioquia,11,Informatica y telecomunicaciones,0,164.6547
2019-12-01,2019,12,Antioquia,12,Sonido y video,0,139.9201
2019-12-01,2019,12,Antioquia,14,"Ferreteria, vidrios y pinturas",0,115.2199
2019-12-01,2019,12,Antioquia,15,Otras mercancias de uso domestico,0,191.2221
2019-12-01,2019,12,Atlantico,4,Prendas de vestir y textiles,0,259.8224
2019-12-01,2019,12,Atlantico,8,Electrodomesticos y muebles,1,121.0210
2019-12-01,2019,12,Atlantico,9,Articulos y utensilios domesticos,0,160.7066
2019-12-01,2019,12,Atlantico,10,Aseo del hogar,0,130.5175
2019-12-01,2019,12,Atlantico,11,Informatica y telecomunicaciones,0,156.6581
2019-12-01,2019,12,Atlantico,12,Sonido y video,0,153.4203
2019-12-01,2019,12,Atlantico,14,"Ferreteria, vidrios y pinturas",0,95.2607
2019-12-01,2019,12,Atlantico,15,Otras mercancias de uso domestico,0,172.4806
2019-12-01,2019,12,Bogota,4,Prendas de vestir y textiles,0,267.2429
2019-12-01,2019,12,Bogota,8,Electrodomesticos y muebles,1,108.1230
2019-12-01,2019,12,Bogota,9,Articulos y utensilios domesticos,0,135.8394
2019-12-01,2019,12,Bogota,10,Aseo del hogar,0,108.2594
2019-12-01,2019,12,Bogota,11,Informatica y telecomunicaciones,0,172.1219
2019-12-01,2019,12,Bogota,12,Sonido y video,0,150.0831
2019-12-01,2019,12,Bogota,14,"Ferreteria, vidrios y pinturas",0,107.9447
2019-12-01,2019,12,Bogota,15,Otras mercancias de uso domestico,0,159.7686
2019-12-01,2019,12,Cundinamarca,4,Prendas de vestir y textiles,0,248.3758
2019-12-01,2019,12,Cundinamarca,8,Electrodomesticos y muebles,1,136.0707
2019-12-01,2019,12,Cundinamarca,9,Articulos y utensilios domesticos,0,144.8392
2019-12-01,2019,12,Cundinamarca,10,Aseo del hogar,0,109.1930
2019-12-01,2019,12,Cundinamarca,11,Informatica y telecomunicaciones,0,166.8293
2019-12-01,2019,12,Cundinamarca,12,Sonido y video,0,161.7083
2019-12-01,2019,12,Cundinamarca,14,"Ferreteria, vidrios y pinturas",0,116.2836
2019-12-01,2019,12,Cundinamarca,15,Otras mercancias de uso domestico,0,208.4051
2019-12-01,2019,12,Santander,4,Prendas de vestir y textiles,0,246.8936
2019-12-01,2019,12,Santander,8,Electrodomesticos y muebles,1,120.6263
2019-12-01,2019,12,Santander,9,Articulos y utensilios domesticos,0,148.2778
2019-12-01,2019,12,Santander,10,Aseo del hogar,0,100.5846
2019-12-01,2019,12,Santander,11,Informatica y telecomunicaciones,0,154.8413
2019-12-01,2019,12,Santander,12,Sonido y video,0,157.2749
2019-12-01,2019,12,Santander,14,"Ferreteria, vidrios y pinturas",0,115.9871
2019-12-01,2019,12,Santander,15,Otras mercancias de uso domestico,0,199.1025
2019-12-01,2019,12,Valle del Cauca,4,Prendas de vestir y textiles,0,239.4667
2019-12-01,2019,12,Valle del Cauca,8,Electrodomesticos y muebles,1,107.7598
2019-12-01,2019,12,Valle del Cauca,9,Articulos y utensilios domesticos,0,133.4764
2019-12-01,2019,12,Valle del Cauca,10,Aseo del hogar,0,101.9551
2019-12-01,2019,12,Valle del Cauca,11,Informatica y telecomunicaciones,0,141.9398
2019-12-01,2019,12,Valle del Cauca,12,Sonido y video,0,131.7623
2019-12-01,2019,12,Valle del Cauca,14,"Ferreteria, vidrios y pinturas",0,99.1844
2019-12-01,2019,12,Valle del Cauca,15,Otras mercancias de uso domestico,0,133.8821
2019-12-01,2019,12,Otros departamentos,4,Prendas de vestir y textiles,0,268.7799
2019-12-01,2019,12,Otros departamentos,8,Electrodomesticos y muebles,1,119.5839
2019-12-01,2019,12,Otros departamentos,9,Articulos y utensilios domesticos,0,159.0859
2019-12-01,2019,12,Otros departamentos,10,Aseo del hogar,0,124.2719
2019-12-01,2019,12,Otros departamentos,11,Informatica y telecomunicaciones,0,162.8314
2019-12-01,2019,12,Otros departamentos,12,Sonido y video,0,147.2878
2019-12-01,2019,12,Otros departamentos,14,"Ferreteria, vidrios y pinturas",0,107.8540
2019-12-01,2019,12,Otros departamentos,15,Otras mercancias de uso domestico,0,177.4905
2020-01-01,2020,1,Antioquia,4,Prendas de vestir y textiles,0,80.6077
2020-01-01,2020,1,Antioquia,8,Electrodomesticos y muebles,1,112.6814
2020-01-01,2020,1,Antioquia,9,Articulos y utensilios domesticos,0,103.5260
2020-01-01,2020,1,Antioquia,10,Aseo del hogar,0,108.2989
2020-01-01,2020,1,Antioquia,11,Informatica y telecomunicaciones,0,99.6189
2020-01-01,2020,1,Antioquia,12,Sonido y video,0,87.6657
2020-01-01,2020,1,Antioquia,14,"Ferreteria, vidrios y pinturas",0,110.0644
2020-01-01,2020,1,Antioquia,15,Otras mercancias de uso domestico,0,93.6355
2020-01-01,2020,1,Atlantico,4,Prendas de vestir y textiles,0,86.0411
2020-01-01,2020,1,Atlantico,8,Electrodomesticos y muebles,1,105.1328
2020-01-01,2020,1,Atlantico,9,Articulos y utensilios domesticos,0,111.0244
2020-01-01,2020,1,Atlantico,10,Aseo del hogar,0,112.5104
2020-01-01,2020,1,Atlantico,11,Informatica y telecomunicaciones,0,96.8876
2020-01-01,2020,1,Atlantico,12,Sonido y video,0,81.0553
2020-01-01,2020,1,Atlantico,14,"Ferreteria, vidrios y pinturas",0,80.8902
2020-01-01,2020,1,Atlantico,15,Otras mercancias de uso domestico,0,85.2307
2020-01-01,2020,1,Bogota,4,Prendas de vestir y textiles,0,82.5138
2020-01-01,2020,1,Bogota,8,Electrodomesticos y muebles,1,102.3130
2020-01-01,2020,1,Bogota,9,Articulos y utensilios domesticos,0,91.5086
2020-01-01,2020,1,Bogota,10,Aseo del hogar,0,94.0902
2020-01-01,2020,1,Bogota,11,Informatica y telecomunicaciones,0,95.1799
2020-01-01,2020,1,Bogota,12,Sonido y video,0,89.6519
2020-01-01,2020,1,Bogota,14,"Ferreteria, vidrios y pinturas",0,94.4807
2020-01-01,2020,1,Bogota,15,Otras mercancias de uso domestico,0,79.9112
2020-01-01,2020,1,Cundinamarca,4,Prendas de vestir y textiles,0,88.2944
2020-01-01,2020,1,Cundinamarca,8,Electrodomesticos y muebles,1,129.4373
2020-01-01,2020,1,Cundinamarca,9,Articulos y utensilios domesticos,0,99.7404
2020-01-01,2020,1,Cundinamarca,10,Aseo del hogar,0,116.2479
2020-01-01,2020,1,Cundinamarca,11,Informatica y telecomunicaciones,0,126.2615
2020-01-01,2020,1,Cundinamarca,12,Sonido y video,0,100.3337
2020-01-01,2020,1,Cundinamarca,14,"Ferreteria, vidrios y pinturas",0,101.4746
2020-01-01,2020,1,Cundinamarca,15,Otras mercancias de uso domestico,0,109.4057
2020-01-01,2020,1,Santander,4,Prendas de vestir y textiles,0,77.6854
2020-01-01,2020,1,Santander,8,Electrodomesticos y muebles,1,92.4774
2020-01-01,2020,1,Santander,9,Articulos y utensilios domesticos,0,98.3620
2020-01-01,2020,1,Santander,10,Aseo del hogar,0,101.9233
2020-01-01,2020,1,Santander,11,Informatica y telecomunicaciones,0,92.3933
2020-01-01,2020,1,Santander,12,Sonido y video,0,84.4633
2020-01-01,2020,1,Santander,14,"Ferreteria, vidrios y pinturas",0,88.6756
2020-01-01,2020,1,Santander,15,Otras mercancias de uso domestico,0,91.2323
2020-01-01,2020,1,Valle del Cauca,4,Prendas de vestir y textiles,0,79.0266
2020-01-01,2020,1,Valle del Cauca,8,Electrodomesticos y muebles,1,91.9603
2020-01-01,2020,1,Valle del Cauca,9,Articulos y utensilios domesticos,0,102.8093
2020-01-01,2020,1,Valle del Cauca,10,Aseo del hogar,0,103.1805
2020-01-01,2020,1,Valle del Cauca,11,Informatica y telecomunicaciones,0,95.9604
2020-01-01,2020,1,Valle del Cauca,12,Sonido y video,0,84.8878
2020-01-01,2020,1,Valle del Cauca,14,"Ferreteria, vidrios y pinturas",0,92.6405
2020-01-01,2020,1,Valle del Cauca,15,Otras mercancias de uso domestico,0,73.7861
2020-01-01,2020,1,Otros departamentos,4,Prendas de vestir y textiles,0,86.6964
2020-01-01,2020,1,Otros departamentos,8,Electrodomesticos y muebles,1,99.6798
2020-01-01,2020,1,Otros departamentos,9,Articulos y utensilios domesticos,0,102.8596
2020-01-01,2020,1,Otros departamentos,10,Aseo del hogar,0,112.7125
2020-01-01,2020,1,Otros departamentos,11,Informatica y telecomunicaciones,0,96.4886
2020-01-01,2020,1,Otros departamentos,12,Sonido y video,0,78.3228
2020-01-01,2020,1,Otros departamentos,14,"Ferreteria, vidrios y pinturas",0,91.8909
2020-01-01,2020,1,Otros departamentos,15,Otras mercancias de uso domestico,0,86.3687
2020-02-01,2020,2,Antioquia,4,Prendas de vestir y textiles,0,65.2952
2020-02-01,2020,2,Antioquia,8,Electrodomesticos y muebles,1,115.4109
2020-02-01,2020,2,Antioquia,9,Articulos y utensilios domesticos,0,104.7153
2020-02-01,2020,2,Antioquia,10,Aseo del hogar,0,115.0771
2020-02-01,2020,2,Antioquia,11,Informatica y telecomunicaciones,0,105.4335
2020-02-01,2020,2,Antioquia,12,Sonido y video,0,97.0608
2020-02-01,2020,2,Antioquia,14,"Ferreteria, vidrios y pinturas",0,99.9493
2020-02-01,2020,2,Antioquia,15,Otras mercancias de uso domestico,0,84.8036
2020-02-01,2020,2,Atlantico,4,Prendas de vestir y textiles,0,72.2628
2020-02-01,2020,2,Atlantico,8,Electrodomesticos y muebles,1,97.3289
2020-02-01,2020,2,Atlantico,9,Articulos y utensilios domesticos,0,96.9707
2020-02-01,2020,2,Atlantico,10,Aseo del hogar,0,86.5881
2020-02-01,2020,2,Atlantico,11,Informatica y telecomunicaciones,0,105.6623
2020-02-01,2020,2,Atlantico,12,Sonido y video,0,86.5196
2020-02-01,2020,2,Atlantico,14,"Ferreteria, vidrios y pinturas",0,83.5235
2020-02-01,2020,2,Atlantico,15,Otras mercancias de uso domestico,0,69.2271
2020-02-01,2020,2,Bogota,4,Prendas de vestir y textiles,0,73.0754
2020-02-01,2020,2,Bogota,8,Electrodomesticos y muebles,1,106.8899
2020-02-01,2020,2,Bogota,9,Articulos y utensilios domesticos,0,94.4266
2020-02-01,2020,2,Bogota,10,Aseo del hogar,0,96.7178
2020-02-01,2020,2,Bogota,11,Informatica y telecomunicaciones,0,116.5744
2020-02-01,2020,2,Bogota,12,Sonido y video,0,108.3409
2020-02-01,2020,2,Bogota,14,"Ferreteria, vidrios y pinturas",0,105.0433
2020-02-01,2020,2,Bogota,15,Otras mercancias de uso domestico,0,84.7615
2020-02-01,2020,2,Cundinamarca,4,Prendas de vestir y textiles,0,82.8695
2020-02-01,2020,2,Cundinamarca,8,Electrodomesticos y muebles,1,127.3742
2020-02-01,2020,2,Cundinamarca,9,Articulos y utensilios domesticos,0,107.4775
2020-02-01,2020,2,Cundinamarca,10,Aseo del hogar,0,115.8779
2020-02-01,2020,2,Cundinamarca,11,Informatica y telecomunicaciones,0,134.8881
2020-02-01,2020,2,Cundinamarca,12,Sonido y video,0,104.6859
2020-02-01,2020,2,Cundinamarca,14,"Ferreteria, vidrios y pinturas",0,101.1749
2020-02-01,2020,2,Cundinamarca,15,Otras mercancias de uso domestico,0,94.8778
2020-02-01,2020,2,Santander,4,Prendas de vestir y textiles,0,78.6208
2020-02-01,2020,2,Santander,8,Electrodomesticos y muebles,1,105.4957
2020-02-01,2020,2,Santander,9,Articulos y utensilios domesticos,0,108.6906
2020-02-01,2020,2,Santander,10,Aseo del hogar,0,109.9053
2020-02-01,2020,2,Santander,11,Informatica y telecomunicaciones,0,116.7831
2020-02-01,2020,2,Santander,12,Sonido y video,0,110.9460
2020-02-01,2020,2,Santander,14,"Ferreteria, vidrios y pinturas",0,93.4499
2020-02-01,2020,2,Santander,15,Otras mercancias de uso domestico,0,89.8765
2020-02-01,2020,2,Valle del Cauca,4,Prendas de vestir y textiles,0,71.1606
2020-02-01,2020,2,Valle del Cauca,8,Electrodomesticos y muebles,1,92.9318
2020-02-01,2020,2,Valle del Cauca,9,Articulos y utensilios domesticos,0,99.7820
2020-02-01,2020,2,Valle del Cauca,10,Aseo del hogar,0,107.2561
2020-02-01,2020,2,Valle del Cauca,11,Informatica y telecomunicaciones,0,110.9864
2020-02-01,2020,2,Valle del Cauca,12,Sonido y video,0,112.7588
2020-02-01,2020,2,Valle del Cauca,14,"Ferreteria, vidrios y pinturas",0,99.4226
2020-02-01,2020,2,Valle del Cauca,15,Otras mercancias de uso domestico,0,85.5290
2020-02-01,2020,2,Otros departamentos,4,Prendas de vestir y textiles,0,75.5906
2020-02-01,2020,2,Otros departamentos,8,Electrodomesticos y muebles,1,102.9959
2020-02-01,2020,2,Otros departamentos,9,Articulos y utensilios domesticos,0,90.7934
2020-02-01,2020,2,Otros departamentos,10,Aseo del hogar,0,107.4574
2020-02-01,2020,2,Otros departamentos,11,Informatica y telecomunicaciones,0,101.4569
2020-02-01,2020,2,Otros departamentos,12,Sonido y video,0,88.9947
2020-02-01,2020,2,Otros departamentos,14,"Ferreteria, vidrios y pinturas",0,101.2084
2020-02-01,2020,2,Otros departamentos,15,Otras mercancias de uso domestico,0,84.0965
2020-03-01,2020,3,Antioquia,4,Prendas de vestir y textiles,0,43.0457
2020-03-01,2020,3,Antioquia,8,Electrodomesticos y muebles,1,78.1946
2020-03-01,2020,3,Antioquia,9,Articulos y utensilios domesticos,0,72.2726
2020-03-01,2020,3,Antioquia,10,Aseo del hogar,0,144.1577
2020-03-01,2020,3,Antioquia,11,Informatica y telecomunicaciones,0,91.2868
2020-03-01,2020,3,Antioquia,12,Sonido y video,0,87.3779
2020-03-01,2020,3,Antioquia,14,"Ferreteria, vidrios y pinturas",0,76.5200
2020-03-01,2020,3,Antioquia,15,Otras mercancias de uso domestico,0,88.1431
2020-03-01,2020,3,Atlantico,4,Prendas de vestir y textiles,0,45.0875
2020-03-01,2020,3,Atlantico,8,Electrodomesticos y muebles,1,71.0052
2020-03-01,2020,3,Atlantico,9,Articulos y utensilios domesticos,0,72.4043
2020-03-01,2020,3,Atlantico,10,Aseo del hogar,0,133.9931
2020-03-01,2020,3,Atlantico,11,Informatica y telecomunicaciones,0,97.7144
2020-03-01,2020,3,Atlantico,12,Sonido y video,0,79.7892
2020-03-01,2020,3,Atlantico,14,"Ferreteria, vidrios y pinturas",0,67.3103
2020-03-01,2020,3,Atlantico,15,Otras mercancias de uso domestico,0,68.9324
2020-03-01,2020,3,Bogota,4,Prendas de vestir y textiles,0,44.3868
2020-03-01,2020,3,Bogota,8,Electrodomesticos y muebles,1,83.2190
2020-03-01,2020,3,Bogota,9,Articulos y utensilios domesticos,0,69.3945
2020-03-01,2020,3,Bogota,10,Aseo del hogar,0,132.9138
2020-03-01,2020,3,Bogota,11,Informatica y telecomunicaciones,0,92.5364
2020-03-01,2020,3,Bogota,12,Sonido y video,0,83.5226
2020-03-01,2020,3,Bogota,14,"Ferreteria, vidrios y pinturas",0,76.0927
2020-03-01,2020,3,Bogota,15,Otras mercancias de uso domestico,0,79.0376
2020-03-01,2020,3,Cundinamarca,4,Prendas de vestir y textiles,0,53.8613
2020-03-01,2020,3,Cundinamarca,8,Electrodomesticos y muebles,1,87.6682
2020-03-01,2020,3,Cundinamarca,9,Articulos y utensilios domesticos,0,77.4931
2020-03-01,2020,3,Cundinamarca,10,Aseo del hogar,0,145.2245
2020-03-01,2020,3,Cundinamarca,11,Informatica y telecomunicaciones,0,110.6593
2020-03-01,2020,3,Cundinamarca,12,Sonido y video,0,94.9618
2020-03-01,2020,3,Cundinamarca,14,"Ferreteria, vidrios y pinturas",0,86.7944
2020-03-01,2020,3,Cundinamarca,15,Otras mercancias de uso domestico,0,89.6066
2020-03-01,2020,3,Santander,4,Prendas de vestir y textiles,0,45.1284
2020-03-01,2020,3,Santander,8,Electrodomesticos y muebles,1,72.5325
2020-03-01,2020,3,Santander,9,Articulos y utensilios domesticos,0,73.8675
2020-03-01,2020,3,Santander,10,Aseo del hogar,0,138.5595
2020-03-01,2020,3,Santander,11,Informatica y telecomunicaciones,0,90.1827
2020-03-01,2020,3,Santander,12,Sonido y video,0,84.6249
2020-03-01,2020,3,Santander,14,"Ferreteria, vidrios y pinturas",0,71.4465
2020-03-01,2020,3,Santander,15,Otras mercancias de uso domestico,0,77.7736
2020-03-01,2020,3,Valle del Cauca,4,Prendas de vestir y textiles,0,40.4906
2020-03-01,2020,3,Valle del Cauca,8,Electrodomesticos y muebles,1,74.3873
2020-03-01,2020,3,Valle del Cauca,9,Articulos y utensilios domesticos,0,79.0678
2020-03-01,2020,3,Valle del Cauca,10,Aseo del hogar,0,125.0552
2020-03-01,2020,3,Valle del Cauca,11,Informatica y telecomunicaciones,0,81.0139
2020-03-01,2020,3,Valle del Cauca,12,Sonido y video,0,80.1388
2020-03-01,2020,3,Valle del Cauca,14,"Ferreteria, vidrios y pinturas",0,71.6757
2020-03-01,2020,3,Valle del Cauca,15,Otras mercancias de uso domestico,0,80.4642
2020-03-01,2020,3,Otros departamentos,4,Prendas de vestir y textiles,0,44.9231
2020-03-01,2020,3,Otros departamentos,8,Electrodomesticos y muebles,1,74.1402
2020-03-01,2020,3,Otros departamentos,9,Articulos y utensilios domesticos,0,67.5219
2020-03-01,2020,3,Otros departamentos,10,Aseo del hogar,0,131.5681
2020-03-01,2020,3,Otros departamentos,11,Informatica y telecomunicaciones,0,82.9777
2020-03-01,2020,3,Otros departamentos,12,Sonido y video,0,74.8276
2020-03-01,2020,3,Otros departamentos,14,"Ferreteria, vidrios y pinturas",0,68.0919
2020-03-01,2020,3,Otros departamentos,15,Otras mercancias de uso domestico,0,72.4892
2020-04-01,2020,4,Antioquia,4,Prendas de vestir y textiles,0,7.8048
2020-04-01,2020,4,Antioquia,8,Electrodomesticos y muebles,1,35.6954
2020-04-01,2020,4,Antioquia,9,Articulos y utensilios domesticos,0,34.7643
2020-04-01,2020,4,Antioquia,10,Aseo del hogar,0,89.3577
2020-04-01,2020,4,Antioquia,11,Informatica y telecomunicaciones,0,60.0819
2020-04-01,2020,4,Antioquia,12,Sonido y video,0,37.5579
2020-04-01,2020,4,Antioquia,14,"Ferreteria, vidrios y pinturas",0,24.3006
2020-04-01,2020,4,Antioquia,15,Otras mercancias de uso domestico,0,39.9450
2020-04-01,2020,4,Atlantico,4,Prendas de vestir y textiles,0,7.2030
2020-04-01,2020,4,Atlantico,8,Electrodomesticos y muebles,1,22.9386
2020-04-01,2020,4,Atlantico,9,Articulos y utensilios domesticos,0,28.3247
2020-04-01,2020,4,Atlantico,10,Aseo del hogar,0,61.8900
2020-04-01,2020,4,Atlantico,11,Informatica y telecomunicaciones,0,57.9082
2020-04-01,2020,4,Atlantico,12,Sonido y video,0,36.4038
2020-04-01,2020,4,Atlantico,14,"Ferreteria, vidrios y pinturas",0,15.0245
2020-04-01,2020,4,Atlantico,15,Otras mercancias de uso domestico,0,32.9540
2020-04-01,2020,4,Bogota,4,Prendas de vestir y textiles,0,13.1905
2020-04-01,2020,4,Bogota,8,Electrodomesticos y muebles,1,62.6961
2020-04-01,2020,4,Bogota,9,Articulos y utensilios domesticos,0,57.0364
2020-04-01,2020,4,Bogota,10,Aseo del hogar,0,142.8468
2020-04-01,2020,4,Bogota,11,Informatica y telecomunicaciones,0,110.0170
2020-04-01,2020,4,Bogota,12,Sonido y video,0,71.5504
2020-04-01,2020,4,Bogota,14,"Ferreteria, vidrios y pinturas",0,37.1028
2020-04-01,2020,4,Bogota,15,Otras mercancias de uso domestico,0,80.8036
2020-04-01,2020,4,Cundinamarca,4,Prendas de vestir y textiles,0,10.4556
2020-04-01,2020,4,Cundinamarca,8,Electrodomesticos y muebles,1,38.1039
2020-04-01,2020,4,Cundinamarca,9,Articulos y utensilios domesticos,0,43.9930
2020-04-01,2020,4,Cundinamarca,10,Aseo del hogar,0,97.2319
2020-04-01,2020,4,Cundinamarca,11,Informatica y telecomunicaciones,0,93.6015
2020-04-01,2020,4,Cundinamarca,12,Sonido y video,0,51.6928
2020-04-01,2020,4,Cundinamarca,14,"Ferreteria, vidrios y pinturas",0,27.1744
2020-04-01,2020,4,Cundinamarca,15,Otras mercancias de uso domestico,0,52.7862
2020-04-01,2020,4,Santander,4,Prendas de vestir y textiles,0,10.2113
2020-04-01,2020,4,Santander,8,Electrodomesticos y muebles,1,42.2426
2020-04-01,2020,4,Santander,9,Articulos y utensilios domesticos,0,42.2359
2020-04-01,2020,4,Santander,10,Aseo del hogar,0,101.0239
2020-04-01,2020,4,Santander,11,Informatica y telecomunicaciones,0,77.5605
2020-04-01,2020,4,Santander,12,Sonido y video,0,47.3586
2020-04-01,2020,4,Santander,14,"Ferreteria, vidrios y pinturas",0,28.6765
2020-04-01,2020,4,Santander,15,Otras mercancias de uso domestico,0,51.3695
2020-04-01,2020,4,Valle del Cauca,4,Prendas de vestir y textiles,0,7.1509
2020-04-01,2020,4,Valle del Cauca,8,Electrodomesticos y muebles,1,29.3472
2020-04-01,2020,4,Valle del Cauca,9,Articulos y utensilios domesticos,0,32.0175
2020-04-01,2020,4,Valle del Cauca,10,Aseo del hogar,0,66.8965
2020-04-01,2020,4,Valle del Cauca,11,Informatica y telecomunicaciones,0,54.2501
2020-04-01,2020,4,Valle del Cauca,12,Sonido y video,0,38.4560
2020-04-01,2020,4,Valle del Cauca,14,"Ferreteria, vidrios y pinturas",0,20.3093
2020-04-01,2020,4,Valle del Cauca,15,Otras mercancias de uso domestico,0,41.9465
2020-04-01,2020,4,Otros departamentos,4,Prendas de vestir y textiles,0,8.1509
2020-04-01,2020,4,Otros departamentos,8,Electrodomesticos y muebles,1,37.5585
2020-04-01,2020,4,Otros departamentos,9,Articulos y utensilios domesticos,0,35.8307
2020-04-01,2020,4,Otros departamentos,10,Aseo del hogar,0,87.3937
2020-04-01,2020,4,Otros departamentos,11,Informatica y telecomunicaciones,0,69.7830
2020-04-01,2020,4,Otros departamentos,12,Sonido y video,0,39.7239
2020-04-01,2020,4,Otros departamentos,14,"Ferreteria, vidrios y pinturas",0,21.2890
2020-04-01,2020,4,Otros departamentos,15,Otras mercancias de uso domestico,0,48.0013
2020-05-01,2020,5,Antioquia,4,Prendas de vestir y textiles,0,23.3088
2020-05-01,2020,5,Antioquia,8,Electrodomesticos y muebles,1,87.9853
2020-05-01,2020,5,Antioquia,9,Articulos y utensilios domesticos,0,77.2845
2020-05-01,2020,5,Antioquia,10,Aseo del hogar,0,119.4667
2020-05-01,2020,5,Antioquia,11,Informatica y telecomunicaciones,0,111.3053
2020-05-01,2020,5,Antioquia,12,Sonido y video,0,89.5222
2020-05-01,2020,5,Antioquia,14,"Ferreteria, vidrios y pinturas",0,74.7238
2020-05-01,2020,5,Antioquia,15,Otras mercancias de uso domestico,0,59.3996
2020-05-01,2020,5,Atlantico,4,Prendas de vestir y textiles,0,19.9903
2020-05-01,2020,5,Atlantico,8,Electrodomesticos y muebles,1,61.6828
2020-05-01,2020,5,Atlantico,9,Articulos y utensilios domesticos,0,68.2130
2020-05-01,2020,5,Atlantico,10,Aseo del hogar,0,96.9811
2020-05-01,2020,5,Atlantico,11,Informatica y telecomunicaciones,0,81.9398
2020-05-01,2020,5,Atlantico,12,Sonido y video,0,74.5524
2020-05-01,2020,5,Atlantico,14,"Ferreteria, vidrios y pinturas",0,47.1483
2020-05-01,2020,5,Atlantico,15,Otras mercancias de uso domestico,0,47.5714
2020-05-01,2020,5,Bogota,4,Prendas de vestir y textiles,0,28.7573
2020-05-01,2020,5,Bogota,8,Electrodomesticos y muebles,1,118.5220
2020-05-01,2020,5,Bogota,9,Articulos y utensilios domesticos,0,92.4019
2020-05-01,2020,5,Bogota,10,Aseo del hogar,0,164.9512
2020-05-01,2020,5,Bogota,11,Informatica y telecomunicaciones,0,152.1413
2020-05-01,2020,5,Bogota,12,Sonido y video,0,111.3683
2020-05-01,2020,5,Bogota,14,"Ferreteria, vidrios y pinturas",0,83.6899
2020-05-01,2020,5,Bogota,15,Otras mercancias de uso domestico,0,85.5375
2020-05-01,2020,5,Cundinamarca,4,Prendas de vestir y textiles,0,23.6864
2020-05-01,2020,5,Cundinamarca,8,Electrodomesticos y muebles,1,69.8316
2020-05-01,2020,5,Cundinamarca,9,Articulos y utensilios domesticos,0,81.3910
2020-05-01,2020,5,Cundinamarca,10,Aseo del hogar,0,110.3391
2020-05-01,2020,5,Cundinamarca,11,Informatica y telecomunicaciones,0,116.4152
2020-05-01,2020,5,Cundinamarca,12,Sonido y video,0,73.4738
2020-05-01,2020,5,Cundinamarca,14,"Ferreteria, vidrios y pinturas",0,63.9473
2020-05-01,2020,5,Cundinamarca,15,Otras mercancias de uso domestico,0,64.0791
2020-05-01,2020,5,Santander,4,Prendas de vestir y textiles,0,18.6854
2020-05-01,2020,5,Santander,8,Electrodomesticos y muebles,1,75.9307
2020-05-01,2020,5,Santander,9,Articulos y utensilios domesticos,0,68.6827
2020-05-01,2020,5,Santander,10,Aseo del hogar,0,100.3866
2020-05-01,2020,5,Santander,11,Informatica y telecomunicaciones,0,100.1745
2020-05-01,2020,5,Santander,12,Sonido y video,0,61.9315
2020-05-01,2020,5,Santander,14,"Ferreteria, vidrios y pinturas",0,62.0093
2020-05-01,2020,5,Santander,15,Otras mercancias de uso domestico,0,60.9124
2020-05-01,2020,5,Valle del Cauca,4,Prendas de vestir y textiles,0,21.3641
2020-05-01,2020,5,Valle del Cauca,8,Electrodomesticos y muebles,1,73.5111
2020-05-01,2020,5,Valle del Cauca,9,Articulos y utensilios domesticos,0,68.9701
2020-05-01,2020,5,Valle del Cauca,10,Aseo del hogar,0,95.0492
2020-05-01,2020,5,Valle del Cauca,11,Informatica y telecomunicaciones,0,91.8230
2020-05-01,2020,5,Valle del Cauca,12,Sonido y video,0,77.2553
2020-05-01,2020,5,Valle del Cauca,14,"Ferreteria, vidrios y pinturas",0,57.2778
2020-05-01,2020,5,Valle del Cauca,15,Otras mercancias de uso domestico,0,62.2913
2020-05-01,2020,5,Otros departamentos,4,Prendas de vestir y textiles,0,22.2897
2020-05-01,2020,5,Otros departamentos,8,Electrodomesticos y muebles,1,77.1086
2020-05-01,2020,5,Otros departamentos,9,Articulos y utensilios domesticos,0,64.5763
2020-05-01,2020,5,Otros departamentos,10,Aseo del hogar,0,99.4956
2020-05-01,2020,5,Otros departamentos,11,Informatica y telecomunicaciones,0,105.2606
2020-05-01,2020,5,Otros departamentos,12,Sonido y video,0,70.6566
2020-05-01,2020,5,Otros departamentos,14,"Ferreteria, vidrios y pinturas",0,60.0720
2020-05-01,2020,5,Otros departamentos,15,Otras mercancias de uso domestico,0,58.2926
2020-06-01,2020,6,Antioquia,4,Prendas de vestir y textiles,0,51.8141
2020-06-01,2020,6,Antioquia,8,Electrodomesticos y muebles,1,144.6950
2020-06-01,2020,6,Antioquia,9,Articulos y utensilios domesticos,0,97.9233
2020-06-01,2020,6,Antioquia,10,Aseo del hogar,0,131.4727
2020-06-01,2020,6,Antioquia,11,Informatica y telecomunicaciones,0,148.3627
2020-06-01,2020,6,Antioquia,12,Sonido y video,0,190.7952
2020-06-01,2020,6,Antioquia,14,"Ferreteria, vidrios y pinturas",0,100.3705
2020-06-01,2020,6,Antioquia,15,Otras mercancias de uso domestico,0,79.8317
2020-06-01,2020,6,Atlantico,4,Prendas de vestir y textiles,0,30.7053
2020-06-01,2020,6,Atlantico,8,Electrodomesticos y muebles,1,78.0220
2020-06-01,2020,6,Atlantico,9,Articulos y utensilios domesticos,0,65.5424
2020-06-01,2020,6,Atlantico,10,Aseo del hogar,0,88.5276
2020-06-01,2020,6,Atlantico,11,Informatica y telecomunicaciones,0,89.9509
2020-06-01,2020,6,Atlantico,12,Sonido y video,0,102.1826
2020-06-01,2020,6,Atlantico,14,"Ferreteria, vidrios y pinturas",0,54.1727
2020-06-01,2020,6,Atlantico,15,Otras mercancias de uso domestico,0,48.6205
2020-06-01,2020,6,Bogota,4,Prendas de vestir y textiles,0,53.6180
2020-06-01,2020,6,Bogota,8,Electrodomesticos y muebles,1,155.2073
2020-06-01,2020,6,Bogota,9,Articulos y utensilios domesticos,0,102.6332
2020-06-01,2020,6,Bogota,10,Aseo del hogar,0,148.0875
2020-06-01,2020,6,Bogota,11,Informatica y telecomunicaciones,0,156.3891
2020-06-01,2020,6,Bogota,12,Sonido y video,0,160.7042
2020-06-01,2020,6,Bogota,14,"Ferreteria, vidrios y pinturas",0,88.6114
2020-06-01,2020,6,Bogota,15,Otras mercancias de uso domestico,0,77.5350
2020-06-01,2020,6,Cundinamarca,4,Prendas de vestir y textiles,0,45.5667
2020-06-01,2020,6,Cundinamarca,8,Electrodomesticos y muebles,1,112.7224
2020-06-01,2020,6,Cundinamarca,9,Articulos y utensilios domesticos,0,92.2554
2020-06-01,2020,6,Cundinamarca,10,Aseo del hogar,0,96.7585
2020-06-01,2020,6,Cundinamarca,11,Informatica y telecomunicaciones,0,159.5849
2020-06-01,2020,6,Cundinamarca,12,Sonido y video,0,125.8418
2020-06-01,2020,6,Cundinamarca,14,"Ferreteria, vidrios y pinturas",0,89.9781
2020-06-01,2020,6,Cundinamarca,15,Otras mercancias de uso domestico,0,64.8458
2020-06-01,2020,6,Santander,4,Prendas de vestir y textiles,0,38.3686
2020-06-01,2020,6,Santander,8,Electrodomesticos y muebles,1,109.5044
2020-06-01,2020,6,Santander,9,Articulos y utensilios domesticos,0,89.9205
2020-06-01,2020,6,Santander,10,Aseo del hogar,0,105.5749
2020-06-01,2020,6,Santander,11,Informatica y telecomunicaciones,0,130.0124
2020-06-01,2020,6,Santander,12,Sonido y video,0,117.4605
2020-06-01,2020,6,Santander,14,"Ferreteria, vidrios y pinturas",0,87.3681
2020-06-01,2020,6,Santander,15,Otras mercancias de uso domestico,0,75.4146
2020-06-01,2020,6,Valle del Cauca,4,Prendas de vestir y textiles,0,45.3064
2020-06-01,2020,6,Valle del Cauca,8,Electrodomesticos y muebles,1,109.9860
2020-06-01,2020,6,Valle del Cauca,9,Articulos y utensilios domesticos,0,84.1218
2020-06-01,2020,6,Valle del Cauca,10,Aseo del hogar,0,95.1036
2020-06-01,2020,6,Valle del Cauca,11,Informatica y telecomunicaciones,0,120.9752
2020-06-01,2020,6,Valle del Cauca,12,Sonido y video,0,132.3459
2020-06-01,2020,6,Valle del Cauca,14,"Ferreteria, vidrios y pinturas",0,77.0029
2020-06-01,2020,6,Valle del Cauca,15,Otras mercancias de uso domestico,0,73.1420
2020-06-01,2020,6,Otros departamentos,4,Prendas de vestir y textiles,0,45.6470
2020-06-01,2020,6,Otros departamentos,8,Electrodomesticos y muebles,1,115.3810
2020-06-01,2020,6,Otros departamentos,9,Articulos y utensilios domesticos,0,86.8731
2020-06-01,2020,6,Otros departamentos,10,Aseo del hogar,0,107.7862
2020-06-01,2020,6,Otros departamentos,11,Informatica y telecomunicaciones,0,135.1158
2020-06-01,2020,6,Otros departamentos,12,Sonido y video,0,127.6440
2020-06-01,2020,6,Otros departamentos,14,"Ferreteria, vidrios y pinturas",0,76.9437
2020-06-01,2020,6,Otros departamentos,15,Otras mercancias de uso domestico,0,75.2811
2020-07-01,2020,7,Antioquia,4,Prendas de vestir y textiles,0,46.3523
2020-07-01,2020,7,Antioquia,8,Electrodomesticos y muebles,1,124.9811
2020-07-01,2020,7,Antioquia,9,Articulos y utensilios domesticos,0,82.9776
2020-07-01,2020,7,Antioquia,10,Aseo del hogar,0,127.7625
2020-07-01,2020,7,Antioquia,11,Informatica y telecomunicaciones,0,149.7707
2020-07-01,2020,7,Antioquia,12,Sonido y video,0,138.4903
2020-07-01,2020,7,Antioquia,14,"Ferreteria, vidrios y pinturas",0,93.8638
2020-07-01,2020,7,Antioquia,15,Otras mercancias de uso domestico,0,70.2851
2020-07-01,2020,7,Atlantico,4,Prendas de vestir y textiles,0,32.3560
2020-07-01,2020,7,Atlantico,8,Electrodomesticos y muebles,1,79.2054
2020-07-01,2020,7,Atlantico,9,Articulos y utensilios domesticos,0,65.3953
2020-07-01,2020,7,Atlantico,10,Aseo del hogar,0,91.9031
2020-07-01,2020,7,Atlantico,11,Informatica y telecomunicaciones,0,92.3638
2020-07-01,2020,7,Atlantico,12,Sonido y video,0,89.7342
2020-07-01,2020,7,Atlantico,14,"Ferreteria, vidrios y pinturas",0,61.7817
2020-07-01,2020,7,Atlantico,15,Otras mercancias de uso domestico,0,49.7039
2020-07-01,2020,7,Bogota,4,Prendas de vestir y textiles,0,62.6394
2020-07-01,2020,7,Bogota,8,Electrodomesticos y muebles,1,164.4245
2020-07-01,2020,7,Bogota,9,Articulos y utensilios domesticos,0,109.9710
2020-07-01,2020,7,Bogota,10,Aseo del hogar,0,141.9802
2020-07-01,2020,7,Bogota,11,Informatica y telecomunicaciones,0,170.2887
2020-07-01,2020,7,Bogota,12,Sonido y video,0,144.4300
2020-07-01,2020,7,Bogota,14,"Ferreteria, vidrios y pinturas",0,111.2825
2020-07-01,2020,7,Bogota,15,Otras mercancias de uso domestico,0,86.5250
2020-07-01,2020,7,Cundinamarca,4,Prendas de vestir y textiles,0,56.0709
2020-07-01,2020,7,Cundinamarca,8,Electrodomesticos y muebles,1,130.2420
2020-07-01,2020,7,Cundinamarca,9,Articulos y utensilios domesticos,0,99.7014
2020-07-01,2020,7,Cundinamarca,10,Aseo del hogar,0,115.7471
2020-07-01,2020,7,Cundinamarca,11,Informatica y telecomunicaciones,0,189.1153
2020-07-01,2020,7,Cundinamarca,12,Sonido y video,0,127.9678
2020-07-01,2020,7,Cundinamarca,14,"Ferreteria, vidrios y pinturas",0,115.0586
2020-07-01,2020,7,Cundinamarca,15,Otras mercancias de uso domestico,0,77.5793
2020-07-01,2020,7,Santander,4,Prendas de vestir y textiles,0,41.8732
2020-07-01,2020,7,Santander,8,Electrodomesticos y muebles,1,108.8070
2020-07-01,2020,7,Santander,9,Articulos y utensilios domesticos,0,92.7202
2020-07-01,2020,7,Santander,10,Aseo del hogar,0,123.6889
2020-07-01,2020,7,Santander,11,Informatica y telecomunicaciones,0,164.9622
2020-07-01,2020,7,Santander,12,Sonido y video,0,128.3998
2020-07-01,2020,7,Santander,14,"Ferreteria, vidrios y pinturas",0,114.3112
2020-07-01,2020,7,Santander,15,Otras mercancias de uso domestico,0,80.0882
2020-07-01,2020,7,Valle del Cauca,4,Prendas de vestir y textiles,0,50.9087
2020-07-01,2020,7,Valle del Cauca,8,Electrodomesticos y muebles,1,117.5273
2020-07-01,2020,7,Valle del Cauca,9,Articulos y utensilios domesticos,0,85.7476
2020-07-01,2020,7,Valle del Cauca,10,Aseo del hogar,0,101.4005
2020-07-01,2020,7,Valle del Cauca,11,Informatica y telecomunicaciones,0,126.0036
2020-07-01,2020,7,Valle del Cauca,12,Sonido y video,0,142.8662
2020-07-01,2020,7,Valle del Cauca,14,"Ferreteria, vidrios y pinturas",0,90.0479
2020-07-01,2020,7,Valle del Cauca,15,Otras mercancias de uso domestico,0,74.0904
2020-07-01,2020,7,Otros departamentos,4,Prendas de vestir y textiles,0,45.3905
2020-07-01,2020,7,Otros departamentos,8,Electrodomesticos y muebles,1,122.6661
2020-07-01,2020,7,Otros departamentos,9,Articulos y utensilios domesticos,0,99.3381
2020-07-01,2020,7,Otros departamentos,10,Aseo del hogar,0,127.6917
2020-07-01,2020,7,Otros departamentos,11,Informatica y telecomunicaciones,0,137.7250
2020-07-01,2020,7,Otros departamentos,12,Sonido y video,0,127.5510
2020-07-01,2020,7,Otros departamentos,14,"Ferreteria, vidrios y pinturas",0,88.0694
2020-07-01,2020,7,Otros departamentos,15,Otras mercancias de uso domestico,0,83.3499
2020-08-01,2020,8,Antioquia,4,Prendas de vestir y textiles,0,47.5809
2020-08-01,2020,8,Antioquia,8,Electrodomesticos y muebles,1,108.8208
2020-08-01,2020,8,Antioquia,9,Articulos y utensilios domesticos,0,89.3048
2020-08-01,2020,8,Antioquia,10,Aseo del hogar,0,121.9025
2020-08-01,2020,8,Antioquia,11,Informatica y telecomunicaciones,0,159.5547
2020-08-01,2020,8,Antioquia,12,Sonido y video,0,115.2078
2020-08-01,2020,8,Antioquia,14,"Ferreteria, vidrios y pinturas",0,98.8759
2020-08-01,2020,8,Antioquia,15,Otras mercancias de uso domestico,0,67.4320
2020-08-01,2020,8,Atlantico,4,Prendas de vestir y textiles,0,44.2787
2020-08-01,2020,8,Atlantico,8,Electrodomesticos y muebles,1,113.5092
2020-08-01,2020,8,Atlantico,9,Articulos y utensilios domesticos,0,97.8001
2020-08-01,2020,8,Atlantico,10,Aseo del hogar,0,109.1150
2020-08-01,2020,8,Atlantico,11,Informatica y telecomunicaciones,0,126.2115
2020-08-01,2020,8,Atlantico,12,Sonido y video,0,94.8217
2020-08-01,2020,8,Atlantico,14,"Ferreteria, vidrios y pinturas",0,96.0413
2020-08-01,2020,8,Atlantico,15,Otras mercancias de uso domestico,0,75.9295
2020-08-01,2020,8,Bogota,4,Prendas de vestir y textiles,0,52.3479
2020-08-01,2020,8,Bogota,8,Electrodomesticos y muebles,1,129.7601
2020-08-01,2020,8,Bogota,9,Articulos y utensilios domesticos,0,88.6607
2020-08-01,2020,8,Bogota,10,Aseo del hogar,0,122.2855
2020-08-01,2020,8,Bogota,11,Informatica y telecomunicaciones,0,153.6864
2020-08-01,2020,8,Bogota,12,Sonido y video,0,117.0397
2020-08-01,2020,8,Bogota,14,"Ferreteria, vidrios y pinturas",0,92.1694
2020-08-01,2020,8,Bogota,15,Otras mercancias de uso domestico,0,84.5800
2020-08-01,2020,8,Cundinamarca,4,Prendas de vestir y textiles,0,60.3131
2020-08-01,2020,8,Cundinamarca,8,Electrodomesticos y muebles,1,115.7258
2020-08-01,2020,8,Cundinamarca,9,Articulos y utensilios domesticos,0,109.2246
2020-08-01,2020,8,Cundinamarca,10,Aseo del hogar,0,128.6131
2020-08-01,2020,8,Cundinamarca,11,Informatica y telecomunicaciones,0,200.4091
2020-08-01,2020,8,Cundinamarca,12,Sonido y video,0,114.2310
2020-08-01,2020,8,Cundinamarca,14,"Ferreteria, vidrios y pinturas",0,115.7369
2020-08-01,2020,8,Cundinamarca,15,Otras mercancias de uso domestico,0,94.6329
2020-08-01,2020,8,Santander,4,Prendas de vestir y textiles,0,35.6945
2020-08-01,2020,8,Santander,8,Electrodomesticos y muebles,1,89.4512
2020-08-01,2020,8,Santander,9,Articulos y utensilios domesticos,0,80.8782
2020-08-01,2020,8,Santander,10,Aseo del hogar,0,106.3357
2020-08-01,2020,8,Santander,11,Informatica y telecomunicaciones,0,141.3629
2020-08-01,2020,8,Santander,12,Sonido y video,0,96.1216
2020-08-01,2020,8,Santander,14,"Ferreteria, vidrios y pinturas",0,89.7063
2020-08-01,2020,8,Santander,15,Otras mercancias de uso domestico,0,74.4649
2020-08-01,2020,8,Valle del Cauca,4,Prendas de vestir y textiles,0,54.2159
2020-08-01,2020,8,Valle del Cauca,8,Electrodomesticos y muebles,1,104.4561
2020-08-01,2020,8,Valle del Cauca,9,Articulos y utensilios domesticos,0,92.0831
2020-08-01,2020,8,Valle del Cauca,10,Aseo del hogar,0,108.5653
2020-08-01,2020,8,Valle del Cauca,11,Informatica y telecomunicaciones,0,131.8483
2020-08-01,2020,8,Valle del Cauca,12,Sonido y video,0,104.6189
2020-08-01,2020,8,Valle del Cauca,14,"Ferreteria, vidrios y pinturas",0,101.2228
2020-08-01,2020,8,Valle del Cauca,15,Otras mercancias de uso domestico,0,77.9142
2020-08-01,2020,8,Otros departamentos,4,Prendas de vestir y textiles,0,46.1578
2020-08-01,2020,8,Otros departamentos,8,Electrodomesticos y muebles,1,101.5082
2020-08-01,2020,8,Otros departamentos,9,Articulos y utensilios domesticos,0,90.1742
2020-08-01,2020,8,Otros departamentos,10,Aseo del hogar,0,126.2627
2020-08-01,2020,8,Otros departamentos,11,Informatica y telecomunicaciones,0,138.1228
2020-08-01,2020,8,Otros departamentos,12,Sonido y video,0,101.4157
2020-08-01,2020,8,Otros departamentos,14,"Ferreteria, vidrios y pinturas",0,90.1570
2020-08-01,2020,8,Otros departamentos,15,Otras mercancias de uso domestico,0,80.4315
2020-09-01,2020,9,Antioquia,4,Prendas de vestir y textiles,0,80.7368
2020-09-01,2020,9,Antioquia,8,Electrodomesticos y muebles,1,119.9227
2020-09-01,2020,9,Antioquia,9,Articulos y utensilios domesticos,0,119.5185
2020-09-01,2020,9,Antioquia,10,Aseo del hogar,0,128.3107
2020-09-01,2020,9,Antioquia,11,Informatica y telecomunicaciones,0,166.9701
2020-09-01,2020,9,Antioquia,12,Sonido y video,0,123.1935
2020-09-01,2020,9,Antioquia,14,"Ferreteria, vidrios y pinturas",0,123.5233
2020-09-01,2020,9,Antioquia,15,Otras mercancias de uso domestico,0,95.7214
2020-09-01,2020,9,Atlantico,4,Prendas de vestir y textiles,0,69.2905
2020-09-01,2020,9,Atlantico,8,Electrodomesticos y muebles,1,112.2794
2020-09-01,2020,9,Atlantico,9,Articulos y utensilios domesticos,0,107.1415
2020-09-01,2020,9,Atlantico,10,Aseo del hogar,0,117.3679
2020-09-01,2020,9,Atlantico,11,Informatica y telecomunicaciones,0,115.0464
2020-09-01,2020,9,Atlantico,12,Sonido y video,0,99.0868
2020-09-01,2020,9,Atlantico,14,"Ferreteria, vidrios y pinturas",0,108.5131
2020-09-01,2020,9,Atlantico,15,Otras mercancias de uso domestico,0,92.4850
2020-09-01,2020,9,Bogota,4,Prendas de vestir y textiles,0,77.3533
2020-09-01,2020,9,Bogota,8,Electrodomesticos y muebles,1,139.1815
2020-09-01,2020,9,Bogota,9,Articulos y utensilios domesticos,0,101.9782
2020-09-01,2020,9,Bogota,10,Aseo del hogar,0,119.9269
2020-09-01,2020,9,Bogota,11,Informatica y telecomunicaciones,0,135.3155
2020-09-01,2020,9,Bogota,12,Sonido y video,0,106.9329
2020-09-01,2020,9,Bogota,14,"Ferreteria, vidrios y pinturas",0,101.5049
2020-09-01,2020,9,Bogota,15,Otras mercancias de uso domestico,0,92.7778
2020-09-01,2020,9,Cundinamarca,4,Prendas de vestir y textiles,0,97.1680
2020-09-01,2020,9,Cundinamarca,8,Electrodomesticos y muebles,1,126.1988
2020-09-01,2020,9,Cundinamarca,9,Articulos y utensilios domesticos,0,122.1704
2020-09-01,2020,9,Cundinamarca,10,Aseo del hogar,0,144.4633
2020-09-01,2020,9,Cundinamarca,11,Informatica y telecomunicaciones,0,188.1423
2020-09-01,2020,9,Cundinamarca,12,Sonido y video,0,131.0447
2020-09-01,2020,9,Cundinamarca,14,"Ferreteria, vidrios y pinturas",0,126.5810
2020-09-01,2020,9,Cundinamarca,15,Otras mercancias de uso domestico,0,107.0668
2020-09-01,2020,9,Santander,4,Prendas de vestir y textiles,0,73.6771
2020-09-01,2020,9,Santander,8,Electrodomesticos y muebles,1,109.8063
2020-09-01,2020,9,Santander,9,Articulos y utensilios domesticos,0,103.2664
2020-09-01,2020,9,Santander,10,Aseo del hogar,0,125.2689
2020-09-01,2020,9,Santander,11,Informatica y telecomunicaciones,0,148.0193
2020-09-01,2020,9,Santander,12,Sonido y video,0,106.6647
2020-09-01,2020,9,Santander,14,"Ferreteria, vidrios y pinturas",0,115.3646
2020-09-01,2020,9,Santander,15,Otras mercancias de uso domestico,0,100.4125
2020-09-01,2020,9,Valle del Cauca,4,Prendas de vestir y textiles,0,75.8218
2020-09-01,2020,9,Valle del Cauca,8,Electrodomesticos y muebles,1,112.5506
2020-09-01,2020,9,Valle del Cauca,9,Articulos y utensilios domesticos,0,100.7049
2020-09-01,2020,9,Valle del Cauca,10,Aseo del hogar,0,109.0774
2020-09-01,2020,9,Valle del Cauca,11,Informatica y telecomunicaciones,0,122.9830
2020-09-01,2020,9,Valle del Cauca,12,Sonido y video,0,112.5828
2020-09-01,2020,9,Valle del Cauca,14,"Ferreteria, vidrios y pinturas",0,113.8291
2020-09-01,2020,9,Valle del Cauca,15,Otras mercancias de uso domestico,0,89.3632
2020-09-01,2020,9,Otros departamentos,4,Prendas de vestir y textiles,0,69.8480
2020-09-01,2020,9,Otros departamentos,8,Electrodomesticos y muebles,1,98.2900
2020-09-01,2020,9,Otros departamentos,9,Articulos y utensilios domesticos,0,102.7872
2020-09-01,2020,9,Otros departamentos,10,Aseo del hogar,0,127.4495
2020-09-01,2020,9,Otros departamentos,11,Informatica y telecomunicaciones,0,123.1811
2020-09-01,2020,9,Otros departamentos,12,Sonido y video,0,100.8445
2020-09-01,2020,9,Otros departamentos,14,"Ferreteria, vidrios y pinturas",0,104.6685
2020-09-01,2020,9,Otros departamentos,15,Otras mercancias de uso domestico,0,79.9277
2020-10-01,2020,10,Antioquia,4,Prendas de vestir y textiles,0,94.7231
2020-10-01,2020,10,Antioquia,8,Electrodomesticos y muebles,1,142.3945
2020-10-01,2020,10,Antioquia,9,Articulos y utensilios domesticos,0,121.5684
2020-10-01,2020,10,Antioquia,10,Aseo del hogar,0,128.3321
2020-10-01,2020,10,Antioquia,11,Informatica y telecomunicaciones,0,145.3154
2020-10-01,2020,10,Antioquia,12,Sonido y video,0,135.4890
2020-10-01,2020,10,Antioquia,14,"Ferreteria, vidrios y pinturas",0,132.4283
2020-10-01,2020,10,Antioquia,15,Otras mercancias de uso domestico,0,95.7719
2020-10-01,2020,10,Atlantico,4,Prendas de vestir y textiles,0,87.7079
2020-10-01,2020,10,Atlantico,8,Electrodomesticos y muebles,1,134.6537
2020-10-01,2020,10,Atlantico,9,Articulos y utensilios domesticos,0,120.2903
2020-10-01,2020,10,Atlantico,10,Aseo del hogar,0,116.3319
2020-10-01,2020,10,Atlantico,11,Informatica y telecomunicaciones,0,114.7616
2020-10-01,2020,10,Atlantico,12,Sonido y video,0,102.2759
2020-10-01,2020,10,Atlantico,14,"Ferreteria, vidrios y pinturas",0,125.9697
2020-10-01,2020,10,Atlantico,15,Otras mercancias de uso domestico,0,101.6783
2020-10-01,2020,10,Bogota,4,Prendas de vestir y textiles,0,94.8096
2020-10-01,2020,10,Bogota,8,Electrodomesticos y muebles,1,131.4626
2020-10-01,2020,10,Bogota,9,Articulos y utensilios domesticos,0,113.7521
2020-10-01,2020,10,Bogota,10,Aseo del hogar,0,142.0923
2020-10-01,2020,10,Bogota,11,Informatica y telecomunicaciones,0,130.2478
2020-10-01,2020,10,Bogota,12,Sonido y video,0,115.9323
2020-10-01,2020,10,Bogota,14,"Ferreteria, vidrios y pinturas",0,110.1695
2020-10-01,2020,10,Bogota,15,Otras mercancias de uso domestico,0,100.6481
2020-10-01,2020,10,Cundinamarca,4,Prendas de vestir y textiles,0,101.4867
2020-10-01,2020,10,Cundinamarca,8,Electrodomesticos y muebles,1,131.5948
2020-10-01,2020,10,Cundinamarca,9,Articulos y utensilios domesticos,0,138.8456
2020-10-01,2020,10,Cundinamarca,10,Aseo del hogar,0,142.4529
2020-10-01,2020,10,Cundinamarca,11,Informatica y telecomunicaciones,0,173.2613
2020-10-01,2020,10,Cundinamarca,12,Sonido y video,0,130.5291
2020-10-01,2020,10,Cundinamarca,14,"Ferreteria, vidrios y pinturas",0,133.0522
2020-10-01,2020,10,Cundinamarca,15,Otras mercancias de uso domestico,0,115.2829
2020-10-01,2020,10,Santander,4,Prendas de vestir y textiles,0,91.0661
2020-10-01,2020,10,Santander,8,Electrodomesticos y muebles,1,126.4172
2020-10-01,2020,10,Santander,9,Articulos y utensilios domesticos,0,100.5945
2020-10-01,2020,10,Santander,10,Aseo del hogar,0,123.6705
2020-10-01,2020,10,Santander,11,Informatica y telecomunicaciones,0,137.8158
2020-10-01,2020,10,Santander,12,Sonido y video,0,103.4814
2020-10-01,2020,10,Santander,14,"Ferreteria, vidrios y pinturas",0,123.0125
2020-10-01,2020,10,Santander,15,Otras mercancias de uso domestico,0,117.9076
2020-10-01,2020,10,Valle del Cauca,4,Prendas de vestir y textiles,0,90.5033
2020-10-01,2020,10,Valle del Cauca,8,Electrodomesticos y muebles,1,120.9574
2020-10-01,2020,10,Valle del Cauca,9,Articulos y utensilios domesticos,0,124.0874
2020-10-01,2020,10,Valle del Cauca,10,Aseo del hogar,0,133.0548
2020-10-01,2020,10,Valle del Cauca,11,Informatica y telecomunicaciones,0,117.6987
2020-10-01,2020,10,Valle del Cauca,12,Sonido y video,0,115.6644
2020-10-01,2020,10,Valle del Cauca,14,"Ferreteria, vidrios y pinturas",0,115.4318
2020-10-01,2020,10,Valle del Cauca,15,Otras mercancias de uso domestico,0,111.4915
2020-10-01,2020,10,Otros departamentos,4,Prendas de vestir y textiles,0,78.7507
2020-10-01,2020,10,Otros departamentos,8,Electrodomesticos y muebles,1,105.6922
2020-10-01,2020,10,Otros departamentos,9,Articulos y utensilios domesticos,0,113.4935
2020-10-01,2020,10,Otros departamentos,10,Aseo del hogar,0,126.2442
2020-10-01,2020,10,Otros departamentos,11,Informatica y telecomunicaciones,0,119.0536
2020-10-01,2020,10,Otros departamentos,12,Sonido y video,0,127.6629
2020-10-01,2020,10,Otros departamentos,14,"Ferreteria, vidrios y pinturas",0,113.7939
2020-10-01,2020,10,Otros departamentos,15,Otras mercancias de uso domestico,0,95.5112
2020-11-01,2020,11,Antioquia,4,Prendas de vestir y textiles,0,138.2478
2020-11-01,2020,11,Antioquia,8,Electrodomesticos y muebles,1,173.1433
2020-11-01,2020,11,Antioquia,9,Articulos y utensilios domesticos,0,140.0144
2020-11-01,2020,11,Antioquia,10,Aseo del hogar,0,127.7493
2020-11-01,2020,11,Antioquia,11,Informatica y telecomunicaciones,0,193.9086
2020-11-01,2020,11,Antioquia,12,Sonido y video,0,213.1910
2020-11-01,2020,11,Antioquia,14,"Ferreteria, vidrios y pinturas",0,120.1339
2020-11-01,2020,11,Antioquia,15,Otras mercancias de uso domestico,0,117.3878
2020-11-01,2020,11,Atlantico,4,Prendas de vestir y textiles,0,129.5918
2020-11-01,2020,11,Atlantico,8,Electrodomesticos y muebles,1,155.7115
2020-11-01,2020,11,Atlantico,9,Articulos y utensilios domesticos,0,140.0834
2020-11-01,2020,11,Atlantico,10,Aseo del hogar,0,121.6030
2020-11-01,2020,11,Atlantico,11,Informatica y telecomunicaciones,0,171.2491
2020-11-01,2020,11,Atlantico,12,Sonido y video,0,193.1016
2020-11-01,2020,11,Atlantico,14,"Ferreteria, vidrios y pinturas",0,134.4623
2020-11-01,2020,11,Atlantico,15,Otras mercancias de uso domestico,0,131.1396
2020-11-01,2020,11,Bogota,4,Prendas de vestir y textiles,0,137.5533
2020-11-01,2020,11,Bogota,8,Electrodomesticos y muebles,1,193.5970
2020-11-01,2020,11,Bogota,9,Articulos y utensilios domesticos,0,140.8342
2020-11-01,2020,11,Bogota,10,Aseo del hogar,0,147.7114
2020-11-01,2020,11,Bogota,11,Informatica y telecomunicaciones,0,212.2986
2020-11-01,2020,11,Bogota,12,Sonido y video,0,238.7705
2020-11-01,2020,11,Bogota,14,"Ferreteria, vidrios y pinturas",0,133.8613
2020-11-01,2020,11,Bogota,15,Otras mercancias de uso domestico,0,142.4216
2020-11-01,2020,11,Cundinamarca,4,Prendas de vestir y textiles,0,150.1574
2020-11-01,2020,11,Cundinamarca,8,Electrodomesticos y muebles,1,154.9481
2020-11-01,2020,11,Cundinamarca,9,Articulos y utensilios domesticos,0,149.9319
2020-11-01,2020,11,Cundinamarca,10,Aseo del hogar,0,130.9840
2020-11-01,2020,11,Cundinamarca,11,Informatica y telecomunicaciones,0,224.5735
2020-11-01,2020,11,Cundinamarca,12,Sonido y video,0,235.8009
2020-11-01,2020,11,Cundinamarca,14,"Ferreteria, vidrios y pinturas",0,138.1758
2020-11-01,2020,11,Cundinamarca,15,Otras mercancias de uso domestico,0,136.2688
2020-11-01,2020,11,Santander,4,Prendas de vestir y textiles,0,135.1858
2020-11-01,2020,11,Santander,8,Electrodomesticos y muebles,1,176.0105
2020-11-01,2020,11,Santander,9,Articulos y utensilios domesticos,0,113.3949
2020-11-01,2020,11,Santander,10,Aseo del hogar,0,123.7717
2020-11-01,2020,11,Santander,11,Informatica y telecomunicaciones,0,184.5722
2020-11-01,2020,11,Santander,12,Sonido y video,0,196.1395
2020-11-01,2020,11,Santander,14,"Ferreteria, vidrios y pinturas",0,138.2063
2020-11-01,2020,11,Santander,15,Otras mercancias de uso domestico,0,139.0249
2020-11-01,2020,11,Valle del Cauca,4,Prendas de vestir y textiles,0,115.3904
2020-11-01,2020,11,Valle del Cauca,8,Electrodomesticos y muebles,1,162.2680
2020-11-01,2020,11,Valle del Cauca,9,Articulos y utensilios domesticos,0,129.6263
2020-11-01,2020,11,Valle del Cauca,10,Aseo del hogar,0,139.4220
2020-11-01,2020,11,Valle del Cauca,11,Informatica y telecomunicaciones,0,161.7158
2020-11-01,2020,11,Valle del Cauca,12,Sonido y video,0,206.5337
2020-11-01,2020,11,Valle del Cauca,14,"Ferreteria, vidrios y pinturas",0,111.7351
2020-11-01,2020,11,Valle del Cauca,15,Otras mercancias de uso domestico,0,137.5143
2020-11-01,2020,11,Otros departamentos,4,Prendas de vestir y textiles,0,102.5472
2020-11-01,2020,11,Otros departamentos,8,Electrodomesticos y muebles,1,143.8115
2020-11-01,2020,11,Otros departamentos,9,Articulos y utensilios domesticos,0,122.2787
2020-11-01,2020,11,Otros departamentos,10,Aseo del hogar,0,121.0335
2020-11-01,2020,11,Otros departamentos,11,Informatica y telecomunicaciones,0,165.3598
2020-11-01,2020,11,Otros departamentos,12,Sonido y video,0,209.4652
2020-11-01,2020,11,Otros departamentos,14,"Ferreteria, vidrios y pinturas",0,121.1898
2020-11-01,2020,11,Otros departamentos,15,Otras mercancias de uso domestico,0,117.8427
2020-12-01,2020,12,Antioquia,4,Prendas de vestir y textiles,0,231.6267
2020-12-01,2020,12,Antioquia,8,Electrodomesticos y muebles,1,135.8051
2020-12-01,2020,12,Antioquia,9,Articulos y utensilios domesticos,0,150.4356
2020-12-01,2020,12,Antioquia,10,Aseo del hogar,0,129.6835
2020-12-01,2020,12,Antioquia,11,Informatica y telecomunicaciones,0,165.4207
2020-12-01,2020,12,Antioquia,12,Sonido y video,0,129.5093
2020-12-01,2020,12,Antioquia,14,"Ferreteria, vidrios y pinturas",0,108.9792
2020-12-01,2020,12,Antioquia,15,Otras mercancias de uso domestico,0,133.7182
2020-12-01,2020,12,Atlantico,4,Prendas de vestir y textiles,0,231.6542
2020-12-01,2020,12,Atlantico,8,Electrodomesticos y muebles,1,118.7267
2020-12-01,2020,12,Atlantico,9,Articulos y utensilios domesticos,0,161.3936
2020-12-01,2020,12,Atlantico,10,Aseo del hogar,0,141.4039
2020-12-01,2020,12,Atlantico,11,Informatica y telecomunicaciones,0,176.8672
2020-12-01,2020,12,Atlantico,12,Sonido y video,0,116.2582
2020-12-01,2020,12,Atlantico,14,"Ferreteria, vidrios y pinturas",0,115.7152
2020-12-01,2020,12,Atlantico,15,Otras mercancias de uso domestico,0,168.5081
2020-12-01,2020,12,Bogota,4,Prendas de vestir y textiles,0,237.7048
2020-12-01,2020,12,Bogota,8,Electrodomesticos y muebles,1,122.1604
2020-12-01,2020,12,Bogota,9,Articulos y utensilios domesticos,0,138.6703
2020-12-01,2020,12,Bogota,10,Aseo del hogar,0,142.0290
2020-12-01,2020,12,Bogota,11,Informatica y telecomunicaciones,0,177.6236
2020-12-01,2020,12,Bogota,12,Sonido y video,0,141.4447
2020-12-01,2020,12,Bogota,14,"Ferreteria, vidrios y pinturas",0,113.5854
2020-12-01,2020,12,Bogota,15,Otras mercancias de uso domestico,0,159.6592
2020-12-01,2020,12,Cundinamarca,4,Prendas de vestir y textiles,0,242.1263
2020-12-01,2020,12,Cundinamarca,8,Electrodomesticos y muebles,1,118.9629
2020-12-01,2020,12,Cundinamarca,9,Articulos y utensilios domesticos,0,173.5641
2020-12-01,2020,12,Cundinamarca,10,Aseo del hogar,0,156.8290
2020-12-01,2020,12,Cundinamarca,11,Informatica y telecomunicaciones,0,191.9424
2020-12-01,2020,12,Cundinamarca,12,Sonido y video,0,143.9821
2020-12-01,2020,12,Cundinamarca,14,"Ferreteria, vidrios y pinturas",0,118.6614
2020-12-01,2020,12,Cundinamarca,15,Otras mercancias de uso domestico,0,162.9562
2020-12-01,2020,12,Santander,4,Prendas de vestir y textiles,0,239.0972
2020-12-01,2020,12,Santander,8,Electrodomesticos y muebles,1,120.8555
2020-12-01,2020,12,Santander,9,Articulos y utensilios domesticos,0,135.2837
2020-12-01,2020,12,Santander,10,Aseo del hogar,0,137.3777
2020-12-01,2020,12,Santander,11,Informatica y telecomunicaciones,0,164.7774
2020-12-01,2020,12,Santander,12,Sonido y video,0,124.4237
2020-12-01,2020,12,Santander,14,"Ferreteria, vidrios y pinturas",0,102.2254
2020-12-01,2020,12,Santander,15,Otras mercancias de uso domestico,0,161.5393
2020-12-01,2020,12,Valle del Cauca,4,Prendas de vestir y textiles,0,193.8023
2020-12-01,2020,12,Valle del Cauca,8,Electrodomesticos y muebles,1,121.6204
2020-12-01,2020,12,Valle del Cauca,9,Articulos y utensilios domesticos,0,134.2456
2020-12-01,2020,12,Valle del Cauca,10,Aseo del hogar,0,134.2784
2020-12-01,2020,12,Valle del Cauca,11,Informatica y telecomunicaciones,0,157.7069
2020-12-01,2020,12,Valle del Cauca,12,Sonido y video,0,117.6817
2020-12-01,2020,12,Valle del Cauca,14,"Ferreteria, vidrios y pinturas",0,95.8241
2020-12-01,2020,12,Valle del Cauca,15,Otras mercancias de uso domestico,0,154.7240
2020-12-01,2020,12,Otros departamentos,4,Prendas de vestir y textiles,0,197.6508
2020-12-01,2020,12,Otros departamentos,8,Electrodomesticos y muebles,1,125.2694
2020-12-01,2020,12,Otros departamentos,9,Articulos y utensilios domesticos,0,138.2117
2020-12-01,2020,12,Otros departamentos,10,Aseo del hogar,0,146.8086
2020-12-01,2020,12,Otros departamentos,11,Informatica y telecomunicaciones,0,173.1327
2020-12-01,2020,12,Otros departamentos,12,Sonido y video,0,141.3734
2020-12-01,2020,12,Otros departamentos,14,"Ferreteria, vidrios y pinturas",0,122.1019
2020-12-01,2020,12,Otros departamentos,15,Otras mercancias de uso domestico,0,166.7578
2021-01-01,2021,1,Antioquia,4,Prendas de vestir y textiles,0,67.2159
2021-01-01,2021,1,Antioquia,8,Electrodomesticos y muebles,1,121.7503
2021-01-01,2021,1,Antioquia,9,Articulos y utensilios domesticos,0,102.8762
2021-01-01,2021,1,Antioquia,10,Aseo del hogar,0,132.5104
2021-01-01,2021,1,Antioquia,11,Informatica y telecomunicaciones,0,146.0583
2021-01-01,2021,1,Antioquia,12,Sonido y video,0,98.6474
2021-01-01,2021,1,Antioquia,14,"Ferreteria, vidrios y pinturas",0,109.9598
2021-01-01,2021,1,Antioquia,15,Otras mercancias de uso domestico,0,82.6494
2021-01-01,2021,1,Atlantico,4,Prendas de vestir y textiles,0,66.9693
2021-01-01,2021,1,Atlantico,8,Electrodomesticos y muebles,1,127.6920
2021-01-01,2021,1,Atlantico,9,Articulos y utensilios domesticos,0,110.7062
2021-01-01,2021,1,Atlantico,10,Aseo del hogar,0,150.9691
2021-01-01,2021,1,Atlantico,11,Informatica y telecomunicaciones,0,157.5906
2021-01-01,2021,1,Atlantico,12,Sonido y video,0,90.4405
2021-01-01,2021,1,Atlantico,14,"Ferreteria, vidrios y pinturas",0,109.9245
2021-01-01,2021,1,Atlantico,15,Otras mercancias de uso domestico,0,96.7712
2021-01-01,2021,1,Bogota,4,Prendas de vestir y textiles,0,49.2880
2021-01-01,2021,1,Bogota,8,Electrodomesticos y muebles,1,85.2003
2021-01-01,2021,1,Bogota,9,Articulos y utensilios domesticos,0,66.3762
2021-01-01,2021,1,Bogota,10,Aseo del hogar,0,109.7292
2021-01-01,2021,1,Bogota,11,Informatica y telecomunicaciones,0,121.2813
2021-01-01,2021,1,Bogota,12,Sonido y video,0,73.9539
2021-01-01,2021,1,Bogota,14,"Ferreteria, vidrios y pinturas",0,75.1695
2021-01-01,2021,1,Bogota,15,Otras mercancias de uso domestico,0,71.1553
2021-01-01,2021,1,Cundinamarca,4,Prendas de vestir y textiles,0,69.9977
2021-01-01,2021,1,Cundinamarca,8,Electrodomesticos y muebles,1,108.5933
2021-01-01,2021,1,Cundinamarca,9,Articulos y utensilios domesticos,0,113.4413
2021-01-01,2021,1,Cundinamarca,10,Aseo del hogar,0,157.2196
2021-01-01,2021,1,Cundinamarca,11,Informatica y telecomunicaciones,0,192.5349
2021-01-01,2021,1,Cundinamarca,12,Sonido y video,0,108.2005
2021-01-01,2021,1,Cundinamarca,14,"Ferreteria, vidrios y pinturas",0,114.8761
2021-01-01,2021,1,Cundinamarca,15,Otras mercancias de uso domestico,0,98.6265
2021-01-01,2021,1,Santander,4,Prendas de vestir y textiles,0,62.9505
2021-01-01,2021,1,Santander,8,Electrodomesticos y muebles,1,100.1544
2021-01-01,2021,1,Santander,9,Articulos y utensilios domesticos,0,76.9660
2021-01-01,2021,1,Santander,10,Aseo del hogar,0,123.6903
2021-01-01,2021,1,Santander,11,Informatica y telecomunicaciones,0,136.6529
2021-01-01,2021,1,Santander,12,Sonido y video,0,73.2229
2021-01-01,2021,1,Santander,14,"Ferreteria, vidrios y pinturas",0,88.2990
2021-01-01,2021,1,Santander,15,Otras mercancias de uso domestico,0,86.0491
2021-01-01,2021,1,Valle del Cauca,4,Prendas de vestir y textiles,0,54.1653
2021-01-01,2021,1,Valle del Cauca,8,Electrodomesticos y muebles,1,102.1651
2021-01-01,2021,1,Valle del Cauca,9,Articulos y utensilios domesticos,0,82.5944
2021-01-01,2021,1,Valle del Cauca,10,Aseo del hogar,0,140.6723
2021-01-01,2021,1,Valle del Cauca,11,Informatica y telecomunicaciones,0,138.0787
2021-01-01,2021,1,Valle del Cauca,12,Sonido y video,0,76.9809
2021-01-01,2021,1,Valle del Cauca,14,"Ferreteria, vidrios y pinturas",0,86.9668
2021-01-01,2021,1,Valle del Cauca,15,Otras mercancias de uso domestico,0,84.6290
2021-01-01,2021,1,Otros departamentos,4,Prendas de vestir y textiles,0,55.3065
2021-01-01,2021,1,Otros departamentos,8,Electrodomesticos y muebles,1,107.5877
2021-01-01,2021,1,Otros departamentos,9,Articulos y utensilios domesticos,0,94.3602
2021-01-01,2021,1,Otros departamentos,10,Aseo del hogar,0,136.9902
2021-01-01,2021,1,Otros departamentos,11,Informatica y telecomunicaciones,0,137.7481
2021-01-01,2021,1,Otros departamentos,12,Sonido y video,0,92.0715
2021-01-01,2021,1,Otros departamentos,14,"Ferreteria, vidrios y pinturas",0,105.7799
2021-01-01,2021,1,Otros departamentos,15,Otras mercancias de uso domestico,0,82.6261
2021-02-01,2021,2,Antioquia,4,Prendas de vestir y textiles,0,71.4319
2021-02-01,2021,2,Antioquia,8,Electrodomesticos y muebles,1,130.2226
2021-02-01,2021,2,Antioquia,9,Articulos y utensilios domesticos,0,113.5127
2021-02-01,2021,2,Antioquia,10,Aseo del hogar,0,137.0451
2021-02-01,2021,2,Antioquia,11,Informatica y telecomunicaciones,0,191.0100
2021-02-01,2021,2,Antioquia,12,Sonido y video,0,105.5088
2021-02-01,2021,2,Antioquia,14,"Ferreteria, vidrios y pinturas",0,138.6382
2021-02-01,2021,2,Antioquia,15,Otras mercancias de uso domestico,0,89.0929
2021-02-01,2021,2,Atlantico,4,Prendas de vestir y textiles,0,67.6033
2021-02-01,2021,2,Atlantico,8,Electrodomesticos y muebles,1,126.4012
2021-02-01,2021,2,Atlantico,9,Articulos y utensilios domesticos,0,105.1140
2021-02-01,2021,2,Atlantico,10,Aseo del hogar,0,123.3992
2021-02-01,2021,2,Atlantico,11,Informatica y telecomunicaciones,0,168.5601
2021-02-01,2021,2,Atlantico,12,Sonido y video,0,88.5466
2021-02-01,2021,2,Atlantico,14,"Ferreteria, vidrios y pinturas",0,107.1327
2021-02-01,2021,2,Atlantico,15,Otras mercancias de uso domestico,0,84.6991
2021-02-01,2021,2,Bogota,4,Prendas de vestir y textiles,0,71.9678
2021-02-01,2021,2,Bogota,8,Electrodomesticos y muebles,1,117.5568
2021-02-01,2021,2,Bogota,9,Articulos y utensilios domesticos,0,90.3750
2021-02-01,2021,2,Bogota,10,Aseo del hogar,0,117.7918
2021-02-01,2021,2,Bogota,11,Informatica y telecomunicaciones,0,176.7359
2021-02-01,2021,2,Bogota,12,Sonido y video,0,92.1591
2021-02-01,2021,2,Bogota,14,"Ferreteria, vidrios y pinturas",0,114.2312
2021-02-01,2021,2,Bogota,15,Otras mercancias de uso domestico,0,93.4862
2021-02-01,2021,2,Cundinamarca,4,Prendas de vestir y textiles,0,81.3607
2021-02-01,2021,2,Cundinamarca,8,Electrodomesticos y muebles,1,126.2239
2021-02-01,2021,2,Cundinamarca,9,Articulos y utensilios domesticos,0,130.2177
2021-02-01,2021,2,Cundinamarca,10,Aseo del hogar,0,144.8909
2021-02-01,2021,2,Cundinamarca,11,Informatica y telecomunicaciones,0,222.2157
2021-02-01,2021,2,Cundinamarca,12,Sonido y video,0,114.2692
2021-02-01,2021,2,Cundinamarca,14,"Ferreteria, vidrios y pinturas",0,133.8438
2021-02-01,2021,2,Cundinamarca,15,Otras mercancias de uso domestico,0,101.3119
2021-02-01,2021,2,Santander,4,Prendas de vestir y textiles,0,71.7202
2021-02-01,2021,2,Santander,8,Electrodomesticos y muebles,1,93.8804
2021-02-01,2021,2,Santander,9,Articulos y utensilios domesticos,0,88.7822
2021-02-01,2021,2,Santander,10,Aseo del hogar,0,110.7076
2021-02-01,2021,2,Santander,11,Informatica y telecomunicaciones,0,177.1116
2021-02-01,2021,2,Santander,12,Sonido y video,0,86.2050
2021-02-01,2021,2,Santander,14,"Ferreteria, vidrios y pinturas",0,92.9559
2021-02-01,2021,2,Santander,15,Otras mercancias de uso domestico,0,91.8666
2021-02-01,2021,2,Valle del Cauca,4,Prendas de vestir y textiles,0,60.2819
2021-02-01,2021,2,Valle del Cauca,8,Electrodomesticos y muebles,1,107.1929
2021-02-01,2021,2,Valle del Cauca,9,Articulos y utensilios domesticos,0,97.9938
2021-02-01,2021,2,Valle del Cauca,10,Aseo del hogar,0,126.0418
2021-02-01,2021,2,Valle del Cauca,11,Informatica y telecomunicaciones,0,161.4850
2021-02-01,2021,2,Valle del Cauca,12,Sonido y video,0,88.9771
2021-02-01,2021,2,Valle del Cauca,14,"Ferreteria, vidrios y pinturas",0,109.4519
2021-02-01,2021,2,Valle del Cauca,15,Otras mercancias de uso domestico,0,94.0268
2021-02-01,2021,2,Otros departamentos,4,Prendas de vestir y textiles,0,59.9664
2021-02-01,2021,2,Otros departamentos,8,Electrodomesticos y muebles,1,110.8599
2021-02-01,2021,2,Otros departamentos,9,Articulos y utensilios domesticos,0,101.2045
2021-02-01,2021,2,Otros departamentos,10,Aseo del hogar,0,130.8385
2021-02-01,2021,2,Otros departamentos,11,Informatica y telecomunicaciones,0,141.5204
2021-02-01,2021,2,Otros departamentos,12,Sonido y video,0,85.3463
2021-02-01,2021,2,Otros departamentos,14,"Ferreteria, vidrios y pinturas",0,111.7390
2021-02-01,2021,2,Otros departamentos,15,Otras mercancias de uso domestico,0,77.5022
2021-03-01,2021,3,Antioquia,4,Prendas de vestir y textiles,0,81.8257
2021-03-01,2021,3,Antioquia,8,Electrodomesticos y muebles,1,133.6426
2021-03-01,2021,3,Antioquia,9,Articulos y utensilios domesticos,0,119.1524
2021-03-01,2021,3,Antioquia,10,Aseo del hogar,0,138.4605
2021-03-01,2021,3,Antioquia,11,Informatica y telecomunicaciones,0,151.7170
2021-03-01,2021,3,Antioquia,12,Sonido y video,0,116.4215
2021-03-01,2021,3,Antioquia,14,"Ferreteria, vidrios y pinturas",0,136.8246
2021-03-01,2021,3,Antioquia,15,Otras mercancias de uso domestico,0,97.9110
2021-03-01,2021,3,Atlantico,4,Prendas de vestir y textiles,0,77.7462
2021-03-01,2021,3,Atlantico,8,Electrodomesticos y muebles,1,116.1360
2021-03-01,2021,3,Atlantico,9,Articulos y utensilios domesticos,0,117.3100
2021-03-01,2021,3,Atlantico,10,Aseo del hogar,0,122.3209
2021-03-01,2021,3,Atlantico,11,Informatica y telecomunicaciones,0,141.2212
2021-03-01,2021,3,Atlantico,12,Sonido y video,0,106.2983
2021-03-01,2021,3,Atlantico,14,"Ferreteria, vidrios y pinturas",0,124.3106
2021-03-01,2021,3,Atlantico,15,Otras mercancias de uso domestico,0,87.7280
2021-03-01,2021,3,Bogota,4,Prendas de vestir y textiles,0,84.1967
2021-03-01,2021,3,Bogota,8,Electrodomesticos y muebles,1,121.7134
2021-03-01,2021,3,Bogota,9,Articulos y utensilios domesticos,0,106.8457
2021-03-01,2021,3,Bogota,10,Aseo del hogar,0,139.3054
2021-03-01,2021,3,Bogota,11,Informatica y telecomunicaciones,0,156.6399
2021-03-01,2021,3,Bogota,12,Sonido y video,0,105.1510
2021-03-01,2021,3,Bogota,14,"Ferreteria, vidrios y pinturas",0,125.5420
2021-03-01,2021,3,Bogota,15,Otras mercancias de uso domestico,0,104.4142
2021-03-01,2021,3,Cundinamarca,4,Prendas de vestir y textiles,0,99.6254
2021-03-01,2021,3,Cundinamarca,8,Electrodomesticos y muebles,1,128.5661
2021-03-01,2021,3,Cundinamarca,9,Articulos y utensilios domesticos,0,131.8042
2021-03-01,2021,3,Cundinamarca,10,Aseo del hogar,0,157.4758
2021-03-01,2021,3,Cundinamarca,11,Informatica y telecomunicaciones,0,154.4645
2021-03-01,2021,3,Cundinamarca,12,Sonido y video,0,129.6400
2021-03-01,2021,3,Cundinamarca,14,"Ferreteria, vidrios y pinturas",0,148.9358
2021-03-01,2021,3,Cundinamarca,15,Otras mercancias de uso domestico,0,117.3557
2021-03-01,2021,3,Santander,4,Prendas de vestir y textiles,0,77.7276
2021-03-01,2021,3,Santander,8,Electrodomesticos y muebles,1,102.0115
2021-03-01,2021,3,Santander,9,Articulos y utensilios domesticos,0,105.2948
2021-03-01,2021,3,Santander,10,Aseo del hogar,0,116.1134
2021-03-01,2021,3,Santander,11,Informatica y telecomunicaciones,0,127.0973
2021-03-01,2021,3,Santander,12,Sonido y video,0,98.5923
2021-03-01,2021,3,Santander,14,"Ferreteria, vidrios y pinturas",0,106.2041
2021-03-01,2021,3,Santander,15,Otras mercancias de uso domestico,0,104.3374
2021-03-01,2021,3,Valle del Cauca,4,Prendas de vestir y textiles,0,77.0833
2021-03-01,2021,3,Valle del Cauca,8,Electrodomesticos y muebles,1,126.1028
2021-03-01,2021,3,Valle del Cauca,9,Articulos y utensilios domesticos,0,107.6037
2021-03-01,2021,3,Valle del Cauca,10,Aseo del hogar,0,125.3393
2021-03-01,2021,3,Valle del Cauca,11,Informatica y telecomunicaciones,0,128.5777
2021-03-01,2021,3,Valle del Cauca,12,Sonido y video,0,103.9366
2021-03-01,2021,3,Valle del Cauca,14,"Ferreteria, vidrios y pinturas",0,113.2300
2021-03-01,2021,3,Valle del Cauca,15,Otras mercancias de uso domestico,0,107.7912
2021-03-01,2021,3,Otros departamentos,4,Prendas de vestir y textiles,0,80.8729
2021-03-01,2021,3,Otros departamentos,8,Electrodomesticos y muebles,1,123.6993
2021-03-01,2021,3,Otros departamentos,9,Articulos y utensilios domesticos,0,123.1785
2021-03-01,2021,3,Otros departamentos,10,Aseo del hogar,0,139.9069
2021-03-01,2021,3,Otros departamentos,11,Informatica y telecomunicaciones,0,131.1774
2021-03-01,2021,3,Otros departamentos,12,Sonido y video,0,99.2111
2021-03-01,2021,3,Otros departamentos,14,"Ferreteria, vidrios y pinturas",0,125.9430
2021-03-01,2021,3,Otros departamentos,15,Otras mercancias de uso domestico,0,93.2978
2021-04-01,2021,4,Antioquia,4,Prendas de vestir y textiles,0,52.8887
2021-04-01,2021,4,Antioquia,8,Electrodomesticos y muebles,1,95.5180
2021-04-01,2021,4,Antioquia,9,Articulos y utensilios domesticos,0,64.8794
2021-04-01,2021,4,Antioquia,10,Aseo del hogar,0,120.6460
2021-04-01,2021,4,Antioquia,11,Informatica y telecomunicaciones,0,106.8496
2021-04-01,2021,4,Antioquia,12,Sonido y video,0,76.5192
2021-04-01,2021,4,Antioquia,14,"Ferreteria, vidrios y pinturas",0,118.9335
2021-04-01,2021,4,Antioquia,15,Otras mercancias de uso domestico,0,80.8357
2021-04-01,2021,4,Atlantico,4,Prendas de vestir y textiles,0,44.9274
2021-04-01,2021,4,Atlantico,8,Electrodomesticos y muebles,1,81.9698
2021-04-01,2021,4,Atlantico,9,Articulos y utensilios domesticos,0,71.0165
2021-04-01,2021,4,Atlantico,10,Aseo del hogar,0,103.9520
2021-04-01,2021,4,Atlantico,11,Informatica y telecomunicaciones,0,92.0078
2021-04-01,2021,4,Atlantico,12,Sonido y video,0,61.3311
2021-04-01,2021,4,Atlantico,14,"Ferreteria, vidrios y pinturas",0,99.8916
2021-04-01,2021,4,Atlantico,15,Otras mercancias de uso domestico,0,67.6114
2021-04-01,2021,4,Bogota,4,Prendas de vestir y textiles,0,47.0572
2021-04-01,2021,4,Bogota,8,Electrodomesticos y muebles,1,87.5823
2021-04-01,2021,4,Bogota,9,Articulos y utensilios domesticos,0,67.7780
2021-04-01,2021,4,Bogota,10,Aseo del hogar,0,119.5372
2021-04-01,2021,4,Bogota,11,Informatica y telecomunicaciones,0,99.9481
2021-04-01,2021,4,Bogota,12,Sonido y video,0,65.1579
2021-04-01,2021,4,Bogota,14,"Ferreteria, vidrios y pinturas",0,98.7116
2021-04-01,2021,4,Bogota,15,Otras mercancias de uso domestico,0,75.1059
2021-04-01,2021,4,Cundinamarca,4,Prendas de vestir y textiles,0,69.5778
2021-04-01,2021,4,Cundinamarca,8,Electrodomesticos y muebles,1,111.3799
2021-04-01,2021,4,Cundinamarca,9,Articulos y utensilios domesticos,0,98.8810
2021-04-01,2021,4,Cundinamarca,10,Aseo del hogar,0,170.2034
2021-04-01,2021,4,Cundinamarca,11,Informatica y telecomunicaciones,0,132.1703
2021-04-01,2021,4,Cundinamarca,12,Sonido y video,0,102.1167
2021-04-01,2021,4,Cundinamarca,14,"Ferreteria, vidrios y pinturas",0,147.4586
2021-04-01,2021,4,Cundinamarca,15,Otras mercancias de uso domestico,0,112.6468
2021-04-01,2021,4,Santander,4,Prendas de vestir y textiles,0,58.2720
2021-04-01,2021,4,Santander,8,Electrodomesticos y muebles,1,94.6996
2021-04-01,2021,4,Santander,9,Articulos y utensilios domesticos,0,76.5789
2021-04-01,2021,4,Santander,10,Aseo del hogar,0,124.1011
2021-04-01,2021,4,Santander,11,Informatica y telecomunicaciones,0,106.3905
2021-04-01,2021,4,Santander,12,Sonido y video,0,78.8117
2021-04-01,2021,4,Santander,14,"Ferreteria, vidrios y pinturas",0,101.4911
2021-04-01,2021,4,Santander,15,Otras mercancias de uso domestico,0,93.2270
2021-04-01,2021,4,Valle del Cauca,4,Prendas de vestir y textiles,0,44.9956
2021-04-01,2021,4,Valle del Cauca,8,Electrodomesticos y muebles,1,83.9176
2021-04-01,2021,4,Valle del Cauca,9,Articulos y utensilios domesticos,0,70.8405
2021-04-01,2021,4,Valle del Cauca,10,Aseo del hogar,0,113.3317
2021-04-01,2021,4,Valle del Cauca,11,Informatica y telecomunicaciones,0,89.2877
2021-04-01,2021,4,Valle del Cauca,12,Sonido y video,0,64.5754
2021-04-01,2021,4,Valle del Cauca,14,"Ferreteria, vidrios y pinturas",0,95.3529
2021-04-01,2021,4,Valle del Cauca,15,Otras mercancias de uso domestico,0,86.2844
2021-04-01,2021,4,Otros departamentos,4,Prendas de vestir y textiles,0,54.9902
2021-04-01,2021,4,Otros departamentos,8,Electrodomesticos y muebles,1,103.4961
2021-04-01,2021,4,Otros departamentos,9,Articulos y utensilios domesticos,0,89.6546
2021-04-01,2021,4,Otros departamentos,10,Aseo del hogar,0,129.2534
2021-04-01,2021,4,Otros departamentos,11,Informatica y telecomunicaciones,0,121.6555
2021-04-01,2021,4,Otros departamentos,12,Sonido y video,0,88.0885
2021-04-01,2021,4,Otros departamentos,14,"Ferreteria, vidrios y pinturas",0,98.1489
2021-04-01,2021,4,Otros departamentos,15,Otras mercancias de uso domestico,0,83.8354
2021-05-01,2021,5,Antioquia,4,Prendas de vestir y textiles,0,79.2723
2021-05-01,2021,5,Antioquia,8,Electrodomesticos y muebles,1,121.2066
2021-05-01,2021,5,Antioquia,9,Articulos y utensilios domesticos,0,98.6000
2021-05-01,2021,5,Antioquia,10,Aseo del hogar,0,156.4339
2021-05-01,2021,5,Antioquia,11,Informatica y telecomunicaciones,0,147.1567
2021-05-01,2021,5,Antioquia,12,Sonido y video,0,96.5348
2021-05-01,2021,5,Antioquia,14,"Ferreteria, vidrios y pinturas",0,114.5515
2021-05-01,2021,5,Antioquia,15,Otras mercancias de uso domestico,0,98.6907
2021-05-01,2021,5,Atlantico,4,Prendas de vestir y textiles,0,70.7656
2021-05-01,2021,5,Atlantico,8,Electrodomesticos y muebles,1,103.4153
2021-05-01,2021,5,Atlantico,9,Articulos y utensilios domesticos,0,120.3880
2021-05-01,2021,5,Atlantico,10,Aseo del hogar,0,133.2513
2021-05-01,2021,5,Atlantico,11,Informatica y telecomunicaciones,0,135.7448
2021-05-01,2021,5,Atlantico,12,Sonido y video,0,87.9072
2021-05-01,2021,5,Atlantico,14,"Ferreteria, vidrios y pinturas",0,108.5345
2021-05-01,2021,5,Atlantico,15,Otras mercancias de uso domestico,0,96.1250
2021-05-01,2021,5,Bogota,4,Prendas de vestir y textiles,0,78.2369
2021-05-01,2021,5,Bogota,8,Electrodomesticos y muebles,1,105.5796
2021-05-01,2021,5,Bogota,9,Articulos y utensilios domesticos,0,94.3891
2021-05-01,2021,5,Bogota,10,Aseo del hogar,0,143.0943
2021-05-01,2021,5,Bogota,11,Informatica y telecomunicaciones,0,137.9552
2021-05-01,2021,5,Bogota,12,Sonido y video,0,82.4556
2021-05-01,2021,5,Bogota,14,"Ferreteria, vidrios y pinturas",0,106.5850
2021-05-01,2021,5,Bogota,15,Otras mercancias de uso domestico,0,84.9810
2021-05-01,2021,5,Cundinamarca,4,Prendas de vestir y textiles,0,98.3325
2021-05-01,2021,5,Cundinamarca,8,Electrodomesticos y muebles,1,138.8627
2021-05-01,2021,5,Cundinamarca,9,Articulos y utensilios domesticos,0,119.1589
2021-05-01,2021,5,Cundinamarca,10,Aseo del hogar,0,175.0838
2021-05-01,2021,5,Cundinamarca,11,Informatica y telecomunicaciones,0,145.9758
2021-05-01,2021,5,Cundinamarca,12,Sonido y video,0,116.2813
2021-05-01,2021,5,Cundinamarca,14,"Ferreteria, vidrios y pinturas",0,118.9596
2021-05-01,2021,5,Cundinamarca,15,Otras mercancias de uso domestico,0,102.3510
2021-05-01,2021,5,Santander,4,Prendas de vestir y textiles,0,73.6601
2021-05-01,2021,5,Santander,8,Electrodomesticos y muebles,1,102.0471
2021-05-01,2021,5,Santander,9,Articulos y utensilios domesticos,0,93.7023
2021-05-01,2021,5,Santander,10,Aseo del hogar,0,137.2295
2021-05-01,2021,5,Santander,11,Informatica y telecomunicaciones,0,120.9765
2021-05-01,2021,5,Santander,12,Sonido y video,0,97.5284
2021-05-01,2021,5,Santander,14,"Ferreteria, vidrios y pinturas",0,83.5682
2021-05-01,2021,5,Santander,15,Otras mercancias de uso domestico,0,97.8615
2021-05-01,2021,5,Valle del Cauca,4,Prendas de vestir y textiles,0,41.0785
2021-05-01,2021,5,Valle del Cauca,8,Electrodomesticos y muebles,1,66.0766
2021-05-01,2021,5,Valle del Cauca,9,Articulos y utensilios domesticos,0,60.1009
2021-05-01,2021,5,Valle del Cauca,10,Aseo del hogar,0,81.9932
2021-05-01,2021,5,Valle del Cauca,11,Informatica y telecomunicaciones,0,80.7354
2021-05-01,2021,5,Valle del Cauca,12,Sonido y video,0,57.9346
2021-05-01,2021,5,Valle del Cauca,14,"Ferreteria, vidrios y pinturas",0,62.8646
2021-05-01,2021,5,Valle del Cauca,15,Otras mercancias de uso domestico,0,56.5918
2021-05-01,2021,5,Otros departamentos,4,Prendas de vestir y textiles,0,67.8113
2021-05-01,2021,5,Otros departamentos,8,Electrodomesticos y muebles,1,98.1544
2021-05-01,2021,5,Otros departamentos,9,Articulos y utensilios domesticos,0,92.1039
2021-05-01,2021,5,Otros departamentos,10,Aseo del hogar,0,116.0722
2021-05-01,2021,5,Otros departamentos,11,Informatica y telecomunicaciones,0,124.0944
2021-05-01,2021,5,Otros departamentos,12,Sonido y video,0,89.0551
2021-05-01,2021,5,Otros departamentos,14,"Ferreteria, vidrios y pinturas",0,73.5702
2021-05-01,2021,5,Otros departamentos,15,Otras mercancias de uso domestico,0,77.6577
2021-06-01,2021,6,Antioquia,4,Prendas de vestir y textiles,0,98.2556
2021-06-01,2021,6,Antioquia,8,Electrodomesticos y muebles,1,129.5401
2021-06-01,2021,6,Antioquia,9,Articulos y utensilios domesticos,0,100.4408
2021-06-01,2021,6,Antioquia,10,Aseo del hogar,0,125.2356
2021-06-01,2021,6,Antioquia,11,Informatica y telecomunicaciones,0,143.6214
2021-06-01,2021,6,Antioquia,12,Sonido y video,0,93.2824
2021-06-01,2021,6,Antioquia,14,"Ferreteria, vidrios y pinturas",0,132.5961
2021-06-01,2021,6,Antioquia,15,Otras mercancias de uso domestico,0,96.7026
2021-06-01,2021,6,Atlantico,4,Prendas de vestir y textiles,0,96.6165
2021-06-01,2021,6,Atlantico,8,Electrodomesticos y muebles,1,103.8387
2021-06-01,2021,6,Atlantico,9,Articulos y utensilios domesticos,0,127.3801
2021-06-01,2021,6,Atlantico,10,Aseo del hogar,0,126.4930
2021-06-01,2021,6,Atlantico,11,Informatica y telecomunicaciones,0,135.3806
2021-06-01,2021,6,Atlantico,12,Sonido y video,0,96.1736
2021-06-01,2021,6,Atlantico,14,"Ferreteria, vidrios y pinturas",0,128.9931
2021-06-01,2021,6,Atlantico,15,Otras mercancias de uso domestico,0,103.4711
2021-06-01,2021,6,Bogota,4,Prendas de vestir y textiles,0,102.6983
2021-06-01,2021,6,Bogota,8,Electrodomesticos y muebles,1,122.9572
2021-06-01,2021,6,Bogota,9,Articulos y utensilios domesticos,0,101.4873
2021-06-01,2021,6,Bogota,10,Aseo del hogar,0,125.9354
2021-06-01,2021,6,Bogota,11,Informatica y telecomunicaciones,0,129.4241
2021-06-01,2021,6,Bogota,12,Sonido y video,0,108.8927
2021-06-01,2021,6,Bogota,14,"Ferreteria, vidrios y pinturas",0,118.5523
2021-06-01,2021,6,Bogota,15,Otras mercancias de uso domestico,0,100.8665
2021-06-01,2021,6,Cundinamarca,4,Prendas de vestir y textiles,0,111.6222
2021-06-01,2021,6,Cundinamarca,8,Electrodomesticos y muebles,1,141.8815
2021-06-01,2021,6,Cundinamarca,9,Articulos y utensilios domesticos,0,120.6082
2021-06-01,2021,6,Cundinamarca,10,Aseo del hogar,0,158.6594
2021-06-01,2021,6,Cundinamarca,11,Informatica y telecomunicaciones,0,146.8616
2021-06-01,2021,6,Cundinamarca,12,Sonido y video,0,122.7510
2021-06-01,2021,6,Cundinamarca,14,"Ferreteria, vidrios y pinturas",0,139.8447
2021-06-01,2021,6,Cundinamarca,15,Otras mercancias de uso domestico,0,104.7054
2021-06-01,2021,6,Santander,4,Prendas de vestir y textiles,0,82.1797
2021-06-01,2021,6,Santander,8,Electrodomesticos y muebles,1,112.9012
2021-06-01,2021,6,Santander,9,Articulos y utensilios domesticos,0,99.8014
2021-06-01,2021,6,Santander,10,Aseo del hogar,0,128.0230
2021-06-01,2021,6,Santander,11,Informatica y telecomunicaciones,0,120.7195
2021-06-01,2021,6,Santander,12,Sonido y video,0,99.3687
2021-06-01,2021,6,Santander,14,"Ferreteria, vidrios y pinturas",0,113.0786
2021-06-01,2021,6,Santander,15,Otras mercancias de uso domestico,0,105.6515
2021-06-01,2021,6,Valle del Cauca,4,Prendas de vestir y textiles,0,79.3381
2021-06-01,2021,6,Valle del Cauca,8,Electrodomesticos y muebles,1,102.6609
2021-06-01,2021,6,Valle del Cauca,9,Articulos y utensilios domesticos,0,94.1122
2021-06-01,2021,6,Valle del Cauca,10,Aseo del hogar,0,123.2517
2021-06-01,2021,6,Valle del Cauca,11,Informatica y telecomunicaciones,0,118.7972
2021-06-01,2021,6,Valle del Cauca,12,Sonido y video,0,93.6558
2021-06-01,2021,6,Valle del Cauca,14,"Ferreteria, vidrios y pinturas",0,119.8156
2021-06-01,2021,6,Valle del Cauca,15,Otras mercancias de uso domestico,0,86.7690
2021-06-01,2021,6,Otros departamentos,4,Prendas de vestir y textiles,0,97.8652
2021-06-01,2021,6,Otros departamentos,8,Electrodomesticos y muebles,1,106.8964
2021-06-01,2021,6,Otros departamentos,9,Articulos y utensilios domesticos,0,110.6137
2021-06-01,2021,6,Otros departamentos,10,Aseo del hogar,0,137.1301
2021-06-01,2021,6,Otros departamentos,11,Informatica y telecomunicaciones,0,136.5107
2021-06-01,2021,6,Otros departamentos,12,Sonido y video,0,107.5348
2021-06-01,2021,6,Otros departamentos,14,"Ferreteria, vidrios y pinturas",0,96.5107
2021-06-01,2021,6,Otros departamentos,15,Otras mercancias de uso domestico,0,97.1236
2021-07-01,2021,7,Antioquia,4,Prendas de vestir y textiles,0,98.5889
2021-07-01,2021,7,Antioquia,8,Electrodomesticos y muebles,1,139.5336
2021-07-01,2021,7,Antioquia,9,Articulos y utensilios domesticos,0,109.3968
2021-07-01,2021,7,Antioquia,10,Aseo del hogar,0,153.2895
2021-07-01,2021,7,Antioquia,11,Informatica y telecomunicaciones,0,168.8480
2021-07-01,2021,7,Antioquia,12,Sonido y video,0,108.5696
2021-07-01,2021,7,Antioquia,14,"Ferreteria, vidrios y pinturas",0,125.4329
2021-07-01,2021,7,Antioquia,15,Otras mercancias de uso domestico,0,105.8282
2021-07-01,2021,7,Atlantico,4,Prendas de vestir y textiles,0,99.8630
2021-07-01,2021,7,Atlantico,8,Electrodomesticos y muebles,1,115.5070
2021-07-01,2021,7,Atlantico,9,Articulos y utensilios domesticos,0,122.5230
2021-07-01,2021,7,Atlantico,10,Aseo del hogar,0,136.3549
2021-07-01,2021,7,Atlantico,11,Informatica y telecomunicaciones,0,140.8521
2021-07-01,2021,7,Atlantico,12,Sonido y video,0,107.0071
2021-07-01,2021,7,Atlantico,14,"Ferreteria, vidrios y pinturas",0,137.2577
2021-07-01,2021,7,Atlantico,15,Otras mercancias de uso domestico,0,99.0549
2021-07-01,2021,7,Bogota,4,Prendas de vestir y textiles,0,113.8279
2021-07-01,2021,7,Bogota,8,Electrodomesticos y muebles,1,137.8222
2021-07-01,2021,7,Bogota,9,Articulos y utensilios domesticos,0,124.9773
2021-07-01,2021,7,Bogota,10,Aseo del hogar,0,165.7044
2021-07-01,2021,7,Bogota,11,Informatica y telecomunicaciones,0,153.9315
2021-07-01,2021,7,Bogota,12,Sonido y video,0,128.7247
2021-07-01,2021,7,Bogota,14,"Ferreteria, vidrios y pinturas",0,120.9904
2021-07-01,2021,7,Bogota,15,Otras mercancias de uso domestico,0,114.4773
2021-07-01,2021,7,Cundinamarca,4,Prendas de vestir y textiles,0,116.1693
2021-07-01,2021,7,Cundinamarca,8,Electrodomesticos y muebles,1,168.7138
2021-07-01,2021,7,Cundinamarca,9,Articulos y utensilios domesticos,0,139.5135
2021-07-01,2021,7,Cundinamarca,10,Aseo del hogar,0,179.9153
2021-07-01,2021,7,Cundinamarca,11,Informatica y telecomunicaciones,0,178.8319
2021-07-01,2021,7,Cundinamarca,12,Sonido y video,0,134.2491
2021-07-01,2021,7,Cundinamarca,14,"Ferreteria, vidrios y pinturas",0,157.6919
2021-07-01,2021,7,Cundinamarca,15,Otras mercancias de uso domestico,0,104.8119
2021-07-01,2021,7,Santander,4,Prendas de vestir y textiles,0,93.2168
2021-07-01,2021,7,Santander,8,Electrodomesticos y muebles,1,121.9673
2021-07-01,2021,7,Santander,9,Articulos y utensilios domesticos,0,114.9313
2021-07-01,2021,7,Santander,10,Aseo del hogar,0,133.8815
2021-07-01,2021,7,Santander,11,Informatica y telecomunicaciones,0,138.0166
2021-07-01,2021,7,Santander,12,Sonido y video,0,102.6553
2021-07-01,2021,7,Santander,14,"Ferreteria, vidrios y pinturas",0,119.0101
2021-07-01,2021,7,Santander,15,Otras mercancias de uso domestico,0,99.0734
2021-07-01,2021,7,Valle del Cauca,4,Prendas de vestir y textiles,0,89.4575
2021-07-01,2021,7,Valle del Cauca,8,Electrodomesticos y muebles,1,123.8705
2021-07-01,2021,7,Valle del Cauca,9,Articulos y utensilios domesticos,0,115.6778
2021-07-01,2021,7,Valle del Cauca,10,Aseo del hogar,0,136.9046
2021-07-01,2021,7,Valle del Cauca,11,Informatica y telecomunicaciones,0,142.8073
2021-07-01,2021,7,Valle del Cauca,12,Sonido y video,0,104.9501
2021-07-01,2021,7,Valle del Cauca,14,"Ferreteria, vidrios y pinturas",0,146.2316
2021-07-01,2021,7,Valle del Cauca,15,Otras mercancias de uso domestico,0,98.3293
2021-07-01,2021,7,Otros departamentos,4,Prendas de vestir y textiles,0,103.3182
2021-07-01,2021,7,Otros departamentos,8,Electrodomesticos y muebles,1,132.2638
2021-07-01,2021,7,Otros departamentos,9,Articulos y utensilios domesticos,0,110.1657
2021-07-01,2021,7,Otros departamentos,10,Aseo del hogar,0,127.3802
2021-07-01,2021,7,Otros departamentos,11,Informatica y telecomunicaciones,0,148.7582
2021-07-01,2021,7,Otros departamentos,12,Sonido y video,0,108.6459
2021-07-01,2021,7,Otros departamentos,14,"Ferreteria, vidrios y pinturas",0,108.1355
2021-07-01,2021,7,Otros departamentos,15,Otras mercancias de uso domestico,0,97.5879
2021-08-01,2021,8,Antioquia,4,Prendas de vestir y textiles,0,107.7357
2021-08-01,2021,8,Antioquia,8,Electrodomesticos y muebles,1,129.6379
2021-08-01,2021,8,Antioquia,9,Articulos y utensilios domesticos,0,113.5803
2021-08-01,2021,8,Antioquia,10,Aseo del hogar,0,146.1614
2021-08-01,2021,8,Antioquia,11,Informatica y telecomunicaciones,0,191.0150
2021-08-01,2021,8,Antioquia,12,Sonido y video,0,107.3504
2021-08-01,2021,8,Antioquia,14,"Ferreteria, vidrios y pinturas",0,139.3220
2021-08-01,2021,8,Antioquia,15,Otras mercancias de uso domestico,0,111.4820
2021-08-01,2021,8,Atlantico,4,Prendas de vestir y textiles,0,108.5638
2021-08-01,2021,8,Atlantico,8,Electrodomesticos y muebles,1,112.5034
2021-08-01,2021,8,Atlantico,9,Articulos y utensilios domesticos,0,118.1389
2021-08-01,2021,8,Atlantico,10,Aseo del hogar,0,129.3428
2021-08-01,2021,8,Atlantico,11,Informatica y telecomunicaciones,0,157.2609
2021-08-01,2021,8,Atlantico,12,Sonido y video,0,108.2084
2021-08-01,2021,8,Atlantico,14,"Ferreteria, vidrios y pinturas",0,127.5839
2021-08-01,2021,8,Atlantico,15,Otras mercancias de uso domestico,0,88.5038
2021-08-01,2021,8,Bogota,4,Prendas de vestir y textiles,0,93.9931
2021-08-01,2021,8,Bogota,8,Electrodomesticos y muebles,1,147.3347
2021-08-01,2021,8,Bogota,9,Articulos y utensilios domesticos,0,128.9316
2021-08-01,2021,8,Bogota,10,Aseo del hogar,0,170.1517
2021-08-01,2021,8,Bogota,11,Informatica y telecomunicaciones,0,177.1120
2021-08-01,2021,8,Bogota,12,Sonido y video,0,113.9040
2021-08-01,2021,8,Bogota,14,"Ferreteria, vidrios y pinturas",0,123.2934
2021-08-01,2021,8,Bogota,15,Otras mercancias de uso domestico,0,117.6603
2021-08-01,2021,8,Cundinamarca,4,Prendas de vestir y textiles,0,115.6206
2021-08-01,2021,8,Cundinamarca,8,Electrodomesticos y muebles,1,183.9867
2021-08-01,2021,8,Cundinamarca,9,Articulos y utensilios domesticos,0,157.8375
2021-08-01,2021,8,Cundinamarca,10,Aseo del hogar,0,178.9131
2021-08-01,2021,8,Cundinamarca,11,Informatica y telecomunicaciones,0,209.9495
2021-08-01,2021,8,Cundinamarca,12,Sonido y video,0,126.4930
2021-08-01,2021,8,Cundinamarca,14,"Ferreteria, vidrios y pinturas",0,174.7526
2021-08-01,2021,8,Cundinamarca,15,Otras mercancias de uso domestico,0,121.2990
2021-08-01,2021,8,Santander,4,Prendas de vestir y textiles,0,94.1425
2021-08-01,2021,8,Santander,8,Electrodomesticos y muebles,1,126.6194
2021-08-01,2021,8,Santander,9,Articulos y utensilios domesticos,0,107.0638
2021-08-01,2021,8,Santander,10,Aseo del hogar,0,131.2875
2021-08-01,2021,8,Santander,11,Informatica y telecomunicaciones,0,148.0605
2021-08-01,2021,8,Santander,12,Sonido y video,0,109.8325
2021-08-01,2021,8,Santander,14,"Ferreteria, vidrios y pinturas",0,120.1127
2021-08-01,2021,8,Santander,15,Otras mercancias de uso domestico,0,111.2146
2021-08-01,2021,8,Valle del Cauca,4,Prendas de vestir y textiles,0,93.1914
2021-08-01,2021,8,Valle del Cauca,8,Electrodomesticos y muebles,1,124.6510
2021-08-01,2021,8,Valle del Cauca,9,Articulos y utensilios domesticos,0,104.7770
2021-08-01,2021,8,Valle del Cauca,10,Aseo del hogar,0,139.0347
2021-08-01,2021,8,Valle del Cauca,11,Informatica y telecomunicaciones,0,157.5024
2021-08-01,2021,8,Valle del Cauca,12,Sonido y video,0,102.8961
2021-08-01,2021,8,Valle del Cauca,14,"Ferreteria, vidrios y pinturas",0,138.0396
2021-08-01,2021,8,Valle del Cauca,15,Otras mercancias de uso domestico,0,105.4723
2021-08-01,2021,8,Otros departamentos,4,Prendas de vestir y textiles,0,91.4408
2021-08-01,2021,8,Otros departamentos,8,Electrodomesticos y muebles,1,126.2723
2021-08-01,2021,8,Otros departamentos,9,Articulos y utensilios domesticos,0,111.4802
2021-08-01,2021,8,Otros departamentos,10,Aseo del hogar,0,122.3161
2021-08-01,2021,8,Otros departamentos,11,Informatica y telecomunicaciones,0,163.9042
2021-08-01,2021,8,Otros departamentos,12,Sonido y video,0,106.6661
2021-08-01,2021,8,Otros departamentos,14,"Ferreteria, vidrios y pinturas",0,111.9697
2021-08-01,2021,8,Otros departamentos,15,Otras mercancias de uso domestico,0,96.3796
2021-09-01,2021,9,Antioquia,4,Prendas de vestir y textiles,0,110.4582
2021-09-01,2021,9,Antioquia,8,Electrodomesticos y muebles,1,117.8549
2021-09-01,2021,9,Antioquia,9,Articulos y utensilios domesticos,0,110.1437
2021-09-01,2021,9,Antioquia,10,Aseo del hogar,0,136.3720
2021-09-01,2021,9,Antioquia,11,Informatica y telecomunicaciones,0,142.9263
2021-09-01,2021,9,Antioquia,12,Sonido y video,0,93.6284
2021-09-01,2021,9,Antioquia,14,"Ferreteria, vidrios y pinturas",0,132.4161
2021-09-01,2021,9,Antioquia,15,Otras mercancias de uso domestico,0,105.7828
2021-09-01,2021,9,Atlantico,4,Prendas de vestir y textiles,0,106.9748
2021-09-01,2021,9,Atlantico,8,Electrodomesticos y muebles,1,91.6051
2021-09-01,2021,9,Atlantico,9,Articulos y utensilios domesticos,0,108.0448
2021-09-01,2021,9,Atlantico,10,Aseo del hogar,0,114.1373
2021-09-01,2021,9,Atlantico,11,Informatica y telecomunicaciones,0,123.8973
2021-09-01,2021,9,Atlantico,12,Sonido y video,0,92.1634
2021-09-01,2021,9,Atlantico,14,"Ferreteria, vidrios y pinturas",0,115.9800
2021-09-01,2021,9,Atlantico,15,Otras mercancias de uso domestico,0,94.8955
2021-09-01,2021,9,Bogota,4,Prendas de vestir y textiles,0,104.1694
2021-09-01,2021,9,Bogota,8,Electrodomesticos y muebles,1,134.4444
2021-09-01,2021,9,Bogota,9,Articulos y utensilios domesticos,0,127.3971
2021-09-01,2021,9,Bogota,10,Aseo del hogar,0,163.6607
2021-09-01,2021,9,Bogota,11,Informatica y telecomunicaciones,0,158.4394
2021-09-01,2021,9,Bogota,12,Sonido y video,0,112.2336
2021-09-01,2021,9,Bogota,14,"Ferreteria, vidrios y pinturas",0,137.1597
2021-09-01,2021,9,Bogota,15,Otras mercancias de uso domestico,0,118.6542
2021-09-01,2021,9,Cundinamarca,4,Prendas de vestir y textiles,0,125.0830
2021-09-01,2021,9,Cundinamarca,8,Electrodomesticos y muebles,1,161.6053
2021-09-01,2021,9,Cundinamarca,9,Articulos y utensilios domesticos,0,135.4211
2021-09-01,2021,9,Cundinamarca,10,Aseo del hogar,0,156.3433
2021-09-01,2021,9,Cundinamarca,11,Informatica y telecomunicaciones,0,168.1248
2021-09-01,2021,9,Cundinamarca,12,Sonido y video,0,99.8107
2021-09-01,2021,9,Cundinamarca,14,"Ferreteria, vidrios y pinturas",0,156.0224
2021-09-01,2021,9,Cundinamarca,15,Otras mercancias de uso domestico,0,113.0875
2021-09-01,2021,9,Santander,4,Prendas de vestir y textiles,0,106.3316
2021-09-01,2021,9,Santander,8,Electrodomesticos y muebles,1,97.7268
2021-09-01,2021,9,Santander,9,Articulos y utensilios domesticos,0,107.3593
2021-09-01,2021,9,Santander,10,Aseo del hogar,0,133.3160
2021-09-01,2021,9,Santander,11,Informatica y telecomunicaciones,0,127.4041
2021-09-01,2021,9,Santander,12,Sonido y video,0,82.0786
2021-09-01,2021,9,Santander,14,"Ferreteria, vidrios y pinturas",0,108.7196
2021-09-01,2021,9,Santander,15,Otras mercancias de uso domestico,0,105.3059
2021-09-01,2021,9,Valle del Cauca,4,Prendas de vestir y textiles,0,96.9838
2021-09-01,2021,9,Valle del Cauca,8,Electrodomesticos y muebles,1,109.8398
2021-09-01,2021,9,Valle del Cauca,9,Articulos y utensilios domesticos,0,102.6214
2021-09-01,2021,9,Valle del Cauca,10,Aseo del hogar,0,141.0585
2021-09-01,2021,9,Valle del Cauca,11,Informatica y telecomunicaciones,0,138.0623
2021-09-01,2021,9,Valle del Cauca,12,Sonido y video,0,87.2782
2021-09-01,2021,9,Valle del Cauca,14,"Ferreteria, vidrios y pinturas",0,143.1014
2021-09-01,2021,9,Valle del Cauca,15,Otras mercancias de uso domestico,0,104.4297
2021-09-01,2021,9,Otros departamentos,4,Prendas de vestir y textiles,0,94.3707
2021-09-01,2021,9,Otros departamentos,8,Electrodomesticos y muebles,1,104.2640
2021-09-01,2021,9,Otros departamentos,9,Articulos y utensilios domesticos,0,111.9745
2021-09-01,2021,9,Otros departamentos,10,Aseo del hogar,0,121.9974
2021-09-01,2021,9,Otros departamentos,11,Informatica y telecomunicaciones,0,131.7541
2021-09-01,2021,9,Otros departamentos,12,Sonido y video,0,77.4076
2021-09-01,2021,9,Otros departamentos,14,"Ferreteria, vidrios y pinturas",0,110.8493
2021-09-01,2021,9,Otros departamentos,15,Otras mercancias de uso domestico,0,101.6368
2021-10-01,2021,10,Antioquia,4,Prendas de vestir y textiles,0,129.9843
2021-10-01,2021,10,Antioquia,8,Electrodomesticos y muebles,1,158.5524
2021-10-01,2021,10,Antioquia,9,Articulos y utensilios domesticos,0,139.2316
2021-10-01,2021,10,Antioquia,10,Aseo del hogar,0,142.9723
2021-10-01,2021,10,Antioquia,11,Informatica y telecomunicaciones,0,196.8383
2021-10-01,2021,10,Antioquia,12,Sonido y video,0,180.9326
2021-10-01,2021,10,Antioquia,14,"Ferreteria, vidrios y pinturas",0,139.3775
2021-10-01,2021,10,Antioquia,15,Otras mercancias de uso domestico,0,133.0619
2021-10-01,2021,10,Atlantico,4,Prendas de vestir y textiles,0,134.5531
2021-10-01,2021,10,Atlantico,8,Electrodomesticos y muebles,1,133.6766
2021-10-01,2021,10,Atlantico,9,Articulos y utensilios domesticos,0,122.9443
2021-10-01,2021,10,Atlantico,10,Aseo del hogar,0,123.8609
2021-10-01,2021,10,Atlantico,11,Informatica y telecomunicaciones,0,165.4144
2021-10-01,2021,10,Atlantico,12,Sonido y video,0,179.2264
2021-10-01,2021,10,Atlantico,14,"Ferreteria, vidrios y pinturas",0,113.2627
2021-10-01,2021,10,Atlantico,15,Otras mercancias de uso domestico,0,112.1049
2021-10-01,2021,10,Bogota,4,Prendas de vestir y textiles,0,117.0801
2021-10-01,2021,10,Bogota,8,Electrodomesticos y muebles,1,189.5318
2021-10-01,2021,10,Bogota,9,Articulos y utensilios domesticos,0,144.2769
2021-10-01,2021,10,Bogota,10,Aseo del hogar,0,168.2115
2021-10-01,2021,10,Bogota,11,Informatica y telecomunicaciones,0,225.5540
2021-10-01,2021,10,Bogota,12,Sonido y video,0,210.7951
2021-10-01,2021,10,Bogota,14,"Ferreteria, vidrios y pinturas",0,150.4407
2021-10-01,2021,10,Bogota,15,Otras mercancias de uso domestico,0,128.5941
2021-10-01,2021,10,Cundinamarca,4,Prendas de vestir y textiles,0,161.3365
2021-10-01,2021,10,Cundinamarca,8,Electrodomesticos y muebles,1,193.2650
2021-10-01,2021,10,Cundinamarca,9,Articulos y utensilios domesticos,0,145.0619
2021-10-01,2021,10,Cundinamarca,10,Aseo del hogar,0,163.4955
2021-10-01,2021,10,Cundinamarca,11,Informatica y telecomunicaciones,0,190.9089
2021-10-01,2021,10,Cundinamarca,12,Sonido y video,0,179.8710
2021-10-01,2021,10,Cundinamarca,14,"Ferreteria, vidrios y pinturas",0,153.7906
2021-10-01,2021,10,Cundinamarca,15,Otras mercancias de uso domestico,0,114.1517
2021-10-01,2021,10,Santander,4,Prendas de vestir y textiles,0,131.3497
2021-10-01,2021,10,Santander,8,Electrodomesticos y muebles,1,137.8111
2021-10-01,2021,10,Santander,9,Articulos y utensilios domesticos,0,138.5296
2021-10-01,2021,10,Santander,10,Aseo del hogar,0,124.8888
2021-10-01,2021,10,Santander,11,Informatica y telecomunicaciones,0,187.8532
2021-10-01,2021,10,Santander,12,Sonido y video,0,156.7105
2021-10-01,2021,10,Santander,14,"Ferreteria, vidrios y pinturas",0,110.7895
2021-10-01,2021,10,Santander,15,Otras mercancias de uso domestico,0,112.7940
2021-10-01,2021,10,Valle del Cauca,4,Prendas de vestir y textiles,0,107.5231
2021-10-01,2021,10,Valle del Cauca,8,Electrodomesticos y muebles,1,139.2328
2021-10-01,2021,10,Valle del Cauca,9,Articulos y utensilios domesticos,0,107.6403
2021-10-01,2021,10,Valle del Cauca,10,Aseo del hogar,0,139.5965
2021-10-01,2021,10,Valle del Cauca,11,Informatica y telecomunicaciones,0,164.6726
2021-10-01,2021,10,Valle del Cauca,12,Sonido y video,0,148.7124
2021-10-01,2021,10,Valle del Cauca,14,"Ferreteria, vidrios y pinturas",0,123.3882
2021-10-01,2021,10,Valle del Cauca,15,Otras mercancias de uso domestico,0,116.1865
2021-10-01,2021,10,Otros departamentos,4,Prendas de vestir y textiles,0,113.4675
2021-10-01,2021,10,Otros departamentos,8,Electrodomesticos y muebles,1,135.5063
2021-10-01,2021,10,Otros departamentos,9,Articulos y utensilios domesticos,0,128.6658
2021-10-01,2021,10,Otros departamentos,10,Aseo del hogar,0,133.7030
2021-10-01,2021,10,Otros departamentos,11,Informatica y telecomunicaciones,0,167.4140
2021-10-01,2021,10,Otros departamentos,12,Sonido y video,0,143.2037
2021-10-01,2021,10,Otros departamentos,14,"Ferreteria, vidrios y pinturas",0,112.2507
2021-10-01,2021,10,Otros departamentos,15,Otras mercancias de uso domestico,0,118.0659
2021-11-01,2021,11,Antioquia,4,Prendas de vestir y textiles,0,132.4460
2021-11-01,2021,11,Antioquia,8,Electrodomesticos y muebles,1,133.2639
2021-11-01,2021,11,Antioquia,9,Articulos y utensilios domesticos,0,138.4592
2021-11-01,2021,11,Antioquia,10,Aseo del hogar,0,129.6355
2021-11-01,2021,11,Antioquia,11,Informatica y telecomunicaciones,0,178.1767
2021-11-01,2021,11,Antioquia,12,Sonido y video,0,143.7456
2021-11-01,2021,11,Antioquia,14,"Ferreteria, vidrios y pinturas",0,126.7216
2021-11-01,2021,11,Antioquia,15,Otras mercancias de uso domestico,0,140.4362
2021-11-01,2021,11,Atlantico,4,Prendas de vestir y textiles,0,147.7147
2021-11-01,2021,11,Atlantico,8,Electrodomesticos y muebles,1,128.4128
2021-11-01,2021,11,Atlantico,9,Articulos y utensilios domesticos,0,126.4723
2021-11-01,2021,11,Atlantico,10,Aseo del hogar,0,119.2915
2021-11-01,2021,11,Atlantico,11,Informatica y telecomunicaciones,0,167.9819
2021-11-01,2021,11,Atlantico,12,Sonido y video,0,137.8298
2021-11-01,2021,11,Atlantico,14,"Ferreteria, vidrios y pinturas",0,126.6183
2021-11-01,2021,11,Atlantico,15,Otras mercancias de uso domestico,0,136.8136
2021-11-01,2021,11,Bogota,4,Prendas de vestir y textiles,0,161.2388
2021-11-01,2021,11,Bogota,8,Electrodomesticos y muebles,1,176.1813
2021-11-01,2021,11,Bogota,9,Articulos y utensilios domesticos,0,154.7630
2021-11-01,2021,11,Bogota,10,Aseo del hogar,0,159.8260
2021-11-01,2021,11,Bogota,11,Informatica y telecomunicaciones,0,223.3925
2021-11-01,2021,11,Bogota,12,Sonido y video,0,178.2199
2021-11-01,2021,11,Bogota,14,"Ferreteria, vidrios y pinturas",0,154.3115
2021-11-01,2021,11,Bogota,15,Otras mercancias de uso domestico,0,172.5318
2021-11-01,2021,11,Cundinamarca,4,Prendas de vestir y textiles,0,177.2070
2021-11-01,2021,11,Cundinamarca,8,Electrodomesticos y muebles,1,185.2806
2021-11-01,2021,11,Cundinamarca,9,Articulos y utensilios domesticos,0,171.5896
2021-11-01,2021,11,Cundinamarca,10,Aseo del hogar,0,155.2798
2021-11-01,2021,11,Cundinamarca,11,Informatica y telecomunicaciones,0,194.3589
2021-11-01,2021,11,Cundinamarca,12,Sonido y video,0,153.0312
2021-11-01,2021,11,Cundinamarca,14,"Ferreteria, vidrios y pinturas",0,157.3024
2021-11-01,2021,11,Cundinamarca,15,Otras mercancias de uso domestico,0,166.1174
2021-11-01,2021,11,Santander,4,Prendas de vestir y textiles,0,142.3719
2021-11-01,2021,11,Santander,8,Electrodomesticos y muebles,1,123.3680
2021-11-01,2021,11,Santander,9,Articulos y utensilios domesticos,0,137.2607
2021-11-01,2021,11,Santander,10,Aseo del hogar,0,110.7308
2021-11-01,2021,11,Santander,11,Informatica y telecomunicaciones,0,182.7888
2021-11-01,2021,11,Santander,12,Sonido y video,0,118.6406
2021-11-01,2021,11,Santander,14,"Ferreteria, vidrios y pinturas",0,125.8949
2021-11-01,2021,11,Santander,15,Otras mercancias de uso domestico,0,126.6548
2021-11-01,2021,11,Valle del Cauca,4,Prendas de vestir y textiles,0,133.8602
2021-11-01,2021,11,Valle del Cauca,8,Electrodomesticos y muebles,1,143.1903
2021-11-01,2021,11,Valle del Cauca,9,Articulos y utensilios domesticos,0,113.4586
2021-11-01,2021,11,Valle del Cauca,10,Aseo del hogar,0,149.9902
2021-11-01,2021,11,Valle del Cauca,11,Informatica y telecomunicaciones,0,169.0244
2021-11-01,2021,11,Valle del Cauca,12,Sonido y video,0,128.2787
2021-11-01,2021,11,Valle del Cauca,14,"Ferreteria, vidrios y pinturas",0,137.8671
2021-11-01,2021,11,Valle del Cauca,15,Otras mercancias de uso domestico,0,152.6319
2021-11-01,2021,11,Otros departamentos,4,Prendas de vestir y textiles,0,131.5291
2021-11-01,2021,11,Otros departamentos,8,Electrodomesticos y muebles,1,131.7982
2021-11-01,2021,11,Otros departamentos,9,Articulos y utensilios domesticos,0,138.3822
2021-11-01,2021,11,Otros departamentos,10,Aseo del hogar,0,135.9394
2021-11-01,2021,11,Otros departamentos,11,Informatica y telecomunicaciones,0,169.8558
2021-11-01,2021,11,Otros departamentos,12,Sonido y video,0,131.0541
2021-11-01,2021,11,Otros departamentos,14,"Ferreteria, vidrios y pinturas",0,125.2013
2021-11-01,2021,11,Otros departamentos,15,Otras mercancias de uso domestico,0,126.1922
2021-12-01,2021,12,Antioquia,4,Prendas de vestir y textiles,0,326.9996
2021-12-01,2021,12,Antioquia,8,Electrodomesticos y muebles,1,152.4052
2021-12-01,2021,12,Antioquia,9,Articulos y utensilios domesticos,0,182.0467
2021-12-01,2021,12,Antioquia,10,Aseo del hogar,0,158.1028
2021-12-01,2021,12,Antioquia,11,Informatica y telecomunicaciones,0,254.1231
2021-12-01,2021,12,Antioquia,12,Sonido y video,0,175.7745
2021-12-01,2021,12,Antioquia,14,"Ferreteria, vidrios y pinturas",0,135.2940
2021-12-01,2021,12,Antioquia,15,Otras mercancias de uso domestico,0,179.2299
2021-12-01,2021,12,Atlantico,4,Prendas de vestir y textiles,0,333.9789
2021-12-01,2021,12,Atlantico,8,Electrodomesticos y muebles,1,159.8882
2021-12-01,2021,12,Atlantico,9,Articulos y utensilios domesticos,0,169.3633
2021-12-01,2021,12,Atlantico,10,Aseo del hogar,0,134.8434
2021-12-01,2021,12,Atlantico,11,Informatica y telecomunicaciones,0,233.1555
2021-12-01,2021,12,Atlantico,12,Sonido y video,0,184.7464
2021-12-01,2021,12,Atlantico,14,"Ferreteria, vidrios y pinturas",0,134.0073
2021-12-01,2021,12,Atlantico,15,Otras mercancias de uso domestico,0,191.4151
2021-12-01,2021,12,Bogota,4,Prendas de vestir y textiles,0,311.3596
2021-12-01,2021,12,Bogota,8,Electrodomesticos y muebles,1,186.5357
2021-12-01,2021,12,Bogota,9,Articulos y utensilios domesticos,0,191.1632
2021-12-01,2021,12,Bogota,10,Aseo del hogar,0,157.5005
2021-12-01,2021,12,Bogota,11,Informatica y telecomunicaciones,0,283.3744
2021-12-01,2021,12,Bogota,12,Sonido y video,0,203.9180
2021-12-01,2021,12,Bogota,14,"Ferreteria, vidrios y pinturas",0,139.6561
2021-12-01,2021,12,Bogota,15,Otras mercancias de uso domestico,0,209.5299
2021-12-01,2021,12,Cundinamarca,4,Prendas de vestir y textiles,0,364.3943
2021-12-01,2021,12,Cundinamarca,8,Electrodomesticos y muebles,1,205.5518
2021-12-01,2021,12,Cundinamarca,9,Articulos y utensilios domesticos,0,191.0891
2021-12-01,2021,12,Cundinamarca,10,Aseo del hogar,0,186.8233
2021-12-01,2021,12,Cundinamarca,11,Informatica y telecomunicaciones,0,267.8008
2021-12-01,2021,12,Cundinamarca,12,Sonido y video,0,190.8520
2021-12-01,2021,12,Cundinamarca,14,"Ferreteria, vidrios y pinturas",0,144.6589
2021-12-01,2021,12,Cundinamarca,15,Otras mercancias de uso domestico,0,196.1963
2021-12-01,2021,12,Santander,4,Prendas de vestir y textiles,0,306.0236
2021-12-01,2021,12,Santander,8,Electrodomesticos y muebles,1,148.3679
2021-12-01,2021,12,Santander,9,Articulos y utensilios domesticos,0,155.4548
2021-12-01,2021,12,Santander,10,Aseo del hogar,0,129.3422
2021-12-01,2021,12,Santander,11,Informatica y telecomunicaciones,0,252.1333
2021-12-01,2021,12,Santander,12,Sonido y video,0,156.2745
2021-12-01,2021,12,Santander,14,"Ferreteria, vidrios y pinturas",0,131.1875
2021-12-01,2021,12,Santander,15,Otras mercancias de uso domestico,0,181.2620
2021-12-01,2021,12,Valle del Cauca,4,Prendas de vestir y textiles,0,229.2816
2021-12-01,2021,12,Valle del Cauca,8,Electrodomesticos y muebles,1,142.2272
2021-12-01,2021,12,Valle del Cauca,9,Articulos y utensilios domesticos,0,127.6909
2021-12-01,2021,12,Valle del Cauca,10,Aseo del hogar,0,152.7278
2021-12-01,2021,12,Valle del Cauca,11,Informatica y telecomunicaciones,0,215.7871
2021-12-01,2021,12,Valle del Cauca,12,Sonido y video,0,137.4342
2021-12-01,2021,12,Valle del Cauca,14,"Ferreteria, vidrios y pinturas",0,123.1050
2021-12-01,2021,12,Valle del Cauca,15,Otras mercancias de uso domestico,0,175.6899
2021-12-01,2021,12,Otros departamentos,4,Prendas de vestir y textiles,0,289.2942
2021-12-01,2021,12,Otros departamentos,8,Electrodomesticos y muebles,1,161.2065
2021-12-01,2021,12,Otros departamentos,9,Articulos y utensilios domesticos,0,178.0251
2021-12-01,2021,12,Otros departamentos,10,Aseo del hogar,0,172.0623
2021-12-01,2021,12,Otros departamentos,11,Informatica y telecomunicaciones,0,249.7914
2021-12-01,2021,12,Otros departamentos,12,Sonido y video,0,185.3118
2021-12-01,2021,12,Otros departamentos,14,"Ferreteria, vidrios y pinturas",0,127.5475
2021-12-01,2021,12,Otros departamentos,15,Otras mercancias de uso domestico,0,187.2504
2022-01-01,2022,1,Antioquia,4,Prendas de vestir y textiles,0,108.7878
2022-01-01,2022,1,Antioquia,8,Electrodomesticos y muebles,1,115.5025
2022-01-01,2022,1,Antioquia,9,Articulos y utensilios domesticos,0,119.0610
2022-01-01,2022,1,Antioquia,10,Aseo del hogar,0,134.2045
2022-01-01,2022,1,Antioquia,11,Informatica y telecomunicaciones,0,161.3910
2022-01-01,2022,1,Antioquia,12,Sonido y video,0,83.4292
2022-01-01,2022,1,Antioquia,14,"Ferreteria, vidrios y pinturas",0,113.5951
2022-01-01,2022,1,Antioquia,15,Otras mercancias de uso domestico,0,88.3983
2022-01-01,2022,1,Atlantico,4,Prendas de vestir y textiles,0,109.2387
2022-01-01,2022,1,Atlantico,8,Electrodomesticos y muebles,1,121.4765
2022-01-01,2022,1,Atlantico,9,Articulos y utensilios domesticos,0,115.6549
2022-01-01,2022,1,Atlantico,10,Aseo del hogar,0,128.0973
2022-01-01,2022,1,Atlantico,11,Informatica y telecomunicaciones,0,154.6103
2022-01-01,2022,1,Atlantico,12,Sonido y video,0,96.5133
2022-01-01,2022,1,Atlantico,14,"Ferreteria, vidrios y pinturas",0,115.3470
2022-01-01,2022,1,Atlantico,15,Otras mercancias de uso domestico,0,97.3347
2022-01-01,2022,1,Bogota,4,Prendas de vestir y textiles,0,94.2846
2022-01-01,2022,1,Bogota,8,Electrodomesticos y muebles,1,124.5632
2022-01-01,2022,1,Bogota,9,Articulos y utensilios domesticos,0,132.7561
2022-01-01,2022,1,Bogota,10,Aseo del hogar,0,135.1814
2022-01-01,2022,1,Bogota,11,Informatica y telecomunicaciones,0,167.7484
2022-01-01,2022,1,Bogota,12,Sonido y video,0,94.4747
2022-01-01,2022,1,Bogota,14,"Ferreteria, vidrios y pinturas",0,115.2382
2022-01-01,2022,1,Bogota,15,Otras mercancias de uso domestico,0,120.2725
2022-01-01,2022,1,Cundinamarca,4,Prendas de vestir y textiles,0,116.0587
2022-01-01,2022,1,Cundinamarca,8,Electrodomesticos y muebles,1,147.7245
2022-01-01,2022,1,Cundinamarca,9,Articulos y utensilios domesticos,0,178.5879
2022-01-01,2022,1,Cundinamarca,10,Aseo del hogar,0,170.3318
2022-01-01,2022,1,Cundinamarca,11,Informatica y telecomunicaciones,0,169.9238
2022-01-01,2022,1,Cundinamarca,12,Sonido y video,0,109.1688
2022-01-01,2022,1,Cundinamarca,14,"Ferreteria, vidrios y pinturas",0,127.7703
2022-01-01,2022,1,Cundinamarca,15,Otras mercancias de uso domestico,0,118.4135
2022-01-01,2022,1,Santander,4,Prendas de vestir y textiles,0,96.7443
2022-01-01,2022,1,Santander,8,Electrodomesticos y muebles,1,109.6988
2022-01-01,2022,1,Santander,9,Articulos y utensilios domesticos,0,128.8025
2022-01-01,2022,1,Santander,10,Aseo del hogar,0,123.5496
2022-01-01,2022,1,Santander,11,Informatica y telecomunicaciones,0,167.7237
2022-01-01,2022,1,Santander,12,Sonido y video,0,84.9024
2022-01-01,2022,1,Santander,14,"Ferreteria, vidrios y pinturas",0,110.9445
2022-01-01,2022,1,Santander,15,Otras mercancias de uso domestico,0,99.6218
2022-01-01,2022,1,Valle del Cauca,4,Prendas de vestir y textiles,0,87.9845
2022-01-01,2022,1,Valle del Cauca,8,Electrodomesticos y muebles,1,110.3146
2022-01-01,2022,1,Valle del Cauca,9,Articulos y utensilios domesticos,0,115.5611
2022-01-01,2022,1,Valle del Cauca,10,Aseo del hogar,0,138.5255
2022-01-01,2022,1,Valle del Cauca,11,Informatica y telecomunicaciones,0,146.2165
2022-01-01,2022,1,Valle del Cauca,12,Sonido y video,0,77.7062
2022-01-01,2022,1,Valle del Cauca,14,"Ferreteria, vidrios y pinturas",0,110.1932
2022-01-01,2022,1,Valle del Cauca,15,Otras mercancias de uso domestico,0,87.9816
2022-01-01,2022,1,Otros departamentos,4,Prendas de vestir y textiles,0,91.1213
2022-01-01,2022,1,Otros departamentos,8,Electrodomesticos y muebles,1,115.7728
2022-01-01,2022,1,Otros departamentos,9,Articulos y utensilios domesticos,0,120.6978
2022-01-01,2022,1,Otros departamentos,10,Aseo del hogar,0,140.0714
2022-01-01,2022,1,Otros departamentos,11,Informatica y telecomunicaciones,0,153.0106
2022-01-01,2022,1,Otros departamentos,12,Sonido y video,0,92.7410
2022-01-01,2022,1,Otros departamentos,14,"Ferreteria, vidrios y pinturas",0,112.3087
2022-01-01,2022,1,Otros departamentos,15,Otras mercancias de uso domestico,0,95.8793
2022-02-01,2022,2,Antioquia,4,Prendas de vestir y textiles,0,89.9311
2022-02-01,2022,2,Antioquia,8,Electrodomesticos y muebles,1,117.1834
2022-02-01,2022,2,Antioquia,9,Articulos y utensilios domesticos,0,111.5630
2022-02-01,2022,2,Antioquia,10,Aseo del hogar,0,123.2717
2022-02-01,2022,2,Antioquia,11,Informatica y telecomunicaciones,0,170.3847
2022-02-01,2022,2,Antioquia,12,Sonido y video,0,86.0750
2022-02-01,2022,2,Antioquia,14,"Ferreteria, vidrios y pinturas",0,131.9703
2022-02-01,2022,2,Antioquia,15,Otras mercancias de uso domestico,0,97.7213
2022-02-01,2022,2,Atlantico,4,Prendas de vestir y textiles,0,100.3666
2022-02-01,2022,2,Atlantico,8,Electrodomesticos y muebles,1,109.2404
2022-02-01,2022,2,Atlantico,9,Articulos y utensilios domesticos,0,115.0821
2022-02-01,2022,2,Atlantico,10,Aseo del hogar,0,121.6274
2022-02-01,2022,2,Atlantico,11,Informatica y telecomunicaciones,0,168.4583
2022-02-01,2022,2,Atlantico,12,Sonido y video,0,98.9651
2022-02-01,2022,2,Atlantico,14,"Ferreteria, vidrios y pinturas",0,119.8741
2022-02-01,2022,2,Atlantico,15,Otras mercancias de uso domestico,0,97.7354
2022-02-01,2022,2,Bogota,4,Prendas de vestir y textiles,0,92.9137
2022-02-01,2022,2,Bogota,8,Electrodomesticos y muebles,1,118.2751
2022-02-01,2022,2,Bogota,9,Articulos y utensilios domesticos,0,119.5419
2022-02-01,2022,2,Bogota,10,Aseo del hogar,0,133.4218
2022-02-01,2022,2,Bogota,11,Informatica y telecomunicaciones,0,174.1895
2022-02-01,2022,2,Bogota,12,Sonido y video,0,95.1621
2022-02-01,2022,2,Bogota,14,"Ferreteria, vidrios y pinturas",0,122.1906
2022-02-01,2022,2,Bogota,15,Otras mercancias de uso domestico,0,105.6030
2022-02-01,2022,2,Cundinamarca,4,Prendas de vestir y textiles,0,110.7216
2022-02-01,2022,2,Cundinamarca,8,Electrodomesticos y muebles,1,120.6076
2022-02-01,2022,2,Cundinamarca,9,Articulos y utensilios domesticos,0,142.9335
2022-02-01,2022,2,Cundinamarca,10,Aseo del hogar,0,158.8514
2022-02-01,2022,2,Cundinamarca,11,Informatica y telecomunicaciones,0,179.8126
2022-02-01,2022,2,Cundinamarca,12,Sonido y video,0,106.6005
2022-02-01,2022,2,Cundinamarca,14,"Ferreteria, vidrios y pinturas",0,127.1933
2022-02-01,2022,2,Cundinamarca,15,Otras mercancias de uso domestico,0,117.0101
2022-02-01,2022,2,Santander,4,Prendas de vestir y textiles,0,89.2667
2022-02-01,2022,2,Santander,8,Electrodomesticos y muebles,1,100.7769
2022-02-01,2022,2,Santander,9,Articulos y utensilios domesticos,0,114.2998
2022-02-01,2022,2,Santander,10,Aseo del hogar,0,111.3200
2022-02-01,2022,2,Santander,11,Informatica y telecomunicaciones,0,162.3848
2022-02-01,2022,2,Santander,12,Sonido y video,0,80.3535
2022-02-01,2022,2,Santander,14,"Ferreteria, vidrios y pinturas",0,120.6844
2022-02-01,2022,2,Santander,15,Otras mercancias de uso domestico,0,95.3971
2022-02-01,2022,2,Valle del Cauca,4,Prendas de vestir y textiles,0,78.1778
2022-02-01,2022,2,Valle del Cauca,8,Electrodomesticos y muebles,1,98.2645
2022-02-01,2022,2,Valle del Cauca,9,Articulos y utensilios domesticos,0,103.2728
2022-02-01,2022,2,Valle del Cauca,10,Aseo del hogar,0,112.6517
2022-02-01,2022,2,Valle del Cauca,11,Informatica y telecomunicaciones,0,157.1955
2022-02-01,2022,2,Valle del Cauca,12,Sonido y video,0,78.7447
2022-02-01,2022,2,Valle del Cauca,14,"Ferreteria, vidrios y pinturas",0,107.1330
2022-02-01,2022,2,Valle del Cauca,15,Otras mercancias de uso domestico,0,78.9158
2022-02-01,2022,2,Otros departamentos,4,Prendas de vestir y textiles,0,78.2594
2022-02-01,2022,2,Otros departamentos,8,Electrodomesticos y muebles,1,101.7360
2022-02-01,2022,2,Otros departamentos,9,Articulos y utensilios domesticos,0,110.4190
2022-02-01,2022,2,Otros departamentos,10,Aseo del hogar,0,118.3794
2022-02-01,2022,2,Otros departamentos,11,Informatica y telecomunicaciones,0,170.7169
2022-02-01,2022,2,Otros departamentos,12,Sonido y video,0,91.9005
2022-02-01,2022,2,Otros departamentos,14,"Ferreteria, vidrios y pinturas",0,121.4984
2022-02-01,2022,2,Otros departamentos,15,Otras mercancias de uso domestico,0,91.9568
2022-03-01,2022,3,Antioquia,4,Prendas de vestir y textiles,0,101.7614
2022-03-01,2022,3,Antioquia,8,Electrodomesticos y muebles,1,167.0238
2022-03-01,2022,3,Antioquia,9,Articulos y utensilios domesticos,0,113.0824
2022-03-01,2022,3,Antioquia,10,Aseo del hogar,0,136.6536
2022-03-01,2022,3,Antioquia,11,Informatica y telecomunicaciones,0,199.2116
2022-03-01,2022,3,Antioquia,12,Sonido y video,0,169.9428
2022-03-01,2022,3,Antioquia,14,"Ferreteria, vidrios y pinturas",0,137.3620
2022-03-01,2022,3,Antioquia,15,Otras mercancias de uso domestico,0,110.7576
2022-03-01,2022,3,Atlantico,4,Prendas de vestir y textiles,0,103.9082
2022-03-01,2022,3,Atlantico,8,Electrodomesticos y muebles,1,149.2273
2022-03-01,2022,3,Atlantico,9,Articulos y utensilios domesticos,0,123.0494
2022-03-01,2022,3,Atlantico,10,Aseo del hogar,0,136.8008
2022-03-01,2022,3,Atlantico,11,Informatica y telecomunicaciones,0,222.9951
2022-03-01,2022,3,Atlantico,12,Sonido y video,0,171.3795
2022-03-01,2022,3,Atlantico,14,"Ferreteria, vidrios y pinturas",0,142.6794
2022-03-01,2022,3,Atlantico,15,Otras mercancias de uso domestico,0,100.0332
2022-03-01,2022,3,Bogota,4,Prendas de vestir y textiles,0,131.5773
2022-03-01,2022,3,Bogota,8,Electrodomesticos y muebles,1,180.6072
2022-03-01,2022,3,Bogota,9,Articulos y utensilios domesticos,0,147.7588
2022-03-01,2022,3,Bogota,10,Aseo del hogar,0,139.1231
2022-03-01,2022,3,Bogota,11,Informatica y telecomunicaciones,0,227.9366
2022-03-01,2022,3,Bogota,12,Sonido y video,0,200.7721
2022-03-01,2022,3,Bogota,14,"Ferreteria, vidrios y pinturas",0,141.6922
2022-03-01,2022,3,Bogota,15,Otras mercancias de uso domestico,0,127.7493
2022-03-01,2022,3,Cundinamarca,4,Prendas de vestir y textiles,0,133.3467
2022-03-01,2022,3,Cundinamarca,8,Electrodomesticos y muebles,1,172.7161
2022-03-01,2022,3,Cundinamarca,9,Articulos y utensilios domesticos,0,140.3214
2022-03-01,2022,3,Cundinamarca,10,Aseo del hogar,0,158.1478
2022-03-01,2022,3,Cundinamarca,11,Informatica y telecomunicaciones,0,216.1068
2022-03-01,2022,3,Cundinamarca,12,Sonido y video,0,191.9799
2022-03-01,2022,3,Cundinamarca,14,"Ferreteria, vidrios y pinturas",0,144.8741
2022-03-01,2022,3,Cundinamarca,15,Otras mercancias de uso domestico,0,120.2396
2022-03-01,2022,3,Santander,4,Prendas de vestir y textiles,0,121.6896
2022-03-01,2022,3,Santander,8,Electrodomesticos y muebles,1,152.3849
2022-03-01,2022,3,Santander,9,Articulos y utensilios domesticos,0,139.3149
2022-03-01,2022,3,Santander,10,Aseo del hogar,0,123.1240
2022-03-01,2022,3,Santander,11,Informatica y telecomunicaciones,0,214.3304
2022-03-01,2022,3,Santander,12,Sonido y video,0,173.2046
2022-03-01,2022,3,Santander,14,"Ferreteria, vidrios y pinturas",0,147.9300
2022-03-01,2022,3,Santander,15,Otras mercancias de uso domestico,0,105.1423
2022-03-01,2022,3,Valle del Cauca,4,Prendas de vestir y textiles,0,98.1099
2022-03-01,2022,3,Valle del Cauca,8,Electrodomesticos y muebles,1,148.7125
2022-03-01,2022,3,Valle del Cauca,9,Articulos y utensilios domesticos,0,109.3540
2022-03-01,2022,3,Valle del Cauca,10,Aseo del hogar,0,126.4706
2022-03-01,2022,3,Valle del Cauca,11,Informatica y telecomunicaciones,0,215.9692
2022-03-01,2022,3,Valle del Cauca,12,Sonido y video,0,152.8383
2022-03-01,2022,3,Valle del Cauca,14,"Ferreteria, vidrios y pinturas",0,124.0290
2022-03-01,2022,3,Valle del Cauca,15,Otras mercancias de uso domestico,0,92.7187
2022-03-01,2022,3,Otros departamentos,4,Prendas de vestir y textiles,0,92.5781
2022-03-01,2022,3,Otros departamentos,8,Electrodomesticos y muebles,1,160.6566
2022-03-01,2022,3,Otros departamentos,9,Articulos y utensilios domesticos,0,117.0112
2022-03-01,2022,3,Otros departamentos,10,Aseo del hogar,0,128.5704
2022-03-01,2022,3,Otros departamentos,11,Informatica y telecomunicaciones,0,243.6302
2022-03-01,2022,3,Otros departamentos,12,Sonido y video,0,169.9861
2022-03-01,2022,3,Otros departamentos,14,"Ferreteria, vidrios y pinturas",0,131.2474
2022-03-01,2022,3,Otros departamentos,15,Otras mercancias de uso domestico,0,110.2194
2022-04-01,2022,4,Antioquia,4,Prendas de vestir y textiles,0,101.5261
2022-04-01,2022,4,Antioquia,8,Electrodomesticos y muebles,1,111.2123
2022-04-01,2022,4,Antioquia,9,Articulos y utensilios domesticos,0,118.6859
2022-04-01,2022,4,Antioquia,10,Aseo del hogar,0,126.4286
2022-04-01,2022,4,Antioquia,11,Informatica y telecomunicaciones,0,141.2574
2022-04-01,2022,4,Antioquia,12,Sonido y video,0,91.6554
2022-04-01,2022,4,Antioquia,14,"Ferreteria, vidrios y pinturas",0,122.5369
2022-04-01,2022,4,Antioquia,15,Otras mercancias de uso domestico,0,113.8929
2022-04-01,2022,4,Atlantico,4,Prendas de vestir y textiles,0,106.1424
2022-04-01,2022,4,Atlantico,8,Electrodomesticos y muebles,1,114.5007
2022-04-01,2022,4,Atlantico,9,Articulos y utensilios domesticos,0,130.2518
2022-04-01,2022,4,Atlantico,10,Aseo del hogar,0,121.8866
2022-04-01,2022,4,Atlantico,11,Informatica y telecomunicaciones,0,165.2894
2022-04-01,2022,4,Atlantico,12,Sonido y video,0,92.4993
2022-04-01,2022,4,Atlantico,14,"Ferreteria, vidrios y pinturas",0,123.7429
2022-04-01,2022,4,Atlantico,15,Otras mercancias de uso domestico,0,101.0760
2022-04-01,2022,4,Bogota,4,Prendas de vestir y textiles,0,112.1990
2022-04-01,2022,4,Bogota,8,Electrodomesticos y muebles,1,107.2316
2022-04-01,2022,4,Bogota,9,Articulos y utensilios domesticos,0,118.5172
2022-04-01,2022,4,Bogota,10,Aseo del hogar,0,116.4340
2022-04-01,2022,4,Bogota,11,Informatica y telecomunicaciones,0,153.4440
2022-04-01,2022,4,Bogota,12,Sonido y video,0,86.4329
2022-04-01,2022,4,Bogota,14,"Ferreteria, vidrios y pinturas",0,112.5561
2022-04-01,2022,4,Bogota,15,Otras mercancias de uso domestico,0,102.8556
2022-04-01,2022,4,Cundinamarca,4,Prendas de vestir y textiles,0,135.5973
2022-04-01,2022,4,Cundinamarca,8,Electrodomesticos y muebles,1,122.5656
2022-04-01,2022,4,Cundinamarca,9,Articulos y utensilios domesticos,0,138.4878
2022-04-01,2022,4,Cundinamarca,10,Aseo del hogar,0,134.2792
2022-04-01,2022,4,Cundinamarca,11,Informatica y telecomunicaciones,0,167.7689
2022-04-01,2022,4,Cundinamarca,12,Sonido y video,0,101.6637
2022-04-01,2022,4,Cundinamarca,14,"Ferreteria, vidrios y pinturas",0,133.1180
2022-04-01,2022,4,Cundinamarca,15,Otras mercancias de uso domestico,0,129.8220
2022-04-01,2022,4,Santander,4,Prendas de vestir y textiles,0,113.8789
2022-04-01,2022,4,Santander,8,Electrodomesticos y muebles,1,104.0370
2022-04-01,2022,4,Santander,9,Articulos y utensilios domesticos,0,116.5164
2022-04-01,2022,4,Santander,10,Aseo del hogar,0,112.9823
2022-04-01,2022,4,Santander,11,Informatica y telecomunicaciones,0,143.6323
2022-04-01,2022,4,Santander,12,Sonido y video,0,85.0174
2022-04-01,2022,4,Santander,14,"Ferreteria, vidrios y pinturas",0,118.6289
2022-04-01,2022,4,Santander,15,Otras mercancias de uso domestico,0,95.1697
2022-04-01,2022,4,Valle del Cauca,4,Prendas de vestir y textiles,0,86.4232
2022-04-01,2022,4,Valle del Cauca,8,Electrodomesticos y muebles,1,95.0883
2022-04-01,2022,4,Valle del Cauca,9,Articulos y utensilios domesticos,0,112.1175
2022-04-01,2022,4,Valle del Cauca,10,Aseo del hogar,0,120.1177
2022-04-01,2022,4,Valle del Cauca,11,Informatica y telecomunicaciones,0,165.9208
2022-04-01,2022,4,Valle del Cauca,12,Sonido y video,0,85.8659
2022-04-01,2022,4,Valle del Cauca,14,"Ferreteria, vidrios y pinturas",0,116.5347
2022-04-01,2022,4,Valle del Cauca,15,Otras mercancias de uso domestico,0,87.1954
2022-04-01,2022,4,Otros departamentos,4,Prendas de vestir y textiles,0,94.2188
2022-04-01,2022,4,Otros departamentos,8,Electrodomesticos y muebles,1,117.2678
2022-04-01,2022,4,Otros departamentos,9,Articulos y utensilios domesticos,0,111.9114
2022-04-01,2022,4,Otros departamentos,10,Aseo del hogar,0,138.0244
2022-04-01,2022,4,Otros departamentos,11,Informatica y telecomunicaciones,0,168.2455
2022-04-01,2022,4,Otros departamentos,12,Sonido y video,0,98.0300
2022-04-01,2022,4,Otros departamentos,14,"Ferreteria, vidrios y pinturas",0,119.2925
2022-04-01,2022,4,Otros departamentos,15,Otras mercancias de uso domestico,0,110.8291
2022-05-01,2022,5,Antioquia,4,Prendas de vestir y textiles,0,122.3586
2022-05-01,2022,5,Antioquia,8,Electrodomesticos y muebles,1,113.2149
2022-05-01,2022,5,Antioquia,9,Articulos y utensilios domesticos,0,117.2961
2022-05-01,2022,5,Antioquia,10,Aseo del hogar,0,127.7860
2022-05-01,2022,5,Antioquia,11,Informatica y telecomunicaciones,0,162.7703
2022-05-01,2022,5,Antioquia,12,Sonido y video,0,102.5416
2022-05-01,2022,5,Antioquia,14,"Ferreteria, vidrios y pinturas",0,127.1920
2022-05-01,2022,5,Antioquia,15,Otras mercancias de uso domestico,0,115.9969
2022-05-01,2022,5,Atlantico,4,Prendas de vestir y textiles,0,114.7262
2022-05-01,2022,5,Atlantico,8,Electrodomesticos y muebles,1,106.9993
2022-05-01,2022,5,Atlantico,9,Articulos y utensilios domesticos,0,133.2854
2022-05-01,2022,5,Atlantico,10,Aseo del hogar,0,126.4038
2022-05-01,2022,5,Atlantico,11,Informatica y telecomunicaciones,0,192.1120
2022-05-01,2022,5,Atlantico,12,Sonido y video,0,100.0781
2022-05-01,2022,5,Atlantico,14,"Ferreteria, vidrios y pinturas",0,135.9285
2022-05-01,2022,5,Atlantico,15,Otras mercancias de uso domestico,0,104.1578
2022-05-01,2022,5,Bogota,4,Prendas de vestir y textiles,0,108.7531
2022-05-01,2022,5,Bogota,8,Electrodomesticos y muebles,1,121.9963
2022-05-01,2022,5,Bogota,9,Articulos y utensilios domesticos,0,126.2591
2022-05-01,2022,5,Bogota,10,Aseo del hogar,0,126.0857
2022-05-01,2022,5,Bogota,11,Informatica y telecomunicaciones,0,191.5628
2022-05-01,2022,5,Bogota,12,Sonido y video,0,96.8907
2022-05-01,2022,5,Bogota,14,"Ferreteria, vidrios y pinturas",0,117.5222
2022-05-01,2022,5,Bogota,15,Otras mercancias de uso domestico,0,117.1158
2022-05-01,2022,5,Cundinamarca,4,Prendas de vestir y textiles,0,136.1011
2022-05-01,2022,5,Cundinamarca,8,Electrodomesticos y muebles,1,131.8336
2022-05-01,2022,5,Cundinamarca,9,Articulos y utensilios domesticos,0,136.7207
2022-05-01,2022,5,Cundinamarca,10,Aseo del hogar,0,159.6428
2022-05-01,2022,5,Cundinamarca,11,Informatica y telecomunicaciones,0,204.6967
2022-05-01,2022,5,Cundinamarca,12,Sonido y video,0,112.0477
2022-05-01,2022,5,Cundinamarca,14,"Ferreteria, vidrios y pinturas",0,139.9282
2022-05-01,2022,5,Cundinamarca,15,Otras mercancias de uso domestico,0,136.2507
2022-05-01,2022,5,Santander,4,Prendas de vestir y textiles,0,128.3070
2022-05-01,2022,5,Santander,8,Electrodomesticos y muebles,1,119.2078
2022-05-01,2022,5,Santander,9,Articulos y utensilios domesticos,0,123.6294
2022-05-01,2022,5,Santander,10,Aseo del hogar,0,130.6754
2022-05-01,2022,5,Santander,11,Informatica y telecomunicaciones,0,162.7082
2022-05-01,2022,5,Santander,12,Sonido y video,0,89.7272
2022-05-01,2022,5,Santander,14,"Ferreteria, vidrios y pinturas",0,124.4388
2022-05-01,2022,5,Santander,15,Otras mercancias de uso domestico,0,99.5098
2022-05-01,2022,5,Valle del Cauca,4,Prendas de vestir y textiles,0,91.0074
2022-05-01,2022,5,Valle del Cauca,8,Electrodomesticos y muebles,1,93.9723
2022-05-01,2022,5,Valle del Cauca,9,Articulos y utensilios domesticos,0,103.2906
2022-05-01,2022,5,Valle del Cauca,10,Aseo del hogar,0,123.7625
2022-05-01,2022,5,Valle del Cauca,11,Informatica y telecomunicaciones,0,182.9357
2022-05-01,2022,5,Valle del Cauca,12,Sonido y video,0,86.8864
2022-05-01,2022,5,Valle del Cauca,14,"Ferreteria, vidrios y pinturas",0,119.8504
2022-05-01,2022,5,Valle del Cauca,15,Otras mercancias de uso domestico,0,91.9571
2022-05-01,2022,5,Otros departamentos,4,Prendas de vestir y textiles,0,110.7702
2022-05-01,2022,5,Otros departamentos,8,Electrodomesticos y muebles,1,120.1326
2022-05-01,2022,5,Otros departamentos,9,Articulos y utensilios domesticos,0,118.4932
2022-05-01,2022,5,Otros departamentos,10,Aseo del hogar,0,141.3867
2022-05-01,2022,5,Otros departamentos,11,Informatica y telecomunicaciones,0,175.3648
2022-05-01,2022,5,Otros departamentos,12,Sonido y video,0,100.2274
2022-05-01,2022,5,Otros departamentos,14,"Ferreteria, vidrios y pinturas",0,115.6625
2022-05-01,2022,5,Otros departamentos,15,Otras mercancias de uso domestico,0,110.7724
2022-06-01,2022,6,Antioquia,4,Prendas de vestir y textiles,0,137.0580
2022-06-01,2022,6,Antioquia,8,Electrodomesticos y muebles,1,175.7127
2022-06-01,2022,6,Antioquia,9,Articulos y utensilios domesticos,0,111.0580
2022-06-01,2022,6,Antioquia,10,Aseo del hogar,0,124.9921
2022-06-01,2022,6,Antioquia,11,Informatica y telecomunicaciones,0,216.5020
2022-06-01,2022,6,Antioquia,12,Sonido y video,0,216.5102
2022-06-01,2022,6,Antioquia,14,"Ferreteria, vidrios y pinturas",0,126.0291
2022-06-01,2022,6,Antioquia,15,Otras mercancias de uso domestico,0,112.7293
2022-06-01,2022,6,Atlantico,4,Prendas de vestir y textiles,0,150.0108
2022-06-01,2022,6,Atlantico,8,Electrodomesticos y muebles,1,195.8068
2022-06-01,2022,6,Atlantico,9,Articulos y utensilios domesticos,0,128.4902
2022-06-01,2022,6,Atlantico,10,Aseo del hogar,0,127.3307
2022-06-01,2022,6,Atlantico,11,Informatica y telecomunicaciones,0,292.6407
2022-06-01,2022,6,Atlantico,12,Sonido y video,0,215.6888
2022-06-01,2022,6,Atlantico,14,"Ferreteria, vidrios y pinturas",0,132.9771
2022-06-01,2022,6,Atlantico,15,Otras mercancias de uso domestico,0,110.3533
2022-06-01,2022,6,Bogota,4,Prendas de vestir y textiles,0,124.4151
2022-06-01,2022,6,Bogota,8,Electrodomesticos y muebles,1,198.9490
2022-06-01,2022,6,Bogota,9,Articulos y utensilios domesticos,0,142.8832
2022-06-01,2022,6,Bogota,10,Aseo del hogar,0,128.4592
2022-06-01,2022,6,Bogota,11,Informatica y telecomunicaciones,0,245.7179
2022-06-01,2022,6,Bogota,12,Sonido y video,0,228.5605
2022-06-01,2022,6,Bogota,14,"Ferreteria, vidrios y pinturas",0,124.1048
2022-06-01,2022,6,Bogota,15,Otras mercancias de uso domestico,0,114.7806
2022-06-01,2022,6,Cundinamarca,4,Prendas de vestir y textiles,0,156.5888
2022-06-01,2022,6,Cundinamarca,8,Electrodomesticos y muebles,1,188.1205
2022-06-01,2022,6,Cundinamarca,9,Articulos y utensilios domesticos,0,134.4392
2022-06-01,2022,6,Cundinamarca,10,Aseo del hogar,0,138.4636
2022-06-01,2022,6,Cundinamarca,11,Informatica y telecomunicaciones,0,253.5246
2022-06-01,2022,6,Cundinamarca,12,Sonido y video,0,224.0906
2022-06-01,2022,6,Cundinamarca,14,"Ferreteria, vidrios y pinturas",0,149.5635
2022-06-01,2022,6,Cundinamarca,15,Otras mercancias de uso domestico,0,130.6052
2022-06-01,2022,6,Santander,4,Prendas de vestir y textiles,0,154.3981
2022-06-01,2022,6,Santander,8,Electrodomesticos y muebles,1,169.8239
2022-06-01,2022,6,Santander,9,Articulos y utensilios domesticos,0,131.8556
2022-06-01,2022,6,Santander,10,Aseo del hogar,0,128.9804
2022-06-01,2022,6,Santander,11,Informatica y telecomunicaciones,0,215.5801
2022-06-01,2022,6,Santander,12,Sonido y video,0,209.0900
2022-06-01,2022,6,Santander,14,"Ferreteria, vidrios y pinturas",0,129.4421
2022-06-01,2022,6,Santander,15,Otras mercancias de uso domestico,0,115.0105
2022-06-01,2022,6,Valle del Cauca,4,Prendas de vestir y textiles,0,122.0924
2022-06-01,2022,6,Valle del Cauca,8,Electrodomesticos y muebles,1,150.9894
2022-06-01,2022,6,Valle del Cauca,9,Articulos y utensilios domesticos,0,98.8281
2022-06-01,2022,6,Valle del Cauca,10,Aseo del hogar,0,102.0196
2022-06-01,2022,6,Valle del Cauca,11,Informatica y telecomunicaciones,0,224.8429
2022-06-01,2022,6,Valle del Cauca,12,Sonido y video,0,176.4461
2022-06-01,2022,6,Valle del Cauca,14,"Ferreteria, vidrios y pinturas",0,114.5795
2022-06-01,2022,6,Valle del Cauca,15,Otras mercancias de uso domestico,0,98.4684
2022-06-01,2022,6,Otros departamentos,4,Prendas de vestir y textiles,0,130.4324
2022-06-01,2022,6,Otros departamentos,8,Electrodomesticos y muebles,1,176.9669
2022-06-01,2022,6,Otros departamentos,9,Articulos y utensilios domesticos,0,126.1384
2022-06-01,2022,6,Otros departamentos,10,Aseo del hogar,0,126.7757
2022-06-01,2022,6,Otros departamentos,11,Informatica y telecomunicaciones,0,221.5836
2022-06-01,2022,6,Otros departamentos,12,Sonido y video,0,219.3739
2022-06-01,2022,6,Otros departamentos,14,"Ferreteria, vidrios y pinturas",0,127.8407
2022-06-01,2022,6,Otros departamentos,15,Otras mercancias de uso domestico,0,119.4466
2022-07-01,2022,7,Antioquia,4,Prendas de vestir y textiles,0,132.5568
2022-07-01,2022,7,Antioquia,8,Electrodomesticos y muebles,1,116.1067
2022-07-01,2022,7,Antioquia,9,Articulos y utensilios domesticos,0,116.7422
2022-07-01,2022,7,Antioquia,10,Aseo del hogar,0,134.7540
2022-07-01,2022,7,Antioquia,11,Informatica y telecomunicaciones,0,182.2070
2022-07-01,2022,7,Antioquia,12,Sonido y video,0,106.1511
2022-07-01,2022,7,Antioquia,14,"Ferreteria, vidrios y pinturas",0,129.2037
2022-07-01,2022,7,Antioquia,15,Otras mercancias de uso domestico,0,118.3368
2022-07-01,2022,7,Atlantico,4,Prendas de vestir y textiles,0,139.7139
2022-07-01,2022,7,Atlantico,8,Electrodomesticos y muebles,1,117.4991
2022-07-01,2022,7,Atlantico,9,Articulos y utensilios domesticos,0,137.2577
2022-07-01,2022,7,Atlantico,10,Aseo del hogar,0,141.6202
2022-07-01,2022,7,Atlantico,11,Informatica y telecomunicaciones,0,209.0230
2022-07-01,2022,7,Atlantico,12,Sonido y video,0,112.2073
2022-07-01,2022,7,Atlantico,14,"Ferreteria, vidrios y pinturas",0,141.2077
2022-07-01,2022,7,Atlantico,15,Otras mercancias de uso domestico,0,107.4080
2022-07-01,2022,7,Bogota,4,Prendas de vestir y textiles,0,116.3292
2022-07-01,2022,7,Bogota,8,Electrodomesticos y muebles,1,126.1864
2022-07-01,2022,7,Bogota,9,Articulos y utensilios domesticos,0,148.9830
2022-07-01,2022,7,Bogota,10,Aseo del hogar,0,150.3624
2022-07-01,2022,7,Bogota,11,Informatica y telecomunicaciones,0,186.9652
2022-07-01,2022,7,Bogota,12,Sonido y video,0,123.0493
2022-07-01,2022,7,Bogota,14,"Ferreteria, vidrios y pinturas",0,129.7432
2022-07-01,2022,7,Bogota,15,Otras mercancias de uso domestico,0,118.0032
2022-07-01,2022,7,Cundinamarca,4,Prendas de vestir y textiles,0,141.8905
2022-07-01,2022,7,Cundinamarca,8,Electrodomesticos y muebles,1,127.3195
2022-07-01,2022,7,Cundinamarca,9,Articulos y utensilios domesticos,0,174.3450
2022-07-01,2022,7,Cundinamarca,10,Aseo del hogar,0,172.3254
2022-07-01,2022,7,Cundinamarca,11,Informatica y telecomunicaciones,0,197.7167
2022-07-01,2022,7,Cundinamarca,12,Sonido y video,0,130.2508
2022-07-01,2022,7,Cundinamarca,14,"Ferreteria, vidrios y pinturas",0,139.2800
2022-07-01,2022,7,Cundinamarca,15,Otras mercancias de uso domestico,0,133.9894
2022-07-01,2022,7,Santander,4,Prendas de vestir y textiles,0,137.3915
2022-07-01,2022,7,Santander,8,Electrodomesticos y muebles,1,110.0158
2022-07-01,2022,7,Santander,9,Articulos y utensilios domesticos,0,144.6665
2022-07-01,2022,7,Santander,10,Aseo del hogar,0,120.2186
2022-07-01,2022,7,Santander,11,Informatica y telecomunicaciones,0,165.9819
2022-07-01,2022,7,Santander,12,Sonido y video,0,112.5847
2022-07-01,2022,7,Santander,14,"Ferreteria, vidrios y pinturas",0,133.7247
2022-07-01,2022,7,Santander,15,Otras mercancias de uso domestico,0,120.8441
2022-07-01,2022,7,Valle del Cauca,4,Prendas de vestir y textiles,0,114.0365
2022-07-01,2022,7,Valle del Cauca,8,Electrodomesticos y muebles,1,104.3712
2022-07-01,2022,7,Valle del Cauca,9,Articulos y utensilios domesticos,0,114.4758
2022-07-01,2022,7,Valle del Cauca,10,Aseo del hogar,0,124.7371
2022-07-01,2022,7,Valle del Cauca,11,Informatica y telecomunicaciones,0,165.4333
2022-07-01,2022,7,Valle del Cauca,12,Sonido y video,0,91.7954
2022-07-01,2022,7,Valle del Cauca,14,"Ferreteria, vidrios y pinturas",0,116.2691
2022-07-01,2022,7,Valle del Cauca,15,Otras mercancias de uso domestico,0,115.8218
2022-07-01,2022,7,Otros departamentos,4,Prendas de vestir y textiles,0,117.1919
2022-07-01,2022,7,Otros departamentos,8,Electrodomesticos y muebles,1,116.2590
2022-07-01,2022,7,Otros departamentos,9,Articulos y utensilios domesticos,0,137.5009
2022-07-01,2022,7,Otros departamentos,10,Aseo del hogar,0,128.8655
2022-07-01,2022,7,Otros departamentos,11,Informatica y telecomunicaciones,0,183.8101
2022-07-01,2022,7,Otros departamentos,12,Sonido y video,0,101.8074
2022-07-01,2022,7,Otros departamentos,14,"Ferreteria, vidrios y pinturas",0,126.7662
2022-07-01,2022,7,Otros departamentos,15,Otras mercancias de uso domestico,0,118.0860
2022-08-01,2022,8,Antioquia,4,Prendas de vestir y textiles,0,118.6937
2022-08-01,2022,8,Antioquia,8,Electrodomesticos y muebles,1,113.7953
2022-08-01,2022,8,Antioquia,9,Articulos y utensilios domesticos,0,104.1844
2022-08-01,2022,8,Antioquia,10,Aseo del hogar,0,119.5463
2022-08-01,2022,8,Antioquia,11,Informatica y telecomunicaciones,0,190.3572
2022-08-01,2022,8,Antioquia,12,Sonido y video,0,105.3422
2022-08-01,2022,8,Antioquia,14,"Ferreteria, vidrios y pinturas",0,131.4875
2022-08-01,2022,8,Antioquia,15,Otras mercancias de uso domestico,0,111.2623
2022-08-01,2022,8,Atlantico,4,Prendas de vestir y textiles,0,117.8126
2022-08-01,2022,8,Atlantico,8,Electrodomesticos y muebles,1,115.3707
2022-08-01,2022,8,Atlantico,9,Articulos y utensilios domesticos,0,128.6452
2022-08-01,2022,8,Atlantico,10,Aseo del hogar,0,122.4837
2022-08-01,2022,8,Atlantico,11,Informatica y telecomunicaciones,0,215.8464
2022-08-01,2022,8,Atlantico,12,Sonido y video,0,107.8999
2022-08-01,2022,8,Atlantico,14,"Ferreteria, vidrios y pinturas",0,128.9300
2022-08-01,2022,8,Atlantico,15,Otras mercancias de uso domestico,0,98.9483
2022-08-01,2022,8,Bogota,4,Prendas de vestir y textiles,0,93.4415
2022-08-01,2022,8,Bogota,8,Electrodomesticos y muebles,1,127.2265
2022-08-01,2022,8,Bogota,9,Articulos y utensilios domesticos,0,136.9129
2022-08-01,2022,8,Bogota,10,Aseo del hogar,0,137.1046
2022-08-01,2022,8,Bogota,11,Informatica y telecomunicaciones,0,195.7223
2022-08-01,2022,8,Bogota,12,Sonido y video,0,130.6285
2022-08-01,2022,8,Bogota,14,"Ferreteria, vidrios y pinturas",0,121.6476
2022-08-01,2022,8,Bogota,15,Otras mercancias de uso domestico,0,121.6953
2022-08-01,2022,8,Cundinamarca,4,Prendas de vestir y textiles,0,136.2695
2022-08-01,2022,8,Cundinamarca,8,Electrodomesticos y muebles,1,148.9360
2022-08-01,2022,8,Cundinamarca,9,Articulos y utensilios domesticos,0,155.8422
2022-08-01,2022,8,Cundinamarca,10,Aseo del hogar,0,150.8696
2022-08-01,2022,8,Cundinamarca,11,Informatica y telecomunicaciones,0,207.0212
2022-08-01,2022,8,Cundinamarca,12,Sonido y video,0,146.5063
2022-08-01,2022,8,Cundinamarca,14,"Ferreteria, vidrios y pinturas",0,144.0435
2022-08-01,2022,8,Cundinamarca,15,Otras mercancias de uso domestico,0,142.1139
2022-08-01,2022,8,Santander,4,Prendas de vestir y textiles,0,137.5525
2022-08-01,2022,8,Santander,8,Electrodomesticos y muebles,1,112.7634
2022-08-01,2022,8,Santander,9,Articulos y utensilios domesticos,0,117.8218
2022-08-01,2022,8,Santander,10,Aseo del hogar,0,111.4358
2022-08-01,2022,8,Santander,11,Informatica y telecomunicaciones,0,171.5069
2022-08-01,2022,8,Santander,12,Sonido y video,0,107.5528
2022-08-01,2022,8,Santander,14,"Ferreteria, vidrios y pinturas",0,119.9430
2022-08-01,2022,8,Santander,15,Otras mercancias de uso domestico,0,112.6061
2022-08-01,2022,8,Valle del Cauca,4,Prendas de vestir y textiles,0,96.5694
2022-08-01,2022,8,Valle del Cauca,8,Electrodomesticos y muebles,1,118.5426
2022-08-01,2022,8,Valle del Cauca,9,Articulos y utensilios domesticos,0,113.1827
2022-08-01,2022,8,Valle del Cauca,10,Aseo del hogar,0,114.9544
2022-08-01,2022,8,Valle del Cauca,11,Informatica y telecomunicaciones,0,190.6155
2022-08-01,2022,8,Valle del Cauca,12,Sonido y video,0,100.9524
2022-08-01,2022,8,Valle del Cauca,14,"Ferreteria, vidrios y pinturas",0,115.7787
2022-08-01,2022,8,Valle del Cauca,15,Otras mercancias de uso domestico,0,119.1360
2022-08-01,2022,8,Otros departamentos,4,Prendas de vestir y textiles,0,112.2289
2022-08-01,2022,8,Otros departamentos,8,Electrodomesticos y muebles,1,126.0556
2022-08-01,2022,8,Otros departamentos,9,Articulos y utensilios domesticos,0,136.0170
2022-08-01,2022,8,Otros departamentos,10,Aseo del hogar,0,125.7365
2022-08-01,2022,8,Otros departamentos,11,Informatica y telecomunicaciones,0,201.7576
2022-08-01,2022,8,Otros departamentos,12,Sonido y video,0,119.6369
2022-08-01,2022,8,Otros departamentos,14,"Ferreteria, vidrios y pinturas",0,122.6972
2022-08-01,2022,8,Otros departamentos,15,Otras mercancias de uso domestico,0,124.4387
2022-09-01,2022,9,Antioquia,4,Prendas de vestir y textiles,0,114.8791
2022-09-01,2022,9,Antioquia,8,Electrodomesticos y muebles,1,105.1417
2022-09-01,2022,9,Antioquia,9,Articulos y utensilios domesticos,0,104.5860
2022-09-01,2022,9,Antioquia,10,Aseo del hogar,0,113.9086
2022-09-01,2022,9,Antioquia,11,Informatica y telecomunicaciones,0,151.3405
2022-09-01,2022,9,Antioquia,12,Sonido y video,0,90.0127
2022-09-01,2022,9,Antioquia,14,"Ferreteria, vidrios y pinturas",0,123.5059
2022-09-01,2022,9,Antioquia,15,Otras mercancias de uso domestico,0,114.8360
2022-09-01,2022,9,Atlantico,4,Prendas de vestir y textiles,0,116.2660
2022-09-01,2022,9,Atlantico,8,Electrodomesticos y muebles,1,109.6723
2022-09-01,2022,9,Atlantico,9,Articulos y utensilios domesticos,0,104.0602
2022-09-01,2022,9,Atlantico,10,Aseo del hogar,0,118.4448
2022-09-01,2022,9,Atlantico,11,Informatica y telecomunicaciones,0,157.5899
2022-09-01,2022,9,Atlantico,12,Sonido y video,0,98.5072
2022-09-01,2022,9,Atlantico,14,"Ferreteria, vidrios y pinturas",0,122.6031
2022-09-01,2022,9,Atlantico,15,Otras mercancias de uso domestico,0,101.1078
2022-09-01,2022,9,Bogota,4,Prendas de vestir y textiles,0,101.4208
2022-09-01,2022,9,Bogota,8,Electrodomesticos y muebles,1,121.8702
2022-09-01,2022,9,Bogota,9,Articulos y utensilios domesticos,0,145.8053
2022-09-01,2022,9,Bogota,10,Aseo del hogar,0,132.1798
2022-09-01,2022,9,Bogota,11,Informatica y telecomunicaciones,0,176.3359
2022-09-01,2022,9,Bogota,12,Sonido y video,0,122.8734
2022-09-01,2022,9,Bogota,14,"Ferreteria, vidrios y pinturas",0,133.1244
2022-09-01,2022,9,Bogota,15,Otras mercancias de uso domestico,0,113.3127
2022-09-01,2022,9,Cundinamarca,4,Prendas de vestir y textiles,0,138.4132
2022-09-01,2022,9,Cundinamarca,8,Electrodomesticos y muebles,1,132.8776
2022-09-01,2022,9,Cundinamarca,9,Articulos y utensilios domesticos,0,154.6394
2022-09-01,2022,9,Cundinamarca,10,Aseo del hogar,0,134.9002
2022-09-01,2022,9,Cundinamarca,11,Informatica y telecomunicaciones,0,163.2432
2022-09-01,2022,9,Cundinamarca,12,Sonido y video,0,141.7909
2022-09-01,2022,9,Cundinamarca,14,"Ferreteria, vidrios y pinturas",0,136.7372
2022-09-01,2022,9,Cundinamarca,15,Otras mercancias de uso domestico,0,148.9751
2022-09-01,2022,9,Santander,4,Prendas de vestir y textiles,0,122.4188
2022-09-01,2022,9,Santander,8,Electrodomesticos y muebles,1,104.8039
2022-09-01,2022,9,Santander,9,Articulos y utensilios domesticos,0,116.5341
2022-09-01,2022,9,Santander,10,Aseo del hogar,0,102.7026
2022-09-01,2022,9,Santander,11,Informatica y telecomunicaciones,0,144.8065
2022-09-01,2022,9,Santander,12,Sonido y video,0,92.3026
2022-09-01,2022,9,Santander,14,"Ferreteria, vidrios y pinturas",0,117.5813
2022-09-01,2022,9,Santander,15,Otras mercancias de uso domestico,0,119.0158
2022-09-01,2022,9,Valle del Cauca,4,Prendas de vestir y textiles,0,99.6174
2022-09-01,2022,9,Valle del Cauca,8,Electrodomesticos y muebles,1,101.6094
2022-09-01,2022,9,Valle del Cauca,9,Articulos y utensilios domesticos,0,119.4392
2022-09-01,2022,9,Valle del Cauca,10,Aseo del hogar,0,112.3349
2022-09-01,2022,9,Valle del Cauca,11,Informatica y telecomunicaciones,0,149.5631
2022-09-01,2022,9,Valle del Cauca,12,Sonido y video,0,98.3027
2022-09-01,2022,9,Valle del Cauca,14,"Ferreteria, vidrios y pinturas",0,116.4242
2022-09-01,2022,9,Valle del Cauca,15,Otras mercancias de uso domestico,0,109.3458
2022-09-01,2022,9,Otros departamentos,4,Prendas de vestir y textiles,0,119.9640
2022-09-01,2022,9,Otros departamentos,8,Electrodomesticos y muebles,1,115.1787
2022-09-01,2022,9,Otros departamentos,9,Articulos y utensilios domesticos,0,127.3931
2022-09-01,2022,9,Otros departamentos,10,Aseo del hogar,0,116.6798
2022-09-01,2022,9,Otros departamentos,11,Informatica y telecomunicaciones,0,171.5182
2022-09-01,2022,9,Otros departamentos,12,Sonido y video,0,102.0209
2022-09-01,2022,9,Otros departamentos,14,"Ferreteria, vidrios y pinturas",0,112.3202
2022-09-01,2022,9,Otros departamentos,15,Otras mercancias de uso domestico,0,116.0894
2022-10-01,2022,10,Antioquia,4,Prendas de vestir y textiles,0,130.0087
2022-10-01,2022,10,Antioquia,8,Electrodomesticos y muebles,1,110.4994
2022-10-01,2022,10,Antioquia,9,Articulos y utensilios domesticos,0,125.9190
2022-10-01,2022,10,Antioquia,10,Aseo del hogar,0,131.5137
2022-10-01,2022,10,Antioquia,11,Informatica y telecomunicaciones,0,155.1374
2022-10-01,2022,10,Antioquia,12,Sonido y video,0,101.8943
2022-10-01,2022,10,Antioquia,14,"Ferreteria, vidrios y pinturas",0,124.5531
2022-10-01,2022,10,Antioquia,15,Otras mercancias de uso domestico,0,125.1038
2022-10-01,2022,10,Atlantico,4,Prendas de vestir y textiles,0,115.0168
2022-10-01,2022,10,Atlantico,8,Electrodomesticos y muebles,1,107.2473
2022-10-01,2022,10,Atlantico,9,Articulos y utensilios domesticos,0,128.4235
2022-10-01,2022,10,Atlantico,10,Aseo del hogar,0,112.4300
2022-10-01,2022,10,Atlantico,11,Informatica y telecomunicaciones,0,149.4952
2022-10-01,2022,10,Atlantico,12,Sonido y video,0,106.3955
2022-10-01,2022,10,Atlantico,14,"Ferreteria, vidrios y pinturas",0,131.4143
2022-10-01,2022,10,Atlantico,15,Otras mercancias de uso domestico,0,101.7157
2022-10-01,2022,10,Bogota,4,Prendas de vestir y textiles,0,117.7003
2022-10-01,2022,10,Bogota,8,Electrodomesticos y muebles,1,120.4202
2022-10-01,2022,10,Bogota,9,Articulos y utensilios domesticos,0,176.6210
2022-10-01,2022,10,Bogota,10,Aseo del hogar,0,142.5932
2022-10-01,2022,10,Bogota,11,Informatica y telecomunicaciones,0,193.5795
2022-10-01,2022,10,Bogota,12,Sonido y video,0,138.8837
2022-10-01,2022,10,Bogota,14,"Ferreteria, vidrios y pinturas",0,137.9668
2022-10-01,2022,10,Bogota,15,Otras mercancias de uso domestico,0,132.5654
2022-10-01,2022,10,Cundinamarca,4,Prendas de vestir y textiles,0,151.1929
2022-10-01,2022,10,Cundinamarca,8,Electrodomesticos y muebles,1,145.5142
2022-10-01,2022,10,Cundinamarca,9,Articulos y utensilios domesticos,0,171.2685
2022-10-01,2022,10,Cundinamarca,10,Aseo del hogar,0,147.0584
2022-10-01,2022,10,Cundinamarca,11,Informatica y telecomunicaciones,0,182.4791
2022-10-01,2022,10,Cundinamarca,12,Sonido y video,0,166.2370
2022-10-01,2022,10,Cundinamarca,14,"Ferreteria, vidrios y pinturas",0,134.9684
2022-10-01,2022,10,Cundinamarca,15,Otras mercancias de uso domestico,0,177.1686
2022-10-01,2022,10,Santander,4,Prendas de vestir y textiles,0,122.2843
2022-10-01,2022,10,Santander,8,Electrodomesticos y muebles,1,93.1058
2022-10-01,2022,10,Santander,9,Articulos y utensilios domesticos,0,113.2368
2022-10-01,2022,10,Santander,10,Aseo del hogar,0,103.2529
2022-10-01,2022,10,Santander,11,Informatica y telecomunicaciones,0,142.2515
2022-10-01,2022,10,Santander,12,Sonido y video,0,102.8223
2022-10-01,2022,10,Santander,14,"Ferreteria, vidrios y pinturas",0,124.3053
2022-10-01,2022,10,Santander,15,Otras mercancias de uso domestico,0,119.5979
2022-10-01,2022,10,Valle del Cauca,4,Prendas de vestir y textiles,0,103.4351
2022-10-01,2022,10,Valle del Cauca,8,Electrodomesticos y muebles,1,100.2827
2022-10-01,2022,10,Valle del Cauca,9,Articulos y utensilios domesticos,0,137.6479
2022-10-01,2022,10,Valle del Cauca,10,Aseo del hogar,0,121.5109
2022-10-01,2022,10,Valle del Cauca,11,Informatica y telecomunicaciones,0,140.3816
2022-10-01,2022,10,Valle del Cauca,12,Sonido y video,0,113.9120
2022-10-01,2022,10,Valle del Cauca,14,"Ferreteria, vidrios y pinturas",0,116.3980
2022-10-01,2022,10,Valle del Cauca,15,Otras mercancias de uso domestico,0,112.8233
2022-10-01,2022,10,Otros departamentos,4,Prendas de vestir y textiles,0,120.9919
2022-10-01,2022,10,Otros departamentos,8,Electrodomesticos y muebles,1,119.1182
2022-10-01,2022,10,Otros departamentos,9,Articulos y utensilios domesticos,0,143.6892
2022-10-01,2022,10,Otros departamentos,10,Aseo del hogar,0,119.6471
2022-10-01,2022,10,Otros departamentos,11,Informatica y telecomunicaciones,0,170.0669
2022-10-01,2022,10,Otros departamentos,12,Sonido y video,0,126.5711
2022-10-01,2022,10,Otros departamentos,14,"Ferreteria, vidrios y pinturas",0,120.9785
2022-10-01,2022,10,Otros departamentos,15,Otras mercancias de uso domestico,0,133.3690
2022-11-01,2022,11,Antioquia,4,Prendas de vestir y textiles,0,157.4171
2022-11-01,2022,11,Antioquia,8,Electrodomesticos y muebles,1,120.6477
2022-11-01,2022,11,Antioquia,9,Articulos y utensilios domesticos,0,141.3471
2022-11-01,2022,11,Antioquia,10,Aseo del hogar,0,123.8337
2022-11-01,2022,11,Antioquia,11,Informatica y telecomunicaciones,0,186.6956
2022-11-01,2022,11,Antioquia,12,Sonido y video,0,133.9390
2022-11-01,2022,11,Antioquia,14,"Ferreteria, vidrios y pinturas",0,129.6599
2022-11-01,2022,11,Antioquia,15,Otras mercancias de uso domestico,0,131.5652
2022-11-01,2022,11,Atlantico,4,Prendas de vestir y textiles,0,131.0608
2022-11-01,2022,11,Atlantico,8,Electrodomesticos y muebles,1,121.8811
2022-11-01,2022,11,Atlantico,9,Articulos y utensilios domesticos,0,136.8966
2022-11-01,2022,11,Atlantico,10,Aseo del hogar,0,105.2841
2022-11-01,2022,11,Atlantico,11,Informatica y telecomunicaciones,0,170.9412
2022-11-01,2022,11,Atlantico,12,Sonido y video,0,126.1756
2022-11-01,2022,11,Atlantico,14,"Ferreteria, vidrios y pinturas",0,133.9801
2022-11-01,2022,11,Atlantico,15,Otras mercancias de uso domestico,0,120.2868
2022-11-01,2022,11,Bogota,4,Prendas de vestir y textiles,0,141.5307
2022-11-01,2022,11,Bogota,8,Electrodomesticos y muebles,1,125.3650
2022-11-01,2022,11,Bogota,9,Articulos y utensilios domesticos,0,174.7784
2022-11-01,2022,11,Bogota,10,Aseo del hogar,0,135.6277
2022-11-01,2022,11,Bogota,11,Informatica y telecomunicaciones,0,201.7420
2022-11-01,2022,11,Bogota,12,Sonido y video,0,173.6023
2022-11-01,2022,11,Bogota,14,"Ferreteria, vidrios y pinturas",0,147.1721
2022-11-01,2022,11,Bogota,15,Otras mercancias de uso domestico,0,149.3573
2022-11-01,2022,11,Cundinamarca,4,Prendas de vestir y textiles,0,155.3876
2022-11-01,2022,11,Cundinamarca,8,Electrodomesticos y muebles,1,155.4822
2022-11-01,2022,11,Cundinamarca,9,Articulos y utensilios domesticos,0,163.2334
2022-11-01,2022,11,Cundinamarca,10,Aseo del hogar,0,145.9009
2022-11-01,2022,11,Cundinamarca,11,Informatica y telecomunicaciones,0,199.9922
2022-11-01,2022,11,Cundinamarca,12,Sonido y video,0,181.6594
2022-11-01,2022,11,Cundinamarca,14,"Ferreteria, vidrios y pinturas",0,120.1348
2022-11-01,2022,11,Cundinamarca,15,Otras mercancias de uso domestico,0,164.3342
2022-11-01,2022,11,Santander,4,Prendas de vestir y textiles,0,141.0110
2022-11-01,2022,11,Santander,8,Electrodomesticos y muebles,1,107.8427
2022-11-01,2022,11,Santander,9,Articulos y utensilios domesticos,0,143.1636
2022-11-01,2022,11,Santander,10,Aseo del hogar,0,105.6483
2022-11-01,2022,11,Santander,11,Informatica y telecomunicaciones,0,170.2004
2022-11-01,2022,11,Santander,12,Sonido y video,0,129.9081
2022-11-01,2022,11,Santander,14,"Ferreteria, vidrios y pinturas",0,125.7530
2022-11-01,2022,11,Santander,15,Otras mercancias de uso domestico,0,138.6371
2022-11-01,2022,11,Valle del Cauca,4,Prendas de vestir y textiles,0,134.5887
2022-11-01,2022,11,Valle del Cauca,8,Electrodomesticos y muebles,1,108.3217
2022-11-01,2022,11,Valle del Cauca,9,Articulos y utensilios domesticos,0,136.7896
2022-11-01,2022,11,Valle del Cauca,10,Aseo del hogar,0,113.7801
2022-11-01,2022,11,Valle del Cauca,11,Informatica y telecomunicaciones,0,183.0775
2022-11-01,2022,11,Valle del Cauca,12,Sonido y video,0,151.0922
2022-11-01,2022,11,Valle del Cauca,14,"Ferreteria, vidrios y pinturas",0,121.1078
2022-11-01,2022,11,Valle del Cauca,15,Otras mercancias de uso domestico,0,114.1019
2022-11-01,2022,11,Otros departamentos,4,Prendas de vestir y textiles,0,131.7271
2022-11-01,2022,11,Otros departamentos,8,Electrodomesticos y muebles,1,131.3103
2022-11-01,2022,11,Otros departamentos,9,Articulos y utensilios domesticos,0,156.9381
2022-11-01,2022,11,Otros departamentos,10,Aseo del hogar,0,111.5500
2022-11-01,2022,11,Otros departamentos,11,Informatica y telecomunicaciones,0,195.2430
2022-11-01,2022,11,Otros departamentos,12,Sonido y video,0,172.3194
2022-11-01,2022,11,Otros departamentos,14,"Ferreteria, vidrios y pinturas",0,128.2496
2022-11-01,2022,11,Otros departamentos,15,Otras mercancias de uso domestico,0,154.3858
2022-12-01,2022,12,Antioquia,4,Prendas de vestir y textiles,0,315.9908
2022-12-01,2022,12,Antioquia,8,Electrodomesticos y muebles,1,115.3232
2022-12-01,2022,12,Antioquia,9,Articulos y utensilios domesticos,0,164.8430
2022-12-01,2022,12,Antioquia,10,Aseo del hogar,0,129.5762
2022-12-01,2022,12,Antioquia,11,Informatica y telecomunicaciones,0,211.6755
2022-12-01,2022,12,Antioquia,12,Sonido y video,0,129.4890
2022-12-01,2022,12,Antioquia,14,"Ferreteria, vidrios y pinturas",0,126.1795
2022-12-01,2022,12,Antioquia,15,Otras mercancias de uso domestico,0,167.4225
2022-12-01,2022,12,Atlantico,4,Prendas de vestir y textiles,0,312.3747
2022-12-01,2022,12,Atlantico,8,Electrodomesticos y muebles,1,129.6068
2022-12-01,2022,12,Atlantico,9,Articulos y utensilios domesticos,0,176.8212
2022-12-01,2022,12,Atlantico,10,Aseo del hogar,0,131.6254
2022-12-01,2022,12,Atlantico,11,Informatica y telecomunicaciones,0,220.6034
2022-12-01,2022,12,Atlantico,12,Sonido y video,0,146.6828
2022-12-01,2022,12,Atlantico,14,"Ferreteria, vidrios y pinturas",0,113.6109
2022-12-01,2022,12,Atlantico,15,Otras mercancias de uso domestico,0,185.0247
2022-12-01,2022,12,Bogota,4,Prendas de vestir y textiles,0,251.0365
2022-12-01,2022,12,Bogota,8,Electrodomesticos y muebles,1,124.8442
2022-12-01,2022,12,Bogota,9,Articulos y utensilios domesticos,0,201.3208
2022-12-01,2022,12,Bogota,10,Aseo del hogar,0,143.9129
2022-12-01,2022,12,Bogota,11,Informatica y telecomunicaciones,0,219.3106
2022-12-01,2022,12,Bogota,12,Sonido y video,0,150.8575
2022-12-01,2022,12,Bogota,14,"Ferreteria, vidrios y pinturas",0,121.3977
2022-12-01,2022,12,Bogota,15,Otras mercancias de uso domestico,0,194.4321
2022-12-01,2022,12,Cundinamarca,4,Prendas de vestir y textiles,0,280.6149
2022-12-01,2022,12,Cundinamarca,8,Electrodomesticos y muebles,1,148.2800
2022-12-01,2022,12,Cundinamarca,9,Articulos y utensilios domesticos,0,193.3286
2022-12-01,2022,12,Cundinamarca,10,Aseo del hogar,0,147.4088
2022-12-01,2022,12,Cundinamarca,11,Informatica y telecomunicaciones,0,249.2067
2022-12-01,2022,12,Cundinamarca,12,Sonido y video,0,172.8592
2022-12-01,2022,12,Cundinamarca,14,"Ferreteria, vidrios y pinturas",0,111.7656
2022-12-01,2022,12,Cundinamarca,15,Otras mercancias de uso domestico,0,188.5677
2022-12-01,2022,12,Santander,4,Prendas de vestir y textiles,0,287.1409
2022-12-01,2022,12,Santander,8,Electrodomesticos y muebles,1,108.5203
2022-12-01,2022,12,Santander,9,Articulos y utensilios domesticos,0,163.3393
2022-12-01,2022,12,Santander,10,Aseo del hogar,0,121.7762
2022-12-01,2022,12,Santander,11,Informatica y telecomunicaciones,0,228.4771
2022-12-01,2022,12,Santander,12,Sonido y video,0,133.8360
2022-12-01,2022,12,Santander,14,"Ferreteria, vidrios y pinturas",0,117.3509
2022-12-01,2022,12,Santander,15,Otras mercancias de uso domestico,0,168.1655
2022-12-01,2022,12,Valle del Cauca,4,Prendas de vestir y textiles,0,259.2622
2022-12-01,2022,12,Valle del Cauca,8,Electrodomesticos y muebles,1,105.5486
2022-12-01,2022,12,Valle del Cauca,9,Articulos y utensilios domesticos,0,162.2737
2022-12-01,2022,12,Valle del Cauca,10,Aseo del hogar,0,110.9563
2022-12-01,2022,12,Valle del Cauca,11,Informatica y telecomunicaciones,0,200.7078
2022-12-01,2022,12,Valle del Cauca,12,Sonido y video,0,143.7729
2022-12-01,2022,12,Valle del Cauca,14,"Ferreteria, vidrios y pinturas",0,102.1008
2022-12-01,2022,12,Valle del Cauca,15,Otras mercancias de uso domestico,0,140.6733
2022-12-01,2022,12,Otros departamentos,4,Prendas de vestir y textiles,0,352.6592
2022-12-01,2022,12,Otros departamentos,8,Electrodomesticos y muebles,1,135.5058
2022-12-01,2022,12,Otros departamentos,9,Articulos y utensilios domesticos,0,198.4791
2022-12-01,2022,12,Otros departamentos,10,Aseo del hogar,0,139.5404
2022-12-01,2022,12,Otros departamentos,11,Informatica y telecomunicaciones,0,259.9228
2022-12-01,2022,12,Otros departamentos,12,Sonido y video,0,175.6698
2022-12-01,2022,12,Otros departamentos,14,"Ferreteria, vidrios y pinturas",0,127.3019
2022-12-01,2022,12,Otros departamentos,15,Otras mercancias de uso domestico,0,214.4791
2023-01-01,2023,1,Antioquia,4,Prendas de vestir y textiles,0,101.9796
2023-01-01,2023,1,Antioquia,8,Electrodomesticos y muebles,1,120.1683
2023-01-01,2023,1,Antioquia,9,Articulos y utensilios domesticos,0,125.1681
2023-01-01,2023,1,Antioquia,10,Aseo del hogar,0,130.9340
2023-01-01,2023,1,Antioquia,11,Informatica y telecomunicaciones,0,159.6628
2023-01-01,2023,1,Antioquia,12,Sonido y video,0,86.0097
2023-01-01,2023,1,Antioquia,14,"Ferreteria, vidrios y pinturas",0,112.6354
2023-01-01,2023,1,Antioquia,15,Otras mercancias de uso domestico,0,92.2134
2023-01-01,2023,1,Atlantico,4,Prendas de vestir y textiles,0,103.6955
2023-01-01,2023,1,Atlantico,8,Electrodomesticos y muebles,1,108.4017
2023-01-01,2023,1,Atlantico,9,Articulos y utensilios domesticos,0,136.9703
2023-01-01,2023,1,Atlantico,10,Aseo del hogar,0,116.0197
2023-01-01,2023,1,Atlantico,11,Informatica y telecomunicaciones,0,156.7053
2023-01-01,2023,1,Atlantico,12,Sonido y video,0,87.2620
2023-01-01,2023,1,Atlantico,14,"Ferreteria, vidrios y pinturas",0,114.1578
2023-01-01,2023,1,Atlantico,15,Otras mercancias de uso domestico,0,98.7198
2023-01-01,2023,1,Bogota,4,Prendas de vestir y textiles,0,98.2833
2023-01-01,2023,1,Bogota,8,Electrodomesticos y muebles,1,118.8160
2023-01-01,2023,1,Bogota,9,Articulos y utensilios domesticos,0,142.7231
2023-01-01,2023,1,Bogota,10,Aseo del hogar,0,125.7501
2023-01-01,2023,1,Bogota,11,Informatica y telecomunicaciones,0,155.0646
2023-01-01,2023,1,Bogota,12,Sonido y video,0,101.6247
2023-01-01,2023,1,Bogota,14,"Ferreteria, vidrios y pinturas",0,105.9595
2023-01-01,2023,1,Bogota,15,Otras mercancias de uso domestico,0,113.2680
2023-01-01,2023,1,Cundinamarca,4,Prendas de vestir y textiles,0,108.8669
2023-01-01,2023,1,Cundinamarca,8,Electrodomesticos y muebles,1,135.3839
2023-01-01,2023,1,Cundinamarca,9,Articulos y utensilios domesticos,0,153.1962
2023-01-01,2023,1,Cundinamarca,10,Aseo del hogar,0,138.9396
2023-01-01,2023,1,Cundinamarca,11,Informatica y telecomunicaciones,0,181.7819
2023-01-01,2023,1,Cundinamarca,12,Sonido y video,0,116.2086
2023-01-01,2023,1,Cundinamarca,14,"Ferreteria, vidrios y pinturas",0,110.9780
2023-01-01,2023,1,Cundinamarca,15,Otras mercancias de uso domestico,0,99.0818
2023-01-01,2023,1,Santander,4,Prendas de vestir y textiles,0,106.0910
2023-01-01,2023,1,Santander,8,Electrodomesticos y muebles,1,96.7486
2023-01-01,2023,1,Santander,9,Articulos y utensilios domesticos,0,129.1255
2023-01-01,2023,1,Santander,10,Aseo del hogar,0,131.6516
2023-01-01,2023,1,Santander,11,Informatica y telecomunicaciones,0,170.1565
2023-01-01,2023,1,Santander,12,Sonido y video,0,94.4478
2023-01-01,2023,1,Santander,14,"Ferreteria, vidrios y pinturas",0,111.3745
2023-01-01,2023,1,Santander,15,Otras mercancias de uso domestico,0,110.0127
2023-01-01,2023,1,Valle del Cauca,4,Prendas de vestir y textiles,0,87.7798
2023-01-01,2023,1,Valle del Cauca,8,Electrodomesticos y muebles,1,97.5778
2023-01-01,2023,1,Valle del Cauca,9,Articulos y utensilios domesticos,0,125.9667
2023-01-01,2023,1,Valle del Cauca,10,Aseo del hogar,0,110.3097
2023-01-01,2023,1,Valle del Cauca,11,Informatica y telecomunicaciones,0,162.4184
2023-01-01,2023,1,Valle del Cauca,12,Sonido y video,0,88.1187
2023-01-01,2023,1,Valle del Cauca,14,"Ferreteria, vidrios y pinturas",0,110.4174
2023-01-01,2023,1,Valle del Cauca,15,Otras mercancias de uso domestico,0,98.5989
2023-01-01,2023,1,Otros departamentos,4,Prendas de vestir y textiles,0,115.4970
2023-01-01,2023,1,Otros departamentos,8,Electrodomesticos y muebles,1,118.6885
2023-01-01,2023,1,Otros departamentos,9,Articulos y utensilios domesticos,0,148.4777
2023-01-01,2023,1,Otros departamentos,10,Aseo del hogar,0,121.4550
2023-01-01,2023,1,Otros departamentos,11,Informatica y telecomunicaciones,0,167.6438
2023-01-01,2023,1,Otros departamentos,12,Sonido y video,0,110.8306
2023-01-01,2023,1,Otros departamentos,14,"Ferreteria, vidrios y pinturas",0,115.6569
2023-01-01,2023,1,Otros departamentos,15,Otras mercancias de uso domestico,0,112.9717
2023-02-01,2023,2,Antioquia,4,Prendas de vestir y textiles,0,84.5406
2023-02-01,2023,2,Antioquia,8,Electrodomesticos y muebles,1,93.7218
2023-02-01,2023,2,Antioquia,9,Articulos y utensilios domesticos,0,108.0253
2023-02-01,2023,2,Antioquia,10,Aseo del hogar,0,110.7613
2023-02-01,2023,2,Antioquia,11,Informatica y telecomunicaciones,0,190.6089
2023-02-01,2023,2,Antioquia,12,Sonido y video,0,97.5417
2023-02-01,2023,2,Antioquia,14,"Ferreteria, vidrios y pinturas",0,111.4832
2023-02-01,2023,2,Antioquia,15,Otras mercancias de uso domestico,0,92.7500
2023-02-01,2023,2,Atlantico,4,Prendas de vestir y textiles,0,71.7323
2023-02-01,2023,2,Atlantico,8,Electrodomesticos y muebles,1,95.1416
2023-02-01,2023,2,Atlantico,9,Articulos y utensilios domesticos,0,109.1278
2023-02-01,2023,2,Atlantico,10,Aseo del hogar,0,105.3081
2023-02-01,2023,2,Atlantico,11,Informatica y telecomunicaciones,0,184.2668
2023-02-01,2023,2,Atlantico,12,Sonido y video,0,77.3716
2023-02-01,2023,2,Atlantico,14,"Ferreteria, vidrios y pinturas",0,97.3246
2023-02-01,2023,2,Atlantico,15,Otras mercancias de uso domestico,0,82.8702
2023-02-01,2023,2,Bogota,4,Prendas de vestir y textiles,0,89.9525
2023-02-01,2023,2,Bogota,8,Electrodomesticos y muebles,1,114.7863
2023-02-01,2023,2,Bogota,9,Articulos y utensilios domesticos,0,125.6928
2023-02-01,2023,2,Bogota,10,Aseo del hogar,0,128.7689
2023-02-01,2023,2,Bogota,11,Informatica y telecomunicaciones,0,180.3253
2023-02-01,2023,2,Bogota,12,Sonido y video,0,103.7013
2023-02-01,2023,2,Bogota,14,"Ferreteria, vidrios y pinturas",0,105.9245
2023-02-01,2023,2,Bogota,15,Otras mercancias de uso domestico,0,108.4336
2023-02-01,2023,2,Cundinamarca,4,Prendas de vestir y textiles,0,82.2896
2023-02-01,2023,2,Cundinamarca,8,Electrodomesticos y muebles,1,115.1213
2023-02-01,2023,2,Cundinamarca,9,Articulos y utensilios domesticos,0,122.5148
2023-02-01,2023,2,Cundinamarca,10,Aseo del hogar,0,114.9315
2023-02-01,2023,2,Cundinamarca,11,Informatica y telecomunicaciones,0,206.1933
2023-02-01,2023,2,Cundinamarca,12,Sonido y video,0,110.4991
2023-02-01,2023,2,Cundinamarca,14,"Ferreteria, vidrios y pinturas",0,113.9111
2023-02-01,2023,2,Cundinamarca,15,Otras mercancias de uso domestico,0,93.9881
2023-02-01,2023,2,Santander,4,Prendas de vestir y textiles,0,82.3302
2023-02-01,2023,2,Santander,8,Electrodomesticos y muebles,1,86.8459
2023-02-01,2023,2,Santander,9,Articulos y utensilios domesticos,0,105.9627
2023-02-01,2023,2,Santander,10,Aseo del hogar,0,114.9481
2023-02-01,2023,2,Santander,11,Informatica y telecomunicaciones,0,175.1667
2023-02-01,2023,2,Santander,12,Sonido y video,0,95.7279
2023-02-01,2023,2,Santander,14,"Ferreteria, vidrios y pinturas",0,97.6197
2023-02-01,2023,2,Santander,15,Otras mercancias de uso domestico,0,100.2765
2023-02-01,2023,2,Valle del Cauca,4,Prendas de vestir y textiles,0,69.6436
2023-02-01,2023,2,Valle del Cauca,8,Electrodomesticos y muebles,1,92.3806
2023-02-01,2023,2,Valle del Cauca,9,Articulos y utensilios domesticos,0,102.4616
2023-02-01,2023,2,Valle del Cauca,10,Aseo del hogar,0,105.7525
2023-02-01,2023,2,Valle del Cauca,11,Informatica y telecomunicaciones,0,159.7598
2023-02-01,2023,2,Valle del Cauca,12,Sonido y video,0,80.2902
2023-02-01,2023,2,Valle del Cauca,14,"Ferreteria, vidrios y pinturas",0,96.0011
2023-02-01,2023,2,Valle del Cauca,15,Otras mercancias de uso domestico,0,81.4197
2023-02-01,2023,2,Otros departamentos,4,Prendas de vestir y textiles,0,83.9640
2023-02-01,2023,2,Otros departamentos,8,Electrodomesticos y muebles,1,109.7110
2023-02-01,2023,2,Otros departamentos,9,Articulos y utensilios domesticos,0,120.5179
2023-02-01,2023,2,Otros departamentos,10,Aseo del hogar,0,107.1388
2023-02-01,2023,2,Otros departamentos,11,Informatica y telecomunicaciones,0,181.8054
2023-02-01,2023,2,Otros departamentos,12,Sonido y video,0,103.5202
2023-02-01,2023,2,Otros departamentos,14,"Ferreteria, vidrios y pinturas",0,119.8705
2023-02-01,2023,2,Otros departamentos,15,Otras mercancias de uso domestico,0,97.9955
2023-03-01,2023,3,Antioquia,4,Prendas de vestir y textiles,0,91.0598
2023-03-01,2023,3,Antioquia,8,Electrodomesticos y muebles,1,113.8125
2023-03-01,2023,3,Antioquia,9,Articulos y utensilios domesticos,0,121.4457
2023-03-01,2023,3,Antioquia,10,Aseo del hogar,0,132.1218
2023-03-01,2023,3,Antioquia,11,Informatica y telecomunicaciones,0,185.7842
2023-03-01,2023,3,Antioquia,12,Sonido y video,0,111.7619
2023-03-01,2023,3,Antioquia,14,"Ferreteria, vidrios y pinturas",0,122.4762
2023-03-01,2023,3,Antioquia,15,Otras mercancias de uso domestico,0,98.4314
2023-03-01,2023,3,Atlantico,4,Prendas de vestir y textiles,0,86.4011
2023-03-01,2023,3,Atlantico,8,Electrodomesticos y muebles,1,116.0631
2023-03-01,2023,3,Atlantico,9,Articulos y utensilios domesticos,0,129.4712
2023-03-01,2023,3,Atlantico,10,Aseo del hogar,0,107.1135
2023-03-01,2023,3,Atlantico,11,Informatica y telecomunicaciones,0,178.4270
2023-03-01,2023,3,Atlantico,12,Sonido y video,0,81.5798
2023-03-01,2023,3,Atlantico,14,"Ferreteria, vidrios y pinturas",0,111.3619
2023-03-01,2023,3,Atlantico,15,Otras mercancias de uso domestico,0,94.6263
2023-03-01,2023,3,Bogota,4,Prendas de vestir y textiles,0,103.2196
2023-03-01,2023,3,Bogota,8,Electrodomesticos y muebles,1,114.4399
2023-03-01,2023,3,Bogota,9,Articulos y utensilios domesticos,0,129.5535
2023-03-01,2023,3,Bogota,10,Aseo del hogar,0,128.5509
2023-03-01,2023,3,Bogota,11,Informatica y telecomunicaciones,0,182.4140
2023-03-01,2023,3,Bogota,12,Sonido y video,0,113.9190
2023-03-01,2023,3,Bogota,14,"Ferreteria, vidrios y pinturas",0,118.2088
2023-03-01,2023,3,Bogota,15,Otras mercancias de uso domestico,0,129.3529
2023-03-01,2023,3,Cundinamarca,4,Prendas de vestir y textiles,0,110.0240
2023-03-01,2023,3,Cundinamarca,8,Electrodomesticos y muebles,1,149.6478
2023-03-01,2023,3,Cundinamarca,9,Articulos y utensilios domesticos,0,144.4663
2023-03-01,2023,3,Cundinamarca,10,Aseo del hogar,0,125.2593
2023-03-01,2023,3,Cundinamarca,11,Informatica y telecomunicaciones,0,224.5130
2023-03-01,2023,3,Cundinamarca,12,Sonido y video,0,119.9188
2023-03-01,2023,3,Cundinamarca,14,"Ferreteria, vidrios y pinturas",0,133.4221
2023-03-01,2023,3,Cundinamarca,15,Otras mercancias de uso domestico,0,111.6380
2023-03-01,2023,3,Santander,4,Prendas de vestir y textiles,0,84.8404
2023-03-01,2023,3,Santander,8,Electrodomesticos y muebles,1,112.3956
2023-03-01,2023,3,Santander,9,Articulos y utensilios domesticos,0,115.6341
2023-03-01,2023,3,Santander,10,Aseo del hogar,0,107.8412
2023-03-01,2023,3,Santander,11,Informatica y telecomunicaciones,0,187.5810
2023-03-01,2023,3,Santander,12,Sonido y video,0,99.2342
2023-03-01,2023,3,Santander,14,"Ferreteria, vidrios y pinturas",0,110.9676
2023-03-01,2023,3,Santander,15,Otras mercancias de uso domestico,0,99.9680
2023-03-01,2023,3,Valle del Cauca,4,Prendas de vestir y textiles,0,80.8053
2023-03-01,2023,3,Valle del Cauca,8,Electrodomesticos y muebles,1,104.9745
2023-03-01,2023,3,Valle del Cauca,9,Articulos y utensilios domesticos,0,117.4632
2023-03-01,2023,3,Valle del Cauca,10,Aseo del hogar,0,114.1946
2023-03-01,2023,3,Valle del Cauca,11,Informatica y telecomunicaciones,0,163.3962
2023-03-01,2023,3,Valle del Cauca,12,Sonido y video,0,93.2142
2023-03-01,2023,3,Valle del Cauca,14,"Ferreteria, vidrios y pinturas",0,104.8407
2023-03-01,2023,3,Valle del Cauca,15,Otras mercancias de uso domestico,0,90.4407
2023-03-01,2023,3,Otros departamentos,4,Prendas de vestir y textiles,0,96.9583
2023-03-01,2023,3,Otros departamentos,8,Electrodomesticos y muebles,1,110.4285
2023-03-01,2023,3,Otros departamentos,9,Articulos y utensilios domesticos,0,135.8543
2023-03-01,2023,3,Otros departamentos,10,Aseo del hogar,0,115.9064
2023-03-01,2023,3,Otros departamentos,11,Informatica y telecomunicaciones,0,181.8784
2023-03-01,2023,3,Otros departamentos,12,Sonido y video,0,118.7550
2023-03-01,2023,3,Otros departamentos,14,"Ferreteria, vidrios y pinturas",0,111.2409
2023-03-01,2023,3,Otros departamentos,15,Otras mercancias de uso domestico,0,114.9445
2023-04-01,2023,4,Antioquia,4,Prendas de vestir y textiles,0,93.1658
2023-04-01,2023,4,Antioquia,8,Electrodomesticos y muebles,1,100.5320
2023-04-01,2023,4,Antioquia,9,Articulos y utensilios domesticos,0,117.8942
2023-04-01,2023,4,Antioquia,10,Aseo del hogar,0,120.4765
2023-04-01,2023,4,Antioquia,11,Informatica y telecomunicaciones,0,160.0905
2023-04-01,2023,4,Antioquia,12,Sonido y video,0,110.2504
2023-04-01,2023,4,Antioquia,14,"Ferreteria, vidrios y pinturas",0,104.7714
2023-04-01,2023,4,Antioquia,15,Otras mercancias de uso domestico,0,100.5661
2023-04-01,2023,4,Atlantico,4,Prendas de vestir y textiles,0,75.8152
2023-04-01,2023,4,Atlantico,8,Electrodomesticos y muebles,1,86.9274
2023-04-01,2023,4,Atlantico,9,Articulos y utensilios domesticos,0,133.2438
2023-04-01,2023,4,Atlantico,10,Aseo del hogar,0,104.0311
2023-04-01,2023,4,Atlantico,11,Informatica y telecomunicaciones,0,161.7725
2023-04-01,2023,4,Atlantico,12,Sonido y video,0,80.6234
2023-04-01,2023,4,Atlantico,14,"Ferreteria, vidrios y pinturas",0,89.4409
2023-04-01,2023,4,Atlantico,15,Otras mercancias de uso domestico,0,97.5363
2023-04-01,2023,4,Bogota,4,Prendas de vestir y textiles,0,93.0254
2023-04-01,2023,4,Bogota,8,Electrodomesticos y muebles,1,104.9127
2023-04-01,2023,4,Bogota,9,Articulos y utensilios domesticos,0,121.8630
2023-04-01,2023,4,Bogota,10,Aseo del hogar,0,129.3018
2023-04-01,2023,4,Bogota,11,Informatica y telecomunicaciones,0,152.2552
2023-04-01,2023,4,Bogota,12,Sonido y video,0,109.9843
2023-04-01,2023,4,Bogota,14,"Ferreteria, vidrios y pinturas",0,104.4822
2023-04-01,2023,4,Bogota,15,Otras mercancias de uso domestico,0,115.1729
2023-04-01,2023,4,Cundinamarca,4,Prendas de vestir y textiles,0,115.8684
2023-04-01,2023,4,Cundinamarca,8,Electrodomesticos y muebles,1,113.1981
2023-04-01,2023,4,Cundinamarca,9,Articulos y utensilios domesticos,0,140.5132
2023-04-01,2023,4,Cundinamarca,10,Aseo del hogar,0,132.5093
2023-04-01,2023,4,Cundinamarca,11,Informatica y telecomunicaciones,0,171.3623
2023-04-01,2023,4,Cundinamarca,12,Sonido y video,0,114.9737
2023-04-01,2023,4,Cundinamarca,14,"Ferreteria, vidrios y pinturas",0,106.9263
2023-04-01,2023,4,Cundinamarca,15,Otras mercancias de uso domestico,0,105.2272
2023-04-01,2023,4,Santander,4,Prendas de vestir y textiles,0,88.5602
2023-04-01,2023,4,Santander,8,Electrodomesticos y muebles,1,95.9497
2023-04-01,2023,4,Santander,9,Articulos y utensilios domesticos,0,113.1684
2023-04-01,2023,4,Santander,10,Aseo del hogar,0,113.2485
2023-04-01,2023,4,Santander,11,Informatica y telecomunicaciones,0,156.7646
2023-04-01,2023,4,Santander,12,Sonido y video,0,95.8264
2023-04-01,2023,4,Santander,14,"Ferreteria, vidrios y pinturas",0,93.0362
2023-04-01,2023,4,Santander,15,Otras mercancias de uso domestico,0,96.1196
2023-04-01,2023,4,Valle del Cauca,4,Prendas de vestir y textiles,0,93.1298
2023-04-01,2023,4,Valle del Cauca,8,Electrodomesticos y muebles,1,80.3619
2023-04-01,2023,4,Valle del Cauca,9,Articulos y utensilios domesticos,0,105.6814
2023-04-01,2023,4,Valle del Cauca,10,Aseo del hogar,0,108.8821
2023-04-01,2023,4,Valle del Cauca,11,Informatica y telecomunicaciones,0,154.7869
2023-04-01,2023,4,Valle del Cauca,12,Sonido y video,0,83.3016
2023-04-01,2023,4,Valle del Cauca,14,"Ferreteria, vidrios y pinturas",0,86.9861
2023-04-01,2023,4,Valle del Cauca,15,Otras mercancias de uso domestico,0,90.5847
2023-04-01,2023,4,Otros departamentos,4,Prendas de vestir y textiles,0,98.3101
2023-04-01,2023,4,Otros departamentos,8,Electrodomesticos y muebles,1,103.5422
2023-04-01,2023,4,Otros departamentos,9,Articulos y utensilios domesticos,0,137.4727
2023-04-01,2023,4,Otros departamentos,10,Aseo del hogar,0,118.7655
2023-04-01,2023,4,Otros departamentos,11,Informatica y telecomunicaciones,0,160.4261
2023-04-01,2023,4,Otros departamentos,12,Sonido y video,0,100.7048
2023-04-01,2023,4,Otros departamentos,14,"Ferreteria, vidrios y pinturas",0,95.3820
2023-04-01,2023,4,Otros departamentos,15,Otras mercancias de uso domestico,0,106.3414
2023-05-01,2023,5,Antioquia,4,Prendas de vestir y textiles,0,104.2833
2023-05-01,2023,5,Antioquia,8,Electrodomesticos y muebles,1,105.7087
2023-05-01,2023,5,Antioquia,9,Articulos y utensilios domesticos,0,113.5720
2023-05-01,2023,5,Antioquia,10,Aseo del hogar,0,107.9941
2023-05-01,2023,5,Antioquia,11,Informatica y telecomunicaciones,0,165.9310
2023-05-01,2023,5,Antioquia,12,Sonido y video,0,105.1201
2023-05-01,2023,5,Antioquia,14,"Ferreteria, vidrios y pinturas",0,102.8549
2023-05-01,2023,5,Antioquia,15,Otras mercancias de uso domestico,0,110.0082
2023-05-01,2023,5,Atlantico,4,Prendas de vestir y textiles,0,93.8846
2023-05-01,2023,5,Atlantico,8,Electrodomesticos y muebles,1,110.7666
2023-05-01,2023,5,Atlantico,9,Articulos y utensilios domesticos,0,127.2035
2023-05-01,2023,5,Atlantico,10,Aseo del hogar,0,101.5946
2023-05-01,2023,5,Atlantico,11,Informatica y telecomunicaciones,0,175.6907
2023-05-01,2023,5,Atlantico,12,Sonido y video,0,83.8630
2023-05-01,2023,5,Atlantico,14,"Ferreteria, vidrios y pinturas",0,99.7835
2023-05-01,2023,5,Atlantico,15,Otras mercancias de uso domestico,0,96.0772
2023-05-01,2023,5,Bogota,4,Prendas de vestir y textiles,0,100.6718
2023-05-01,2023,5,Bogota,8,Electrodomesticos y muebles,1,124.2616
2023-05-01,2023,5,Bogota,9,Articulos y utensilios domesticos,0,120.2853
2023-05-01,2023,5,Bogota,10,Aseo del hogar,0,131.3776
2023-05-01,2023,5,Bogota,11,Informatica y telecomunicaciones,0,162.7980
2023-05-01,2023,5,Bogota,12,Sonido y video,0,114.0967
2023-05-01,2023,5,Bogota,14,"Ferreteria, vidrios y pinturas",0,111.7277
2023-05-01,2023,5,Bogota,15,Otras mercancias de uso domestico,0,114.6164
2023-05-01,2023,5,Cundinamarca,4,Prendas de vestir y textiles,0,123.8914
2023-05-01,2023,5,Cundinamarca,8,Electrodomesticos y muebles,1,126.2654
2023-05-01,2023,5,Cundinamarca,9,Articulos y utensilios domesticos,0,129.4073
2023-05-01,2023,5,Cundinamarca,10,Aseo del hogar,0,114.8671
2023-05-01,2023,5,Cundinamarca,11,Informatica y telecomunicaciones,0,170.2788
2023-05-01,2023,5,Cundinamarca,12,Sonido y video,0,106.9283
2023-05-01,2023,5,Cundinamarca,14,"Ferreteria, vidrios y pinturas",0,110.9752
2023-05-01,2023,5,Cundinamarca,15,Otras mercancias de uso domestico,0,116.2471
2023-05-01,2023,5,Santander,4,Prendas de vestir y textiles,0,92.3171
2023-05-01,2023,5,Santander,8,Electrodomesticos y muebles,1,105.5147
2023-05-01,2023,5,Santander,9,Articulos y utensilios domesticos,0,104.8183
2023-05-01,2023,5,Santander,10,Aseo del hogar,0,94.5206
2023-05-01,2023,5,Santander,11,Informatica y telecomunicaciones,0,146.3617
2023-05-01,2023,5,Santander,12,Sonido y video,0,97.9756
2023-05-01,2023,5,Santander,14,"Ferreteria, vidrios y pinturas",0,79.2051
2023-05-01,2023,5,Santander,15,Otras mercancias de uso domestico,0,88.1204
2023-05-01,2023,5,Valle del Cauca,4,Prendas de vestir y textiles,0,105.8152
2023-05-01,2023,5,Valle del Cauca,8,Electrodomesticos y muebles,1,101.4539
2023-05-01,2023,5,Valle del Cauca,9,Articulos y utensilios domesticos,0,100.2674
2023-05-01,2023,5,Valle del Cauca,10,Aseo del hogar,0,110.8862
2023-05-01,2023,5,Valle del Cauca,11,Informatica y telecomunicaciones,0,154.1351
2023-05-01,2023,5,Valle del Cauca,12,Sonido y video,0,92.7074
2023-05-01,2023,5,Valle del Cauca,14,"Ferreteria, vidrios y pinturas",0,89.5085
2023-05-01,2023,5,Valle del Cauca,15,Otras mercancias de uso domestico,0,92.0551
2023-05-01,2023,5,Otros departamentos,4,Prendas de vestir y textiles,0,108.8912
2023-05-01,2023,5,Otros departamentos,8,Electrodomesticos y muebles,1,131.5635
2023-05-01,2023,5,Otros departamentos,9,Articulos y utensilios domesticos,0,137.4306
2023-05-01,2023,5,Otros departamentos,10,Aseo del hogar,0,131.8603
2023-05-01,2023,5,Otros departamentos,11,Informatica y telecomunicaciones,0,166.9401
2023-05-01,2023,5,Otros departamentos,12,Sonido y video,0,104.7949
2023-05-01,2023,5,Otros departamentos,14,"Ferreteria, vidrios y pinturas",0,113.5269
2023-05-01,2023,5,Otros departamentos,15,Otras mercancias de uso domestico,0,113.9566
2023-06-01,2023,6,Antioquia,4,Prendas de vestir y textiles,0,124.7713
2023-06-01,2023,6,Antioquia,8,Electrodomesticos y muebles,1,107.0389
2023-06-01,2023,6,Antioquia,9,Articulos y utensilios domesticos,0,116.5756
2023-06-01,2023,6,Antioquia,10,Aseo del hogar,0,106.9789
2023-06-01,2023,6,Antioquia,11,Informatica y telecomunicaciones,0,151.5894
2023-06-01,2023,6,Antioquia,12,Sonido y video,0,126.8192
2023-06-01,2023,6,Antioquia,14,"Ferreteria, vidrios y pinturas",0,109.7775
2023-06-01,2023,6,Antioquia,15,Otras mercancias de uso domestico,0,105.3676
2023-06-01,2023,6,Atlantico,4,Prendas de vestir y textiles,0,107.3961
2023-06-01,2023,6,Atlantico,8,Electrodomesticos y muebles,1,116.3533
2023-06-01,2023,6,Atlantico,9,Articulos y utensilios domesticos,0,138.5731
2023-06-01,2023,6,Atlantico,10,Aseo del hogar,0,105.3170
2023-06-01,2023,6,Atlantico,11,Informatica y telecomunicaciones,0,152.2476
2023-06-01,2023,6,Atlantico,12,Sonido y video,0,111.9455
2023-06-01,2023,6,Atlantico,14,"Ferreteria, vidrios y pinturas",0,102.7551
2023-06-01,2023,6,Atlantico,15,Otras mercancias de uso domestico,0,108.2331
2023-06-01,2023,6,Bogota,4,Prendas de vestir y textiles,0,116.1537
2023-06-01,2023,6,Bogota,8,Electrodomesticos y muebles,1,116.6632
2023-06-01,2023,6,Bogota,9,Articulos y utensilios domesticos,0,127.3237
2023-06-01,2023,6,Bogota,10,Aseo del hogar,0,120.6698
2023-06-01,2023,6,Bogota,11,Informatica y telecomunicaciones,0,144.3488
2023-06-01,2023,6,Bogota,12,Sonido y video,0,123.9719
2023-06-01,2023,6,Bogota,14,"Ferreteria, vidrios y pinturas",0,112.5953
2023-06-01,2023,6,Bogota,15,Otras mercancias de uso domestico,0,108.3990
2023-06-01,2023,6,Cundinamarca,4,Prendas de vestir y textiles,0,148.0495
2023-06-01,2023,6,Cundinamarca,8,Electrodomesticos y muebles,1,128.1565
2023-06-01,2023,6,Cundinamarca,9,Articulos y utensilios domesticos,0,139.9874
2023-06-01,2023,6,Cundinamarca,10,Aseo del hogar,0,157.0188
2023-06-01,2023,6,Cundinamarca,11,Informatica y telecomunicaciones,0,164.0862
2023-06-01,2023,6,Cundinamarca,12,Sonido y video,0,126.7037
2023-06-01,2023,6,Cundinamarca,14,"Ferreteria, vidrios y pinturas",0,103.5983
2023-06-01,2023,6,Cundinamarca,15,Otras mercancias de uso domestico,0,107.3044
2023-06-01,2023,6,Santander,4,Prendas de vestir y textiles,0,111.7513
2023-06-01,2023,6,Santander,8,Electrodomesticos y muebles,1,106.7968
2023-06-01,2023,6,Santander,9,Articulos y utensilios domesticos,0,107.6590
2023-06-01,2023,6,Santander,10,Aseo del hogar,0,115.1588
2023-06-01,2023,6,Santander,11,Informatica y telecomunicaciones,0,144.5328
2023-06-01,2023,6,Santander,12,Sonido y video,0,110.7982
2023-06-01,2023,6,Santander,14,"Ferreteria, vidrios y pinturas",0,79.5175
2023-06-01,2023,6,Santander,15,Otras mercancias de uso domestico,0,94.9026
2023-06-01,2023,6,Valle del Cauca,4,Prendas de vestir y textiles,0,120.2157
2023-06-01,2023,6,Valle del Cauca,8,Electrodomesticos y muebles,1,95.8270
2023-06-01,2023,6,Valle del Cauca,9,Articulos y utensilios domesticos,0,107.2373
2023-06-01,2023,6,Valle del Cauca,10,Aseo del hogar,0,119.3314
2023-06-01,2023,6,Valle del Cauca,11,Informatica y telecomunicaciones,0,119.1966
2023-06-01,2023,6,Valle del Cauca,12,Sonido y video,0,101.4107
2023-06-01,2023,6,Valle del Cauca,14,"Ferreteria, vidrios y pinturas",0,89.3661
2023-06-01,2023,6,Valle del Cauca,15,Otras mercancias de uso domestico,0,92.5003
2023-06-01,2023,6,Otros departamentos,4,Prendas de vestir y textiles,0,117.3046
2023-06-01,2023,6,Otros departamentos,8,Electrodomesticos y muebles,1,115.9303
2023-06-01,2023,6,Otros departamentos,9,Articulos y utensilios domesticos,0,127.6721
2023-06-01,2023,6,Otros departamentos,10,Aseo del hogar,0,119.8945
2023-06-01,2023,6,Otros departamentos,11,Informatica y telecomunicaciones,0,145.3715
2023-06-01,2023,6,Otros departamentos,12,Sonido y video,0,105.7494
2023-06-01,2023,6,Otros departamentos,14,"Ferreteria, vidrios y pinturas",0,94.6560
2023-06-01,2023,6,Otros departamentos,15,Otras mercancias de uso domestico,0,103.6336
2023-07-01,2023,7,Antioquia,4,Prendas de vestir y textiles,0,126.9255
2023-07-01,2023,7,Antioquia,8,Electrodomesticos y muebles,1,123.1009
2023-07-01,2023,7,Antioquia,9,Articulos y utensilios domesticos,0,130.6799
2023-07-01,2023,7,Antioquia,10,Aseo del hogar,0,115.8545
2023-07-01,2023,7,Antioquia,11,Informatica y telecomunicaciones,0,169.6234
2023-07-01,2023,7,Antioquia,12,Sonido y video,0,119.7040
2023-07-01,2023,7,Antioquia,14,"Ferreteria, vidrios y pinturas",0,114.0147
2023-07-01,2023,7,Antioquia,15,Otras mercancias de uso domestico,0,114.0542
2023-07-01,2023,7,Atlantico,4,Prendas de vestir y textiles,0,117.5876
2023-07-01,2023,7,Atlantico,8,Electrodomesticos y muebles,1,115.8652
2023-07-01,2023,7,Atlantico,9,Articulos y utensilios domesticos,0,139.7842
2023-07-01,2023,7,Atlantico,10,Aseo del hogar,0,116.1914
2023-07-01,2023,7,Atlantico,11,Informatica y telecomunicaciones,0,143.5943
2023-07-01,2023,7,Atlantico,12,Sonido y video,0,112.2959
2023-07-01,2023,7,Atlantico,14,"Ferreteria, vidrios y pinturas",0,103.7746
2023-07-01,2023,7,Atlantico,15,Otras mercancias de uso domestico,0,109.3685
2023-07-01,2023,7,Bogota,4,Prendas de vestir y textiles,0,114.7961
2023-07-01,2023,7,Bogota,8,Electrodomesticos y muebles,1,129.8375
2023-07-01,2023,7,Bogota,9,Articulos y utensilios domesticos,0,147.8720
2023-07-01,2023,7,Bogota,10,Aseo del hogar,0,143.8952
2023-07-01,2023,7,Bogota,11,Informatica y telecomunicaciones,0,160.0205
2023-07-01,2023,7,Bogota,12,Sonido y video,0,138.5705
2023-07-01,2023,7,Bogota,14,"Ferreteria, vidrios y pinturas",0,112.5710
2023-07-01,2023,7,Bogota,15,Otras mercancias de uso domestico,0,115.5884
2023-07-01,2023,7,Cundinamarca,4,Prendas de vestir y textiles,0,133.1746
2023-07-01,2023,7,Cundinamarca,8,Electrodomesticos y muebles,1,133.5141
2023-07-01,2023,7,Cundinamarca,9,Articulos y utensilios domesticos,0,154.7548
2023-07-01,2023,7,Cundinamarca,10,Aseo del hogar,0,155.2588
2023-07-01,2023,7,Cundinamarca,11,Informatica y telecomunicaciones,0,174.4102
2023-07-01,2023,7,Cundinamarca,12,Sonido y video,0,139.3417
2023-07-01,2023,7,Cundinamarca,14,"Ferreteria, vidrios y pinturas",0,108.3204
2023-07-01,2023,7,Cundinamarca,15,Otras mercancias de uso domestico,0,109.4412
2023-07-01,2023,7,Santander,4,Prendas de vestir y textiles,0,109.6967
2023-07-01,2023,7,Santander,8,Electrodomesticos y muebles,1,121.1483
2023-07-01,2023,7,Santander,9,Articulos y utensilios domesticos,0,127.7408
2023-07-01,2023,7,Santander,10,Aseo del hogar,0,116.7006
2023-07-01,2023,7,Santander,11,Informatica y telecomunicaciones,0,147.4542
2023-07-01,2023,7,Santander,12,Sonido y video,0,106.4033
2023-07-01,2023,7,Santander,14,"Ferreteria, vidrios y pinturas",0,85.6547
2023-07-01,2023,7,Santander,15,Otras mercancias de uso domestico,0,96.0087
2023-07-01,2023,7,Valle del Cauca,4,Prendas de vestir y textiles,0,113.7965
2023-07-01,2023,7,Valle del Cauca,8,Electrodomesticos y muebles,1,114.7936
2023-07-01,2023,7,Valle del Cauca,9,Articulos y utensilios domesticos,0,115.2580
2023-07-01,2023,7,Valle del Cauca,10,Aseo del hogar,0,129.2079
2023-07-01,2023,7,Valle del Cauca,11,Informatica y telecomunicaciones,0,147.6782
2023-07-01,2023,7,Valle del Cauca,12,Sonido y video,0,116.2711
2023-07-01,2023,7,Valle del Cauca,14,"Ferreteria, vidrios y pinturas",0,90.0614
2023-07-01,2023,7,Valle del Cauca,15,Otras mercancias de uso domestico,0,88.2799
2023-07-01,2023,7,Otros departamentos,4,Prendas de vestir y textiles,0,114.5174
2023-07-01,2023,7,Otros departamentos,8,Electrodomesticos y muebles,1,122.8231
2023-07-01,2023,7,Otros departamentos,9,Articulos y utensilios domesticos,0,140.2219
2023-07-01,2023,7,Otros departamentos,10,Aseo del hogar,0,127.6794
2023-07-01,2023,7,Otros departamentos,11,Informatica y telecomunicaciones,0,154.2454
2023-07-01,2023,7,Otros departamentos,12,Sonido y video,0,119.1205
2023-07-01,2023,7,Otros departamentos,14,"Ferreteria, vidrios y pinturas",0,102.4180
2023-07-01,2023,7,Otros departamentos,15,Otras mercancias de uso domestico,0,100.2855
2023-08-01,2023,8,Antioquia,4,Prendas de vestir y textiles,0,99.6923
2023-08-01,2023,8,Antioquia,8,Electrodomesticos y muebles,1,122.0471
2023-08-01,2023,8,Antioquia,9,Articulos y utensilios domesticos,0,116.3060
2023-08-01,2023,8,Antioquia,10,Aseo del hogar,0,127.4410
2023-08-01,2023,8,Antioquia,11,Informatica y telecomunicaciones,0,173.3144
2023-08-01,2023,8,Antioquia,12,Sonido y video,0,108.5932
2023-08-01,2023,8,Antioquia,14,"Ferreteria, vidrios y pinturas",0,116.9844
2023-08-01,2023,8,Antioquia,15,Otras mercancias de uso domestico,0,107.5930
2023-08-01,2023,8,Atlantico,4,Prendas de vestir y textiles,0,95.1419
2023-08-01,2023,8,Atlantico,8,Electrodomesticos y muebles,1,107.4457
2023-08-01,2023,8,Atlantico,9,Articulos y utensilios domesticos,0,130.8388
2023-08-01,2023,8,Atlantico,10,Aseo del hogar,0,105.0647
2023-08-01,2023,8,Atlantico,11,Informatica y telecomunicaciones,0,155.5683
2023-08-01,2023,8,Atlantico,12,Sonido y video,0,112.0310
2023-08-01,2023,8,Atlantico,14,"Ferreteria, vidrios y pinturas",0,108.1736
2023-08-01,2023,8,Atlantico,15,Otras mercancias de uso domestico,0,108.4343
2023-08-01,2023,8,Bogota,4,Prendas de vestir y textiles,0,106.4537
2023-08-01,2023,8,Bogota,8,Electrodomesticos y muebles,1,130.3549
2023-08-01,2023,8,Bogota,9,Articulos y utensilios domesticos,0,142.5219
2023-08-01,2023,8,Bogota,10,Aseo del hogar,0,133.7206
2023-08-01,2023,8,Bogota,11,Informatica y telecomunicaciones,0,176.3592
2023-08-01,2023,8,Bogota,12,Sonido y video,0,127.6895
2023-08-01,2023,8,Bogota,14,"Ferreteria, vidrios y pinturas",0,113.2211
2023-08-01,2023,8,Bogota,15,Otras mercancias de uso domestico,0,111.6002
2023-08-01,2023,8,Cundinamarca,4,Prendas de vestir y textiles,0,111.9624
2023-08-01,2023,8,Cundinamarca,8,Electrodomesticos y muebles,1,120.9232
2023-08-01,2023,8,Cundinamarca,9,Articulos y utensilios domesticos,0,137.6749
2023-08-01,2023,8,Cundinamarca,10,Aseo del hogar,0,134.6934
2023-08-01,2023,8,Cundinamarca,11,Informatica y telecomunicaciones,0,192.2663
2023-08-01,2023,8,Cundinamarca,12,Sonido y video,0,131.3445
2023-08-01,2023,8,Cundinamarca,14,"Ferreteria, vidrios y pinturas",0,107.0589
2023-08-01,2023,8,Cundinamarca,15,Otras mercancias de uso domestico,0,105.1819
2023-08-01,2023,8,Santander,4,Prendas de vestir y textiles,0,88.2240
2023-08-01,2023,8,Santander,8,Electrodomesticos y muebles,1,128.1548
2023-08-01,2023,8,Santander,9,Articulos y utensilios domesticos,0,113.5197
2023-08-01,2023,8,Santander,10,Aseo del hogar,0,112.0684
2023-08-01,2023,8,Santander,11,Informatica y telecomunicaciones,0,159.1150
2023-08-01,2023,8,Santander,12,Sonido y video,0,102.4572
2023-08-01,2023,8,Santander,14,"Ferreteria, vidrios y pinturas",0,87.6412
2023-08-01,2023,8,Santander,15,Otras mercancias de uso domestico,0,94.2309
2023-08-01,2023,8,Valle del Cauca,4,Prendas de vestir y textiles,0,90.3406
2023-08-01,2023,8,Valle del Cauca,8,Electrodomesticos y muebles,1,109.9707
2023-08-01,2023,8,Valle del Cauca,9,Articulos y utensilios domesticos,0,113.1904
2023-08-01,2023,8,Valle del Cauca,10,Aseo del hogar,0,125.2182
2023-08-01,2023,8,Valle del Cauca,11,Informatica y telecomunicaciones,0,145.3504
2023-08-01,2023,8,Valle del Cauca,12,Sonido y video,0,111.7459
2023-08-01,2023,8,Valle del Cauca,14,"Ferreteria, vidrios y pinturas",0,93.4008
2023-08-01,2023,8,Valle del Cauca,15,Otras mercancias de uso domestico,0,97.9016
2023-08-01,2023,8,Otros departamentos,4,Prendas de vestir y textiles,0,102.2384
2023-08-01,2023,8,Otros departamentos,8,Electrodomesticos y muebles,1,119.8724
2023-08-01,2023,8,Otros departamentos,9,Articulos y utensilios domesticos,0,126.4347
2023-08-01,2023,8,Otros departamentos,10,Aseo del hogar,0,112.7510
2023-08-01,2023,8,Otros departamentos,11,Informatica y telecomunicaciones,0,155.3085
2023-08-01,2023,8,Otros departamentos,12,Sonido y video,0,118.9748
2023-08-01,2023,8,Otros departamentos,14,"Ferreteria, vidrios y pinturas",0,109.6825
2023-08-01,2023,8,Otros departamentos,15,Otras mercancias de uso domestico,0,95.8851
2023-09-01,2023,9,Antioquia,4,Prendas de vestir y textiles,0,102.1835
2023-09-01,2023,9,Antioquia,8,Electrodomesticos y muebles,1,109.6156
2023-09-01,2023,9,Antioquia,9,Articulos y utensilios domesticos,0,117.5793
2023-09-01,2023,9,Antioquia,10,Aseo del hogar,0,120.9607
2023-09-01,2023,9,Antioquia,11,Informatica y telecomunicaciones,0,146.8417
2023-09-01,2023,9,Antioquia,12,Sonido y video,0,102.4906
2023-09-01,2023,9,Antioquia,14,"Ferreteria, vidrios y pinturas",0,111.7273
2023-09-01,2023,9,Antioquia,15,Otras mercancias de uso domestico,0,107.5749
2023-09-01,2023,9,Atlantico,4,Prendas de vestir y textiles,0,89.0164
2023-09-01,2023,9,Atlantico,8,Electrodomesticos y muebles,1,92.7745
2023-09-01,2023,9,Atlantico,9,Articulos y utensilios domesticos,0,126.3716
2023-09-01,2023,9,Atlantico,10,Aseo del hogar,0,115.4213
2023-09-01,2023,9,Atlantico,11,Informatica y telecomunicaciones,0,137.9539
2023-09-01,2023,9,Atlantico,12,Sonido y video,0,97.7488
2023-09-01,2023,9,Atlantico,14,"Ferreteria, vidrios y pinturas",0,102.3716
2023-09-01,2023,9,Atlantico,15,Otras mercancias de uso domestico,0,97.3257
2023-09-01,2023,9,Bogota,4,Prendas de vestir y textiles,0,123.3693
2023-09-01,2023,9,Bogota,8,Electrodomesticos y muebles,1,125.4845
2023-09-01,2023,9,Bogota,9,Articulos y utensilios domesticos,0,141.2277
2023-09-01,2023,9,Bogota,10,Aseo del hogar,0,137.1666
2023-09-01,2023,9,Bogota,11,Informatica y telecomunicaciones,0,161.3844
2023-09-01,2023,9,Bogota,12,Sonido y video,0,131.2441
2023-09-01,2023,9,Bogota,14,"Ferreteria, vidrios y pinturas",0,115.7855
2023-09-01,2023,9,Bogota,15,Otras mercancias de uso domestico,0,119.9827
2023-09-01,2023,9,Cundinamarca,4,Prendas de vestir y textiles,0,123.2032
2023-09-01,2023,9,Cundinamarca,8,Electrodomesticos y muebles,1,114.9779
2023-09-01,2023,9,Cundinamarca,9,Articulos y utensilios domesticos,0,146.5701
2023-09-01,2023,9,Cundinamarca,10,Aseo del hogar,0,142.5663
2023-09-01,2023,9,Cundinamarca,11,Informatica y telecomunicaciones,0,162.0075
2023-09-01,2023,9,Cundinamarca,12,Sonido y video,0,127.0071
2023-09-01,2023,9,Cundinamarca,14,"Ferreteria, vidrios y pinturas",0,114.0318
2023-09-01,2023,9,Cundinamarca,15,Otras mercancias de uso domestico,0,116.7388
2023-09-01,2023,9,Santander,4,Prendas de vestir y textiles,0,92.1789
2023-09-01,2023,9,Santander,8,Electrodomesticos y muebles,1,112.0098
2023-09-01,2023,9,Santander,9,Articulos y utensilios domesticos,0,123.8159
2023-09-01,2023,9,Santander,10,Aseo del hogar,0,104.6950
2023-09-01,2023,9,Santander,11,Informatica y telecomunicaciones,0,137.6836
2023-09-01,2023,9,Santander,12,Sonido y video,0,99.6232
2023-09-01,2023,9,Santander,14,"Ferreteria, vidrios y pinturas",0,92.6561
2023-09-01,2023,9,Santander,15,Otras mercancias de uso domestico,0,99.0299
2023-09-01,2023,9,Valle del Cauca,4,Prendas de vestir y textiles,0,103.7976
2023-09-01,2023,9,Valle del Cauca,8,Electrodomesticos y muebles,1,99.3781
2023-09-01,2023,9,Valle del Cauca,9,Articulos y utensilios domesticos,0,116.4866
2023-09-01,2023,9,Valle del Cauca,10,Aseo del hogar,0,112.0291
2023-09-01,2023,9,Valle del Cauca,11,Informatica y telecomunicaciones,0,119.8822
2023-09-01,2023,9,Valle del Cauca,12,Sonido y video,0,94.7095
2023-09-01,2023,9,Valle del Cauca,14,"Ferreteria, vidrios y pinturas",0,92.9725
2023-09-01,2023,9,Valle del Cauca,15,Otras mercancias de uso domestico,0,96.3212
2023-09-01,2023,9,Otros departamentos,4,Prendas de vestir y textiles,0,102.9506
2023-09-01,2023,9,Otros departamentos,8,Electrodomesticos y muebles,1,104.9471
2023-09-01,2023,9,Otros departamentos,9,Articulos y utensilios domesticos,0,120.1926
2023-09-01,2023,9,Otros departamentos,10,Aseo del hogar,0,111.2911
2023-09-01,2023,9,Otros departamentos,11,Informatica y telecomunicaciones,0,144.2625
2023-09-01,2023,9,Otros departamentos,12,Sonido y video,0,110.2003
2023-09-01,2023,9,Otros departamentos,14,"Ferreteria, vidrios y pinturas",0,97.6794
2023-09-01,2023,9,Otros departamentos,15,Otras mercancias de uso domestico,0,101.9316
2023-10-01,2023,10,Antioquia,4,Prendas de vestir y textiles,0,95.7849
2023-10-01,2023,10,Antioquia,8,Electrodomesticos y muebles,1,106.3338
2023-10-01,2023,10,Antioquia,9,Articulos y utensilios domesticos,0,131.1839
2023-10-01,2023,10,Antioquia,10,Aseo del hogar,0,118.4222
2023-10-01,2023,10,Antioquia,11,Informatica y telecomunicaciones,0,131.4910
2023-10-01,2023,10,Antioquia,12,Sonido y video,0,102.2482
2023-10-01,2023,10,Antioquia,14,"Ferreteria, vidrios y pinturas",0,110.5600
2023-10-01,2023,10,Antioquia,15,Otras mercancias de uso domestico,0,105.0283
2023-10-01,2023,10,Atlantico,4,Prendas de vestir y textiles,0,92.6106
2023-10-01,2023,10,Atlantico,8,Electrodomesticos y muebles,1,93.8801
2023-10-01,2023,10,Atlantico,9,Articulos y utensilios domesticos,0,136.8045
2023-10-01,2023,10,Atlantico,10,Aseo del hogar,0,104.6404
2023-10-01,2023,10,Atlantico,11,Informatica y telecomunicaciones,0,140.3122
2023-10-01,2023,10,Atlantico,12,Sonido y video,0,96.7536
2023-10-01,2023,10,Atlantico,14,"Ferreteria, vidrios y pinturas",0,106.4360
2023-10-01,2023,10,Atlantico,15,Otras mercancias de uso domestico,0,107.4926
2023-10-01,2023,10,Bogota,4,Prendas de vestir y textiles,0,117.0240
2023-10-01,2023,10,Bogota,8,Electrodomesticos y muebles,1,131.5695
2023-10-01,2023,10,Bogota,9,Articulos y utensilios domesticos,0,155.5811
2023-10-01,2023,10,Bogota,10,Aseo del hogar,0,137.8548
2023-10-01,2023,10,Bogota,11,Informatica y telecomunicaciones,0,157.5315
2023-10-01,2023,10,Bogota,12,Sonido y video,0,133.6546
2023-10-01,2023,10,Bogota,14,"Ferreteria, vidrios y pinturas",0,115.5303
2023-10-01,2023,10,Bogota,15,Otras mercancias de uso domestico,0,134.9006
2023-10-01,2023,10,Cundinamarca,4,Prendas de vestir y textiles,0,128.9459
2023-10-01,2023,10,Cundinamarca,8,Electrodomesticos y muebles,1,112.2231
2023-10-01,2023,10,Cundinamarca,9,Articulos y utensilios domesticos,0,161.1414
2023-10-01,2023,10,Cundinamarca,10,Aseo del hogar,0,135.2784
2023-10-01,2023,10,Cundinamarca,11,Informatica y telecomunicaciones,0,161.5607
2023-10-01,2023,10,Cundinamarca,12,Sonido y video,0,110.6607
2023-10-01,2023,10,Cundinamarca,14,"Ferreteria, vidrios y pinturas",0,133.4064
2023-10-01,2023,10,Cundinamarca,15,Otras mercancias de uso domestico,0,131.4361
2023-10-01,2023,10,Santander,4,Prendas de vestir y textiles,0,97.3633
2023-10-01,2023,10,Santander,8,Electrodomesticos y muebles,1,104.3707
2023-10-01,2023,10,Santander,9,Articulos y utensilios domesticos,0,123.6136
2023-10-01,2023,10,Santander,10,Aseo del hogar,0,103.5866
2023-10-01,2023,10,Santander,11,Informatica y telecomunicaciones,0,125.8086
2023-10-01,2023,10,Santander,12,Sonido y video,0,102.8771
2023-10-01,2023,10,Santander,14,"Ferreteria, vidrios y pinturas",0,94.6074
2023-10-01,2023,10,Santander,15,Otras mercancias de uso domestico,0,106.6489
2023-10-01,2023,10,Valle del Cauca,4,Prendas de vestir y textiles,0,97.9650
2023-10-01,2023,10,Valle del Cauca,8,Electrodomesticos y muebles,1,104.5810
2023-10-01,2023,10,Valle del Cauca,9,Articulos y utensilios domesticos,0,125.8713
2023-10-01,2023,10,Valle del Cauca,10,Aseo del hogar,0,119.8644
2023-10-01,2023,10,Valle del Cauca,11,Informatica y telecomunicaciones,0,137.8312
2023-10-01,2023,10,Valle del Cauca,12,Sonido y video,0,107.9339
2023-10-01,2023,10,Valle del Cauca,14,"Ferreteria, vidrios y pinturas",0,104.8805
2023-10-01,2023,10,Valle del Cauca,15,Otras mercancias de uso domestico,0,104.8152
2023-10-01,2023,10,Otros departamentos,4,Prendas de vestir y textiles,0,109.6680
2023-10-01,2023,10,Otros departamentos,8,Electrodomesticos y muebles,1,103.3294
2023-10-01,2023,10,Otros departamentos,9,Articulos y utensilios domesticos,0,126.8038
2023-10-01,2023,10,Otros departamentos,10,Aseo del hogar,0,115.5680
2023-10-01,2023,10,Otros departamentos,11,Informatica y telecomunicaciones,0,146.0619
2023-10-01,2023,10,Otros departamentos,12,Sonido y video,0,108.6640
2023-10-01,2023,10,Otros departamentos,14,"Ferreteria, vidrios y pinturas",0,94.7701
2023-10-01,2023,10,Otros departamentos,15,Otras mercancias de uso domestico,0,106.3899
2023-11-01,2023,11,Antioquia,4,Prendas de vestir y textiles,0,116.0643
2023-11-01,2023,11,Antioquia,8,Electrodomesticos y muebles,1,135.3095
2023-11-01,2023,11,Antioquia,9,Articulos y utensilios domesticos,0,136.7113
2023-11-01,2023,11,Antioquia,10,Aseo del hogar,0,117.6082
2023-11-01,2023,11,Antioquia,11,Informatica y telecomunicaciones,0,160.7529
2023-11-01,2023,11,Antioquia,12,Sonido y video,0,133.6773
2023-11-01,2023,11,Antioquia,14,"Ferreteria, vidrios y pinturas",0,117.7814
2023-11-01,2023,11,Antioquia,15,Otras mercancias de uso domestico,0,121.5575
2023-11-01,2023,11,Atlantico,4,Prendas de vestir y textiles,0,135.5168
2023-11-01,2023,11,Atlantico,8,Electrodomesticos y muebles,1,113.8822
2023-11-01,2023,11,Atlantico,9,Articulos y utensilios domesticos,0,150.9076
2023-11-01,2023,11,Atlantico,10,Aseo del hogar,0,96.5056
2023-11-01,2023,11,Atlantico,11,Informatica y telecomunicaciones,0,159.1743
2023-11-01,2023,11,Atlantico,12,Sonido y video,0,159.0361
2023-11-01,2023,11,Atlantico,14,"Ferreteria, vidrios y pinturas",0,131.0534
2023-11-01,2023,11,Atlantico,15,Otras mercancias de uso domestico,0,129.5980
2023-11-01,2023,11,Bogota,4,Prendas de vestir y textiles,0,150.3231
2023-11-01,2023,11,Bogota,8,Electrodomesticos y muebles,1,155.7618
2023-11-01,2023,11,Bogota,9,Articulos y utensilios domesticos,0,188.9619
2023-11-01,2023,11,Bogota,10,Aseo del hogar,0,133.7919
2023-11-01,2023,11,Bogota,11,Informatica y telecomunicaciones,0,206.7403
2023-11-01,2023,11,Bogota,12,Sonido y video,0,184.5559
2023-11-01,2023,11,Bogota,14,"Ferreteria, vidrios y pinturas",0,125.5423
2023-11-01,2023,11,Bogota,15,Otras mercancias de uso domestico,0,151.7793
2023-11-01,2023,11,Cundinamarca,4,Prendas de vestir y textiles,0,161.0400
2023-11-01,2023,11,Cundinamarca,8,Electrodomesticos y muebles,1,129.4124
2023-11-01,2023,11,Cundinamarca,9,Articulos y utensilios domesticos,0,178.9468
2023-11-01,2023,11,Cundinamarca,10,Aseo del hogar,0,125.8965
2023-11-01,2023,11,Cundinamarca,11,Informatica y telecomunicaciones,0,198.0538
2023-11-01,2023,11,Cundinamarca,12,Sonido y video,0,169.1848
2023-11-01,2023,11,Cundinamarca,14,"Ferreteria, vidrios y pinturas",0,132.8864
2023-11-01,2023,11,Cundinamarca,15,Otras mercancias de uso domestico,0,153.8364
2023-11-01,2023,11,Santander,4,Prendas de vestir y textiles,0,114.7504
2023-11-01,2023,11,Santander,8,Electrodomesticos y muebles,1,120.8195
2023-11-01,2023,11,Santander,9,Articulos y utensilios domesticos,0,141.2768
2023-11-01,2023,11,Santander,10,Aseo del hogar,0,116.2650
2023-11-01,2023,11,Santander,11,Informatica y telecomunicaciones,0,143.7434
2023-11-01,2023,11,Santander,12,Sonido y video,0,141.2871
2023-11-01,2023,11,Santander,14,"Ferreteria, vidrios y pinturas",0,112.2515
2023-11-01,2023,11,Santander,15,Otras mercancias de uso domestico,0,116.9194
2023-11-01,2023,11,Valle del Cauca,4,Prendas de vestir y textiles,0,123.6737
2023-11-01,2023,11,Valle del Cauca,8,Electrodomesticos y muebles,1,124.3598
2023-11-01,2023,11,Valle del Cauca,9,Articulos y utensilios domesticos,0,141.6159
2023-11-01,2023,11,Valle del Cauca,10,Aseo del hogar,0,122.2632
2023-11-01,2023,11,Valle del Cauca,11,Informatica y telecomunicaciones,0,170.7871
2023-11-01,2023,11,Valle del Cauca,12,Sonido y video,0,154.7921
2023-11-01,2023,11,Valle del Cauca,14,"Ferreteria, vidrios y pinturas",0,106.0186
2023-11-01,2023,11,Valle del Cauca,15,Otras mercancias de uso domestico,0,114.0145
2023-11-01,2023,11,Otros departamentos,4,Prendas de vestir y textiles,0,140.0573
2023-11-01,2023,11,Otros departamentos,8,Electrodomesticos y muebles,1,120.2877
2023-11-01,2023,11,Otros departamentos,9,Articulos y utensilios domesticos,0,153.1947
2023-11-01,2023,11,Otros departamentos,10,Aseo del hogar,0,113.5679
2023-11-01,2023,11,Otros departamentos,11,Informatica y telecomunicaciones,0,175.8976
2023-11-01,2023,11,Otros departamentos,12,Sonido y video,0,157.1366
2023-11-01,2023,11,Otros departamentos,14,"Ferreteria, vidrios y pinturas",0,101.1216
2023-11-01,2023,11,Otros departamentos,15,Otras mercancias de uso domestico,0,132.5963
2023-12-01,2023,12,Antioquia,4,Prendas de vestir y textiles,0,256.7495
2023-12-01,2023,12,Antioquia,8,Electrodomesticos y muebles,1,125.7056
2023-12-01,2023,12,Antioquia,9,Articulos y utensilios domesticos,0,162.9343
2023-12-01,2023,12,Antioquia,10,Aseo del hogar,0,137.8519
2023-12-01,2023,12,Antioquia,11,Informatica y telecomunicaciones,0,203.1598
2023-12-01,2023,12,Antioquia,12,Sonido y video,0,141.3825
2023-12-01,2023,12,Antioquia,14,"Ferreteria, vidrios y pinturas",0,110.7657
2023-12-01,2023,12,Antioquia,15,Otras mercancias de uso domestico,0,143.6047
2023-12-01,2023,12,Atlantico,4,Prendas de vestir y textiles,0,309.6416
2023-12-01,2023,12,Atlantico,8,Electrodomesticos y muebles,1,106.8843
2023-12-01,2023,12,Atlantico,9,Articulos y utensilios domesticos,0,186.7734
2023-12-01,2023,12,Atlantico,10,Aseo del hogar,0,124.1955
2023-12-01,2023,12,Atlantico,11,Informatica y telecomunicaciones,0,193.5965
2023-12-01,2023,12,Atlantico,12,Sonido y video,0,144.5850
2023-12-01,2023,12,Atlantico,14,"Ferreteria, vidrios y pinturas",0,123.1113
2023-12-01,2023,12,Atlantico,15,Otras mercancias de uso domestico,0,162.8334
2023-12-01,2023,12,Bogota,4,Prendas de vestir y textiles,0,315.9519
2023-12-01,2023,12,Bogota,8,Electrodomesticos y muebles,1,123.5428
2023-12-01,2023,12,Bogota,9,Articulos y utensilios domesticos,0,208.4987
2023-12-01,2023,12,Bogota,10,Aseo del hogar,0,143.2986
2023-12-01,2023,12,Bogota,11,Informatica y telecomunicaciones,0,231.3884
2023-12-01,2023,12,Bogota,12,Sonido y video,0,156.8761
2023-12-01,2023,12,Bogota,14,"Ferreteria, vidrios y pinturas",0,112.8026
2023-12-01,2023,12,Bogota,15,Otras mercancias de uso domestico,0,187.4131
2023-12-01,2023,12,Cundinamarca,4,Prendas de vestir y textiles,0,318.2006
2023-12-01,2023,12,Cundinamarca,8,Electrodomesticos y muebles,1,117.4917
2023-12-01,2023,12,Cundinamarca,9,Articulos y utensilios domesticos,0,195.1547
2023-12-01,2023,12,Cundinamarca,10,Aseo del hogar,0,138.7893
2023-12-01,2023,12,Cundinamarca,11,Informatica y telecomunicaciones,0,249.6290
2023-12-01,2023,12,Cundinamarca,12,Sonido y video,0,166.1299
2023-12-01,2023,12,Cundinamarca,14,"Ferreteria, vidrios y pinturas",0,118.2062
2023-12-01,2023,12,Cundinamarca,15,Otras mercancias de uso domestico,0,182.7010
2023-12-01,2023,12,Santander,4,Prendas de vestir y textiles,0,239.2046
2023-12-01,2023,12,Santander,8,Electrodomesticos y muebles,1,103.5395
2023-12-01,2023,12,Santander,9,Articulos y utensilios domesticos,0,164.1768
2023-12-01,2023,12,Santander,10,Aseo del hogar,0,131.6441
2023-12-01,2023,12,Santander,11,Informatica y telecomunicaciones,0,186.2999
2023-12-01,2023,12,Santander,12,Sonido y video,0,125.1456
2023-12-01,2023,12,Santander,14,"Ferreteria, vidrios y pinturas",0,107.3060
2023-12-01,2023,12,Santander,15,Otras mercancias de uso domestico,0,145.5426
2023-12-01,2023,12,Valle del Cauca,4,Prendas de vestir y textiles,0,227.9549
2023-12-01,2023,12,Valle del Cauca,8,Electrodomesticos y muebles,1,106.1305
2023-12-01,2023,12,Valle del Cauca,9,Articulos y utensilios domesticos,0,162.3676
2023-12-01,2023,12,Valle del Cauca,10,Aseo del hogar,0,121.5449
2023-12-01,2023,12,Valle del Cauca,11,Informatica y telecomunicaciones,0,190.8313
2023-12-01,2023,12,Valle del Cauca,12,Sonido y video,0,135.9395
2023-12-01,2023,12,Valle del Cauca,14,"Ferreteria, vidrios y pinturas",0,98.2705
2023-12-01,2023,12,Valle del Cauca,15,Otras mercancias de uso domestico,0,138.9314
2023-12-01,2023,12,Otros departamentos,4,Prendas de vestir y textiles,0,298.3720
2023-12-01,2023,12,Otros departamentos,8,Electrodomesticos y muebles,1,133.7583
2023-12-01,2023,12,Otros departamentos,9,Articulos y utensilios domesticos,0,206.1038
2023-12-01,2023,12,Otros departamentos,10,Aseo del hogar,0,137.8746
2023-12-01,2023,12,Otros departamentos,11,Informatica y telecomunicaciones,0,218.1882
2023-12-01,2023,12,Otros departamentos,12,Sonido y video,0,167.3607
2023-12-01,2023,12,Otros departamentos,14,"Ferreteria, vidrios y pinturas",0,107.6874
2023-12-01,2023,12,Otros departamentos,15,Otras mercancias de uso domestico,0,184.1788
2024-01-01,2024,1,Antioquia,4,Prendas de vestir y textiles,0,87.5429
2024-01-01,2024,1,Antioquia,8,Electrodomesticos y muebles,1,118.9559
2024-01-01,2024,1,Antioquia,9,Articulos y utensilios domesticos,0,117.6282
2024-01-01,2024,1,Antioquia,10,Aseo del hogar,0,135.2965
2024-01-01,2024,1,Antioquia,11,Informatica y telecomunicaciones,0,144.4144
2024-01-01,2024,1,Antioquia,12,Sonido y video,0,94.9384
2024-01-01,2024,1,Antioquia,14,"Ferreteria, vidrios y pinturas",0,101.7045
2024-01-01,2024,1,Antioquia,15,Otras mercancias de uso domestico,0,94.1915
2024-01-01,2024,1,Atlantico,4,Prendas de vestir y textiles,0,86.6515
2024-01-01,2024,1,Atlantico,8,Electrodomesticos y muebles,1,102.1108
2024-01-01,2024,1,Atlantico,9,Articulos y utensilios domesticos,0,115.2129
2024-01-01,2024,1,Atlantico,10,Aseo del hogar,0,103.2152
2024-01-01,2024,1,Atlantico,11,Informatica y telecomunicaciones,0,128.1856
2024-01-01,2024,1,Atlantico,12,Sonido y video,0,87.2584
2024-01-01,2024,1,Atlantico,14,"Ferreteria, vidrios y pinturas",0,105.8858
2024-01-01,2024,1,Atlantico,15,Otras mercancias de uso domestico,0,88.6893
2024-01-01,2024,1,Bogota,4,Prendas de vestir y textiles,0,95.1359
2024-01-01,2024,1,Bogota,8,Electrodomesticos y muebles,1,130.0383
2024-01-01,2024,1,Bogota,9,Articulos y utensilios domesticos,0,144.4750
2024-01-01,2024,1,Bogota,10,Aseo del hogar,0,121.6676
2024-01-01,2024,1,Bogota,11,Informatica y telecomunicaciones,0,160.0738
2024-01-01,2024,1,Bogota,12,Sonido y video,0,110.5576
2024-01-01,2024,1,Bogota,14,"Ferreteria, vidrios y pinturas",0,101.4711
2024-01-01,2024,1,Bogota,15,Otras mercancias de uso domestico,0,110.4434
2024-01-01,2024,1,Cundinamarca,4,Prendas de vestir y textiles,0,109.7275
2024-01-01,2024,1,Cundinamarca,8,Electrodomesticos y muebles,1,137.9271
2024-01-01,2024,1,Cundinamarca,9,Articulos y utensilios domesticos,0,164.1209
2024-01-01,2024,1,Cundinamarca,10,Aseo del hogar,0,164.8762
2024-01-01,2024,1,Cundinamarca,11,Informatica y telecomunicaciones,0,196.8264
2024-01-01,2024,1,Cundinamarca,12,Sonido y video,0,129.6426
2024-01-01,2024,1,Cundinamarca,14,"Ferreteria, vidrios y pinturas",0,131.7815
2024-01-01,2024,1,Cundinamarca,15,Otras mercancias de uso domestico,0,125.9322
2024-01-01,2024,1,Santander,4,Prendas de vestir y textiles,0,75.9563
2024-01-01,2024,1,Santander,8,Electrodomesticos y muebles,1,96.7303
2024-01-01,2024,1,Santander,9,Articulos y utensilios domesticos,0,125.1654
2024-01-01,2024,1,Santander,10,Aseo del hogar,0,141.5769
2024-01-01,2024,1,Santander,11,Informatica y telecomunicaciones,0,142.0019
2024-01-01,2024,1,Santander,12,Sonido y video,0,89.1137
2024-01-01,2024,1,Santander,14,"Ferreteria, vidrios y pinturas",0,103.0003
2024-01-01,2024,1,Santander,15,Otras mercancias de uso domestico,0,93.0759
2024-01-01,2024,1,Valle del Cauca,4,Prendas de vestir y textiles,0,77.6495
2024-01-01,2024,1,Valle del Cauca,8,Electrodomesticos y muebles,1,116.6683
2024-01-01,2024,1,Valle del Cauca,9,Articulos y utensilios domesticos,0,127.6388
2024-01-01,2024,1,Valle del Cauca,10,Aseo del hogar,0,120.7059
2024-01-01,2024,1,Valle del Cauca,11,Informatica y telecomunicaciones,0,134.9497
2024-01-01,2024,1,Valle del Cauca,12,Sonido y video,0,87.4594
2024-01-01,2024,1,Valle del Cauca,14,"Ferreteria, vidrios y pinturas",0,91.9481
2024-01-01,2024,1,Valle del Cauca,15,Otras mercancias de uso domestico,0,81.1617
2024-01-01,2024,1,Otros departamentos,4,Prendas de vestir y textiles,0,83.5808
2024-01-01,2024,1,Otros departamentos,8,Electrodomesticos y muebles,1,123.8150
2024-01-01,2024,1,Otros departamentos,9,Articulos y utensilios domesticos,0,137.4102
2024-01-01,2024,1,Otros departamentos,10,Aseo del hogar,0,118.1487
2024-01-01,2024,1,Otros departamentos,11,Informatica y telecomunicaciones,0,150.1383
2024-01-01,2024,1,Otros departamentos,12,Sonido y video,0,99.1561
2024-01-01,2024,1,Otros departamentos,14,"Ferreteria, vidrios y pinturas",0,97.8054
2024-01-01,2024,1,Otros departamentos,15,Otras mercancias de uso domestico,0,105.2459
2024-02-01,2024,2,Antioquia,4,Prendas de vestir y textiles,0,71.3437
2024-02-01,2024,2,Antioquia,8,Electrodomesticos y muebles,1,103.9488
2024-02-01,2024,2,Antioquia,9,Articulos y utensilios domesticos,0,118.4170
2024-02-01,2024,2,Antioquia,10,Aseo del hogar,0,114.8027
2024-02-01,2024,2,Antioquia,11,Informatica y telecomunicaciones,0,142.9957
2024-02-01,2024,2,Antioquia,12,Sonido y video,0,101.2346
2024-02-01,2024,2,Antioquia,14,"Ferreteria, vidrios y pinturas",0,102.5455
2024-02-01,2024,2,Antioquia,15,Otras mercancias de uso domestico,0,94.6479
2024-02-01,2024,2,Atlantico,4,Prendas de vestir y textiles,0,66.8595
2024-02-01,2024,2,Atlantico,8,Electrodomesticos y muebles,1,89.0185
2024-02-01,2024,2,Atlantico,9,Articulos y utensilios domesticos,0,105.9425
2024-02-01,2024,2,Atlantico,10,Aseo del hogar,0,101.0982
2024-02-01,2024,2,Atlantico,11,Informatica y telecomunicaciones,0,154.9015
2024-02-01,2024,2,Atlantico,12,Sonido y video,0,90.1903
2024-02-01,2024,2,Atlantico,14,"Ferreteria, vidrios y pinturas",0,99.4399
2024-02-01,2024,2,Atlantico,15,Otras mercancias de uso domestico,0,97.8535
2024-02-01,2024,2,Bogota,4,Prendas de vestir y textiles,0,76.7474
2024-02-01,2024,2,Bogota,8,Electrodomesticos y muebles,1,118.9921
2024-02-01,2024,2,Bogota,9,Articulos y utensilios domesticos,0,134.0075
2024-02-01,2024,2,Bogota,10,Aseo del hogar,0,126.8579
2024-02-01,2024,2,Bogota,11,Informatica y telecomunicaciones,0,175.5696
2024-02-01,2024,2,Bogota,12,Sonido y video,0,113.9242
2024-02-01,2024,2,Bogota,14,"Ferreteria, vidrios y pinturas",0,104.0842
2024-02-01,2024,2,Bogota,15,Otras mercancias de uso domestico,0,100.1644
2024-02-01,2024,2,Cundinamarca,4,Prendas de vestir y textiles,0,87.2045
2024-02-01,2024,2,Cundinamarca,8,Electrodomesticos y muebles,1,135.6177
2024-02-01,2024,2,Cundinamarca,9,Articulos y utensilios domesticos,0,151.2576
2024-02-01,2024,2,Cundinamarca,10,Aseo del hogar,0,150.5741
2024-02-01,2024,2,Cundinamarca,11,Informatica y telecomunicaciones,0,207.8359
2024-02-01,2024,2,Cundinamarca,12,Sonido y video,0,119.6459
2024-02-01,2024,2,Cundinamarca,14,"Ferreteria, vidrios y pinturas",0,120.8803
2024-02-01,2024,2,Cundinamarca,15,Otras mercancias de uso domestico,0,119.5671
2024-02-01,2024,2,Santander,4,Prendas de vestir y textiles,0,72.3827
2024-02-01,2024,2,Santander,8,Electrodomesticos y muebles,1,90.8811
2024-02-01,2024,2,Santander,9,Articulos y utensilios domesticos,0,113.3962
2024-02-01,2024,2,Santander,10,Aseo del hogar,0,148.0493
2024-02-01,2024,2,Santander,11,Informatica y telecomunicaciones,0,158.8067
2024-02-01,2024,2,Santander,12,Sonido y video,0,107.7444
2024-02-01,2024,2,Santander,14,"Ferreteria, vidrios y pinturas",0,103.8025
2024-02-01,2024,2,Santander,15,Otras mercancias de uso domestico,0,92.9955
2024-02-01,2024,2,Valle del Cauca,4,Prendas de vestir y textiles,0,62.8306
2024-02-01,2024,2,Valle del Cauca,8,Electrodomesticos y muebles,1,106.0154
2024-02-01,2024,2,Valle del Cauca,9,Articulos y utensilios domesticos,0,120.4677
2024-02-01,2024,2,Valle del Cauca,10,Aseo del hogar,0,106.4178
2024-02-01,2024,2,Valle del Cauca,11,Informatica y telecomunicaciones,0,142.2566
2024-02-01,2024,2,Valle del Cauca,12,Sonido y video,0,95.8985
2024-02-01,2024,2,Valle del Cauca,14,"Ferreteria, vidrios y pinturas",0,90.1236
2024-02-01,2024,2,Valle del Cauca,15,Otras mercancias de uso domestico,0,77.8347
2024-02-01,2024,2,Otros departamentos,4,Prendas de vestir y textiles,0,74.1885
2024-02-01,2024,2,Otros departamentos,8,Electrodomesticos y muebles,1,116.3527
2024-02-01,2024,2,Otros departamentos,9,Articulos y utensilios domesticos,0,119.4366
2024-02-01,2024,2,Otros departamentos,10,Aseo del hogar,0,118.2424
2024-02-01,2024,2,Otros departamentos,11,Informatica y telecomunicaciones,0,151.7217
2024-02-01,2024,2,Otros departamentos,12,Sonido y video,0,98.0592
2024-02-01,2024,2,Otros departamentos,14,"Ferreteria, vidrios y pinturas",0,99.5642
2024-02-01,2024,2,Otros departamentos,15,Otras mercancias de uso domestico,0,98.3222
2024-03-01,2024,3,Antioquia,4,Prendas de vestir y textiles,0,82.3271
2024-03-01,2024,3,Antioquia,8,Electrodomesticos y muebles,1,118.3977
2024-03-01,2024,3,Antioquia,9,Articulos y utensilios domesticos,0,120.7658
2024-03-01,2024,3,Antioquia,10,Aseo del hogar,0,130.1489
2024-03-01,2024,3,Antioquia,11,Informatica y telecomunicaciones,0,137.0570
2024-03-01,2024,3,Antioquia,12,Sonido y video,0,108.5230
2024-03-01,2024,3,Antioquia,14,"Ferreteria, vidrios y pinturas",0,88.8039
2024-03-01,2024,3,Antioquia,15,Otras mercancias de uso domestico,0,109.2022
2024-03-01,2024,3,Atlantico,4,Prendas de vestir y textiles,0,70.5404
2024-03-01,2024,3,Atlantico,8,Electrodomesticos y muebles,1,105.0179
2024-03-01,2024,3,Atlantico,9,Articulos y utensilios domesticos,0,122.7024
2024-03-01,2024,3,Atlantico,10,Aseo del hogar,0,120.5275
2024-03-01,2024,3,Atlantico,11,Informatica y telecomunicaciones,0,135.4608
2024-03-01,2024,3,Atlantico,12,Sonido y video,0,101.7230
2024-03-01,2024,3,Atlantico,14,"Ferreteria, vidrios y pinturas",0,85.4699
2024-03-01,2024,3,Atlantico,15,Otras mercancias de uso domestico,0,95.0258
2024-03-01,2024,3,Bogota,4,Prendas de vestir y textiles,0,92.7378
2024-03-01,2024,3,Bogota,8,Electrodomesticos y muebles,1,147.1574
2024-03-01,2024,3,Bogota,9,Articulos y utensilios domesticos,0,146.7552
2024-03-01,2024,3,Bogota,10,Aseo del hogar,0,133.0253
2024-03-01,2024,3,Bogota,11,Informatica y telecomunicaciones,0,185.0599
2024-03-01,2024,3,Bogota,12,Sonido y video,0,111.7538
2024-03-01,2024,3,Bogota,14,"Ferreteria, vidrios y pinturas",0,98.0038
2024-03-01,2024,3,Bogota,15,Otras mercancias de uso domestico,0,108.3176
2024-03-01,2024,3,Cundinamarca,4,Prendas de vestir y textiles,0,108.8480
2024-03-01,2024,3,Cundinamarca,8,Electrodomesticos y muebles,1,158.0045
2024-03-01,2024,3,Cundinamarca,9,Articulos y utensilios domesticos,0,162.8305
2024-03-01,2024,3,Cundinamarca,10,Aseo del hogar,0,163.4372
2024-03-01,2024,3,Cundinamarca,11,Informatica y telecomunicaciones,0,211.9762
2024-03-01,2024,3,Cundinamarca,12,Sonido y video,0,144.6604
2024-03-01,2024,3,Cundinamarca,14,"Ferreteria, vidrios y pinturas",0,121.2783
2024-03-01,2024,3,Cundinamarca,15,Otras mercancias de uso domestico,0,133.5284
2024-03-01,2024,3,Santander,4,Prendas de vestir y textiles,0,84.7128
2024-03-01,2024,3,Santander,8,Electrodomesticos y muebles,1,112.5105
2024-03-01,2024,3,Santander,9,Articulos y utensilios domesticos,0,114.3898
2024-03-01,2024,3,Santander,10,Aseo del hogar,0,139.1727
2024-03-01,2024,3,Santander,11,Informatica y telecomunicaciones,0,164.3214
2024-03-01,2024,3,Santander,12,Sonido y video,0,105.9002
2024-03-01,2024,3,Santander,14,"Ferreteria, vidrios y pinturas",0,103.7907
2024-03-01,2024,3,Santander,15,Otras mercancias de uso domestico,0,92.5199
2024-03-01,2024,3,Valle del Cauca,4,Prendas de vestir y textiles,0,74.3778
2024-03-01,2024,3,Valle del Cauca,8,Electrodomesticos y muebles,1,111.3453
2024-03-01,2024,3,Valle del Cauca,9,Articulos y utensilios domesticos,0,137.8565
2024-03-01,2024,3,Valle del Cauca,10,Aseo del hogar,0,110.9850
2024-03-01,2024,3,Valle del Cauca,11,Informatica y telecomunicaciones,0,139.6754
2024-03-01,2024,3,Valle del Cauca,12,Sonido y video,0,102.5398
2024-03-01,2024,3,Valle del Cauca,14,"Ferreteria, vidrios y pinturas",0,86.3602
2024-03-01,2024,3,Valle del Cauca,15,Otras mercancias de uso domestico,0,87.6972
2024-03-01,2024,3,Otros departamentos,4,Prendas de vestir y textiles,0,86.7529
2024-03-01,2024,3,Otros departamentos,8,Electrodomesticos y muebles,1,106.3085
2024-03-01,2024,3,Otros departamentos,9,Articulos y utensilios domesticos,0,126.9814
2024-03-01,2024,3,Otros departamentos,10,Aseo del hogar,0,126.9898
2024-03-01,2024,3,Otros departamentos,11,Informatica y telecomunicaciones,0,165.0892
2024-03-01,2024,3,Otros departamentos,12,Sonido y video,0,119.1040
2024-03-01,2024,3,Otros departamentos,14,"Ferreteria, vidrios y pinturas",0,94.1361
2024-03-01,2024,3,Otros departamentos,15,Otras mercancias de uso domestico,0,112.2240
2024-04-01,2024,4,Antioquia,4,Prendas de vestir y textiles,0,69.4211
2024-04-01,2024,4,Antioquia,8,Electrodomesticos y muebles,1,108.0619
2024-04-01,2024,4,Antioquia,9,Articulos y utensilios domesticos,0,110.1351
2024-04-01,2024,4,Antioquia,10,Aseo del hogar,0,118.3513
2024-04-01,2024,4,Antioquia,11,Informatica y telecomunicaciones,0,145.8059
2024-04-01,2024,4,Antioquia,12,Sonido y video,0,107.6793
2024-04-01,2024,4,Antioquia,14,"Ferreteria, vidrios y pinturas",0,99.2304
2024-04-01,2024,4,Antioquia,15,Otras mercancias de uso domestico,0,108.8114
2024-04-01,2024,4,Atlantico,4,Prendas de vestir y textiles,0,57.7629
2024-04-01,2024,4,Atlantico,8,Electrodomesticos y muebles,1,91.4294
2024-04-01,2024,4,Atlantico,9,Articulos y utensilios domesticos,0,99.0768
2024-04-01,2024,4,Atlantico,10,Aseo del hogar,0,109.4691
2024-04-01,2024,4,Atlantico,11,Informatica y telecomunicaciones,0,132.5394
2024-04-01,2024,4,Atlantico,12,Sonido y video,0,88.9482
2024-04-01,2024,4,Atlantico,14,"Ferreteria, vidrios y pinturas",0,87.1381
2024-04-01,2024,4,Atlantico,15,Otras mercancias de uso domestico,0,79.0509
2024-04-01,2024,4,Bogota,4,Prendas de vestir y textiles,0,84.0881
2024-04-01,2024,4,Bogota,8,Electrodomesticos y muebles,1,131.1604
2024-04-01,2024,4,Bogota,9,Articulos y utensilios domesticos,0,124.8689
2024-04-01,2024,4,Bogota,10,Aseo del hogar,0,116.6976
2024-04-01,2024,4,Bogota,11,Informatica y telecomunicaciones,0,183.1021
2024-04-01,2024,4,Bogota,12,Sonido y video,0,100.3867
2024-04-01,2024,4,Bogota,14,"Ferreteria, vidrios y pinturas",0,104.4131
2024-04-01,2024,4,Bogota,15,Otras mercancias de uso domestico,0,103.6813
2024-04-01,2024,4,Cundinamarca,4,Prendas de vestir y textiles,0,88.8386
2024-04-01,2024,4,Cundinamarca,8,Electrodomesticos y muebles,1,126.5669
2024-04-01,2024,4,Cundinamarca,9,Articulos y utensilios domesticos,0,141.2347
2024-04-01,2024,4,Cundinamarca,10,Aseo del hogar,0,164.3348
2024-04-01,2024,4,Cundinamarca,11,Informatica y telecomunicaciones,0,200.1263
2024-04-01,2024,4,Cundinamarca,12,Sonido y video,0,115.2310
2024-04-01,2024,4,Cundinamarca,14,"Ferreteria, vidrios y pinturas",0,115.6169
2024-04-01,2024,4,Cundinamarca,15,Otras mercancias de uso domestico,0,118.7745
2024-04-01,2024,4,Santander,4,Prendas de vestir y textiles,0,71.0044
2024-04-01,2024,4,Santander,8,Electrodomesticos y muebles,1,92.6301
2024-04-01,2024,4,Santander,9,Articulos y utensilios domesticos,0,114.8679
2024-04-01,2024,4,Santander,10,Aseo del hogar,0,137.7617
2024-04-01,2024,4,Santander,11,Informatica y telecomunicaciones,0,162.0461
2024-04-01,2024,4,Santander,12,Sonido y video,0,100.4307
2024-04-01,2024,4,Santander,14,"Ferreteria, vidrios y pinturas",0,109.7694
2024-04-01,2024,4,Santander,15,Otras mercancias de uso domestico,0,94.3540
2024-04-01,2024,4,Valle del Cauca,4,Prendas de vestir y textiles,0,66.8171
2024-04-01,2024,4,Valle del Cauca,8,Electrodomesticos y muebles,1,80.1661
2024-04-01,2024,4,Valle del Cauca,9,Articulos y utensilios domesticos,0,112.9397
2024-04-01,2024,4,Valle del Cauca,10,Aseo del hogar,0,110.0101
2024-04-01,2024,4,Valle del Cauca,11,Informatica y telecomunicaciones,0,135.3925
2024-04-01,2024,4,Valle del Cauca,12,Sonido y video,0,89.6463
2024-04-01,2024,4,Valle del Cauca,14,"Ferreteria, vidrios y pinturas",0,93.6669
2024-04-01,2024,4,Valle del Cauca,15,Otras mercancias de uso domestico,0,81.9326
2024-04-01,2024,4,Otros departamentos,4,Prendas de vestir y textiles,0,84.7309
2024-04-01,2024,4,Otros departamentos,8,Electrodomesticos y muebles,1,105.6321
2024-04-01,2024,4,Otros departamentos,9,Articulos y utensilios domesticos,0,118.9829
2024-04-01,2024,4,Otros departamentos,10,Aseo del hogar,0,125.9527
2024-04-01,2024,4,Otros departamentos,11,Informatica y telecomunicaciones,0,143.5157
2024-04-01,2024,4,Otros departamentos,12,Sonido y video,0,105.6369
2024-04-01,2024,4,Otros departamentos,14,"Ferreteria, vidrios y pinturas",0,96.3755
2024-04-01,2024,4,Otros departamentos,15,Otras mercancias de uso domestico,0,105.2480
2024-05-01,2024,5,Antioquia,4,Prendas de vestir y textiles,0,86.9758
2024-05-01,2024,5,Antioquia,8,Electrodomesticos y muebles,1,125.3064
2024-05-01,2024,5,Antioquia,9,Articulos y utensilios domesticos,0,125.1511
2024-05-01,2024,5,Antioquia,10,Aseo del hogar,0,128.2083
2024-05-01,2024,5,Antioquia,11,Informatica y telecomunicaciones,0,190.0459
2024-05-01,2024,5,Antioquia,12,Sonido y video,0,129.6086
2024-05-01,2024,5,Antioquia,14,"Ferreteria, vidrios y pinturas",0,91.3832
2024-05-01,2024,5,Antioquia,15,Otras mercancias de uso domestico,0,111.5321
2024-05-01,2024,5,Atlantico,4,Prendas de vestir y textiles,0,66.7398
2024-05-01,2024,5,Atlantico,8,Electrodomesticos y muebles,1,99.4429
2024-05-01,2024,5,Atlantico,9,Articulos y utensilios domesticos,0,90.8935
2024-05-01,2024,5,Atlantico,10,Aseo del hogar,0,106.3298
2024-05-01,2024,5,Atlantico,11,Informatica y telecomunicaciones,0,138.1333
2024-05-01,2024,5,Atlantico,12,Sonido y video,0,98.1658
2024-05-01,2024,5,Atlantico,14,"Ferreteria, vidrios y pinturas",0,83.9999
2024-05-01,2024,5,Atlantico,15,Otras mercancias de uso domestico,0,86.9124
2024-05-01,2024,5,Bogota,4,Prendas de vestir y textiles,0,103.5402
2024-05-01,2024,5,Bogota,8,Electrodomesticos y muebles,1,133.2258
2024-05-01,2024,5,Bogota,9,Articulos y utensilios domesticos,0,133.8263
2024-05-01,2024,5,Bogota,10,Aseo del hogar,0,118.2570
2024-05-01,2024,5,Bogota,11,Informatica y telecomunicaciones,0,177.8663
2024-05-01,2024,5,Bogota,12,Sonido y video,0,114.8941
2024-05-01,2024,5,Bogota,14,"Ferreteria, vidrios y pinturas",0,101.7028
2024-05-01,2024,5,Bogota,15,Otras mercancias de uso domestico,0,119.9054
2024-05-01,2024,5,Cundinamarca,4,Prendas de vestir y textiles,0,103.9172
2024-05-01,2024,5,Cundinamarca,8,Electrodomesticos y muebles,1,138.6852
2024-05-01,2024,5,Cundinamarca,9,Articulos y utensilios domesticos,0,142.6947
2024-05-01,2024,5,Cundinamarca,10,Aseo del hogar,0,173.5424
2024-05-01,2024,5,Cundinamarca,11,Informatica y telecomunicaciones,0,211.6821
2024-05-01,2024,5,Cundinamarca,12,Sonido y video,0,139.0128
2024-05-01,2024,5,Cundinamarca,14,"Ferreteria, vidrios y pinturas",0,107.4539
2024-05-01,2024,5,Cundinamarca,15,Otras mercancias de uso domestico,0,126.2931
2024-05-01,2024,5,Santander,4,Prendas de vestir y textiles,0,88.5719
2024-05-01,2024,5,Santander,8,Electrodomesticos y muebles,1,104.7639
2024-05-01,2024,5,Santander,9,Articulos y utensilios domesticos,0,108.0289
2024-05-01,2024,5,Santander,10,Aseo del hogar,0,142.9864
2024-05-01,2024,5,Santander,11,Informatica y telecomunicaciones,0,163.6010
2024-05-01,2024,5,Santander,12,Sonido y video,0,126.0253
2024-05-01,2024,5,Santander,14,"Ferreteria, vidrios y pinturas",0,107.2192
2024-05-01,2024,5,Santander,15,Otras mercancias de uso domestico,0,100.5509
2024-05-01,2024,5,Valle del Cauca,4,Prendas de vestir y textiles,0,73.7501
2024-05-01,2024,5,Valle del Cauca,8,Electrodomesticos y muebles,1,108.9965
2024-05-01,2024,5,Valle del Cauca,9,Articulos y utensilios domesticos,0,114.2689
2024-05-01,2024,5,Valle del Cauca,10,Aseo del hogar,0,114.8481
2024-05-01,2024,5,Valle del Cauca,11,Informatica y telecomunicaciones,0,160.6323
2024-05-01,2024,5,Valle del Cauca,12,Sonido y video,0,113.4464
2024-05-01,2024,5,Valle del Cauca,14,"Ferreteria, vidrios y pinturas",0,97.2901
2024-05-01,2024,5,Valle del Cauca,15,Otras mercancias de uso domestico,0,89.0267
2024-05-01,2024,5,Otros departamentos,4,Prendas de vestir y textiles,0,97.1178
2024-05-01,2024,5,Otros departamentos,8,Electrodomesticos y muebles,1,109.2007
2024-05-01,2024,5,Otros departamentos,9,Articulos y utensilios domesticos,0,123.5237
2024-05-01,2024,5,Otros departamentos,10,Aseo del hogar,0,130.6653
2024-05-01,2024,5,Otros departamentos,11,Informatica y telecomunicaciones,0,165.2149
2024-05-01,2024,5,Otros departamentos,12,Sonido y video,0,123.1328
2024-05-01,2024,5,Otros departamentos,14,"Ferreteria, vidrios y pinturas",0,93.5326
2024-05-01,2024,5,Otros departamentos,15,Otras mercancias de uso domestico,0,105.4921
2024-06-01,2024,6,Antioquia,4,Prendas de vestir y textiles,0,105.8400
2024-06-01,2024,6,Antioquia,8,Electrodomesticos y muebles,1,134.0044
2024-06-01,2024,6,Antioquia,9,Articulos y utensilios domesticos,0,119.0520
2024-06-01,2024,6,Antioquia,10,Aseo del hogar,0,128.8382
2024-06-01,2024,6,Antioquia,11,Informatica y telecomunicaciones,0,179.9085
2024-06-01,2024,6,Antioquia,12,Sonido y video,0,154.0868
2024-06-01,2024,6,Antioquia,14,"Ferreteria, vidrios y pinturas",0,89.4983
2024-06-01,2024,6,Antioquia,15,Otras mercancias de uso domestico,0,102.9216
2024-06-01,2024,6,Atlantico,4,Prendas de vestir y textiles,0,78.0107
2024-06-01,2024,6,Atlantico,8,Electrodomesticos y muebles,1,89.8167
2024-06-01,2024,6,Atlantico,9,Articulos y utensilios domesticos,0,103.4922
2024-06-01,2024,6,Atlantico,10,Aseo del hogar,0,107.5222
2024-06-01,2024,6,Atlantico,11,Informatica y telecomunicaciones,0,136.5859
2024-06-01,2024,6,Atlantico,12,Sonido y video,0,108.7995
2024-06-01,2024,6,Atlantico,14,"Ferreteria, vidrios y pinturas",0,78.9519
2024-06-01,2024,6,Atlantico,15,Otras mercancias de uso domestico,0,89.9175
2024-06-01,2024,6,Bogota,4,Prendas de vestir y textiles,0,129.0349
2024-06-01,2024,6,Bogota,8,Electrodomesticos y muebles,1,126.4147
2024-06-01,2024,6,Bogota,9,Articulos y utensilios domesticos,0,137.9362
2024-06-01,2024,6,Bogota,10,Aseo del hogar,0,119.0661
2024-06-01,2024,6,Bogota,11,Informatica y telecomunicaciones,0,174.0029
2024-06-01,2024,6,Bogota,12,Sonido y video,0,157.6303
2024-06-01,2024,6,Bogota,14,"Ferreteria, vidrios y pinturas",0,104.7948
2024-06-01,2024,6,Bogota,15,Otras mercancias de uso domestico,0,114.3333
2024-06-01,2024,6,Cundinamarca,4,Prendas de vestir y textiles,0,130.2740
2024-06-01,2024,6,Cundinamarca,8,Electrodomesticos y muebles,1,140.2815
2024-06-01,2024,6,Cundinamarca,9,Articulos y utensilios domesticos,0,150.8576
2024-06-01,2024,6,Cundinamarca,10,Aseo del hogar,0,153.9501
2024-06-01,2024,6,Cundinamarca,11,Informatica y telecomunicaciones,0,216.4796
2024-06-01,2024,6,Cundinamarca,12,Sonido y video,0,174.1990
2024-06-01,2024,6,Cundinamarca,14,"Ferreteria, vidrios y pinturas",0,117.5708
2024-06-01,2024,6,Cundinamarca,15,Otras mercancias de uso domestico,0,128.3278
2024-06-01,2024,6,Santander,4,Prendas de vestir y textiles,0,98.6982
2024-06-01,2024,6,Santander,8,Electrodomesticos y muebles,1,109.8066
2024-06-01,2024,6,Santander,9,Articulos y utensilios domesticos,0,108.7958
2024-06-01,2024,6,Santander,10,Aseo del hogar,0,139.5674
2024-06-01,2024,6,Santander,11,Informatica y telecomunicaciones,0,157.3971
2024-06-01,2024,6,Santander,12,Sonido y video,0,138.1354
2024-06-01,2024,6,Santander,14,"Ferreteria, vidrios y pinturas",0,96.8678
2024-06-01,2024,6,Santander,15,Otras mercancias de uso domestico,0,93.6693
2024-06-01,2024,6,Valle del Cauca,4,Prendas de vestir y textiles,0,88.9193
2024-06-01,2024,6,Valle del Cauca,8,Electrodomesticos y muebles,1,99.5563
2024-06-01,2024,6,Valle del Cauca,9,Articulos y utensilios domesticos,0,110.7621
2024-06-01,2024,6,Valle del Cauca,10,Aseo del hogar,0,110.3443
2024-06-01,2024,6,Valle del Cauca,11,Informatica y telecomunicaciones,0,148.1403
2024-06-01,2024,6,Valle del Cauca,12,Sonido y video,0,136.4730
2024-06-01,2024,6,Valle del Cauca,14,"Ferreteria, vidrios y pinturas",0,95.6391
2024-06-01,2024,6,Valle del Cauca,15,Otras mercancias de uso domestico,0,77.8134
2024-06-01,2024,6,Otros departamentos,4,Prendas de vestir y textiles,0,104.8969
2024-06-01,2024,6,Otros departamentos,8,Electrodomesticos y muebles,1,114.7745
2024-06-01,2024,6,Otros departamentos,9,Articulos y utensilios domesticos,0,131.8936
2024-06-01,2024,6,Otros departamentos,10,Aseo del hogar,0,137.0916
2024-06-01,2024,6,Otros departamentos,11,Informatica y telecomunicaciones,0,147.6962
2024-06-01,2024,6,Otros departamentos,12,Sonido y video,0,144.6019
2024-06-01,2024,6,Otros departamentos,14,"Ferreteria, vidrios y pinturas",0,89.4084
2024-06-01,2024,6,Otros departamentos,15,Otras mercancias de uso domestico,0,115.1026
2024-07-01,2024,7,Antioquia,4,Prendas de vestir y textiles,0,105.2775
2024-07-01,2024,7,Antioquia,8,Electrodomesticos y muebles,1,143.4508
2024-07-01,2024,7,Antioquia,9,Articulos y utensilios domesticos,0,132.7194
2024-07-01,2024,7,Antioquia,10,Aseo del hogar,0,136.1447
2024-07-01,2024,7,Antioquia,11,Informatica y telecomunicaciones,0,192.8357
2024-07-01,2024,7,Antioquia,12,Sonido y video,0,160.5502
2024-07-01,2024,7,Antioquia,14,"Ferreteria, vidrios y pinturas",0,103.8676
2024-07-01,2024,7,Antioquia,15,Otras mercancias de uso domestico,0,111.0351
2024-07-01,2024,7,Atlantico,4,Prendas de vestir y textiles,0,79.9750
2024-07-01,2024,7,Atlantico,8,Electrodomesticos y muebles,1,107.1171
2024-07-01,2024,7,Atlantico,9,Articulos y utensilios domesticos,0,110.6252
2024-07-01,2024,7,Atlantico,10,Aseo del hogar,0,102.5286
2024-07-01,2024,7,Atlantico,11,Informatica y telecomunicaciones,0,150.5204
2024-07-01,2024,7,Atlantico,12,Sonido y video,0,123.9733
2024-07-01,2024,7,Atlantico,14,"Ferreteria, vidrios y pinturas",0,83.2854
2024-07-01,2024,7,Atlantico,15,Otras mercancias de uso domestico,0,95.1576
2024-07-01,2024,7,Bogota,4,Prendas de vestir y textiles,0,114.5989
2024-07-01,2024,7,Bogota,8,Electrodomesticos y muebles,1,139.9996
2024-07-01,2024,7,Bogota,9,Articulos y utensilios domesticos,0,139.9152
2024-07-01,2024,7,Bogota,10,Aseo del hogar,0,133.9635
2024-07-01,2024,7,Bogota,11,Informatica y telecomunicaciones,0,181.3864
2024-07-01,2024,7,Bogota,12,Sonido y video,0,157.6173
2024-07-01,2024,7,Bogota,14,"Ferreteria, vidrios y pinturas",0,123.1896
2024-07-01,2024,7,Bogota,15,Otras mercancias de uso domestico,0,117.9618
2024-07-01,2024,7,Cundinamarca,4,Prendas de vestir y textiles,0,120.4353
2024-07-01,2024,7,Cundinamarca,8,Electrodomesticos y muebles,1,144.7776
2024-07-01,2024,7,Cundinamarca,9,Articulos y utensilios domesticos,0,161.2424
2024-07-01,2024,7,Cundinamarca,10,Aseo del hogar,0,138.5767
2024-07-01,2024,7,Cundinamarca,11,Informatica y telecomunicaciones,0,225.5340
2024-07-01,2024,7,Cundinamarca,12,Sonido y video,0,178.1176
2024-07-01,2024,7,Cundinamarca,14,"Ferreteria, vidrios y pinturas",0,126.1256
2024-07-01,2024,7,Cundinamarca,15,Otras mercancias de uso domestico,0,138.0631
2024-07-01,2024,7,Santander,4,Prendas de vestir y textiles,0,95.1351
2024-07-01,2024,7,Santander,8,Electrodomesticos y muebles,1,111.9393
2024-07-01,2024,7,Santander,9,Articulos y utensilios domesticos,0,120.4230
2024-07-01,2024,7,Santander,10,Aseo del hogar,0,131.4022
2024-07-01,2024,7,Santander,11,Informatica y telecomunicaciones,0,143.8375
2024-07-01,2024,7,Santander,12,Sonido y video,0,139.9433
2024-07-01,2024,7,Santander,14,"Ferreteria, vidrios y pinturas",0,92.3850
2024-07-01,2024,7,Santander,15,Otras mercancias de uso domestico,0,101.5948
2024-07-01,2024,7,Valle del Cauca,4,Prendas de vestir y textiles,0,80.8537
2024-07-01,2024,7,Valle del Cauca,8,Electrodomesticos y muebles,1,122.8115
2024-07-01,2024,7,Valle del Cauca,9,Articulos y utensilios domesticos,0,113.6659
2024-07-01,2024,7,Valle del Cauca,10,Aseo del hogar,0,100.8317
2024-07-01,2024,7,Valle del Cauca,11,Informatica y telecomunicaciones,0,155.6065
2024-07-01,2024,7,Valle del Cauca,12,Sonido y video,0,131.6552
2024-07-01,2024,7,Valle del Cauca,14,"Ferreteria, vidrios y pinturas",0,93.2733
2024-07-01,2024,7,Valle del Cauca,15,Otras mercancias de uso domestico,0,94.9630
2024-07-01,2024,7,Otros departamentos,4,Prendas de vestir y textiles,0,89.8811
2024-07-01,2024,7,Otros departamentos,8,Electrodomesticos y muebles,1,122.8409
2024-07-01,2024,7,Otros departamentos,9,Articulos y utensilios domesticos,0,137.5088
2024-07-01,2024,7,Otros departamentos,10,Aseo del hogar,0,138.9460
2024-07-01,2024,7,Otros departamentos,11,Informatica y telecomunicaciones,0,174.8063
2024-07-01,2024,7,Otros departamentos,12,Sonido y video,0,156.4749
2024-07-01,2024,7,Otros departamentos,14,"Ferreteria, vidrios y pinturas",0,101.8865
2024-07-01,2024,7,Otros departamentos,15,Otras mercancias de uso domestico,0,107.3496
2024-08-01,2024,8,Antioquia,4,Prendas de vestir y textiles,0,92.7964
2024-08-01,2024,8,Antioquia,8,Electrodomesticos y muebles,1,152.3170
2024-08-01,2024,8,Antioquia,9,Articulos y utensilios domesticos,0,142.0721
2024-08-01,2024,8,Antioquia,10,Aseo del hogar,0,135.1979
2024-08-01,2024,8,Antioquia,11,Informatica y telecomunicaciones,0,212.4964
2024-08-01,2024,8,Antioquia,12,Sonido y video,0,149.9317
2024-08-01,2024,8,Antioquia,14,"Ferreteria, vidrios y pinturas",0,113.3625
2024-08-01,2024,8,Antioquia,15,Otras mercancias de uso domestico,0,103.3503
2024-08-01,2024,8,Atlantico,4,Prendas de vestir y textiles,0,67.1978
2024-08-01,2024,8,Atlantico,8,Electrodomesticos y muebles,1,115.5245
2024-08-01,2024,8,Atlantico,9,Articulos y utensilios domesticos,0,108.0046
2024-08-01,2024,8,Atlantico,10,Aseo del hogar,0,96.8168
2024-08-01,2024,8,Atlantico,11,Informatica y telecomunicaciones,0,198.5001
2024-08-01,2024,8,Atlantico,12,Sonido y video,0,126.2952
2024-08-01,2024,8,Atlantico,14,"Ferreteria, vidrios y pinturas",0,81.1858
2024-08-01,2024,8,Atlantico,15,Otras mercancias de uso domestico,0,89.0360
2024-08-01,2024,8,Bogota,4,Prendas de vestir y textiles,0,113.2468
2024-08-01,2024,8,Bogota,8,Electrodomesticos y muebles,1,145.9294
2024-08-01,2024,8,Bogota,9,Articulos y utensilios domesticos,0,156.4386
2024-08-01,2024,8,Bogota,10,Aseo del hogar,0,144.9892
2024-08-01,2024,8,Bogota,11,Informatica y telecomunicaciones,0,224.7825
2024-08-01,2024,8,Bogota,12,Sonido y video,0,156.8519
2024-08-01,2024,8,Bogota,14,"Ferreteria, vidrios y pinturas",0,129.1723
2024-08-01,2024,8,Bogota,15,Otras mercancias de uso domestico,0,133.1082
2024-08-01,2024,8,Cundinamarca,4,Prendas de vestir y textiles,0,92.1211
2024-08-01,2024,8,Cundinamarca,8,Electrodomesticos y muebles,1,151.2459
2024-08-01,2024,8,Cundinamarca,9,Articulos y utensilios domesticos,0,153.8904
2024-08-01,2024,8,Cundinamarca,10,Aseo del hogar,0,130.6544
2024-08-01,2024,8,Cundinamarca,11,Informatica y telecomunicaciones,0,263.2642
2024-08-01,2024,8,Cundinamarca,12,Sonido y video,0,158.4288
2024-08-01,2024,8,Cundinamarca,14,"Ferreteria, vidrios y pinturas",0,115.7759
2024-08-01,2024,8,Cundinamarca,15,Otras mercancias de uso domestico,0,126.7794
2024-08-01,2024,8,Santander,4,Prendas de vestir y textiles,0,81.6672
2024-08-01,2024,8,Santander,8,Electrodomesticos y muebles,1,118.3551
2024-08-01,2024,8,Santander,9,Articulos y utensilios domesticos,0,116.1562
2024-08-01,2024,8,Santander,10,Aseo del hogar,0,138.4545
2024-08-01,2024,8,Santander,11,Informatica y telecomunicaciones,0,192.5143
2024-08-01,2024,8,Santander,12,Sonido y video,0,154.5585
2024-08-01,2024,8,Santander,14,"Ferreteria, vidrios y pinturas",0,92.3831
2024-08-01,2024,8,Santander,15,Otras mercancias de uso domestico,0,101.1211
2024-08-01,2024,8,Valle del Cauca,4,Prendas de vestir y textiles,0,81.0526
2024-08-01,2024,8,Valle del Cauca,8,Electrodomesticos y muebles,1,117.2745
2024-08-01,2024,8,Valle del Cauca,9,Articulos y utensilios domesticos,0,113.3812
2024-08-01,2024,8,Valle del Cauca,10,Aseo del hogar,0,108.5770
2024-08-01,2024,8,Valle del Cauca,11,Informatica y telecomunicaciones,0,176.6202
2024-08-01,2024,8,Valle del Cauca,12,Sonido y video,0,135.2141
2024-08-01,2024,8,Valle del Cauca,14,"Ferreteria, vidrios y pinturas",0,93.4005
2024-08-01,2024,8,Valle del Cauca,15,Otras mercancias de uso domestico,0,103.6697
2024-08-01,2024,8,Otros departamentos,4,Prendas de vestir y textiles,0,87.3307
2024-08-01,2024,8,Otros departamentos,8,Electrodomesticos y muebles,1,138.3182
2024-08-01,2024,8,Otros departamentos,9,Articulos y utensilios domesticos,0,135.4410
2024-08-01,2024,8,Otros departamentos,10,Aseo del hogar,0,127.8596
2024-08-01,2024,8,Otros departamentos,11,Informatica y telecomunicaciones,0,242.5014
2024-08-01,2024,8,Otros departamentos,12,Sonido y video,0,140.4544
2024-08-01,2024,8,Otros departamentos,14,"Ferreteria, vidrios y pinturas",0,93.4162
2024-08-01,2024,8,Otros departamentos,15,Otras mercancias de uso domestico,0,113.8706
2024-09-01,2024,9,Antioquia,4,Prendas de vestir y textiles,0,102.4004
2024-09-01,2024,9,Antioquia,8,Electrodomesticos y muebles,1,123.1194
2024-09-01,2024,9,Antioquia,9,Articulos y utensilios domesticos,0,137.5553
2024-09-01,2024,9,Antioquia,10,Aseo del hogar,0,119.9492
2024-09-01,2024,9,Antioquia,11,Informatica y telecomunicaciones,0,185.1242
2024-09-01,2024,9,Antioquia,12,Sonido y video,0,108.3408
2024-09-01,2024,9,Antioquia,14,"Ferreteria, vidrios y pinturas",0,109.8396
2024-09-01,2024,9,Antioquia,15,Otras mercancias de uso domestico,0,100.6593
2024-09-01,2024,9,Atlantico,4,Prendas de vestir y textiles,0,65.2730
2024-09-01,2024,9,Atlantico,8,Electrodomesticos y muebles,1,96.6738
2024-09-01,2024,9,Atlantico,9,Articulos y utensilios domesticos,0,106.5844
2024-09-01,2024,9,Atlantico,10,Aseo del hogar,0,99.0363
2024-09-01,2024,9,Atlantico,11,Informatica y telecomunicaciones,0,171.7357
2024-09-01,2024,9,Atlantico,12,Sonido y video,0,101.8306
2024-09-01,2024,9,Atlantico,14,"Ferreteria, vidrios y pinturas",0,77.3894
2024-09-01,2024,9,Atlantico,15,Otras mercancias de uso domestico,0,85.9305
2024-09-01,2024,9,Bogota,4,Prendas de vestir y textiles,0,115.7129
2024-09-01,2024,9,Bogota,8,Electrodomesticos y muebles,1,130.7463
2024-09-01,2024,9,Bogota,9,Articulos y utensilios domesticos,0,154.1642
2024-09-01,2024,9,Bogota,10,Aseo del hogar,0,151.4645
2024-09-01,2024,9,Bogota,11,Informatica y telecomunicaciones,0,196.2483
2024-09-01,2024,9,Bogota,12,Sonido y video,0,136.7351
2024-09-01,2024,9,Bogota,14,"Ferreteria, vidrios y pinturas",0,120.9848
2024-09-01,2024,9,Bogota,15,Otras mercancias de uso domestico,0,132.3257
2024-09-01,2024,9,Cundinamarca,4,Prendas de vestir y textiles,0,100.9511
2024-09-01,2024,9,Cundinamarca,8,Electrodomesticos y muebles,1,128.6735
2024-09-01,2024,9,Cundinamarca,9,Articulos y utensilios domesticos,0,158.1290
2024-09-01,2024,9,Cundinamarca,10,Aseo del hogar,0,133.8254
2024-09-01,2024,9,Cundinamarca,11,Informatica y telecomunicaciones,0,225.7737
2024-09-01,2024,9,Cundinamarca,12,Sonido y video,0,134.6278
2024-09-01,2024,9,Cundinamarca,14,"Ferreteria, vidrios y pinturas",0,128.5033
2024-09-01,2024,9,Cundinamarca,15,Otras mercancias de uso domestico,0,145.1326
2024-09-01,2024,9,Santander,4,Prendas de vestir y textiles,0,77.2178
2024-09-01,2024,9,Santander,8,Electrodomesticos y muebles,1,110.4021
2024-09-01,2024,9,Santander,9,Articulos y utensilios domesticos,0,121.5192
2024-09-01,2024,9,Santander,10,Aseo del hogar,0,124.5427
2024-09-01,2024,9,Santander,11,Informatica y telecomunicaciones,0,152.2959
2024-09-01,2024,9,Santander,12,Sonido y video,0,119.3061
2024-09-01,2024,9,Santander,14,"Ferreteria, vidrios y pinturas",0,96.8017
2024-09-01,2024,9,Santander,15,Otras mercancias de uso domestico,0,115.7800
2024-09-01,2024,9,Valle del Cauca,4,Prendas de vestir y textiles,0,78.2239
2024-09-01,2024,9,Valle del Cauca,8,Electrodomesticos y muebles,1,109.4447
2024-09-01,2024,9,Valle del Cauca,9,Articulos y utensilios domesticos,0,95.5443
2024-09-01,2024,9,Valle del Cauca,10,Aseo del hogar,0,109.7595
2024-09-01,2024,9,Valle del Cauca,11,Informatica y telecomunicaciones,0,158.5896
2024-09-01,2024,9,Valle del Cauca,12,Sonido y video,0,114.9386
2024-09-01,2024,9,Valle del Cauca,14,"Ferreteria, vidrios y pinturas",0,95.9131
2024-09-01,2024,9,Valle del Cauca,15,Otras mercancias de uso domestico,0,110.5326
2024-09-01,2024,9,Otros departamentos,4,Prendas de vestir y textiles,0,82.2750
2024-09-01,2024,9,Otros departamentos,8,Electrodomesticos y muebles,1,118.7752
2024-09-01,2024,9,Otros departamentos,9,Articulos y utensilios domesticos,0,128.0118
2024-09-01,2024,9,Otros departamentos,10,Aseo del hogar,0,116.2788
2024-09-01,2024,9,Otros departamentos,11,Informatica y telecomunicaciones,0,180.6802
2024-09-01,2024,9,Otros departamentos,12,Sonido y video,0,120.7113
2024-09-01,2024,9,Otros departamentos,14,"Ferreteria, vidrios y pinturas",0,91.2267
2024-09-01,2024,9,Otros departamentos,15,Otras mercancias de uso domestico,0,106.5708
2024-10-01,2024,10,Antioquia,4,Prendas de vestir y textiles,0,111.1989
2024-10-01,2024,10,Antioquia,8,Electrodomesticos y muebles,1,134.1274
2024-10-01,2024,10,Antioquia,9,Articulos y utensilios domesticos,0,160.4832
2024-10-01,2024,10,Antioquia,10,Aseo del hogar,0,123.7404
2024-10-01,2024,10,Antioquia,11,Informatica y telecomunicaciones,0,208.4628
2024-10-01,2024,10,Antioquia,12,Sonido y video,0,126.1832
2024-10-01,2024,10,Antioquia,14,"Ferreteria, vidrios y pinturas",0,113.2433
2024-10-01,2024,10,Antioquia,15,Otras mercancias de uso domestico,0,120.1147
2024-10-01,2024,10,Atlantico,4,Prendas de vestir y textiles,0,77.7223
2024-10-01,2024,10,Atlantico,8,Electrodomesticos y muebles,1,94.6587
2024-10-01,2024,10,Atlantico,9,Articulos y utensilios domesticos,0,124.9690
2024-10-01,2024,10,Atlantico,10,Aseo del hogar,0,99.0720
2024-10-01,2024,10,Atlantico,11,Informatica y telecomunicaciones,0,158.4434
2024-10-01,2024,10,Atlantico,12,Sonido y video,0,95.4971
2024-10-01,2024,10,Atlantico,14,"Ferreteria, vidrios y pinturas",0,77.9311
2024-10-01,2024,10,Atlantico,15,Otras mercancias de uso domestico,0,108.0325
2024-10-01,2024,10,Bogota,4,Prendas de vestir y textiles,0,119.7261
2024-10-01,2024,10,Bogota,8,Electrodomesticos y muebles,1,135.8647
2024-10-01,2024,10,Bogota,9,Articulos y utensilios domesticos,0,152.0433
2024-10-01,2024,10,Bogota,10,Aseo del hogar,0,148.0001
2024-10-01,2024,10,Bogota,11,Informatica y telecomunicaciones,0,196.4854
2024-10-01,2024,10,Bogota,12,Sonido y video,0,136.6751
2024-10-01,2024,10,Bogota,14,"Ferreteria, vidrios y pinturas",0,106.8321
2024-10-01,2024,10,Bogota,15,Otras mercancias de uso domestico,0,143.4900
2024-10-01,2024,10,Cundinamarca,4,Prendas de vestir y textiles,0,125.8158
2024-10-01,2024,10,Cundinamarca,8,Electrodomesticos y muebles,1,160.2339
2024-10-01,2024,10,Cundinamarca,9,Articulos y utensilios domesticos,0,186.7243
2024-10-01,2024,10,Cundinamarca,10,Aseo del hogar,0,140.4832
2024-10-01,2024,10,Cundinamarca,11,Informatica y telecomunicaciones,0,220.8139
2024-10-01,2024,10,Cundinamarca,12,Sonido y video,0,141.2129
2024-10-01,2024,10,Cundinamarca,14,"Ferreteria, vidrios y pinturas",0,145.9992
2024-10-01,2024,10,Cundinamarca,15,Otras mercancias de uso domestico,0,144.3507
2024-10-01,2024,10,Santander,4,Prendas de vestir y textiles,0,92.1996
2024-10-01,2024,10,Santander,8,Electrodomesticos y muebles,1,132.7245
2024-10-01,2024,10,Santander,9,Articulos y utensilios domesticos,0,149.0532
2024-10-01,2024,10,Santander,10,Aseo del hogar,0,144.5003
2024-10-01,2024,10,Santander,11,Informatica y telecomunicaciones,0,151.4947
2024-10-01,2024,10,Santander,12,Sonido y video,0,115.0166
2024-10-01,2024,10,Santander,14,"Ferreteria, vidrios y pinturas",0,115.4034
2024-10-01,2024,10,Santander,15,Otras mercancias de uso domestico,0,132.9607
2024-10-01,2024,10,Valle del Cauca,4,Prendas de vestir y textiles,0,90.1269
2024-10-01,2024,10,Valle del Cauca,8,Electrodomesticos y muebles,1,107.6830
2024-10-01,2024,10,Valle del Cauca,9,Articulos y utensilios domesticos,0,121.9799
2024-10-01,2024,10,Valle del Cauca,10,Aseo del hogar,0,112.3595
2024-10-01,2024,10,Valle del Cauca,11,Informatica y telecomunicaciones,0,171.0329
2024-10-01,2024,10,Valle del Cauca,12,Sonido y video,0,134.7973
2024-10-01,2024,10,Valle del Cauca,14,"Ferreteria, vidrios y pinturas",0,102.3214
2024-10-01,2024,10,Valle del Cauca,15,Otras mercancias de uso domestico,0,116.6996
2024-10-01,2024,10,Otros departamentos,4,Prendas de vestir y textiles,0,83.4793
2024-10-01,2024,10,Otros departamentos,8,Electrodomesticos y muebles,1,114.1279
2024-10-01,2024,10,Otros departamentos,9,Articulos y utensilios domesticos,0,164.2777
2024-10-01,2024,10,Otros departamentos,10,Aseo del hogar,0,121.9505
2024-10-01,2024,10,Otros departamentos,11,Informatica y telecomunicaciones,0,176.5534
2024-10-01,2024,10,Otros departamentos,12,Sonido y video,0,128.7495
2024-10-01,2024,10,Otros departamentos,14,"Ferreteria, vidrios y pinturas",0,109.3685
2024-10-01,2024,10,Otros departamentos,15,Otras mercancias de uso domestico,0,121.8555
2024-11-01,2024,11,Antioquia,4,Prendas de vestir y textiles,0,131.4612
2024-11-01,2024,11,Antioquia,8,Electrodomesticos y muebles,1,156.0095
2024-11-01,2024,11,Antioquia,9,Articulos y utensilios domesticos,0,173.1894
2024-11-01,2024,11,Antioquia,10,Aseo del hogar,0,118.0121
2024-11-01,2024,11,Antioquia,11,Informatica y telecomunicaciones,0,293.6699
2024-11-01,2024,11,Antioquia,12,Sonido y video,0,195.7406
2024-11-01,2024,11,Antioquia,14,"Ferreteria, vidrios y pinturas",0,130.7838
2024-11-01,2024,11,Antioquia,15,Otras mercancias de uso domestico,0,156.0100
2024-11-01,2024,11,Atlantico,4,Prendas de vestir y textiles,0,108.8585
2024-11-01,2024,11,Atlantico,8,Electrodomesticos y muebles,1,111.7122
2024-11-01,2024,11,Atlantico,9,Articulos y utensilios domesticos,0,149.6032
2024-11-01,2024,11,Atlantico,10,Aseo del hogar,0,96.3656
2024-11-01,2024,11,Atlantico,11,Informatica y telecomunicaciones,0,234.1676
2024-11-01,2024,11,Atlantico,12,Sonido y video,0,160.2774
2024-11-01,2024,11,Atlantico,14,"Ferreteria, vidrios y pinturas",0,87.5192
2024-11-01,2024,11,Atlantico,15,Otras mercancias de uso domestico,0,153.8017
2024-11-01,2024,11,Bogota,4,Prendas de vestir y textiles,0,162.9629
2024-11-01,2024,11,Bogota,8,Electrodomesticos y muebles,1,179.0034
2024-11-01,2024,11,Bogota,9,Articulos y utensilios domesticos,0,193.9830
2024-11-01,2024,11,Bogota,10,Aseo del hogar,0,160.2823
2024-11-01,2024,11,Bogota,11,Informatica y telecomunicaciones,0,273.4909
2024-11-01,2024,11,Bogota,12,Sonido y video,0,234.8446
2024-11-01,2024,11,Bogota,14,"Ferreteria, vidrios y pinturas",0,113.4712
2024-11-01,2024,11,Bogota,15,Otras mercancias de uso domestico,0,175.6132
2024-11-01,2024,11,Cundinamarca,4,Prendas de vestir y textiles,0,154.0776
2024-11-01,2024,11,Cundinamarca,8,Electrodomesticos y muebles,1,190.9898
2024-11-01,2024,11,Cundinamarca,9,Articulos y utensilios domesticos,0,189.8712
2024-11-01,2024,11,Cundinamarca,10,Aseo del hogar,0,131.7500
2024-11-01,2024,11,Cundinamarca,11,Informatica y telecomunicaciones,0,307.9493
2024-11-01,2024,11,Cundinamarca,12,Sonido y video,0,211.4617
2024-11-01,2024,11,Cundinamarca,14,"Ferreteria, vidrios y pinturas",0,146.2015
2024-11-01,2024,11,Cundinamarca,15,Otras mercancias de uso domestico,0,212.4235
2024-11-01,2024,11,Santander,4,Prendas de vestir y textiles,0,120.1320
2024-11-01,2024,11,Santander,8,Electrodomesticos y muebles,1,144.6883
2024-11-01,2024,11,Santander,9,Articulos y utensilios domesticos,0,155.8279
2024-11-01,2024,11,Santander,10,Aseo del hogar,0,128.2420
2024-11-01,2024,11,Santander,11,Informatica y telecomunicaciones,0,219.5030
2024-11-01,2024,11,Santander,12,Sonido y video,0,183.6729
2024-11-01,2024,11,Santander,14,"Ferreteria, vidrios y pinturas",0,117.5638
2024-11-01,2024,11,Santander,15,Otras mercancias de uso domestico,0,153.9343
2024-11-01,2024,11,Valle del Cauca,4,Prendas de vestir y textiles,0,123.5561
2024-11-01,2024,11,Valle del Cauca,8,Electrodomesticos y muebles,1,121.8985
2024-11-01,2024,11,Valle del Cauca,9,Articulos y utensilios domesticos,0,140.9594
2024-11-01,2024,11,Valle del Cauca,10,Aseo del hogar,0,111.1690
2024-11-01,2024,11,Valle del Cauca,11,Informatica y telecomunicaciones,0,249.8422
2024-11-01,2024,11,Valle del Cauca,12,Sonido y video,0,201.9070
2024-11-01,2024,11,Valle del Cauca,14,"Ferreteria, vidrios y pinturas",0,104.3287
2024-11-01,2024,11,Valle del Cauca,15,Otras mercancias de uso domestico,0,147.9857
2024-11-01,2024,11,Otros departamentos,4,Prendas de vestir y textiles,0,103.3509
2024-11-01,2024,11,Otros departamentos,8,Electrodomesticos y muebles,1,140.6779
2024-11-01,2024,11,Otros departamentos,9,Articulos y utensilios domesticos,0,181.3186
2024-11-01,2024,11,Otros departamentos,10,Aseo del hogar,0,124.5785
2024-11-01,2024,11,Otros departamentos,11,Informatica y telecomunicaciones,0,224.1492
2024-11-01,2024,11,Otros departamentos,12,Sonido y video,0,176.5718
2024-11-01,2024,11,Otros departamentos,14,"Ferreteria, vidrios y pinturas",0,112.7776
2024-11-01,2024,11,Otros departamentos,15,Otras mercancias de uso domestico,0,125.4036
2024-12-01,2024,12,Antioquia,4,Prendas de vestir y textiles,0,280.8185
2024-12-01,2024,12,Antioquia,8,Electrodomesticos y muebles,1,169.3552
2024-12-01,2024,12,Antioquia,9,Articulos y utensilios domesticos,0,209.0043
2024-12-01,2024,12,Antioquia,10,Aseo del hogar,0,130.6781
2024-12-01,2024,12,Antioquia,11,Informatica y telecomunicaciones,0,320.6598
2024-12-01,2024,12,Antioquia,12,Sonido y video,0,195.3912
2024-12-01,2024,12,Antioquia,14,"Ferreteria, vidrios y pinturas",0,116.7320
2024-12-01,2024,12,Antioquia,15,Otras mercancias de uso domestico,0,193.0486
2024-12-01,2024,12,Atlantico,4,Prendas de vestir y textiles,0,236.6015
2024-12-01,2024,12,Atlantico,8,Electrodomesticos y muebles,1,130.0354
2024-12-01,2024,12,Atlantico,9,Articulos y utensilios domesticos,0,196.6976
2024-12-01,2024,12,Atlantico,10,Aseo del hogar,0,133.0766
2024-12-01,2024,12,Atlantico,11,Informatica y telecomunicaciones,0,293.9281
2024-12-01,2024,12,Atlantico,12,Sonido y video,0,183.8796
2024-12-01,2024,12,Atlantico,14,"Ferreteria, vidrios y pinturas",0,92.2844
2024-12-01,2024,12,Atlantico,15,Otras mercancias de uso domestico,0,194.4818
2024-12-01,2024,12,Bogota,4,Prendas de vestir y textiles,0,289.0819
2024-12-01,2024,12,Bogota,8,Electrodomesticos y muebles,1,162.4316
2024-12-01,2024,12,Bogota,9,Articulos y utensilios domesticos,0,221.0044
2024-12-01,2024,12,Bogota,10,Aseo del hogar,0,166.3205
2024-12-01,2024,12,Bogota,11,Informatica y telecomunicaciones,0,354.6734
2024-12-01,2024,12,Bogota,12,Sonido y video,0,207.7945
2024-12-01,2024,12,Bogota,14,"Ferreteria, vidrios y pinturas",0,109.3584
2024-12-01,2024,12,Bogota,15,Otras mercancias de uso domestico,0,204.1317
2024-12-01,2024,12,Cundinamarca,4,Prendas de vestir y textiles,0,299.8085
2024-12-01,2024,12,Cundinamarca,8,Electrodomesticos y muebles,1,193.7976
2024-12-01,2024,12,Cundinamarca,9,Articulos y utensilios domesticos,0,225.2752
2024-12-01,2024,12,Cundinamarca,10,Aseo del hogar,0,144.4276
2024-12-01,2024,12,Cundinamarca,11,Informatica y telecomunicaciones,0,384.9266
2024-12-01,2024,12,Cundinamarca,12,Sonido y video,0,218.9285
2024-12-01,2024,12,Cundinamarca,14,"Ferreteria, vidrios y pinturas",0,124.4997
2024-12-01,2024,12,Cundinamarca,15,Otras mercancias de uso domestico,0,246.6123
2024-12-01,2024,12,Santander,4,Prendas de vestir y textiles,0,244.7249
2024-12-01,2024,12,Santander,8,Electrodomesticos y muebles,1,154.6846
2024-12-01,2024,12,Santander,9,Articulos y utensilios domesticos,0,206.5421
2024-12-01,2024,12,Santander,10,Aseo del hogar,0,129.0938
2024-12-01,2024,12,Santander,11,Informatica y telecomunicaciones,0,286.0252
2024-12-01,2024,12,Santander,12,Sonido y video,0,190.5357
2024-12-01,2024,12,Santander,14,"Ferreteria, vidrios y pinturas",0,114.9412
2024-12-01,2024,12,Santander,15,Otras mercancias de uso domestico,0,206.4572
2024-12-01,2024,12,Valle del Cauca,4,Prendas de vestir y textiles,0,233.4808
2024-12-01,2024,12,Valle del Cauca,8,Electrodomesticos y muebles,1,116.8685
2024-12-01,2024,12,Valle del Cauca,9,Articulos y utensilios domesticos,0,173.6022
2024-12-01,2024,12,Valle del Cauca,10,Aseo del hogar,0,106.2198
2024-12-01,2024,12,Valle del Cauca,11,Informatica y telecomunicaciones,0,247.8994
2024-12-01,2024,12,Valle del Cauca,12,Sonido y video,0,148.0131
2024-12-01,2024,12,Valle del Cauca,14,"Ferreteria, vidrios y pinturas",0,90.1390
2024-12-01,2024,12,Valle del Cauca,15,Otras mercancias de uso domestico,0,160.2776
2024-12-01,2024,12,Otros departamentos,4,Prendas de vestir y textiles,0,265.6633
2024-12-01,2024,12,Otros departamentos,8,Electrodomesticos y muebles,1,147.5758
2024-12-01,2024,12,Otros departamentos,9,Articulos y utensilios domesticos,0,235.1115
2024-12-01,2024,12,Otros departamentos,10,Aseo del hogar,0,155.9913
2024-12-01,2024,12,Otros departamentos,11,Informatica y telecomunicaciones,0,300.3424
2024-12-01,2024,12,Otros departamentos,12,Sonido y video,0,212.6058
2024-12-01,2024,12,Otros departamentos,14,"Ferreteria, vidrios y pinturas",0,116.9262
2024-12-01,2024,12,Otros departamentos,15,Otras mercancias de uso domestico,0,192.9560
2025-01-01,2025,1,Antioquia,4,Prendas de vestir y textiles,0,94.7053
2025-01-01,2025,1,Antioquia,8,Electrodomesticos y muebles,1,157.6335
2025-01-01,2025,1,Antioquia,9,Articulos y utensilios domesticos,0,155.5699
2025-01-01,2025,1,Antioquia,10,Aseo del hogar,0,122.8766
2025-01-01,2025,1,Antioquia,11,Informatica y telecomunicaciones,0,232.2325
2025-01-01,2025,1,Antioquia,12,Sonido y video,0,128.2868
2025-01-01,2025,1,Antioquia,14,"Ferreteria, vidrios y pinturas",0,106.1553
2025-01-01,2025,1,Antioquia,15,Otras mercancias de uso domestico,0,116.4063
2025-01-01,2025,1,Atlantico,4,Prendas de vestir y textiles,0,72.7207
2025-01-01,2025,1,Atlantico,8,Electrodomesticos y muebles,1,114.0009
2025-01-01,2025,1,Atlantico,9,Articulos y utensilios domesticos,0,126.7956
2025-01-01,2025,1,Atlantico,10,Aseo del hogar,0,105.3789
2025-01-01,2025,1,Atlantico,11,Informatica y telecomunicaciones,0,209.3311
2025-01-01,2025,1,Atlantico,12,Sonido y video,0,113.2672
2025-01-01,2025,1,Atlantico,14,"Ferreteria, vidrios y pinturas",0,79.3860
2025-01-01,2025,1,Atlantico,15,Otras mercancias de uso domestico,0,108.3916
2025-01-01,2025,1,Bogota,4,Prendas de vestir y textiles,0,100.7156
2025-01-01,2025,1,Bogota,8,Electrodomesticos y muebles,1,153.2457
2025-01-01,2025,1,Bogota,9,Articulos y utensilios domesticos,0,158.9960
2025-01-01,2025,1,Bogota,10,Aseo del hogar,0,143.3712
2025-01-01,2025,1,Bogota,11,Informatica y telecomunicaciones,0,258.5823
2025-01-01,2025,1,Bogota,12,Sonido y video,0,132.4496
2025-01-01,2025,1,Bogota,14,"Ferreteria, vidrios y pinturas",0,110.5103
2025-01-01,2025,1,Bogota,15,Otras mercancias de uso domestico,0,122.3964
2025-01-01,2025,1,Cundinamarca,4,Prendas de vestir y textiles,0,96.8840
2025-01-01,2025,1,Cundinamarca,8,Electrodomesticos y muebles,1,179.2743
2025-01-01,2025,1,Cundinamarca,9,Articulos y utensilios domesticos,0,179.5951
2025-01-01,2025,1,Cundinamarca,10,Aseo del hogar,0,149.2282
2025-01-01,2025,1,Cundinamarca,11,Informatica y telecomunicaciones,0,289.0642
2025-01-01,2025,1,Cundinamarca,12,Sonido y video,0,157.3263
2025-01-01,2025,1,Cundinamarca,14,"Ferreteria, vidrios y pinturas",0,121.9027
2025-01-01,2025,1,Cundinamarca,15,Otras mercancias de uso domestico,0,158.0933
2025-01-01,2025,1,Santander,4,Prendas de vestir y textiles,0,78.6059
2025-01-01,2025,1,Santander,8,Electrodomesticos y muebles,1,146.2484
2025-01-01,2025,1,Santander,9,Articulos y utensilios domesticos,0,159.8968
2025-01-01,2025,1,Santander,10,Aseo del hogar,0,121.9597
2025-01-01,2025,1,Santander,11,Informatica y telecomunicaciones,0,237.0990
2025-01-01,2025,1,Santander,12,Sonido y video,0,121.5616
2025-01-01,2025,1,Santander,14,"Ferreteria, vidrios y pinturas",0,102.9605
2025-01-01,2025,1,Santander,15,Otras mercancias de uso domestico,0,116.4022
2025-01-01,2025,1,Valle del Cauca,4,Prendas de vestir y textiles,0,80.0657
2025-01-01,2025,1,Valle del Cauca,8,Electrodomesticos y muebles,1,115.4428
2025-01-01,2025,1,Valle del Cauca,9,Articulos y utensilios domesticos,0,119.5875
2025-01-01,2025,1,Valle del Cauca,10,Aseo del hogar,0,103.2721
2025-01-01,2025,1,Valle del Cauca,11,Informatica y telecomunicaciones,0,189.2575
2025-01-01,2025,1,Valle del Cauca,12,Sonido y video,0,93.3436
2025-01-01,2025,1,Valle del Cauca,14,"Ferreteria, vidrios y pinturas",0,100.6602
2025-01-01,2025,1,Valle del Cauca,15,Otras mercancias de uso domestico,0,97.6373
2025-01-01,2025,1,Otros departamentos,4,Prendas de vestir y textiles,0,88.1723
2025-01-01,2025,1,Otros departamentos,8,Electrodomesticos y muebles,1,146.8792
2025-01-01,2025,1,Otros departamentos,9,Articulos y utensilios domesticos,0,162.5014
2025-01-01,2025,1,Otros departamentos,10,Aseo del hogar,0,151.1117
2025-01-01,2025,1,Otros departamentos,11,Informatica y telecomunicaciones,0,208.3714
2025-01-01,2025,1,Otros departamentos,12,Sonido y video,0,126.7803
2025-01-01,2025,1,Otros departamentos,14,"Ferreteria, vidrios y pinturas",0,119.1567
2025-01-01,2025,1,Otros departamentos,15,Otras mercancias de uso domestico,0,128.1629
2025-02-01,2025,2,Antioquia,4,Prendas de vestir y textiles,0,74.1963
2025-02-01,2025,2,Antioquia,8,Electrodomesticos y muebles,1,141.7329
2025-02-01,2025,2,Antioquia,9,Articulos y utensilios domesticos,0,142.9408
2025-02-01,2025,2,Antioquia,10,Aseo del hogar,0,113.8112
2025-02-01,2025,2,Antioquia,11,Informatica y telecomunicaciones,0,230.9422
2025-02-01,2025,2,Antioquia,12,Sonido y video,0,134.2477
2025-02-01,2025,2,Antioquia,14,"Ferreteria, vidrios y pinturas",0,102.9151
2025-02-01,2025,2,Antioquia,15,Otras mercancias de uso domestico,0,97.3220
2025-02-01,2025,2,Atlantico,4,Prendas de vestir y textiles,0,57.0009
2025-02-01,2025,2,Atlantico,8,Electrodomesticos y muebles,1,113.7824
2025-02-01,2025,2,Atlantico,9,Articulos y utensilios domesticos,0,102.3078
2025-02-01,2025,2,Atlantico,10,Aseo del hogar,0,98.0046
2025-02-01,2025,2,Atlantico,11,Informatica y telecomunicaciones,0,188.9255
2025-02-01,2025,2,Atlantico,12,Sonido y video,0,120.5578
2025-02-01,2025,2,Atlantico,14,"Ferreteria, vidrios y pinturas",0,93.2859
2025-02-01,2025,2,Atlantico,15,Otras mercancias de uso domestico,0,90.9603
2025-02-01,2025,2,Bogota,4,Prendas de vestir y textiles,0,82.0624
2025-02-01,2025,2,Bogota,8,Electrodomesticos y muebles,1,139.6609
2025-02-01,2025,2,Bogota,9,Articulos y utensilios domesticos,0,138.7350
2025-02-01,2025,2,Bogota,10,Aseo del hogar,0,143.9035
2025-02-01,2025,2,Bogota,11,Informatica y telecomunicaciones,0,245.1137
2025-02-01,2025,2,Bogota,12,Sonido y video,0,129.0132
2025-02-01,2025,2,Bogota,14,"Ferreteria, vidrios y pinturas",0,103.7392
2025-02-01,2025,2,Bogota,15,Otras mercancias de uso domestico,0,120.1266
2025-02-01,2025,2,Cundinamarca,4,Prendas de vestir y textiles,0,70.1395
2025-02-01,2025,2,Cundinamarca,8,Electrodomesticos y muebles,1,168.2966
2025-02-01,2025,2,Cundinamarca,9,Articulos y utensilios domesticos,0,161.3883
2025-02-01,2025,2,Cundinamarca,10,Aseo del hogar,0,136.8044
2025-02-01,2025,2,Cundinamarca,11,Informatica y telecomunicaciones,0,300.8091
2025-02-01,2025,2,Cundinamarca,12,Sonido y video,0,165.6568
2025-02-01,2025,2,Cundinamarca,14,"Ferreteria, vidrios y pinturas",0,114.1890
2025-02-01,2025,2,Cundinamarca,15,Otras mercancias de uso domestico,0,157.3616
2025-02-01,2025,2,Santander,4,Prendas de vestir y textiles,0,63.7679
2025-02-01,2025,2,Santander,8,Electrodomesticos y muebles,1,152.5795
2025-02-01,2025,2,Santander,9,Articulos y utensilios domesticos,0,141.4904
2025-02-01,2025,2,Santander,10,Aseo del hogar,0,113.6880
2025-02-01,2025,2,Santander,11,Informatica y telecomunicaciones,0,231.2396
2025-02-01,2025,2,Santander,12,Sonido y video,0,123.1190
2025-02-01,2025,2,Santander,14,"Ferreteria, vidrios y pinturas",0,105.0503
2025-02-01,2025,2,Santander,15,Otras mercancias de uso domestico,0,102.8495
2025-02-01,2025,2,Valle del Cauca,4,Prendas de vestir y textiles,0,63.6475
2025-02-01,2025,2,Valle del Cauca,8,Electrodomesticos y muebles,1,108.9527
2025-02-01,2025,2,Valle del Cauca,9,Articulos y utensilios domesticos,0,101.6950
2025-02-01,2025,2,Valle del Cauca,10,Aseo del hogar,0,93.3699
2025-02-01,2025,2,Valle del Cauca,11,Informatica y telecomunicaciones,0,178.9715
2025-02-01,2025,2,Valle del Cauca,12,Sonido y video,0,94.9630
2025-02-01,2025,2,Valle del Cauca,14,"Ferreteria, vidrios y pinturas",0,96.9210
2025-02-01,2025,2,Valle del Cauca,15,Otras mercancias de uso domestico,0,90.6085
2025-02-01,2025,2,Otros departamentos,4,Prendas de vestir y textiles,0,83.2787
2025-02-01,2025,2,Otros departamentos,8,Electrodomesticos y muebles,1,126.7337
2025-02-01,2025,2,Otros departamentos,9,Articulos y utensilios domesticos,0,146.5825
2025-02-01,2025,2,Otros departamentos,10,Aseo del hogar,0,134.0738
2025-02-01,2025,2,Otros departamentos,11,Informatica y telecomunicaciones,0,230.9801
2025-02-01,2025,2,Otros departamentos,12,Sonido y video,0,132.7065
2025-02-01,2025,2,Otros departamentos,14,"Ferreteria, vidrios y pinturas",0,113.1770
2025-02-01,2025,2,Otros departamentos,15,Otras mercancias de uso domestico,0,116.7439
2025-03-01,2025,3,Antioquia,4,Prendas de vestir y textiles,0,82.9251
2025-03-01,2025,3,Antioquia,8,Electrodomesticos y muebles,1,154.5109
2025-03-01,2025,3,Antioquia,9,Articulos y utensilios domesticos,0,144.0467
2025-03-01,2025,3,Antioquia,10,Aseo del hogar,0,141.2194
2025-03-01,2025,3,Antioquia,11,Informatica y telecomunicaciones,0,257.1988
2025-03-01,2025,3,Antioquia,12,Sonido y video,0,145.8559
2025-03-01,2025,3,Antioquia,14,"Ferreteria, vidrios y pinturas",0,106.8080
2025-03-01,2025,3,Antioquia,15,Otras mercancias de uso domestico,0,118.7247
2025-03-01,2025,3,Atlantico,4,Prendas de vestir y textiles,0,68.6313
2025-03-01,2025,3,Atlantico,8,Electrodomesticos y muebles,1,135.6208
2025-03-01,2025,3,Atlantico,9,Articulos y utensilios domesticos,0,121.2291
2025-03-01,2025,3,Atlantico,10,Aseo del hogar,0,103.5568
2025-03-01,2025,3,Atlantico,11,Informatica y telecomunicaciones,0,204.5082
2025-03-01,2025,3,Atlantico,12,Sonido y video,0,126.1849
2025-03-01,2025,3,Atlantico,14,"Ferreteria, vidrios y pinturas",0,83.7626
2025-03-01,2025,3,Atlantico,15,Otras mercancias de uso domestico,0,92.6880
2025-03-01,2025,3,Bogota,4,Prendas de vestir y textiles,0,94.4652
2025-03-01,2025,3,Bogota,8,Electrodomesticos y muebles,1,159.8132
2025-03-01,2025,3,Bogota,9,Articulos y utensilios domesticos,0,148.2478
2025-03-01,2025,3,Bogota,10,Aseo del hogar,0,154.3024
2025-03-01,2025,3,Bogota,11,Informatica y telecomunicaciones,0,284.4790
2025-03-01,2025,3,Bogota,12,Sonido y video,0,151.4232
2025-03-01,2025,3,Bogota,14,"Ferreteria, vidrios y pinturas",0,121.4936
2025-03-01,2025,3,Bogota,15,Otras mercancias de uso domestico,0,129.6333
2025-03-01,2025,3,Cundinamarca,4,Prendas de vestir y textiles,0,103.9171
2025-03-01,2025,3,Cundinamarca,8,Electrodomesticos y muebles,1,165.4792
2025-03-01,2025,3,Cundinamarca,9,Articulos y utensilios domesticos,0,167.4282
2025-03-01,2025,3,Cundinamarca,10,Aseo del hogar,0,164.0094
2025-03-01,2025,3,Cundinamarca,11,Informatica y telecomunicaciones,0,308.6495
2025-03-01,2025,3,Cundinamarca,12,Sonido y video,0,184.9095
2025-03-01,2025,3,Cundinamarca,14,"Ferreteria, vidrios y pinturas",0,124.9983
2025-03-01,2025,3,Cundinamarca,15,Otras mercancias de uso domestico,0,172.2723
2025-03-01,2025,3,Santander,4,Prendas de vestir y textiles,0,72.1886
2025-03-01,2025,3,Santander,8,Electrodomesticos y muebles,1,153.2549
2025-03-01,2025,3,Santander,9,Articulos y utensilios domesticos,0,149.7841
2025-03-01,2025,3,Santander,10,Aseo del hogar,0,137.7855
2025-03-01,2025,3,Santander,11,Informatica y telecomunicaciones,0,244.5815
2025-03-01,2025,3,Santander,12,Sonido y video,0,129.2415
2025-03-01,2025,3,Santander,14,"Ferreteria, vidrios y pinturas",0,95.5446
2025-03-01,2025,3,Santander,15,Otras mercancias de uso domestico,0,117.5613
2025-03-01,2025,3,Valle del Cauca,4,Prendas de vestir y textiles,0,67.9054
2025-03-01,2025,3,Valle del Cauca,8,Electrodomesticos y muebles,1,109.2983
2025-03-01,2025,3,Valle del Cauca,9,Articulos y utensilios domesticos,0,124.2404
2025-03-01,2025,3,Valle del Cauca,10,Aseo del hogar,0,100.4920
2025-03-01,2025,3,Valle del Cauca,11,Informatica y telecomunicaciones,0,221.1549
2025-03-01,2025,3,Valle del Cauca,12,Sonido y video,0,113.6037
2025-03-01,2025,3,Valle del Cauca,14,"Ferreteria, vidrios y pinturas",0,96.2734
2025-03-01,2025,3,Valle del Cauca,15,Otras mercancias de uso domestico,0,100.1318
2025-03-01,2025,3,Otros departamentos,4,Prendas de vestir y textiles,0,96.0052
2025-03-01,2025,3,Otros departamentos,8,Electrodomesticos y muebles,1,138.5633
2025-03-01,2025,3,Otros departamentos,9,Articulos y utensilios domesticos,0,155.2028
2025-03-01,2025,3,Otros departamentos,10,Aseo del hogar,0,149.7575
2025-03-01,2025,3,Otros departamentos,11,Informatica y telecomunicaciones,0,232.6918
2025-03-01,2025,3,Otros departamentos,12,Sonido y video,0,134.8405
2025-03-01,2025,3,Otros departamentos,14,"Ferreteria, vidrios y pinturas",0,106.8107
2025-03-01,2025,3,Otros departamentos,15,Otras mercancias de uso domestico,0,135.2569
2025-04-01,2025,4,Antioquia,4,Prendas de vestir y textiles,0,85.3347
2025-04-01,2025,4,Antioquia,8,Electrodomesticos y muebles,1,147.1022
2025-04-01,2025,4,Antioquia,9,Articulos y utensilios domesticos,0,132.9923
2025-04-01,2025,4,Antioquia,10,Aseo del hogar,0,137.7796
2025-04-01,2025,4,Antioquia,11,Informatica y telecomunicaciones,0,250.2559
2025-04-01,2025,4,Antioquia,12,Sonido y video,0,134.9370
2025-04-01,2025,4,Antioquia,14,"Ferreteria, vidrios y pinturas",0,102.5952
2025-04-01,2025,4,Antioquia,15,Otras mercancias de uso domestico,0,120.9454
2025-04-01,2025,4,Atlantico,4,Prendas de vestir y textiles,0,64.9514
2025-04-01,2025,4,Atlantico,8,Electrodomesticos y muebles,1,113.5353
2025-04-01,2025,4,Atlantico,9,Articulos y utensilios domesticos,0,110.6867
2025-04-01,2025,4,Atlantico,10,Aseo del hogar,0,96.9669
2025-04-01,2025,4,Atlantico,11,Informatica y telecomunicaciones,0,189.3940
2025-04-01,2025,4,Atlantico,12,Sonido y video,0,107.0438
2025-04-01,2025,4,Atlantico,14,"Ferreteria, vidrios y pinturas",0,76.9528
2025-04-01,2025,4,Atlantico,15,Otras mercancias de uso domestico,0,88.3372
2025-04-01,2025,4,Bogota,4,Prendas de vestir y textiles,0,85.0960
2025-04-01,2025,4,Bogota,8,Electrodomesticos y muebles,1,136.3368
2025-04-01,2025,4,Bogota,9,Articulos y utensilios domesticos,0,144.9145
2025-04-01,2025,4,Bogota,10,Aseo del hogar,0,138.7962
2025-04-01,2025,4,Bogota,11,Informatica y telecomunicaciones,0,253.5551
2025-04-01,2025,4,Bogota,12,Sonido y video,0,137.5623
2025-04-01,2025,4,Bogota,14,"Ferreteria, vidrios y pinturas",0,109.7380
2025-04-01,2025,4,Bogota,15,Otras mercancias de uso domestico,0,109.2390
2025-04-01,2025,4,Cundinamarca,4,Prendas de vestir y textiles,0,104.5212
2025-04-01,2025,4,Cundinamarca,8,Electrodomesticos y muebles,1,133.1089
2025-04-01,2025,4,Cundinamarca,9,Articulos y utensilios domesticos,0,144.8036
2025-04-01,2025,4,Cundinamarca,10,Aseo del hogar,0,145.0415
2025-04-01,2025,4,Cundinamarca,11,Informatica y telecomunicaciones,0,324.5311
2025-04-01,2025,4,Cundinamarca,12,Sonido y video,0,184.2847
2025-04-01,2025,4,Cundinamarca,14,"Ferreteria, vidrios y pinturas",0,117.4153
2025-04-01,2025,4,Cundinamarca,15,Otras mercancias de uso domestico,0,158.3714
2025-04-01,2025,4,Santander,4,Prendas de vestir y textiles,0,67.9088
2025-04-01,2025,4,Santander,8,Electrodomesticos y muebles,1,133.6398
2025-04-01,2025,4,Santander,9,Articulos y utensilios domesticos,0,133.4026
2025-04-01,2025,4,Santander,10,Aseo del hogar,0,120.5245
2025-04-01,2025,4,Santander,11,Informatica y telecomunicaciones,0,236.5671
2025-04-01,2025,4,Santander,12,Sonido y video,0,123.6626
2025-04-01,2025,4,Santander,14,"Ferreteria, vidrios y pinturas",0,94.6243
2025-04-01,2025,4,Santander,15,Otras mercancias de uso domestico,0,103.9174
2025-04-01,2025,4,Valle del Cauca,4,Prendas de vestir y textiles,0,67.0639
2025-04-01,2025,4,Valle del Cauca,8,Electrodomesticos y muebles,1,94.6343
2025-04-01,2025,4,Valle del Cauca,9,Articulos y utensilios domesticos,0,110.4646
2025-04-01,2025,4,Valle del Cauca,10,Aseo del hogar,0,97.6086
2025-04-01,2025,4,Valle del Cauca,11,Informatica y telecomunicaciones,0,190.6187
2025-04-01,2025,4,Valle del Cauca,12,Sonido y video,0,109.0110
2025-04-01,2025,4,Valle del Cauca,14,"Ferreteria, vidrios y pinturas",0,82.2361
2025-04-01,2025,4,Valle del Cauca,15,Otras mercancias de uso domestico,0,93.1700
2025-04-01,2025,4,Otros departamentos,4,Prendas de vestir y textiles,0,91.1767
2025-04-01,2025,4,Otros departamentos,8,Electrodomesticos y muebles,1,129.3958
2025-04-01,2025,4,Otros departamentos,9,Articulos y utensilios domesticos,0,140.9039
2025-04-01,2025,4,Otros departamentos,10,Aseo del hogar,0,138.8787
2025-04-01,2025,4,Otros departamentos,11,Informatica y telecomunicaciones,0,234.5598
2025-04-01,2025,4,Otros departamentos,12,Sonido y video,0,131.7333
2025-04-01,2025,4,Otros departamentos,14,"Ferreteria, vidrios y pinturas",0,110.2520
2025-04-01,2025,4,Otros departamentos,15,Otras mercancias de uso domestico,0,134.9654
2025-05-01,2025,5,Antioquia,4,Prendas de vestir y textiles,0,102.5055
2025-05-01,2025,5,Antioquia,8,Electrodomesticos y muebles,1,151.7191
2025-05-01,2025,5,Antioquia,9,Articulos y utensilios domesticos,0,133.2859
2025-05-01,2025,5,Antioquia,10,Aseo del hogar,0,141.6700
2025-05-01,2025,5,Antioquia,11,Informatica y telecomunicaciones,0,276.8448
2025-05-01,2025,5,Antioquia,12,Sonido y video,0,149.6990
2025-05-01,2025,5,Antioquia,14,"Ferreteria, vidrios y pinturas",0,107.8043
2025-05-01,2025,5,Antioquia,15,Otras mercancias de uso domestico,0,126.5707
2025-05-01,2025,5,Atlantico,4,Prendas de vestir y textiles,0,82.2124
2025-05-01,2025,5,Atlantico,8,Electrodomesticos y muebles,1,117.7113
2025-05-01,2025,5,Atlantico,9,Articulos y utensilios domesticos,0,140.7780
2025-05-01,2025,5,Atlantico,10,Aseo del hogar,0,106.8804
2025-05-01,2025,5,Atlantico,11,Informatica y telecomunicaciones,0,200.3312
2025-05-01,2025,5,Atlantico,12,Sonido y video,0,120.4865
2025-05-01,2025,5,Atlantico,14,"Ferreteria, vidrios y pinturas",0,87.3756
2025-05-01,2025,5,Atlantico,15,Otras mercancias de uso domestico,0,109.6265
2025-05-01,2025,5,Bogota,4,Prendas de vestir y textiles,0,103.8693
2025-05-01,2025,5,Bogota,8,Electrodomesticos y muebles,1,159.4182
2025-05-01,2025,5,Bogota,9,Articulos y utensilios domesticos,0,159.9219
2025-05-01,2025,5,Bogota,10,Aseo del hogar,0,148.9195
2025-05-01,2025,5,Bogota,11,Informatica y telecomunicaciones,0,288.9638
2025-05-01,2025,5,Bogota,12,Sonido y video,0,169.3189
2025-05-01,2025,5,Bogota,14,"Ferreteria, vidrios y pinturas",0,119.0796
2025-05-01,2025,5,Bogota,15,Otras mercancias de uso domestico,0,129.2735
2025-05-01,2025,5,Cundinamarca,4,Prendas de vestir y textiles,0,120.2791
2025-05-01,2025,5,Cundinamarca,8,Electrodomesticos y muebles,1,148.2372
2025-05-01,2025,5,Cundinamarca,9,Articulos y utensilios domesticos,0,175.3326
2025-05-01,2025,5,Cundinamarca,10,Aseo del hogar,0,160.3773
2025-05-01,2025,5,Cundinamarca,11,Informatica y telecomunicaciones,0,365.2877
2025-05-01,2025,5,Cundinamarca,12,Sonido y video,0,210.6858
2025-05-01,2025,5,Cundinamarca,14,"Ferreteria, vidrios y pinturas",0,122.6791
2025-05-01,2025,5,Cundinamarca,15,Otras mercancias de uso domestico,0,162.6577
2025-05-01,2025,5,Santander,4,Prendas de vestir y textiles,0,94.7718
2025-05-01,2025,5,Santander,8,Electrodomesticos y muebles,1,145.9754
2025-05-01,2025,5,Santander,9,Articulos y utensilios domesticos,0,141.6761
2025-05-01,2025,5,Santander,10,Aseo del hogar,0,127.1982
2025-05-01,2025,5,Santander,11,Informatica y telecomunicaciones,0,274.8267
2025-05-01,2025,5,Santander,12,Sonido y video,0,149.7943
2025-05-01,2025,5,Santander,14,"Ferreteria, vidrios y pinturas",0,97.4906
2025-05-01,2025,5,Santander,15,Otras mercancias de uso domestico,0,136.3193
2025-05-01,2025,5,Valle del Cauca,4,Prendas de vestir y textiles,0,76.9992
2025-05-01,2025,5,Valle del Cauca,8,Electrodomesticos y muebles,1,112.8511
2025-05-01,2025,5,Valle del Cauca,9,Articulos y utensilios domesticos,0,111.4445
2025-05-01,2025,5,Valle del Cauca,10,Aseo del hogar,0,110.1329
2025-05-01,2025,5,Valle del Cauca,11,Informatica y telecomunicaciones,0,255.9781
2025-05-01,2025,5,Valle del Cauca,12,Sonido y video,0,123.9321
2025-05-01,2025,5,Valle del Cauca,14,"Ferreteria, vidrios y pinturas",0,82.1515
2025-05-01,2025,5,Valle del Cauca,15,Otras mercancias de uso domestico,0,103.0054
2025-05-01,2025,5,Otros departamentos,4,Prendas de vestir y textiles,0,106.2257
2025-05-01,2025,5,Otros departamentos,8,Electrodomesticos y muebles,1,149.6576
2025-05-01,2025,5,Otros departamentos,9,Articulos y utensilios domesticos,0,144.9905
2025-05-01,2025,5,Otros departamentos,10,Aseo del hogar,0,154.6683
2025-05-01,2025,5,Otros departamentos,11,Informatica y telecomunicaciones,0,257.2413
2025-05-01,2025,5,Otros departamentos,12,Sonido y video,0,146.1712
2025-05-01,2025,5,Otros departamentos,14,"Ferreteria, vidrios y pinturas",0,111.1544
2025-05-01,2025,5,Otros departamentos,15,Otras mercancias de uso domestico,0,130.1930
2025-06-01,2025,6,Antioquia,4,Prendas de vestir y textiles,0,128.1509
2025-06-01,2025,6,Antioquia,8,Electrodomesticos y muebles,1,138.6820
2025-06-01,2025,6,Antioquia,9,Articulos y utensilios domesticos,0,138.0292
2025-06-01,2025,6,Antioquia,10,Aseo del hogar,0,141.4622
2025-06-01,2025,6,Antioquia,11,Informatica y telecomunicaciones,0,254.6564
2025-06-01,2025,6,Antioquia,12,Sonido y video,0,158.6038
2025-06-01,2025,6,Antioquia,14,"Ferreteria, vidrios y pinturas",0,113.4937
2025-06-01,2025,6,Antioquia,15,Otras mercancias de uso domestico,0,113.9474
2025-06-01,2025,6,Atlantico,4,Prendas de vestir y textiles,0,92.9232
2025-06-01,2025,6,Atlantico,8,Electrodomesticos y muebles,1,116.8400
2025-06-01,2025,6,Atlantico,9,Articulos y utensilios domesticos,0,143.3244
2025-06-01,2025,6,Atlantico,10,Aseo del hogar,0,109.1402
2025-06-01,2025,6,Atlantico,11,Informatica y telecomunicaciones,0,188.5390
2025-06-01,2025,6,Atlantico,12,Sonido y video,0,135.6238
2025-06-01,2025,6,Atlantico,14,"Ferreteria, vidrios y pinturas",0,80.2933
2025-06-01,2025,6,Atlantico,15,Otras mercancias de uso domestico,0,105.0548
2025-06-01,2025,6,Bogota,4,Prendas de vestir y textiles,0,114.3859
2025-06-01,2025,6,Bogota,8,Electrodomesticos y muebles,1,179.3707
2025-06-01,2025,6,Bogota,9,Articulos y utensilios domesticos,0,160.9772
2025-06-01,2025,6,Bogota,10,Aseo del hogar,0,146.5272
2025-06-01,2025,6,Bogota,11,Informatica y telecomunicaciones,0,260.4437
2025-06-01,2025,6,Bogota,12,Sonido y video,0,177.9539
2025-06-01,2025,6,Bogota,14,"Ferreteria, vidrios y pinturas",0,105.3316
2025-06-01,2025,6,Bogota,15,Otras mercancias de uso domestico,0,118.9905
2025-06-01,2025,6,Cundinamarca,4,Prendas de vestir y textiles,0,134.3414
2025-06-01,2025,6,Cundinamarca,8,Electrodomesticos y muebles,1,149.6889
2025-06-01,2025,6,Cundinamarca,9,Articulos y utensilios domesticos,0,190.2802
2025-06-01,2025,6,Cundinamarca,10,Aseo del hogar,0,151.2446
2025-06-01,2025,6,Cundinamarca,11,Informatica y telecomunicaciones,0,313.7176
2025-06-01,2025,6,Cundinamarca,12,Sonido y video,0,220.0679
2025-06-01,2025,6,Cundinamarca,14,"Ferreteria, vidrios y pinturas",0,122.7463
2025-06-01,2025,6,Cundinamarca,15,Otras mercancias de uso domestico,0,150.4796
2025-06-01,2025,6,Santander,4,Prendas de vestir y textiles,0,109.4948
2025-06-01,2025,6,Santander,8,Electrodomesticos y muebles,1,133.5917
2025-06-01,2025,6,Santander,9,Articulos y utensilios domesticos,0,139.5682
2025-06-01,2025,6,Santander,10,Aseo del hogar,0,118.2697
2025-06-01,2025,6,Santander,11,Informatica y telecomunicaciones,0,276.4104
2025-06-01,2025,6,Santander,12,Sonido y video,0,174.4911
2025-06-01,2025,6,Santander,14,"Ferreteria, vidrios y pinturas",0,89.0558
2025-06-01,2025,6,Santander,15,Otras mercancias de uso domestico,0,119.7114
2025-06-01,2025,6,Valle del Cauca,4,Prendas de vestir y textiles,0,87.2600
2025-06-01,2025,6,Valle del Cauca,8,Electrodomesticos y muebles,1,110.9704
2025-06-01,2025,6,Valle del Cauca,9,Articulos y utensilios domesticos,0,124.2836
2025-06-01,2025,6,Valle del Cauca,10,Aseo del hogar,0,107.7999
2025-06-01,2025,6,Valle del Cauca,11,Informatica y telecomunicaciones,0,260.0500
2025-06-01,2025,6,Valle del Cauca,12,Sonido y video,0,152.4322
2025-06-01,2025,6,Valle del Cauca,14,"Ferreteria, vidrios y pinturas",0,85.3180
2025-06-01,2025,6,Valle del Cauca,15,Otras mercancias de uso domestico,0,101.9425
2025-06-01,2025,6,Otros departamentos,4,Prendas de vestir y textiles,0,114.3680
2025-06-01,2025,6,Otros departamentos,8,Electrodomesticos y muebles,1,150.9028
2025-06-01,2025,6,Otros departamentos,9,Articulos y utensilios domesticos,0,146.9451
2025-06-01,2025,6,Otros departamentos,10,Aseo del hogar,0,155.4541
2025-06-01,2025,6,Otros departamentos,11,Informatica y telecomunicaciones,0,250.8464
2025-06-01,2025,6,Otros departamentos,12,Sonido y video,0,168.2310
2025-06-01,2025,6,Otros departamentos,14,"Ferreteria, vidrios y pinturas",0,101.1397
2025-06-01,2025,6,Otros departamentos,15,Otras mercancias de uso domestico,0,131.5950
2025-07-01,2025,7,Antioquia,4,Prendas de vestir y textiles,0,103.0351
2025-07-01,2025,7,Antioquia,8,Electrodomesticos y muebles,1,174.9873
2025-07-01,2025,7,Antioquia,9,Articulos y utensilios domesticos,0,148.6530
2025-07-01,2025,7,Antioquia,10,Aseo del hogar,0,143.6805
2025-07-01,2025,7,Antioquia,11,Informatica y telecomunicaciones,0,269.9672
2025-07-01,2025,7,Antioquia,12,Sonido y video,0,158.1765
2025-07-01,2025,7,Antioquia,14,"Ferreteria, vidrios y pinturas",0,133.7763
2025-07-01,2025,7,Antioquia,15,Otras mercancias de uso domestico,0,117.5116
2025-07-01,2025,7,Atlantico,4,Prendas de vestir y textiles,0,86.2734
2025-07-01,2025,7,Atlantico,8,Electrodomesticos y muebles,1,140.8978
2025-07-01,2025,7,Atlantico,9,Articulos y utensilios domesticos,0,137.3551
2025-07-01,2025,7,Atlantico,10,Aseo del hogar,0,121.6636
2025-07-01,2025,7,Atlantico,11,Informatica y telecomunicaciones,0,202.8863
2025-07-01,2025,7,Atlantico,12,Sonido y video,0,143.4620
2025-07-01,2025,7,Atlantico,14,"Ferreteria, vidrios y pinturas",0,112.3534
2025-07-01,2025,7,Atlantico,15,Otras mercancias de uso domestico,0,115.0157
2025-07-01,2025,7,Bogota,4,Prendas de vestir y textiles,0,101.8974
2025-07-01,2025,7,Bogota,8,Electrodomesticos y muebles,1,176.5293
2025-07-01,2025,7,Bogota,9,Articulos y utensilios domesticos,0,162.9657
2025-07-01,2025,7,Bogota,10,Aseo del hogar,0,158.5922
2025-07-01,2025,7,Bogota,11,Informatica y telecomunicaciones,0,276.4552
2025-07-01,2025,7,Bogota,12,Sonido y video,0,189.9039
2025-07-01,2025,7,Bogota,14,"Ferreteria, vidrios y pinturas",0,115.9316
2025-07-01,2025,7,Bogota,15,Otras mercancias de uso domestico,0,120.1337
2025-07-01,2025,7,Cundinamarca,4,Prendas de vestir y textiles,0,118.5263
2025-07-01,2025,7,Cundinamarca,8,Electrodomesticos y muebles,1,156.4739
2025-07-01,2025,7,Cundinamarca,9,Articulos y utensilios domesticos,0,191.7557
2025-07-01,2025,7,Cundinamarca,10,Aseo del hogar,0,163.4317
2025-07-01,2025,7,Cundinamarca,11,Informatica y telecomunicaciones,0,291.1814
2025-07-01,2025,7,Cundinamarca,12,Sonido y video,0,214.7647
2025-07-01,2025,7,Cundinamarca,14,"Ferreteria, vidrios y pinturas",0,124.3323
2025-07-01,2025,7,Cundinamarca,15,Otras mercancias de uso domestico,0,154.6404
2025-07-01,2025,7,Santander,4,Prendas de vestir y textiles,0,100.6678
2025-07-01,2025,7,Santander,8,Electrodomesticos y muebles,1,172.0500
2025-07-01,2025,7,Santander,9,Articulos y utensilios domesticos,0,161.3342
2025-07-01,2025,7,Santander,10,Aseo del hogar,0,132.1968
2025-07-01,2025,7,Santander,11,Informatica y telecomunicaciones,0,265.4000
2025-07-01,2025,7,Santander,12,Sonido y video,0,176.9632
2025-07-01,2025,7,Santander,14,"Ferreteria, vidrios y pinturas",0,104.6347
2025-07-01,2025,7,Santander,15,Otras mercancias de uso domestico,0,142.7826
2025-07-01,2025,7,Valle del Cauca,4,Prendas de vestir y textiles,0,83.1246
2025-07-01,2025,7,Valle del Cauca,8,Electrodomesticos y muebles,1,136.5152
2025-07-01,2025,7,Valle del Cauca,9,Articulos y utensilios domesticos,0,130.2278
2025-07-01,2025,7,Valle del Cauca,10,Aseo del hogar,0,122.6542
2025-07-01,2025,7,Valle del Cauca,11,Informatica y telecomunicaciones,0,267.0189
2025-07-01,2025,7,Valle del Cauca,12,Sonido y video,0,169.0942
2025-07-01,2025,7,Valle del Cauca,14,"Ferreteria, vidrios y pinturas",0,103.7459
2025-07-01,2025,7,Valle del Cauca,15,Otras mercancias de uso domestico,0,103.0095
2025-07-01,2025,7,Otros departamentos,4,Prendas de vestir y textiles,0,115.9775
2025-07-01,2025,7,Otros departamentos,8,Electrodomesticos y muebles,1,165.9175
2025-07-01,2025,7,Otros departamentos,9,Articulos y utensilios domesticos,0,154.3981
2025-07-01,2025,7,Otros departamentos,10,Aseo del hogar,0,142.5828
2025-07-01,2025,7,Otros departamentos,11,Informatica y telecomunicaciones,0,293.6397
2025-07-01,2025,7,Otros departamentos,12,Sonido y video,0,183.5740
2025-07-01,2025,7,Otros departamentos,14,"Ferreteria, vidrios y pinturas",0,122.9110
2025-07-01,2025,7,Otros departamentos,15,Otras mercancias de uso domestico,0,134.8234
2025-08-01,2025,8,Antioquia,4,Prendas de vestir y textiles,0,93.4250
2025-08-01,2025,8,Antioquia,8,Electrodomesticos y muebles,1,172.5507
2025-08-01,2025,8,Antioquia,9,Articulos y utensilios domesticos,0,146.7890
2025-08-01,2025,8,Antioquia,10,Aseo del hogar,0,155.5040
2025-08-01,2025,8,Antioquia,11,Informatica y telecomunicaciones,0,334.0706
2025-08-01,2025,8,Antioquia,12,Sonido y video,0,186.3458
2025-08-01,2025,8,Antioquia,14,"Ferreteria, vidrios y pinturas",0,120.2349
2025-08-01,2025,8,Antioquia,15,Otras mercancias de uso domestico,0,118.4025
2025-08-01,2025,8,Atlantico,4,Prendas de vestir y textiles,0,81.0493
2025-08-01,2025,8,Atlantico,8,Electrodomesticos y muebles,1,132.4704
2025-08-01,2025,8,Atlantico,9,Articulos y utensilios domesticos,0,127.7109
2025-08-01,2025,8,Atlantico,10,Aseo del hogar,0,115.1025
2025-08-01,2025,8,Atlantico,11,Informatica y telecomunicaciones,0,248.7502
2025-08-01,2025,8,Atlantico,12,Sonido y video,0,137.5430
2025-08-01,2025,8,Atlantico,14,"Ferreteria, vidrios y pinturas",0,99.5296
2025-08-01,2025,8,Atlantico,15,Otras mercancias de uso domestico,0,121.5943
2025-08-01,2025,8,Bogota,4,Prendas de vestir y textiles,0,100.6234
2025-08-01,2025,8,Bogota,8,Electrodomesticos y muebles,1,194.0128
2025-08-01,2025,8,Bogota,9,Articulos y utensilios domesticos,0,182.2129
2025-08-01,2025,8,Bogota,10,Aseo del hogar,0,172.0845
2025-08-01,2025,8,Bogota,11,Informatica y telecomunicaciones,0,347.5536
2025-08-01,2025,8,Bogota,12,Sonido y video,0,201.1872
2025-08-01,2025,8,Bogota,14,"Ferreteria, vidrios y pinturas",0,117.1245
2025-08-01,2025,8,Bogota,15,Otras mercancias de uso domestico,0,125.8836
2025-08-01,2025,8,Cundinamarca,4,Prendas de vestir y textiles,0,109.2992
2025-08-01,2025,8,Cundinamarca,8,Electrodomesticos y muebles,1,187.0542
2025-08-01,2025,8,Cundinamarca,9,Articulos y utensilios domesticos,0,189.6575
2025-08-01,2025,8,Cundinamarca,10,Aseo del hogar,0,158.8352
2025-08-01,2025,8,Cundinamarca,11,Informatica y telecomunicaciones,0,363.5044
2025-08-01,2025,8,Cundinamarca,12,Sonido y video,0,222.2737
2025-08-01,2025,8,Cundinamarca,14,"Ferreteria, vidrios y pinturas",0,128.4350
2025-08-01,2025,8,Cundinamarca,15,Otras mercancias de uso domestico,0,164.5163
2025-08-01,2025,8,Santander,4,Prendas de vestir y textiles,0,112.5858
2025-08-01,2025,8,Santander,8,Electrodomesticos y muebles,1,172.7997
2025-08-01,2025,8,Santander,9,Articulos y utensilios domesticos,0,149.2879
2025-08-01,2025,8,Santander,10,Aseo del hogar,0,150.0307
2025-08-01,2025,8,Santander,11,Informatica y telecomunicaciones,0,327.9394
2025-08-01,2025,8,Santander,12,Sonido y video,0,190.7357
2025-08-01,2025,8,Santander,14,"Ferreteria, vidrios y pinturas",0,103.5642
2025-08-01,2025,8,Santander,15,Otras mercancias de uso domestico,0,120.2252
2025-08-01,2025,8,Valle del Cauca,4,Prendas de vestir y textiles,0,80.7109
2025-08-01,2025,8,Valle del Cauca,8,Electrodomesticos y muebles,1,141.9746
2025-08-01,2025,8,Valle del Cauca,9,Articulos y utensilios domesticos,0,134.0603
2025-08-01,2025,8,Valle del Cauca,10,Aseo del hogar,0,128.9846
2025-08-01,2025,8,Valle del Cauca,11,Informatica y telecomunicaciones,0,296.1526
2025-08-01,2025,8,Valle del Cauca,12,Sonido y video,0,171.3137
2025-08-01,2025,8,Valle del Cauca,14,"Ferreteria, vidrios y pinturas",0,87.1537
2025-08-01,2025,8,Valle del Cauca,15,Otras mercancias de uso domestico,0,99.3774
2025-08-01,2025,8,Otros departamentos,4,Prendas de vestir y textiles,0,107.8176
2025-08-01,2025,8,Otros departamentos,8,Electrodomesticos y muebles,1,169.0319
2025-08-01,2025,8,Otros departamentos,9,Articulos y utensilios domesticos,0,154.7725
2025-08-01,2025,8,Otros departamentos,10,Aseo del hogar,0,134.3728
2025-08-01,2025,8,Otros departamentos,11,Informatica y telecomunicaciones,0,352.7039
2025-08-01,2025,8,Otros departamentos,12,Sonido y video,0,188.9843
2025-08-01,2025,8,Otros departamentos,14,"Ferreteria, vidrios y pinturas",0,121.6389
2025-08-01,2025,8,Otros departamentos,15,Otras mercancias de uso domestico,0,137.9573
2025-09-01,2025,9,Antioquia,4,Prendas de vestir y textiles,0,93.8130
2025-09-01,2025,9,Antioquia,8,Electrodomesticos y muebles,1,154.1595
2025-09-01,2025,9,Antioquia,9,Articulos y utensilios domesticos,0,146.6657
2025-09-01,2025,9,Antioquia,10,Aseo del hogar,0,146.9245
2025-09-01,2025,9,Antioquia,11,Informatica y telecomunicaciones,0,248.6077
2025-09-01,2025,9,Antioquia,12,Sonido y video,0,143.6847
2025-09-01,2025,9,Antioquia,14,"Ferreteria, vidrios y pinturas",0,124.4178
2025-09-01,2025,9,Antioquia,15,Otras mercancias de uso domestico,0,110.4374
2025-09-01,2025,9,Atlantico,4,Prendas de vestir y textiles,0,80.4429
2025-09-01,2025,9,Atlantico,8,Electrodomesticos y muebles,1,113.7656
2025-09-01,2025,9,Atlantico,9,Articulos y utensilios domesticos,0,137.0920
2025-09-01,2025,9,Atlantico,10,Aseo del hogar,0,106.3476
2025-09-01,2025,9,Atlantico,11,Informatica y telecomunicaciones,0,207.6689
2025-09-01,2025,9,Atlantico,12,Sonido y video,0,122.7151
2025-09-01,2025,9,Atlantico,14,"Ferreteria, vidrios y pinturas",0,96.1957
2025-09-01,2025,9,Atlantico,15,Otras mercancias de uso domestico,0,110.0048
2025-09-01,2025,9,Bogota,4,Prendas de vestir y textiles,0,107.0160
2025-09-01,2025,9,Bogota,8,Electrodomesticos y muebles,1,166.8185
2025-09-01,2025,9,Bogota,9,Articulos y utensilios domesticos,0,183.4981
2025-09-01,2025,9,Bogota,10,Aseo del hogar,0,158.8317
2025-09-01,2025,9,Bogota,11,Informatica y telecomunicaciones,0,325.0324
2025-09-01,2025,9,Bogota,12,Sonido y video,0,171.7187
2025-09-01,2025,9,Bogota,14,"Ferreteria, vidrios y pinturas",0,125.9482
2025-09-01,2025,9,Bogota,15,Otras mercancias de uso domestico,0,124.7605
2025-09-01,2025,9,Cundinamarca,4,Prendas de vestir y textiles,0,102.5517
2025-09-01,2025,9,Cundinamarca,8,Electrodomesticos y muebles,1,159.1939
2025-09-01,2025,9,Cundinamarca,9,Articulos y utensilios domesticos,0,189.1563
2025-09-01,2025,9,Cundinamarca,10,Aseo del hogar,0,143.6208
2025-09-01,2025,9,Cundinamarca,11,Informatica y telecomunicaciones,0,302.4107
2025-09-01,2025,9,Cundinamarca,12,Sonido y video,0,182.7513
2025-09-01,2025,9,Cundinamarca,14,"Ferreteria, vidrios y pinturas",0,136.5439
2025-09-01,2025,9,Cundinamarca,15,Otras mercancias de uso domestico,0,159.8812
2025-09-01,2025,9,Santander,4,Prendas de vestir y textiles,0,104.9759
2025-09-01,2025,9,Santander,8,Electrodomesticos y muebles,1,133.1628
2025-09-01,2025,9,Santander,9,Articulos y utensilios domesticos,0,133.3694
2025-09-01,2025,9,Santander,10,Aseo del hogar,0,131.5471
2025-09-01,2025,9,Santander,11,Informatica y telecomunicaciones,0,258.6537
2025-09-01,2025,9,Santander,12,Sonido y video,0,160.5462
2025-09-01,2025,9,Santander,14,"Ferreteria, vidrios y pinturas",0,111.3003
2025-09-01,2025,9,Santander,15,Otras mercancias de uso domestico,0,128.4280
2025-09-01,2025,9,Valle del Cauca,4,Prendas de vestir y textiles,0,77.1735
2025-09-01,2025,9,Valle del Cauca,8,Electrodomesticos y muebles,1,114.5756
2025-09-01,2025,9,Valle del Cauca,9,Articulos y utensilios domesticos,0,117.9858
2025-09-01,2025,9,Valle del Cauca,10,Aseo del hogar,0,111.4972
2025-09-01,2025,9,Valle del Cauca,11,Informatica y telecomunicaciones,0,213.7706
2025-09-01,2025,9,Valle del Cauca,12,Sonido y video,0,132.0669
2025-09-01,2025,9,Valle del Cauca,14,"Ferreteria, vidrios y pinturas",0,88.6999
2025-09-01,2025,9,Valle del Cauca,15,Otras mercancias de uso domestico,0,99.8642
2025-09-01,2025,9,Otros departamentos,4,Prendas de vestir y textiles,0,96.4980
2025-09-01,2025,9,Otros departamentos,8,Electrodomesticos y muebles,1,144.7973
2025-09-01,2025,9,Otros departamentos,9,Articulos y utensilios domesticos,0,130.5446
2025-09-01,2025,9,Otros departamentos,10,Aseo del hogar,0,124.1920
2025-09-01,2025,9,Otros departamentos,11,Informatica y telecomunicaciones,0,286.5532
2025-09-01,2025,9,Otros departamentos,12,Sonido y video,0,168.1700
2025-09-01,2025,9,Otros departamentos,14,"Ferreteria, vidrios y pinturas",0,123.1144
2025-09-01,2025,9,Otros departamentos,15,Otras mercancias de uso domestico,0,142.3725
2025-10-01,2025,10,Antioquia,4,Prendas de vestir y textiles,0,105.0263
2025-10-01,2025,10,Antioquia,8,Electrodomesticos y muebles,1,147.9511
2025-10-01,2025,10,Antioquia,9,Articulos y utensilios domesticos,0,166.4152
2025-10-01,2025,10,Antioquia,10,Aseo del hogar,0,141.4308
2025-10-01,2025,10,Antioquia,11,Informatica y telecomunicaciones,0,251.3124
2025-10-01,2025,10,Antioquia,12,Sonido y video,0,158.9015
2025-10-01,2025,10,Antioquia,14,"Ferreteria, vidrios y pinturas",0,120.8249
2025-10-01,2025,10,Antioquia,15,Otras mercancias de uso domestico,0,140.4774
2025-10-01,2025,10,Atlantico,4,Prendas de vestir y textiles,0,86.2807
2025-10-01,2025,10,Atlantico,8,Electrodomesticos y muebles,1,109.8052
2025-10-01,2025,10,Atlantico,9,Articulos y utensilios domesticos,0,136.6022
2025-10-01,2025,10,Atlantico,10,Aseo del hogar,0,108.9425
2025-10-01,2025,10,Atlantico,11,Informatica y telecomunicaciones,0,223.7940
2025-10-01,2025,10,Atlantico,12,Sonido y video,0,126.9313
2025-10-01,2025,10,Atlantico,14,"Ferreteria, vidrios y pinturas",0,93.1887
2025-10-01,2025,10,Atlantico,15,Otras mercancias de uso domestico,0,130.4547
2025-10-01,2025,10,Bogota,4,Prendas de vestir y textiles,0,107.1068
2025-10-01,2025,10,Bogota,8,Electrodomesticos y muebles,1,164.3192
2025-10-01,2025,10,Bogota,9,Articulos y utensilios domesticos,0,207.8659
2025-10-01,2025,10,Bogota,10,Aseo del hogar,0,166.7509
2025-10-01,2025,10,Bogota,11,Informatica y telecomunicaciones,0,330.2128
2025-10-01,2025,10,Bogota,12,Sonido y video,0,194.5817
2025-10-01,2025,10,Bogota,14,"Ferreteria, vidrios y pinturas",0,150.9794
2025-10-01,2025,10,Bogota,15,Otras mercancias de uso domestico,0,132.2876
2025-10-01,2025,10,Cundinamarca,4,Prendas de vestir y textiles,0,110.1392
2025-10-01,2025,10,Cundinamarca,8,Electrodomesticos y muebles,1,162.8903
2025-10-01,2025,10,Cundinamarca,9,Articulos y utensilios domesticos,0,190.2160
2025-10-01,2025,10,Cundinamarca,10,Aseo del hogar,0,154.0582
2025-10-01,2025,10,Cundinamarca,11,Informatica y telecomunicaciones,0,303.5085
2025-10-01,2025,10,Cundinamarca,12,Sonido y video,0,196.0516
2025-10-01,2025,10,Cundinamarca,14,"Ferreteria, vidrios y pinturas",0,137.9099
2025-10-01,2025,10,Cundinamarca,15,Otras mercancias de uso domestico,0,170.3313
2025-10-01,2025,10,Santander,4,Prendas de vestir y textiles,0,106.9968
2025-10-01,2025,10,Santander,8,Electrodomesticos y muebles,1,136.3585
2025-10-01,2025,10,Santander,9,Articulos y utensilios domesticos,0,144.8462
2025-10-01,2025,10,Santander,10,Aseo del hogar,0,138.4164
2025-10-01,2025,10,Santander,11,Informatica y telecomunicaciones,0,276.4658
2025-10-01,2025,10,Santander,12,Sonido y video,0,184.2902
2025-10-01,2025,10,Santander,14,"Ferreteria, vidrios y pinturas",0,111.9200
2025-10-01,2025,10,Santander,15,Otras mercancias de uso domestico,0,134.5678
2025-10-01,2025,10,Valle del Cauca,4,Prendas de vestir y textiles,0,87.2043
2025-10-01,2025,10,Valle del Cauca,8,Electrodomesticos y muebles,1,137.2615
2025-10-01,2025,10,Valle del Cauca,9,Articulos y utensilios domesticos,0,143.4629
2025-10-01,2025,10,Valle del Cauca,10,Aseo del hogar,0,109.5383
2025-10-01,2025,10,Valle del Cauca,11,Informatica y telecomunicaciones,0,231.5008
2025-10-01,2025,10,Valle del Cauca,12,Sonido y video,0,152.6550
2025-10-01,2025,10,Valle del Cauca,14,"Ferreteria, vidrios y pinturas",0,91.6381
2025-10-01,2025,10,Valle del Cauca,15,Otras mercancias de uso domestico,0,130.6680
2025-10-01,2025,10,Otros departamentos,4,Prendas de vestir y textiles,0,103.9521
2025-10-01,2025,10,Otros departamentos,8,Electrodomesticos y muebles,1,140.5658
2025-10-01,2025,10,Otros departamentos,9,Articulos y utensilios domesticos,0,149.5947
2025-10-01,2025,10,Otros departamentos,10,Aseo del hogar,0,135.2133
2025-10-01,2025,10,Otros departamentos,11,Informatica y telecomunicaciones,0,271.8013
2025-10-01,2025,10,Otros departamentos,12,Sonido y video,0,161.9981
2025-10-01,2025,10,Otros departamentos,14,"Ferreteria, vidrios y pinturas",0,129.0260
2025-10-01,2025,10,Otros departamentos,15,Otras mercancias de uso domestico,0,140.4759
2025-11-01,2025,11,Antioquia,4,Prendas de vestir y textiles,0,126.1764
2025-11-01,2025,11,Antioquia,8,Electrodomesticos y muebles,1,194.5875
2025-11-01,2025,11,Antioquia,9,Articulos y utensilios domesticos,0,201.8452
2025-11-01,2025,11,Antioquia,10,Aseo del hogar,0,145.4580
2025-11-01,2025,11,Antioquia,11,Informatica y telecomunicaciones,0,344.4151
2025-11-01,2025,11,Antioquia,12,Sonido y video,0,273.6649
2025-11-01,2025,11,Antioquia,14,"Ferreteria, vidrios y pinturas",0,122.9006
2025-11-01,2025,11,Antioquia,15,Otras mercancias de uso domestico,0,163.2717
2025-11-01,2025,11,Atlantico,4,Prendas de vestir y textiles,0,105.7382
2025-11-01,2025,11,Atlantico,8,Electrodomesticos y muebles,1,152.6296
2025-11-01,2025,11,Atlantico,9,Articulos y utensilios domesticos,0,164.3662
2025-11-01,2025,11,Atlantico,10,Aseo del hogar,0,122.7436
2025-11-01,2025,11,Atlantico,11,Informatica y telecomunicaciones,0,286.2085
2025-11-01,2025,11,Atlantico,12,Sonido y video,0,214.8333
2025-11-01,2025,11,Atlantico,14,"Ferreteria, vidrios y pinturas",0,106.7644
2025-11-01,2025,11,Atlantico,15,Otras mercancias de uso domestico,0,144.8662
2025-11-01,2025,11,Bogota,4,Prendas de vestir y textiles,0,150.3745
2025-11-01,2025,11,Bogota,8,Electrodomesticos y muebles,1,221.0623
2025-11-01,2025,11,Bogota,9,Articulos y utensilios domesticos,0,255.9263
2025-11-01,2025,11,Bogota,10,Aseo del hogar,0,168.2052
2025-11-01,2025,11,Bogota,11,Informatica y telecomunicaciones,0,423.3009
2025-11-01,2025,11,Bogota,12,Sonido y video,0,297.7165
2025-11-01,2025,11,Bogota,14,"Ferreteria, vidrios y pinturas",0,148.4401
2025-11-01,2025,11,Bogota,15,Otras mercancias de uso domestico,0,181.3934
2025-11-01,2025,11,Cundinamarca,4,Prendas de vestir y textiles,0,130.3504
2025-11-01,2025,11,Cundinamarca,8,Electrodomesticos y muebles,1,201.5984
2025-11-01,2025,11,Cundinamarca,9,Articulos y utensilios domesticos,0,232.2697
2025-11-01,2025,11,Cundinamarca,10,Aseo del hogar,0,160.1588
2025-11-01,2025,11,Cundinamarca,11,Informatica y telecomunicaciones,0,356.8400
2025-11-01,2025,11,Cundinamarca,12,Sonido y video,0,285.4795
2025-11-01,2025,11,Cundinamarca,14,"Ferreteria, vidrios y pinturas",0,149.2690
2025-11-01,2025,11,Cundinamarca,15,Otras mercancias de uso domestico,0,190.1826
2025-11-01,2025,11,Santander,4,Prendas de vestir y textiles,0,136.0746
2025-11-01,2025,11,Santander,8,Electrodomesticos y muebles,1,161.0441
2025-11-01,2025,11,Santander,9,Articulos y utensilios domesticos,0,155.9098
2025-11-01,2025,11,Santander,10,Aseo del hogar,0,137.8556
2025-11-01,2025,11,Santander,11,Informatica y telecomunicaciones,0,332.4552
2025-11-01,2025,11,Santander,12,Sonido y video,0,230.3553
2025-11-01,2025,11,Santander,14,"Ferreteria, vidrios y pinturas",0,116.9499
2025-11-01,2025,11,Santander,15,Otras mercancias de uso domestico,0,162.1439
2025-11-01,2025,11,Valle del Cauca,4,Prendas de vestir y textiles,0,101.0040
2025-11-01,2025,11,Valle del Cauca,8,Electrodomesticos y muebles,1,187.3858
2025-11-01,2025,11,Valle del Cauca,9,Articulos y utensilios domesticos,0,161.1021
2025-11-01,2025,11,Valle del Cauca,10,Aseo del hogar,0,111.7205
2025-11-01,2025,11,Valle del Cauca,11,Informatica y telecomunicaciones,0,279.3602
2025-11-01,2025,11,Valle del Cauca,12,Sonido y video,0,220.9921
2025-11-01,2025,11,Valle del Cauca,14,"Ferreteria, vidrios y pinturas",0,100.8731
2025-11-01,2025,11,Valle del Cauca,15,Otras mercancias de uso domestico,0,132.8486
2025-11-01,2025,11,Otros departamentos,4,Prendas de vestir y textiles,0,147.7151
2025-11-01,2025,11,Otros departamentos,8,Electrodomesticos y muebles,1,169.7996
2025-11-01,2025,11,Otros departamentos,9,Articulos y utensilios domesticos,0,176.2870
2025-11-01,2025,11,Otros departamentos,10,Aseo del hogar,0,139.4174
2025-11-01,2025,11,Otros departamentos,11,Informatica y telecomunicaciones,0,381.6087
2025-11-01,2025,11,Otros departamentos,12,Sonido y video,0,254.7419
2025-11-01,2025,11,Otros departamentos,14,"Ferreteria, vidrios y pinturas",0,122.1340
2025-11-01,2025,11,Otros departamentos,15,Otras mercancias de uso domestico,0,159.7735
2025-12-01,2025,12,Antioquia,4,Prendas de vestir y textiles,0,247.5954
2025-12-01,2025,12,Antioquia,8,Electrodomesticos y muebles,1,200.1471
2025-12-01,2025,12,Antioquia,9,Articulos y utensilios domesticos,0,221.9169
2025-12-01,2025,12,Antioquia,10,Aseo del hogar,0,148.7600
2025-12-01,2025,12,Antioquia,11,Informatica y telecomunicaciones,0,409.1657
2025-12-01,2025,12,Antioquia,12,Sonido y video,0,265.2505
2025-12-01,2025,12,Antioquia,14,"Ferreteria, vidrios y pinturas",0,114.4859
2025-12-01,2025,12,Antioquia,15,Otras mercancias de uso domestico,0,238.2900
2025-12-01,2025,12,Atlantico,4,Prendas de vestir y textiles,0,239.0344
2025-12-01,2025,12,Atlantico,8,Electrodomesticos y muebles,1,158.2100
2025-12-01,2025,12,Atlantico,9,Articulos y utensilios domesticos,0,186.1899
2025-12-01,2025,12,Atlantico,10,Aseo del hogar,0,143.3926
2025-12-01,2025,12,Atlantico,11,Informatica y telecomunicaciones,0,324.8079
2025-12-01,2025,12,Atlantico,12,Sonido y video,0,228.7922
2025-12-01,2025,12,Atlantico,14,"Ferreteria, vidrios y pinturas",0,110.9233
2025-12-01,2025,12,Atlantico,15,Otras mercancias de uso domestico,0,194.4836
2025-12-01,2025,12,Bogota,4,Prendas de vestir y textiles,0,319.3880
2025-12-01,2025,12,Bogota,8,Electrodomesticos y muebles,1,170.4844
2025-12-01,2025,12,Bogota,9,Articulos y utensilios domesticos,0,273.5759
2025-12-01,2025,12,Bogota,10,Aseo del hogar,0,178.1107
2025-12-01,2025,12,Bogota,11,Informatica y telecomunicaciones,0,481.0667
2025-12-01,2025,12,Bogota,12,Sonido y video,0,250.6819
2025-12-01,2025,12,Bogota,14,"Ferreteria, vidrios y pinturas",0,126.2282
2025-12-01,2025,12,Bogota,15,Otras mercancias de uso domestico,0,199.4827
2025-12-01,2025,12,Cundinamarca,4,Prendas de vestir y textiles,0,330.1754
2025-12-01,2025,12,Cundinamarca,8,Electrodomesticos y muebles,1,201.1689
2025-12-01,2025,12,Cundinamarca,9,Articulos y utensilios domesticos,0,324.1595
2025-12-01,2025,12,Cundinamarca,10,Aseo del hogar,0,202.5789
2025-12-01,2025,12,Cundinamarca,11,Informatica y telecomunicaciones,0,468.1625
2025-12-01,2025,12,Cundinamarca,12,Sonido y video,0,314.2290
2025-12-01,2025,12,Cundinamarca,14,"Ferreteria, vidrios y pinturas",0,148.3164
2025-12-01,2025,12,Cundinamarca,15,Otras mercancias de uso domestico,0,279.5901
2025-12-01,2025,12,Santander,4,Prendas de vestir y textiles,0,259.7024
2025-12-01,2025,12,Santander,8,Electrodomesticos y muebles,1,169.2220
2025-12-01,2025,12,Santander,9,Articulos y utensilios domesticos,0,182.7922
2025-12-01,2025,12,Santander,10,Aseo del hogar,0,130.8361
2025-12-01,2025,12,Santander,11,Informatica y telecomunicaciones,0,382.8269
2025-12-01,2025,12,Santander,12,Sonido y video,0,221.8214
2025-12-01,2025,12,Santander,14,"Ferreteria, vidrios y pinturas",0,110.1510
2025-12-01,2025,12,Santander,15,Otras mercancias de uso domestico,0,202.1895
2025-12-01,2025,12,Valle del Cauca,4,Prendas de vestir y textiles,0,234.8753
2025-12-01,2025,12,Valle del Cauca,8,Electrodomesticos y muebles,1,164.8012
2025-12-01,2025,12,Valle del Cauca,9,Articulos y utensilios domesticos,0,188.9446
2025-12-01,2025,12,Valle del Cauca,10,Aseo del hogar,0,117.9006
2025-12-01,2025,12,Valle del Cauca,11,Informatica y telecomunicaciones,0,335.1812
2025-12-01,2025,12,Valle del Cauca,12,Sonido y video,0,206.3474
2025-12-01,2025,12,Valle del Cauca,14,"Ferreteria, vidrios y pinturas",0,92.8631
2025-12-01,2025,12,Valle del Cauca,15,Otras mercancias de uso domestico,0,176.9253
2025-12-01,2025,12,Otros departamentos,4,Prendas de vestir y textiles,0,284.8561
2025-12-01,2025,12,Otros departamentos,8,Electrodomesticos y muebles,1,165.5350
2025-12-01,2025,12,Otros departamentos,9,Articulos y utensilios domesticos,0,232.9511
2025-12-01,2025,12,Otros departamentos,10,Aseo del hogar,0,156.5290
2025-12-01,2025,12,Otros departamentos,11,Informatica y telecomunicaciones,0,469.0667
2025-12-01,2025,12,Otros departamentos,12,Sonido y video,0,258.8711
2025-12-01,2025,12,Otros departamentos,14,"Ferreteria, vidrios y pinturas",0,124.7537
2025-12-01,2025,12,Otros departamentos,15,Otras mercancias de uso domestico,0,210.2124
2026-01-01,2026,1,Antioquia,4,Prendas de vestir y textiles,0,91.4047
2026-01-01,2026,1,Antioquia,8,Electrodomesticos y muebles,1,176.6026
2026-01-01,2026,1,Antioquia,9,Articulos y utensilios domesticos,0,179.2431
2026-01-01,2026,1,Antioquia,10,Aseo del hogar,0,139.1619
2026-01-01,2026,1,Antioquia,11,Informatica y telecomunicaciones,0,325.6701
2026-01-01,2026,1,Antioquia,12,Sonido y video,0,169.3157
2026-01-01,2026,1,Antioquia,14,"Ferreteria, vidrios y pinturas",0,105.0310
2026-01-01,2026,1,Antioquia,15,Otras mercancias de uso domestico,0,145.5895
2026-01-01,2026,1,Atlantico,4,Prendas de vestir y textiles,0,82.2400
2026-01-01,2026,1,Atlantico,8,Electrodomesticos y muebles,1,136.7137
2026-01-01,2026,1,Atlantico,9,Articulos y utensilios domesticos,0,137.8582
2026-01-01,2026,1,Atlantico,10,Aseo del hogar,0,126.0677
2026-01-01,2026,1,Atlantico,11,Informatica y telecomunicaciones,0,229.3074
2026-01-01,2026,1,Atlantico,12,Sonido y video,0,153.5497
2026-01-01,2026,1,Atlantico,14,"Ferreteria, vidrios y pinturas",0,98.5205
2026-01-01,2026,1,Atlantico,15,Otras mercancias de uso domestico,0,113.9303
2026-01-01,2026,1,Bogota,4,Prendas de vestir y textiles,0,107.8899
2026-01-01,2026,1,Bogota,8,Electrodomesticos y muebles,1,169.1503
2026-01-01,2026,1,Bogota,9,Articulos y utensilios domesticos,0,191.7195
2026-01-01,2026,1,Bogota,10,Aseo del hogar,0,158.7724
2026-01-01,2026,1,Bogota,11,Informatica y telecomunicaciones,0,336.1525
2026-01-01,2026,1,Bogota,12,Sonido y video,0,161.5538
2026-01-01,2026,1,Bogota,14,"Ferreteria, vidrios y pinturas",0,106.2385
2026-01-01,2026,1,Bogota,15,Otras mercancias de uso domestico,0,122.4493
2026-01-01,2026,1,Cundinamarca,4,Prendas de vestir y textiles,0,114.9389
2026-01-01,2026,1,Cundinamarca,8,Electrodomesticos y muebles,1,241.3102
2026-01-01,2026,1,Cundinamarca,9,Articulos y utensilios domesticos,0,217.3428
2026-01-01,2026,1,Cundinamarca,10,Aseo del hogar,0,196.6638
2026-01-01,2026,1,Cundinamarca,11,Informatica y telecomunicaciones,0,340.3142
2026-01-01,2026,1,Cundinamarca,12,Sonido y video,0,211.9570
2026-01-01,2026,1,Cundinamarca,14,"Ferreteria, vidrios y pinturas",0,130.8478
2026-01-01,2026,1,Cundinamarca,15,Otras mercancias de uso domestico,0,170.0839
2026-01-01,2026,1,Santander,4,Prendas de vestir y textiles,0,89.3157
2026-01-01,2026,1,Santander,8,Electrodomesticos y muebles,1,165.7364
2026-01-01,2026,1,Santander,9,Articulos y utensilios domesticos,0,148.3279
2026-01-01,2026,1,Santander,10,Aseo del hogar,0,128.7852
2026-01-01,2026,1,Santander,11,Informatica y telecomunicaciones,0,287.9409
2026-01-01,2026,1,Santander,12,Sonido y video,0,157.3032
2026-01-01,2026,1,Santander,14,"Ferreteria, vidrios y pinturas",0,102.4652
2026-01-01,2026,1,Santander,15,Otras mercancias de uso domestico,0,125.9925
2026-01-01,2026,1,Valle del Cauca,4,Prendas de vestir y textiles,0,78.9680
2026-01-01,2026,1,Valle del Cauca,8,Electrodomesticos y muebles,1,150.8396
2026-01-01,2026,1,Valle del Cauca,9,Articulos y utensilios domesticos,0,130.5987
2026-01-01,2026,1,Valle del Cauca,10,Aseo del hogar,0,125.1455
2026-01-01,2026,1,Valle del Cauca,11,Informatica y telecomunicaciones,0,246.0821
2026-01-01,2026,1,Valle del Cauca,12,Sonido y video,0,148.8777
2026-01-01,2026,1,Valle del Cauca,14,"Ferreteria, vidrios y pinturas",0,91.9995
2026-01-01,2026,1,Valle del Cauca,15,Otras mercancias de uso domestico,0,103.4844
2026-01-01,2026,1,Otros departamentos,4,Prendas de vestir y textiles,0,91.9087
2026-01-01,2026,1,Otros departamentos,8,Electrodomesticos y muebles,1,166.0409
2026-01-01,2026,1,Otros departamentos,9,Articulos y utensilios domesticos,0,180.1539
2026-01-01,2026,1,Otros departamentos,10,Aseo del hogar,0,153.2066
2026-01-01,2026,1,Otros departamentos,11,Informatica y telecomunicaciones,0,328.6054
2026-01-01,2026,1,Otros departamentos,12,Sonido y video,0,182.9238
2026-01-01,2026,1,Otros departamentos,14,"Ferreteria, vidrios y pinturas",0,113.6611
2026-01-01,2026,1,Otros departamentos,15,Otras mercancias de uso domestico,0,123.2421
2026-02-01,2026,2,Antioquia,4,Prendas de vestir y textiles,0,70.0284
2026-02-01,2026,2,Antioquia,8,Electrodomesticos y muebles,1,171.7165
2026-02-01,2026,2,Antioquia,9,Articulos y utensilios domesticos,0,157.4740
2026-02-01,2026,2,Antioquia,10,Aseo del hogar,0,134.8147
2026-02-01,2026,2,Antioquia,11,Informatica y telecomunicaciones,0,343.5429
2026-02-01,2026,2,Antioquia,12,Sonido y video,0,169.6032
2026-02-01,2026,2,Antioquia,14,"Ferreteria, vidrios y pinturas",0,111.1761
2026-02-01,2026,2,Antioquia,15,Otras mercancias de uso domestico,0,126.9763
2026-02-01,2026,2,Atlantico,4,Prendas de vestir y textiles,0,67.1644
2026-02-01,2026,2,Atlantico,8,Electrodomesticos y muebles,1,129.8759
2026-02-01,2026,2,Atlantico,9,Articulos y utensilios domesticos,0,112.9928
2026-02-01,2026,2,Atlantico,10,Aseo del hogar,0,121.2009
2026-02-01,2026,2,Atlantico,11,Informatica y telecomunicaciones,0,253.8385
2026-02-01,2026,2,Atlantico,12,Sonido y video,0,149.3868
2026-02-01,2026,2,Atlantico,14,"Ferreteria, vidrios y pinturas",0,91.5964
2026-02-01,2026,2,Atlantico,15,Otras mercancias de uso domestico,0,96.9639
2026-02-01,2026,2,Bogota,4,Prendas de vestir y textiles,0,90.3540
2026-02-01,2026,2,Bogota,8,Electrodomesticos y muebles,1,162.6732
2026-02-01,2026,2,Bogota,9,Articulos y utensilios domesticos,0,183.7331
2026-02-01,2026,2,Bogota,10,Aseo del hogar,0,133.6539
2026-02-01,2026,2,Bogota,11,Informatica y telecomunicaciones,0,335.6698
2026-02-01,2026,2,Bogota,12,Sonido y video,0,167.3575
2026-02-01,2026,2,Bogota,14,"Ferreteria, vidrios y pinturas",0,108.6171
2026-02-01,2026,2,Bogota,15,Otras mercancias de uso domestico,0,124.0187
2026-02-01,2026,2,Cundinamarca,4,Prendas de vestir y textiles,0,107.9840
2026-02-01,2026,2,Cundinamarca,8,Electrodomesticos y muebles,1,223.2938
2026-02-01,2026,2,Cundinamarca,9,Articulos y utensilios domesticos,0,194.3912
2026-02-01,2026,2,Cundinamarca,10,Aseo del hogar,0,176.7534
2026-02-01,2026,2,Cundinamarca,11,Informatica y telecomunicaciones,0,392.0932
2026-02-01,2026,2,Cundinamarca,12,Sonido y video,0,215.7760
2026-02-01,2026,2,Cundinamarca,14,"Ferreteria, vidrios y pinturas",0,133.5048
2026-02-01,2026,2,Cundinamarca,15,Otras mercancias de uso domestico,0,160.2276
2026-02-01,2026,2,Santander,4,Prendas de vestir y textiles,0,72.8801
2026-02-01,2026,2,Santander,8,Electrodomesticos y muebles,1,157.5840
2026-02-01,2026,2,Santander,9,Articulos y utensilios domesticos,0,149.7694
2026-02-01,2026,2,Santander,10,Aseo del hogar,0,131.7593
2026-02-01,2026,2,Santander,11,Informatica y telecomunicaciones,0,311.5897
2026-02-01,2026,2,Santander,12,Sonido y video,0,184.7709
2026-02-01,2026,2,Santander,14,"Ferreteria, vidrios y pinturas",0,115.0651
2026-02-01,2026,2,Santander,15,Otras mercancias de uso domestico,0,128.7670
2026-02-01,2026,2,Valle del Cauca,4,Prendas de vestir y textiles,0,64.2425
2026-02-01,2026,2,Valle del Cauca,8,Electrodomesticos y muebles,1,139.6757
2026-02-01,2026,2,Valle del Cauca,9,Articulos y utensilios domesticos,0,136.1502
2026-02-01,2026,2,Valle del Cauca,10,Aseo del hogar,0,111.4312
2026-02-01,2026,2,Valle del Cauca,11,Informatica y telecomunicaciones,0,245.7981
2026-02-01,2026,2,Valle del Cauca,12,Sonido y video,0,162.7201
2026-02-01,2026,2,Valle del Cauca,14,"Ferreteria, vidrios y pinturas",0,99.8148
2026-02-01,2026,2,Valle del Cauca,15,Otras mercancias de uso domestico,0,94.3057
2026-02-01,2026,2,Otros departamentos,4,Prendas de vestir y textiles,0,77.2376
2026-02-01,2026,2,Otros departamentos,8,Electrodomesticos y muebles,1,149.8549
2026-02-01,2026,2,Otros departamentos,9,Articulos y utensilios domesticos,0,165.5864
2026-02-01,2026,2,Otros departamentos,10,Aseo del hogar,0,152.3430
2026-02-01,2026,2,Otros departamentos,11,Informatica y telecomunicaciones,0,322.0191
2026-02-01,2026,2,Otros departamentos,12,Sonido y video,0,196.2541
2026-02-01,2026,2,Otros departamentos,14,"Ferreteria, vidrios y pinturas",0,114.4051
2026-02-01,2026,2,Otros departamentos,15,Otras mercancias de uso domestico,0,108.1610
2026-03-01,2026,3,Antioquia,4,Prendas de vestir y textiles,0,85.8914
2026-03-01,2026,3,Antioquia,8,Electrodomesticos y muebles,1,182.7581
2026-03-01,2026,3,Antioquia,9,Articulos y utensilios domesticos,0,179.5621
2026-03-01,2026,3,Antioquia,10,Aseo del hogar,0,135.4526
2026-03-01,2026,3,Antioquia,11,Informatica y telecomunicaciones,0,298.3669
2026-03-01,2026,3,Antioquia,12,Sonido y video,0,187.2371
2026-03-01,2026,3,Antioquia,14,"Ferreteria, vidrios y pinturas",0,121.2748
2026-03-01,2026,3,Antioquia,15,Otras mercancias de uso domestico,0,148.9432
2026-03-01,2026,3,Atlantico,4,Prendas de vestir y textiles,0,88.5926
2026-03-01,2026,3,Atlantico,8,Electrodomesticos y muebles,1,162.6546
2026-03-01,2026,3,Atlantico,9,Articulos y utensilios domesticos,0,131.4789
2026-03-01,2026,3,Atlantico,10,Aseo del hogar,0,133.7147
2026-03-01,2026,3,Atlantico,11,Informatica y telecomunicaciones,0,276.4626
2026-03-01,2026,3,Atlantico,12,Sonido y video,0,172.1503
2026-03-01,2026,3,Atlantico,14,"Ferreteria, vidrios y pinturas",0,105.0757
2026-03-01,2026,3,Atlantico,15,Otras mercancias de uso domestico,0,118.4899
2026-03-01,2026,3,Bogota,4,Prendas de vestir y textiles,0,108.8200
2026-03-01,2026,3,Bogota,8,Electrodomesticos y muebles,1,191.6402
2026-03-01,2026,3,Bogota,9,Articulos y utensilios domesticos,0,194.4680
2026-03-01,2026,3,Bogota,10,Aseo del hogar,0,162.6841
2026-03-01,2026,3,Bogota,11,Informatica y telecomunicaciones,0,350.5748
2026-03-01,2026,3,Bogota,12,Sonido y video,0,207.1164
2026-03-01,2026,3,Bogota,14,"Ferreteria, vidrios y pinturas",0,137.4353
2026-03-01,2026,3,Bogota,15,Otras mercancias de uso domestico,0,147.5519
2026-03-01,2026,3,Cundinamarca,4,Prendas de vestir y textiles,0,120.6150
2026-03-01,2026,3,Cundinamarca,8,Electrodomesticos y muebles,1,240.1081
2026-03-01,2026,3,Cundinamarca,9,Articulos y utensilios domesticos,0,216.5081
2026-03-01,2026,3,Cundinamarca,10,Aseo del hogar,0,170.7943
2026-03-01,2026,3,Cundinamarca,11,Informatica y telecomunicaciones,0,402.5377
2026-03-01,2026,3,Cundinamarca,12,Sonido y video,0,224.2948
2026-03-01,2026,3,Cundinamarca,14,"Ferreteria, vidrios y pinturas",0,142.3317
2026-03-01,2026,3,Cundinamarca,15,Otras mercancias de uso domestico,0,160.6208
2026-03-01,2026,3,Santander,4,Prendas de vestir y textiles,0,84.0561
2026-03-01,2026,3,Santander,8,Electrodomesticos y muebles,1,160.5925
2026-03-01,2026,3,Santander,9,Articulos y utensilios domesticos,0,143.9151
2026-03-01,2026,3,Santander,10,Aseo del hogar,0,131.7035
2026-03-01,2026,3,Santander,11,Informatica y telecomunicaciones,0,314.1499
2026-03-01,2026,3,Santander,12,Sonido y video,0,180.5977
2026-03-01,2026,3,Santander,14,"Ferreteria, vidrios y pinturas",0,120.3281
2026-03-01,2026,3,Santander,15,Otras mercancias de uso domestico,0,136.9887
2026-03-01,2026,3,Valle del Cauca,4,Prendas de vestir y textiles,0,77.7548
2026-03-01,2026,3,Valle del Cauca,8,Electrodomesticos y muebles,1,154.1919
2026-03-01,2026,3,Valle del Cauca,9,Articulos y utensilios domesticos,0,127.1381
2026-03-01,2026,3,Valle del Cauca,10,Aseo del hogar,0,130.0162
2026-03-01,2026,3,Valle del Cauca,11,Informatica y telecomunicaciones,0,256.4186
2026-03-01,2026,3,Valle del Cauca,12,Sonido y video,0,190.9901
2026-03-01,2026,3,Valle del Cauca,14,"Ferreteria, vidrios y pinturas",0,103.4880
2026-03-01,2026,3,Valle del Cauca,15,Otras mercancias de uso domestico,0,94.1553
2026-03-01,2026,3,Otros departamentos,4,Prendas de vestir y textiles,0,91.7071
2026-03-01,2026,3,Otros departamentos,8,Electrodomesticos y muebles,1,165.0776
2026-03-01,2026,3,Otros departamentos,9,Articulos y utensilios domesticos,0,191.1834
2026-03-01,2026,3,Otros departamentos,10,Aseo del hogar,0,166.8449
2026-03-01,2026,3,Otros departamentos,11,Informatica y telecomunicaciones,0,319.5760
2026-03-01,2026,3,Otros departamentos,12,Sonido y video,0,202.7506
2026-03-01,2026,3,Otros departamentos,14,"Ferreteria, vidrios y pinturas",0,133.3591
2026-03-01,2026,3,Otros departamentos,15,Otras mercancias de uso domestico,0,122.7614
2026-04-01,2026,4,Antioquia,4,Prendas de vestir y textiles,0,82.4289
2026-04-01,2026,4,Antioquia,8,Electrodomesticos y muebles,1,165.3966
2026-04-01,2026,4,Antioquia,9,Articulos y utensilios domesticos,0,173.4618
2026-04-01,2026,4,Antioquia,10,Aseo del hogar,0,141.9482
2026-04-01,2026,4,Antioquia,11,Informatica y telecomunicaciones,0,277.9851
2026-04-01,2026,4,Antioquia,12,Sonido y video,0,169.8502
2026-04-01,2026,4,Antioquia,14,"Ferreteria, vidrios y pinturas",0,111.9525
2026-04-01,2026,4,Antioquia,15,Otras mercancias de uso domestico,0,141.6560
2026-04-01,2026,4,Atlantico,4,Prendas de vestir y textiles,0,74.9978
2026-04-01,2026,4,Atlantico,8,Electrodomesticos y muebles,1,123.7094
2026-04-01,2026,4,Atlantico,9,Articulos y utensilios domesticos,0,118.2042
2026-04-01,2026,4,Atlantico,10,Aseo del hogar,0,110.3859
2026-04-01,2026,4,Atlantico,11,Informatica y telecomunicaciones,0,220.2337
2026-04-01,2026,4,Atlantico,12,Sonido y video,0,172.0837
2026-04-01,2026,4,Atlantico,14,"Ferreteria, vidrios y pinturas",0,86.5928
2026-04-01,2026,4,Atlantico,15,Otras mercancias de uso domestico,0,113.7263
2026-04-01,2026,4,Bogota,4,Prendas de vestir y textiles,0,100.0289
2026-04-01,2026,4,Bogota,8,Electrodomesticos y muebles,1,165.5059
2026-04-01,2026,4,Bogota,9,Articulos y utensilios domesticos,0,173.6139
2026-04-01,2026,4,Bogota,10,Aseo del hogar,0,148.5168
2026-04-01,2026,4,Bogota,11,Informatica y telecomunicaciones,0,315.2442
2026-04-01,2026,4,Bogota,12,Sonido y video,0,215.1307
2026-04-01,2026,4,Bogota,14,"Ferreteria, vidrios y pinturas",0,122.0337
2026-04-01,2026,4,Bogota,15,Otras mercancias de uso domestico,0,129.8525
2026-04-01,2026,4,Cundinamarca,4,Prendas de vestir y textiles,0,113.0433
2026-04-01,2026,4,Cundinamarca,8,Electrodomesticos y muebles,1,216.0912
2026-04-01,2026,4,Cundinamarca,9,Articulos y utensilios domesticos,0,197.4012
2026-04-01,2026,4,Cundinamarca,10,Aseo del hogar,0,190.0468
2026-04-01,2026,4,Cundinamarca,11,Informatica y telecomunicaciones,0,378.3466
2026-04-01,2026,4,Cundinamarca,12,Sonido y video,0,242.3909
2026-04-01,2026,4,Cundinamarca,14,"Ferreteria, vidrios y pinturas",0,149.6205
2026-04-01,2026,4,Cundinamarca,15,Otras mercancias de uso domestico,0,173.0498
2026-04-01,2026,4,Santander,4,Prendas de vestir y textiles,0,83.8359
2026-04-01,2026,4,Santander,8,Electrodomesticos y muebles,1,152.0206
2026-04-01,2026,4,Santander,9,Articulos y utensilios domesticos,0,130.4720
2026-04-01,2026,4,Santander,10,Aseo del hogar,0,129.4010
2026-04-01,2026,4,Santander,11,Informatica y telecomunicaciones,0,303.4822
2026-04-01,2026,4,Santander,12,Sonido y video,0,188.2424
2026-04-01,2026,4,Santander,14,"Ferreteria, vidrios y pinturas",0,122.0972
2026-04-01,2026,4,Santander,15,Otras mercancias de uso domestico,0,128.8142
2026-04-01,2026,4,Valle del Cauca,4,Prendas de vestir y textiles,0,64.9990
2026-04-01,2026,4,Valle del Cauca,8,Electrodomesticos y muebles,1,132.8395
2026-04-01,2026,4,Valle del Cauca,9,Articulos y utensilios domesticos,0,124.5239
2026-04-01,2026,4,Valle del Cauca,10,Aseo del hogar,0,116.4092
2026-04-01,2026,4,Valle del Cauca,11,Informatica y telecomunicaciones,0,236.5725
2026-04-01,2026,4,Valle del Cauca,12,Sonido y video,0,182.3879
2026-04-01,2026,4,Valle del Cauca,14,"Ferreteria, vidrios y pinturas",0,88.5341
2026-04-01,2026,4,Valle del Cauca,15,Otras mercancias de uso domestico,0,97.4018
2026-04-01,2026,4,Otros departamentos,4,Prendas de vestir y textiles,0,88.5705
2026-04-01,2026,4,Otros departamentos,8,Electrodomesticos y muebles,1,154.8934
2026-04-01,2026,4,Otros departamentos,9,Articulos y utensilios domesticos,0,157.6904
2026-04-01,2026,4,Otros departamentos,10,Aseo del hogar,0,150.1494
2026-04-01,2026,4,Otros departamentos,11,Informatica y telecomunicaciones,0,289.2825
2026-04-01,2026,4,Otros departamentos,12,Sonido y video,0,206.1907
2026-04-01,2026,4,Otros departamentos,14,"Ferreteria, vidrios y pinturas",0,119.7935
2026-04-01,2026,4,Otros departamentos,15,Otras mercancias de uso domestico,0,128.0186
2026-05-01,2026,5,Antioquia,4,Prendas de vestir y textiles,0,107.2746
2026-05-01,2026,5,Antioquia,8,Electrodomesticos y muebles,1,180.4244
2026-05-01,2026,5,Antioquia,9,Articulos y utensilios domesticos,0,178.7796
2026-05-01,2026,5,Antioquia,10,Aseo del hogar,0,151.4265
2026-05-01,2026,5,Antioquia,11,Informatica y telecomunicaciones,0,289.5325
2026-05-01,2026,5,Antioquia,12,Sonido y video,0,230.2359
2026-05-01,2026,5,Antioquia,14,"Ferreteria, vidrios y pinturas",0,112.9008
2026-05-01,2026,5,Antioquia,15,Otras mercancias de uso domestico,0,157.1189
2026-05-01,2026,5,Atlantico,4,Prendas de vestir y textiles,0,87.9555
2026-05-01,2026,5,Atlantico,8,Electrodomesticos y muebles,1,158.4383
2026-05-01,2026,5,Atlantico,9,Articulos y utensilios domesticos,0,124.9226
2026-05-01,2026,5,Atlantico,10,Aseo del hogar,0,117.3121
2026-05-01,2026,5,Atlantico,11,Informatica y telecomunicaciones,0,222.9310
2026-05-01,2026,5,Atlantico,12,Sonido y video,0,195.5523
2026-05-01,2026,5,Atlantico,14,"Ferreteria, vidrios y pinturas",0,81.2124
2026-05-01,2026,5,Atlantico,15,Otras mercancias de uso domestico,0,120.7956
2026-05-01,2026,5,Bogota,4,Prendas de vestir y textiles,0,122.2118
2026-05-01,2026,5,Bogota,8,Electrodomesticos y muebles,1,205.6442
2026-05-01,2026,5,Bogota,9,Articulos y utensilios domesticos,0,189.6724
2026-05-01,2026,5,Bogota,10,Aseo del hogar,0,194.4738
2026-05-01,2026,5,Bogota,11,Informatica y telecomunicaciones,0,323.0354
2026-05-01,2026,5,Bogota,12,Sonido y video,0,238.5552
2026-05-01,2026,5,Bogota,14,"Ferreteria, vidrios y pinturas",0,125.6232
2026-05-01,2026,5,Bogota,15,Otras mercancias de uso domestico,0,131.9321
2026-05-01,2026,5,Cundinamarca,4,Prendas de vestir y textiles,0,127.5154
2026-05-01,2026,5,Cundinamarca,8,Electrodomesticos y muebles,1,247.2977
2026-05-01,2026,5,Cundinamarca,9,Articulos y utensilios domesticos,0,214.8393
2026-05-01,2026,5,Cundinamarca,10,Aseo del hogar,0,214.6824
2026-05-01,2026,5,Cundinamarca,11,Informatica y telecomunicaciones,0,373.3798
2026-05-01,2026,5,Cundinamarca,12,Sonido y video,0,304.4552
2026-05-01,2026,5,Cundinamarca,14,"Ferreteria, vidrios y pinturas",0,153.5953
2026-05-01,2026,5,Cundinamarca,15,Otras mercancias de uso domestico,0,188.7076
2026-05-01,2026,5,Santander,4,Prendas de vestir y textiles,0,91.2962
2026-05-01,2026,5,Santander,8,Electrodomesticos y muebles,1,156.0263
2026-05-01,2026,5,Santander,9,Articulos y utensilios domesticos,0,138.5553
2026-05-01,2026,5,Santander,10,Aseo del hogar,0,151.5086
2026-05-01,2026,5,Santander,11,Informatica y telecomunicaciones,0,306.4641
2026-05-01,2026,5,Santander,12,Sonido y video,0,215.3014
2026-05-01,2026,5,Santander,14,"Ferreteria, vidrios y pinturas",0,97.6875
2026-05-01,2026,5,Santander,15,Otras mercancias de uso domestico,0,139.0602
2026-05-01,2026,5,Valle del Cauca,4,Prendas de vestir y textiles,0,75.6671
2026-05-01,2026,5,Valle del Cauca,8,Electrodomesticos y muebles,1,155.4394
2026-05-01,2026,5,Valle del Cauca,9,Articulos y utensilios domesticos,0,130.9709
2026-05-01,2026,5,Valle del Cauca,10,Aseo del hogar,0,127.5582
2026-05-01,2026,5,Valle del Cauca,11,Informatica y telecomunicaciones,0,253.0790
2026-05-01,2026,5,Valle del Cauca,12,Sonido y video,0,244.3613
2026-05-01,2026,5,Valle del Cauca,14,"Ferreteria, vidrios y pinturas",0,92.1456
2026-05-01,2026,5,Valle del Cauca,15,Otras mercancias de uso domestico,0,112.1689
2026-05-01,2026,5,Otros departamentos,4,Prendas de vestir y textiles,0,106.6052
2026-05-01,2026,5,Otros departamentos,8,Electrodomesticos y muebles,1,162.1511
2026-05-01,2026,5,Otros departamentos,9,Articulos y utensilios domesticos,0,161.2430
2026-05-01,2026,5,Otros departamentos,10,Aseo del hogar,0,148.8233
2026-05-01,2026,5,Otros departamentos,11,Informatica y telecomunicaciones,0,340.1722
2026-05-01,2026,5,Otros departamentos,12,Sonido y video,0,273.8320
2026-05-01,2026,5,Otros departamentos,14,"Ferreteria, vidrios y pinturas",0,118.1100
2026-05-01,2026,5,Otros departamentos,15,Otras mercancias de uso domestico,0,144.1288
2026-06-01,2026,6,Antioquia,4,Prendas de vestir y textiles,0,102.3631
2026-06-01,2026,6,Antioquia,8,Electrodomesticos y muebles,1,167.9565
2026-06-01,2026,6,Antioquia,9,Articulos y utensilios domesticos,0,172.0089
2026-06-01,2026,6,Antioquia,10,Aseo del hogar,0,146.3214
2026-06-01,2026,6,Antioquia,11,Informatica y telecomunicaciones,0,261.6343
2026-06-01,2026,6,Antioquia,12,Sonido y video,0,289.2206
2026-06-01,2026,6,Antioquia,14,"Ferreteria, vidrios y pinturas",0,127.4552
2026-06-01,2026,6,Antioquia,15,Otras mercancias de uso domestico,0,141.7714
2026-06-01,2026,6,Atlantico,4,Prendas de vestir y textiles,0,84.2494
2026-06-01,2026,6,Atlantico,8,Electrodomesticos y muebles,1,140.0696
2026-06-01,2026,6,Atlantico,9,Articulos y utensilios domesticos,0,109.5559
2026-06-01,2026,6,Atlantico,10,Aseo del hogar,0,116.0234
2026-06-01,2026,6,Atlantico,11,Informatica y telecomunicaciones,0,219.0315
2026-06-01,2026,6,Atlantico,12,Sonido y video,0,263.8486
2026-06-01,2026,6,Atlantico,14,"Ferreteria, vidrios y pinturas",0,94.8406
2026-06-01,2026,6,Atlantico,15,Otras mercancias de uso domestico,0,114.5134
2026-06-01,2026,6,Bogota,4,Prendas de vestir y textiles,0,130.7762
2026-06-01,2026,6,Bogota,8,Electrodomesticos y muebles,1,183.9841
2026-06-01,2026,6,Bogota,9,Articulos y utensilios domesticos,0,195.1098
2026-06-01,2026,6,Bogota,10,Aseo del hogar,0,166.8872
2026-06-01,2026,6,Bogota,11,Informatica y telecomunicaciones,0,279.7909
2026-06-01,2026,6,Bogota,12,Sonido y video,0,314.1376
2026-06-01,2026,6,Bogota,14,"Ferreteria, vidrios y pinturas",0,126.8603
2026-06-01,2026,6,Bogota,15,Otras mercancias de uso domestico,0,118.7929
2026-06-01,2026,6,Cundinamarca,4,Prendas de vestir y textiles,0,147.7234
2026-06-01,2026,6,Cundinamarca,8,Electrodomesticos y muebles,1,216.6279
2026-06-01,2026,6,Cundinamarca,9,Articulos y utensilios domesticos,0,205.6533
2026-06-01,2026,6,Cundinamarca,10,Aseo del hogar,0,194.7926
2026-06-01,2026,6,Cundinamarca,11,Informatica y telecomunicaciones,0,361.2377
2026-06-01,2026,6,Cundinamarca,12,Sonido y video,0,458.0010
2026-06-01,2026,6,Cundinamarca,14,"Ferreteria, vidrios y pinturas",0,189.4082
2026-06-01,2026,6,Cundinamarca,15,Otras mercancias de uso domestico,0,175.4604
2026-06-01,2026,6,Santander,4,Prendas de vestir y textiles,0,99.1204
2026-06-01,2026,6,Santander,8,Electrodomesticos y muebles,1,147.5829
2026-06-01,2026,6,Santander,9,Articulos y utensilios domesticos,0,125.4160
2026-06-01,2026,6,Santander,10,Aseo del hogar,0,137.6673
2026-06-01,2026,6,Santander,11,Informatica y telecomunicaciones,0,288.5655
2026-06-01,2026,6,Santander,12,Sonido y video,0,294.1760
2026-06-01,2026,6,Santander,14,"Ferreteria, vidrios y pinturas",0,120.9884
2026-06-01,2026,6,Santander,15,Otras mercancias de uso domestico,0,133.5245
2026-06-01,2026,6,Valle del Cauca,4,Prendas de vestir y textiles,0,80.5523
2026-06-01,2026,6,Valle del Cauca,8,Electrodomesticos y muebles,1,143.3800
2026-06-01,2026,6,Valle del Cauca,9,Articulos y utensilios domesticos,0,116.1686
2026-06-01,2026,6,Valle del Cauca,10,Aseo del hogar,0,129.0003
2026-06-01,2026,6,Valle del Cauca,11,Informatica y telecomunicaciones,0,213.9062
2026-06-01,2026,6,Valle del Cauca,12,Sonido y video,0,288.8061
2026-06-01,2026,6,Valle del Cauca,14,"Ferreteria, vidrios y pinturas",0,95.1009
2026-06-01,2026,6,Valle del Cauca,15,Otras mercancias de uso domestico,0,113.7119
2026-06-01,2026,6,Otros departamentos,4,Prendas de vestir y textiles,0,121.8087
2026-06-01,2026,6,Otros departamentos,8,Electrodomesticos y muebles,1,176.0851
2026-06-01,2026,6,Otros departamentos,9,Articulos y utensilios domesticos,0,153.9514
2026-06-01,2026,6,Otros departamentos,10,Aseo del hogar,0,146.2242
2026-06-01,2026,6,Otros departamentos,11,Informatica y telecomunicaciones,0,317.8305
2026-06-01,2026,6,Otros departamentos,12,Sonido y video,0,339.4534
2026-06-01,2026,6,Otros departamentos,14,"Ferreteria, vidrios y pinturas",0,111.7173
2026-06-01,2026,6,Otros departamentos,15,Otras mercancias de uso domestico,0,141.5362
2026-07-01,2026,7,Antioquia,4,Prendas de vestir y textiles,0,90.3531
2026-07-01,2026,7,Antioquia,8,Electrodomesticos y muebles,1,179.1468
2026-07-01,2026,7,Antioquia,9,Articulos y utensilios domesticos,0,174.5688
2026-07-01,2026,7,Antioquia,10,Aseo del hogar,0,156.3277
2026-07-01,2026,7,Antioquia,11,Informatica y telecomunicaciones,0,273.4475
2026-07-01,2026,7,Antioquia,12,Sonido y video,0,213.9903
2026-07-01,2026,7,Antioquia,14,"Ferreteria, vidrios y pinturas",0,124.8069
2026-07-01,2026,7,Antioquia,15,Otras mercancias de uso domestico,0,127.7750
2026-07-01,2026,7,Atlantico,4,Prendas de vestir y textiles,0,80.8714
2026-07-01,2026,7,Atlantico,8,Electrodomesticos y muebles,1,147.4021
2026-07-01,2026,7,Atlantico,9,Articulos y utensilios domesticos,0,123.6657
2026-07-01,2026,7,Atlantico,10,Aseo del hogar,0,146.8039
2026-07-01,2026,7,Atlantico,11,Informatica y telecomunicaciones,0,222.6912
2026-07-01,2026,7,Atlantico,12,Sonido y video,0,187.3707
2026-07-01,2026,7,Atlantico,14,"Ferreteria, vidrios y pinturas",0,93.9375
2026-07-01,2026,7,Atlantico,15,Otras mercancias de uso domestico,0,115.3144
2026-07-01,2026,7,Bogota,4,Prendas de vestir y textiles,0,117.8802
2026-07-01,2026,7,Bogota,8,Electrodomesticos y muebles,1,202.2682
2026-07-01,2026,7,Bogota,9,Articulos y utensilios domesticos,0,193.1248
2026-07-01,2026,7,Bogota,10,Aseo del hogar,0,180.3600
2026-07-01,2026,7,Bogota,11,Informatica y telecomunicaciones,0,295.9346
2026-07-01,2026,7,Bogota,12,Sonido y video,0,222.4821
2026-07-01,2026,7,Bogota,14,"Ferreteria, vidrios y pinturas",0,124.7979
2026-07-01,2026,7,Bogota,15,Otras mercancias de uso domestico,0,126.3546
2026-07-01,2026,7,Cundinamarca,4,Prendas de vestir y textiles,0,132.0330
2026-07-01,2026,7,Cundinamarca,8,Electrodomesticos y muebles,1,234.6028
2026-07-01,2026,7,Cundinamarca,9,Articulos y utensilios domesticos,0,224.3872
2026-07-01,2026,7,Cundinamarca,10,Aseo del hogar,0,193.5958
2026-07-01,2026,7,Cundinamarca,11,Informatica y telecomunicaciones,0,384.5382
2026-07-01,2026,7,Cundinamarca,12,Sonido y video,0,297.3089
2026-07-01,2026,7,Cundinamarca,14,"Ferreteria, vidrios y pinturas",0,177.8035
2026-07-01,2026,7,Cundinamarca,15,Otras mercancias de uso domestico,0,171.4942
2026-07-01,2026,7,Santander,4,Prendas de vestir y textiles,0,94.4263
2026-07-01,2026,7,Santander,8,Electrodomesticos y muebles,1,164.0090
2026-07-01,2026,7,Santander,9,Articulos y utensilios domesticos,0,143.6231
2026-07-01,2026,7,Santander,10,Aseo del hogar,0,148.8639
2026-07-01,2026,7,Santander,11,Informatica y telecomunicaciones,0,269.6801
2026-07-01,2026,7,Santander,12,Sonido y video,0,198.5658
2026-07-01,2026,7,Santander,14,"Ferreteria, vidrios y pinturas",0,127.7480
2026-07-01,2026,7,Santander,15,Otras mercancias de uso domestico,0,112.8557
2026-07-01,2026,7,Valle del Cauca,4,Prendas de vestir y textiles,0,76.8575
2026-07-01,2026,7,Valle del Cauca,8,Electrodomesticos y muebles,1,149.5875
2026-07-01,2026,7,Valle del Cauca,9,Articulos y utensilios domesticos,0,131.7322
2026-07-01,2026,7,Valle del Cauca,10,Aseo del hogar,0,123.7454
2026-07-01,2026,7,Valle del Cauca,11,Informatica y telecomunicaciones,0,209.9692
2026-07-01,2026,7,Valle del Cauca,12,Sonido y video,0,190.5555
2026-07-01,2026,7,Valle del Cauca,14,"Ferreteria, vidrios y pinturas",0,103.2628
2026-07-01,2026,7,Valle del Cauca,15,Otras mercancias de uso domestico,0,109.7822
2026-07-01,2026,7,Otros departamentos,4,Prendas de vestir y textiles,0,104.1956
2026-07-01,2026,7,Otros departamentos,8,Electrodomesticos y muebles,1,188.8718
2026-07-01,2026,7,Otros departamentos,9,Articulos y utensilios domesticos,0,178.9023
2026-07-01,2026,7,Otros departamentos,10,Aseo del hogar,0,151.1940
2026-07-01,2026,7,Otros departamentos,11,Informatica y telecomunicaciones,0,304.6241
2026-07-01,2026,7,Otros departamentos,12,Sonido y video,0,235.8177
2026-07-01,2026,7,Otros departamentos,14,"Ferreteria, vidrios y pinturas",0,117.1336
2026-07-01,2026,7,Otros departamentos,15,Otras mercancias de uso domestico,0,159.6743
