fecha,anio,mes,departamento,linea_codigo,linea,es_muebles,indice_ventas_real
2019-01-01,2019,1,Antioquia,4,Prendas de vestir y textiles,0,74.6183
2019-01-01,2019,1,Antioquia,8,Electrodomesticos y muebles,1,94.4855
2019-01-01,2019,1,Antioquia,9,Articulos y utensilios domesticos,0,89.4889
2019-01-01,2019,1,Antioquia,10,Aseo del hogar,0,110.2455
2019-01-01,2019,1,Antioquia,11,Informatica y telecomunicaciones,0,78.6024
2019-01-01,2019,1,Antioquia,12,Sonido y video,0,68.1887
2019-01-01,2019,1,Antioquia,14,"Ferreteria, vidrios y pinturas",0,89.2273
2019-01-01,2019,1,Antioquia,15,Otras mercancias de uso domestico,0,76.2690
2019-01-01,2019,1,Atlantico,4,Prendas de vestir y textiles,0,67.5711
2019-01-01,2019,1,Atlantico,8,Electrodomesticos y muebles,1,101.5623
2019-01-01,2019,1,Atlantico,9,Articulos y utensilios domesticos,0,91.6178
2019-01-01,2019,1,Atlantico,10,Aseo del hogar,0,74.9068
2019-01-01,2019,1,Atlantico,11,Informatica y telecomunicaciones,0,87.9360
2019-01-01,2019,1,Atlantico,12,Sonido y video,0,66.0462
2019-01-01,2019,1,Atlantico,14,"Ferreteria, vidrios y pinturas",0,86.6764
2019-01-01,2019,1,Atlantico,15,Otras mercancias de uso domestico,0,105.6237
2019-01-01,2019,1,Bogota,4,Prendas de vestir y textiles,0,73.5856
2019-01-01,2019,1,Bogota,8,Electrodomesticos y muebles,1,83.0612
2019-01-01,2019,1,Bogota,9,Articulos y utensilios domesticos,0,80.2306
2019-01-01,2019,1,Bogota,10,Aseo del hogar,0,79.2342
2019-01-01,2019,1,Bogota,11,Informatica y telecomunicaciones,0,65.3923
2019-01-01,2019,1,Bogota,12,Sonido y video,0,73.4580
2019-01-01,2019,1,Bogota,14,"Ferreteria, vidrios y pinturas",0,89.0190
2019-01-01,2019,1,Bogota,15,Otras mercancias de uso domestico,0,76.6249
2019-01-01,2019,1,Cundinamarca,4,Prendas de vestir y textiles,0,80.1740
2019-01-01,2019,1,Cundinamarca,8,Electrodomesticos y muebles,1,71.2835
2019-01-01,2019,1,Cundinamarca,9,Articulos y utensilios domesticos,0,106.5997
2019-01-01,2019,1,Cundinamarca,10,Aseo del hogar,0,106.7629
2019-01-01,2019,1,Cundinamarca,11,Informatica y telecomunicaciones,0,92.1393
2019-01-01,2019,1,Cundinamarca,12,Sonido y video,0,74.8295
2019-01-01,2019,1,Cundinamarca,14,"Ferreteria, vidrios y pinturas",0,80.7434
2019-01-01,2019,1,Cundinamarca,15,Otras mercancias de uso domestico,0,86.4515
2019-01-01,2019,1,Santander,4,Prendas de vestir y textiles,0,76.9533
2019-01-01,2019,1,Santander,8,Electrodomesticos y muebles,1,96.1838
2019-01-01,2019,1,Santander,9,Articulos y utensilios domesticos,0,101.1902
2019-01-01,2019,1,Santander,10,Aseo del hogar,0,89.1287
2019-01-01,2019,1,Santander,11,Informatica y telecomunicaciones,0,57.8773
2019-01-01,2019,1,Santander,12,Sonido y video,0,77.6852
2019-01-01,2019,1,Santander,14,"Ferreteria, vidrios y pinturas",0,109.7137
2019-01-01,2019,1,Santander,15,Otras mercancias de uso domestico,0,88.3000
2019-01-01,2019,1,Valle del Cauca,4,Prendas de vestir y textiles,0,90.5244
2019-01-01,2019,1,Valle del Cauca,8,Electrodomesticos y muebles,1,105.1609
2019-01-01,2019,1,Valle del Cauca,9,Articulos y utensilios domesticos,0,105.8757
2019-01-01,2019,1,Valle del Cauca,10,Aseo del hogar,0,95.7813
2019-01-01,2019,1,Valle del Cauca,11,Informatica y telecomunicaciones,0,74.4733
2019-01-01,2019,1,Valle del Cauca,12,Sonido y video,0,89.0755
2019-01-01,2019,1,Valle del Cauca,14,"Ferreteria, vidrios y pinturas",0,99.5872
2019-01-01,2019,1,Valle del Cauca,15,Otras mercancias de uso domestico,0,97.6875
2019-01-01,2019,1,Otros departamentos,4,Prendas de vestir y textiles,0,75.8376
2019-01-01,2019,1,Otros departamentos,8,Electrodomesticos y muebles,1,88.7972
2019-01-01,2019,1,Otros departamentos,9,Articulos y utensilios domesticos,0,99.5821
2019-01-01,2019,1,Otros departamentos,10,Aseo del hogar,0,104.5967
2019-01-01,2019,1,Otros departamentos,11,Informatica y telecomunicaciones,0,83.5729
2019-01-01,2019,1,Otros departamentos,12,Sonido y video,0,55.4935
2019-01-01,2019,1,Otros departamentos,14,"Ferreteria, vidrios y pinturas",0,92.2915
2019-01-01,2019,1,Otros departamentos,15,Otras mercancias de uso domestico,0,86.7475
2019-02-01,2019,2,Antioquia,4,Prendas de vestir y textiles,0,54.6735
2019-02-01,2019,2,Antioquia,8,Electrodomesticos y muebles,1,92.4101
2019-02-01,2019,2,Antioquia,9,Articulos y utensilios domesticos,0,75.3288
2019-02-01,2019,2,Antioquia,10,Aseo del hogar,0,90.8011
2019-02-01,2019,2,Antioquia,11,Informatica y telecomunicaciones,0,93.5519
2019-02-01,2019,2,Antioquia,12,Sonido y video,0,78.7897
2019-02-01,2019,2,Antioquia,14,"Ferreteria, vidrios y pinturas",0,95.4917
2019-02-01,2019,2,Antioquia,15,Otras mercancias de uso domestico,0,75.2602
2019-02-01,2019,2,Atlantico,4,Prendas de vestir y textiles,0,60.3118
2019-02-01,2019,2,Atlantico,8,Electrodomesticos y muebles,1,114.4119
2019-02-01,2019,2,Atlantico,9,Articulos y utensilios domesticos,0,92.4719
2019-02-01,2019,2,Atlantico,10,Aseo del hogar,0,71.3883
2019-02-01,2019,2,Atlantico,11,Informatica y telecomunicaciones,0,73.7085
2019-02-01,2019,2,Atlantico,12,Sonido y video,0,76.2261
2019-02-01,2019,2,Atlantico,14,"Ferreteria, vidrios y pinturas",0,90.7621
2019-02-01,2019,2,Atlantico,15,Otras mercancias de uso domestico,0,78.2785
2019-02-01,2019,2,Bogota,4,Prendas de vestir y textiles,0,67.7816
2019-02-01,2019,2,Bogota,8,Electrodomesticos y muebles,1,80.4098
2019-02-01,2019,2,Bogota,9,Articulos y utensilios domesticos,0,83.3408
2019-02-01,2019,2,Bogota,10,Aseo del hogar,0,83.9001
2019-02-01,2019,2,Bogota,11,Informatica y telecomunicaciones,0,67.2656
2019-02-01,2019,2,Bogota,12,Sonido y video,0,82.1286
2019-02-01,2019,2,Bogota,14,"Ferreteria, vidrios y pinturas",0,88.4266
2019-02-01,2019,2,Bogota,15,Otras mercancias de uso domestico,0,71.8938
2019-02-01,2019,2,Cundinamarca,4,Prendas de vestir y textiles,0,62.2195
2019-02-01,2019,2,Cundinamarca,8,Electrodomesticos y muebles,1,81.7646
2019-02-01,2019,2,Cundinamarca,9,Articulos y utensilios domesticos,0,87.5256
2019-02-01,2019,2,Cundinamarca,10,Aseo del hogar,0,106.5056
2019-02-01,2019,2,Cundinamarca,11,Informatica y telecomunicaciones,0,102.1033
2019-02-01,2019,2,Cundinamarca,12,Sonido y video,0,69.3800
2019-02-01,2019,2,Cundinamarca,14,"Ferreteria, vidrios y pinturas",0,62.4573
2019-02-01,2019,2,Cundinamarca,15,Otras mercancias de uso domestico,0,86.8420
2019-02-01,2019,2,Santander,4,Prendas de vestir y textiles,0,66.3351
2019-02-01,2019,2,Santander,8,Electrodomesticos y muebles,1,85.1792
2019-02-01,2019,2,Santander,9,Articulos y utensilios domesticos,0,88.0141
2019-02-01,2019,2,Santander,10,Aseo del hogar,0,85.0182
2019-02-01,2019,2,Santander,11,Informatica y telecomunicaciones,0,78.6719
2019-02-01,2019,2,Santander,12,Sonido y video,0,83.4617
2019-02-01,2019,2,Santander,14,"Ferreteria, vidrios y pinturas",0,124.5342
2019-02-01,2019,2,Santander,15,Otras mercancias de uso domestico,0,88.9802
2019-02-01,2019,2,Valle del Cauca,4,Prendas de vestir y textiles,0,72.1346
2019-02-01,2019,2,Valle del Cauca,8,Electrodomesticos y muebles,1,92.8273
2019-02-01,2019,2,Valle del Cauca,9,Articulos y utensilios domesticos,0,100.2080
2019-02-01,2019,2,Valle del Cauca,10,Aseo del hogar,0,99.2340
2019-02-01,2019,2,Valle del Cauca,11,Informatica y telecomunicaciones,0,87.2058
2019-02-01,2019,2,Valle del Cauca,12,Sonido y video,0,85.2515
2019-02-01,2019,2,Valle del Cauca,14,"Ferreteria, vidrios y pinturas",0,102.9415
2019-02-01,2019,2,Valle del Cauca,15,Otras mercancias de uso domestico,0,93.8159
2019-02-01,2019,2,Otros departamentos,4,Prendas de vestir y textiles,0,63.6067
2019-02-01,2019,2,Otros departamentos,8,Electrodomesticos y muebles,1,76.7071
2019-02-01,2019,2,Otros departamentos,9,Articulos y utensilios domesticos,0,82.7969
2019-02-01,2019,2,Otros departamentos,10,Aseo del hogar,0,92.5813
2019-02-01,2019,2,Otros departamentos,11,Informatica y telecomunicaciones,0,89.1939
2019-02-01,2019,2,Otros departamentos,12,Sonido y video,0,74.2904
2019-02-01,2019,2,Otros departamentos,14,"Ferreteria, vidrios y pinturas",0,82.8833
2019-02-01,2019,2,Otros departamentos,15,Otras mercancias de uso domestico,0,76.3539
2019-03-01,2019,3,Antioquia,4,Prendas de vestir y textiles,0,74.7042
2019-03-01,2019,3,Antioquia,8,Electrodomesticos y muebles,1,116.7335
2019-03-01,2019,3,Antioquia,9,Articulos y utensilios domesticos,0,91.6201
2019-03-01,2019,3,Antioquia,10,Aseo del hogar,0,101.5479
2019-03-01,2019,3,Antioquia,11,Informatica y telecomunicaciones,0,94.6100
2019-03-01,2019,3,Antioquia,12,Sonido y video,0,104.6503
2019-03-01,2019,3,Antioquia,14,"Ferreteria, vidrios y pinturas",0,97.0869
2019-03-01,2019,3,Antioquia,15,Otras mercancias de uso domestico,0,81.9239
2019-03-01,2019,3,Atlantico,4,Prendas de vestir y textiles,0,73.5093
2019-03-01,2019,3,Atlantico,8,Electrodomesticos y muebles,1,126.1346
2019-03-01,2019,3,Atlantico,9,Articulos y utensilios domesticos,0,90.5452
2019-03-01,2019,3,Atlantico,10,Aseo del hogar,0,77.3333
2019-03-01,2019,3,Atlantico,11,Informatica y telecomunicaciones,0,99.3415
2019-03-01,2019,3,Atlantico,12,Sonido y video,0,90.3003
2019-03-01,2019,3,Atlantico,14,"Ferreteria, vidrios y pinturas",0,94.2853
2019-03-01,2019,3,Atlantico,15,Otras mercancias de uso domestico,0,85.9654
2019-03-01,2019,3,Bogota,4,Prendas de vestir y textiles,0,86.6409
2019-03-01,2019,3,Bogota,8,Electrodomesticos y muebles,1,94.0011
2019-03-01,2019,3,Bogota,9,Articulos y utensilios domesticos,0,110.5478
2019-03-01,2019,3,Bogota,10,Aseo del hogar,0,112.6657
2019-03-01,2019,3,Bogota,11,Informatica y telecomunicaciones,0,99.2053
2019-03-01,2019,3,Bogota,12,Sonido y video,0,88.9175
2019-03-01,2019,3,Bogota,14,"Ferreteria, vidrios y pinturas",0,106.4557
2019-03-01,2019,3,Bogota,15,Otras mercancias de uso domestico,0,81.0345
2019-03-01,2019,3,Cundinamarca,4,Prendas de vestir y textiles,0,76.4007
2019-03-01,2019,3,Cundinamarca,8,Electrodomesticos y muebles,1,96.7747
2019-03-01,2019,3,Cundinamarca,9,Articulos y utensilios domesticos,0,113.8908
2019-03-01,2019,3,Cundinamarca,10,Aseo del hogar,0,121.9162
2019-03-01,2019,3,Cundinamarca,11,Informatica y telecomunicaciones,0,110.9099
2019-03-01,2019,3,Cundinamarca,12,Sonido y video,0,99.2204
2019-03-01,2019,3,Cundinamarca,14,"Ferreteria, vidrios y pinturas",0,76.5842
2019-03-01,2019,3,Cundinamarca,15,Otras mercancias de uso domestico,0,88.7917
2019-03-01,2019,3,Santander,4,Prendas de vestir y textiles,0,76.9076
2019-03-01,2019,3,Santander,8,Electrodomesticos y muebles,1,101.5451
2019-03-01,2019,3,Santander,9,Articulos y utensilios domesticos,0,100.1687
2019-03-01,2019,3,Santander,10,Aseo del hogar,0,84.1136
2019-03-01,2019,3,Santander,11,Informatica y telecomunicaciones,0,102.5406
2019-03-01,2019,3,Santander,12,Sonido y video,0,93.1720
2019-03-01,2019,3,Santander,14,"Ferreteria, vidrios y pinturas",0,129.9019
2019-03-01,2019,3,Santander,15,Otras mercancias de uso domestico,0,79.6674
2019-03-01,2019,3,Valle del Cauca,4,Prendas de vestir y textiles,0,83.1611
2019-03-01,2019,3,Valle del Cauca,8,Electrodomesticos y muebles,1,92.7284
2019-03-01,2019,3,Valle del Cauca,9,Articulos y utensilios domesticos,0,96.0518
2019-03-01,2019,3,Valle del Cauca,10,Aseo del hogar,0,98.5346
2019-03-01,2019,3,Valle del Cauca,11,Informatica y telecomunicaciones,0,116.8777
2019-03-01,2019,3,Valle del Cauca,12,Sonido y video,0,98.0111
2019-03-01,2019,3,Valle del Cauca,14,"Ferreteria, vidrios y pinturas",0,88.0279
2019-03-01,2019,3,Valle del Cauca,15,Otras mercancias de uso domestico,0,76.5841
2019-03-01,2019,3,Otros departamentos,4,Prendas de vestir y textiles,0,65.8454
2019-03-01,2019,3,Otros departamentos,8,Electrodomesticos y muebles,1,84.3083
2019-03-01,2019,3,Otros departamentos,9,Articulos y utensilios domesticos,0,88.9577
2019-03-01,2019,3,Otros departamentos,10,Aseo del hogar,0,97.3531
2019-03-01,2019,3,Otros departamentos,11,Informatica y telecomunicaciones,0,77.9802
2019-03-01,2019,3,Otros departamentos,12,Sonido y video,0,88.2619
2019-03-01,2019,3,Otros departamentos,14,"Ferreteria, vidrios y pinturas",0,93.6053
2019-03-01,2019,3,Otros departamentos,15,Otras mercancias de uso domestico,0,97.1269
2019-04-01,2019,4,Antioquia,4,Prendas de vestir y textiles,0,57.5367
2019-04-01,2019,4,Antioquia,8,Electrodomesticos y muebles,1,93.0975
2019-04-01,2019,4,Antioquia,9,Articulos y utensilios domesticos,0,75.2039
2019-04-01,2019,4,Antioquia,10,Aseo del hogar,0,98.5435
2019-04-01,2019,4,Antioquia,11,Informatica y telecomunicaciones,0,74.9990
2019-04-01,2019,4,Antioquia,12,Sonido y video,0,95.7128
2019-04-01,2019,4,Antioquia,14,"Ferreteria, vidrios y pinturas",0,84.7116
2019-04-01,2019,4,Antioquia,15,Otras mercancias de uso domestico,0,81.7469
2019-04-01,2019,4,Atlantico,4,Prendas de vestir y textiles,0,87.2759
2019-04-01,2019,4,Atlantico,8,Electrodomesticos y muebles,1,112.7822
2019-04-01,2019,4,Atlantico,9,Articulos y utensilios domesticos,0,90.6727
2019-04-01,2019,4,Atlantico,10,Aseo del hogar,0,81.2458
2019-04-01,2019,4,Atlantico,11,Informatica y telecomunicaciones,0,81.0236
2019-04-01,2019,4,Atlantico,12,Sonido y video,0,73.5592
2019-04-01,2019,4,Atlantico,14,"Ferreteria, vidrios y pinturas",0,110.8597
2019-04-01,2019,4,Atlantico,15,Otras mercancias de uso domestico,0,97.0110
2019-04-01,2019,4,Bogota,4,Prendas de vestir y textiles,0,73.7118
2019-04-01,2019,4,Bogota,8,Electrodomesticos y muebles,1,75.0925
2019-04-01,2019,4,Bogota,9,Articulos y utensilios domesticos,0,94.6056
2019-04-01,2019,4,Bogota,10,Aseo del hogar,0,83.9066
2019-04-01,2019,4,Bogota,11,Informatica y telecomunicaciones,0,69.6190
2019-04-01,2019,4,Bogota,12,Sonido y video,0,64.3121
2019-04-01,2019,4,Bogota,14,"Ferreteria, vidrios y pinturas",0,102.1550
2019-04-01,2019,4,Bogota,15,Otras mercancias de uso domestico,0,93.7369
2019-04-01,2019,4,Cundinamarca,4,Prendas de vestir y textiles,0,67.4862
2019-04-01,2019,4,Cundinamarca,8,Electrodomesticos y muebles,1,83.9569
2019-04-01,2019,4,Cundinamarca,9,Articulos y utensilios domesticos,0,78.6441
2019-04-01,2019,4,Cundinamarca,10,Aseo del hogar,0,108.7524
2019-04-01,2019,4,Cundinamarca,11,Informatica y telecomunicaciones,0,94.8680
2019-04-01,2019,4,Cundinamarca,12,Sonido y video,0,84.1394
2019-04-01,2019,4,Cundinamarca,14,"Ferreteria, vidrios y pinturas",0,80.0814
2019-04-01,2019,4,Cundinamarca,15,Otras mercancias de uso domestico,0,84.7867
2019-04-01,2019,4,Santander,4,Prendas de vestir y textiles,0,78.1016
2019-04-01,2019,4,Santander,8,Electrodomesticos y muebles,1,89.4598
2019-04-01,2019,4,Santander,9,Articulos y utensilios domesticos,0,94.7950
2019-04-01,2019,4,Santander,10,Aseo del hogar,0,85.0188
2019-04-01,2019,4,Santander,11,Informatica y telecomunicaciones,0,96.9029
2019-04-01,2019,4,Santander,12,Sonido y video,0,80.5882
2019-04-01,2019,4,Santander,14,"Ferreteria, vidrios y pinturas",0,104.5728
2019-04-01,2019,4,Santander,15,Otras mercancias de uso domestico,0,91.4331
2019-04-01,2019,4,Valle del Cauca,4,Prendas de vestir y textiles,0,62.1943
2019-04-01,2019,4,Valle del Cauca,8,Electrodomesticos y muebles,1,77.3161
2019-04-01,2019,4,Valle del Cauca,9,Articulos y utensilios domesticos,0,80.5673
2019-04-01,2019,4,Valle del Cauca,10,Aseo del hogar,0,80.3960
2019-04-01,2019,4,Valle del Cauca,11,Informatica y telecomunicaciones,0,90.7972
2019-04-01,2019,4,Valle del Cauca,12,Sonido y video,0,72.8136
2019-04-01,2019,4,Valle del Cauca,14,"Ferreteria, vidrios y pinturas",0,89.2958
2019-04-01,2019,4,Valle del Cauca,15,Otras mercancias de uso domestico,0,79.0920
2019-04-01,2019,4,Otros departamentos,4,Prendas de vestir y textiles,0,75.0050
2019-04-01,2019,4,Otros departamentos,8,Electrodomesticos y muebles,1,89.1128
2019-04-01,2019,4,Otros departamentos,9,Articulos y utensilios domesticos,0,79.2356
2019-04-01,2019,4,Otros departamentos,10,Aseo del hogar,0,99.5564
2019-04-01,2019,4,Otros departamentos,11,Informatica y telecomunicaciones,0,84.8590
2019-04-01,2019,4,Otros departamentos,12,Sonido y video,0,85.2089
2019-04-01,2019,4,Otros departamentos,14,"Ferreteria, vidrios y pinturas",0,84.4229
2019-04-01,2019,4,Otros departamentos,15,Otras mercancias de uso domestico,0,80.1593
2019-05-01,2019,5,Antioquia,4,Prendas de vestir y textiles,0,55.4564
2019-05-01,2019,5,Antioquia,8,Electrodomesticos y muebles,1,98.7613
2019-05-01,2019,5,Antioquia,9,Articulos y utensilios domesticos,0,67.1952
2019-05-01,2019,5,Antioquia,10,Aseo del hogar,0,116.1669
2019-05-01,2019,5,Antioquia,11,Informatica y telecomunicaciones,0,93.6175
2019-05-01,2019,5,Antioquia,12,Sonido y video,0,101.9631
2019-05-01,2019,5,Antioquia,14,"Ferreteria, vidrios y pinturas",0,84.8178
2019-05-01,2019,5,Antioquia,15,Otras mercancias de uso domestico,0,95.9673
2019-05-01,2019,5,Atlantico,4,Prendas de vestir y textiles,0,74.5883
2019-05-01,2019,5,Atlantico,8,Electrodomesticos y muebles,1,101.4338
2019-05-01,2019,5,Atlantico,9,Articulos y utensilios domesticos,0,87.0846
2019-05-01,2019,5,Atlantico,10,Aseo del hogar,0,85.4518
2019-05-01,2019,5,Atlantico,11,Informatica y telecomunicaciones,0,96.7008
2019-05-01,2019,5,Atlantico,12,Sonido y video,0,103.5821
2019-05-01,2019,5,Atlantico,14,"Ferreteria, vidrios y pinturas",0,122.6771
2019-05-01,2019,5,Atlantico,15,Otras mercancias de uso domestico,0,94.0140
2019-05-01,2019,5,Bogota,4,Prendas de vestir y textiles,0,87.9969
2019-05-01,2019,5,Bogota,8,Electrodomesticos y muebles,1,86.1585
2019-05-01,2019,5,Bogota,9,Articulos y utensilios domesticos,0,83.7099
2019-05-01,2019,5,Bogota,10,Aseo del hogar,0,83.9598
2019-05-01,2019,5,Bogota,11,Informatica y telecomunicaciones,0,79.5908
2019-05-01,2019,5,Bogota,12,Sonido y video,0,82.6576
2019-05-01,2019,5,Bogota,14,"Ferreteria, vidrios y pinturas",0,99.1617
2019-05-01,2019,5,Bogota,15,Otras mercancias de uso domestico,0,91.7916
2019-05-01,2019,5,Cundinamarca,4,Prendas de vestir y textiles,0,78.7307
2019-05-01,2019,5,Cundinamarca,8,Electrodomesticos y muebles,1,116.1216
2019-05-01,2019,5,Cundinamarca,9,Articulos y utensilios domesticos,0,74.4219
2019-05-01,2019,5,Cundinamarca,10,Aseo del hogar,0,90.4830
2019-05-01,2019,5,Cundinamarca,11,Informatica y telecomunicaciones,0,94.3902
2019-05-01,2019,5,Cundinamarca,12,Sonido y video,0,110.4581
2019-05-01,2019,5,Cundinamarca,14,"Ferreteria, vidrios y pinturas",0,91.1469
2019-05-01,2019,5,Cundinamarca,15,Otras mercancias de uso domestico,0,82.7055
2019-05-01,2019,5,Santander,4,Prendas de vestir y textiles,0,86.2302
2019-05-01,2019,5,Santander,8,Electrodomesticos y muebles,1,110.7286
2019-05-01,2019,5,Santander,9,Articulos y utensilios domesticos,0,98.7490
2019-05-01,2019,5,Santander,10,Aseo del hogar,0,81.4309
2019-05-01,2019,5,Santander,11,Informatica y telecomunicaciones,0,106.0453
2019-05-01,2019,5,Santander,12,Sonido y video,0,96.3648
2019-05-01,2019,5,Santander,14,"Ferreteria, vidrios y pinturas",0,105.8583
2019-05-01,2019,5,Santander,15,Otras mercancias de uso domestico,0,87.8702
2019-05-01,2019,5,Valle del Cauca,4,Prendas de vestir y textiles,0,77.7927
2019-05-01,2019,5,Valle del Cauca,8,Electrodomesticos y muebles,1,95.4012
2019-05-01,2019,5,Valle del Cauca,9,Articulos y utensilios domesticos,0,101.1584
2019-05-01,2019,5,Valle del Cauca,10,Aseo del hogar,0,99.6926
2019-05-01,2019,5,Valle del Cauca,11,Informatica y telecomunicaciones,0,105.2628
2019-05-01,2019,5,Valle del Cauca,12,Sonido y video,0,89.1994
2019-05-01,2019,5,Valle del Cauca,14,"Ferreteria, vidrios y pinturas",0,111.3436
2019-05-01,2019,5,Valle del Cauca,15,Otras mercancias de uso domestico,0,90.2514
2019-05-01,2019,5,Otros departamentos,4,Prendas de vestir y textiles,0,102.5868
2019-05-01,2019,5,Otros departamentos,8,Electrodomesticos y muebles,1,103.4707
2019-05-01,2019,5,Otros departamentos,9,Articulos y utensilios domesticos,0,95.7048
2019-05-01,2019,5,Otros departamentos,10,Aseo del hogar,0,100.6156
2019-05-01,2019,5,Otros departamentos,11,Informatica y telecomunicaciones,0,94.4029
2019-05-01,2019,5,Otros departamentos,12,Sonido y video,0,99.5530
2019-05-01,2019,5,Otros departamentos,14,"Ferreteria, vidrios y pinturas",0,98.6022
2019-05-01,2019,5,Otros departamentos,15,Otras mercancias de uso domestico,0,90.5723
2019-06-01,2019,6,Antioquia,4,Prendas de vestir y textiles,0,80.5350
2019-06-01,2019,6,Antioquia,8,Electrodomesticos y muebles,1,96.8261
2019-06-01,2019,6,Antioquia,9,Articulos y utensilios domesticos,0,73.3164
2019-06-01,2019,6,Antioquia,10,Aseo del hogar,0,116.4663
2019-06-01,2019,6,Antioquia,11,Informatica y telecomunicaciones,0,80.5034
2019-06-01,2019,6,Antioquia,12,Sonido y video,0,129.5306
2019-06-01,2019,6,Antioquia,14,"Ferreteria, vidrios y pinturas",0,83.1130
2019-06-01,2019,6,Antioquia,15,Otras mercancias de uso domestico,0,106.5815
2019-06-01,2019,6,Atlantico,4,Prendas de vestir y textiles,0,87.2185
2019-06-01,2019,6,Atlantico,8,Electrodomesticos y muebles,1,97.6698
2019-06-01,2019,6,Atlantico,9,Articulos y utensilios domesticos,0,88.1874
2019-06-01,2019,6,Atlantico,10,Aseo del hogar,0,91.7077
2019-06-01,2019,6,Atlantico,11,Informatica y telecomunicaciones,0,84.5876
2019-06-01,2019,6,Atlantico,12,Sonido y video,0,130.7845
2019-06-01,2019,6,Atlantico,14,"Ferreteria, vidrios y pinturas",0,110.2723
2019-06-01,2019,6,Atlantico,15,Otras mercancias de uso domestico,0,106.2902
2019-06-01,2019,6,Bogota,4,Prendas de vestir y textiles,0,111.3878
2019-06-01,2019,6,Bogota,8,Electrodomesticos y muebles,1,84.7314
2019-06-01,2019,6,Bogota,9,Articulos y utensilios domesticos,0,93.8926
2019-06-01,2019,6,Bogota,10,Aseo del hogar,0,101.9815
2019-06-01,2019,6,Bogota,11,Informatica y telecomunicaciones,0,76.0562
2019-06-01,2019,6,Bogota,12,Sonido y video,0,96.4715
2019-06-01,2019,6,Bogota,14,"Ferreteria, vidrios y pinturas",0,105.0736
2019-06-01,2019,6,Bogota,15,Otras mercancias de uso domestico,0,91.1981
2019-06-01,2019,6,Cundinamarca,4,Prendas de vestir y textiles,0,84.5511
2019-06-01,2019,6,Cundinamarca,8,Electrodomesticos y muebles,1,100.7021
2019-06-01,2019,6,Cundinamarca,9,Articulos y utensilios domesticos,0,101.0943
2019-06-01,2019,6,Cundinamarca,10,Aseo del hogar,0,85.0447
2019-06-01,2019,6,Cundinamarca,11,Informatica y telecomunicaciones,0,97.0504
2019-06-01,2019,6,Cundinamarca,12,Sonido y video,0,110.5050
2019-06-01,2019,6,Cundinamarca,14,"Ferreteria, vidrios y pinturas",0,85.2235
2019-06-01,2019,6,Cundinamarca,15,Otras mercancias de uso domestico,0,84.9791
2019-06-01,2019,6,Santander,4,Prendas de vestir y textiles,0,96.4429
2019-06-01,2019,6,Santander,8,Electrodomesticos y muebles,1,104.6715
2019-06-01,2019,6,Santander,9,Articulos y utensilios domesticos,0,95.5178
2019-06-01,2019,6,Santander,10,Aseo del hogar,0,105.4388
2019-06-01,2019,6,Santander,11,Informatica y telecomunicaciones,0,109.8030
2019-06-01,2019,6,Santander,12,Sonido y video,0,110.8554
2019-06-01,2019,6,Santander,14,"Ferreteria, vidrios y pinturas",0,91.7155
2019-06-01,2019,6,Santander,15,Otras mercancias de uso domestico,0,93.0265
2019-06-01,2019,6,Valle del Cauca,4,Prendas de vestir y textiles,0,91.4291
2019-06-01,2019,6,Valle del Cauca,8,Electrodomesticos y muebles,1,83.6919
2019-06-01,2019,6,Valle del Cauca,9,Articulos y utensilios domesticos,0,82.8553
2019-06-01,2019,6,Valle del Cauca,10,Aseo del hogar,0,88.3588
2019-06-01,2019,6,Valle del Cauca,11,Informatica y telecomunicaciones,0,99.0314
2019-06-01,2019,6,Valle del Cauca,12,Sonido y video,0,102.9091
2019-06-01,2019,6,Valle del Cauca,14,"Ferreteria, vidrios y pinturas",0,90.8117
2019-06-01,2019,6,Valle del Cauca,15,Otras mercancias de uso domestico,0,102.7377
2019-06-01,2019,6,Otros departamentos,4,Prendas de vestir y textiles,0,105.2586
2019-06-01,2019,6,Otros departamentos,8,Electrodomesticos y muebles,1,111.2717
2019-06-01,2019,6,Otros departamentos,9,Articulos y utensilios domesticos,0,99.1413
2019-06-01,2019,6,Otros departamentos,10,Aseo del hogar,0,99.2211
2019-06-01,2019,6,Otros departamentos,11,Informatica y telecomunicaciones,0,97.6555
2019-06-01,2019,6,Otros departamentos,12,Sonido y video,0,115.5122
2019-06-01,2019,6,Otros departamentos,14,"Ferreteria, vidrios y pinturas",0,91.1740
2019-06-01,2019,6,Otros departamentos,15,Otras mercancias de uso domestico,0,80.3578
2019-07-01,2019,7,Antioquia,4,Prendas de vestir y textiles,0,81.0647
2019-07-01,2019,7,Antioquia,8,Electrodomesticos y muebles,1,95.3602
2019-07-01,2019,7,Antioquia,9,Articulos y utensilios domesticos,0,97.5579
2019-07-01,2019,7,Antioquia,10,Aseo del hogar,0,110.0253
2019-07-01,2019,7,Antioquia,11,Informatica y telecomunicaciones,0,103.7979
2019-07-01,2019,7,Antioquia,12,Sonido y video,0,90.0646
2019-07-01,2019,7,Antioquia,14,"Ferreteria, vidrios y pinturas",0,105.2610
2019-07-01,2019,7,Antioquia,15,Otras mercancias de uso domestico,0,107.5644
2019-07-01,2019,7,Atlantico,4,Prendas de vestir y textiles,0,75.3626
2019-07-01,2019,7,Atlantico,8,Electrodomesticos y muebles,1,102.7859
2019-07-01,2019,7,Atlantico,9,Articulos y utensilios domesticos,0,91.3792
2019-07-01,2019,7,Atlantico,10,Aseo del hogar,0,90.9944
2019-07-01,2019,7,Atlantico,11,Informatica y telecomunicaciones,0,90.0596
2019-07-01,2019,7,Atlantico,12,Sonido y video,0,97.0035
2019-07-01,2019,7,Atlantico,14,"Ferreteria, vidrios y pinturas",0,119.4366
2019-07-01,2019,7,Atlantico,15,Otras mercancias de uso domestico,0,95.9383
2019-07-01,2019,7,Bogota,4,Prendas de vestir y textiles,0,90.9015
2019-07-01,2019,7,Bogota,8,Electrodomesticos y muebles,1,83.9653
2019-07-01,2019,7,Bogota,9,Articulos y utensilios domesticos,0,106.9293
2019-07-01,2019,7,Bogota,10,Aseo del hogar,0,109.0766
2019-07-01,2019,7,Bogota,11,Informatica y telecomunicaciones,0,71.7682
2019-07-01,2019,7,Bogota,12,Sonido y video,0,78.4754
2019-07-01,2019,7,Bogota,14,"Ferreteria, vidrios y pinturas",0,103.2170
2019-07-01,2019,7,Bogota,15,Otras mercancias de uso domestico,0,85.2296
2019-07-01,2019,7,Cundinamarca,4,Prendas de vestir y textiles,0,81.2032
2019-07-01,2019,7,Cundinamarca,8,Electrodomesticos y muebles,1,112.3645
2019-07-01,2019,7,Cundinamarca,9,Articulos y utensilios domesticos,0,97.2220
2019-07-01,2019,7,Cundinamarca,10,Aseo del hogar,0,82.4761
2019-07-01,2019,7,Cundinamarca,11,Informatica y telecomunicaciones,0,102.0115
2019-07-01,2019,7,Cundinamarca,12,Sonido y video,0,92.0974
2019-07-01,2019,7,Cundinamarca,14,"Ferreteria, vidrios y pinturas",0,102.6321
2019-07-01,2019,7,Cundinamarca,15,Otras mercancias de uso domestico,0,65.7999
2019-07-01,2019,7,Santander,4,Prendas de vestir y textiles,0,83.4969
2019-07-01,2019,7,Santander,8,Electrodomesticos y muebles,1,122.0669
2019-07-01,2019,7,Santander,9,Articulos y utensilios domesticos,0,93.6154
2019-07-01,2019,7,Santander,10,Aseo del hogar,0,116.6501
2019-07-01,2019,7,Santander,11,Informatica y telecomunicaciones,0,81.2874
2019-07-01,2019,7,Santander,12,Sonido y video,0,95.6739
2019-07-01,2019,7,Santander,14,"Ferreteria, vidrios y pinturas",0,107.2105
2019-07-01,2019,7,Santander,15,Otras mercancias de uso domestico,0,101.5081
2019-07-01,2019,7,Valle del Cauca,4,Prendas de vestir y textiles,0,75.7114
2019-07-01,2019,7,Valle del Cauca,8,Electrodomesticos y muebles,1,102.6822
2019-07-01,2019,7,Valle del Cauca,9,Articulos y utensilios domesticos,0,103.0025
2019-07-01,2019,7,Valle del Cauca,10,Aseo del hogar,0,89.1103
2019-07-01,2019,7,Valle del Cauca,11,Informatica y telecomunicaciones,0,93.3256
2019-07-01,2019,7,Valle del Cauca,12,Sonido y video,0,98.0716
2019-07-01,2019,7,Valle del Cauca,14,"Ferreteria, vidrios y pinturas",0,92.6727
2019-07-01,2019,7,Valle del Cauca,15,Otras mercancias de uso domestico,0,85.4247
2019-07-01,2019,7,Otros departamentos,4,Prendas de vestir y textiles,0,105.3876
2019-07-01,2019,7,Otros departamentos,8,Electrodomesticos y muebles,1,118.9872
2019-07-01,2019,7,Otros departamentos,9,Articulos y utensilios domesticos,0,100.2939
2019-07-01,2019,7,Otros departamentos,10,Aseo del hogar,0,103.3520
2019-07-01,2019,7,Otros departamentos,11,Informatica y telecomunicaciones,0,101.3788
2019-07-01,2019,7,Otros departamentos,12,Sonido y video,0,111.3325
2019-07-01,2019,7,Otros departamentos,14,"Ferreteria, vidrios y pinturas",0,101.4508
2019-07-01,2019,7,Otros departamentos,15,Otras mercancias de uso domestico,0,89.9332
2019-08-01,2019,8,Antioquia,4,Prendas de vestir y textiles,0,87.6823
2019-08-01,2019,8,Antioquia,8,Electrodomesticos y muebles,1,96.7813
2019-08-01,2019,8,Antioquia,9,Articulos y utensilios domesticos,0,89.3238
2019-08-01,2019,8,Antioquia,10,Aseo del hogar,0,100.4142
2019-08-01,2019,8,Antioquia,11,Informatica y telecomunicaciones,0,116.2769
2019-08-01,2019,8,Antioquia,12,Sonido y video,0,89.6319
2019-08-01,2019,8,Antioquia,14,"Ferreteria, vidrios y pinturas",0,83.4555
2019-08-01,2019,8,Antioquia,15,Otras mercancias de uso domestico,0,100.6401
2019-08-01,2019,8,Atlantico,4,Prendas de vestir y textiles,0,85.5673
2019-08-01,2019,8,Atlantico,8,Electrodomesticos y muebles,1,102.4438
2019-08-01,2019,8,Atlantico,9,Articulos y utensilios domesticos,0,89.3641
2019-08-01,2019,8,Atlantico,10,Aseo del hogar,0,93.8025
2019-08-01,2019,8,Atlantico,11,Informatica y telecomunicaciones,0,116.5465
2019-08-01,2019,8,Atlantico,12,Sonido y video,0,93.7217
2019-08-01,2019,8,Atlantico,14,"Ferreteria, vidrios y pinturas",0,115.8699
2019-08-01,2019,8,Atlantico,15,Otras mercancias de uso domestico,0,97.1640
2019-08-01,2019,8,Bogota,4,Prendas de vestir y textiles,0,96.6499
2019-08-01,2019,8,Bogota,8,Electrodomesticos y muebles,1,78.2513
2019-08-01,2019,8,Bogota,9,Articulos y utensilios domesticos,0,111.0542
2019-08-01,2019,8,Bogota,10,Aseo del hogar,0,112.6642
2019-08-01,2019,8,Bogota,11,Informatica y telecomunicaciones,0,100.5125
2019-08-01,2019,8,Bogota,12,Sonido y video,0,94.5044
2019-08-01,2019,8,Bogota,14,"Ferreteria, vidrios y pinturas",0,115.5470
2019-08-01,2019,8,Bogota,15,Otras mercancias de uso domestico,0,101.2810
2019-08-01,2019,8,Cundinamarca,4,Prendas de vestir y textiles,0,80.1101
2019-08-01,2019,8,Cundinamarca,8,Electrodomesticos y muebles,1,98.5265
2019-08-01,2019,8,Cundinamarca,9,Articulos y utensilios domesticos,0,94.9036
2019-08-01,2019,8,Cundinamarca,10,Aseo del hogar,0,78.5211
2019-08-01,2019,8,Cundinamarca,11,Informatica y telecomunicaciones,0,137.0235
2019-08-01,2019,8,Cundinamarca,12,Sonido y video,0,87.4093
2019-08-01,2019,8,Cundinamarca,14,"Ferreteria, vidrios y pinturas",0,104.2686
2019-08-01,2019,8,Cundinamarca,15,Otras mercancias de uso domestico,0,76.4878
2019-08-01,2019,8,Santander,4,Prendas de vestir y textiles,0,68.8186
2019-08-01,2019,8,Santander,8,Electrodomesticos y muebles,1,95.6376
2019-08-01,2019,8,Santander,9,Articulos y utensilios domesticos,0,112.4496
2019-08-01,2019,8,Santander,10,Aseo del hogar,0,119.9558
2019-08-01,2019,8,Santander,11,Informatica y telecomunicaciones,0,98.4271
2019-08-01,2019,8,Santander,12,Sonido y video,0,91.7376
2019-08-01,2019,8,Santander,14,"Ferreteria, vidrios y pinturas",0,114.2793
2019-08-01,2019,8,Santander,15,Otras mercancias de uso domestico,0,102.4045
2019-08-01,2019,8,Valle del Cauca,4,Prendas de vestir y textiles,0,66.3292
2019-08-01,2019,8,Valle del Cauca,8,Electrodomesticos y muebles,1,117.6420
2019-08-01,2019,8,Valle del Cauca,9,Articulos y utensilios domesticos,0,117.2459
2019-08-01,2019,8,Valle del Cauca,10,Aseo del hogar,0,101.9337
2019-08-01,2019,8,Valle del Cauca,11,Informatica y telecomunicaciones,0,104.9480
2019-08-01,2019,8,Valle del Cauca,12,Sonido y video,0,110.0996
2019-08-01,2019,8,Valle del Cauca,14,"Ferreteria, vidrios y pinturas",0,102.7848
2019-08-01,2019,8,Valle del Cauca,15,Otras mercancias de uso domestico,0,75.3010
2019-08-01,2019,8,Otros departamentos,4,Prendas de vestir y textiles,0,87.4799
2019-08-01,2019,8,Otros departamentos,8,Electrodomesticos y muebles,1,142.7708
2019-08-01,2019,8,Otros departamentos,9,Articulos y utensilios domesticos,0,99.4380
2019-08-01,2019,8,Otros departamentos,10,Aseo del hogar,0,99.6822
2019-08-01,2019,8,Otros departamentos,11,Informatica y telecomunicaciones,0,106.9322
2019-08-01,2019,8,Otros departamentos,12,Sonido y video,0,121.7748
2019-08-01,2019,8,Otros departamentos,14,"Ferreteria, vidrios y pinturas",0,107.2936
2019-08-01,2019,8,Otros departamentos,15,Otras mercancias de uso domestico,0,99.5191
2019-09-01,2019,9,Antioquia,4,Prendas de vestir y textiles,0,94.5422
2019-09-01,2019,9,Antioquia,8,Electrodomesticos y muebles,1,98.2621
2019-09-01,2019,9,Antioquia,9,Articulos y utensilios domesticos,0,77.9586
2019-09-01,2019,9,Antioquia,10,Aseo del hogar,0,102.7045
2019-09-01,2019,9,Antioquia,11,Informatica y telecomunicaciones,0,95.6600
2019-09-01,2019,9,Antioquia,12,Sonido y video,0,93.7588
2019-09-01,2019,9,Antioquia,14,"Ferreteria, vidrios y pinturas",0,91.4405
2019-09-01,2019,9,Antioquia,15,Otras mercancias de uso domestico,0,92.8704
2019-09-01,2019,9,Atlantico,4,Prendas de vestir y textiles,0,89.8056
2019-09-01,2019,9,Atlantico,8,Electrodomesticos y muebles,1,73.6547
2019-09-01,2019,9,Atlantico,9,Articulos y utensilios domesticos,0,65.7390
2019-09-01,2019,9,Atlantico,10,Aseo del hogar,0,103.8489
2019-09-01,2019,9,Atlantico,11,Informatica y telecomunicaciones,0,87.8616
2019-09-01,2019,9,Atlantico,12,Sonido y video,0,79.7530
2019-09-01,2019,9,Atlantico,14,"Ferreteria, vidrios y pinturas",0,115.3809
2019-09-01,2019,9,Atlantico,15,Otras mercancias de uso domestico,0,110.2616
2019-09-01,2019,9,Bogota,4,Prendas de vestir y textiles,0,102.0105
2019-09-01,2019,9,Bogota,8,Electrodomesticos y muebles,1,91.6568
2019-09-01,2019,9,Bogota,9,Articulos y utensilios domesticos,0,101.0042
2019-09-01,2019,9,Bogota,10,Aseo del hogar,0,110.3072
2019-09-01,2019,9,Bogota,11,Informatica y telecomunicaciones,0,86.1733
2019-09-01,2019,9,Bogota,12,Sonido y video,0,72.4466
2019-09-01,2019,9,Bogota,14,"Ferreteria, vidrios y pinturas",0,117.3311
2019-09-01,2019,9,Bogota,15,Otras mercancias de uso domestico,0,76.2157
2019-09-01,2019,9,Cundinamarca,4,Prendas de vestir y textiles,0,78.7886
2019-09-01,2019,9,Cundinamarca,8,Electrodomesticos y muebles,1,83.8494
2019-09-01,2019,9,Cundinamarca,9,Articulos y utensilios domesticos,0,78.0477
2019-09-01,2019,9,Cundinamarca,10,Aseo del hogar,0,79.7659
2019-09-01,2019,9,Cundinamarca,11,Informatica y telecomunicaciones,0,119.0382
2019-09-01,2019,9,Cundinamarca,12,Sonido y video,0,86.0905
2019-09-01,2019,9,Cundinamarca,14,"Ferreteria, vidrios y pinturas",0,90.3320
2019-09-01,2019,9,Cundinamarca,15,Otras mercancias de uso domestico,0,76.8201
2019-09-01,2019,9,Santander,4,Prendas de vestir y textiles,0,67.0541
2019-09-01,2019,9,Santander,8,Electrodomesticos y muebles,1,88.5731
2019-09-01,2019,9,Santander,9,Articulos y utensilios domesticos,0,91.5600
2019-09-01,2019,9,Santander,10,Aseo del hogar,0,88.0185
2019-09-01,2019,9,Santander,11,Informatica y telecomunicaciones,0,81.6022
2019-09-01,2019,9,Santander,12,Sonido y video,0,82.8440
2019-09-01,2019,9,Santander,14,"Ferreteria, vidrios y pinturas",0,113.4902
2019-09-01,2019,9,Santander,15,Otras mercancias de uso domestico,0,95.5337
2019-09-01,2019,9,Valle del Cauca,4,Prendas de vestir y textiles,0,75.7131
2019-09-01,2019,9,Valle del Cauca,8,Electrodomesticos y muebles,1,120.4018
2019-09-01,2019,9,Valle del Cauca,9,Articulos y utensilios domesticos,0,101.3135
2019-09-01,2019,9,Valle del Cauca,10,Aseo del hogar,0,110.9100
2019-09-01,2019,9,Valle del Cauca,11,Informatica y telecomunicaciones,0,83.3674
2019-09-01,2019,9,Valle del Cauca,12,Sonido y video,0,99.6868
2019-09-01,2019,9,Valle del Cauca,14,"Ferreteria, vidrios y pinturas",0,87.0137
2019-09-01,2019,9,Valle del Cauca,15,Otras mercancias de uso domestico,0,80.1657
2019-09-01,2019,9,Otros departamentos,4,Prendas de vestir y textiles,0,79.3448
2019-09-01,2019,9,Otros departamentos,8,Electrodomesticos y muebles,1,100.0020
2019-09-01,2019,9,Otros departamentos,9,Articulos y utensilios domesticos,0,101.1321
2019-09-01,2019,9,Otros departamentos,10,Aseo del hogar,0,92.2488
2019-09-01,2019,9,Otros departamentos,11,Informatica y telecomunicaciones,0,93.0367
2019-09-01,2019,9,Otros departamentos,12,Sonido y video,0,111.7473
2019-09-01,2019,9,Otros departamentos,14,"Ferreteria, vidrios y pinturas",0,100.2864
2019-09-01,2019,9,Otros departamentos,15,Otras mercancias de uso domestico,0,106.7516
2019-10-01,2019,10,Antioquia,4,Prendas de vestir y textiles,0,95.7619
2019-10-01,2019,10,Antioquia,8,Electrodomesticos y muebles,1,97.1190
2019-10-01,2019,10,Antioquia,9,Articulos y utensilios domesticos,0,103.9620
2019-10-01,2019,10,Antioquia,10,Aseo del hogar,0,124.7058
2019-10-01,2019,10,Antioquia,11,Informatica y telecomunicaciones,0,97.8697
2019-10-01,2019,10,Antioquia,12,Sonido y video,0,80.2490
2019-10-01,2019,10,Antioquia,14,"Ferreteria, vidrios y pinturas",0,92.1144
2019-10-01,2019,10,Antioquia,15,Otras mercancias de uso domestico,0,113.9844
2019-10-01,2019,10,Atlantico,4,Prendas de vestir y textiles,0,100.1790
2019-10-01,2019,10,Atlantico,8,Electrodomesticos y muebles,1,77.3807
2019-10-01,2019,10,Atlantico,9,Articulos y utensilios domesticos,0,70.4757
2019-10-01,2019,10,Atlantico,10,Aseo del hogar,0,97.9825
2019-10-01,2019,10,Atlantico,11,Informatica y telecomunicaciones,0,106.6528
2019-10-01,2019,10,Atlantico,12,Sonido y video,0,81.0113
2019-10-01,2019,10,Atlantico,14,"Ferreteria, vidrios y pinturas",0,121.6189
2019-10-01,2019,10,Atlantico,15,Otras mercancias de uso domestico,0,109.3895
2019-10-01,2019,10,Bogota,4,Prendas de vestir y textiles,0,113.9615
2019-10-01,2019,10,Bogota,8,Electrodomesticos y muebles,1,103.1221
2019-10-01,2019,10,Bogota,9,Articulos y utensilios domesticos,0,129.0915
2019-10-01,2019,10,Bogota,10,Aseo del hogar,0,118.1720
2019-10-01,2019,10,Bogota,11,Informatica y telecomunicaciones,0,112.1604
2019-10-01,2019,10,Bogota,12,Sonido y video,0,86.1425
2019-10-01,2019,10,Bogota,14,"Ferreteria, vidrios y pinturas",0,116.7585
2019-10-01,2019,10,Bogota,15,Otras mercancias de uso domestico,0,102.6169
2019-10-01,2019,10,Cundinamarca,4,Prendas de vestir y textiles,0,86.9952
2019-10-01,2019,10,Cundinamarca,8,Electrodomesticos y muebles,1,97.0343
2019-10-01,2019,10,Cundinamarca,9,Articulos y utensilios domesticos,0,99.1094
2019-10-01,2019,10,Cundinamarca,10,Aseo del hogar,0,78.9515
2019-10-01,2019,10,Cundinamarca,11,Informatica y telecomunicaciones,0,108.0932
2019-10-01,2019,10,Cundinamarca,12,Sonido y video,0,79.4169
2019-10-01,2019,10,Cundinamarca,14,"Ferreteria, vidrios y pinturas",0,102.2634
2019-10-01,2019,10,Cundinamarca,15,Otras mercancias de uso domestico,0,89.3317
2019-10-01,2019,10,Santander,4,Prendas de vestir y textiles,0,66.3528
2019-10-01,2019,10,Santander,8,Electrodomesticos y muebles,1,81.0772
2019-10-01,2019,10,Santander,9,Articulos y utensilios domesticos,0,86.1066
2019-10-01,2019,10,Santander,10,Aseo del hogar,0,68.6446
2019-10-01,2019,10,Santander,11,Informatica y telecomunicaciones,0,94.8400
2019-10-01,2019,10,Santander,12,Sonido y video,0,105.9837
2019-10-01,2019,10,Santander,14,"Ferreteria, vidrios y pinturas",0,142.1277
2019-10-01,2019,10,Santander,15,Otras mercancias de uso domestico,0,95.5089
2019-10-01,2019,10,Valle del Cauca,4,Prendas de vestir y textiles,0,82.5711
2019-10-01,2019,10,Valle del Cauca,8,Electrodomesticos y muebles,1,95.4045
2019-10-01,2019,10,Valle del Cauca,9,Articulos y utensilios domesticos,0,100.6304
2019-10-01,2019,10,Valle del Cauca,10,Aseo del hogar,0,97.6003
2019-10-01,2019,10,Valle del Cauca,11,Informatica y telecomunicaciones,0,96.4120
2019-10-01,2019,10,Valle del Cauca,12,Sonido y video,0,92.5173
2019-10-01,2019,10,Valle del Cauca,14,"Ferreteria, vidrios y pinturas",0,104.5952
2019-10-01,2019,10,Valle del Cauca,15,Otras mercancias de uso domestico,0,103.3422
2019-10-01,2019,10,Otros departamentos,4,Prendas de vestir y textiles,0,78.8369
2019-10-01,2019,10,Otros departamentos,8,Electrodomesticos y muebles,1,97.4223
2019-10-01,2019,10,Otros departamentos,9,Articulos y utensilios domesticos,0,100.4155
2019-10-01,2019,10,Otros departamentos,10,Aseo del hogar,0,84.0395
2019-10-01,2019,10,Otros departamentos,11,Informatica y telecomunicaciones,0,88.0819
2019-10-01,2019,10,Otros departamentos,12,Sonido y video,0,105.4938
2019-10-01,2019,10,Otros departamentos,14,"Ferreteria, vidrios y pinturas",0,104.5941
2019-10-01,2019,10,Otros departamentos,15,Otras mercancias de uso domestico,0,92.0705
2019-11-01,2019,11,Antioquia,4,Prendas de vestir y textiles,0,116.6196
2019-11-01,2019,11,Antioquia,8,Electrodomesticos y muebles,1,105.9264
2019-11-01,2019,11,Antioquia,9,Articulos y utensilios domesticos,0,124.5824
2019-11-01,2019,11,Antioquia,10,Aseo del hogar,0,111.1519
2019-11-01,2019,11,Antioquia,11,Informatica y telecomunicaciones,0,130.9551
2019-11-01,2019,11,Antioquia,12,Sonido y video,0,146.6133
2019-11-01,2019,11,Antioquia,14,"Ferreteria, vidrios y pinturas",0,92.0301
2019-11-01,2019,11,Antioquia,15,Otras mercancias de uso domestico,0,135.2685
2019-11-01,2019,11,Atlantico,4,Prendas de vestir y textiles,0,134.5095
2019-11-01,2019,11,Atlantico,8,Electrodomesticos y muebles,1,112.1524
2019-11-01,2019,11,Atlantico,9,Articulos y utensilios domesticos,0,90.7517
2019-11-01,2019,11,Atlantico,10,Aseo del hogar,0,93.6582
2019-11-01,2019,11,Atlantico,11,Informatica y telecomunicaciones,0,143.2659
2019-11-01,2019,11,Atlantico,12,Sonido y video,0,131.7884
2019-11-01,2019,11,Atlantico,14,"Ferreteria, vidrios y pinturas",0,131.1088
2019-11-01,2019,11,Atlantico,15,Otras mercancias de uso domestico,0,151.6968
2019-11-01,2019,11,Bogota,4,Prendas de vestir y textiles,0,138.8132
2019-11-01,2019,11,Bogota,8,Electrodomesticos y muebles,1,128.8400
2019-11-01,2019,11,Bogota,9,Articulos y utensilios domesticos,0,126.8067
2019-11-01,2019,11,Bogota,10,Aseo del hogar,0,122.0092
2019-11-01,2019,11,Bogota,11,Informatica y telecomunicaciones,0,153.6969
2019-11-01,2019,11,Bogota,12,Sonido y video,0,135.2633
2019-11-01,2019,11,Bogota,14,"Ferreteria, vidrios y pinturas",0,118.4419
2019-11-01,2019,11,Bogota,15,Otras mercancias de uso domestico,0,137.9580
2019-11-01,2019,11,Cundinamarca,4,Prendas de vestir y textiles,0,122.7528
2019-11-01,2019,11,Cundinamarca,8,Electrodomesticos y muebles,1,122.3067
2019-11-01,2019,11,Cundinamarca,9,Articulos y utensilios domesticos,0,124.9864
2019-11-01,2019,11,Cundinamarca,10,Aseo del hogar,0,102.3804
2019-11-01,2019,11,Cundinamarca,11,Informatica y telecomunicaciones,0,133.1280
2019-11-01,2019,11,Cundinamarca,12,Sonido y video,0,159.7565
2019-11-01,2019,11,Cundinamarca,14,"Ferreteria, vidrios y pinturas",0,146.3909
2019-11-01,2019,11,Cundinamarca,15,Otras mercancias de uso domestico,0,114.0844
2019-11-01,2019,11,Santander,4,Prendas de vestir y textiles,0,103.0376
2019-11-01,2019,11,Santander,8,Electrodomesticos y muebles,1,81.7663
2019-11-01,2019,11,Santander,9,Articulos y utensilios domesticos,0,88.3243
2019-11-01,2019,11,Santander,10,Aseo del hogar,0,98.2702
2019-11-01,2019,11,Santander,11,Informatica y telecomunicaciones,0,113.7935
2019-11-01,2019,11,Santander,12,Sonido y video,0,153.5784
2019-11-01,2019,11,Santander,14,"Ferreteria, vidrios y pinturas",0,140.3872
2019-11-01,2019,11,Santander,15,Otras mercancias de uso domestico,0,99.3009
2019-11-01,2019,11,Valle del Cauca,4,Prendas de vestir y textiles,0,106.2420
2019-11-01,2019,11,Valle del Cauca,8,Electrodomesticos y muebles,1,117.9521
2019-11-01,2019,11,Valle del Cauca,9,Articulos y utensilios domesticos,0,122.4977
2019-11-01,2019,11,Valle del Cauca,10,Aseo del hogar,0,87.9878
2019-11-01,2019,11,Valle del Cauca,11,Informatica y telecomunicaciones,0,114.0869
2019-11-01,2019,11,Valle del Cauca,12,Sonido y video,0,127.1059
2019-11-01,2019,11,Valle del Cauca,14,"Ferreteria, vidrios y pinturas",0,96.7137
2019-11-01,2019,11,Valle del Cauca,15,Otras mercancias de uso domestico,0,139.6947
2019-11-01,2019,11,Otros departamentos,4,Prendas de vestir y textiles,0,106.7543
2019-11-01,2019,11,Otros departamentos,8,Electrodomesticos y muebles,1,116.2431
2019-11-01,2019,11,Otros departamentos,9,Articulos y utensilios domesticos,0,99.1443
2019-11-01,2019,11,Otros departamentos,10,Aseo del hogar,0,89.5402
2019-11-01,2019,11,Otros departamentos,11,Informatica y telecomunicaciones,0,111.1022
2019-11-01,2019,11,Otros departamentos,12,Sonido y video,0,137.8444
2019-11-01,2019,11,Otros departamentos,14,"Ferreteria, vidrios y pinturas",0,108.8232
2019-11-01,2019,11,Otros departamentos,15,Otras mercancias de uso domestico,0,115.9155
2019-12-01,2019,12,Antioquia,4,Prendas de vestir y textiles,0,246.1114
2019-12-01,2019,12,Antioquia,8,Electrodomesticos y muebles,1,116.7481
2019-12-01,2019,12,Antioquia,9,Articulos y utensilios domesticos,0,164.2179
2019-12-01,2019,12,Antioquia,10,Aseo del hogar,0,117.4545
2019-12-01,2019,12,Antioquia,11,Informatica y telecomunicaciones,0,161.8083
2019-12-01,2019,12,Antioquia,12,Sonido y video,0,186.1757
2019-12-01,2019,12,Antioquia,14,"Ferreteria, vidrios y pinturas",0,125.9810
2019-12-01,2019,12,Antioquia,15,Otras mercancias de uso domestico,0,163.4353
2019-12-01,2019,12,Atlantico,4,Prendas de vestir y textiles,0,252.1724
2019-12-01,2019,12,Atlantico,8,Electrodomesticos y muebles,1,101.7963
2019-12-01,2019,12,Atlantico,9,Articulos y utensilios domesticos,0,141.3254
2019-12-01,2019,12,Atlantico,10,Aseo del hogar,0,103.0009
2019-12-01,2019,12,Atlantico,11,Informatica y telecomunicaciones,0,169.9028
2019-12-01,2019,12,Atlantico,12,Sonido y video,0,164.1708
2019-12-01,2019,12,Atlantico,14,"Ferreteria, vidrios y pinturas",0,119.3254
2019-12-01,2019,12,Atlantico,15,Otras mercancias de uso domestico,0,200.9899
2019-12-01,2019,12,Bogota,4,Prendas de vestir y textiles,0,299.3961
2019-12-01,2019,12,Bogota,8,Electrodomesticos y muebles,1,116.5985
2019-12-01,2019,12,Bogota,9,Articulos y utensilios domesticos,0,173.3890
2019-12-01,2019,12,Bogota,10,Aseo del hogar,0,115.5859
2019-12-01,2019,12,Bogota,11,Informatica y telecomunicaciones,0,199.4069
2019-12-01,2019,12,Bogota,12,Sonido y video,0,127.9034
2019-12-01,2019,12,Bogota,14,"Ferreteria, vidrios y pinturas",0,107.3187
2019-12-01,2019,12,Bogota,15,Otras mercancias de uso domestico,0,158.0914
2019-12-01,2019,12,Cundinamarca,4,Prendas de vestir y textiles,0,235.9230
2019-12-01,2019,12,Cundinamarca,8,Electrodomesticos y muebles,1,113.3026
2019-12-01,2019,12,Cundinamarca,9,Articulos y utensilios domesticos,0,117.8730
2019-12-01,2019,12,Cundinamarca,10,Aseo del hogar,0,109.3588
2019-12-01,2019,12,Cundinamarca,11,Informatica y telecomunicaciones,0,148.8183
2019-12-01,2019,12,Cundinamarca,12,Sonido y video,0,160.7976
2019-12-01,2019,12,Cundinamarca,14,"Ferreteria, vidrios y pinturas",0,131.9436
2019-12-01,2019,12,Cundinamarca,15,Otras mercancias de uso domestico,0,144.6813
2019-12-01,2019,12,Santander,4,Prendas de vestir y textiles,0,237.6238
2019-12-01,2019,12,Santander,8,Electrodomesticos y muebles,1,96.7609
2019-12-01,2019,12,Santander,9,Articulos y utensilios domesticos,0,153.3144
2019-12-01,2019,12,Santander,10,Aseo del hogar,0,106.9748
2019-12-01,2019,12,Santander,11,Informatica y telecomunicaciones,0,141.2233
2019-12-01,2019,12,Santander,12,Sonido y video,0,137.1048
2019-12-01,2019,12,Santander,14,"Ferreteria, vidrios y pinturas",0,112.4967
2019-12-01,2019,12,Santander,15,Otras mercancias de uso domestico,0,157.6825
2019-12-01,2019,12,Valle del Cauca,4,Prendas de vestir y textiles,0,231.6596
2019-12-01,2019,12,Valle del Cauca,8,Electrodomesticos y muebles,1,126.1299
2019-12-01,2019,12,Valle del Cauca,9,Articulos y utensilios domesticos,0,159.1613
2019-12-01,2019,12,Valle del Cauca,10,Aseo del hogar,0,125.0249
2019-12-01,2019,12,Valle del Cauca,11,Informatica y telecomunicaciones,0,135.1619
2019-12-01,2019,12,Valle del Cauca,12,Sonido y video,0,119.6921
2019-12-01,2019,12,Valle del Cauca,14,"Ferreteria, vidrios y pinturas",0,81.9129
2019-12-01,2019,12,Valle del Cauca,15,Otras mercancias de uso domestico,0,180.0610
2019-12-01,2019,12,Otros departamentos,4,Prendas de vestir y textiles,0,253.0323
2019-12-01,2019,12,Otros departamentos,8,Electrodomesticos y muebles,1,128.6397
2019-12-01,2019,12,Otros departamentos,9,Articulos y utensilios domesticos,0,122.7769
2019-12-01,2019,12,Otros departamentos,10,Aseo del hogar,0,112.2142
2019-12-01,2019,12,Otros departamentos,11,Informatica y telecomunicaciones,0,150.4645
2019-12-01,2019,12,Otros departamentos,12,Sonido y video,0,143.9227
2019-12-01,2019,12,Otros departamentos,14,"Ferreteria, vidrios y pinturas",0,103.0010
2019-12-01,2019,12,Otros departamentos,15,Otras mercancias de uso domestico,0,186.1809
2020-01-01,2020,1,Antioquia,4,Prendas de vestir y textiles,0,92.0980
2020-01-01,2020,1,Antioquia,8,Electrodomesticos y muebles,1,87.0030
2020-01-01,2020,1,Antioquia,9,Articulos y utensilios domesticos,0,108.2271
2020-01-01,2020,1,Antioquia,10,Aseo del hogar,0,90.0357
2020-01-01,2020,1,Antioquia,11,Informatica y telecomunicaciones,0,105.9451
2020-01-01,2020,1,Antioquia,12,Sonido y video,0,79.8841
2020-01-01,2020,1,Antioquia,14,"Ferreteria, vidrios y pinturas",0,105.1705
2020-01-01,2020,1,Antioquia,15,Otras mercancias de uso domestico,0,73.8659
2020-01-01,2020,1,Atlantico,4,Prendas de vestir y textiles,0,74.9191
2020-01-01,2020,1,Atlantico,8,Electrodomesticos y muebles,1,99.5878
2020-01-01,2020,1,Atlantico,9,Articulos y utensilios domesticos,0,76.7598
2020-01-01,2020,1,Atlantico,10,Aseo del hogar,0,109.7212
2020-01-01,2020,1,Atlantico,11,Informatica y telecomunicaciones,0,97.8952
2020-01-01,2020,1,Atlantico,12,Sonido y video,0,107.6242
2020-01-01,2020,1,Atlantico,14,"Ferreteria, vidrios y pinturas",0,114.1063
2020-01-01,2020,1,Atlantico,15,Otras mercancias de uso domestico,0,86.0641
2020-01-01,2020,1,Bogota,4,Prendas de vestir y textiles,0,76.9939
2020-01-01,2020,1,Bogota,8,Electrodomesticos y muebles,1,110.8318
2020-01-01,2020,1,Bogota,9,Articulos y utensilios domesticos,0,107.9573
2020-01-01,2020,1,Bogota,10,Aseo del hogar,0,105.6270
2020-01-01,2020,1,Bogota,11,Informatica y telecomunicaciones,0,105.2671
2020-01-01,2020,1,Bogota,12,Sonido y video,0,73.0323
2020-01-01,2020,1,Bogota,14,"Ferreteria, vidrios y pinturas",0,92.1633
2020-01-01,2020,1,Bogota,15,Otras mercancias de uso domestico,0,67.1231
2020-01-01,2020,1,Cundinamarca,4,Prendas de vestir y textiles,0,74.6343
2020-01-01,2020,1,Cundinamarca,8,Electrodomesticos y muebles,1,122.3322
2020-01-01,2020,1,Cundinamarca,9,Articulos y utensilios domesticos,0,87.3160
2020-01-01,2020,1,Cundinamarca,10,Aseo del hogar,0,127.0694
2020-01-01,2020,1,Cundinamarca,11,Informatica y telecomunicaciones,0,105.2783
2020-01-01,2020,1,Cundinamarca,12,Sonido y video,0,123.5507
2020-01-01,2020,1,Cundinamarca,14,"Ferreteria, vidrios y pinturas",0,126.1747
2020-01-01,2020,1,Cundinamarca,15,Otras mercancias de uso domestico,0,97.3454
2020-01-01,2020,1,Santander,4,Prendas de vestir y textiles,0,66.8394
2020-01-01,2020,1,Santander,8,Electrodomesticos y muebles,1,82.9067
2020-01-01,2020,1,Santander,9,Articulos y utensilios domesticos,0,94.1914
2020-01-01,2020,1,Santander,10,Aseo del hogar,0,103.4262
2020-01-01,2020,1,Santander,11,Informatica y telecomunicaciones,0,87.0512
2020-01-01,2020,1,Santander,12,Sonido y video,0,86.4705
2020-01-01,2020,1,Santander,14,"Ferreteria, vidrios y pinturas",0,93.2195
2020-01-01,2020,1,Santander,15,Otras mercancias de uso domestico,0,80.9033
2020-01-01,2020,1,Valle del Cauca,4,Prendas de vestir y textiles,0,78.5375
2020-01-01,2020,1,Valle del Cauca,8,Electrodomesticos y muebles,1,95.4502
2020-01-01,2020,1,Valle del Cauca,9,Articulos y utensilios domesticos,0,112.2825
2020-01-01,2020,1,Valle del Cauca,10,Aseo del hogar,0,129.1682
2020-01-01,2020,1,Valle del Cauca,11,Informatica y telecomunicaciones,0,88.6596
2020-01-01,2020,1,Valle del Cauca,12,Sonido y video,0,61.4190
2020-01-01,2020,1,Valle del Cauca,14,"Ferreteria, vidrios y pinturas",0,83.8974
2020-01-01,2020,1,Valle del Cauca,15,Otras mercancias de uso domestico,0,94.8346
2020-01-01,2020,1,Otros departamentos,4,Prendas de vestir y textiles,0,90.0998
2020-01-01,2020,1,Otros departamentos,8,Electrodomesticos y muebles,1,109.0512
2020-01-01,2020,1,Otros departamentos,9,Articulos y utensilios domesticos,0,94.1677
2020-01-01,2020,1,Otros departamentos,10,Aseo del hogar,0,103.4938
2020-01-01,2020,1,Otros departamentos,11,Informatica y telecomunicaciones,0,92.7331
2020-01-01,2020,1,Otros departamentos,12,Sonido y video,0,93.7585
2020-01-01,2020,1,Otros departamentos,14,"Ferreteria, vidrios y pinturas",0,89.1357
2020-01-01,2020,1,Otros departamentos,15,Otras mercancias de uso domestico,0,100.5355
2020-02-01,2020,2,Antioquia,4,Prendas de vestir y textiles,0,87.2068
2020-02-01,2020,2,Antioquia,8,Electrodomesticos y muebles,1,90.7708
2020-02-01,2020,2,Antioquia,9,Articulos y utensilios domesticos,0,100.7686
2020-02-01,2020,2,Antioquia,10,Aseo del hogar,0,85.3591
2020-02-01,2020,2,Antioquia,11,Informatica y telecomunicaciones,0,132.3079
2020-02-01,2020,2,Antioquia,12,Sonido y video,0,90.4941
2020-02-01,2020,2,Antioquia,14,"Ferreteria, vidrios y pinturas",0,103.0407
2020-02-01,2020,2,Antioquia,15,Otras mercancias de uso domestico,0,72.3688
2020-02-01,2020,2,Atlantico,4,Prendas de vestir y textiles,0,67.8400
2020-02-01,2020,2,Atlantico,8,Electrodomesticos y muebles,1,92.1132
2020-02-01,2020,2,Atlantico,9,Articulos y utensilios domesticos,0,83.7245
2020-02-01,2020,2,Atlantico,10,Aseo del hogar,0,108.8007
2020-02-01,2020,2,Atlantico,11,Informatica y telecomunicaciones,0,91.5389
2020-02-01,2020,2,Atlantico,12,Sonido y video,0,82.3476
2020-02-01,2020,2,Atlantico,14,"Ferreteria, vidrios y pinturas",0,99.7290
2020-02-01,2020,2,Atlantico,15,Otras mercancias de uso domestico,0,65.3507
2020-02-01,2020,2,Bogota,4,Prendas de vestir y textiles,0,71.9653
2020-02-01,2020,2,Bogota,8,Electrodomesticos y muebles,1,99.2217
2020-02-01,2020,2,Bogota,9,Articulos y utensilios domesticos,0,112.3882
2020-02-01,2020,2,Bogota,10,Aseo del hogar,0,131.2049
2020-02-01,2020,2,Bogota,11,Informatica y telecomunicaciones,0,91.8086
2020-02-01,2020,2,Bogota,12,Sonido y video,0,104.3326
2020-02-01,2020,2,Bogota,14,"Ferreteria, vidrios y pinturas",0,91.9781
2020-02-01,2020,2,Bogota,15,Otras mercancias de uso domestico,0,75.8496
2020-02-01,2020,2,Cundinamarca,4,Prendas de vestir y textiles,0,64.3707
2020-02-01,2020,2,Cundinamarca,8,Electrodomesticos y muebles,1,125.6948
2020-02-01,2020,2,Cundinamarca,9,Articulos y utensilios domesticos,0,96.3939
2020-02-01,2020,2,Cundinamarca,10,Aseo del hogar,0,120.9893
2020-02-01,2020,2,Cundinamarca,11,Informatica y telecomunicaciones,0,93.7988
2020-02-01,2020,2,Cundinamarca,12,Sonido y video,0,116.1435
2020-02-01,2020,2,Cundinamarca,14,"Ferreteria, vidrios y pinturas",0,126.8307
2020-02-01,2020,2,Cundinamarca,15,Otras mercancias de uso domestico,0,91.0749
2020-02-01,2020,2,Santander,4,Prendas de vestir y textiles,0,79.8503
2020-02-01,2020,2,Santander,8,Electrodomesticos y muebles,1,102.2077
2020-02-01,2020,2,Santander,9,Articulos y utensilios domesticos,0,95.1403
2020-02-01,2020,2,Santander,10,Aseo del hogar,0,128.6224
2020-02-01,2020,2,Santander,11,Informatica y telecomunicaciones,0,104.1367
2020-02-01,2020,2,Santander,12,Sonido y video,0,94.6926
2020-02-01,2020,2,Santander,14,"Ferreteria, vidrios y pinturas",0,99.0847
2020-02-01,2020,2,Santander,15,Otras mercancias de uso domestico,0,85.1895
2020-02-01,2020,2,Valle del Cauca,4,Prendas de vestir y textiles,0,57.3392
2020-02-01,2020,2,Valle del Cauca,8,Electrodomesticos y muebles,1,93.8915
2020-02-01,2020,2,Valle del Cauca,9,Articulos y utensilios domesticos,0,94.9454
2020-02-01,2020,2,Valle del Cauca,10,Aseo del hogar,0,142.7642
2020-02-01,2020,2,Valle del Cauca,11,Informatica y telecomunicaciones,0,119.6587
2020-02-01,2020,2,Valle del Cauca,12,Sonido y video,0,81.1684
2020-02-01,2020,2,Valle del Cauca,14,"Ferreteria, vidrios y pinturas",0,86.9536
2020-02-01,2020,2,Valle del Cauca,15,Otras mercancias de uso domestico,0,81.1156
2020-02-01,2020,2,Otros departamentos,4,Prendas de vestir y textiles,0,73.5076
2020-02-01,2020,2,Otros departamentos,8,Electrodomesticos y muebles,1,122.0277
2020-02-01,2020,2,Otros departamentos,9,Articulos y utensilios domesticos,0,88.0982
2020-02-01,2020,2,Otros departamentos,10,Aseo del hogar,0,79.4370
2020-02-01,2020,2,Otros departamentos,11,Informatica y telecomunicaciones,0,111.5679
2020-02-01,2020,2,Otros departamentos,12,Sonido y video,0,107.6227
2020-02-01,2020,2,Otros departamentos,14,"Ferreteria, vidrios y pinturas",0,105.6283
2020-02-01,2020,2,Otros departamentos,15,Otras mercancias de uso domestico,0,99.9406
2020-03-01,2020,3,Antioquia,4,Prendas de vestir y textiles,0,55.7442
2020-03-01,2020,3,Antioquia,8,Electrodomesticos y muebles,1,71.6206
2020-03-01,2020,3,Antioquia,9,Articulos y utensilios domesticos,0,55.9869
2020-03-01,2020,3,Antioquia,10,Aseo del hogar,0,117.3374
2020-03-01,2020,3,Antioquia,11,Informatica y telecomunicaciones,0,96.1877
2020-03-01,2020,3,Antioquia,12,Sonido y video,0,69.7792
2020-03-01,2020,3,Antioquia,14,"Ferreteria, vidrios y pinturas",0,76.4261
2020-03-01,2020,3,Antioquia,15,Otras mercancias de uso domestico,0,62.0473
2020-03-01,2020,3,Atlantico,4,Prendas de vestir y textiles,0,38.0772
2020-03-01,2020,3,Atlantico,8,Electrodomesticos y muebles,1,86.8788
2020-03-01,2020,3,Atlantico,9,Articulos y utensilios domesticos,0,75.4498
2020-03-01,2020,3,Atlantico,10,Aseo del hogar,0,135.1153
2020-03-01,2020,3,Atlantico,11,Informatica y telecomunicaciones,0,74.3345
2020-03-01,2020,3,Atlantico,12,Sonido y video,0,60.3073
2020-03-01,2020,3,Atlantico,14,"Ferreteria, vidrios y pinturas",0,81.5338
2020-03-01,2020,3,Atlantico,15,Otras mercancias de uso domestico,0,77.3720
2020-03-01,2020,3,Bogota,4,Prendas de vestir y textiles,0,37.1805
2020-03-01,2020,3,Bogota,8,Electrodomesticos y muebles,1,78.3983
2020-03-01,2020,3,Bogota,9,Articulos y utensilios domesticos,0,78.0118
2020-03-01,2020,3,Bogota,10,Aseo del hogar,0,159.0518
2020-03-01,2020,3,Bogota,11,Informatica y telecomunicaciones,0,85.4153
2020-03-01,2020,3,Bogota,12,Sonido y video,0,94.7081
2020-03-01,2020,3,Bogota,14,"Ferreteria, vidrios y pinturas",0,70.5961
2020-03-01,2020,3,Bogota,15,Otras mercancias de uso domestico,0,75.2362
2020-03-01,2020,3,Cundinamarca,4,Prendas de vestir y textiles,0,43.4114
2020-03-01,2020,3,Cundinamarca,8,Electrodomesticos y muebles,1,85.0952
2020-03-01,2020,3,Cundinamarca,9,Articulos y utensilios domesticos,0,73.0327
2020-03-01,2020,3,Cundinamarca,10,Aseo del hogar,0,162.3268
2020-03-01,2020,3,Cundinamarca,11,Informatica y telecomunicaciones,0,78.7400
2020-03-01,2020,3,Cundinamarca,12,Sonido y video,0,78.7129
2020-03-01,2020,3,Cundinamarca,14,"Ferreteria, vidrios y pinturas",0,88.2240
2020-03-01,2020,3,Cundinamarca,15,Otras mercancias de uso domestico,0,78.8082
2020-03-01,2020,3,Santander,4,Prendas de vestir y textiles,0,41.3624
2020-03-01,2020,3,Santander,8,Electrodomesticos y muebles,1,76.4575
2020-03-01,2020,3,Santander,9,Articulos y utensilios domesticos,0,67.8364
2020-03-01,2020,3,Santander,10,Aseo del hogar,0,160.3052
2020-03-01,2020,3,Santander,11,Informatica y telecomunicaciones,0,69.1208
2020-03-01,2020,3,Santander,12,Sonido y video,0,66.2612
2020-03-01,2020,3,Santander,14,"Ferreteria, vidrios y pinturas",0,86.5190
2020-03-01,2020,3,Santander,15,Otras mercancias de uso domestico,0,71.9498
2020-03-01,2020,3,Valle del Cauca,4,Prendas de vestir y textiles,0,37.0230
2020-03-01,2020,3,Valle del Cauca,8,Electrodomesticos y muebles,1,68.8629
2020-03-01,2020,3,Valle del Cauca,9,Articulos y utensilios domesticos,0,72.7728
2020-03-01,2020,3,Valle del Cauca,10,Aseo del hogar,0,173.6059
2020-03-01,2020,3,Valle del Cauca,11,Informatica y telecomunicaciones,0,91.9558
2020-03-01,2020,3,Valle del Cauca,12,Sonido y video,0,64.1409
2020-03-01,2020,3,Valle del Cauca,14,"Ferreteria, vidrios y pinturas",0,61.9742
2020-03-01,2020,3,Valle del Cauca,15,Otras mercancias de uso domestico,0,86.5756
2020-03-01,2020,3,Otros departamentos,4,Prendas de vestir y textiles,0,47.8208
2020-03-01,2020,3,Otros departamentos,8,Electrodomesticos y muebles,1,79.9225
2020-03-01,2020,3,Otros departamentos,9,Articulos y utensilios domesticos,0,73.2319
2020-03-01,2020,3,Otros departamentos,10,Aseo del hogar,0,104.4214
2020-03-01,2020,3,Otros departamentos,11,Informatica y telecomunicaciones,0,92.8697
2020-03-01,2020,3,Otros departamentos,12,Sonido y video,0,90.2226
2020-03-01,2020,3,Otros departamentos,14,"Ferreteria, vidrios y pinturas",0,70.7607
2020-03-01,2020,3,Otros departamentos,15,Otras mercancias de uso domestico,0,87.1365
2020-04-01,2020,4,Antioquia,4,Prendas de vestir y textiles,0,9.2897
2020-04-01,2020,4,Antioquia,8,Electrodomesticos y muebles,1,39.5860
2020-04-01,2020,4,Antioquia,9,Articulos y utensilios domesticos,0,29.0300
2020-04-01,2020,4,Antioquia,10,Aseo del hogar,0,92.8902
2020-04-01,2020,4,Antioquia,11,Informatica y telecomunicaciones,0,64.7212
2020-04-01,2020,4,Antioquia,12,Sonido y video,0,28.8993
2020-04-01,2020,4,Antioquia,14,"Ferreteria, vidrios y pinturas",0,20.8555
2020-04-01,2020,4,Antioquia,15,Otras mercancias de uso domestico,0,36.8152
2020-04-01,2020,4,Atlantico,4,Prendas de vestir y textiles,0,4.8033
2020-04-01,2020,4,Atlantico,8,Electrodomesticos y muebles,1,27.5344
2020-04-01,2020,4,Atlantico,9,Articulos y utensilios domesticos,0,32.6131
2020-04-01,2020,4,Atlantico,10,Aseo del hogar,0,70.2750
2020-04-01,2020,4,Atlantico,11,Informatica y telecomunicaciones,0,41.1763
2020-04-01,2020,4,Atlantico,12,Sonido y video,0,23.3481
2020-04-01,2020,4,Atlantico,14,"Ferreteria, vidrios y pinturas",0,17.2706
2020-04-01,2020,4,Atlantico,15,Otras mercancias de uso domestico,0,33.8269
2020-04-01,2020,4,Bogota,4,Prendas de vestir y textiles,0,12.9979
2020-04-01,2020,4,Bogota,8,Electrodomesticos y muebles,1,56.4786
2020-04-01,2020,4,Bogota,9,Articulos y utensilios domesticos,0,57.0253
2020-04-01,2020,4,Bogota,10,Aseo del hogar,0,156.2191
2020-04-01,2020,4,Bogota,11,Informatica y telecomunicaciones,0,105.5397
2020-04-01,2020,4,Bogota,12,Sonido y video,0,76.5474
2020-04-01,2020,4,Bogota,14,"Ferreteria, vidrios y pinturas",0,39.7363
2020-04-01,2020,4,Bogota,15,Otras mercancias de uso domestico,0,85.6838
2020-04-01,2020,4,Cundinamarca,4,Prendas de vestir y textiles,0,8.4075
2020-04-01,2020,4,Cundinamarca,8,Electrodomesticos y muebles,1,40.7461
2020-04-01,2020,4,Cundinamarca,9,Articulos y utensilios domesticos,0,35.5791
2020-04-01,2020,4,Cundinamarca,10,Aseo del hogar,0,114.4221
2020-04-01,2020,4,Cundinamarca,11,Informatica y telecomunicaciones,0,57.6498
2020-04-01,2020,4,Cundinamarca,12,Sonido y video,0,39.5165
2020-04-01,2020,4,Cundinamarca,14,"Ferreteria, vidrios y pinturas",0,35.4936
2020-04-01,2020,4,Cundinamarca,15,Otras mercancias de uso domestico,0,49.3390
2020-04-01,2020,4,Santander,4,Prendas de vestir y textiles,0,7.7640
2020-04-01,2020,4,Santander,8,Electrodomesticos y muebles,1,38.8213
2020-04-01,2020,4,Santander,9,Articulos y utensilios domesticos,0,39.5579
2020-04-01,2020,4,Santander,10,Aseo del hogar,0,103.6017
2020-04-01,2020,4,Santander,11,Informatica y telecomunicaciones,0,78.2233
2020-04-01,2020,4,Santander,12,Sonido y video,0,42.2521
2020-04-01,2020,4,Santander,14,"Ferreteria, vidrios y pinturas",0,27.9741
2020-04-01,2020,4,Santander,15,Otras mercancias de uso domestico,0,45.8130
2020-04-01,2020,4,Valle del Cauca,4,Prendas de vestir y textiles,0,5.9193
2020-04-01,2020,4,Valle del Cauca,8,Electrodomesticos y muebles,1,31.5607
2020-04-01,2020,4,Valle del Cauca,9,Articulos y utensilios domesticos,0,34.5800
2020-04-01,2020,4,Valle del Cauca,10,Aseo del hogar,0,67.0467
2020-04-01,2020,4,Valle del Cauca,11,Informatica y telecomunicaciones,0,73.8174
2020-04-01,2020,4,Valle del Cauca,12,Sonido y video,0,29.0766
2020-04-01,2020,4,Valle del Cauca,14,"Ferreteria, vidrios y pinturas",0,17.6118
2020-04-01,2020,4,Valle del Cauca,15,Otras mercancias de uso domestico,0,45.9278
2020-04-01,2020,4,Otros departamentos,4,Prendas de vestir y textiles,0,9.0048
2020-04-01,2020,4,Otros departamentos,8,Electrodomesticos y muebles,1,38.2367
2020-04-01,2020,4,Otros departamentos,9,Articulos y utensilios domesticos,0,38.7200
2020-04-01,2020,4,Otros departamentos,10,Aseo del hogar,0,72.1213
2020-04-01,2020,4,Otros departamentos,11,Informatica y telecomunicaciones,0,71.5327
2020-04-01,2020,4,Otros departamentos,12,Sonido y video,0,48.8992
2020-04-01,2020,4,Otros departamentos,14,"Ferreteria, vidrios y pinturas",0,20.7034
2020-04-01,2020,4,Otros departamentos,15,Otras mercancias de uso domestico,0,45.9463
2020-05-01,2020,5,Antioquia,4,Prendas de vestir y textiles,0,30.2435
2020-05-01,2020,5,Antioquia,8,Electrodomesticos y muebles,1,90.2871
2020-05-01,2020,5,Antioquia,9,Articulos y utensilios domesticos,0,61.7904
2020-05-01,2020,5,Antioquia,10,Aseo del hogar,0,125.4391
2020-05-01,2020,5,Antioquia,11,Informatica y telecomunicaciones,0,114.6364
2020-05-01,2020,5,Antioquia,12,Sonido y video,0,60.7651
2020-05-01,2020,5,Antioquia,14,"Ferreteria, vidrios y pinturas",0,62.5682
2020-05-01,2020,5,Antioquia,15,Otras mercancias de uso domestico,0,56.2478
2020-05-01,2020,5,Atlantico,4,Prendas de vestir y textiles,0,16.5323
2020-05-01,2020,5,Atlantico,8,Electrodomesticos y muebles,1,77.3790
2020-05-01,2020,5,Atlantico,9,Articulos y utensilios domesticos,0,75.4248
2020-05-01,2020,5,Atlantico,10,Aseo del hogar,0,116.2900
2020-05-01,2020,5,Atlantico,11,Informatica y telecomunicaciones,0,87.1711
2020-05-01,2020,5,Atlantico,12,Sonido y video,0,55.8565
2020-05-01,2020,5,Atlantico,14,"Ferreteria, vidrios y pinturas",0,49.8962
2020-05-01,2020,5,Atlantico,15,Otras mercancias de uso domestico,0,47.1077
2020-05-01,2020,5,Bogota,4,Prendas de vestir y textiles,0,31.9475
2020-05-01,2020,5,Bogota,8,Electrodomesticos y muebles,1,117.7577
2020-05-01,2020,5,Bogota,9,Articulos y utensilios domesticos,0,95.1748
2020-05-01,2020,5,Bogota,10,Aseo del hogar,0,162.2761
2020-05-01,2020,5,Bogota,11,Informatica y telecomunicaciones,0,154.9534
2020-05-01,2020,5,Bogota,12,Sonido y video,0,135.0477
2020-05-01,2020,5,Bogota,14,"Ferreteria, vidrios y pinturas",0,98.4986
2020-05-01,2020,5,Bogota,15,Otras mercancias de uso domestico,0,83.8223
2020-05-01,2020,5,Cundinamarca,4,Prendas de vestir y textiles,0,18.7745
2020-05-01,2020,5,Cundinamarca,8,Electrodomesticos y muebles,1,71.9147
2020-05-01,2020,5,Cundinamarca,9,Articulos y utensilios domesticos,0,55.3926
2020-05-01,2020,5,Cundinamarca,10,Aseo del hogar,0,123.8707
2020-05-01,2020,5,Cundinamarca,11,Informatica y telecomunicaciones,0,92.7540
2020-05-01,2020,5,Cundinamarca,12,Sonido y video,0,60.8305
2020-05-01,2020,5,Cundinamarca,14,"Ferreteria, vidrios y pinturas",0,70.5106
2020-05-01,2020,5,Cundinamarca,15,Otras mercancias de uso domestico,0,54.7940
2020-05-01,2020,5,Santander,4,Prendas de vestir y textiles,0,16.2353
2020-05-01,2020,5,Santander,8,Electrodomesticos y muebles,1,72.9718
2020-05-01,2020,5,Santander,9,Articulos y utensilios domesticos,0,56.0497
2020-05-01,2020,5,Santander,10,Aseo del hogar,0,96.2527
2020-05-01,2020,5,Santander,11,Informatica y telecomunicaciones,0,96.9162
2020-05-01,2020,5,Santander,12,Sonido y video,0,69.7889
2020-05-01,2020,5,Santander,14,"Ferreteria, vidrios y pinturas",0,53.8608
2020-05-01,2020,5,Santander,15,Otras mercancias de uso domestico,0,45.5074
2020-05-01,2020,5,Valle del Cauca,4,Prendas de vestir y textiles,0,19.2763
2020-05-01,2020,5,Valle del Cauca,8,Electrodomesticos y muebles,1,68.9721
2020-05-01,2020,5,Valle del Cauca,9,Articulos y utensilios domesticos,0,54.4541
2020-05-01,2020,5,Valle del Cauca,10,Aseo del hogar,0,82.5627
2020-05-01,2020,5,Valle del Cauca,11,Informatica y telecomunicaciones,0,108.0182
2020-05-01,2020,5,Valle del Cauca,12,Sonido y video,0,56.5757
2020-05-01,2020,5,Valle del Cauca,14,"Ferreteria, vidrios y pinturas",0,52.0971
2020-05-01,2020,5,Valle del Cauca,15,Otras mercancias de uso domestico,0,67.3571
2020-05-01,2020,5,Otros departamentos,4,Prendas de vestir y textiles,0,18.9848
2020-05-01,2020,5,Otros departamentos,8,Electrodomesticos y muebles,1,75.4713
2020-05-01,2020,5,Otros departamentos,9,Articulos y utensilios domesticos,0,80.1922
2020-05-01,2020,5,Otros departamentos,10,Aseo del hogar,0,97.9676
2020-05-01,2020,5,Otros departamentos,11,Informatica y telecomunicaciones,0,98.8618
2020-05-01,2020,5,Otros departamentos,12,Sonido y video,0,80.9093
2020-05-01,2020,5,Otros departamentos,14,"Ferreteria, vidrios y pinturas",0,57.7438
2020-05-01,2020,5,Otros departamentos,15,Otras mercancias de uso domestico,0,62.7093
2020-06-01,2020,6,Antioquia,4,Prendas de vestir y textiles,0,61.5135
2020-06-01,2020,6,Antioquia,8,Electrodomesticos y muebles,1,118.4830
2020-06-01,2020,6,Antioquia,9,Articulos y utensilios domesticos,0,83.6678
2020-06-01,2020,6,Antioquia,10,Aseo del hogar,0,137.5448
2020-06-01,2020,6,Antioquia,11,Informatica y telecomunicaciones,0,146.6012
2020-06-01,2020,6,Antioquia,12,Sonido y video,0,133.0570
2020-06-01,2020,6,Antioquia,14,"Ferreteria, vidrios y pinturas",0,89.9499
2020-06-01,2020,6,Antioquia,15,Otras mercancias de uso domestico,0,83.6393
2020-06-01,2020,6,Atlantico,4,Prendas de vestir y textiles,0,30.1058
2020-06-01,2020,6,Atlantico,8,Electrodomesticos y muebles,1,85.4371
2020-06-01,2020,6,Atlantico,9,Articulos y utensilios domesticos,0,64.6225
2020-06-01,2020,6,Atlantico,10,Aseo del hogar,0,92.4779
2020-06-01,2020,6,Atlantico,11,Informatica y telecomunicaciones,0,89.1169
2020-06-01,2020,6,Atlantico,12,Sonido y video,0,89.0956
2020-06-01,2020,6,Atlantico,14,"Ferreteria, vidrios y pinturas",0,76.2058
2020-06-01,2020,6,Atlantico,15,Otras mercancias de uso domestico,0,51.9799
2020-06-01,2020,6,Bogota,4,Prendas de vestir y textiles,0,57.7833
2020-06-01,2020,6,Bogota,8,Electrodomesticos y muebles,1,182.7891
2020-06-01,2020,6,Bogota,9,Articulos y utensilios domesticos,0,99.1817
2020-06-01,2020,6,Bogota,10,Aseo del hogar,0,156.2721
2020-06-01,2020,6,Bogota,11,Informatica y telecomunicaciones,0,151.1128
2020-06-01,2020,6,Bogota,12,Sonido y video,0,191.6194
2020-06-01,2020,6,Bogota,14,"Ferreteria, vidrios y pinturas",0,98.3524
2020-06-01,2020,6,Bogota,15,Otras mercancias de uso domestico,0,85.0825
2020-06-01,2020,6,Cundinamarca,4,Prendas de vestir y textiles,0,42.8652
2020-06-01,2020,6,Cundinamarca,8,Electrodomesticos y muebles,1,94.5282
2020-06-01,2020,6,Cundinamarca,9,Articulos y utensilios domesticos,0,88.4188
2020-06-01,2020,6,Cundinamarca,10,Aseo del hogar,0,111.1124
2020-06-01,2020,6,Cundinamarca,11,Informatica y telecomunicaciones,0,134.9162
2020-06-01,2020,6,Cundinamarca,12,Sonido y video,0,132.7989
2020-06-01,2020,6,Cundinamarca,14,"Ferreteria, vidrios y pinturas",0,79.4435
2020-06-01,2020,6,Cundinamarca,15,Otras mercancias de uso domestico,0,59.4479
2020-06-01,2020,6,Santander,4,Prendas de vestir y textiles,0,41.7231
2020-06-01,2020,6,Santander,8,Electrodomesticos y muebles,1,111.6742
2020-06-01,2020,6,Santander,9,Articulos y utensilios domesticos,0,97.8850
2020-06-01,2020,6,Santander,10,Aseo del hogar,0,105.2261
2020-06-01,2020,6,Santander,11,Informatica y telecomunicaciones,0,137.6184
2020-06-01,2020,6,Santander,12,Sonido y video,0,128.4548
2020-06-01,2020,6,Santander,14,"Ferreteria, vidrios y pinturas",0,86.6954
2020-06-01,2020,6,Santander,15,Otras mercancias de uso domestico,0,59.2052
2020-06-01,2020,6,Valle del Cauca,4,Prendas de vestir y textiles,0,42.0485
2020-06-01,2020,6,Valle del Cauca,8,Electrodomesticos y muebles,1,94.1908
2020-06-01,2020,6,Valle del Cauca,9,Articulos y utensilios domesticos,0,82.6723
2020-06-01,2020,6,Valle del Cauca,10,Aseo del hogar,0,87.0726
2020-06-01,2020,6,Valle del Cauca,11,Informatica y telecomunicaciones,0,131.7656
2020-06-01,2020,6,Valle del Cauca,12,Sonido y video,0,122.0155
2020-06-01,2020,6,Valle del Cauca,14,"Ferreteria, vidrios y pinturas",0,56.3899
2020-06-01,2020,6,Valle del Cauca,15,Otras mercancias de uso domestico,0,68.2561
2020-06-01,2020,6,Otros departamentos,4,Prendas de vestir y textiles,0,39.1132
2020-06-01,2020,6,Otros departamentos,8,Electrodomesticos y muebles,1,117.0115
2020-06-01,2020,6,Otros departamentos,9,Articulos y utensilios domesticos,0,96.7294
2020-06-01,2020,6,Otros departamentos,10,Aseo del hogar,0,99.2578
2020-06-01,2020,6,Otros departamentos,11,Informatica y telecomunicaciones,0,138.5378
2020-06-01,2020,6,Otros departamentos,12,Sonido y video,0,139.7698
2020-06-01,2020,6,Otros departamentos,14,"Ferreteria, vidrios y pinturas",0,81.0327
2020-06-01,2020,6,Otros departamentos,15,Otras mercancias de uso domestico,0,72.3320
2020-07-01,2020,7,Antioquia,4,Prendas de vestir y textiles,0,47.1320
2020-07-01,2020,7,Antioquia,8,Electrodomesticos y muebles,1,103.5192
2020-07-01,2020,7,Antioquia,9,Articulos y utensilios domesticos,0,75.4424
2020-07-01,2020,7,Antioquia,10,Aseo del hogar,0,108.5419
2020-07-01,2020,7,Antioquia,11,Informatica y telecomunicaciones,0,132.8584
2020-07-01,2020,7,Antioquia,12,Sonido y video,0,110.0553
2020-07-01,2020,7,Antioquia,14,"Ferreteria, vidrios y pinturas",0,80.7256
2020-07-01,2020,7,Antioquia,15,Otras mercancias de uso domestico,0,84.0489
2020-07-01,2020,7,Atlantico,4,Prendas de vestir y textiles,0,33.4848
2020-07-01,2020,7,Atlantico,8,Electrodomesticos y muebles,1,94.9244
2020-07-01,2020,7,Atlantico,9,Articulos y utensilios domesticos,0,71.3895
2020-07-01,2020,7,Atlantico,10,Aseo del hogar,0,99.3560
2020-07-01,2020,7,Atlantico,11,Informatica y telecomunicaciones,0,118.5187
2020-07-01,2020,7,Atlantico,12,Sonido y video,0,78.3048
2020-07-01,2020,7,Atlantico,14,"Ferreteria, vidrios y pinturas",0,73.3216
2020-07-01,2020,7,Atlantico,15,Otras mercancias de uso domestico,0,47.9875
2020-07-01,2020,7,Bogota,4,Prendas de vestir y textiles,0,68.5656
2020-07-01,2020,7,Bogota,8,Electrodomesticos y muebles,1,203.2383
2020-07-01,2020,7,Bogota,9,Articulos y utensilios domesticos,0,101.5162
2020-07-01,2020,7,Bogota,10,Aseo del hogar,0,147.5207
2020-07-01,2020,7,Bogota,11,Informatica y telecomunicaciones,0,156.5476
2020-07-01,2020,7,Bogota,12,Sonido y video,0,181.4810
2020-07-01,2020,7,Bogota,14,"Ferreteria, vidrios y pinturas",0,104.0820
2020-07-01,2020,7,Bogota,15,Otras mercancias de uso domestico,0,77.0145
2020-07-01,2020,7,Cundinamarca,4,Prendas de vestir y textiles,0,61.4474
2020-07-01,2020,7,Cundinamarca,8,Electrodomesticos y muebles,1,120.7830
2020-07-01,2020,7,Cundinamarca,9,Articulos y utensilios domesticos,0,112.3320
2020-07-01,2020,7,Cundinamarca,10,Aseo del hogar,0,130.3717
2020-07-01,2020,7,Cundinamarca,11,Informatica y telecomunicaciones,0,163.0762
2020-07-01,2020,7,Cundinamarca,12,Sonido y video,0,112.5154
2020-07-01,2020,7,Cundinamarca,14,"Ferreteria, vidrios y pinturas",0,98.5181
2020-07-01,2020,7,Cundinamarca,15,Otras mercancias de uso domestico,0,79.1298
2020-07-01,2020,7,Santander,4,Prendas de vestir y textiles,0,35.9769
2020-07-01,2020,7,Santander,8,Electrodomesticos y muebles,1,118.2204
2020-07-01,2020,7,Santander,9,Articulos y utensilios domesticos,0,103.5281
2020-07-01,2020,7,Santander,10,Aseo del hogar,0,117.9279
2020-07-01,2020,7,Santander,11,Informatica y telecomunicaciones,0,140.1696
2020-07-01,2020,7,Santander,12,Sonido y video,0,109.8956
2020-07-01,2020,7,Santander,14,"Ferreteria, vidrios y pinturas",0,88.5095
2020-07-01,2020,7,Santander,15,Otras mercancias de uso domestico,0,74.8319
2020-07-01,2020,7,Valle del Cauca,4,Prendas de vestir y textiles,0,43.6189
2020-07-01,2020,7,Valle del Cauca,8,Electrodomesticos y muebles,1,93.8613
2020-07-01,2020,7,Valle del Cauca,9,Articulos y utensilios domesticos,0,96.1460
2020-07-01,2020,7,Valle del Cauca,10,Aseo del hogar,0,103.5703
2020-07-01,2020,7,Valle del Cauca,11,Informatica y telecomunicaciones,0,135.5223
2020-07-01,2020,7,Valle del Cauca,12,Sonido y video,0,92.8441
2020-07-01,2020,7,Valle del Cauca,14,"Ferreteria, vidrios y pinturas",0,87.2289
2020-07-01,2020,7,Valle del Cauca,15,Otras mercancias de uso domestico,0,69.4287
2020-07-01,2020,7,Otros departamentos,4,Prendas de vestir y textiles,0,43.3846
2020-07-01,2020,7,Otros departamentos,8,Electrodomesticos y muebles,1,113.4312
2020-07-01,2020,7,Otros departamentos,9,Articulos y utensilios domesticos,0,100.8258
2020-07-01,2020,7,Otros departamentos,10,Aseo del hogar,0,130.2673
2020-07-01,2020,7,Otros departamentos,11,Informatica y telecomunicaciones,0,154.8846
2020-07-01,2020,7,Otros departamentos,12,Sonido y video,0,141.8133
2020-07-01,2020,7,Otros departamentos,14,"Ferreteria, vidrios y pinturas",0,104.5497
2020-07-01,2020,7,Otros departamentos,15,Otras mercancias de uso domestico,0,85.1807
2020-08-01,2020,8,Antioquia,4,Prendas de vestir y textiles,0,43.8569
2020-08-01,2020,8,Antioquia,8,Electrodomesticos y muebles,1,97.9320
2020-08-01,2020,8,Antioquia,9,Articulos y utensilios domesticos,0,81.8324
2020-08-01,2020,8,Antioquia,10,Aseo del hogar,0,123.9952
2020-08-01,2020,8,Antioquia,11,Informatica y telecomunicaciones,0,134.7772
2020-08-01,2020,8,Antioquia,12,Sonido y video,0,94.5730
2020-08-01,2020,8,Antioquia,14,"Ferreteria, vidrios y pinturas",0,85.4715
2020-08-01,2020,8,Antioquia,15,Otras mercancias de uso domestico,0,89.9080
2020-08-01,2020,8,Atlantico,4,Prendas de vestir y textiles,0,49.9334
2020-08-01,2020,8,Atlantico,8,Electrodomesticos y muebles,1,123.3374
2020-08-01,2020,8,Atlantico,9,Articulos y utensilios domesticos,0,79.9316
2020-08-01,2020,8,Atlantico,10,Aseo del hogar,0,103.0910
2020-08-01,2020,8,Atlantico,11,Informatica y telecomunicaciones,0,123.2014
2020-08-01,2020,8,Atlantico,12,Sonido y video,0,95.8601
2020-08-01,2020,8,Atlantico,14,"Ferreteria, vidrios y pinturas",0,99.5429
2020-08-01,2020,8,Atlantico,15,Otras mercancias de uso domestico,0,73.6209
2020-08-01,2020,8,Bogota,4,Prendas de vestir y textiles,0,60.0081
2020-08-01,2020,8,Bogota,8,Electrodomesticos y muebles,1,139.3948
2020-08-01,2020,8,Bogota,9,Articulos y utensilios domesticos,0,96.2968
2020-08-01,2020,8,Bogota,10,Aseo del hogar,0,148.5731
2020-08-01,2020,8,Bogota,11,Informatica y telecomunicaciones,0,182.1309
2020-08-01,2020,8,Bogota,12,Sonido y video,0,131.4116
2020-08-01,2020,8,Bogota,14,"Ferreteria, vidrios y pinturas",0,98.0478
2020-08-01,2020,8,Bogota,15,Otras mercancias de uso domestico,0,84.6628
2020-08-01,2020,8,Cundinamarca,4,Prendas de vestir y textiles,0,65.4389
2020-08-01,2020,8,Cundinamarca,8,Electrodomesticos y muebles,1,115.7689
2020-08-01,2020,8,Cundinamarca,9,Articulos y utensilios domesticos,0,113.9677
2020-08-01,2020,8,Cundinamarca,10,Aseo del hogar,0,119.5296
2020-08-01,2020,8,Cundinamarca,11,Informatica y telecomunicaciones,0,171.3051
2020-08-01,2020,8,Cundinamarca,12,Sonido y video,0,90.1339
2020-08-01,2020,8,Cundinamarca,14,"Ferreteria, vidrios y pinturas",0,113.6623
2020-08-01,2020,8,Cundinamarca,15,Otras mercancias de uso domestico,0,88.3373
2020-08-01,2020,8,Santander,4,Prendas de vestir y textiles,0,45.4523
2020-08-01,2020,8,Santander,8,Electrodomesticos y muebles,1,80.7526
2020-08-01,2020,8,Santander,9,Articulos y utensilios domesticos,0,107.7258
2020-08-01,2020,8,Santander,10,Aseo del hogar,0,85.0357
2020-08-01,2020,8,Santander,11,Informatica y telecomunicaciones,0,113.0300
2020-08-01,2020,8,Santander,12,Sonido y video,0,75.2078
2020-08-01,2020,8,Santander,14,"Ferreteria, vidrios y pinturas",0,88.2173
2020-08-01,2020,8,Santander,15,Otras mercancias de uso domestico,0,66.4214
2020-08-01,2020,8,Valle del Cauca,4,Prendas de vestir y textiles,0,49.4620
2020-08-01,2020,8,Valle del Cauca,8,Electrodomesticos y muebles,1,88.4969
2020-08-01,2020,8,Valle del Cauca,9,Articulos y utensilios domesticos,0,84.5493
2020-08-01,2020,8,Valle del Cauca,10,Aseo del hogar,0,120.2427
2020-08-01,2020,8,Valle del Cauca,11,Informatica y telecomunicaciones,0,157.2929
2020-08-01,2020,8,Valle del Cauca,12,Sonido y video,0,96.2851
2020-08-01,2020,8,Valle del Cauca,14,"Ferreteria, vidrios y pinturas",0,91.7740
2020-08-01,2020,8,Valle del Cauca,15,Otras mercancias de uso domestico,0,54.3704
2020-08-01,2020,8,Otros departamentos,4,Prendas de vestir y textiles,0,41.5888
2020-08-01,2020,8,Otros departamentos,8,Electrodomesticos y muebles,1,105.7746
2020-08-01,2020,8,Otros departamentos,9,Articulos y utensilios domesticos,0,90.4171
2020-08-01,2020,8,Otros departamentos,10,Aseo del hogar,0,108.3253
2020-08-01,2020,8,Otros departamentos,11,Informatica y telecomunicaciones,0,130.8928
2020-08-01,2020,8,Otros departamentos,12,Sonido y video,0,111.4190
2020-08-01,2020,8,Otros departamentos,14,"Ferreteria, vidrios y pinturas",0,96.3625
2020-08-01,2020,8,Otros departamentos,15,Otras mercancias de uso domestico,0,79.7856
2020-09-01,2020,9,Antioquia,4,Prendas de vestir y textiles,0,76.0642
2020-09-01,2020,9,Antioquia,8,Electrodomesticos y muebles,1,117.3646
2020-09-01,2020,9,Antioquia,9,Articulos y utensilios domesticos,0,100.0019
2020-09-01,2020,9,Antioquia,10,Aseo del hogar,0,137.5766
2020-09-01,2020,9,Antioquia,11,Informatica y telecomunicaciones,0,114.6292
2020-09-01,2020,9,Antioquia,12,Sonido y video,0,96.8903
2020-09-01,2020,9,Antioquia,14,"Ferreteria, vidrios y pinturas",0,116.8764
2020-09-01,2020,9,Antioquia,15,Otras mercancias de uso domestico,0,133.8305
2020-09-01,2020,9,Atlantico,4,Prendas de vestir y textiles,0,65.1385
2020-09-01,2020,9,Atlantico,8,Electrodomesticos y muebles,1,104.0088
2020-09-01,2020,9,Atlantico,9,Articulos y utensilios domesticos,0,103.6714
2020-09-01,2020,9,Atlantico,10,Aseo del hogar,0,134.2079
2020-09-01,2020,9,Atlantico,11,Informatica y telecomunicaciones,0,129.0522
2020-09-01,2020,9,Atlantico,12,Sonido y video,0,110.6378
2020-09-01,2020,9,Atlantico,14,"Ferreteria, vidrios y pinturas",0,114.3697
2020-09-01,2020,9,Atlantico,15,Otras mercancias de uso domestico,0,78.6500
2020-09-01,2020,9,Bogota,4,Prendas de vestir y textiles,0,89.9427
2020-09-01,2020,9,Bogota,8,Electrodomesticos y muebles,1,120.9451
2020-09-01,2020,9,Bogota,9,Articulos y utensilios domesticos,0,124.2534
2020-09-01,2020,9,Bogota,10,Aseo del hogar,0,119.6003
2020-09-01,2020,9,Bogota,11,Informatica y telecomunicaciones,0,178.1903
2020-09-01,2020,9,Bogota,12,Sonido y video,0,126.8688
2020-09-01,2020,9,Bogota,14,"Ferreteria, vidrios y pinturas",0,116.7102
2020-09-01,2020,9,Bogota,15,Otras mercancias de uso domestico,0,77.2966
2020-09-01,2020,9,Cundinamarca,4,Prendas de vestir y textiles,0,91.3399
2020-09-01,2020,9,Cundinamarca,8,Electrodomesticos y muebles,1,141.3031
2020-09-01,2020,9,Cundinamarca,9,Articulos y utensilios domesticos,0,134.3261
2020-09-01,2020,9,Cundinamarca,10,Aseo del hogar,0,137.4872
2020-09-01,2020,9,Cundinamarca,11,Informatica y telecomunicaciones,0,153.8429
2020-09-01,2020,9,Cundinamarca,12,Sonido y video,0,108.1694
2020-09-01,2020,9,Cundinamarca,14,"Ferreteria, vidrios y pinturas",0,121.7372
2020-09-01,2020,9,Cundinamarca,15,Otras mercancias de uso domestico,0,102.3376
2020-09-01,2020,9,Santander,4,Prendas de vestir y textiles,0,84.4687
2020-09-01,2020,9,Santander,8,Electrodomesticos y muebles,1,103.9061
2020-09-01,2020,9,Santander,9,Articulos y utensilios domesticos,0,120.8096
2020-09-01,2020,9,Santander,10,Aseo del hogar,0,105.0807
2020-09-01,2020,9,Santander,11,Informatica y telecomunicaciones,0,138.9085
2020-09-01,2020,9,Santander,12,Sonido y video,0,95.2138
2020-09-01,2020,9,Santander,14,"Ferreteria, vidrios y pinturas",0,117.0559
2020-09-01,2020,9,Santander,15,Otras mercancias de uso domestico,0,104.0409
2020-09-01,2020,9,Valle del Cauca,4,Prendas de vestir y textiles,0,73.2668
2020-09-01,2020,9,Valle del Cauca,8,Electrodomesticos y muebles,1,112.3823
2020-09-01,2020,9,Valle del Cauca,9,Articulos y utensilios domesticos,0,96.2743
2020-09-01,2020,9,Valle del Cauca,10,Aseo del hogar,0,135.7366
2020-09-01,2020,9,Valle del Cauca,11,Informatica y telecomunicaciones,0,163.0931
2020-09-01,2020,9,Valle del Cauca,12,Sonido y video,0,101.2634
2020-09-01,2020,9,Valle del Cauca,14,"Ferreteria, vidrios y pinturas",0,102.9334
2020-09-01,2020,9,Valle del Cauca,15,Otras mercancias de uso domestico,0,58.3367
2020-09-01,2020,9,Otros departamentos,4,Prendas de vestir y textiles,0,64.8211
2020-09-01,2020,9,Otros departamentos,8,Electrodomesticos y muebles,1,111.9321
2020-09-01,2020,9,Otros departamentos,9,Articulos y utensilios domesticos,0,95.7836
2020-09-01,2020,9,Otros departamentos,10,Aseo del hogar,0,114.0565
2020-09-01,2020,9,Otros departamentos,11,Informatica y telecomunicaciones,0,110.3330
2020-09-01,2020,9,Otros departamentos,12,Sonido y video,0,107.8440
2020-09-01,2020,9,Otros departamentos,14,"Ferreteria, vidrios y pinturas",0,101.2200
2020-09-01,2020,9,Otros departamentos,15,Otras mercancias de uso domestico,0,84.7560
2020-10-01,2020,10,Antioquia,4,Prendas de vestir y textiles,0,91.6676
2020-10-01,2020,10,Antioquia,8,Electrodomesticos y muebles,1,115.0647
2020-10-01,2020,10,Antioquia,9,Articulos y utensilios domesticos,0,102.9313
2020-10-01,2020,10,Antioquia,10,Aseo del hogar,0,120.0408
2020-10-01,2020,10,Antioquia,11,Informatica y telecomunicaciones,0,97.4508
2020-10-01,2020,10,Antioquia,12,Sonido y video,0,129.0077
2020-10-01,2020,10,Antioquia,14,"Ferreteria, vidrios y pinturas",0,112.1874
2020-10-01,2020,10,Antioquia,15,Otras mercancias de uso domestico,0,112.8679
2020-10-01,2020,10,Atlantico,4,Prendas de vestir y textiles,0,83.5729
2020-10-01,2020,10,Atlantico,8,Electrodomesticos y muebles,1,134.9944
2020-10-01,2020,10,Atlantico,9,Articulos y utensilios domesticos,0,105.4589
2020-10-01,2020,10,Atlantico,10,Aseo del hogar,0,154.3421
2020-10-01,2020,10,Atlantico,11,Informatica y telecomunicaciones,0,111.1975
2020-10-01,2020,10,Atlantico,12,Sonido y video,0,133.2900
2020-10-01,2020,10,Atlantico,14,"Ferreteria, vidrios y pinturas",0,129.7653
2020-10-01,2020,10,Atlantico,15,Otras mercancias de uso domestico,0,109.5550
2020-10-01,2020,10,Bogota,4,Prendas de vestir y textiles,0,97.5528
2020-10-01,2020,10,Bogota,8,Electrodomesticos y muebles,1,126.6985
2020-10-01,2020,10,Bogota,9,Articulos y utensilios domesticos,0,149.4639
2020-10-01,2020,10,Bogota,10,Aseo del hogar,0,117.8948
2020-10-01,2020,10,Bogota,11,Informatica y telecomunicaciones,0,169.8064
2020-10-01,2020,10,Bogota,12,Sonido y video,0,136.5601
2020-10-01,2020,10,Bogota,14,"Ferreteria, vidrios y pinturas",0,124.4604
2020-10-01,2020,10,Bogota,15,Otras mercancias de uso domestico,0,93.1530
2020-10-01,2020,10,Cundinamarca,4,Prendas de vestir y textiles,0,107.2093
2020-10-01,2020,10,Cundinamarca,8,Electrodomesticos y muebles,1,140.8351
2020-10-01,2020,10,Cundinamarca,9,Articulos y utensilios domesticos,0,142.7437
2020-10-01,2020,10,Cundinamarca,10,Aseo del hogar,0,141.4918
2020-10-01,2020,10,Cundinamarca,11,Informatica y telecomunicaciones,0,148.2062
2020-10-01,2020,10,Cundinamarca,12,Sonido y video,0,123.9997
2020-10-01,2020,10,Cundinamarca,14,"Ferreteria, vidrios y pinturas",0,114.8112
2020-10-01,2020,10,Cundinamarca,15,Otras mercancias de uso domestico,0,130.4814
2020-10-01,2020,10,Santander,4,Prendas de vestir y textiles,0,91.4867
2020-10-01,2020,10,Santander,8,Electrodomesticos y muebles,1,134.0856
2020-10-01,2020,10,Santander,9,Articulos y utensilios domesticos,0,120.8075
2020-10-01,2020,10,Santander,10,Aseo del hogar,0,107.7165
2020-10-01,2020,10,Santander,11,Informatica y telecomunicaciones,0,130.2477
2020-10-01,2020,10,Santander,12,Sonido y video,0,112.0517
2020-10-01,2020,10,Santander,14,"Ferreteria, vidrios y pinturas",0,97.1465
2020-10-01,2020,10,Santander,15,Otras mercancias de uso domestico,0,108.1907
2020-10-01,2020,10,Valle del Cauca,4,Prendas de vestir y textiles,0,107.2964
2020-10-01,2020,10,Valle del Cauca,8,Electrodomesticos y muebles,1,130.2927
2020-10-01,2020,10,Valle del Cauca,9,Articulos y utensilios domesticos,0,92.0842
2020-10-01,2020,10,Valle del Cauca,10,Aseo del hogar,0,138.5622
2020-10-01,2020,10,Valle del Cauca,11,Informatica y telecomunicaciones,0,132.5816
2020-10-01,2020,10,Valle del Cauca,12,Sonido y video,0,110.0132
2020-10-01,2020,10,Valle del Cauca,14,"Ferreteria, vidrios y pinturas",0,97.5276
2020-10-01,2020,10,Valle del Cauca,15,Otras mercancias de uso domestico,0,97.4005
2020-10-01,2020,10,Otros departamentos,4,Prendas de vestir y textiles,0,72.1708
2020-10-01,2020,10,Otros departamentos,8,Electrodomesticos y muebles,1,117.0836
2020-10-01,2020,10,Otros departamentos,9,Articulos y utensilios domesticos,0,109.7662
2020-10-01,2020,10,Otros departamentos,10,Aseo del hogar,0,140.5799
2020-10-01,2020,10,Otros departamentos,11,Informatica y telecomunicaciones,0,116.7239
2020-10-01,2020,10,Otros departamentos,12,Sonido y video,0,113.5994
2020-10-01,2020,10,Otros departamentos,14,"Ferreteria, vidrios y pinturas",0,126.4091
2020-10-01,2020,10,Otros departamentos,15,Otras mercancias de uso domestico,0,94.5731
2020-11-01,2020,11,Antioquia,4,Prendas de vestir y textiles,0,131.7543
2020-11-01,2020,11,Antioquia,8,Electrodomesticos y muebles,1,173.6450
2020-11-01,2020,11,Antioquia,9,Articulos y utensilios domesticos,0,112.8236
2020-11-01,2020,11,Antioquia,10,Aseo del hogar,0,130.3783
2020-11-01,2020,11,Antioquia,11,Informatica y telecomunicaciones,0,153.8058
2020-11-01,2020,11,Antioquia,12,Sonido y video,0,228.4000
2020-11-01,2020,11,Antioquia,14,"Ferreteria, vidrios y pinturas",0,98.8172
2020-11-01,2020,11,Antioquia,15,Otras mercancias de uso domestico,0,126.8942
2020-11-01,2020,11,Atlantico,4,Prendas de vestir y textiles,0,118.1719
2020-11-01,2020,11,Atlantico,8,Electrodomesticos y muebles,1,208.2670
2020-11-01,2020,11,Atlantico,9,Articulos y utensilios domesticos,0,127.0485
2020-11-01,2020,11,Atlantico,10,Aseo del hogar,0,163.3246
2020-11-01,2020,11,Atlantico,11,Informatica y telecomunicaciones,0,188.3362
2020-11-01,2020,11,Atlantico,12,Sonido y video,0,217.5135
2020-11-01,2020,11,Atlantico,14,"Ferreteria, vidrios y pinturas",0,144.1662
2020-11-01,2020,11,Atlantico,15,Otras mercancias de uso domestico,0,132.9999
2020-11-01,2020,11,Bogota,4,Prendas de vestir y textiles,0,155.4328
2020-11-01,2020,11,Bogota,8,Electrodomesticos y muebles,1,153.2589
2020-11-01,2020,11,Bogota,9,Articulos y utensilios domesticos,0,155.3261
2020-11-01,2020,11,Bogota,10,Aseo del hogar,0,154.0797
2020-11-01,2020,11,Bogota,11,Informatica y telecomunicaciones,0,220.9993
2020-11-01,2020,11,Bogota,12,Sonido y video,0,268.0493
2020-11-01,2020,11,Bogota,14,"Ferreteria, vidrios y pinturas",0,152.4455
2020-11-01,2020,11,Bogota,15,Otras mercancias de uso domestico,0,112.6526
2020-11-01,2020,11,Cundinamarca,4,Prendas de vestir y textiles,0,112.3904
2020-11-01,2020,11,Cundinamarca,8,Electrodomesticos y muebles,1,172.5253
2020-11-01,2020,11,Cundinamarca,9,Articulos y utensilios domesticos,0,183.4494
2020-11-01,2020,11,Cundinamarca,10,Aseo del hogar,0,120.1723
2020-11-01,2020,11,Cundinamarca,11,Informatica y telecomunicaciones,0,188.7186
2020-11-01,2020,11,Cundinamarca,12,Sonido y video,0,183.7305
2020-11-01,2020,11,Cundinamarca,14,"Ferreteria, vidrios y pinturas",0,135.2289
2020-11-01,2020,11,Cundinamarca,15,Otras mercancias de uso domestico,0,128.0513
2020-11-01,2020,11,Santander,4,Prendas de vestir y textiles,0,119.6910
2020-11-01,2020,11,Santander,8,Electrodomesticos y muebles,1,209.1232
2020-11-01,2020,11,Santander,9,Articulos y utensilios domesticos,0,144.2661
2020-11-01,2020,11,Santander,10,Aseo del hogar,0,103.0419
2020-11-01,2020,11,Santander,11,Informatica y telecomunicaciones,0,169.6581
2020-11-01,2020,11,Santander,12,Sonido y video,0,219.7641
2020-11-01,2020,11,Santander,14,"Ferreteria, vidrios y pinturas",0,109.7072
2020-11-01,2020,11,Santander,15,Otras mercancias de uso domestico,0,101.4806
2020-11-01,2020,11,Valle del Cauca,4,Prendas de vestir y textiles,0,112.0102
2020-11-01,2020,11,Valle del Cauca,8,Electrodomesticos y muebles,1,151.5662
2020-11-01,2020,11,Valle del Cauca,9,Articulos y utensilios domesticos,0,97.3170
2020-11-01,2020,11,Valle del Cauca,10,Aseo del hogar,0,102.2504
2020-11-01,2020,11,Valle del Cauca,11,Informatica y telecomunicaciones,0,166.6225
2020-11-01,2020,11,Valle del Cauca,12,Sonido y video,0,167.9875
2020-11-01,2020,11,Valle del Cauca,14,"Ferreteria, vidrios y pinturas",0,100.3520
2020-11-01,2020,11,Valle del Cauca,15,Otras mercancias de uso domestico,0,128.0447
2020-11-01,2020,11,Otros departamentos,4,Prendas de vestir y textiles,0,104.6266
2020-11-01,2020,11,Otros departamentos,8,Electrodomesticos y muebles,1,158.7890
2020-11-01,2020,11,Otros departamentos,9,Articulos y utensilios domesticos,0,131.2736
2020-11-01,2020,11,Otros departamentos,10,Aseo del hogar,0,125.9975
2020-11-01,2020,11,Otros departamentos,11,Informatica y telecomunicaciones,0,182.6031
2020-11-01,2020,11,Otros departamentos,12,Sonido y video,0,196.3613
2020-11-01,2020,11,Otros departamentos,14,"Ferreteria, vidrios y pinturas",0,126.1203
2020-11-01,2020,11,Otros departamentos,15,Otras mercancias de uso domestico,0,142.3667
2020-12-01,2020,12,Antioquia,4,Prendas de vestir y textiles,0,243.4244
2020-12-01,2020,12,Antioquia,8,Electrodomesticos y muebles,1,114.7612
2020-12-01,2020,12,Antioquia,9,Articulos y utensilios domesticos,0,121.2134
2020-12-01,2020,12,Antioquia,10,Aseo del hogar,0,131.2936
2020-12-01,2020,12,Antioquia,11,Informatica y telecomunicaciones,0,148.0196
2020-12-01,2020,12,Antioquia,12,Sonido y video,0,115.3024
2020-12-01,2020,12,Antioquia,14,"Ferreteria, vidrios y pinturas",0,88.2441
2020-12-01,2020,12,Antioquia,15,Otras mercancias de uso domestico,0,145.2385
2020-12-01,2020,12,Atlantico,4,Prendas de vestir y textiles,0,240.9357
2020-12-01,2020,12,Atlantico,8,Electrodomesticos y muebles,1,158.0189
2020-12-01,2020,12,Atlantico,9,Articulos y utensilios domesticos,0,143.3265
2020-12-01,2020,12,Atlantico,10,Aseo del hogar,0,177.6535
2020-12-01,2020,12,Atlantico,11,Informatica y telecomunicaciones,0,170.1021
2020-12-01,2020,12,Atlantico,12,Sonido y video,0,128.3670
2020-12-01,2020,12,Atlantico,14,"Ferreteria, vidrios y pinturas",0,141.5265
2020-12-01,2020,12,Atlantico,15,Otras mercancias de uso domestico,0,167.9049
2020-12-01,2020,12,Bogota,4,Prendas de vestir y textiles,0,242.1486
2020-12-01,2020,12,Bogota,8,Electrodomesticos y muebles,1,117.3503
2020-12-01,2020,12,Bogota,9,Articulos y utensilios domesticos,0,166.2143
2020-12-01,2020,12,Bogota,10,Aseo del hogar,0,156.7688
2020-12-01,2020,12,Bogota,11,Informatica y telecomunicaciones,0,176.4766
2020-12-01,2020,12,Bogota,12,Sonido y video,0,153.5279
2020-12-01,2020,12,Bogota,14,"Ferreteria, vidrios y pinturas",0,126.7437
2020-12-01,2020,12,Bogota,15,Otras mercancias de uso domestico,0,119.4347
2020-12-01,2020,12,Cundinamarca,4,Prendas de vestir y textiles,0,228.3015
2020-12-01,2020,12,Cundinamarca,8,Electrodomesticos y muebles,1,138.9517
2020-12-01,2020,12,Cundinamarca,9,Articulos y utensilios domesticos,0,206.2310
2020-12-01,2020,12,Cundinamarca,10,Aseo del hogar,0,160.7021
2020-12-01,2020,12,Cundinamarca,11,Informatica y telecomunicaciones,0,163.7645
2020-12-01,2020,12,Cundinamarca,12,Sonido y video,0,137.3466
2020-12-01,2020,12,Cundinamarca,14,"Ferreteria, vidrios y pinturas",0,134.5906
2020-12-01,2020,12,Cundinamarca,15,Otras mercancias de uso domestico,0,176.0773
2020-12-01,2020,12,Santander,4,Prendas de vestir y textiles,0,197.4646
2020-12-01,2020,12,Santander,8,Electrodomesticos y muebles,1,146.0852
2020-12-01,2020,12,Santander,9,Articulos y utensilios domesticos,0,133.4748
2020-12-01,2020,12,Santander,10,Aseo del hogar,0,124.2560
2020-12-01,2020,12,Santander,11,Informatica y telecomunicaciones,0,136.3737
2020-12-01,2020,12,Santander,12,Sonido y video,0,137.6914
2020-12-01,2020,12,Santander,14,"Ferreteria, vidrios y pinturas",0,109.8569
2020-12-01,2020,12,Santander,15,Otras mercancias de uso domestico,0,139.7495
2020-12-01,2020,12,Valle del Cauca,4,Prendas de vestir y textiles,0,193.0895
2020-12-01,2020,12,Valle del Cauca,8,Electrodomesticos y muebles,1,109.1239
2020-12-01,2020,12,Valle del Cauca,9,Articulos y utensilios domesticos,0,111.4952
2020-12-01,2020,12,Valle del Cauca,10,Aseo del hogar,0,109.1722
2020-12-01,2020,12,Valle del Cauca,11,Informatica y telecomunicaciones,0,159.7090
2020-12-01,2020,12,Valle del Cauca,12,Sonido y video,0,119.1549
2020-12-01,2020,12,Valle del Cauca,14,"Ferreteria, vidrios y pinturas",0,109.6043
2020-12-01,2020,12,Valle del Cauca,15,Otras mercancias de uso domestico,0,140.9989
2020-12-01,2020,12,Otros departamentos,4,Prendas de vestir y textiles,0,194.7584
2020-12-01,2020,12,Otros departamentos,8,Electrodomesticos y muebles,1,130.8010
2020-12-01,2020,12,Otros departamentos,9,Articulos y utensilios domesticos,0,141.1866
2020-12-01,2020,12,Otros departamentos,10,Aseo del hogar,0,140.0004
2020-12-01,2020,12,Otros departamentos,11,Informatica y telecomunicaciones,0,191.1739
2020-12-01,2020,12,Otros departamentos,12,Sonido y video,0,137.1194
2020-12-01,2020,12,Otros departamentos,14,"Ferreteria, vidrios y pinturas",0,111.0005
2020-12-01,2020,12,Otros departamentos,15,Otras mercancias de uso domestico,0,194.0455
2021-01-01,2021,1,Antioquia,4,Prendas de vestir y textiles,0,64.2566
2021-01-01,2021,1,Antioquia,8,Electrodomesticos y muebles,1,93.6218
2021-01-01,2021,1,Antioquia,9,Articulos y utensilios domesticos,0,87.5620
2021-01-01,2021,1,Antioquia,10,Aseo del hogar,0,162.6249
2021-01-01,2021,1,Antioquia,11,Informatica y telecomunicaciones,0,151.5808
2021-01-01,2021,1,Antioquia,12,Sonido y video,0,77.7049
2021-01-01,2021,1,Antioquia,14,"Ferreteria, vidrios y pinturas",0,97.6430
2021-01-01,2021,1,Antioquia,15,Otras mercancias de uso domestico,0,87.6337
2021-01-01,2021,1,Atlantico,4,Prendas de vestir y textiles,0,70.8275
2021-01-01,2021,1,Atlantico,8,Electrodomesticos y muebles,1,139.0626
2021-01-01,2021,1,Atlantico,9,Articulos y utensilios domesticos,0,118.0515
2021-01-01,2021,1,Atlantico,10,Aseo del hogar,0,190.6500
2021-01-01,2021,1,Atlantico,11,Informatica y telecomunicaciones,0,133.4016
2021-01-01,2021,1,Atlantico,12,Sonido y video,0,85.1312
2021-01-01,2021,1,Atlantico,14,"Ferreteria, vidrios y pinturas",0,139.0691
2021-01-01,2021,1,Atlantico,15,Otras mercancias de uso domestico,0,87.1756
2021-01-01,2021,1,Bogota,4,Prendas de vestir y textiles,0,45.5183
2021-01-01,2021,1,Bogota,8,Electrodomesticos y muebles,1,82.8545
2021-01-01,2021,1,Bogota,9,Articulos y utensilios domesticos,0,79.9702
2021-01-01,2021,1,Bogota,10,Aseo del hogar,0,100.2091
2021-01-01,2021,1,Bogota,11,Informatica y telecomunicaciones,0,116.4287
2021-01-01,2021,1,Bogota,12,Sonido y video,0,58.7867
2021-01-01,2021,1,Bogota,14,"Ferreteria, vidrios y pinturas",0,78.5986
2021-01-01,2021,1,Bogota,15,Otras mercancias de uso domestico,0,47.7945
2021-01-01,2021,1,Cundinamarca,4,Prendas de vestir y textiles,0,73.0196
2021-01-01,2021,1,Cundinamarca,8,Electrodomesticos y muebles,1,134.3189
2021-01-01,2021,1,Cundinamarca,9,Articulos y utensilios domesticos,0,133.7800
2021-01-01,2021,1,Cundinamarca,10,Aseo del hogar,0,145.3217
2021-01-01,2021,1,Cundinamarca,11,Informatica y telecomunicaciones,0,134.2312
2021-01-01,2021,1,Cundinamarca,12,Sonido y video,0,86.1311
2021-01-01,2021,1,Cundinamarca,14,"Ferreteria, vidrios y pinturas",0,116.8253
2021-01-01,2021,1,Cundinamarca,15,Otras mercancias de uso domestico,0,91.5774
2021-01-01,2021,1,Santander,4,Prendas de vestir y textiles,0,54.0298
2021-01-01,2021,1,Santander,8,Electrodomesticos y muebles,1,123.6033
2021-01-01,2021,1,Santander,9,Articulos y utensilios domesticos,0,94.8661
2021-01-01,2021,1,Santander,10,Aseo del hogar,0,133.0564
2021-01-01,2021,1,Santander,11,Informatica y telecomunicaciones,0,101.4761
2021-01-01,2021,1,Santander,12,Sonido y video,0,95.6137
2021-01-01,2021,1,Santander,14,"Ferreteria, vidrios y pinturas",0,88.7960
2021-01-01,2021,1,Santander,15,Otras mercancias de uso domestico,0,72.6030
2021-01-01,2021,1,Valle del Cauca,4,Prendas de vestir y textiles,0,55.1430
2021-01-01,2021,1,Valle del Cauca,8,Electrodomesticos y muebles,1,91.5933
2021-01-01,2021,1,Valle del Cauca,9,Articulos y utensilios domesticos,0,85.3378
2021-01-01,2021,1,Valle del Cauca,10,Aseo del hogar,0,117.0749
2021-01-01,2021,1,Valle del Cauca,11,Informatica y telecomunicaciones,0,112.0694
2021-01-01,2021,1,Valle del Cauca,12,Sonido y video,0,70.1417
2021-01-01,2021,1,Valle del Cauca,14,"Ferreteria, vidrios y pinturas",0,76.7003
2021-01-01,2021,1,Valle del Cauca,15,Otras mercancias de uso domestico,0,85.4898
2021-01-01,2021,1,Otros departamentos,4,Prendas de vestir y textiles,0,59.0653
2021-01-01,2021,1,Otros departamentos,8,Electrodomesticos y muebles,1,118.5410
2021-01-01,2021,1,Otros departamentos,9,Articulos y utensilios domesticos,0,85.3574
2021-01-01,2021,1,Otros departamentos,10,Aseo del hogar,0,130.3294
2021-01-01,2021,1,Otros departamentos,11,Informatica y telecomunicaciones,0,165.1017
2021-01-01,2021,1,Otros departamentos,12,Sonido y video,0,116.8490
2021-01-01,2021,1,Otros departamentos,14,"Ferreteria, vidrios y pinturas",0,108.1220
2021-01-01,2021,1,Otros departamentos,15,Otras mercancias de uso domestico,0,100.0385
2021-02-01,2021,2,Antioquia,4,Prendas de vestir y textiles,0,71.1753
2021-02-01,2021,2,Antioquia,8,Electrodomesticos y muebles,1,90.3062
2021-02-01,2021,2,Antioquia,9,Articulos y utensilios domesticos,0,112.5104
2021-02-01,2021,2,Antioquia,10,Aseo del hogar,0,141.5187
2021-02-01,2021,2,Antioquia,11,Informatica y telecomunicaciones,0,154.4143
2021-02-01,2021,2,Antioquia,12,Sonido y video,0,79.0839
2021-02-01,2021,2,Antioquia,14,"Ferreteria, vidrios y pinturas",0,123.9374
2021-02-01,2021,2,Antioquia,15,Otras mercancias de uso domestico,0,93.1288
2021-02-01,2021,2,Atlantico,4,Prendas de vestir y textiles,0,67.7049
2021-02-01,2021,2,Atlantico,8,Electrodomesticos y muebles,1,117.0784
2021-02-01,2021,2,Atlantico,9,Articulos y utensilios domesticos,0,101.2347
2021-02-01,2021,2,Atlantico,10,Aseo del hogar,0,152.6734
2021-02-01,2021,2,Atlantico,11,Informatica y telecomunicaciones,0,142.6034
2021-02-01,2021,2,Atlantico,12,Sonido y video,0,77.2678
2021-02-01,2021,2,Atlantico,14,"Ferreteria, vidrios y pinturas",0,123.1939
2021-02-01,2021,2,Atlantico,15,Otras mercancias de uso domestico,0,78.2617
2021-02-01,2021,2,Bogota,4,Prendas de vestir y textiles,0,68.8507
2021-02-01,2021,2,Bogota,8,Electrodomesticos y muebles,1,116.1585
2021-02-01,2021,2,Bogota,9,Articulos y utensilios domesticos,0,99.3619
2021-02-01,2021,2,Bogota,10,Aseo del hogar,0,136.1518
2021-02-01,2021,2,Bogota,11,Informatica y telecomunicaciones,0,214.5284
2021-02-01,2021,2,Bogota,12,Sonido y video,0,81.5920
2021-02-01,2021,2,Bogota,14,"Ferreteria, vidrios y pinturas",0,121.5917
2021-02-01,2021,2,Bogota,15,Otras mercancias de uso domestico,0,77.8941
2021-02-01,2021,2,Cundinamarca,4,Prendas de vestir y textiles,0,85.1823
2021-02-01,2021,2,Cundinamarca,8,Electrodomesticos y muebles,1,131.9635
2021-02-01,2021,2,Cundinamarca,9,Articulos y utensilios domesticos,0,130.6971
2021-02-01,2021,2,Cundinamarca,10,Aseo del hogar,0,156.0666
2021-02-01,2021,2,Cundinamarca,11,Informatica y telecomunicaciones,0,171.5628
2021-02-01,2021,2,Cundinamarca,12,Sonido y video,0,99.3919
2021-02-01,2021,2,Cundinamarca,14,"Ferreteria, vidrios y pinturas",0,113.5916
2021-02-01,2021,2,Cundinamarca,15,Otras mercancias de uso domestico,0,114.3800
2021-02-01,2021,2,Santander,4,Prendas de vestir y textiles,0,65.8481
2021-02-01,2021,2,Santander,8,Electrodomesticos y muebles,1,101.4272
2021-02-01,2021,2,Santander,9,Articulos y utensilios domesticos,0,100.1078
2021-02-01,2021,2,Santander,10,Aseo del hogar,0,133.3594
2021-02-01,2021,2,Santander,11,Informatica y telecomunicaciones,0,118.4379
2021-02-01,2021,2,Santander,12,Sonido y video,0,81.7080
2021-02-01,2021,2,Santander,14,"Ferreteria, vidrios y pinturas",0,95.7247
2021-02-01,2021,2,Santander,15,Otras mercancias de uso domestico,0,78.2490
2021-02-01,2021,2,Valle del Cauca,4,Prendas de vestir y textiles,0,54.1639
2021-02-01,2021,2,Valle del Cauca,8,Electrodomesticos y muebles,1,101.4673
2021-02-01,2021,2,Valle del Cauca,9,Articulos y utensilios domesticos,0,115.3736
2021-02-01,2021,2,Valle del Cauca,10,Aseo del hogar,0,145.5452
2021-02-01,2021,2,Valle del Cauca,11,Informatica y telecomunicaciones,0,147.5687
2021-02-01,2021,2,Valle del Cauca,12,Sonido y video,0,71.7538
2021-02-01,2021,2,Valle del Cauca,14,"Ferreteria, vidrios y pinturas",0,106.8061
2021-02-01,2021,2,Valle del Cauca,15,Otras mercancias de uso domestico,0,95.9135
2021-02-01,2021,2,Otros departamentos,4,Prendas de vestir y textiles,0,64.5978
2021-02-01,2021,2,Otros departamentos,8,Electrodomesticos y muebles,1,134.0674
2021-02-01,2021,2,Otros departamentos,9,Articulos y utensilios domesticos,0,88.4566
2021-02-01,2021,2,Otros departamentos,10,Aseo del hogar,0,99.4040
2021-02-01,2021,2,Otros departamentos,11,Informatica y telecomunicaciones,0,159.3801
2021-02-01,2021,2,Otros departamentos,12,Sonido y video,0,117.0181
2021-02-01,2021,2,Otros departamentos,14,"Ferreteria, vidrios y pinturas",0,115.1588
2021-02-01,2021,2,Otros departamentos,15,Otras mercancias de uso domestico,0,86.2290
2021-03-01,2021,3,Antioquia,4,Prendas de vestir y textiles,0,72.1231
2021-03-01,2021,3,Antioquia,8,Electrodomesticos y muebles,1,101.3481
2021-03-01,2021,3,Antioquia,9,Articulos y utensilios domesticos,0,106.8677
2021-03-01,2021,3,Antioquia,10,Aseo del hogar,0,151.3057
2021-03-01,2021,3,Antioquia,11,Informatica y telecomunicaciones,0,126.6620
2021-03-01,2021,3,Antioquia,12,Sonido y video,0,83.3777
2021-03-01,2021,3,Antioquia,14,"Ferreteria, vidrios y pinturas",0,128.6904
2021-03-01,2021,3,Antioquia,15,Otras mercancias de uso domestico,0,99.3013
2021-03-01,2021,3,Atlantico,4,Prendas de vestir y textiles,0,78.9114
2021-03-01,2021,3,Atlantico,8,Electrodomesticos y muebles,1,121.5211
2021-03-01,2021,3,Atlantico,9,Articulos y utensilios domesticos,0,112.6648
2021-03-01,2021,3,Atlantico,10,Aseo del hogar,0,144.1755
2021-03-01,2021,3,Atlantico,11,Informatica y telecomunicaciones,0,109.6159
2021-03-01,2021,3,Atlantico,12,Sonido y video,0,78.7725
2021-03-01,2021,3,Atlantico,14,"Ferreteria, vidrios y pinturas",0,128.9565
2021-03-01,2021,3,Atlantico,15,Otras mercancias de uso domestico,0,104.4888
2021-03-01,2021,3,Bogota,4,Prendas de vestir y textiles,0,73.4228
2021-03-01,2021,3,Bogota,8,Electrodomesticos y muebles,1,120.7024
2021-03-01,2021,3,Bogota,9,Articulos y utensilios domesticos,0,117.5954
2021-03-01,2021,3,Bogota,10,Aseo del hogar,0,139.8855
2021-03-01,2021,3,Bogota,11,Informatica y telecomunicaciones,0,185.6189
2021-03-01,2021,3,Bogota,12,Sonido y video,0,90.5282
2021-03-01,2021,3,Bogota,14,"Ferreteria, vidrios y pinturas",0,138.4937
2021-03-01,2021,3,Bogota,15,Otras mercancias de uso domestico,0,97.3922
2021-03-01,2021,3,Cundinamarca,4,Prendas de vestir y textiles,0,120.7358
2021-03-01,2021,3,Cundinamarca,8,Electrodomesticos y muebles,1,164.1677
2021-03-01,2021,3,Cundinamarca,9,Articulos y utensilios domesticos,0,140.9423
2021-03-01,2021,3,Cundinamarca,10,Aseo del hogar,0,162.4213
2021-03-01,2021,3,Cundinamarca,11,Informatica y telecomunicaciones,0,151.9925
2021-03-01,2021,3,Cundinamarca,12,Sonido y video,0,111.3304
2021-03-01,2021,3,Cundinamarca,14,"Ferreteria, vidrios y pinturas",0,129.9724
2021-03-01,2021,3,Cundinamarca,15,Otras mercancias de uso domestico,0,129.4120
2021-03-01,2021,3,Santander,4,Prendas de vestir y textiles,0,76.7465
2021-03-01,2021,3,Santander,8,Electrodomesticos y muebles,1,105.6497
2021-03-01,2021,3,Santander,9,Articulos y utensilios domesticos,0,93.5577
2021-03-01,2021,3,Santander,10,Aseo del hogar,0,131.0627
2021-03-01,2021,3,Santander,11,Informatica y telecomunicaciones,0,87.1767
2021-03-01,2021,3,Santander,12,Sonido y video,0,80.4284
2021-03-01,2021,3,Santander,14,"Ferreteria, vidrios y pinturas",0,105.8900
2021-03-01,2021,3,Santander,15,Otras mercancias de uso domestico,0,84.4248
2021-03-01,2021,3,Valle del Cauca,4,Prendas de vestir y textiles,0,84.8830
2021-03-01,2021,3,Valle del Cauca,8,Electrodomesticos y muebles,1,117.7377
2021-03-01,2021,3,Valle del Cauca,9,Articulos y utensilios domesticos,0,141.2482
2021-03-01,2021,3,Valle del Cauca,10,Aseo del hogar,0,153.3486
2021-03-01,2021,3,Valle del Cauca,11,Informatica y telecomunicaciones,0,142.2705
2021-03-01,2021,3,Valle del Cauca,12,Sonido y video,0,100.1835
2021-03-01,2021,3,Valle del Cauca,14,"Ferreteria, vidrios y pinturas",0,116.1084
2021-03-01,2021,3,Valle del Cauca,15,Otras mercancias de uso domestico,0,89.0497
2021-03-01,2021,3,Otros departamentos,4,Prendas de vestir y textiles,0,87.0716
2021-03-01,2021,3,Otros departamentos,8,Electrodomesticos y muebles,1,137.2040
2021-03-01,2021,3,Otros departamentos,9,Articulos y utensilios domesticos,0,110.9534
2021-03-01,2021,3,Otros departamentos,10,Aseo del hogar,0,116.3590
2021-03-01,2021,3,Otros departamentos,11,Informatica y telecomunicaciones,0,130.4016
2021-03-01,2021,3,Otros departamentos,12,Sonido y video,0,137.2194
2021-03-01,2021,3,Otros departamentos,14,"Ferreteria, vidrios y pinturas",0,122.3805
2021-03-01,2021,3,Otros departamentos,15,Otras mercancias de uso domestico,0,102.0355
2021-04-01,2021,4,Antioquia,4,Prendas de vestir y textiles,0,50.0837
2021-04-01,2021,4,Antioquia,8,Electrodomesticos y muebles,1,72.1543
2021-04-01,2021,4,Antioquia,9,Articulos y utensilios domesticos,0,65.5531
2021-04-01,2021,4,Antioquia,10,Aseo del hogar,0,127.1504
2021-04-01,2021,4,Antioquia,11,Informatica y telecomunicaciones,0,102.2401
2021-04-01,2021,4,Antioquia,12,Sonido y video,0,68.7207
2021-04-01,2021,4,Antioquia,14,"Ferreteria, vidrios y pinturas",0,102.9299
2021-04-01,2021,4,Antioquia,15,Otras mercancias de uso domestico,0,65.6329
2021-04-01,2021,4,Atlantico,4,Prendas de vestir y textiles,0,57.5667
2021-04-01,2021,4,Atlantico,8,Electrodomesticos y muebles,1,86.2497
2021-04-01,2021,4,Atlantico,9,Articulos y utensilios domesticos,0,70.1584
2021-04-01,2021,4,Atlantico,10,Aseo del hogar,0,112.9567
2021-04-01,2021,4,Atlantico,11,Informatica y telecomunicaciones,0,74.5830
2021-04-01,2021,4,Atlantico,12,Sonido y video,0,76.0167
2021-04-01,2021,4,Atlantico,14,"Ferreteria, vidrios y pinturas",0,76.9189
2021-04-01,2021,4,Atlantico,15,Otras mercancias de uso domestico,0,73.1935
2021-04-01,2021,4,Bogota,4,Prendas de vestir y textiles,0,39.8243
2021-04-01,2021,4,Bogota,8,Electrodomesticos y muebles,1,85.3146
2021-04-01,2021,4,Bogota,9,Articulos y utensilios domesticos,0,66.7448
2021-04-01,2021,4,Bogota,10,Aseo del hogar,0,110.5252
2021-04-01,2021,4,Bogota,11,Informatica y telecomunicaciones,0,114.6838
2021-04-01,2021,4,Bogota,12,Sonido y video,0,54.1142
2021-04-01,2021,4,Bogota,14,"Ferreteria, vidrios y pinturas",0,98.9653
2021-04-01,2021,4,Bogota,15,Otras mercancias de uso domestico,0,70.4721
2021-04-01,2021,4,Cundinamarca,4,Prendas de vestir y textiles,0,69.6473
2021-04-01,2021,4,Cundinamarca,8,Electrodomesticos y muebles,1,165.0569
2021-04-01,2021,4,Cundinamarca,9,Articulos y utensilios domesticos,0,98.4934
2021-04-01,2021,4,Cundinamarca,10,Aseo del hogar,0,172.1940
2021-04-01,2021,4,Cundinamarca,11,Informatica y telecomunicaciones,0,125.5742
2021-04-01,2021,4,Cundinamarca,12,Sonido y video,0,104.5543
2021-04-01,2021,4,Cundinamarca,14,"Ferreteria, vidrios y pinturas",0,148.6269
2021-04-01,2021,4,Cundinamarca,15,Otras mercancias de uso domestico,0,143.7774
2021-04-01,2021,4,Santander,4,Prendas de vestir y textiles,0,60.6872
2021-04-01,2021,4,Santander,8,Electrodomesticos y muebles,1,111.3688
2021-04-01,2021,4,Santander,9,Articulos y utensilios domesticos,0,89.9896
2021-04-01,2021,4,Santander,10,Aseo del hogar,0,146.3101
2021-04-01,2021,4,Santander,11,Informatica y telecomunicaciones,0,103.4919
2021-04-01,2021,4,Santander,12,Sonido y video,0,86.5528
2021-04-01,2021,4,Santander,14,"Ferreteria, vidrios y pinturas",0,106.9809
2021-04-01,2021,4,Santander,15,Otras mercancias de uso domestico,0,81.9788
2021-04-01,2021,4,Valle del Cauca,4,Prendas de vestir y textiles,0,41.7073
2021-04-01,2021,4,Valle del Cauca,8,Electrodomesticos y muebles,1,92.4373
2021-04-01,2021,4,Valle del Cauca,9,Articulos y utensilios domesticos,0,69.3562
2021-04-01,2021,4,Valle del Cauca,10,Aseo del hogar,0,111.7759
2021-04-01,2021,4,Valle del Cauca,11,Informatica y telecomunicaciones,0,101.6544
2021-04-01,2021,4,Valle del Cauca,12,Sonido y video,0,68.4236
2021-04-01,2021,4,Valle del Cauca,14,"Ferreteria, vidrios y pinturas",0,94.0349
2021-04-01,2021,4,Valle del Cauca,15,Otras mercancias de uso domestico,0,69.9568
2021-04-01,2021,4,Otros departamentos,4,Prendas de vestir y textiles,0,60.0223
2021-04-01,2021,4,Otros departamentos,8,Electrodomesticos y muebles,1,102.9485
2021-04-01,2021,4,Otros departamentos,9,Articulos y utensilios domesticos,0,89.0079
2021-04-01,2021,4,Otros departamentos,10,Aseo del hogar,0,127.8587
2021-04-01,2021,4,Otros departamentos,11,Informatica y telecomunicaciones,0,113.9120
2021-04-01,2021,4,Otros departamentos,12,Sonido y video,0,94.2735
2021-04-01,2021,4,Otros departamentos,14,"Ferreteria, vidrios y pinturas",0,109.6976
2021-04-01,2021,4,Otros departamentos,15,Otras mercancias de uso domestico,0,96.5033
2021-05-01,2021,5,Antioquia,4,Prendas de vestir y textiles,0,84.8363
2021-05-01,2021,5,Antioquia,8,Electrodomesticos y muebles,1,95.4444
2021-05-01,2021,5,Antioquia,9,Articulos y utensilios domesticos,0,86.3729
2021-05-01,2021,5,Antioquia,10,Aseo del hogar,0,134.1037
2021-05-01,2021,5,Antioquia,11,Informatica y telecomunicaciones,0,126.8909
2021-05-01,2021,5,Antioquia,12,Sonido y video,0,77.8522
2021-05-01,2021,5,Antioquia,14,"Ferreteria, vidrios y pinturas",0,101.9476
2021-05-01,2021,5,Antioquia,15,Otras mercancias de uso domestico,0,91.6080
2021-05-01,2021,5,Atlantico,4,Prendas de vestir y textiles,0,77.6432
2021-05-01,2021,5,Atlantico,8,Electrodomesticos y muebles,1,115.5264
2021-05-01,2021,5,Atlantico,9,Articulos y utensilios domesticos,0,94.0299
2021-05-01,2021,5,Atlantico,10,Aseo del hogar,0,156.1076
2021-05-01,2021,5,Atlantico,11,Informatica y telecomunicaciones,0,106.6058
2021-05-01,2021,5,Atlantico,12,Sonido y video,0,91.0520
2021-05-01,2021,5,Atlantico,14,"Ferreteria, vidrios y pinturas",0,80.3555
2021-05-01,2021,5,Atlantico,15,Otras mercancias de uso domestico,0,82.2025
2021-05-01,2021,5,Bogota,4,Prendas de vestir y textiles,0,69.5148
2021-05-01,2021,5,Bogota,8,Electrodomesticos y muebles,1,111.2906
2021-05-01,2021,5,Bogota,9,Articulos y utensilios domesticos,0,91.4811
2021-05-01,2021,5,Bogota,10,Aseo del hogar,0,153.5665
2021-05-01,2021,5,Bogota,11,Informatica y telecomunicaciones,0,164.5566
2021-05-01,2021,5,Bogota,12,Sonido y video,0,64.7120
2021-05-01,2021,5,Bogota,14,"Ferreteria, vidrios y pinturas",0,106.3619
2021-05-01,2021,5,Bogota,15,Otras mercancias de uso domestico,0,90.2004
2021-05-01,2021,5,Cundinamarca,4,Prendas de vestir y textiles,0,82.8221
2021-05-01,2021,5,Cundinamarca,8,Electrodomesticos y muebles,1,163.8675
2021-05-01,2021,5,Cundinamarca,9,Articulos y utensilios domesticos,0,90.6651
2021-05-01,2021,5,Cundinamarca,10,Aseo del hogar,0,192.9689
2021-05-01,2021,5,Cundinamarca,11,Informatica y telecomunicaciones,0,150.7344
2021-05-01,2021,5,Cundinamarca,12,Sonido y video,0,98.4113
2021-05-01,2021,5,Cundinamarca,14,"Ferreteria, vidrios y pinturas",0,112.7765
2021-05-01,2021,5,Cundinamarca,15,Otras mercancias de uso domestico,0,106.9205
2021-05-01,2021,5,Santander,4,Prendas de vestir y textiles,0,71.2897
2021-05-01,2021,5,Santander,8,Electrodomesticos y muebles,1,109.5124
2021-05-01,2021,5,Santander,9,Articulos y utensilios domesticos,0,82.4388
2021-05-01,2021,5,Santander,10,Aseo del hogar,0,150.0223
2021-05-01,2021,5,Santander,11,Informatica y telecomunicaciones,0,133.7589
2021-05-01,2021,5,Santander,12,Sonido y video,0,88.2566
2021-05-01,2021,5,Santander,14,"Ferreteria, vidrios y pinturas",0,87.7558
2021-05-01,2021,5,Santander,15,Otras mercancias de uso domestico,0,87.7679
2021-05-01,2021,5,Valle del Cauca,4,Prendas de vestir y textiles,0,39.8135
2021-05-01,2021,5,Valle del Cauca,8,Electrodomesticos y muebles,1,62.4137
2021-05-01,2021,5,Valle del Cauca,9,Articulos y utensilios domesticos,0,51.2956
2021-05-01,2021,5,Valle del Cauca,10,Aseo del hogar,0,77.4411
2021-05-01,2021,5,Valle del Cauca,11,Informatica y telecomunicaciones,0,80.6560
2021-05-01,2021,5,Valle del Cauca,12,Sonido y video,0,52.1916
2021-05-01,2021,5,Valle del Cauca,14,"Ferreteria, vidrios y pinturas",0,58.1318
2021-05-01,2021,5,Valle del Cauca,15,Otras mercancias de uso domestico,0,44.1506
2021-05-01,2021,5,Otros departamentos,4,Prendas de vestir y textiles,0,72.7844
2021-05-01,2021,5,Otros departamentos,8,Electrodomesticos y muebles,1,101.9979
2021-05-01,2021,5,Otros departamentos,9,Articulos y utensilios domesticos,0,113.7832
2021-05-01,2021,5,Otros departamentos,10,Aseo del hogar,0,113.7881
2021-05-01,2021,5,Otros departamentos,11,Informatica y telecomunicaciones,0,119.1017
2021-05-01,2021,5,Otros departamentos,12,Sonido y video,0,116.0623
2021-05-01,2021,5,Otros departamentos,14,"Ferreteria, vidrios y pinturas",0,87.1041
2021-05-01,2021,5,Otros departamentos,15,Otras mercancias de uso domestico,0,85.2699
2021-06-01,2021,6,Antioquia,4,Prendas de vestir y textiles,0,89.2057
2021-06-01,2021,6,Antioquia,8,Electrodomesticos y muebles,1,121.0496
2021-06-01,2021,6,Antioquia,9,Articulos y utensilios domesticos,0,82.5737
2021-06-01,2021,6,Antioquia,10,Aseo del hogar,0,132.2304
2021-06-01,2021,6,Antioquia,11,Informatica y telecomunicaciones,0,126.8032
2021-06-01,2021,6,Antioquia,12,Sonido y video,0,90.4588
2021-06-01,2021,6,Antioquia,14,"Ferreteria, vidrios y pinturas",0,104.8620
2021-06-01,2021,6,Antioquia,15,Otras mercancias de uso domestico,0,113.1164
2021-06-01,2021,6,Atlantico,4,Prendas de vestir y textiles,0,94.1760
2021-06-01,2021,6,Atlantico,8,Electrodomesticos y muebles,1,105.5407
2021-06-01,2021,6,Atlantico,9,Articulos y utensilios domesticos,0,115.4818
2021-06-01,2021,6,Atlantico,10,Aseo del hogar,0,135.9770
2021-06-01,2021,6,Atlantico,11,Informatica y telecomunicaciones,0,128.4839
2021-06-01,2021,6,Atlantico,12,Sonido y video,0,114.3994
2021-06-01,2021,6,Atlantico,14,"Ferreteria, vidrios y pinturas",0,114.5334
2021-06-01,2021,6,Atlantico,15,Otras mercancias de uso domestico,0,75.8619
2021-06-01,2021,6,Bogota,4,Prendas de vestir y textiles,0,97.8497
2021-06-01,2021,6,Bogota,8,Electrodomesticos y muebles,1,116.2798
2021-06-01,2021,6,Bogota,9,Articulos y utensilios domesticos,0,96.6925
2021-06-01,2021,6,Bogota,10,Aseo del hogar,0,140.7711
2021-06-01,2021,6,Bogota,11,Informatica y telecomunicaciones,0,136.6524
2021-06-01,2021,6,Bogota,12,Sonido y video,0,87.4173
2021-06-01,2021,6,Bogota,14,"Ferreteria, vidrios y pinturas",0,112.3155
2021-06-01,2021,6,Bogota,15,Otras mercancias de uso domestico,0,98.1754
2021-06-01,2021,6,Cundinamarca,4,Prendas de vestir y textiles,0,104.4993
2021-06-01,2021,6,Cundinamarca,8,Electrodomesticos y muebles,1,168.5160
2021-06-01,2021,6,Cundinamarca,9,Articulos y utensilios domesticos,0,92.9311
2021-06-01,2021,6,Cundinamarca,10,Aseo del hogar,0,193.0986
2021-06-01,2021,6,Cundinamarca,11,Informatica y telecomunicaciones,0,171.9898
2021-06-01,2021,6,Cundinamarca,12,Sonido y video,0,107.1569
2021-06-01,2021,6,Cundinamarca,14,"Ferreteria, vidrios y pinturas",0,121.4806
2021-06-01,2021,6,Cundinamarca,15,Otras mercancias de uso domestico,0,98.0107
2021-06-01,2021,6,Santander,4,Prendas de vestir y textiles,0,91.1458
2021-06-01,2021,6,Santander,8,Electrodomesticos y muebles,1,103.3453
2021-06-01,2021,6,Santander,9,Articulos y utensilios domesticos,0,102.1045
2021-06-01,2021,6,Santander,10,Aseo del hogar,0,125.4307
2021-06-01,2021,6,Santander,11,Informatica y telecomunicaciones,0,124.5665
2021-06-01,2021,6,Santander,12,Sonido y video,0,101.4068
2021-06-01,2021,6,Santander,14,"Ferreteria, vidrios y pinturas",0,102.9704
2021-06-01,2021,6,Santander,15,Otras mercancias de uso domestico,0,95.4808
2021-06-01,2021,6,Valle del Cauca,4,Prendas de vestir y textiles,0,86.3329
2021-06-01,2021,6,Valle del Cauca,8,Electrodomesticos y muebles,1,100.5436
2021-06-01,2021,6,Valle del Cauca,9,Articulos y utensilios domesticos,0,85.6417
2021-06-01,2021,6,Valle del Cauca,10,Aseo del hogar,0,115.3531
2021-06-01,2021,6,Valle del Cauca,11,Informatica y telecomunicaciones,0,105.6274
2021-06-01,2021,6,Valle del Cauca,12,Sonido y video,0,93.8218
2021-06-01,2021,6,Valle del Cauca,14,"Ferreteria, vidrios y pinturas",0,109.5426
2021-06-01,2021,6,Valle del Cauca,15,Otras mercancias de uso domestico,0,86.4564
2021-06-01,2021,6,Otros departamentos,4,Prendas de vestir y textiles,0,103.5687
2021-06-01,2021,6,Otros departamentos,8,Electrodomesticos y muebles,1,113.4864
2021-06-01,2021,6,Otros departamentos,9,Articulos y utensilios domesticos,0,131.9680
2021-06-01,2021,6,Otros departamentos,10,Aseo del hogar,0,119.9058
2021-06-01,2021,6,Otros departamentos,11,Informatica y telecomunicaciones,0,141.9054
2021-06-01,2021,6,Otros departamentos,12,Sonido y video,0,122.4123
2021-06-01,2021,6,Otros departamentos,14,"Ferreteria, vidrios y pinturas",0,125.2014
2021-06-01,2021,6,Otros departamentos,15,Otras mercancias de uso domestico,0,97.7232
2021-07-01,2021,7,Antioquia,4,Prendas de vestir y textiles,0,114.2991
2021-07-01,2021,7,Antioquia,8,Electrodomesticos y muebles,1,158.3217
2021-07-01,2021,7,Antioquia,9,Articulos y utensilios domesticos,0,105.6760
2021-07-01,2021,7,Antioquia,10,Aseo del hogar,0,163.9664
2021-07-01,2021,7,Antioquia,11,Informatica y telecomunicaciones,0,123.7047
2021-07-01,2021,7,Antioquia,12,Sonido y video,0,80.2721
2021-07-01,2021,7,Antioquia,14,"Ferreteria, vidrios y pinturas",0,114.4186
2021-07-01,2021,7,Antioquia,15,Otras mercancias de uso domestico,0,113.8913
2021-07-01,2021,7,Atlantico,4,Prendas de vestir y textiles,0,97.4843
2021-07-01,2021,7,Atlantico,8,Electrodomesticos y muebles,1,99.6912
2021-07-01,2021,7,Atlantico,9,Articulos y utensilios domesticos,0,133.0607
2021-07-01,2021,7,Atlantico,10,Aseo del hogar,0,177.7657
2021-07-01,2021,7,Atlantico,11,Informatica y telecomunicaciones,0,167.2346
2021-07-01,2021,7,Atlantico,12,Sonido y video,0,119.9793
2021-07-01,2021,7,Atlantico,14,"Ferreteria, vidrios y pinturas",0,127.7473
2021-07-01,2021,7,Atlantico,15,Otras mercancias de uso domestico,0,81.7676
2021-07-01,2021,7,Bogota,4,Prendas de vestir y textiles,0,108.2733
2021-07-01,2021,7,Bogota,8,Electrodomesticos y muebles,1,164.6518
2021-07-01,2021,7,Bogota,9,Articulos y utensilios domesticos,0,107.9574
2021-07-01,2021,7,Bogota,10,Aseo del hogar,0,146.0215
2021-07-01,2021,7,Bogota,11,Informatica y telecomunicaciones,0,179.8579
2021-07-01,2021,7,Bogota,12,Sonido y video,0,108.7375
2021-07-01,2021,7,Bogota,14,"Ferreteria, vidrios y pinturas",0,119.1608
2021-07-01,2021,7,Bogota,15,Otras mercancias de uso domestico,0,107.0091
2021-07-01,2021,7,Cundinamarca,4,Prendas de vestir y textiles,0,107.9184
2021-07-01,2021,7,Cundinamarca,8,Electrodomesticos y muebles,1,169.3093
2021-07-01,2021,7,Cundinamarca,9,Articulos y utensilios domesticos,0,124.7522
2021-07-01,2021,7,Cundinamarca,10,Aseo del hogar,0,173.1398
2021-07-01,2021,7,Cundinamarca,11,Informatica y telecomunicaciones,0,209.6287
2021-07-01,2021,7,Cundinamarca,12,Sonido y video,0,111.7892
2021-07-01,2021,7,Cundinamarca,14,"Ferreteria, vidrios y pinturas",0,176.7354
2021-07-01,2021,7,Cundinamarca,15,Otras mercancias de uso domestico,0,115.4998
2021-07-01,2021,7,Santander,4,Prendas de vestir y textiles,0,93.2030
2021-07-01,2021,7,Santander,8,Electrodomesticos y muebles,1,119.6051
2021-07-01,2021,7,Santander,9,Articulos y utensilios domesticos,0,102.1339
2021-07-01,2021,7,Santander,10,Aseo del hogar,0,108.3601
2021-07-01,2021,7,Santander,11,Informatica y telecomunicaciones,0,135.2007
2021-07-01,2021,7,Santander,12,Sonido y video,0,93.6547
2021-07-01,2021,7,Santander,14,"Ferreteria, vidrios y pinturas",0,95.7039
2021-07-01,2021,7,Santander,15,Otras mercancias de uso domestico,0,98.1151
2021-07-01,2021,7,Valle del Cauca,4,Prendas de vestir y textiles,0,77.5632
2021-07-01,2021,7,Valle del Cauca,8,Electrodomesticos y muebles,1,112.7911
2021-07-01,2021,7,Valle del Cauca,9,Articulos y utensilios domesticos,0,103.0227
2021-07-01,2021,7,Valle del Cauca,10,Aseo del hogar,0,132.3916
2021-07-01,2021,7,Valle del Cauca,11,Informatica y telecomunicaciones,0,126.9550
2021-07-01,2021,7,Valle del Cauca,12,Sonido y video,0,96.0137
2021-07-01,2021,7,Valle del Cauca,14,"Ferreteria, vidrios y pinturas",0,114.0006
2021-07-01,2021,7,Valle del Cauca,15,Otras mercancias de uso domestico,0,98.4013
2021-07-01,2021,7,Otros departamentos,4,Prendas de vestir y textiles,0,104.9950
2021-07-01,2021,7,Otros departamentos,8,Electrodomesticos y muebles,1,111.4204
2021-07-01,2021,7,Otros departamentos,9,Articulos y utensilios domesticos,0,130.2522
2021-07-01,2021,7,Otros departamentos,10,Aseo del hogar,0,134.1123
2021-07-01,2021,7,Otros departamentos,11,Informatica y telecomunicaciones,0,151.2642
2021-07-01,2021,7,Otros departamentos,12,Sonido y video,0,142.2175
2021-07-01,2021,7,Otros departamentos,14,"Ferreteria, vidrios y pinturas",0,128.4917
2021-07-01,2021,7,Otros departamentos,15,Otras mercancias de uso domestico,0,99.9802
2021-08-01,2021,8,Antioquia,4,Prendas de vestir y textiles,0,102.2129
2021-08-01,2021,8,Antioquia,8,Electrodomesticos y muebles,1,135.2333
2021-08-01,2021,8,Antioquia,9,Articulos y utensilios domesticos,0,120.8225
2021-08-01,2021,8,Antioquia,10,Aseo del hogar,0,155.0430
2021-08-01,2021,8,Antioquia,11,Informatica y telecomunicaciones,0,143.2434
2021-08-01,2021,8,Antioquia,12,Sonido y video,0,79.1021
2021-08-01,2021,8,Antioquia,14,"Ferreteria, vidrios y pinturas",0,115.6140
2021-08-01,2021,8,Antioquia,15,Otras mercancias de uso domestico,0,97.4630
2021-08-01,2021,8,Atlantico,4,Prendas de vestir y textiles,0,88.1911
2021-08-01,2021,8,Atlantico,8,Electrodomesticos y muebles,1,118.3229
2021-08-01,2021,8,Atlantico,9,Articulos y utensilios domesticos,0,125.6969
2021-08-01,2021,8,Atlantico,10,Aseo del hogar,0,195.9769
2021-08-01,2021,8,Atlantico,11,Informatica y telecomunicaciones,0,187.6828
2021-08-01,2021,8,Atlantico,12,Sonido y video,0,107.1778
2021-08-01,2021,8,Atlantico,14,"Ferreteria, vidrios y pinturas",0,158.6567
2021-08-01,2021,8,Atlantico,15,Otras mercancias de uso domestico,0,90.4509
2021-08-01,2021,8,Bogota,4,Prendas de vestir y textiles,0,104.1068
2021-08-01,2021,8,Bogota,8,Electrodomesticos y muebles,1,153.0364
2021-08-01,2021,8,Bogota,9,Articulos y utensilios domesticos,0,133.8508
2021-08-01,2021,8,Bogota,10,Aseo del hogar,0,155.4239
2021-08-01,2021,8,Bogota,11,Informatica y telecomunicaciones,0,177.8819
2021-08-01,2021,8,Bogota,12,Sonido y video,0,106.7309
2021-08-01,2021,8,Bogota,14,"Ferreteria, vidrios y pinturas",0,120.6065
2021-08-01,2021,8,Bogota,15,Otras mercancias de uso domestico,0,119.1086
2021-08-01,2021,8,Cundinamarca,4,Prendas de vestir y textiles,0,116.7080
2021-08-01,2021,8,Cundinamarca,8,Electrodomesticos y muebles,1,165.4478
2021-08-01,2021,8,Cundinamarca,9,Articulos y utensilios domesticos,0,142.8107
2021-08-01,2021,8,Cundinamarca,10,Aseo del hogar,0,159.6717
2021-08-01,2021,8,Cundinamarca,11,Informatica y telecomunicaciones,0,229.7841
2021-08-01,2021,8,Cundinamarca,12,Sonido y video,0,105.3639
2021-08-01,2021,8,Cundinamarca,14,"Ferreteria, vidrios y pinturas",0,242.5860
2021-08-01,2021,8,Cundinamarca,15,Otras mercancias de uso domestico,0,129.8424
2021-08-01,2021,8,Santander,4,Prendas de vestir y textiles,0,85.8860
2021-08-01,2021,8,Santander,8,Electrodomesticos y muebles,1,105.9384
2021-08-01,2021,8,Santander,9,Articulos y utensilios domesticos,0,122.0924
2021-08-01,2021,8,Santander,10,Aseo del hogar,0,121.1016
2021-08-01,2021,8,Santander,11,Informatica y telecomunicaciones,0,142.7524
2021-08-01,2021,8,Santander,12,Sonido y video,0,91.8990
2021-08-01,2021,8,Santander,14,"Ferreteria, vidrios y pinturas",0,119.0546
2021-08-01,2021,8,Santander,15,Otras mercancias de uso domestico,0,110.4472
2021-08-01,2021,8,Valle del Cauca,4,Prendas de vestir y textiles,0,82.8062
2021-08-01,2021,8,Valle del Cauca,8,Electrodomesticos y muebles,1,121.1680
2021-08-01,2021,8,Valle del Cauca,9,Articulos y utensilios domesticos,0,110.8260
2021-08-01,2021,8,Valle del Cauca,10,Aseo del hogar,0,148.0895
2021-08-01,2021,8,Valle del Cauca,11,Informatica y telecomunicaciones,0,157.5052
2021-08-01,2021,8,Valle del Cauca,12,Sonido y video,0,101.9088
2021-08-01,2021,8,Valle del Cauca,14,"Ferreteria, vidrios y pinturas",0,125.5194
2021-08-01,2021,8,Valle del Cauca,15,Otras mercancias de uso domestico,0,96.0647
2021-08-01,2021,8,Otros departamentos,4,Prendas de vestir y textiles,0,95.5852
2021-08-01,2021,8,Otros departamentos,8,Electrodomesticos y muebles,1,125.2814
2021-08-01,2021,8,Otros departamentos,9,Articulos y utensilios domesticos,0,101.2537
2021-08-01,2021,8,Otros departamentos,10,Aseo del hogar,0,117.2449
2021-08-01,2021,8,Otros departamentos,11,Informatica y telecomunicaciones,0,180.3271
2021-08-01,2021,8,Otros departamentos,12,Sonido y video,0,132.0198
2021-08-01,2021,8,Otros departamentos,14,"Ferreteria, vidrios y pinturas",0,115.0874
2021-08-01,2021,8,Otros departamentos,15,Otras mercancias de uso domestico,0,104.4650
2021-09-01,2021,9,Antioquia,4,Prendas de vestir y textiles,0,99.5436
2021-09-01,2021,9,Antioquia,8,Electrodomesticos y muebles,1,109.5846
2021-09-01,2021,9,Antioquia,9,Articulos y utensilios domesticos,0,131.4714
2021-09-01,2021,9,Antioquia,10,Aseo del hogar,0,121.4982
2021-09-01,2021,9,Antioquia,11,Informatica y telecomunicaciones,0,116.3519
2021-09-01,2021,9,Antioquia,12,Sonido y video,0,71.7752
2021-09-01,2021,9,Antioquia,14,"Ferreteria, vidrios y pinturas",0,129.9759
2021-09-01,2021,9,Antioquia,15,Otras mercancias de uso domestico,0,87.4104
2021-09-01,2021,9,Atlantico,4,Prendas de vestir y textiles,0,98.6818
2021-09-01,2021,9,Atlantico,8,Electrodomesticos y muebles,1,95.2405
2021-09-01,2021,9,Atlantico,9,Articulos y utensilios domesticos,0,119.4664
2021-09-01,2021,9,Atlantico,10,Aseo del hogar,0,157.6679
2021-09-01,2021,9,Atlantico,11,Informatica y telecomunicaciones,0,144.9875
2021-09-01,2021,9,Atlantico,12,Sonido y video,0,92.7934
2021-09-01,2021,9,Atlantico,14,"Ferreteria, vidrios y pinturas",0,138.5794
2021-09-01,2021,9,Atlantico,15,Otras mercancias de uso domestico,0,77.7691
2021-09-01,2021,9,Bogota,4,Prendas de vestir y textiles,0,108.7444
2021-09-01,2021,9,Bogota,8,Electrodomesticos y muebles,1,130.6271
2021-09-01,2021,9,Bogota,9,Articulos y utensilios domesticos,0,127.4178
2021-09-01,2021,9,Bogota,10,Aseo del hogar,0,128.9672
2021-09-01,2021,9,Bogota,11,Informatica y telecomunicaciones,0,162.1833
2021-09-01,2021,9,Bogota,12,Sonido y video,0,87.6943
2021-09-01,2021,9,Bogota,14,"Ferreteria, vidrios y pinturas",0,124.5649
2021-09-01,2021,9,Bogota,15,Otras mercancias de uso domestico,0,131.1708
2021-09-01,2021,9,Cundinamarca,4,Prendas de vestir y textiles,0,109.6809
2021-09-01,2021,9,Cundinamarca,8,Electrodomesticos y muebles,1,149.3002
2021-09-01,2021,9,Cundinamarca,9,Articulos y utensilios domesticos,0,147.2095
2021-09-01,2021,9,Cundinamarca,10,Aseo del hogar,0,152.0526
2021-09-01,2021,9,Cundinamarca,11,Informatica y telecomunicaciones,0,176.7777
2021-09-01,2021,9,Cundinamarca,12,Sonido y video,0,69.5679
2021-09-01,2021,9,Cundinamarca,14,"Ferreteria, vidrios y pinturas",0,190.6549
2021-09-01,2021,9,Cundinamarca,15,Otras mercancias de uso domestico,0,120.0984
2021-09-01,2021,9,Santander,4,Prendas de vestir y textiles,0,93.4896
2021-09-01,2021,9,Santander,8,Electrodomesticos y muebles,1,77.7426
2021-09-01,2021,9,Santander,9,Articulos y utensilios domesticos,0,122.7200
2021-09-01,2021,9,Santander,10,Aseo del hogar,0,102.6773
2021-09-01,2021,9,Santander,11,Informatica y telecomunicaciones,0,128.5479
2021-09-01,2021,9,Santander,12,Sonido y video,0,77.8679
2021-09-01,2021,9,Santander,14,"Ferreteria, vidrios y pinturas",0,139.7115
2021-09-01,2021,9,Santander,15,Otras mercancias de uso domestico,0,113.9652
2021-09-01,2021,9,Valle del Cauca,4,Prendas de vestir y textiles,0,95.6630
2021-09-01,2021,9,Valle del Cauca,8,Electrodomesticos y muebles,1,114.9722
2021-09-01,2021,9,Valle del Cauca,9,Articulos y utensilios domesticos,0,116.2848
2021-09-01,2021,9,Valle del Cauca,10,Aseo del hogar,0,180.8579
2021-09-01,2021,9,Valle del Cauca,11,Informatica y telecomunicaciones,0,121.4182
2021-09-01,2021,9,Valle del Cauca,12,Sonido y video,0,81.3911
2021-09-01,2021,9,Valle del Cauca,14,"Ferreteria, vidrios y pinturas",0,151.8377
2021-09-01,2021,9,Valle del Cauca,15,Otras mercancias de uso domestico,0,105.0678
2021-09-01,2021,9,Otros departamentos,4,Prendas de vestir y textiles,0,102.7410
2021-09-01,2021,9,Otros departamentos,8,Electrodomesticos y muebles,1,113.0456
2021-09-01,2021,9,Otros departamentos,9,Articulos y utensilios domesticos,0,90.3694
2021-09-01,2021,9,Otros departamentos,10,Aseo del hogar,0,135.8540
2021-09-01,2021,9,Otros departamentos,11,Informatica y telecomunicaciones,0,143.7821
2021-09-01,2021,9,Otros departamentos,12,Sonido y video,0,112.3218
2021-09-01,2021,9,Otros departamentos,14,"Ferreteria, vidrios y pinturas",0,104.3594
2021-09-01,2021,9,Otros departamentos,15,Otras mercancias de uso domestico,0,103.0920
2021-10-01,2021,10,Antioquia,4,Prendas de vestir y textiles,0,114.5241
2021-10-01,2021,10,Antioquia,8,Electrodomesticos y muebles,1,164.8853
2021-10-01,2021,10,Antioquia,9,Articulos y utensilios domesticos,0,150.0975
2021-10-01,2021,10,Antioquia,10,Aseo del hogar,0,139.4721
2021-10-01,2021,10,Antioquia,11,Informatica y telecomunicaciones,0,148.3334
2021-10-01,2021,10,Antioquia,12,Sonido y video,0,149.6548
2021-10-01,2021,10,Antioquia,14,"Ferreteria, vidrios y pinturas",0,124.7140
2021-10-01,2021,10,Antioquia,15,Otras mercancias de uso domestico,0,107.8396
2021-10-01,2021,10,Atlantico,4,Prendas de vestir y textiles,0,134.9893
2021-10-01,2021,10,Atlantico,8,Electrodomesticos y muebles,1,146.2564
2021-10-01,2021,10,Atlantico,9,Articulos y utensilios domesticos,0,121.0583
2021-10-01,2021,10,Atlantico,10,Aseo del hogar,0,160.0482
2021-10-01,2021,10,Atlantico,11,Informatica y telecomunicaciones,0,249.9594
2021-10-01,2021,10,Atlantico,12,Sonido y video,0,210.1202
2021-10-01,2021,10,Atlantico,14,"Ferreteria, vidrios y pinturas",0,97.7112
2021-10-01,2021,10,Atlantico,15,Otras mercancias de uso domestico,0,96.9054
2021-10-01,2021,10,Bogota,4,Prendas de vestir y textiles,0,151.3369
2021-10-01,2021,10,Bogota,8,Electrodomesticos y muebles,1,181.6921
2021-10-01,2021,10,Bogota,9,Articulos y utensilios domesticos,0,145.7373
2021-10-01,2021,10,Bogota,10,Aseo del hogar,0,145.1783
2021-10-01,2021,10,Bogota,11,Informatica y telecomunicaciones,0,229.6190
2021-10-01,2021,10,Bogota,12,Sonido y video,0,161.6029
2021-10-01,2021,10,Bogota,14,"Ferreteria, vidrios y pinturas",0,150.3561
2021-10-01,2021,10,Bogota,15,Otras mercancias de uso domestico,0,139.3484
2021-10-01,2021,10,Cundinamarca,4,Prendas de vestir y textiles,0,118.5324
2021-10-01,2021,10,Cundinamarca,8,Electrodomesticos y muebles,1,213.3836
2021-10-01,2021,10,Cundinamarca,9,Articulos y utensilios domesticos,0,134.3312
2021-10-01,2021,10,Cundinamarca,10,Aseo del hogar,0,147.1573
2021-10-01,2021,10,Cundinamarca,11,Informatica y telecomunicaciones,0,203.5588
2021-10-01,2021,10,Cundinamarca,12,Sonido y video,0,187.4172
2021-10-01,2021,10,Cundinamarca,14,"Ferreteria, vidrios y pinturas",0,151.1451
2021-10-01,2021,10,Cundinamarca,15,Otras mercancias de uso domestico,0,100.5331
2021-10-01,2021,10,Santander,4,Prendas de vestir y textiles,0,111.1380
2021-10-01,2021,10,Santander,8,Electrodomesticos y muebles,1,133.8460
2021-10-01,2021,10,Santander,9,Articulos y utensilios domesticos,0,152.6371
2021-10-01,2021,10,Santander,10,Aseo del hogar,0,155.2614
2021-10-01,2021,10,Santander,11,Informatica y telecomunicaciones,0,205.4615
2021-10-01,2021,10,Santander,12,Sonido y video,0,162.7515
2021-10-01,2021,10,Santander,14,"Ferreteria, vidrios y pinturas",0,122.1110
2021-10-01,2021,10,Santander,15,Otras mercancias de uso domestico,0,143.5579
2021-10-01,2021,10,Valle del Cauca,4,Prendas de vestir y textiles,0,109.3002
2021-10-01,2021,10,Valle del Cauca,8,Electrodomesticos y muebles,1,143.0217
2021-10-01,2021,10,Valle del Cauca,9,Articulos y utensilios domesticos,0,123.7403
2021-10-01,2021,10,Valle del Cauca,10,Aseo del hogar,0,143.3291
2021-10-01,2021,10,Valle del Cauca,11,Informatica y telecomunicaciones,0,155.0430
2021-10-01,2021,10,Valle del Cauca,12,Sonido y video,0,151.7673
2021-10-01,2021,10,Valle del Cauca,14,"Ferreteria, vidrios y pinturas",0,144.1602
2021-10-01,2021,10,Valle del Cauca,15,Otras mercancias de uso domestico,0,105.2213
2021-10-01,2021,10,Otros departamentos,4,Prendas de vestir y textiles,0,106.5113
2021-10-01,2021,10,Otros departamentos,8,Electrodomesticos y muebles,1,131.5415
2021-10-01,2021,10,Otros departamentos,9,Articulos y utensilios domesticos,0,116.3827
2021-10-01,2021,10,Otros departamentos,10,Aseo del hogar,0,142.0340
2021-10-01,2021,10,Otros departamentos,11,Informatica y telecomunicaciones,0,174.2796
2021-10-01,2021,10,Otros departamentos,12,Sonido y video,0,184.2046
2021-10-01,2021,10,Otros departamentos,14,"Ferreteria, vidrios y pinturas",0,113.8825
2021-10-01,2021,10,Otros departamentos,15,Otras mercancias de uso domestico,0,128.3118
2021-11-01,2021,11,Antioquia,4,Prendas de vestir y textiles,0,128.5513
2021-11-01,2021,11,Antioquia,8,Electrodomesticos y muebles,1,143.8811
2021-11-01,2021,11,Antioquia,9,Articulos y utensilios domesticos,0,160.1225
2021-11-01,2021,11,Antioquia,10,Aseo del hogar,0,141.1578
2021-11-01,2021,11,Antioquia,11,Informatica y telecomunicaciones,0,160.4896
2021-11-01,2021,11,Antioquia,12,Sonido y video,0,131.3798
2021-11-01,2021,11,Antioquia,14,"Ferreteria, vidrios y pinturas",0,114.2067
2021-11-01,2021,11,Antioquia,15,Otras mercancias de uso domestico,0,135.6217
2021-11-01,2021,11,Atlantico,4,Prendas de vestir y textiles,0,158.3279
2021-11-01,2021,11,Atlantico,8,Electrodomesticos y muebles,1,144.1442
2021-11-01,2021,11,Atlantico,9,Articulos y utensilios domesticos,0,115.4818
2021-11-01,2021,11,Atlantico,10,Aseo del hogar,0,170.6262
2021-11-01,2021,11,Atlantico,11,Informatica y telecomunicaciones,0,260.3260
2021-11-01,2021,11,Atlantico,12,Sonido y video,0,205.8177
2021-11-01,2021,11,Atlantico,14,"Ferreteria, vidrios y pinturas",0,132.4747
2021-11-01,2021,11,Atlantico,15,Otras mercancias de uso domestico,0,113.4160
2021-11-01,2021,11,Bogota,4,Prendas de vestir y textiles,0,189.8989
2021-11-01,2021,11,Bogota,8,Electrodomesticos y muebles,1,158.0035
2021-11-01,2021,11,Bogota,9,Articulos y utensilios domesticos,0,161.2575
2021-11-01,2021,11,Bogota,10,Aseo del hogar,0,159.0514
2021-11-01,2021,11,Bogota,11,Informatica y telecomunicaciones,0,192.2342
2021-11-01,2021,11,Bogota,12,Sonido y video,0,146.5235
2021-11-01,2021,11,Bogota,14,"Ferreteria, vidrios y pinturas",0,173.5751
2021-11-01,2021,11,Bogota,15,Otras mercancias de uso domestico,0,176.0877
2021-11-01,2021,11,Cundinamarca,4,Prendas de vestir y textiles,0,160.3506
2021-11-01,2021,11,Cundinamarca,8,Electrodomesticos y muebles,1,183.8828
2021-11-01,2021,11,Cundinamarca,9,Articulos y utensilios domesticos,0,152.7979
2021-11-01,2021,11,Cundinamarca,10,Aseo del hogar,0,180.4038
2021-11-01,2021,11,Cundinamarca,11,Informatica y telecomunicaciones,0,204.0848
2021-11-01,2021,11,Cundinamarca,12,Sonido y video,0,164.5180
2021-11-01,2021,11,Cundinamarca,14,"Ferreteria, vidrios y pinturas",0,190.2550
2021-11-01,2021,11,Cundinamarca,15,Otras mercancias de uso domestico,0,140.1025
2021-11-01,2021,11,Santander,4,Prendas de vestir y textiles,0,134.7856
2021-11-01,2021,11,Santander,8,Electrodomesticos y muebles,1,124.6000
2021-11-01,2021,11,Santander,9,Articulos y utensilios domesticos,0,140.2584
2021-11-01,2021,11,Santander,10,Aseo del hogar,0,152.8516
2021-11-01,2021,11,Santander,11,Informatica y telecomunicaciones,0,195.7501
2021-11-01,2021,11,Santander,12,Sonido y video,0,128.9711
2021-11-01,2021,11,Santander,14,"Ferreteria, vidrios y pinturas",0,124.7608
2021-11-01,2021,11,Santander,15,Otras mercancias de uso domestico,0,142.8209
2021-11-01,2021,11,Valle del Cauca,4,Prendas de vestir y textiles,0,142.0534
2021-11-01,2021,11,Valle del Cauca,8,Electrodomesticos y muebles,1,144.1226
2021-11-01,2021,11,Valle del Cauca,9,Articulos y utensilios domesticos,0,130.8300
2021-11-01,2021,11,Valle del Cauca,10,Aseo del hogar,0,130.7921
2021-11-01,2021,11,Valle del Cauca,11,Informatica y telecomunicaciones,0,181.8745
2021-11-01,2021,11,Valle del Cauca,12,Sonido y video,0,139.5569
2021-11-01,2021,11,Valle del Cauca,14,"Ferreteria, vidrios y pinturas",0,133.4262
2021-11-01,2021,11,Valle del Cauca,15,Otras mercancias de uso domestico,0,147.4571
2021-11-01,2021,11,Otros departamentos,4,Prendas de vestir y textiles,0,112.8388
2021-11-01,2021,11,Otros departamentos,8,Electrodomesticos y muebles,1,135.6883
2021-11-01,2021,11,Otros departamentos,9,Articulos y utensilios domesticos,0,120.9196
2021-11-01,2021,11,Otros departamentos,10,Aseo del hogar,0,119.4630
2021-11-01,2021,11,Otros departamentos,11,Informatica y telecomunicaciones,0,176.3682
2021-11-01,2021,11,Otros departamentos,12,Sonido y video,0,140.0337
2021-11-01,2021,11,Otros departamentos,14,"Ferreteria, vidrios y pinturas",0,114.3669
2021-11-01,2021,11,Otros departamentos,15,Otras mercancias de uso domestico,0,133.9366
2021-12-01,2021,12,Antioquia,4,Prendas de vestir y textiles,0,291.8380
2021-12-01,2021,12,Antioquia,8,Electrodomesticos y muebles,1,156.5999
2021-12-01,2021,12,Antioquia,9,Articulos y utensilios domesticos,0,144.0316
2021-12-01,2021,12,Antioquia,10,Aseo del hogar,0,199.0978
2021-12-01,2021,12,Antioquia,11,Informatica y telecomunicaciones,0,233.6808
2021-12-01,2021,12,Antioquia,12,Sonido y video,0,160.0443
2021-12-01,2021,12,Antioquia,14,"Ferreteria, vidrios y pinturas",0,111.8412
2021-12-01,2021,12,Antioquia,15,Otras mercancias de uso domestico,0,198.5284
2021-12-01,2021,12,Atlantico,4,Prendas de vestir y textiles,0,296.7376
2021-12-01,2021,12,Atlantico,8,Electrodomesticos y muebles,1,169.4634
2021-12-01,2021,12,Atlantico,9,Articulos y utensilios domesticos,0,136.9732
2021-12-01,2021,12,Atlantico,10,Aseo del hogar,0,187.5542
2021-12-01,2021,12,Atlantico,11,Informatica y telecomunicaciones,0,289.5345
2021-12-01,2021,12,Atlantico,12,Sonido y video,0,214.8305
2021-12-01,2021,12,Atlantico,14,"Ferreteria, vidrios y pinturas",0,139.4678
2021-12-01,2021,12,Atlantico,15,Otras mercancias de uso domestico,0,170.9577
2021-12-01,2021,12,Bogota,4,Prendas de vestir y textiles,0,344.2957
2021-12-01,2021,12,Bogota,8,Electrodomesticos y muebles,1,172.5263
2021-12-01,2021,12,Bogota,9,Articulos y utensilios domesticos,0,192.3739
2021-12-01,2021,12,Bogota,10,Aseo del hogar,0,157.5704
2021-12-01,2021,12,Bogota,11,Informatica y telecomunicaciones,0,266.8492
2021-12-01,2021,12,Bogota,12,Sonido y video,0,166.9712
2021-12-01,2021,12,Bogota,14,"Ferreteria, vidrios y pinturas",0,144.8636
2021-12-01,2021,12,Bogota,15,Otras mercancias de uso domestico,0,220.1401
2021-12-01,2021,12,Cundinamarca,4,Prendas de vestir y textiles,0,322.6021
2021-12-01,2021,12,Cundinamarca,8,Electrodomesticos y muebles,1,170.0120
2021-12-01,2021,12,Cundinamarca,9,Articulos y utensilios domesticos,0,197.1246
2021-12-01,2021,12,Cundinamarca,10,Aseo del hogar,0,224.8555
2021-12-01,2021,12,Cundinamarca,11,Informatica y telecomunicaciones,0,228.9879
2021-12-01,2021,12,Cundinamarca,12,Sonido y video,0,171.4452
2021-12-01,2021,12,Cundinamarca,14,"Ferreteria, vidrios y pinturas",0,183.7259
2021-12-01,2021,12,Cundinamarca,15,Otras mercancias de uso domestico,0,183.4107
2021-12-01,2021,12,Santander,4,Prendas de vestir y textiles,0,351.9706
2021-12-01,2021,12,Santander,8,Electrodomesticos y muebles,1,159.4244
2021-12-01,2021,12,Santander,9,Articulos y utensilios domesticos,0,164.7528
2021-12-01,2021,12,Santander,10,Aseo del hogar,0,162.8168
2021-12-01,2021,12,Santander,11,Informatica y telecomunicaciones,0,281.2627
2021-12-01,2021,12,Santander,12,Sonido y video,0,148.0329
2021-12-01,2021,12,Santander,14,"Ferreteria, vidrios y pinturas",0,150.3340
2021-12-01,2021,12,Santander,15,Otras mercancias de uso domestico,0,195.4601
2021-12-01,2021,12,Valle del Cauca,4,Prendas de vestir y textiles,0,250.0631
2021-12-01,2021,12,Valle del Cauca,8,Electrodomesticos y muebles,1,155.5532
2021-12-01,2021,12,Valle del Cauca,9,Articulos y utensilios domesticos,0,169.5528
2021-12-01,2021,12,Valle del Cauca,10,Aseo del hogar,0,141.3514
2021-12-01,2021,12,Valle del Cauca,11,Informatica y telecomunicaciones,0,237.4142
2021-12-01,2021,12,Valle del Cauca,12,Sonido y video,0,148.5662
2021-12-01,2021,12,Valle del Cauca,14,"Ferreteria, vidrios y pinturas",0,120.8775
2021-12-01,2021,12,Valle del Cauca,15,Otras mercancias de uso domestico,0,142.9315
2021-12-01,2021,12,Otros departamentos,4,Prendas de vestir y textiles,0,284.1396
2021-12-01,2021,12,Otros departamentos,8,Electrodomesticos y muebles,1,165.9725
2021-12-01,2021,12,Otros departamentos,9,Articulos y utensilios domesticos,0,184.9432
2021-12-01,2021,12,Otros departamentos,10,Aseo del hogar,0,136.0483
2021-12-01,2021,12,Otros departamentos,11,Informatica y telecomunicaciones,0,255.9742
2021-12-01,2021,12,Otros departamentos,12,Sonido y video,0,213.1769
2021-12-01,2021,12,Otros departamentos,14,"Ferreteria, vidrios y pinturas",0,127.5420
2021-12-01,2021,12,Otros departamentos,15,Otras mercancias de uso domestico,0,185.6322
2022-01-01,2022,1,Antioquia,4,Prendas de vestir y textiles,0,91.5752
2022-01-01,2022,1,Antioquia,8,Electrodomesticos y muebles,1,111.3058
2022-01-01,2022,1,Antioquia,9,Articulos y utensilios domesticos,0,89.0026
2022-01-01,2022,1,Antioquia,10,Aseo del hogar,0,156.4956
2022-01-01,2022,1,Antioquia,11,Informatica y telecomunicaciones,0,137.4579
2022-01-01,2022,1,Antioquia,12,Sonido y video,0,85.3851
2022-01-01,2022,1,Antioquia,14,"Ferreteria, vidrios y pinturas",0,98.4183
2022-01-01,2022,1,Antioquia,15,Otras mercancias de uso domestico,0,97.3168
2022-01-01,2022,1,Atlantico,4,Prendas de vestir y textiles,0,98.4527
2022-01-01,2022,1,Atlantico,8,Electrodomesticos y muebles,1,130.8990
2022-01-01,2022,1,Atlantico,9,Articulos y utensilios domesticos,0,101.1128
2022-01-01,2022,1,Atlantico,10,Aseo del hogar,0,147.6730
2022-01-01,2022,1,Atlantico,11,Informatica y telecomunicaciones,0,178.8447
2022-01-01,2022,1,Atlantico,12,Sonido y video,0,115.0480
2022-01-01,2022,1,Atlantico,14,"Ferreteria, vidrios y pinturas",0,126.4382
2022-01-01,2022,1,Atlantico,15,Otras mercancias de uso domestico,0,89.7937
2022-01-01,2022,1,Bogota,4,Prendas de vestir y textiles,0,108.3130
2022-01-01,2022,1,Bogota,8,Electrodomesticos y muebles,1,104.4754
2022-01-01,2022,1,Bogota,9,Articulos y utensilios domesticos,0,125.5285
2022-01-01,2022,1,Bogota,10,Aseo del hogar,0,138.5605
2022-01-01,2022,1,Bogota,11,Informatica y telecomunicaciones,0,148.9482
2022-01-01,2022,1,Bogota,12,Sonido y video,0,79.5934
2022-01-01,2022,1,Bogota,14,"Ferreteria, vidrios y pinturas",0,118.9305
2022-01-01,2022,1,Bogota,15,Otras mercancias de uso domestico,0,120.0485
2022-01-01,2022,1,Cundinamarca,4,Prendas de vestir y textiles,0,132.3906
2022-01-01,2022,1,Cundinamarca,8,Electrodomesticos y muebles,1,130.3578
2022-01-01,2022,1,Cundinamarca,9,Articulos y utensilios domesticos,0,137.1654
2022-01-01,2022,1,Cundinamarca,10,Aseo del hogar,0,190.2740
2022-01-01,2022,1,Cundinamarca,11,Informatica y telecomunicaciones,0,182.4474
2022-01-01,2022,1,Cundinamarca,12,Sonido y video,0,99.4392
2022-01-01,2022,1,Cundinamarca,14,"Ferreteria, vidrios y pinturas",0,161.8781
2022-01-01,2022,1,Cundinamarca,15,Otras mercancias de uso domestico,0,114.9306
2022-01-01,2022,1,Santander,4,Prendas de vestir y textiles,0,104.9838
2022-01-01,2022,1,Santander,8,Electrodomesticos y muebles,1,142.8002
2022-01-01,2022,1,Santander,9,Articulos y utensilios domesticos,0,116.5855
2022-01-01,2022,1,Santander,10,Aseo del hogar,0,135.4162
2022-01-01,2022,1,Santander,11,Informatica y telecomunicaciones,0,166.1900
2022-01-01,2022,1,Santander,12,Sonido y video,0,91.4516
2022-01-01,2022,1,Santander,14,"Ferreteria, vidrios y pinturas",0,121.9975
2022-01-01,2022,1,Santander,15,Otras mercancias de uso domestico,0,111.8168
2022-01-01,2022,1,Valle del Cauca,4,Prendas de vestir y textiles,0,85.1557
2022-01-01,2022,1,Valle del Cauca,8,Electrodomesticos y muebles,1,112.6189
2022-01-01,2022,1,Valle del Cauca,9,Articulos y utensilios domesticos,0,126.9028
2022-01-01,2022,1,Valle del Cauca,10,Aseo del hogar,0,124.0190
2022-01-01,2022,1,Valle del Cauca,11,Informatica y telecomunicaciones,0,167.2775
2022-01-01,2022,1,Valle del Cauca,12,Sonido y video,0,83.5297
2022-01-01,2022,1,Valle del Cauca,14,"Ferreteria, vidrios y pinturas",0,102.0332
2022-01-01,2022,1,Valle del Cauca,15,Otras mercancias de uso domestico,0,83.2351
2022-01-01,2022,1,Otros departamentos,4,Prendas de vestir y textiles,0,89.7827
2022-01-01,2022,1,Otros departamentos,8,Electrodomesticos y muebles,1,127.3742
2022-01-01,2022,1,Otros departamentos,9,Articulos y utensilios domesticos,0,147.1689
2022-01-01,2022,1,Otros departamentos,10,Aseo del hogar,0,123.7332
2022-01-01,2022,1,Otros departamentos,11,Informatica y telecomunicaciones,0,164.5281
2022-01-01,2022,1,Otros departamentos,12,Sonido y video,0,97.1374
2022-01-01,2022,1,Otros departamentos,14,"Ferreteria, vidrios y pinturas",0,112.0731
2022-01-01,2022,1,Otros departamentos,15,Otras mercancias de uso domestico,0,93.4153
2022-02-01,2022,2,Antioquia,4,Prendas de vestir y textiles,0,76.6567
2022-02-01,2022,2,Antioquia,8,Electrodomesticos y muebles,1,105.6059
2022-02-01,2022,2,Antioquia,9,Articulos y utensilios domesticos,0,96.1017
2022-02-01,2022,2,Antioquia,10,Aseo del hogar,0,117.6588
2022-02-01,2022,2,Antioquia,11,Informatica y telecomunicaciones,0,179.7249
2022-02-01,2022,2,Antioquia,12,Sonido y video,0,88.3943
2022-02-01,2022,2,Antioquia,14,"Ferreteria, vidrios y pinturas",0,113.1831
2022-02-01,2022,2,Antioquia,15,Otras mercancias de uso domestico,0,106.5362
2022-02-01,2022,2,Atlantico,4,Prendas de vestir y textiles,0,72.7377
2022-02-01,2022,2,Atlantico,8,Electrodomesticos y muebles,1,129.0725
2022-02-01,2022,2,Atlantico,9,Articulos y utensilios domesticos,0,98.1300
2022-02-01,2022,2,Atlantico,10,Aseo del hogar,0,128.3711
2022-02-01,2022,2,Atlantico,11,Informatica y telecomunicaciones,0,179.2119
2022-02-01,2022,2,Atlantico,12,Sonido y video,0,95.6102
2022-02-01,2022,2,Atlantico,14,"Ferreteria, vidrios y pinturas",0,155.3287
2022-02-01,2022,2,Atlantico,15,Otras mercancias de uso domestico,0,107.7427
2022-02-01,2022,2,Bogota,4,Prendas de vestir y textiles,0,93.3818
2022-02-01,2022,2,Bogota,8,Electrodomesticos y muebles,1,104.8182
2022-02-01,2022,2,Bogota,9,Articulos y utensilios domesticos,0,126.2368
2022-02-01,2022,2,Bogota,10,Aseo del hogar,0,148.3100
2022-02-01,2022,2,Bogota,11,Informatica y telecomunicaciones,0,140.4471
2022-02-01,2022,2,Bogota,12,Sonido y video,0,89.9328
2022-02-01,2022,2,Bogota,14,"Ferreteria, vidrios y pinturas",0,124.1104
2022-02-01,2022,2,Bogota,15,Otras mercancias de uso domestico,0,84.8198
2022-02-01,2022,2,Cundinamarca,4,Prendas de vestir y textiles,0,104.3643
2022-02-01,2022,2,Cundinamarca,8,Electrodomesticos y muebles,1,140.8329
2022-02-01,2022,2,Cundinamarca,9,Articulos y utensilios domesticos,0,124.2674
2022-02-01,2022,2,Cundinamarca,10,Aseo del hogar,0,163.5479
2022-02-01,2022,2,Cundinamarca,11,Informatica y telecomunicaciones,0,225.0264
2022-02-01,2022,2,Cundinamarca,12,Sonido y video,0,99.2191
2022-02-01,2022,2,Cundinamarca,14,"Ferreteria, vidrios y pinturas",0,163.9469
2022-02-01,2022,2,Cundinamarca,15,Otras mercancias de uso domestico,0,88.7794
2022-02-01,2022,2,Santander,4,Prendas de vestir y textiles,0,79.4411
2022-02-01,2022,2,Santander,8,Electrodomesticos y muebles,1,122.4482
2022-02-01,2022,2,Santander,9,Articulos y utensilios domesticos,0,110.2470
2022-02-01,2022,2,Santander,10,Aseo del hogar,0,115.8490
2022-02-01,2022,2,Santander,11,Informatica y telecomunicaciones,0,172.8961
2022-02-01,2022,2,Santander,12,Sonido y video,0,107.7337
2022-02-01,2022,2,Santander,14,"Ferreteria, vidrios y pinturas",0,118.6075
2022-02-01,2022,2,Santander,15,Otras mercancias de uso domestico,0,111.9908
2022-02-01,2022,2,Valle del Cauca,4,Prendas de vestir y textiles,0,77.3494
2022-02-01,2022,2,Valle del Cauca,8,Electrodomesticos y muebles,1,116.4708
2022-02-01,2022,2,Valle del Cauca,9,Articulos y utensilios domesticos,0,102.5590
2022-02-01,2022,2,Valle del Cauca,10,Aseo del hogar,0,108.9711
2022-02-01,2022,2,Valle del Cauca,11,Informatica y telecomunicaciones,0,166.0616
2022-02-01,2022,2,Valle del Cauca,12,Sonido y video,0,83.2943
2022-02-01,2022,2,Valle del Cauca,14,"Ferreteria, vidrios y pinturas",0,127.8740
2022-02-01,2022,2,Valle del Cauca,15,Otras mercancias de uso domestico,0,83.4527
2022-02-01,2022,2,Otros departamentos,4,Prendas de vestir y textiles,0,92.0090
2022-02-01,2022,2,Otros departamentos,8,Electrodomesticos y muebles,1,100.9257
2022-02-01,2022,2,Otros departamentos,9,Articulos y utensilios domesticos,0,120.2928
2022-02-01,2022,2,Otros departamentos,10,Aseo del hogar,0,110.0508
2022-02-01,2022,2,Otros departamentos,11,Informatica y telecomunicaciones,0,175.5828
2022-02-01,2022,2,Otros departamentos,12,Sonido y video,0,90.7286
2022-02-01,2022,2,Otros departamentos,14,"Ferreteria, vidrios y pinturas",0,110.9750
2022-02-01,2022,2,Otros departamentos,15,Otras mercancias de uso domestico,0,100.2380
2022-03-01,2022,3,Antioquia,4,Prendas de vestir y textiles,0,96.8065
2022-03-01,2022,3,Antioquia,8,Electrodomesticos y muebles,1,169.5140
2022-03-01,2022,3,Antioquia,9,Articulos y utensilios domesticos,0,117.4428
2022-03-01,2022,3,Antioquia,10,Aseo del hogar,0,128.6650
2022-03-01,2022,3,Antioquia,11,Informatica y telecomunicaciones,0,235.1800
2022-03-01,2022,3,Antioquia,12,Sonido y video,0,163.2682
2022-03-01,2022,3,Antioquia,14,"Ferreteria, vidrios y pinturas",0,131.9203
2022-03-01,2022,3,Antioquia,15,Otras mercancias de uso domestico,0,136.4492
2022-03-01,2022,3,Atlantico,4,Prendas de vestir y textiles,0,97.4096
2022-03-01,2022,3,Atlantico,8,Electrodomesticos y muebles,1,176.3632
2022-03-01,2022,3,Atlantico,9,Articulos y utensilios domesticos,0,124.3440
2022-03-01,2022,3,Atlantico,10,Aseo del hogar,0,127.4576
2022-03-01,2022,3,Atlantico,11,Informatica y telecomunicaciones,0,220.0427
2022-03-01,2022,3,Atlantico,12,Sonido y video,0,192.2731
2022-03-01,2022,3,Atlantico,14,"Ferreteria, vidrios y pinturas",0,161.9206
2022-03-01,2022,3,Atlantico,15,Otras mercancias de uso domestico,0,95.1382
2022-03-01,2022,3,Bogota,4,Prendas de vestir y textiles,0,132.4707
2022-03-01,2022,3,Bogota,8,Electrodomesticos y muebles,1,162.8395
2022-03-01,2022,3,Bogota,9,Articulos y utensilios domesticos,0,151.3109
2022-03-01,2022,3,Bogota,10,Aseo del hogar,0,180.4119
2022-03-01,2022,3,Bogota,11,Informatica y telecomunicaciones,0,202.3343
2022-03-01,2022,3,Bogota,12,Sonido y video,0,177.3622
2022-03-01,2022,3,Bogota,14,"Ferreteria, vidrios y pinturas",0,166.3077
2022-03-01,2022,3,Bogota,15,Otras mercancias de uso domestico,0,95.8408
2022-03-01,2022,3,Cundinamarca,4,Prendas de vestir y textiles,0,104.1435
2022-03-01,2022,3,Cundinamarca,8,Electrodomesticos y muebles,1,200.8373
2022-03-01,2022,3,Cundinamarca,9,Articulos y utensilios domesticos,0,146.3567
2022-03-01,2022,3,Cundinamarca,10,Aseo del hogar,0,161.9398
2022-03-01,2022,3,Cundinamarca,11,Informatica y telecomunicaciones,0,255.1642
2022-03-01,2022,3,Cundinamarca,12,Sonido y video,0,173.6689
2022-03-01,2022,3,Cundinamarca,14,"Ferreteria, vidrios y pinturas",0,147.4818
2022-03-01,2022,3,Cundinamarca,15,Otras mercancias de uso domestico,0,102.3497
2022-03-01,2022,3,Santander,4,Prendas de vestir y textiles,0,94.1581
2022-03-01,2022,3,Santander,8,Electrodomesticos y muebles,1,172.5678
2022-03-01,2022,3,Santander,9,Articulos y utensilios domesticos,0,127.0232
2022-03-01,2022,3,Santander,10,Aseo del hogar,0,127.1246
2022-03-01,2022,3,Santander,11,Informatica y telecomunicaciones,0,230.6017
2022-03-01,2022,3,Santander,12,Sonido y video,0,218.2210
2022-03-01,2022,3,Santander,14,"Ferreteria, vidrios y pinturas",0,143.9538
2022-03-01,2022,3,Santander,15,Otras mercancias de uso domestico,0,116.1692
2022-03-01,2022,3,Valle del Cauca,4,Prendas de vestir y textiles,0,100.2141
2022-03-01,2022,3,Valle del Cauca,8,Electrodomesticos y muebles,1,154.5091
2022-03-01,2022,3,Valle del Cauca,9,Articulos y utensilios domesticos,0,92.1456
2022-03-01,2022,3,Valle del Cauca,10,Aseo del hogar,0,119.5004
2022-03-01,2022,3,Valle del Cauca,11,Informatica y telecomunicaciones,0,209.1039
2022-03-01,2022,3,Valle del Cauca,12,Sonido y video,0,177.0537
2022-03-01,2022,3,Valle del Cauca,14,"Ferreteria, vidrios y pinturas",0,116.2485
2022-03-01,2022,3,Valle del Cauca,15,Otras mercancias de uso domestico,0,90.7739
2022-03-01,2022,3,Otros departamentos,4,Prendas de vestir y textiles,0,102.8248
2022-03-01,2022,3,Otros departamentos,8,Electrodomesticos y muebles,1,157.8160
2022-03-01,2022,3,Otros departamentos,9,Articulos y utensilios domesticos,0,119.0774
2022-03-01,2022,3,Otros departamentos,10,Aseo del hogar,0,107.7327
2022-03-01,2022,3,Otros departamentos,11,Informatica y telecomunicaciones,0,237.5775
2022-03-01,2022,3,Otros departamentos,12,Sonido y video,0,173.7938
2022-03-01,2022,3,Otros departamentos,14,"Ferreteria, vidrios y pinturas",0,117.0032
2022-03-01,2022,3,Otros departamentos,15,Otras mercancias de uso domestico,0,121.4750
2022-04-01,2022,4,Antioquia,4,Prendas de vestir y textiles,0,108.9996
2022-04-01,2022,4,Antioquia,8,Electrodomesticos y muebles,1,120.2691
2022-04-01,2022,4,Antioquia,9,Articulos y utensilios domesticos,0,134.7878
2022-04-01,2022,4,Antioquia,10,Aseo del hogar,0,126.7025
2022-04-01,2022,4,Antioquia,11,Informatica y telecomunicaciones,0,163.8523
2022-04-01,2022,4,Antioquia,12,Sonido y video,0,87.1556
2022-04-01,2022,4,Antioquia,14,"Ferreteria, vidrios y pinturas",0,129.1327
2022-04-01,2022,4,Antioquia,15,Otras mercancias de uso domestico,0,119.6723
2022-04-01,2022,4,Atlantico,4,Prendas de vestir y textiles,0,95.9939
2022-04-01,2022,4,Atlantico,8,Electrodomesticos y muebles,1,123.1751
2022-04-01,2022,4,Atlantico,9,Articulos y utensilios domesticos,0,146.3064
2022-04-01,2022,4,Atlantico,10,Aseo del hogar,0,136.2516
2022-04-01,2022,4,Atlantico,11,Informatica y telecomunicaciones,0,196.3207
2022-04-01,2022,4,Atlantico,12,Sonido y video,0,96.8003
2022-04-01,2022,4,Atlantico,14,"Ferreteria, vidrios y pinturas",0,120.0619
2022-04-01,2022,4,Atlantico,15,Otras mercancias de uso domestico,0,111.0990
2022-04-01,2022,4,Bogota,4,Prendas de vestir y textiles,0,100.0835
2022-04-01,2022,4,Bogota,8,Electrodomesticos y muebles,1,96.2910
2022-04-01,2022,4,Bogota,9,Articulos y utensilios domesticos,0,108.7132
2022-04-01,2022,4,Bogota,10,Aseo del hogar,0,131.7006
2022-04-01,2022,4,Bogota,11,Informatica y telecomunicaciones,0,118.9923
2022-04-01,2022,4,Bogota,12,Sonido y video,0,85.1924
2022-04-01,2022,4,Bogota,14,"Ferreteria, vidrios y pinturas",0,127.3137
2022-04-01,2022,4,Bogota,15,Otras mercancias de uso domestico,0,93.9123
2022-04-01,2022,4,Cundinamarca,4,Prendas de vestir y textiles,0,126.7432
2022-04-01,2022,4,Cundinamarca,8,Electrodomesticos y muebles,1,143.0776
2022-04-01,2022,4,Cundinamarca,9,Articulos y utensilios domesticos,0,128.4326
2022-04-01,2022,4,Cundinamarca,10,Aseo del hogar,0,171.3630
2022-04-01,2022,4,Cundinamarca,11,Informatica y telecomunicaciones,0,191.9848
2022-04-01,2022,4,Cundinamarca,12,Sonido y video,0,103.3987
2022-04-01,2022,4,Cundinamarca,14,"Ferreteria, vidrios y pinturas",0,146.1389
2022-04-01,2022,4,Cundinamarca,15,Otras mercancias de uso domestico,0,117.3329
2022-04-01,2022,4,Santander,4,Prendas de vestir y textiles,0,86.2776
2022-04-01,2022,4,Santander,8,Electrodomesticos y muebles,1,105.6120
2022-04-01,2022,4,Santander,9,Articulos y utensilios domesticos,0,139.6310
2022-04-01,2022,4,Santander,10,Aseo del hogar,0,114.3061
2022-04-01,2022,4,Santander,11,Informatica y telecomunicaciones,0,141.8438
2022-04-01,2022,4,Santander,12,Sonido y video,0,105.2284
2022-04-01,2022,4,Santander,14,"Ferreteria, vidrios y pinturas",0,113.4749
2022-04-01,2022,4,Santander,15,Otras mercancias de uso domestico,0,91.5910
2022-04-01,2022,4,Valle del Cauca,4,Prendas de vestir y textiles,0,92.6533
2022-04-01,2022,4,Valle del Cauca,8,Electrodomesticos y muebles,1,116.8433
2022-04-01,2022,4,Valle del Cauca,9,Articulos y utensilios domesticos,0,101.1923
2022-04-01,2022,4,Valle del Cauca,10,Aseo del hogar,0,120.4594
2022-04-01,2022,4,Valle del Cauca,11,Informatica y telecomunicaciones,0,119.0265
2022-04-01,2022,4,Valle del Cauca,12,Sonido y video,0,97.5579
2022-04-01,2022,4,Valle del Cauca,14,"Ferreteria, vidrios y pinturas",0,113.1118
2022-04-01,2022,4,Valle del Cauca,15,Otras mercancias de uso domestico,0,87.9800
2022-04-01,2022,4,Otros departamentos,4,Prendas de vestir y textiles,0,103.0033
2022-04-01,2022,4,Otros departamentos,8,Electrodomesticos y muebles,1,107.3927
2022-04-01,2022,4,Otros departamentos,9,Articulos y utensilios domesticos,0,110.0141
2022-04-01,2022,4,Otros departamentos,10,Aseo del hogar,0,119.2199
2022-04-01,2022,4,Otros departamentos,11,Informatica y telecomunicaciones,0,188.2738
2022-04-01,2022,4,Otros departamentos,12,Sonido y video,0,93.3113
2022-04-01,2022,4,Otros departamentos,14,"Ferreteria, vidrios y pinturas",0,106.5097
2022-04-01,2022,4,Otros departamentos,15,Otras mercancias de uso domestico,0,114.2638
2022-05-01,2022,5,Antioquia,4,Prendas de vestir y textiles,0,124.5166
2022-05-01,2022,5,Antioquia,8,Electrodomesticos y muebles,1,115.2306
2022-05-01,2022,5,Antioquia,9,Articulos y utensilios domesticos,0,135.1517
2022-05-01,2022,5,Antioquia,10,Aseo del hogar,0,127.9768
2022-05-01,2022,5,Antioquia,11,Informatica y telecomunicaciones,0,201.1032
2022-05-01,2022,5,Antioquia,12,Sonido y video,0,87.8878
2022-05-01,2022,5,Antioquia,14,"Ferreteria, vidrios y pinturas",0,119.9084
2022-05-01,2022,5,Antioquia,15,Otras mercancias de uso domestico,0,142.1658
2022-05-01,2022,5,Atlantico,4,Prendas de vestir y textiles,0,88.7264
2022-05-01,2022,5,Atlantico,8,Electrodomesticos y muebles,1,135.9184
2022-05-01,2022,5,Atlantico,9,Articulos y utensilios domesticos,0,155.7520
2022-05-01,2022,5,Atlantico,10,Aseo del hogar,0,149.9096
2022-05-01,2022,5,Atlantico,11,Informatica y telecomunicaciones,0,185.2042
2022-05-01,2022,5,Atlantico,12,Sonido y video,0,84.5395
2022-05-01,2022,5,Atlantico,14,"Ferreteria, vidrios y pinturas",0,109.5749
2022-05-01,2022,5,Atlantico,15,Otras mercancias de uso domestico,0,114.8001
2022-05-01,2022,5,Bogota,4,Prendas de vestir y textiles,0,114.8862
2022-05-01,2022,5,Bogota,8,Electrodomesticos y muebles,1,104.0519
2022-05-01,2022,5,Bogota,9,Articulos y utensilios domesticos,0,105.9064
2022-05-01,2022,5,Bogota,10,Aseo del hogar,0,133.9237
2022-05-01,2022,5,Bogota,11,Informatica y telecomunicaciones,0,164.6777
2022-05-01,2022,5,Bogota,12,Sonido y video,0,117.1645
2022-05-01,2022,5,Bogota,14,"Ferreteria, vidrios y pinturas",0,118.6553
2022-05-01,2022,5,Bogota,15,Otras mercancias de uso domestico,0,98.2622
2022-05-01,2022,5,Cundinamarca,4,Prendas de vestir y textiles,0,117.6373
2022-05-01,2022,5,Cundinamarca,8,Electrodomesticos y muebles,1,164.7063
2022-05-01,2022,5,Cundinamarca,9,Articulos y utensilios domesticos,0,130.6277
2022-05-01,2022,5,Cundinamarca,10,Aseo del hogar,0,159.1301
2022-05-01,2022,5,Cundinamarca,11,Informatica y telecomunicaciones,0,220.3870
2022-05-01,2022,5,Cundinamarca,12,Sonido y video,0,100.9247
2022-05-01,2022,5,Cundinamarca,14,"Ferreteria, vidrios y pinturas",0,149.9201
2022-05-01,2022,5,Cundinamarca,15,Otras mercancias de uso domestico,0,168.2286
2022-05-01,2022,5,Santander,4,Prendas de vestir y textiles,0,104.6494
2022-05-01,2022,5,Santander,8,Electrodomesticos y muebles,1,119.6842
2022-05-01,2022,5,Santander,9,Articulos y utensilios domesticos,0,121.0595
2022-05-01,2022,5,Santander,10,Aseo del hogar,0,112.0453
2022-05-01,2022,5,Santander,11,Informatica y telecomunicaciones,0,193.7241
2022-05-01,2022,5,Santander,12,Sonido y video,0,111.7762
2022-05-01,2022,5,Santander,14,"Ferreteria, vidrios y pinturas",0,111.9105
2022-05-01,2022,5,Santander,15,Otras mercancias de uso domestico,0,117.0213
2022-05-01,2022,5,Valle del Cauca,4,Prendas de vestir y textiles,0,99.0393
2022-05-01,2022,5,Valle del Cauca,8,Electrodomesticos y muebles,1,133.3475
2022-05-01,2022,5,Valle del Cauca,9,Articulos y utensilios domesticos,0,105.6650
2022-05-01,2022,5,Valle del Cauca,10,Aseo del hogar,0,125.0699
2022-05-01,2022,5,Valle del Cauca,11,Informatica y telecomunicaciones,0,140.1641
2022-05-01,2022,5,Valle del Cauca,12,Sonido y video,0,93.9268
2022-05-01,2022,5,Valle del Cauca,14,"Ferreteria, vidrios y pinturas",0,122.6142
2022-05-01,2022,5,Valle del Cauca,15,Otras mercancias de uso domestico,0,91.5063
2022-05-01,2022,5,Otros departamentos,4,Prendas de vestir y textiles,0,112.9116
2022-05-01,2022,5,Otros departamentos,8,Electrodomesticos y muebles,1,107.0383
2022-05-01,2022,5,Otros departamentos,9,Articulos y utensilios domesticos,0,119.6727
2022-05-01,2022,5,Otros departamentos,10,Aseo del hogar,0,133.9743
2022-05-01,2022,5,Otros departamentos,11,Informatica y telecomunicaciones,0,184.2412
2022-05-01,2022,5,Otros departamentos,12,Sonido y video,0,92.9131
2022-05-01,2022,5,Otros departamentos,14,"Ferreteria, vidrios y pinturas",0,122.2744
2022-05-01,2022,5,Otros departamentos,15,Otras mercancias de uso domestico,0,101.4096
2022-06-01,2022,6,Antioquia,4,Prendas de vestir y textiles,0,129.1137
2022-06-01,2022,6,Antioquia,8,Electrodomesticos y muebles,1,173.4071
2022-06-01,2022,6,Antioquia,9,Articulos y utensilios domesticos,0,155.2623
2022-06-01,2022,6,Antioquia,10,Aseo del hogar,0,114.3319
2022-06-01,2022,6,Antioquia,11,Informatica y telecomunicaciones,0,244.8698
2022-06-01,2022,6,Antioquia,12,Sonido y video,0,193.0552
2022-06-01,2022,6,Antioquia,14,"Ferreteria, vidrios y pinturas",0,109.2875
2022-06-01,2022,6,Antioquia,15,Otras mercancias de uso domestico,0,139.1785
2022-06-01,2022,6,Atlantico,4,Prendas de vestir y textiles,0,121.3982
2022-06-01,2022,6,Atlantico,8,Electrodomesticos y muebles,1,200.6652
2022-06-01,2022,6,Atlantico,9,Articulos y utensilios domesticos,0,123.0396
2022-06-01,2022,6,Atlantico,10,Aseo del hogar,0,145.2317
2022-06-01,2022,6,Atlantico,11,Informatica y telecomunicaciones,0,262.4909
2022-06-01,2022,6,Atlantico,12,Sonido y video,0,199.4368
2022-06-01,2022,6,Atlantico,14,"Ferreteria, vidrios y pinturas",0,133.1586
2022-06-01,2022,6,Atlantico,15,Otras mercancias de uso domestico,0,138.1004
2022-06-01,2022,6,Bogota,4,Prendas de vestir y textiles,0,149.1357
2022-06-01,2022,6,Bogota,8,Electrodomesticos y muebles,1,167.9411
2022-06-01,2022,6,Bogota,9,Articulos y utensilios domesticos,0,111.4580
2022-06-01,2022,6,Bogota,10,Aseo del hogar,0,117.9957
2022-06-01,2022,6,Bogota,11,Informatica y telecomunicaciones,0,218.9449
2022-06-01,2022,6,Bogota,12,Sonido y video,0,247.3715
2022-06-01,2022,6,Bogota,14,"Ferreteria, vidrios y pinturas",0,150.6060
2022-06-01,2022,6,Bogota,15,Otras mercancias de uso domestico,0,126.4197
2022-06-01,2022,6,Cundinamarca,4,Prendas de vestir y textiles,0,132.7448
2022-06-01,2022,6,Cundinamarca,8,Electrodomesticos y muebles,1,194.0108
2022-06-01,2022,6,Cundinamarca,9,Articulos y utensilios domesticos,0,124.1812
2022-06-01,2022,6,Cundinamarca,10,Aseo del hogar,0,158.3174
2022-06-01,2022,6,Cundinamarca,11,Informatica y telecomunicaciones,0,250.0386
2022-06-01,2022,6,Cundinamarca,12,Sonido y video,0,224.9049
2022-06-01,2022,6,Cundinamarca,14,"Ferreteria, vidrios y pinturas",0,135.7589
2022-06-01,2022,6,Cundinamarca,15,Otras mercancias de uso domestico,0,169.8587
2022-06-01,2022,6,Santander,4,Prendas de vestir y textiles,0,114.3209
2022-06-01,2022,6,Santander,8,Electrodomesticos y muebles,1,219.1604
2022-06-01,2022,6,Santander,9,Articulos y utensilios domesticos,0,107.6439
2022-06-01,2022,6,Santander,10,Aseo del hogar,0,127.6358
2022-06-01,2022,6,Santander,11,Informatica y telecomunicaciones,0,229.4827
2022-06-01,2022,6,Santander,12,Sonido y video,0,222.6241
2022-06-01,2022,6,Santander,14,"Ferreteria, vidrios y pinturas",0,112.8598
2022-06-01,2022,6,Santander,15,Otras mercancias de uso domestico,0,129.8196
2022-06-01,2022,6,Valle del Cauca,4,Prendas de vestir y textiles,0,124.1719
2022-06-01,2022,6,Valle del Cauca,8,Electrodomesticos y muebles,1,200.3206
2022-06-01,2022,6,Valle del Cauca,9,Articulos y utensilios domesticos,0,116.9058
2022-06-01,2022,6,Valle del Cauca,10,Aseo del hogar,0,117.8182
2022-06-01,2022,6,Valle del Cauca,11,Informatica y telecomunicaciones,0,210.6511
2022-06-01,2022,6,Valle del Cauca,12,Sonido y video,0,185.8296
2022-06-01,2022,6,Valle del Cauca,14,"Ferreteria, vidrios y pinturas",0,123.9775
2022-06-01,2022,6,Valle del Cauca,15,Otras mercancias de uso domestico,0,103.3995
2022-06-01,2022,6,Otros departamentos,4,Prendas de vestir y textiles,0,130.7025
2022-06-01,2022,6,Otros departamentos,8,Electrodomesticos y muebles,1,173.1466
2022-06-01,2022,6,Otros departamentos,9,Articulos y utensilios domesticos,0,123.8743
2022-06-01,2022,6,Otros departamentos,10,Aseo del hogar,0,127.7217
2022-06-01,2022,6,Otros departamentos,11,Informatica y telecomunicaciones,0,234.2248
2022-06-01,2022,6,Otros departamentos,12,Sonido y video,0,216.1454
2022-06-01,2022,6,Otros departamentos,14,"Ferreteria, vidrios y pinturas",0,119.2538
2022-06-01,2022,6,Otros departamentos,15,Otras mercancias de uso domestico,0,83.6640
2022-07-01,2022,7,Antioquia,4,Prendas de vestir y textiles,0,132.6326
2022-07-01,2022,7,Antioquia,8,Electrodomesticos y muebles,1,109.1727
2022-07-01,2022,7,Antioquia,9,Articulos y utensilios domesticos,0,142.6464
2022-07-01,2022,7,Antioquia,10,Aseo del hogar,0,121.2218
2022-07-01,2022,7,Antioquia,11,Informatica y telecomunicaciones,0,189.8598
2022-07-01,2022,7,Antioquia,12,Sonido y video,0,99.4497
2022-07-01,2022,7,Antioquia,14,"Ferreteria, vidrios y pinturas",0,115.6642
2022-07-01,2022,7,Antioquia,15,Otras mercancias de uso domestico,0,113.4505
2022-07-01,2022,7,Atlantico,4,Prendas de vestir y textiles,0,111.1360
2022-07-01,2022,7,Atlantico,8,Electrodomesticos y muebles,1,148.7437
2022-07-01,2022,7,Atlantico,9,Articulos y utensilios domesticos,0,144.2218
2022-07-01,2022,7,Atlantico,10,Aseo del hogar,0,173.1925
2022-07-01,2022,7,Atlantico,11,Informatica y telecomunicaciones,0,193.1194
2022-07-01,2022,7,Atlantico,12,Sonido y video,0,106.5021
2022-07-01,2022,7,Atlantico,14,"Ferreteria, vidrios y pinturas",0,144.0008
2022-07-01,2022,7,Atlantico,15,Otras mercancias de uso domestico,0,110.9009
2022-07-01,2022,7,Bogota,4,Prendas de vestir y textiles,0,114.3768
2022-07-01,2022,7,Bogota,8,Electrodomesticos y muebles,1,118.8391
2022-07-01,2022,7,Bogota,9,Articulos y utensilios domesticos,0,140.4334
2022-07-01,2022,7,Bogota,10,Aseo del hogar,0,137.6479
2022-07-01,2022,7,Bogota,11,Informatica y telecomunicaciones,0,159.8235
2022-07-01,2022,7,Bogota,12,Sonido y video,0,116.7948
2022-07-01,2022,7,Bogota,14,"Ferreteria, vidrios y pinturas",0,128.2635
2022-07-01,2022,7,Bogota,15,Otras mercancias de uso domestico,0,114.0540
2022-07-01,2022,7,Cundinamarca,4,Prendas de vestir y textiles,0,126.8815
2022-07-01,2022,7,Cundinamarca,8,Electrodomesticos y muebles,1,127.7528
2022-07-01,2022,7,Cundinamarca,9,Articulos y utensilios domesticos,0,152.0351
2022-07-01,2022,7,Cundinamarca,10,Aseo del hogar,0,188.7065
2022-07-01,2022,7,Cundinamarca,11,Informatica y telecomunicaciones,0,223.0802
2022-07-01,2022,7,Cundinamarca,12,Sonido y video,0,111.2575
2022-07-01,2022,7,Cundinamarca,14,"Ferreteria, vidrios y pinturas",0,151.1312
2022-07-01,2022,7,Cundinamarca,15,Otras mercancias de uso domestico,0,156.2512
2022-07-01,2022,7,Santander,4,Prendas de vestir y textiles,0,118.8934
2022-07-01,2022,7,Santander,8,Electrodomesticos y muebles,1,122.7446
2022-07-01,2022,7,Santander,9,Articulos y utensilios domesticos,0,128.7039
2022-07-01,2022,7,Santander,10,Aseo del hogar,0,155.3858
2022-07-01,2022,7,Santander,11,Informatica y telecomunicaciones,0,180.5299
2022-07-01,2022,7,Santander,12,Sonido y video,0,126.1064
2022-07-01,2022,7,Santander,14,"Ferreteria, vidrios y pinturas",0,140.5656
2022-07-01,2022,7,Santander,15,Otras mercancias de uso domestico,0,131.3821
2022-07-01,2022,7,Valle del Cauca,4,Prendas de vestir y textiles,0,113.4591
2022-07-01,2022,7,Valle del Cauca,8,Electrodomesticos y muebles,1,156.0286
2022-07-01,2022,7,Valle del Cauca,9,Articulos y utensilios domesticos,0,122.2283
2022-07-01,2022,7,Valle del Cauca,10,Aseo del hogar,0,172.0172
2022-07-01,2022,7,Valle del Cauca,11,Informatica y telecomunicaciones,0,193.4471
2022-07-01,2022,7,Valle del Cauca,12,Sonido y video,0,117.7812
2022-07-01,2022,7,Valle del Cauca,14,"Ferreteria, vidrios y pinturas",0,129.5240
2022-07-01,2022,7,Valle del Cauca,15,Otras mercancias de uso domestico,0,110.6063
2022-07-01,2022,7,Otros departamentos,4,Prendas de vestir y textiles,0,128.2461
2022-07-01,2022,7,Otros departamentos,8,Electrodomesticos y muebles,1,98.9938
2022-07-01,2022,7,Otros departamentos,9,Articulos y utensilios domesticos,0,131.4543
2022-07-01,2022,7,Otros departamentos,10,Aseo del hogar,0,114.8299
2022-07-01,2022,7,Otros departamentos,11,Informatica y telecomunicaciones,0,185.1612
2022-07-01,2022,7,Otros departamentos,12,Sonido y video,0,102.1316
2022-07-01,2022,7,Otros departamentos,14,"Ferreteria, vidrios y pinturas",0,126.7505
2022-07-01,2022,7,Otros departamentos,15,Otras mercancias de uso domestico,0,119.8405
2022-08-01,2022,8,Antioquia,4,Prendas de vestir y textiles,0,130.5833
2022-08-01,2022,8,Antioquia,8,Electrodomesticos y muebles,1,105.4818
2022-08-01,2022,8,Antioquia,9,Articulos y utensilios domesticos,0,134.9981
2022-08-01,2022,8,Antioquia,10,Aseo del hogar,0,131.4465
2022-08-01,2022,8,Antioquia,11,Informatica y telecomunicaciones,0,195.7932
2022-08-01,2022,8,Antioquia,12,Sonido y video,0,113.7071
2022-08-01,2022,8,Antioquia,14,"Ferreteria, vidrios y pinturas",0,110.8093
2022-08-01,2022,8,Antioquia,15,Otras mercancias de uso domestico,0,106.8325
2022-08-01,2022,8,Atlantico,4,Prendas de vestir y textiles,0,84.5256
2022-08-01,2022,8,Atlantico,8,Electrodomesticos y muebles,1,143.8522
2022-08-01,2022,8,Atlantico,9,Articulos y utensilios domesticos,0,124.1440
2022-08-01,2022,8,Atlantico,10,Aseo del hogar,0,133.3450
2022-08-01,2022,8,Atlantico,11,Informatica y telecomunicaciones,0,180.7019
2022-08-01,2022,8,Atlantico,12,Sonido y video,0,110.3771
2022-08-01,2022,8,Atlantico,14,"Ferreteria, vidrios y pinturas",0,128.9978
2022-08-01,2022,8,Atlantico,15,Otras mercancias de uso domestico,0,115.2112
2022-08-01,2022,8,Bogota,4,Prendas de vestir y textiles,0,118.2813
2022-08-01,2022,8,Bogota,8,Electrodomesticos y muebles,1,119.8897
2022-08-01,2022,8,Bogota,9,Articulos y utensilios domesticos,0,128.7611
2022-08-01,2022,8,Bogota,10,Aseo del hogar,0,125.8013
2022-08-01,2022,8,Bogota,11,Informatica y telecomunicaciones,0,194.3793
2022-08-01,2022,8,Bogota,12,Sonido y video,0,113.3012
2022-08-01,2022,8,Bogota,14,"Ferreteria, vidrios y pinturas",0,139.9644
2022-08-01,2022,8,Bogota,15,Otras mercancias de uso domestico,0,103.3852
2022-08-01,2022,8,Cundinamarca,4,Prendas de vestir y textiles,0,137.2827
2022-08-01,2022,8,Cundinamarca,8,Electrodomesticos y muebles,1,146.7557
2022-08-01,2022,8,Cundinamarca,9,Articulos y utensilios domesticos,0,151.4160
2022-08-01,2022,8,Cundinamarca,10,Aseo del hogar,0,195.7256
2022-08-01,2022,8,Cundinamarca,11,Informatica y telecomunicaciones,0,263.7532
2022-08-01,2022,8,Cundinamarca,12,Sonido y video,0,119.5035
2022-08-01,2022,8,Cundinamarca,14,"Ferreteria, vidrios y pinturas",0,145.3089
2022-08-01,2022,8,Cundinamarca,15,Otras mercancias de uso domestico,0,195.2841
2022-08-01,2022,8,Santander,4,Prendas de vestir y textiles,0,89.9996
2022-08-01,2022,8,Santander,8,Electrodomesticos y muebles,1,158.0957
2022-08-01,2022,8,Santander,9,Articulos y utensilios domesticos,0,120.3256
2022-08-01,2022,8,Santander,10,Aseo del hogar,0,129.5111
2022-08-01,2022,8,Santander,11,Informatica y telecomunicaciones,0,173.0191
2022-08-01,2022,8,Santander,12,Sonido y video,0,121.3504
2022-08-01,2022,8,Santander,14,"Ferreteria, vidrios y pinturas",0,95.3055
2022-08-01,2022,8,Santander,15,Otras mercancias de uso domestico,0,124.0280
2022-08-01,2022,8,Valle del Cauca,4,Prendas de vestir y textiles,0,94.3748
2022-08-01,2022,8,Valle del Cauca,8,Electrodomesticos y muebles,1,132.3844
2022-08-01,2022,8,Valle del Cauca,9,Articulos y utensilios domesticos,0,122.4246
2022-08-01,2022,8,Valle del Cauca,10,Aseo del hogar,0,142.2642
2022-08-01,2022,8,Valle del Cauca,11,Informatica y telecomunicaciones,0,187.2138
2022-08-01,2022,8,Valle del Cauca,12,Sonido y video,0,116.4773
2022-08-01,2022,8,Valle del Cauca,14,"Ferreteria, vidrios y pinturas",0,116.6161
2022-08-01,2022,8,Valle del Cauca,15,Otras mercancias de uso domestico,0,118.9417
2022-08-01,2022,8,Otros departamentos,4,Prendas de vestir y textiles,0,101.8600
2022-08-01,2022,8,Otros departamentos,8,Electrodomesticos y muebles,1,119.8098
2022-08-01,2022,8,Otros departamentos,9,Articulos y utensilios domesticos,0,123.5305
2022-08-01,2022,8,Otros departamentos,10,Aseo del hogar,0,106.4660
2022-08-01,2022,8,Otros departamentos,11,Informatica y telecomunicaciones,0,198.4388
2022-08-01,2022,8,Otros departamentos,12,Sonido y video,0,123.2999
2022-08-01,2022,8,Otros departamentos,14,"Ferreteria, vidrios y pinturas",0,123.5751
2022-08-01,2022,8,Otros departamentos,15,Otras mercancias de uso domestico,0,126.9243
2022-09-01,2022,9,Antioquia,4,Prendas de vestir y textiles,0,133.7194
2022-09-01,2022,9,Antioquia,8,Electrodomesticos y muebles,1,87.1786
2022-09-01,2022,9,Antioquia,9,Articulos y utensilios domesticos,0,113.7037
2022-09-01,2022,9,Antioquia,10,Aseo del hogar,0,121.1920
2022-09-01,2022,9,Antioquia,11,Informatica y telecomunicaciones,0,161.2893
2022-09-01,2022,9,Antioquia,12,Sonido y video,0,111.2605
2022-09-01,2022,9,Antioquia,14,"Ferreteria, vidrios y pinturas",0,117.9244
2022-09-01,2022,9,Antioquia,15,Otras mercancias de uso domestico,0,123.4441
2022-09-01,2022,9,Atlantico,4,Prendas de vestir y textiles,0,90.3148
2022-09-01,2022,9,Atlantico,8,Electrodomesticos y muebles,1,142.1940
2022-09-01,2022,9,Atlantico,9,Articulos y utensilios domesticos,0,109.6817
2022-09-01,2022,9,Atlantico,10,Aseo del hogar,0,109.4697
2022-09-01,2022,9,Atlantico,11,Informatica y telecomunicaciones,0,125.3089
2022-09-01,2022,9,Atlantico,12,Sonido y video,0,101.4853
2022-09-01,2022,9,Atlantico,14,"Ferreteria, vidrios y pinturas",0,118.4660
2022-09-01,2022,9,Atlantico,15,Otras mercancias de uso domestico,0,139.7512
2022-09-01,2022,9,Bogota,4,Prendas de vestir y textiles,0,127.3522
2022-09-01,2022,9,Bogota,8,Electrodomesticos y muebles,1,114.7555
2022-09-01,2022,9,Bogota,9,Articulos y utensilios domesticos,0,121.9610
2022-09-01,2022,9,Bogota,10,Aseo del hogar,0,119.6917
2022-09-01,2022,9,Bogota,11,Informatica y telecomunicaciones,0,160.3870
2022-09-01,2022,9,Bogota,12,Sonido y video,0,96.1866
2022-09-01,2022,9,Bogota,14,"Ferreteria, vidrios y pinturas",0,130.0342
2022-09-01,2022,9,Bogota,15,Otras mercancias de uso domestico,0,105.3856
2022-09-01,2022,9,Cundinamarca,4,Prendas de vestir y textiles,0,157.5975
2022-09-01,2022,9,Cundinamarca,8,Electrodomesticos y muebles,1,120.6894
2022-09-01,2022,9,Cundinamarca,9,Articulos y utensilios domesticos,0,149.6935
2022-09-01,2022,9,Cundinamarca,10,Aseo del hogar,0,168.9185
2022-09-01,2022,9,Cundinamarca,11,Informatica y telecomunicaciones,0,201.3800
2022-09-01,2022,9,Cundinamarca,12,Sonido y video,0,101.9084
2022-09-01,2022,9,Cundinamarca,14,"Ferreteria, vidrios y pinturas",0,164.3518
2022-09-01,2022,9,Cundinamarca,15,Otras mercancias de uso domestico,0,157.6829
2022-09-01,2022,9,Santander,4,Prendas de vestir y textiles,0,108.8383
2022-09-01,2022,9,Santander,8,Electrodomesticos y muebles,1,112.0680
2022-09-01,2022,9,Santander,9,Articulos y utensilios domesticos,0,116.4464
2022-09-01,2022,9,Santander,10,Aseo del hogar,0,120.9752
2022-09-01,2022,9,Santander,11,Informatica y telecomunicaciones,0,114.5080
2022-09-01,2022,9,Santander,12,Sonido y video,0,98.7317
2022-09-01,2022,9,Santander,14,"Ferreteria, vidrios y pinturas",0,103.4950
2022-09-01,2022,9,Santander,15,Otras mercancias de uso domestico,0,115.5725
2022-09-01,2022,9,Valle del Cauca,4,Prendas de vestir y textiles,0,93.8754
2022-09-01,2022,9,Valle del Cauca,8,Electrodomesticos y muebles,1,105.8497
2022-09-01,2022,9,Valle del Cauca,9,Articulos y utensilios domesticos,0,96.3203
2022-09-01,2022,9,Valle del Cauca,10,Aseo del hogar,0,124.2855
2022-09-01,2022,9,Valle del Cauca,11,Informatica y telecomunicaciones,0,147.9970
2022-09-01,2022,9,Valle del Cauca,12,Sonido y video,0,118.2555
2022-09-01,2022,9,Valle del Cauca,14,"Ferreteria, vidrios y pinturas",0,122.7879
2022-09-01,2022,9,Valle del Cauca,15,Otras mercancias de uso domestico,0,113.8785
2022-09-01,2022,9,Otros departamentos,4,Prendas de vestir y textiles,0,98.1787
2022-09-01,2022,9,Otros departamentos,8,Electrodomesticos y muebles,1,122.9592
2022-09-01,2022,9,Otros departamentos,9,Articulos y utensilios domesticos,0,147.0379
2022-09-01,2022,9,Otros departamentos,10,Aseo del hogar,0,111.1410
2022-09-01,2022,9,Otros departamentos,11,Informatica y telecomunicaciones,0,181.5540
2022-09-01,2022,9,Otros departamentos,12,Sonido y video,0,106.6305
2022-09-01,2022,9,Otros departamentos,14,"Ferreteria, vidrios y pinturas",0,113.3645
2022-09-01,2022,9,Otros departamentos,15,Otras mercancias de uso domestico,0,107.9222
2022-10-01,2022,10,Antioquia,4,Prendas de vestir y textiles,0,126.7628
2022-10-01,2022,10,Antioquia,8,Electrodomesticos y muebles,1,124.7405
2022-10-01,2022,10,Antioquia,9,Articulos y utensilios domesticos,0,132.2868
2022-10-01,2022,10,Antioquia,10,Aseo del hogar,0,121.1100
2022-10-01,2022,10,Antioquia,11,Informatica y telecomunicaciones,0,156.8678
2022-10-01,2022,10,Antioquia,12,Sonido y video,0,140.9501
2022-10-01,2022,10,Antioquia,14,"Ferreteria, vidrios y pinturas",0,122.9660
2022-10-01,2022,10,Antioquia,15,Otras mercancias de uso domestico,0,120.7192
2022-10-01,2022,10,Atlantico,4,Prendas de vestir y textiles,0,83.5762
2022-10-01,2022,10,Atlantico,8,Electrodomesticos y muebles,1,115.9441
2022-10-01,2022,10,Atlantico,9,Articulos y utensilios domesticos,0,158.0286
2022-10-01,2022,10,Atlantico,10,Aseo del hogar,0,132.6699
2022-10-01,2022,10,Atlantico,11,Informatica y telecomunicaciones,0,147.7264
2022-10-01,2022,10,Atlantico,12,Sonido y video,0,142.6206
2022-10-01,2022,10,Atlantico,14,"Ferreteria, vidrios y pinturas",0,135.0663
2022-10-01,2022,10,Atlantico,15,Otras mercancias de uso domestico,0,135.0744
2022-10-01,2022,10,Bogota,4,Prendas de vestir y textiles,0,134.9643
2022-10-01,2022,10,Bogota,8,Electrodomesticos y muebles,1,116.8768
2022-10-01,2022,10,Bogota,9,Articulos y utensilios domesticos,0,148.0637
2022-10-01,2022,10,Bogota,10,Aseo del hogar,0,120.9064
2022-10-01,2022,10,Bogota,11,Informatica y telecomunicaciones,0,157.8180
2022-10-01,2022,10,Bogota,12,Sonido y video,0,102.9561
2022-10-01,2022,10,Bogota,14,"Ferreteria, vidrios y pinturas",0,141.2566
2022-10-01,2022,10,Bogota,15,Otras mercancias de uso domestico,0,105.3869
2022-10-01,2022,10,Cundinamarca,4,Prendas de vestir y textiles,0,200.2939
2022-10-01,2022,10,Cundinamarca,8,Electrodomesticos y muebles,1,126.2474
2022-10-01,2022,10,Cundinamarca,9,Articulos y utensilios domesticos,0,219.8968
2022-10-01,2022,10,Cundinamarca,10,Aseo del hogar,0,177.7942
2022-10-01,2022,10,Cundinamarca,11,Informatica y telecomunicaciones,0,191.0282
2022-10-01,2022,10,Cundinamarca,12,Sonido y video,0,155.0801
2022-10-01,2022,10,Cundinamarca,14,"Ferreteria, vidrios y pinturas",0,178.8285
2022-10-01,2022,10,Cundinamarca,15,Otras mercancias de uso domestico,0,152.9132
2022-10-01,2022,10,Santander,4,Prendas de vestir y textiles,0,108.8399
2022-10-01,2022,10,Santander,8,Electrodomesticos y muebles,1,102.0048
2022-10-01,2022,10,Santander,9,Articulos y utensilios domesticos,0,134.1197
2022-10-01,2022,10,Santander,10,Aseo del hogar,0,131.4987
2022-10-01,2022,10,Santander,11,Informatica y telecomunicaciones,0,132.8898
2022-10-01,2022,10,Santander,12,Sonido y video,0,94.7984
2022-10-01,2022,10,Santander,14,"Ferreteria, vidrios y pinturas",0,94.8427
2022-10-01,2022,10,Santander,15,Otras mercancias de uso domestico,0,129.0683
2022-10-01,2022,10,Valle del Cauca,4,Prendas de vestir y textiles,0,101.9389
2022-10-01,2022,10,Valle del Cauca,8,Electrodomesticos y muebles,1,105.7822
2022-10-01,2022,10,Valle del Cauca,9,Articulos y utensilios domesticos,0,111.1723
2022-10-01,2022,10,Valle del Cauca,10,Aseo del hogar,0,125.3362
2022-10-01,2022,10,Valle del Cauca,11,Informatica y telecomunicaciones,0,188.1027
2022-10-01,2022,10,Valle del Cauca,12,Sonido y video,0,114.5613
2022-10-01,2022,10,Valle del Cauca,14,"Ferreteria, vidrios y pinturas",0,121.5861
2022-10-01,2022,10,Valle del Cauca,15,Otras mercancias de uso domestico,0,120.7443
2022-10-01,2022,10,Otros departamentos,4,Prendas de vestir y textiles,0,111.2791
2022-10-01,2022,10,Otros departamentos,8,Electrodomesticos y muebles,1,112.4783
2022-10-01,2022,10,Otros departamentos,9,Articulos y utensilios domesticos,0,154.2683
2022-10-01,2022,10,Otros departamentos,10,Aseo del hogar,0,126.5163
2022-10-01,2022,10,Otros departamentos,11,Informatica y telecomunicaciones,0,176.3578
2022-10-01,2022,10,Otros departamentos,12,Sonido y video,0,127.1820
2022-10-01,2022,10,Otros departamentos,14,"Ferreteria, vidrios y pinturas",0,114.3096
2022-10-01,2022,10,Otros departamentos,15,Otras mercancias de uso domestico,0,147.8355
2022-11-01,2022,11,Antioquia,4,Prendas de vestir y textiles,0,151.5585
2022-11-01,2022,11,Antioquia,8,Electrodomesticos y muebles,1,119.5300
2022-11-01,2022,11,Antioquia,9,Articulos y utensilios domesticos,0,159.5151
2022-11-01,2022,11,Antioquia,10,Aseo del hogar,0,118.6147
2022-11-01,2022,11,Antioquia,11,Informatica y telecomunicaciones,0,233.7512
2022-11-01,2022,11,Antioquia,12,Sonido y video,0,202.9895
2022-11-01,2022,11,Antioquia,14,"Ferreteria, vidrios y pinturas",0,122.2407
2022-11-01,2022,11,Antioquia,15,Otras mercancias de uso domestico,0,152.7266
2022-11-01,2022,11,Atlantico,4,Prendas de vestir y textiles,0,104.0329
2022-11-01,2022,11,Atlantico,8,Electrodomesticos y muebles,1,134.7227
2022-11-01,2022,11,Atlantico,9,Articulos y utensilios domesticos,0,162.8034
2022-11-01,2022,11,Atlantico,10,Aseo del hogar,0,138.6437
2022-11-01,2022,11,Atlantico,11,Informatica y telecomunicaciones,0,193.7305
2022-11-01,2022,11,Atlantico,12,Sonido y video,0,170.6168
2022-11-01,2022,11,Atlantico,14,"Ferreteria, vidrios y pinturas",0,170.2903
2022-11-01,2022,11,Atlantico,15,Otras mercancias de uso domestico,0,140.8082
2022-11-01,2022,11,Bogota,4,Prendas de vestir y textiles,0,128.9538
2022-11-01,2022,11,Bogota,8,Electrodomesticos y muebles,1,120.6858
2022-11-01,2022,11,Bogota,9,Articulos y utensilios domesticos,0,175.7445
2022-11-01,2022,11,Bogota,10,Aseo del hogar,0,119.7072
2022-11-01,2022,11,Bogota,11,Informatica y telecomunicaciones,0,192.8919
2022-11-01,2022,11,Bogota,12,Sonido y video,0,135.9437
2022-11-01,2022,11,Bogota,14,"Ferreteria, vidrios y pinturas",0,133.1675
2022-11-01,2022,11,Bogota,15,Otras mercancias de uso domestico,0,119.9607
2022-11-01,2022,11,Cundinamarca,4,Prendas de vestir y textiles,0,201.1516
2022-11-01,2022,11,Cundinamarca,8,Electrodomesticos y muebles,1,143.7472
2022-11-01,2022,11,Cundinamarca,9,Articulos y utensilios domesticos,0,198.3187
2022-11-01,2022,11,Cundinamarca,10,Aseo del hogar,0,156.2222
2022-11-01,2022,11,Cundinamarca,11,Informatica y telecomunicaciones,0,201.8399
2022-11-01,2022,11,Cundinamarca,12,Sonido y video,0,156.6995
2022-11-01,2022,11,Cundinamarca,14,"Ferreteria, vidrios y pinturas",0,135.7787
2022-11-01,2022,11,Cundinamarca,15,Otras mercancias de uso domestico,0,221.1241
2022-11-01,2022,11,Santander,4,Prendas de vestir y textiles,0,153.5331
2022-11-01,2022,11,Santander,8,Electrodomesticos y muebles,1,145.5762
2022-11-01,2022,11,Santander,9,Articulos y utensilios domesticos,0,130.1766
2022-11-01,2022,11,Santander,10,Aseo del hogar,0,124.8434
2022-11-01,2022,11,Santander,11,Informatica y telecomunicaciones,0,154.5162
2022-11-01,2022,11,Santander,12,Sonido y video,0,117.3709
2022-11-01,2022,11,Santander,14,"Ferreteria, vidrios y pinturas",0,101.6061
2022-11-01,2022,11,Santander,15,Otras mercancias de uso domestico,0,165.8741
2022-11-01,2022,11,Valle del Cauca,4,Prendas de vestir y textiles,0,134.8928
2022-11-01,2022,11,Valle del Cauca,8,Electrodomesticos y muebles,1,114.2528
2022-11-01,2022,11,Valle del Cauca,9,Articulos y utensilios domesticos,0,117.9049
2022-11-01,2022,11,Valle del Cauca,10,Aseo del hogar,0,127.9119
2022-11-01,2022,11,Valle del Cauca,11,Informatica y telecomunicaciones,0,190.6342
2022-11-01,2022,11,Valle del Cauca,12,Sonido y video,0,148.3904
2022-11-01,2022,11,Valle del Cauca,14,"Ferreteria, vidrios y pinturas",0,127.6548
2022-11-01,2022,11,Valle del Cauca,15,Otras mercancias de uso domestico,0,141.1923
2022-11-01,2022,11,Otros departamentos,4,Prendas de vestir y textiles,0,139.2762
2022-11-01,2022,11,Otros departamentos,8,Electrodomesticos y muebles,1,127.5520
2022-11-01,2022,11,Otros departamentos,9,Articulos y utensilios domesticos,0,145.8049
2022-11-01,2022,11,Otros departamentos,10,Aseo del hogar,0,110.1166
2022-11-01,2022,11,Otros departamentos,11,Informatica y telecomunicaciones,0,172.2692
2022-11-01,2022,11,Otros departamentos,12,Sonido y video,0,161.2128
2022-11-01,2022,11,Otros departamentos,14,"Ferreteria, vidrios y pinturas",0,133.7250
2022-11-01,2022,11,Otros departamentos,15,Otras mercancias de uso domestico,0,138.0693
2022-12-01,2022,12,Antioquia,4,Prendas de vestir y textiles,0,295.3383
2022-12-01,2022,12,Antioquia,8,Electrodomesticos y muebles,1,122.6342
2022-12-01,2022,12,Antioquia,9,Articulos y utensilios domesticos,0,159.5347
2022-12-01,2022,12,Antioquia,10,Aseo del hogar,0,133.2084
2022-12-01,2022,12,Antioquia,11,Informatica y telecomunicaciones,0,292.0999
2022-12-01,2022,12,Antioquia,12,Sonido y video,0,175.2874
2022-12-01,2022,12,Antioquia,14,"Ferreteria, vidrios y pinturas",0,88.5624
2022-12-01,2022,12,Antioquia,15,Otras mercancias de uso domestico,0,191.4935
2022-12-01,2022,12,Atlantico,4,Prendas de vestir y textiles,0,228.2853
2022-12-01,2022,12,Atlantico,8,Electrodomesticos y muebles,1,140.5661
2022-12-01,2022,12,Atlantico,9,Articulos y utensilios domesticos,0,196.0056
2022-12-01,2022,12,Atlantico,10,Aseo del hogar,0,161.1835
2022-12-01,2022,12,Atlantico,11,Informatica y telecomunicaciones,0,224.0118
2022-12-01,2022,12,Atlantico,12,Sonido y video,0,160.6937
2022-12-01,2022,12,Atlantico,14,"Ferreteria, vidrios y pinturas",0,133.2906
2022-12-01,2022,12,Atlantico,15,Otras mercancias de uso domestico,0,179.2489
2022-12-01,2022,12,Bogota,4,Prendas de vestir y textiles,0,232.4925
2022-12-01,2022,12,Bogota,8,Electrodomesticos y muebles,1,120.6273
2022-12-01,2022,12,Bogota,9,Articulos y utensilios domesticos,0,210.1762
2022-12-01,2022,12,Bogota,10,Aseo del hogar,0,117.4175
2022-12-01,2022,12,Bogota,11,Informatica y telecomunicaciones,0,245.2249
2022-12-01,2022,12,Bogota,12,Sonido y video,0,128.8233
2022-12-01,2022,12,Bogota,14,"Ferreteria, vidrios y pinturas",0,116.1319
2022-12-01,2022,12,Bogota,15,Otras mercancias de uso domestico,0,168.9003
2022-12-01,2022,12,Cundinamarca,4,Prendas de vestir y textiles,0,366.1022
2022-12-01,2022,12,Cundinamarca,8,Electrodomesticos y muebles,1,148.2158
2022-12-01,2022,12,Cundinamarca,9,Articulos y utensilios domesticos,0,221.9855
2022-12-01,2022,12,Cundinamarca,10,Aseo del hogar,0,187.1791
2022-12-01,2022,12,Cundinamarca,11,Informatica y telecomunicaciones,0,237.4116
2022-12-01,2022,12,Cundinamarca,12,Sonido y video,0,155.3553
2022-12-01,2022,12,Cundinamarca,14,"Ferreteria, vidrios y pinturas",0,124.2659
2022-12-01,2022,12,Cundinamarca,15,Otras mercancias de uso domestico,0,264.1872
2022-12-01,2022,12,Santander,4,Prendas de vestir y textiles,0,311.5931
2022-12-01,2022,12,Santander,8,Electrodomesticos y muebles,1,121.3877
2022-12-01,2022,12,Santander,9,Articulos y utensilios domesticos,0,159.7826
2022-12-01,2022,12,Santander,10,Aseo del hogar,0,140.4372
2022-12-01,2022,12,Santander,11,Informatica y telecomunicaciones,0,177.2634
2022-12-01,2022,12,Santander,12,Sonido y video,0,106.7063
2022-12-01,2022,12,Santander,14,"Ferreteria, vidrios y pinturas",0,77.1041
2022-12-01,2022,12,Santander,15,Otras mercancias de uso domestico,0,159.8096
2022-12-01,2022,12,Valle del Cauca,4,Prendas de vestir y textiles,0,303.3990
2022-12-01,2022,12,Valle del Cauca,8,Electrodomesticos y muebles,1,94.7238
2022-12-01,2022,12,Valle del Cauca,9,Articulos y utensilios domesticos,0,181.0213
2022-12-01,2022,12,Valle del Cauca,10,Aseo del hogar,0,137.8256
2022-12-01,2022,12,Valle del Cauca,11,Informatica y telecomunicaciones,0,199.7574
2022-12-01,2022,12,Valle del Cauca,12,Sonido y video,0,108.1703
2022-12-01,2022,12,Valle del Cauca,14,"Ferreteria, vidrios y pinturas",0,101.8450
2022-12-01,2022,12,Valle del Cauca,15,Otras mercancias de uso domestico,0,191.4806
2022-12-01,2022,12,Otros departamentos,4,Prendas de vestir y textiles,0,358.2255
2022-12-01,2022,12,Otros departamentos,8,Electrodomesticos y muebles,1,134.9957
2022-12-01,2022,12,Otros departamentos,9,Articulos y utensilios domesticos,0,181.2801
2022-12-01,2022,12,Otros departamentos,10,Aseo del hogar,0,132.4294
2022-12-01,2022,12,Otros departamentos,11,Informatica y telecomunicaciones,0,209.3998
2022-12-01,2022,12,Otros departamentos,12,Sonido y video,0,183.7984
2022-12-01,2022,12,Otros departamentos,14,"Ferreteria, vidrios y pinturas",0,150.1979
2022-12-01,2022,12,Otros departamentos,15,Otras mercancias de uso domestico,0,191.7835
2023-01-01,2023,1,Antioquia,4,Prendas de vestir y textiles,0,94.6113
2023-01-01,2023,1,Antioquia,8,Electrodomesticos y muebles,1,131.7073
2023-01-01,2023,1,Antioquia,9,Articulos y utensilios domesticos,0,123.6592
2023-01-01,2023,1,Antioquia,10,Aseo del hogar,0,126.7159
2023-01-01,2023,1,Antioquia,11,Informatica y telecomunicaciones,0,201.2980
2023-01-01,2023,1,Antioquia,12,Sonido y video,0,107.5423
2023-01-01,2023,1,Antioquia,14,"Ferreteria, vidrios y pinturas",0,97.1711
2023-01-01,2023,1,Antioquia,15,Otras mercancias de uso domestico,0,108.9012
2023-01-01,2023,1,Atlantico,4,Prendas de vestir y textiles,0,94.0867
2023-01-01,2023,1,Atlantico,8,Electrodomesticos y muebles,1,144.1116
2023-01-01,2023,1,Atlantico,9,Articulos y utensilios domesticos,0,152.1495
2023-01-01,2023,1,Atlantico,10,Aseo del hogar,0,133.3711
2023-01-01,2023,1,Atlantico,11,Informatica y telecomunicaciones,0,149.1737
2023-01-01,2023,1,Atlantico,12,Sonido y video,0,108.3900
2023-01-01,2023,1,Atlantico,14,"Ferreteria, vidrios y pinturas",0,121.6047
2023-01-01,2023,1,Atlantico,15,Otras mercancias de uso domestico,0,108.3131
2023-01-01,2023,1,Bogota,4,Prendas de vestir y textiles,0,88.9331
2023-01-01,2023,1,Bogota,8,Electrodomesticos y muebles,1,107.1931
2023-01-01,2023,1,Bogota,9,Articulos y utensilios domesticos,0,159.5191
2023-01-01,2023,1,Bogota,10,Aseo del hogar,0,115.4379
2023-01-01,2023,1,Bogota,11,Informatica y telecomunicaciones,0,168.3135
2023-01-01,2023,1,Bogota,12,Sonido y video,0,94.0741
2023-01-01,2023,1,Bogota,14,"Ferreteria, vidrios y pinturas",0,133.1741
2023-01-01,2023,1,Bogota,15,Otras mercancias de uso domestico,0,91.1362
2023-01-01,2023,1,Cundinamarca,4,Prendas de vestir y textiles,0,139.9930
2023-01-01,2023,1,Cundinamarca,8,Electrodomesticos y muebles,1,136.3172
2023-01-01,2023,1,Cundinamarca,9,Articulos y utensilios domesticos,0,190.3090
2023-01-01,2023,1,Cundinamarca,10,Aseo del hogar,0,178.3508
2023-01-01,2023,1,Cundinamarca,11,Informatica y telecomunicaciones,0,168.3954
2023-01-01,2023,1,Cundinamarca,12,Sonido y video,0,106.4623
2023-01-01,2023,1,Cundinamarca,14,"Ferreteria, vidrios y pinturas",0,122.2634
2023-01-01,2023,1,Cundinamarca,15,Otras mercancias de uso domestico,0,148.3764
2023-01-01,2023,1,Santander,4,Prendas de vestir y textiles,0,108.2352
2023-01-01,2023,1,Santander,8,Electrodomesticos y muebles,1,104.6709
2023-01-01,2023,1,Santander,9,Articulos y utensilios domesticos,0,145.7079
2023-01-01,2023,1,Santander,10,Aseo del hogar,0,101.5091
2023-01-01,2023,1,Santander,11,Informatica y telecomunicaciones,0,136.3206
2023-01-01,2023,1,Santander,12,Sonido y video,0,98.4291
2023-01-01,2023,1,Santander,14,"Ferreteria, vidrios y pinturas",0,93.6761
2023-01-01,2023,1,Santander,15,Otras mercancias de uso domestico,0,96.3572
2023-01-01,2023,1,Valle del Cauca,4,Prendas de vestir y textiles,0,89.5602
2023-01-01,2023,1,Valle del Cauca,8,Electrodomesticos y muebles,1,67.7230
2023-01-01,2023,1,Valle del Cauca,9,Articulos y utensilios domesticos,0,128.4648
2023-01-01,2023,1,Valle del Cauca,10,Aseo del hogar,0,138.7571
2023-01-01,2023,1,Valle del Cauca,11,Informatica y telecomunicaciones,0,138.9092
2023-01-01,2023,1,Valle del Cauca,12,Sonido y video,0,81.0803
2023-01-01,2023,1,Valle del Cauca,14,"Ferreteria, vidrios y pinturas",0,85.6026
2023-01-01,2023,1,Valle del Cauca,15,Otras mercancias de uso domestico,0,95.6591
2023-01-01,2023,1,Otros departamentos,4,Prendas de vestir y textiles,0,121.6560
2023-01-01,2023,1,Otros departamentos,8,Electrodomesticos y muebles,1,124.1695
2023-01-01,2023,1,Otros departamentos,9,Articulos y utensilios domesticos,0,126.6398
2023-01-01,2023,1,Otros departamentos,10,Aseo del hogar,0,115.3268
2023-01-01,2023,1,Otros departamentos,11,Informatica y telecomunicaciones,0,153.5773
2023-01-01,2023,1,Otros departamentos,12,Sonido y video,0,104.7919
2023-01-01,2023,1,Otros departamentos,14,"Ferreteria, vidrios y pinturas",0,113.4583
2023-01-01,2023,1,Otros departamentos,15,Otras mercancias de uso domestico,0,113.2197
2023-02-01,2023,2,Antioquia,4,Prendas de vestir y textiles,0,83.4997
2023-02-01,2023,2,Antioquia,8,Electrodomesticos y muebles,1,126.5859
2023-02-01,2023,2,Antioquia,9,Articulos y utensilios domesticos,0,120.6351
2023-02-01,2023,2,Antioquia,10,Aseo del hogar,0,105.0748
2023-02-01,2023,2,Antioquia,11,Informatica y telecomunicaciones,0,203.5753
2023-02-01,2023,2,Antioquia,12,Sonido y video,0,103.8504
2023-02-01,2023,2,Antioquia,14,"Ferreteria, vidrios y pinturas",0,97.9450
2023-02-01,2023,2,Antioquia,15,Otras mercancias de uso domestico,0,89.1908
2023-02-01,2023,2,Atlantico,4,Prendas de vestir y textiles,0,66.9162
2023-02-01,2023,2,Atlantico,8,Electrodomesticos y muebles,1,83.9057
2023-02-01,2023,2,Atlantico,9,Articulos y utensilios domesticos,0,128.6567
2023-02-01,2023,2,Atlantico,10,Aseo del hogar,0,120.4754
2023-02-01,2023,2,Atlantico,11,Informatica y telecomunicaciones,0,132.4248
2023-02-01,2023,2,Atlantico,12,Sonido y video,0,103.0237
2023-02-01,2023,2,Atlantico,14,"Ferreteria, vidrios y pinturas",0,98.6631
2023-02-01,2023,2,Atlantico,15,Otras mercancias de uso domestico,0,79.5315
2023-02-01,2023,2,Bogota,4,Prendas de vestir y textiles,0,75.4451
2023-02-01,2023,2,Bogota,8,Electrodomesticos y muebles,1,119.9173
2023-02-01,2023,2,Bogota,9,Articulos y utensilios domesticos,0,127.2950
2023-02-01,2023,2,Bogota,10,Aseo del hogar,0,112.3260
2023-02-01,2023,2,Bogota,11,Informatica y telecomunicaciones,0,220.4132
2023-02-01,2023,2,Bogota,12,Sonido y video,0,104.2873
2023-02-01,2023,2,Bogota,14,"Ferreteria, vidrios y pinturas",0,126.7748
2023-02-01,2023,2,Bogota,15,Otras mercancias de uso domestico,0,94.9292
2023-02-01,2023,2,Cundinamarca,4,Prendas de vestir y textiles,0,93.1469
2023-02-01,2023,2,Cundinamarca,8,Electrodomesticos y muebles,1,116.1110
2023-02-01,2023,2,Cundinamarca,9,Articulos y utensilios domesticos,0,147.7374
2023-02-01,2023,2,Cundinamarca,10,Aseo del hogar,0,129.5733
2023-02-01,2023,2,Cundinamarca,11,Informatica y telecomunicaciones,0,186.6342
2023-02-01,2023,2,Cundinamarca,12,Sonido y video,0,98.4398
2023-02-01,2023,2,Cundinamarca,14,"Ferreteria, vidrios y pinturas",0,124.3990
2023-02-01,2023,2,Cundinamarca,15,Otras mercancias de uso domestico,0,116.5672
2023-02-01,2023,2,Santander,4,Prendas de vestir y textiles,0,84.8505
2023-02-01,2023,2,Santander,8,Electrodomesticos y muebles,1,83.6094
2023-02-01,2023,2,Santander,9,Articulos y utensilios domesticos,0,114.5722
2023-02-01,2023,2,Santander,10,Aseo del hogar,0,91.1489
2023-02-01,2023,2,Santander,11,Informatica y telecomunicaciones,0,152.0307
2023-02-01,2023,2,Santander,12,Sonido y video,0,75.8472
2023-02-01,2023,2,Santander,14,"Ferreteria, vidrios y pinturas",0,78.4939
2023-02-01,2023,2,Santander,15,Otras mercancias de uso domestico,0,91.3597
2023-02-01,2023,2,Valle del Cauca,4,Prendas de vestir y textiles,0,73.6979
2023-02-01,2023,2,Valle del Cauca,8,Electrodomesticos y muebles,1,71.7149
2023-02-01,2023,2,Valle del Cauca,9,Articulos y utensilios domesticos,0,95.5197
2023-02-01,2023,2,Valle del Cauca,10,Aseo del hogar,0,108.5452
2023-02-01,2023,2,Valle del Cauca,11,Informatica y telecomunicaciones,0,154.0800
2023-02-01,2023,2,Valle del Cauca,12,Sonido y video,0,81.0355
2023-02-01,2023,2,Valle del Cauca,14,"Ferreteria, vidrios y pinturas",0,100.2328
2023-02-01,2023,2,Valle del Cauca,15,Otras mercancias de uso domestico,0,77.0935
2023-02-01,2023,2,Otros departamentos,4,Prendas de vestir y textiles,0,91.7236
2023-02-01,2023,2,Otros departamentos,8,Electrodomesticos y muebles,1,99.1002
2023-02-01,2023,2,Otros departamentos,9,Articulos y utensilios domesticos,0,107.2381
2023-02-01,2023,2,Otros departamentos,10,Aseo del hogar,0,118.4713
2023-02-01,2023,2,Otros departamentos,11,Informatica y telecomunicaciones,0,164.9139
2023-02-01,2023,2,Otros departamentos,12,Sonido y video,0,99.6186
2023-02-01,2023,2,Otros departamentos,14,"Ferreteria, vidrios y pinturas",0,111.8302
2023-02-01,2023,2,Otros departamentos,15,Otras mercancias de uso domestico,0,108.8757
2023-03-01,2023,3,Antioquia,4,Prendas de vestir y textiles,0,87.2284
2023-03-01,2023,3,Antioquia,8,Electrodomesticos y muebles,1,136.1210
2023-03-01,2023,3,Antioquia,9,Articulos y utensilios domesticos,0,140.0627
2023-03-01,2023,3,Antioquia,10,Aseo del hogar,0,124.0336
2023-03-01,2023,3,Antioquia,11,Informatica y telecomunicaciones,0,200.5596
2023-03-01,2023,3,Antioquia,12,Sonido y video,0,113.3641
2023-03-01,2023,3,Antioquia,14,"Ferreteria, vidrios y pinturas",0,102.1839
2023-03-01,2023,3,Antioquia,15,Otras mercancias de uso domestico,0,107.2243
2023-03-01,2023,3,Atlantico,4,Prendas de vestir y textiles,0,82.8180
2023-03-01,2023,3,Atlantico,8,Electrodomesticos y muebles,1,96.9738
2023-03-01,2023,3,Atlantico,9,Articulos y utensilios domesticos,0,151.5431
2023-03-01,2023,3,Atlantico,10,Aseo del hogar,0,114.9939
2023-03-01,2023,3,Atlantico,11,Informatica y telecomunicaciones,0,183.4993
2023-03-01,2023,3,Atlantico,12,Sonido y video,0,129.8781
2023-03-01,2023,3,Atlantico,14,"Ferreteria, vidrios y pinturas",0,114.0147
2023-03-01,2023,3,Atlantico,15,Otras mercancias de uso domestico,0,97.2137
2023-03-01,2023,3,Bogota,4,Prendas de vestir y textiles,0,89.1151
2023-03-01,2023,3,Bogota,8,Electrodomesticos y muebles,1,109.0988
2023-03-01,2023,3,Bogota,9,Articulos y utensilios domesticos,0,141.6655
2023-03-01,2023,3,Bogota,10,Aseo del hogar,0,121.7811
2023-03-01,2023,3,Bogota,11,Informatica y telecomunicaciones,0,199.7539
2023-03-01,2023,3,Bogota,12,Sonido y video,0,124.8550
2023-03-01,2023,3,Bogota,14,"Ferreteria, vidrios y pinturas",0,109.5019
2023-03-01,2023,3,Bogota,15,Otras mercancias de uso domestico,0,102.9426
2023-03-01,2023,3,Cundinamarca,4,Prendas de vestir y textiles,0,105.1770
2023-03-01,2023,3,Cundinamarca,8,Electrodomesticos y muebles,1,121.4112
2023-03-01,2023,3,Cundinamarca,9,Articulos y utensilios domesticos,0,170.7301
2023-03-01,2023,3,Cundinamarca,10,Aseo del hogar,0,144.4454
2023-03-01,2023,3,Cundinamarca,11,Informatica y telecomunicaciones,0,212.6286
2023-03-01,2023,3,Cundinamarca,12,Sonido y video,0,135.8493
2023-03-01,2023,3,Cundinamarca,14,"Ferreteria, vidrios y pinturas",0,127.0141
2023-03-01,2023,3,Cundinamarca,15,Otras mercancias de uso domestico,0,172.2814
2023-03-01,2023,3,Santander,4,Prendas de vestir y textiles,0,84.1203
2023-03-01,2023,3,Santander,8,Electrodomesticos y muebles,1,81.8122
2023-03-01,2023,3,Santander,9,Articulos y utensilios domesticos,0,112.6949
2023-03-01,2023,3,Santander,10,Aseo del hogar,0,112.4347
2023-03-01,2023,3,Santander,11,Informatica y telecomunicaciones,0,168.5698
2023-03-01,2023,3,Santander,12,Sonido y video,0,81.6390
2023-03-01,2023,3,Santander,14,"Ferreteria, vidrios y pinturas",0,97.9414
2023-03-01,2023,3,Santander,15,Otras mercancias de uso domestico,0,96.5304
2023-03-01,2023,3,Valle del Cauca,4,Prendas de vestir y textiles,0,81.4158
2023-03-01,2023,3,Valle del Cauca,8,Electrodomesticos y muebles,1,90.3775
2023-03-01,2023,3,Valle del Cauca,9,Articulos y utensilios domesticos,0,112.0569
2023-03-01,2023,3,Valle del Cauca,10,Aseo del hogar,0,138.3148
2023-03-01,2023,3,Valle del Cauca,11,Informatica y telecomunicaciones,0,144.1842
2023-03-01,2023,3,Valle del Cauca,12,Sonido y video,0,87.4705
2023-03-01,2023,3,Valle del Cauca,14,"Ferreteria, vidrios y pinturas",0,98.3152
2023-03-01,2023,3,Valle del Cauca,15,Otras mercancias de uso domestico,0,112.0448
2023-03-01,2023,3,Otros departamentos,4,Prendas de vestir y textiles,0,109.6867
2023-03-01,2023,3,Otros departamentos,8,Electrodomesticos y muebles,1,119.4048
2023-03-01,2023,3,Otros departamentos,9,Articulos y utensilios domesticos,0,112.7354
2023-03-01,2023,3,Otros departamentos,10,Aseo del hogar,0,111.0674
2023-03-01,2023,3,Otros departamentos,11,Informatica y telecomunicaciones,0,172.9157
2023-03-01,2023,3,Otros departamentos,12,Sonido y video,0,104.2203
2023-03-01,2023,3,Otros departamentos,14,"Ferreteria, vidrios y pinturas",0,132.0881
2023-03-01,2023,3,Otros departamentos,15,Otras mercancias de uso domestico,0,111.4121
2023-04-01,2023,4,Antioquia,4,Prendas de vestir y textiles,0,95.1997
2023-04-01,2023,4,Antioquia,8,Electrodomesticos y muebles,1,124.9458
2023-04-01,2023,4,Antioquia,9,Articulos y utensilios domesticos,0,113.0633
2023-04-01,2023,4,Antioquia,10,Aseo del hogar,0,119.5747
2023-04-01,2023,4,Antioquia,11,Informatica y telecomunicaciones,0,160.0443
2023-04-01,2023,4,Antioquia,12,Sonido y video,0,107.3919
2023-04-01,2023,4,Antioquia,14,"Ferreteria, vidrios y pinturas",0,88.6724
2023-04-01,2023,4,Antioquia,15,Otras mercancias de uso domestico,0,97.7314
2023-04-01,2023,4,Atlantico,4,Prendas de vestir y textiles,0,90.6372
2023-04-01,2023,4,Atlantico,8,Electrodomesticos y muebles,1,91.2726
2023-04-01,2023,4,Atlantico,9,Articulos y utensilios domesticos,0,130.6242
2023-04-01,2023,4,Atlantico,10,Aseo del hogar,0,112.0087
2023-04-01,2023,4,Atlantico,11,Informatica y telecomunicaciones,0,147.3502
2023-04-01,2023,4,Atlantico,12,Sonido y video,0,122.3084
2023-04-01,2023,4,Atlantico,14,"Ferreteria, vidrios y pinturas",0,93.4275
2023-04-01,2023,4,Atlantico,15,Otras mercancias de uso domestico,0,88.8036
2023-04-01,2023,4,Bogota,4,Prendas de vestir y textiles,0,86.9843
2023-04-01,2023,4,Bogota,8,Electrodomesticos y muebles,1,95.3386
2023-04-01,2023,4,Bogota,9,Articulos y utensilios domesticos,0,159.2220
2023-04-01,2023,4,Bogota,10,Aseo del hogar,0,113.1660
2023-04-01,2023,4,Bogota,11,Informatica y telecomunicaciones,0,153.8631
2023-04-01,2023,4,Bogota,12,Sonido y video,0,125.0308
2023-04-01,2023,4,Bogota,14,"Ferreteria, vidrios y pinturas",0,90.5885
2023-04-01,2023,4,Bogota,15,Otras mercancias de uso domestico,0,101.6569
2023-04-01,2023,4,Cundinamarca,4,Prendas de vestir y textiles,0,101.8302
2023-04-01,2023,4,Cundinamarca,8,Electrodomesticos y muebles,1,123.7647
2023-04-01,2023,4,Cundinamarca,9,Articulos y utensilios domesticos,0,143.2752
2023-04-01,2023,4,Cundinamarca,10,Aseo del hogar,0,151.6701
2023-04-01,2023,4,Cundinamarca,11,Informatica y telecomunicaciones,0,167.6567
2023-04-01,2023,4,Cundinamarca,12,Sonido y video,0,120.5013
2023-04-01,2023,4,Cundinamarca,14,"Ferreteria, vidrios y pinturas",0,125.0239
2023-04-01,2023,4,Cundinamarca,15,Otras mercancias de uso domestico,0,142.1725
2023-04-01,2023,4,Santander,4,Prendas de vestir y textiles,0,115.8723
2023-04-01,2023,4,Santander,8,Electrodomesticos y muebles,1,80.1850
2023-04-01,2023,4,Santander,9,Articulos y utensilios domesticos,0,117.6480
2023-04-01,2023,4,Santander,10,Aseo del hogar,0,132.7075
2023-04-01,2023,4,Santander,11,Informatica y telecomunicaciones,0,134.0582
2023-04-01,2023,4,Santander,12,Sonido y video,0,74.4593
2023-04-01,2023,4,Santander,14,"Ferreteria, vidrios y pinturas",0,82.1226
2023-04-01,2023,4,Santander,15,Otras mercancias de uso domestico,0,103.6042
2023-04-01,2023,4,Valle del Cauca,4,Prendas de vestir y textiles,0,72.2434
2023-04-01,2023,4,Valle del Cauca,8,Electrodomesticos y muebles,1,88.6749
2023-04-01,2023,4,Valle del Cauca,9,Articulos y utensilios domesticos,0,114.7954
2023-04-01,2023,4,Valle del Cauca,10,Aseo del hogar,0,144.6938
2023-04-01,2023,4,Valle del Cauca,11,Informatica y telecomunicaciones,0,151.6406
2023-04-01,2023,4,Valle del Cauca,12,Sonido y video,0,90.9811
2023-04-01,2023,4,Valle del Cauca,14,"Ferreteria, vidrios y pinturas",0,98.0422
2023-04-01,2023,4,Valle del Cauca,15,Otras mercancias de uso domestico,0,104.8230
2023-04-01,2023,4,Otros departamentos,4,Prendas de vestir y textiles,0,104.9352
2023-04-01,2023,4,Otros departamentos,8,Electrodomesticos y muebles,1,94.2404
2023-04-01,2023,4,Otros departamentos,9,Articulos y utensilios domesticos,0,110.7940
2023-04-01,2023,4,Otros departamentos,10,Aseo del hogar,0,110.4109
2023-04-01,2023,4,Otros departamentos,11,Informatica y telecomunicaciones,0,166.4845
2023-04-01,2023,4,Otros departamentos,12,Sonido y video,0,83.9939
2023-04-01,2023,4,Otros departamentos,14,"Ferreteria, vidrios y pinturas",0,107.0481
2023-04-01,2023,4,Otros departamentos,15,Otras mercancias de uso domestico,0,106.7716
2023-05-01,2023,5,Antioquia,4,Prendas de vestir y textiles,0,113.2029
2023-05-01,2023,5,Antioquia,8,Electrodomesticos y muebles,1,153.4858
2023-05-01,2023,5,Antioquia,9,Articulos y utensilios domesticos,0,122.3399
2023-05-01,2023,5,Antioquia,10,Aseo del hogar,0,104.8019
2023-05-01,2023,5,Antioquia,11,Informatica y telecomunicaciones,0,132.1088
2023-05-01,2023,5,Antioquia,12,Sonido y video,0,113.6757
2023-05-01,2023,5,Antioquia,14,"Ferreteria, vidrios y pinturas",0,91.2996
2023-05-01,2023,5,Antioquia,15,Otras mercancias de uso domestico,0,107.0739
2023-05-01,2023,5,Atlantico,4,Prendas de vestir y textiles,0,117.1372
2023-05-01,2023,5,Atlantico,8,Electrodomesticos y muebles,1,89.1805
2023-05-01,2023,5,Atlantico,9,Articulos y utensilios domesticos,0,135.2290
2023-05-01,2023,5,Atlantico,10,Aseo del hogar,0,123.6091
2023-05-01,2023,5,Atlantico,11,Informatica y telecomunicaciones,0,164.7364
2023-05-01,2023,5,Atlantico,12,Sonido y video,0,89.7616
2023-05-01,2023,5,Atlantico,14,"Ferreteria, vidrios y pinturas",0,92.0505
2023-05-01,2023,5,Atlantico,15,Otras mercancias de uso domestico,0,78.8854
2023-05-01,2023,5,Bogota,4,Prendas de vestir y textiles,0,107.7537
2023-05-01,2023,5,Bogota,8,Electrodomesticos y muebles,1,115.8688
2023-05-01,2023,5,Bogota,9,Articulos y utensilios domesticos,0,112.1283
2023-05-01,2023,5,Bogota,10,Aseo del hogar,0,108.8149
2023-05-01,2023,5,Bogota,11,Informatica y telecomunicaciones,0,170.6590
2023-05-01,2023,5,Bogota,12,Sonido y video,0,118.6116
2023-05-01,2023,5,Bogota,14,"Ferreteria, vidrios y pinturas",0,103.5328
2023-05-01,2023,5,Bogota,15,Otras mercancias de uso domestico,0,97.1597
2023-05-01,2023,5,Cundinamarca,4,Prendas de vestir y textiles,0,99.8034
2023-05-01,2023,5,Cundinamarca,8,Electrodomesticos y muebles,1,128.7206
2023-05-01,2023,5,Cundinamarca,9,Articulos y utensilios domesticos,0,139.1706
2023-05-01,2023,5,Cundinamarca,10,Aseo del hogar,0,141.7421
2023-05-01,2023,5,Cundinamarca,11,Informatica y telecomunicaciones,0,176.5703
2023-05-01,2023,5,Cundinamarca,12,Sonido y video,0,114.5065
2023-05-01,2023,5,Cundinamarca,14,"Ferreteria, vidrios y pinturas",0,137.7212
2023-05-01,2023,5,Cundinamarca,15,Otras mercancias de uso domestico,0,117.9149
2023-05-01,2023,5,Santander,4,Prendas de vestir y textiles,0,96.0256
2023-05-01,2023,5,Santander,8,Electrodomesticos y muebles,1,96.7912
2023-05-01,2023,5,Santander,9,Articulos y utensilios domesticos,0,115.4845
2023-05-01,2023,5,Santander,10,Aseo del hogar,0,119.7635
2023-05-01,2023,5,Santander,11,Informatica y telecomunicaciones,0,116.6928
2023-05-01,2023,5,Santander,12,Sonido y video,0,94.9216
2023-05-01,2023,5,Santander,14,"Ferreteria, vidrios y pinturas",0,95.3000
2023-05-01,2023,5,Santander,15,Otras mercancias de uso domestico,0,91.2021
2023-05-01,2023,5,Valle del Cauca,4,Prendas de vestir y textiles,0,77.6428
2023-05-01,2023,5,Valle del Cauca,8,Electrodomesticos y muebles,1,111.4340
2023-05-01,2023,5,Valle del Cauca,9,Articulos y utensilios domesticos,0,101.9786
2023-05-01,2023,5,Valle del Cauca,10,Aseo del hogar,0,154.3134
2023-05-01,2023,5,Valle del Cauca,11,Informatica y telecomunicaciones,0,136.9068
2023-05-01,2023,5,Valle del Cauca,12,Sonido y video,0,108.2088
2023-05-01,2023,5,Valle del Cauca,14,"Ferreteria, vidrios y pinturas",0,98.3316
2023-05-01,2023,5,Valle del Cauca,15,Otras mercancias de uso domestico,0,113.5821
2023-05-01,2023,5,Otros departamentos,4,Prendas de vestir y textiles,0,108.8745
2023-05-01,2023,5,Otros departamentos,8,Electrodomesticos y muebles,1,113.6503
2023-05-01,2023,5,Otros departamentos,9,Articulos y utensilios domesticos,0,133.6185
2023-05-01,2023,5,Otros departamentos,10,Aseo del hogar,0,121.9545
2023-05-01,2023,5,Otros departamentos,11,Informatica y telecomunicaciones,0,189.9615
2023-05-01,2023,5,Otros departamentos,12,Sonido y video,0,89.9923
2023-05-01,2023,5,Otros departamentos,14,"Ferreteria, vidrios y pinturas",0,117.0164
2023-05-01,2023,5,Otros departamentos,15,Otras mercancias de uso domestico,0,121.7838
2023-06-01,2023,6,Antioquia,4,Prendas de vestir y textiles,0,127.2386
2023-06-01,2023,6,Antioquia,8,Electrodomesticos y muebles,1,142.0362
2023-06-01,2023,6,Antioquia,9,Articulos y utensilios domesticos,0,120.3048
2023-06-01,2023,6,Antioquia,10,Aseo del hogar,0,116.9782
2023-06-01,2023,6,Antioquia,11,Informatica y telecomunicaciones,0,129.3885
2023-06-01,2023,6,Antioquia,12,Sonido y video,0,113.6023
2023-06-01,2023,6,Antioquia,14,"Ferreteria, vidrios y pinturas",0,85.4685
2023-06-01,2023,6,Antioquia,15,Otras mercancias de uso domestico,0,96.0069
2023-06-01,2023,6,Atlantico,4,Prendas de vestir y textiles,0,139.5032
2023-06-01,2023,6,Atlantico,8,Electrodomesticos y muebles,1,114.8006
2023-06-01,2023,6,Atlantico,9,Articulos y utensilios domesticos,0,146.4696
2023-06-01,2023,6,Atlantico,10,Aseo del hogar,0,131.4501
2023-06-01,2023,6,Atlantico,11,Informatica y telecomunicaciones,0,136.4493
2023-06-01,2023,6,Atlantico,12,Sonido y video,0,99.1004
2023-06-01,2023,6,Atlantico,14,"Ferreteria, vidrios y pinturas",0,109.3237
2023-06-01,2023,6,Atlantico,15,Otras mercancias de uso domestico,0,71.5121
2023-06-01,2023,6,Bogota,4,Prendas de vestir y textiles,0,135.7306
2023-06-01,2023,6,Bogota,8,Electrodomesticos y muebles,1,118.4401
2023-06-01,2023,6,Bogota,9,Articulos y utensilios domesticos,0,114.1106
2023-06-01,2023,6,Bogota,10,Aseo del hogar,0,106.4753
2023-06-01,2023,6,Bogota,11,Informatica y telecomunicaciones,0,139.0790
2023-06-01,2023,6,Bogota,12,Sonido y video,0,120.5871
2023-06-01,2023,6,Bogota,14,"Ferreteria, vidrios y pinturas",0,88.7603
2023-06-01,2023,6,Bogota,15,Otras mercancias de uso domestico,0,103.3532
2023-06-01,2023,6,Cundinamarca,4,Prendas de vestir y textiles,0,134.7426
2023-06-01,2023,6,Cundinamarca,8,Electrodomesticos y muebles,1,121.1436
2023-06-01,2023,6,Cundinamarca,9,Articulos y utensilios domesticos,0,142.8472
2023-06-01,2023,6,Cundinamarca,10,Aseo del hogar,0,156.2877
2023-06-01,2023,6,Cundinamarca,11,Informatica y telecomunicaciones,0,156.4497
2023-06-01,2023,6,Cundinamarca,12,Sonido y video,0,144.5106
2023-06-01,2023,6,Cundinamarca,14,"Ferreteria, vidrios y pinturas",0,104.6064
2023-06-01,2023,6,Cundinamarca,15,Otras mercancias de uso domestico,0,120.2438
2023-06-01,2023,6,Santander,4,Prendas de vestir y textiles,0,123.1041
2023-06-01,2023,6,Santander,8,Electrodomesticos y muebles,1,100.3038
2023-06-01,2023,6,Santander,9,Articulos y utensilios domesticos,0,109.8854
2023-06-01,2023,6,Santander,10,Aseo del hogar,0,108.4446
2023-06-01,2023,6,Santander,11,Informatica y telecomunicaciones,0,99.4380
2023-06-01,2023,6,Santander,12,Sonido y video,0,101.5416
2023-06-01,2023,6,Santander,14,"Ferreteria, vidrios y pinturas",0,95.1448
2023-06-01,2023,6,Santander,15,Otras mercancias de uso domestico,0,77.2000
2023-06-01,2023,6,Valle del Cauca,4,Prendas de vestir y textiles,0,90.6800
2023-06-01,2023,6,Valle del Cauca,8,Electrodomesticos y muebles,1,98.0122
2023-06-01,2023,6,Valle del Cauca,9,Articulos y utensilios domesticos,0,103.4177
2023-06-01,2023,6,Valle del Cauca,10,Aseo del hogar,0,135.9103
2023-06-01,2023,6,Valle del Cauca,11,Informatica y telecomunicaciones,0,126.1193
2023-06-01,2023,6,Valle del Cauca,12,Sonido y video,0,130.0224
2023-06-01,2023,6,Valle del Cauca,14,"Ferreteria, vidrios y pinturas",0,101.9930
2023-06-01,2023,6,Valle del Cauca,15,Otras mercancias de uso domestico,0,117.7450
2023-06-01,2023,6,Otros departamentos,4,Prendas de vestir y textiles,0,108.4902
2023-06-01,2023,6,Otros departamentos,8,Electrodomesticos y muebles,1,98.1864
2023-06-01,2023,6,Otros departamentos,9,Articulos y utensilios domesticos,0,134.0223
2023-06-01,2023,6,Otros departamentos,10,Aseo del hogar,0,114.8853
2023-06-01,2023,6,Otros departamentos,11,Informatica y telecomunicaciones,0,167.5190
2023-06-01,2023,6,Otros departamentos,12,Sonido y video,0,105.1808
2023-06-01,2023,6,Otros departamentos,14,"Ferreteria, vidrios y pinturas",0,115.3568
2023-06-01,2023,6,Otros departamentos,15,Otras mercancias de uso domestico,0,109.3613
2023-07-01,2023,7,Antioquia,4,Prendas de vestir y textiles,0,129.1107
2023-07-01,2023,7,Antioquia,8,Electrodomesticos y muebles,1,141.8124
2023-07-01,2023,7,Antioquia,9,Articulos y utensilios domesticos,0,137.6263
2023-07-01,2023,7,Antioquia,10,Aseo del hogar,0,123.2535
2023-07-01,2023,7,Antioquia,11,Informatica y telecomunicaciones,0,129.0778
2023-07-01,2023,7,Antioquia,12,Sonido y video,0,142.4351
2023-07-01,2023,7,Antioquia,14,"Ferreteria, vidrios y pinturas",0,96.4707
2023-07-01,2023,7,Antioquia,15,Otras mercancias de uso domestico,0,102.8648
2023-07-01,2023,7,Atlantico,4,Prendas de vestir y textiles,0,137.1056
2023-07-01,2023,7,Atlantico,8,Electrodomesticos y muebles,1,119.5322
2023-07-01,2023,7,Atlantico,9,Articulos y utensilios domesticos,0,126.6112
2023-07-01,2023,7,Atlantico,10,Aseo del hogar,0,148.4539
2023-07-01,2023,7,Atlantico,11,Informatica y telecomunicaciones,0,133.6832
2023-07-01,2023,7,Atlantico,12,Sonido y video,0,108.0997
2023-07-01,2023,7,Atlantico,14,"Ferreteria, vidrios y pinturas",0,103.5847
2023-07-01,2023,7,Atlantico,15,Otras mercancias de uso domestico,0,91.1211
2023-07-01,2023,7,Bogota,4,Prendas de vestir y textiles,0,133.3182
2023-07-01,2023,7,Bogota,8,Electrodomesticos y muebles,1,143.1881
2023-07-01,2023,7,Bogota,9,Articulos y utensilios domesticos,0,144.8308
2023-07-01,2023,7,Bogota,10,Aseo del hogar,0,112.4740
2023-07-01,2023,7,Bogota,11,Informatica y telecomunicaciones,0,165.0715
2023-07-01,2023,7,Bogota,12,Sonido y video,0,109.9979
2023-07-01,2023,7,Bogota,14,"Ferreteria, vidrios y pinturas",0,109.1007
2023-07-01,2023,7,Bogota,15,Otras mercancias de uso domestico,0,97.8158
2023-07-01,2023,7,Cundinamarca,4,Prendas de vestir y textiles,0,119.1423
2023-07-01,2023,7,Cundinamarca,8,Electrodomesticos y muebles,1,121.0685
2023-07-01,2023,7,Cundinamarca,9,Articulos y utensilios domesticos,0,147.4415
2023-07-01,2023,7,Cundinamarca,10,Aseo del hogar,0,156.4685
2023-07-01,2023,7,Cundinamarca,11,Informatica y telecomunicaciones,0,165.2779
2023-07-01,2023,7,Cundinamarca,12,Sonido y video,0,164.1623
2023-07-01,2023,7,Cundinamarca,14,"Ferreteria, vidrios y pinturas",0,106.5051
2023-07-01,2023,7,Cundinamarca,15,Otras mercancias de uso domestico,0,120.0441
2023-07-01,2023,7,Santander,4,Prendas de vestir y textiles,0,109.0926
2023-07-01,2023,7,Santander,8,Electrodomesticos y muebles,1,133.0929
2023-07-01,2023,7,Santander,9,Articulos y utensilios domesticos,0,141.2360
2023-07-01,2023,7,Santander,10,Aseo del hogar,0,105.3927
2023-07-01,2023,7,Santander,11,Informatica y telecomunicaciones,0,117.1968
2023-07-01,2023,7,Santander,12,Sonido y video,0,117.1488
2023-07-01,2023,7,Santander,14,"Ferreteria, vidrios y pinturas",0,96.3903
2023-07-01,2023,7,Santander,15,Otras mercancias de uso domestico,0,81.8454
2023-07-01,2023,7,Valle del Cauca,4,Prendas de vestir y textiles,0,97.9481
2023-07-01,2023,7,Valle del Cauca,8,Electrodomesticos y muebles,1,103.7034
2023-07-01,2023,7,Valle del Cauca,9,Articulos y utensilios domesticos,0,139.6257
2023-07-01,2023,7,Valle del Cauca,10,Aseo del hogar,0,141.2451
2023-07-01,2023,7,Valle del Cauca,11,Informatica y telecomunicaciones,0,126.8993
2023-07-01,2023,7,Valle del Cauca,12,Sonido y video,0,120.4507
2023-07-01,2023,7,Valle del Cauca,14,"Ferreteria, vidrios y pinturas",0,90.0515
2023-07-01,2023,7,Valle del Cauca,15,Otras mercancias de uso domestico,0,117.6632
2023-07-01,2023,7,Otros departamentos,4,Prendas de vestir y textiles,0,105.4289
2023-07-01,2023,7,Otros departamentos,8,Electrodomesticos y muebles,1,107.9047
2023-07-01,2023,7,Otros departamentos,9,Articulos y utensilios domesticos,0,131.5030
2023-07-01,2023,7,Otros departamentos,10,Aseo del hogar,0,136.5682
2023-07-01,2023,7,Otros departamentos,11,Informatica y telecomunicaciones,0,186.1087
2023-07-01,2023,7,Otros departamentos,12,Sonido y video,0,120.9228
2023-07-01,2023,7,Otros departamentos,14,"Ferreteria, vidrios y pinturas",0,112.6597
2023-07-01,2023,7,Otros departamentos,15,Otras mercancias de uso domestico,0,110.7905
2023-08-01,2023,8,Antioquia,4,Prendas de vestir y textiles,0,109.8184
2023-08-01,2023,8,Antioquia,8,Electrodomesticos y muebles,1,150.2700
2023-08-01,2023,8,Antioquia,9,Articulos y utensilios domesticos,0,144.0619
2023-08-01,2023,8,Antioquia,10,Aseo del hogar,0,115.8615
2023-08-01,2023,8,Antioquia,11,Informatica y telecomunicaciones,0,136.4829
2023-08-01,2023,8,Antioquia,12,Sonido y video,0,102.5364
2023-08-01,2023,8,Antioquia,14,"Ferreteria, vidrios y pinturas",0,104.1312
2023-08-01,2023,8,Antioquia,15,Otras mercancias de uso domestico,0,109.6921
2023-08-01,2023,8,Atlantico,4,Prendas de vestir y textiles,0,102.2189
2023-08-01,2023,8,Atlantico,8,Electrodomesticos y muebles,1,86.9135
2023-08-01,2023,8,Atlantico,9,Articulos y utensilios domesticos,0,104.1488
2023-08-01,2023,8,Atlantico,10,Aseo del hogar,0,135.3900
2023-08-01,2023,8,Atlantico,11,Informatica y telecomunicaciones,0,141.2183
2023-08-01,2023,8,Atlantico,12,Sonido y video,0,121.7614
2023-08-01,2023,8,Atlantico,14,"Ferreteria, vidrios y pinturas",0,95.0232
2023-08-01,2023,8,Atlantico,15,Otras mercancias de uso domestico,0,100.6461
2023-08-01,2023,8,Bogota,4,Prendas de vestir y textiles,0,120.7352
2023-08-01,2023,8,Bogota,8,Electrodomesticos y muebles,1,133.8401
2023-08-01,2023,8,Bogota,9,Articulos y utensilios domesticos,0,111.8999
2023-08-01,2023,8,Bogota,10,Aseo del hogar,0,105.1445
2023-08-01,2023,8,Bogota,11,Informatica y telecomunicaciones,0,170.1270
2023-08-01,2023,8,Bogota,12,Sonido y video,0,139.9317
2023-08-01,2023,8,Bogota,14,"Ferreteria, vidrios y pinturas",0,129.0412
2023-08-01,2023,8,Bogota,15,Otras mercancias de uso domestico,0,101.9846
2023-08-01,2023,8,Cundinamarca,4,Prendas de vestir y textiles,0,99.1166
2023-08-01,2023,8,Cundinamarca,8,Electrodomesticos y muebles,1,88.1150
2023-08-01,2023,8,Cundinamarca,9,Articulos y utensilios domesticos,0,149.5531
2023-08-01,2023,8,Cundinamarca,10,Aseo del hogar,0,133.8550
2023-08-01,2023,8,Cundinamarca,11,Informatica y telecomunicaciones,0,233.9353
2023-08-01,2023,8,Cundinamarca,12,Sonido y video,0,143.2237
2023-08-01,2023,8,Cundinamarca,14,"Ferreteria, vidrios y pinturas",0,126.6273
2023-08-01,2023,8,Cundinamarca,15,Otras mercancias de uso domestico,0,123.3205
2023-08-01,2023,8,Santander,4,Prendas de vestir y textiles,0,85.6349
2023-08-01,2023,8,Santander,8,Electrodomesticos y muebles,1,111.3770
2023-08-01,2023,8,Santander,9,Articulos y utensilios domesticos,0,137.3137
2023-08-01,2023,8,Santander,10,Aseo del hogar,0,103.9029
2023-08-01,2023,8,Santander,11,Informatica y telecomunicaciones,0,145.2225
2023-08-01,2023,8,Santander,12,Sonido y video,0,130.8068
2023-08-01,2023,8,Santander,14,"Ferreteria, vidrios y pinturas",0,96.9746
2023-08-01,2023,8,Santander,15,Otras mercancias de uso domestico,0,86.0932
2023-08-01,2023,8,Valle del Cauca,4,Prendas de vestir y textiles,0,80.0096
2023-08-01,2023,8,Valle del Cauca,8,Electrodomesticos y muebles,1,93.9769
2023-08-01,2023,8,Valle del Cauca,9,Articulos y utensilios domesticos,0,129.7280
2023-08-01,2023,8,Valle del Cauca,10,Aseo del hogar,0,105.5749
2023-08-01,2023,8,Valle del Cauca,11,Informatica y telecomunicaciones,0,143.7974
2023-08-01,2023,8,Valle del Cauca,12,Sonido y video,0,122.4174
2023-08-01,2023,8,Valle del Cauca,14,"Ferreteria, vidrios y pinturas",0,77.3802
2023-08-01,2023,8,Valle del Cauca,15,Otras mercancias de uso domestico,0,104.8229
2023-08-01,2023,8,Otros departamentos,4,Prendas de vestir y textiles,0,92.1744
2023-08-01,2023,8,Otros departamentos,8,Electrodomesticos y muebles,1,119.4869
2023-08-01,2023,8,Otros departamentos,9,Articulos y utensilios domesticos,0,126.6813
2023-08-01,2023,8,Otros departamentos,10,Aseo del hogar,0,141.1310
2023-08-01,2023,8,Otros departamentos,11,Informatica y telecomunicaciones,0,176.9608
2023-08-01,2023,8,Otros departamentos,12,Sonido y video,0,102.7787
2023-08-01,2023,8,Otros departamentos,14,"Ferreteria, vidrios y pinturas",0,109.4548
2023-08-01,2023,8,Otros departamentos,15,Otras mercancias de uso domestico,0,98.4901
2023-09-01,2023,9,Antioquia,4,Prendas de vestir y textiles,0,107.7959
2023-09-01,2023,9,Antioquia,8,Electrodomesticos y muebles,1,113.6316
2023-09-01,2023,9,Antioquia,9,Articulos y utensilios domesticos,0,136.1391
2023-09-01,2023,9,Antioquia,10,Aseo del hogar,0,113.6304
2023-09-01,2023,9,Antioquia,11,Informatica y telecomunicaciones,0,141.7541
2023-09-01,2023,9,Antioquia,12,Sonido y video,0,131.1420
2023-09-01,2023,9,Antioquia,14,"Ferreteria, vidrios y pinturas",0,110.2018
2023-09-01,2023,9,Antioquia,15,Otras mercancias de uso domestico,0,98.9121
2023-09-01,2023,9,Atlantico,4,Prendas de vestir y textiles,0,91.6476
2023-09-01,2023,9,Atlantico,8,Electrodomesticos y muebles,1,73.3966
2023-09-01,2023,9,Atlantico,9,Articulos y utensilios domesticos,0,115.2551
2023-09-01,2023,9,Atlantico,10,Aseo del hogar,0,100.8388
2023-09-01,2023,9,Atlantico,11,Informatica y telecomunicaciones,0,121.1041
2023-09-01,2023,9,Atlantico,12,Sonido y video,0,116.9644
2023-09-01,2023,9,Atlantico,14,"Ferreteria, vidrios y pinturas",0,88.0096
2023-09-01,2023,9,Atlantico,15,Otras mercancias de uso domestico,0,96.6273
2023-09-01,2023,9,Bogota,4,Prendas de vestir y textiles,0,113.3761
2023-09-01,2023,9,Bogota,8,Electrodomesticos y muebles,1,129.3808
2023-09-01,2023,9,Bogota,9,Articulos y utensilios domesticos,0,143.8575
2023-09-01,2023,9,Bogota,10,Aseo del hogar,0,104.6816
2023-09-01,2023,9,Bogota,11,Informatica y telecomunicaciones,0,147.9082
2023-09-01,2023,9,Bogota,12,Sonido y video,0,117.2246
2023-09-01,2023,9,Bogota,14,"Ferreteria, vidrios y pinturas",0,126.4692
2023-09-01,2023,9,Bogota,15,Otras mercancias de uso domestico,0,118.6740
2023-09-01,2023,9,Cundinamarca,4,Prendas de vestir y textiles,0,102.8705
2023-09-01,2023,9,Cundinamarca,8,Electrodomesticos y muebles,1,85.0282
2023-09-01,2023,9,Cundinamarca,9,Articulos y utensilios domesticos,0,131.3767
2023-09-01,2023,9,Cundinamarca,10,Aseo del hogar,0,110.8307
2023-09-01,2023,9,Cundinamarca,11,Informatica y telecomunicaciones,0,191.4710
2023-09-01,2023,9,Cundinamarca,12,Sonido y video,0,132.3304
2023-09-01,2023,9,Cundinamarca,14,"Ferreteria, vidrios y pinturas",0,116.5660
2023-09-01,2023,9,Cundinamarca,15,Otras mercancias de uso domestico,0,141.2906
2023-09-01,2023,9,Santander,4,Prendas de vestir y textiles,0,119.0054
2023-09-01,2023,9,Santander,8,Electrodomesticos y muebles,1,87.1544
2023-09-01,2023,9,Santander,9,Articulos y utensilios domesticos,0,131.1444
2023-09-01,2023,9,Santander,10,Aseo del hogar,0,95.3054
2023-09-01,2023,9,Santander,11,Informatica y telecomunicaciones,0,117.8405
2023-09-01,2023,9,Santander,12,Sonido y video,0,127.6772
2023-09-01,2023,9,Santander,14,"Ferreteria, vidrios y pinturas",0,93.8880
2023-09-01,2023,9,Santander,15,Otras mercancias de uso domestico,0,104.9905
2023-09-01,2023,9,Valle del Cauca,4,Prendas de vestir y textiles,0,99.8412
2023-09-01,2023,9,Valle del Cauca,8,Electrodomesticos y muebles,1,71.4375
2023-09-01,2023,9,Valle del Cauca,9,Articulos y utensilios domesticos,0,108.8638
2023-09-01,2023,9,Valle del Cauca,10,Aseo del hogar,0,105.0311
2023-09-01,2023,9,Valle del Cauca,11,Informatica y telecomunicaciones,0,136.6914
2023-09-01,2023,9,Valle del Cauca,12,Sonido y video,0,122.5260
2023-09-01,2023,9,Valle del Cauca,14,"Ferreteria, vidrios y pinturas",0,82.0370
2023-09-01,2023,9,Valle del Cauca,15,Otras mercancias de uso domestico,0,91.3685
2023-09-01,2023,9,Otros departamentos,4,Prendas de vestir y textiles,0,107.3885
2023-09-01,2023,9,Otros departamentos,8,Electrodomesticos y muebles,1,121.4234
2023-09-01,2023,9,Otros departamentos,9,Articulos y utensilios domesticos,0,114.9064
2023-09-01,2023,9,Otros departamentos,10,Aseo del hogar,0,148.0639
2023-09-01,2023,9,Otros departamentos,11,Informatica y telecomunicaciones,0,150.9579
2023-09-01,2023,9,Otros departamentos,12,Sonido y video,0,87.2117
2023-09-01,2023,9,Otros departamentos,14,"Ferreteria, vidrios y pinturas",0,97.1084
2023-09-01,2023,9,Otros departamentos,15,Otras mercancias de uso domestico,0,104.7063
2023-10-01,2023,10,Antioquia,4,Prendas de vestir y textiles,0,119.8989
2023-10-01,2023,10,Antioquia,8,Electrodomesticos y muebles,1,111.8646
2023-10-01,2023,10,Antioquia,9,Articulos y utensilios domesticos,0,124.0929
2023-10-01,2023,10,Antioquia,10,Aseo del hogar,0,138.4660
2023-10-01,2023,10,Antioquia,11,Informatica y telecomunicaciones,0,146.5193
2023-10-01,2023,10,Antioquia,12,Sonido y video,0,113.1945
2023-10-01,2023,10,Antioquia,14,"Ferreteria, vidrios y pinturas",0,106.1518
2023-10-01,2023,10,Antioquia,15,Otras mercancias de uso domestico,0,105.1751
2023-10-01,2023,10,Atlantico,4,Prendas de vestir y textiles,0,94.3433
2023-10-01,2023,10,Atlantico,8,Electrodomesticos y muebles,1,79.8366
2023-10-01,2023,10,Atlantico,9,Articulos y utensilios domesticos,0,121.9759
2023-10-01,2023,10,Atlantico,10,Aseo del hogar,0,100.3412
2023-10-01,2023,10,Atlantico,11,Informatica y telecomunicaciones,0,97.4645
2023-10-01,2023,10,Atlantico,12,Sonido y video,0,120.0781
2023-10-01,2023,10,Atlantico,14,"Ferreteria, vidrios y pinturas",0,77.9155
2023-10-01,2023,10,Atlantico,15,Otras mercancias de uso domestico,0,90.1321
2023-10-01,2023,10,Bogota,4,Prendas de vestir y textiles,0,103.6007
2023-10-01,2023,10,Bogota,8,Electrodomesticos y muebles,1,109.4820
2023-10-01,2023,10,Bogota,9,Articulos y utensilios domesticos,0,162.3346
2023-10-01,2023,10,Bogota,10,Aseo del hogar,0,125.3424
2023-10-01,2023,10,Bogota,11,Informatica y telecomunicaciones,0,150.9723
2023-10-01,2023,10,Bogota,12,Sonido y video,0,114.4412
2023-10-01,2023,10,Bogota,14,"Ferreteria, vidrios y pinturas",0,124.4747
2023-10-01,2023,10,Bogota,15,Otras mercancias de uso domestico,0,131.5418
2023-10-01,2023,10,Cundinamarca,4,Prendas de vestir y textiles,0,113.1494
2023-10-01,2023,10,Cundinamarca,8,Electrodomesticos y muebles,1,106.5455
2023-10-01,2023,10,Cundinamarca,9,Articulos y utensilios domesticos,0,157.4200
2023-10-01,2023,10,Cundinamarca,10,Aseo del hogar,0,125.1946
2023-10-01,2023,10,Cundinamarca,11,Informatica y telecomunicaciones,0,144.5904
2023-10-01,2023,10,Cundinamarca,12,Sonido y video,0,126.2964
2023-10-01,2023,10,Cundinamarca,14,"Ferreteria, vidrios y pinturas",0,121.6208
2023-10-01,2023,10,Cundinamarca,15,Otras mercancias de uso domestico,0,125.4319
2023-10-01,2023,10,Santander,4,Prendas de vestir y textiles,0,101.2776
2023-10-01,2023,10,Santander,8,Electrodomesticos y muebles,1,91.0208
2023-10-01,2023,10,Santander,9,Articulos y utensilios domesticos,0,166.7071
2023-10-01,2023,10,Santander,10,Aseo del hogar,0,101.5731
2023-10-01,2023,10,Santander,11,Informatica y telecomunicaciones,0,119.2242
2023-10-01,2023,10,Santander,12,Sonido y video,0,106.2074
2023-10-01,2023,10,Santander,14,"Ferreteria, vidrios y pinturas",0,111.7841
2023-10-01,2023,10,Santander,15,Otras mercancias de uso domestico,0,113.4456
2023-10-01,2023,10,Valle del Cauca,4,Prendas de vestir y textiles,0,112.5447
2023-10-01,2023,10,Valle del Cauca,8,Electrodomesticos y muebles,1,94.0004
2023-10-01,2023,10,Valle del Cauca,9,Articulos y utensilios domesticos,0,112.6948
2023-10-01,2023,10,Valle del Cauca,10,Aseo del hogar,0,111.6939
2023-10-01,2023,10,Valle del Cauca,11,Informatica y telecomunicaciones,0,158.4631
2023-10-01,2023,10,Valle del Cauca,12,Sonido y video,0,129.0631
2023-10-01,2023,10,Valle del Cauca,14,"Ferreteria, vidrios y pinturas",0,73.1753
2023-10-01,2023,10,Valle del Cauca,15,Otras mercancias de uso domestico,0,101.6596
2023-10-01,2023,10,Otros departamentos,4,Prendas de vestir y textiles,0,102.7006
2023-10-01,2023,10,Otros departamentos,8,Electrodomesticos y muebles,1,124.2882
2023-10-01,2023,10,Otros departamentos,9,Articulos y utensilios domesticos,0,128.1278
2023-10-01,2023,10,Otros departamentos,10,Aseo del hogar,0,119.2553
2023-10-01,2023,10,Otros departamentos,11,Informatica y telecomunicaciones,0,146.0947
2023-10-01,2023,10,Otros departamentos,12,Sonido y video,0,101.6412
2023-10-01,2023,10,Otros departamentos,14,"Ferreteria, vidrios y pinturas",0,106.8782
2023-10-01,2023,10,Otros departamentos,15,Otras mercancias de uso domestico,0,112.7278
2023-11-01,2023,11,Antioquia,4,Prendas de vestir y textiles,0,162.3135
2023-11-01,2023,11,Antioquia,8,Electrodomesticos y muebles,1,131.7705
2023-11-01,2023,11,Antioquia,9,Articulos y utensilios domesticos,0,141.2179
2023-11-01,2023,11,Antioquia,10,Aseo del hogar,0,145.5933
2023-11-01,2023,11,Antioquia,11,Informatica y telecomunicaciones,0,197.4669
2023-11-01,2023,11,Antioquia,12,Sonido y video,0,163.3932
2023-11-01,2023,11,Antioquia,14,"Ferreteria, vidrios y pinturas",0,111.4733
2023-11-01,2023,11,Antioquia,15,Otras mercancias de uso domestico,0,135.1746
2023-11-01,2023,11,Atlantico,4,Prendas de vestir y textiles,0,126.8496
2023-11-01,2023,11,Atlantico,8,Electrodomesticos y muebles,1,106.0392
2023-11-01,2023,11,Atlantico,9,Articulos y utensilios domesticos,0,179.2938
2023-11-01,2023,11,Atlantico,10,Aseo del hogar,0,101.1443
2023-11-01,2023,11,Atlantico,11,Informatica y telecomunicaciones,0,141.7528
2023-11-01,2023,11,Atlantico,12,Sonido y video,0,155.9559
2023-11-01,2023,11,Atlantico,14,"Ferreteria, vidrios y pinturas",0,79.7645
2023-11-01,2023,11,Atlantico,15,Otras mercancias de uso domestico,0,118.5860
2023-11-01,2023,11,Bogota,4,Prendas de vestir y textiles,0,130.5885
2023-11-01,2023,11,Bogota,8,Electrodomesticos y muebles,1,143.7100
2023-11-01,2023,11,Bogota,9,Articulos y utensilios domesticos,0,181.4943
2023-11-01,2023,11,Bogota,10,Aseo del hogar,0,118.8690
2023-11-01,2023,11,Bogota,11,Informatica y telecomunicaciones,0,201.5229
2023-11-01,2023,11,Bogota,12,Sonido y video,0,181.9200
2023-11-01,2023,11,Bogota,14,"Ferreteria, vidrios y pinturas",0,153.7700
2023-11-01,2023,11,Bogota,15,Otras mercancias de uso domestico,0,164.5272
2023-11-01,2023,11,Cundinamarca,4,Prendas de vestir y textiles,0,137.8541
2023-11-01,2023,11,Cundinamarca,8,Electrodomesticos y muebles,1,136.0039
2023-11-01,2023,11,Cundinamarca,9,Articulos y utensilios domesticos,0,157.7992
2023-11-01,2023,11,Cundinamarca,10,Aseo del hogar,0,127.1322
2023-11-01,2023,11,Cundinamarca,11,Informatica y telecomunicaciones,0,157.0918
2023-11-01,2023,11,Cundinamarca,12,Sonido y video,0,140.5390
2023-11-01,2023,11,Cundinamarca,14,"Ferreteria, vidrios y pinturas",0,123.7104
2023-11-01,2023,11,Cundinamarca,15,Otras mercancias de uso domestico,0,141.4762
2023-11-01,2023,11,Santander,4,Prendas de vestir y textiles,0,119.6574
2023-11-01,2023,11,Santander,8,Electrodomesticos y muebles,1,113.2173
2023-11-01,2023,11,Santander,9,Articulos y utensilios domesticos,0,187.6482
2023-11-01,2023,11,Santander,10,Aseo del hogar,0,96.0076
2023-11-01,2023,11,Santander,11,Informatica y telecomunicaciones,0,130.4267
2023-11-01,2023,11,Santander,12,Sonido y video,0,129.0725
2023-11-01,2023,11,Santander,14,"Ferreteria, vidrios y pinturas",0,100.9070
2023-11-01,2023,11,Santander,15,Otras mercancias de uso domestico,0,124.2562
2023-11-01,2023,11,Valle del Cauca,4,Prendas de vestir y textiles,0,125.8982
2023-11-01,2023,11,Valle del Cauca,8,Electrodomesticos y muebles,1,116.1042
2023-11-01,2023,11,Valle del Cauca,9,Articulos y utensilios domesticos,0,132.0756
2023-11-01,2023,11,Valle del Cauca,10,Aseo del hogar,0,97.7616
2023-11-01,2023,11,Valle del Cauca,11,Informatica y telecomunicaciones,0,180.1647
2023-11-01,2023,11,Valle del Cauca,12,Sonido y video,0,170.3511
2023-11-01,2023,11,Valle del Cauca,14,"Ferreteria, vidrios y pinturas",0,76.3512
2023-11-01,2023,11,Valle del Cauca,15,Otras mercancias de uso domestico,0,138.1621
2023-11-01,2023,11,Otros departamentos,4,Prendas de vestir y textiles,0,133.2737
2023-11-01,2023,11,Otros departamentos,8,Electrodomesticos y muebles,1,134.5972
2023-11-01,2023,11,Otros departamentos,9,Articulos y utensilios domesticos,0,151.6710
2023-11-01,2023,11,Otros departamentos,10,Aseo del hogar,0,119.8793
2023-11-01,2023,11,Otros departamentos,11,Informatica y telecomunicaciones,0,168.1111
2023-11-01,2023,11,Otros departamentos,12,Sonido y video,0,144.4929
2023-11-01,2023,11,Otros departamentos,14,"Ferreteria, vidrios y pinturas",0,107.6291
2023-11-01,2023,11,Otros departamentos,15,Otras mercancias de uso domestico,0,111.0366
2023-12-01,2023,12,Antioquia,4,Prendas de vestir y textiles,0,327.2124
2023-12-01,2023,12,Antioquia,8,Electrodomesticos y muebles,1,117.5910
2023-12-01,2023,12,Antioquia,9,Articulos y utensilios domesticos,0,194.0553
2023-12-01,2023,12,Antioquia,10,Aseo del hogar,0,164.5649
2023-12-01,2023,12,Antioquia,11,Informatica y telecomunicaciones,0,223.5587
2023-12-01,2023,12,Antioquia,12,Sonido y video,0,177.6510
2023-12-01,2023,12,Antioquia,14,"Ferreteria, vidrios y pinturas",0,111.0523
2023-12-01,2023,12,Antioquia,15,Otras mercancias de uso domestico,0,151.5143
2023-12-01,2023,12,Atlantico,4,Prendas de vestir y textiles,0,266.2849
2023-12-01,2023,12,Atlantico,8,Electrodomesticos y muebles,1,129.2664
2023-12-01,2023,12,Atlantico,9,Articulos y utensilios domesticos,0,193.9024
2023-12-01,2023,12,Atlantico,10,Aseo del hogar,0,122.9965
2023-12-01,2023,12,Atlantico,11,Informatica y telecomunicaciones,0,168.9023
2023-12-01,2023,12,Atlantico,12,Sonido y video,0,169.3763
2023-12-01,2023,12,Atlantico,14,"Ferreteria, vidrios y pinturas",0,84.6389
2023-12-01,2023,12,Atlantico,15,Otras mercancias de uso domestico,0,132.5931
2023-12-01,2023,12,Bogota,4,Prendas de vestir y textiles,0,250.7886
2023-12-01,2023,12,Bogota,8,Electrodomesticos y muebles,1,126.1806
2023-12-01,2023,12,Bogota,9,Articulos y utensilios domesticos,0,177.8227
2023-12-01,2023,12,Bogota,10,Aseo del hogar,0,106.8379
2023-12-01,2023,12,Bogota,11,Informatica y telecomunicaciones,0,239.5371
2023-12-01,2023,12,Bogota,12,Sonido y video,0,133.1054
2023-12-01,2023,12,Bogota,14,"Ferreteria, vidrios y pinturas",0,140.2755
2023-12-01,2023,12,Bogota,15,Otras mercancias de uso domestico,0,191.8532
2023-12-01,2023,12,Cundinamarca,4,Prendas de vestir y textiles,0,274.5210
2023-12-01,2023,12,Cundinamarca,8,Electrodomesticos y muebles,1,141.8143
2023-12-01,2023,12,Cundinamarca,9,Articulos y utensilios domesticos,0,189.7393
2023-12-01,2023,12,Cundinamarca,10,Aseo del hogar,0,169.4408
2023-12-01,2023,12,Cundinamarca,11,Informatica y telecomunicaciones,0,191.6106
2023-12-01,2023,12,Cundinamarca,12,Sonido y video,0,113.4546
2023-12-01,2023,12,Cundinamarca,14,"Ferreteria, vidrios y pinturas",0,114.1151
2023-12-01,2023,12,Cundinamarca,15,Otras mercancias de uso domestico,0,181.8084
2023-12-01,2023,12,Santander,4,Prendas de vestir y textiles,0,259.0569
2023-12-01,2023,12,Santander,8,Electrodomesticos y muebles,1,100.4836
2023-12-01,2023,12,Santander,9,Articulos y utensilios domesticos,0,208.6314
2023-12-01,2023,12,Santander,10,Aseo del hogar,0,128.1167
2023-12-01,2023,12,Santander,11,Informatica y telecomunicaciones,0,170.1428
2023-12-01,2023,12,Santander,12,Sonido y video,0,173.0655
2023-12-01,2023,12,Santander,14,"Ferreteria, vidrios y pinturas",0,92.1762
2023-12-01,2023,12,Santander,15,Otras mercancias de uso domestico,0,149.2998
2023-12-01,2023,12,Valle del Cauca,4,Prendas de vestir y textiles,0,253.1597
2023-12-01,2023,12,Valle del Cauca,8,Electrodomesticos y muebles,1,92.6452
2023-12-01,2023,12,Valle del Cauca,9,Articulos y utensilios domesticos,0,144.6574
2023-12-01,2023,12,Valle del Cauca,10,Aseo del hogar,0,120.4883
2023-12-01,2023,12,Valle del Cauca,11,Informatica y telecomunicaciones,0,195.8403
2023-12-01,2023,12,Valle del Cauca,12,Sonido y video,0,149.1632
2023-12-01,2023,12,Valle del Cauca,14,"Ferreteria, vidrios y pinturas",0,64.2590
2023-12-01,2023,12,Valle del Cauca,15,Otras mercancias de uso domestico,0,142.0859
2023-12-01,2023,12,Otros departamentos,4,Prendas de vestir y textiles,0,308.7234
2023-12-01,2023,12,Otros departamentos,8,Electrodomesticos y muebles,1,133.9171
2023-12-01,2023,12,Otros departamentos,9,Articulos y utensilios domesticos,0,211.1724
2023-12-01,2023,12,Otros departamentos,10,Aseo del hogar,0,145.3454
2023-12-01,2023,12,Otros departamentos,11,Informatica y telecomunicaciones,0,215.4578
2023-12-01,2023,12,Otros departamentos,12,Sonido y video,0,157.5237
2023-12-01,2023,12,Otros departamentos,14,"Ferreteria, vidrios y pinturas",0,110.4346
2023-12-01,2023,12,Otros departamentos,15,Otras mercancias de uso domestico,0,180.8145
2024-01-01,2024,1,Antioquia,4,Prendas de vestir y textiles,0,109.2435
2024-01-01,2024,1,Antioquia,8,Electrodomesticos y muebles,1,100.0021
2024-01-01,2024,1,Antioquia,9,Articulos y utensilios domesticos,0,161.5327
2024-01-01,2024,1,Antioquia,10,Aseo del hogar,0,134.0935
2024-01-01,2024,1,Antioquia,11,Informatica y telecomunicaciones,0,166.4980
2024-01-01,2024,1,Antioquia,12,Sonido y video,0,122.8601
2024-01-01,2024,1,Antioquia,14,"Ferreteria, vidrios y pinturas",0,85.3083
2024-01-01,2024,1,Antioquia,15,Otras mercancias de uso domestico,0,89.7064
2024-01-01,2024,1,Atlantico,4,Prendas de vestir y textiles,0,73.2928
2024-01-01,2024,1,Atlantico,8,Electrodomesticos y muebles,1,105.9543
2024-01-01,2024,1,Atlantico,9,Articulos y utensilios domesticos,0,120.2911
2024-01-01,2024,1,Atlantico,10,Aseo del hogar,0,103.5236
2024-01-01,2024,1,Atlantico,11,Informatica y telecomunicaciones,0,122.7094
2024-01-01,2024,1,Atlantico,12,Sonido y video,0,107.6451
2024-01-01,2024,1,Atlantico,14,"Ferreteria, vidrios y pinturas",0,81.3297
2024-01-01,2024,1,Atlantico,15,Otras mercancias de uso domestico,0,75.5227
2024-01-01,2024,1,Bogota,4,Prendas de vestir y textiles,0,84.6191
2024-01-01,2024,1,Bogota,8,Electrodomesticos y muebles,1,137.3842
2024-01-01,2024,1,Bogota,9,Articulos y utensilios domesticos,0,124.2273
2024-01-01,2024,1,Bogota,10,Aseo del hogar,0,100.9366
2024-01-01,2024,1,Bogota,11,Informatica y telecomunicaciones,0,139.5525
2024-01-01,2024,1,Bogota,12,Sonido y video,0,79.7593
2024-01-01,2024,1,Bogota,14,"Ferreteria, vidrios y pinturas",0,112.8862
2024-01-01,2024,1,Bogota,15,Otras mercancias de uso domestico,0,103.0472
2024-01-01,2024,1,Cundinamarca,4,Prendas de vestir y textiles,0,98.2032
2024-01-01,2024,1,Cundinamarca,8,Electrodomesticos y muebles,1,149.3425
2024-01-01,2024,1,Cundinamarca,9,Articulos y utensilios domesticos,0,141.4208
2024-01-01,2024,1,Cundinamarca,10,Aseo del hogar,0,151.0172
2024-01-01,2024,1,Cundinamarca,11,Informatica y telecomunicaciones,0,187.6422
2024-01-01,2024,1,Cundinamarca,12,Sonido y video,0,114.7216
2024-01-01,2024,1,Cundinamarca,14,"Ferreteria, vidrios y pinturas",0,110.3609
2024-01-01,2024,1,Cundinamarca,15,Otras mercancias de uso domestico,0,122.4044
2024-01-01,2024,1,Santander,4,Prendas de vestir y textiles,0,69.4141
2024-01-01,2024,1,Santander,8,Electrodomesticos y muebles,1,84.5914
2024-01-01,2024,1,Santander,9,Articulos y utensilios domesticos,0,125.8083
2024-01-01,2024,1,Santander,10,Aseo del hogar,0,133.0826
2024-01-01,2024,1,Santander,11,Informatica y telecomunicaciones,0,127.3216
2024-01-01,2024,1,Santander,12,Sonido y video,0,99.1618
2024-01-01,2024,1,Santander,14,"Ferreteria, vidrios y pinturas",0,92.0864
2024-01-01,2024,1,Santander,15,Otras mercancias de uso domestico,0,89.6415
2024-01-01,2024,1,Valle del Cauca,4,Prendas de vestir y textiles,0,73.7792
2024-01-01,2024,1,Valle del Cauca,8,Electrodomesticos y muebles,1,110.7590
2024-01-01,2024,1,Valle del Cauca,9,Articulos y utensilios domesticos,0,100.1840
2024-01-01,2024,1,Valle del Cauca,10,Aseo del hogar,0,110.6369
2024-01-01,2024,1,Valle del Cauca,11,Informatica y telecomunicaciones,0,138.1927
2024-01-01,2024,1,Valle del Cauca,12,Sonido y video,0,99.1410
2024-01-01,2024,1,Valle del Cauca,14,"Ferreteria, vidrios y pinturas",0,80.5822
2024-01-01,2024,1,Valle del Cauca,15,Otras mercancias de uso domestico,0,98.8500
2024-01-01,2024,1,Otros departamentos,4,Prendas de vestir y textiles,0,85.8707
2024-01-01,2024,1,Otros departamentos,8,Electrodomesticos y muebles,1,129.8878
2024-01-01,2024,1,Otros departamentos,9,Articulos y utensilios domesticos,0,141.0465
2024-01-01,2024,1,Otros departamentos,10,Aseo del hogar,0,139.5834
2024-01-01,2024,1,Otros departamentos,11,Informatica y telecomunicaciones,0,155.7871
2024-01-01,2024,1,Otros departamentos,12,Sonido y video,0,98.9275
2024-01-01,2024,1,Otros departamentos,14,"Ferreteria, vidrios y pinturas",0,111.4292
2024-01-01,2024,1,Otros departamentos,15,Otras mercancias de uso domestico,0,109.3798
2024-02-01,2024,2,Antioquia,4,Prendas de vestir y textiles,0,99.3428
2024-02-01,2024,2,Antioquia,8,Electrodomesticos y muebles,1,109.0684
2024-02-01,2024,2,Antioquia,9,Articulos y utensilios domesticos,0,142.2426
2024-02-01,2024,2,Antioquia,10,Aseo del hogar,0,105.8492
2024-02-01,2024,2,Antioquia,11,Informatica y telecomunicaciones,0,148.1104
2024-02-01,2024,2,Antioquia,12,Sonido y video,0,106.8545
2024-02-01,2024,2,Antioquia,14,"Ferreteria, vidrios y pinturas",0,80.1894
2024-02-01,2024,2,Antioquia,15,Otras mercancias de uso domestico,0,93.4980
2024-02-01,2024,2,Atlantico,4,Prendas de vestir y textiles,0,55.3382
2024-02-01,2024,2,Atlantico,8,Electrodomesticos y muebles,1,100.2147
2024-02-01,2024,2,Atlantico,9,Articulos y utensilios domesticos,0,109.6355
2024-02-01,2024,2,Atlantico,10,Aseo del hogar,0,126.6371
2024-02-01,2024,2,Atlantico,11,Informatica y telecomunicaciones,0,130.6612
2024-02-01,2024,2,Atlantico,12,Sonido y video,0,102.8870
2024-02-01,2024,2,Atlantico,14,"Ferreteria, vidrios y pinturas",0,85.1175
2024-02-01,2024,2,Atlantico,15,Otras mercancias de uso domestico,0,81.2379
2024-02-01,2024,2,Bogota,4,Prendas de vestir y textiles,0,80.3947
2024-02-01,2024,2,Bogota,8,Electrodomesticos y muebles,1,130.9007
2024-02-01,2024,2,Bogota,9,Articulos y utensilios domesticos,0,104.6601
2024-02-01,2024,2,Bogota,10,Aseo del hogar,0,114.3596
2024-02-01,2024,2,Bogota,11,Informatica y telecomunicaciones,0,159.7427
2024-02-01,2024,2,Bogota,12,Sonido y video,0,89.9300
2024-02-01,2024,2,Bogota,14,"Ferreteria, vidrios y pinturas",0,100.1128
2024-02-01,2024,2,Bogota,15,Otras mercancias de uso domestico,0,106.8203
2024-02-01,2024,2,Cundinamarca,4,Prendas de vestir y textiles,0,81.6348
2024-02-01,2024,2,Cundinamarca,8,Electrodomesticos y muebles,1,127.1347
2024-02-01,2024,2,Cundinamarca,9,Articulos y utensilios domesticos,0,130.3521
2024-02-01,2024,2,Cundinamarca,10,Aseo del hogar,0,184.7021
2024-02-01,2024,2,Cundinamarca,11,Informatica y telecomunicaciones,0,207.5513
2024-02-01,2024,2,Cundinamarca,12,Sonido y video,0,122.6591
2024-02-01,2024,2,Cundinamarca,14,"Ferreteria, vidrios y pinturas",0,96.9397
2024-02-01,2024,2,Cundinamarca,15,Otras mercancias de uso domestico,0,99.1989
2024-02-01,2024,2,Santander,4,Prendas de vestir y textiles,0,59.8096
2024-02-01,2024,2,Santander,8,Electrodomesticos y muebles,1,98.3442
2024-02-01,2024,2,Santander,9,Articulos y utensilios domesticos,0,121.3858
2024-02-01,2024,2,Santander,10,Aseo del hogar,0,129.1246
2024-02-01,2024,2,Santander,11,Informatica y telecomunicaciones,0,143.3216
2024-02-01,2024,2,Santander,12,Sonido y video,0,89.9902
2024-02-01,2024,2,Santander,14,"Ferreteria, vidrios y pinturas",0,92.2458
2024-02-01,2024,2,Santander,15,Otras mercancias de uso domestico,0,96.2546
2024-02-01,2024,2,Valle del Cauca,4,Prendas de vestir y textiles,0,53.8873
2024-02-01,2024,2,Valle del Cauca,8,Electrodomesticos y muebles,1,111.3503
2024-02-01,2024,2,Valle del Cauca,9,Articulos y utensilios domesticos,0,117.8703
2024-02-01,2024,2,Valle del Cauca,10,Aseo del hogar,0,113.0059
2024-02-01,2024,2,Valle del Cauca,11,Informatica y telecomunicaciones,0,140.1547
2024-02-01,2024,2,Valle del Cauca,12,Sonido y video,0,101.8916
2024-02-01,2024,2,Valle del Cauca,14,"Ferreteria, vidrios y pinturas",0,74.1706
2024-02-01,2024,2,Valle del Cauca,15,Otras mercancias de uso domestico,0,85.8987
2024-02-01,2024,2,Otros departamentos,4,Prendas de vestir y textiles,0,65.0747
2024-02-01,2024,2,Otros departamentos,8,Electrodomesticos y muebles,1,102.1155
2024-02-01,2024,2,Otros departamentos,9,Articulos y utensilios domesticos,0,129.5229
2024-02-01,2024,2,Otros departamentos,10,Aseo del hogar,0,121.8637
2024-02-01,2024,2,Otros departamentos,11,Informatica y telecomunicaciones,0,166.8009
2024-02-01,2024,2,Otros departamentos,12,Sonido y video,0,108.9423
2024-02-01,2024,2,Otros departamentos,14,"Ferreteria, vidrios y pinturas",0,127.0265
2024-02-01,2024,2,Otros departamentos,15,Otras mercancias de uso domestico,0,96.9650
2024-03-01,2024,3,Antioquia,4,Prendas de vestir y textiles,0,109.1076
2024-03-01,2024,3,Antioquia,8,Electrodomesticos y muebles,1,111.4838
2024-03-01,2024,3,Antioquia,9,Articulos y utensilios domesticos,0,149.5561
2024-03-01,2024,3,Antioquia,10,Aseo del hogar,0,101.5069
2024-03-01,2024,3,Antioquia,11,Informatica y telecomunicaciones,0,180.0601
2024-03-01,2024,3,Antioquia,12,Sonido y video,0,103.9215
2024-03-01,2024,3,Antioquia,14,"Ferreteria, vidrios y pinturas",0,90.2996
2024-03-01,2024,3,Antioquia,15,Otras mercancias de uso domestico,0,112.7106
2024-03-01,2024,3,Atlantico,4,Prendas de vestir y textiles,0,58.2653
2024-03-01,2024,3,Atlantico,8,Electrodomesticos y muebles,1,98.0308
2024-03-01,2024,3,Atlantico,9,Articulos y utensilios domesticos,0,155.1446
2024-03-01,2024,3,Atlantico,10,Aseo del hogar,0,151.2358
2024-03-01,2024,3,Atlantico,11,Informatica y telecomunicaciones,0,124.8167
2024-03-01,2024,3,Atlantico,12,Sonido y video,0,98.2228
2024-03-01,2024,3,Atlantico,14,"Ferreteria, vidrios y pinturas",0,76.4606
2024-03-01,2024,3,Atlantico,15,Otras mercancias de uso domestico,0,89.8993
2024-03-01,2024,3,Bogota,4,Prendas de vestir y textiles,0,100.6463
2024-03-01,2024,3,Bogota,8,Electrodomesticos y muebles,1,132.4576
2024-03-01,2024,3,Bogota,9,Articulos y utensilios domesticos,0,111.5991
2024-03-01,2024,3,Bogota,10,Aseo del hogar,0,140.0341
2024-03-01,2024,3,Bogota,11,Informatica y telecomunicaciones,0,160.5096
2024-03-01,2024,3,Bogota,12,Sonido y video,0,107.8370
2024-03-01,2024,3,Bogota,14,"Ferreteria, vidrios y pinturas",0,94.2394
2024-03-01,2024,3,Bogota,15,Otras mercancias de uso domestico,0,134.4333
2024-03-01,2024,3,Cundinamarca,4,Prendas de vestir y textiles,0,106.7519
2024-03-01,2024,3,Cundinamarca,8,Electrodomesticos y muebles,1,119.8991
2024-03-01,2024,3,Cundinamarca,9,Articulos y utensilios domesticos,0,162.2789
2024-03-01,2024,3,Cundinamarca,10,Aseo del hogar,0,182.7225
2024-03-01,2024,3,Cundinamarca,11,Informatica y telecomunicaciones,0,172.7680
2024-03-01,2024,3,Cundinamarca,12,Sonido y video,0,137.6077
2024-03-01,2024,3,Cundinamarca,14,"Ferreteria, vidrios y pinturas",0,117.3630
2024-03-01,2024,3,Cundinamarca,15,Otras mercancias de uso domestico,0,102.1793
2024-03-01,2024,3,Santander,4,Prendas de vestir y textiles,0,68.2130
2024-03-01,2024,3,Santander,8,Electrodomesticos y muebles,1,94.4146
2024-03-01,2024,3,Santander,9,Articulos y utensilios domesticos,0,137.7654
2024-03-01,2024,3,Santander,10,Aseo del hogar,0,119.4247
2024-03-01,2024,3,Santander,11,Informatica y telecomunicaciones,0,121.4439
2024-03-01,2024,3,Santander,12,Sonido y video,0,85.5890
2024-03-01,2024,3,Santander,14,"Ferreteria, vidrios y pinturas",0,92.2987
2024-03-01,2024,3,Santander,15,Otras mercancias de uso domestico,0,92.5249
2024-03-01,2024,3,Valle del Cauca,4,Prendas de vestir y textiles,0,60.7803
2024-03-01,2024,3,Valle del Cauca,8,Electrodomesticos y muebles,1,126.9235
2024-03-01,2024,3,Valle del Cauca,9,Articulos y utensilios domesticos,0,121.3010
2024-03-01,2024,3,Valle del Cauca,10,Aseo del hogar,0,125.8462
2024-03-01,2024,3,Valle del Cauca,11,Informatica y telecomunicaciones,0,154.7077
2024-03-01,2024,3,Valle del Cauca,12,Sonido y video,0,117.8880
2024-03-01,2024,3,Valle del Cauca,14,"Ferreteria, vidrios y pinturas",0,61.1860
2024-03-01,2024,3,Valle del Cauca,15,Otras mercancias de uso domestico,0,88.5738
2024-03-01,2024,3,Otros departamentos,4,Prendas de vestir y textiles,0,77.1814
2024-03-01,2024,3,Otros departamentos,8,Electrodomesticos y muebles,1,123.4311
2024-03-01,2024,3,Otros departamentos,9,Articulos y utensilios domesticos,0,133.5282
2024-03-01,2024,3,Otros departamentos,10,Aseo del hogar,0,125.9269
2024-03-01,2024,3,Otros departamentos,11,Informatica y telecomunicaciones,0,167.5493
2024-03-01,2024,3,Otros departamentos,12,Sonido y video,0,122.8542
2024-03-01,2024,3,Otros departamentos,14,"Ferreteria, vidrios y pinturas",0,108.6656
2024-03-01,2024,3,Otros departamentos,15,Otras mercancias de uso domestico,0,98.0052
2024-04-01,2024,4,Antioquia,4,Prendas de vestir y textiles,0,83.7459
2024-04-01,2024,4,Antioquia,8,Electrodomesticos y muebles,1,106.9953
2024-04-01,2024,4,Antioquia,9,Articulos y utensilios domesticos,0,131.9848
2024-04-01,2024,4,Antioquia,10,Aseo del hogar,0,98.8331
2024-04-01,2024,4,Antioquia,11,Informatica y telecomunicaciones,0,154.8528
2024-04-01,2024,4,Antioquia,12,Sonido y video,0,82.0157
2024-04-01,2024,4,Antioquia,14,"Ferreteria, vidrios y pinturas",0,115.0299
2024-04-01,2024,4,Antioquia,15,Otras mercancias de uso domestico,0,96.5781
2024-04-01,2024,4,Atlantico,4,Prendas de vestir y textiles,0,60.8198
2024-04-01,2024,4,Atlantico,8,Electrodomesticos y muebles,1,86.9583
2024-04-01,2024,4,Atlantico,9,Articulos y utensilios domesticos,0,106.8462
2024-04-01,2024,4,Atlantico,10,Aseo del hogar,0,98.5472
2024-04-01,2024,4,Atlantico,11,Informatica y telecomunicaciones,0,89.1530
2024-04-01,2024,4,Atlantico,12,Sonido y video,0,89.9336
2024-04-01,2024,4,Atlantico,14,"Ferreteria, vidrios y pinturas",0,77.3874
2024-04-01,2024,4,Atlantico,15,Otras mercancias de uso domestico,0,75.8837
2024-04-01,2024,4,Bogota,4,Prendas de vestir y textiles,0,74.7410
2024-04-01,2024,4,Bogota,8,Electrodomesticos y muebles,1,106.6047
2024-04-01,2024,4,Bogota,9,Articulos y utensilios domesticos,0,109.4506
2024-04-01,2024,4,Bogota,10,Aseo del hogar,0,148.6371
2024-04-01,2024,4,Bogota,11,Informatica y telecomunicaciones,0,137.0661
2024-04-01,2024,4,Bogota,12,Sonido y video,0,100.9752
2024-04-01,2024,4,Bogota,14,"Ferreteria, vidrios y pinturas",0,100.0876
2024-04-01,2024,4,Bogota,15,Otras mercancias de uso domestico,0,105.2947
2024-04-01,2024,4,Cundinamarca,4,Prendas de vestir y textiles,0,110.5621
2024-04-01,2024,4,Cundinamarca,8,Electrodomesticos y muebles,1,108.8371
2024-04-01,2024,4,Cundinamarca,9,Articulos y utensilios domesticos,0,144.3696
2024-04-01,2024,4,Cundinamarca,10,Aseo del hogar,0,156.5784
2024-04-01,2024,4,Cundinamarca,11,Informatica y telecomunicaciones,0,157.7770
2024-04-01,2024,4,Cundinamarca,12,Sonido y video,0,130.0226
2024-04-01,2024,4,Cundinamarca,14,"Ferreteria, vidrios y pinturas",0,119.3217
2024-04-01,2024,4,Cundinamarca,15,Otras mercancias de uso domestico,0,92.6077
2024-04-01,2024,4,Santander,4,Prendas de vestir y textiles,0,77.6130
2024-04-01,2024,4,Santander,8,Electrodomesticos y muebles,1,108.5877
2024-04-01,2024,4,Santander,9,Articulos y utensilios domesticos,0,125.7267
2024-04-01,2024,4,Santander,10,Aseo del hogar,0,75.0692
2024-04-01,2024,4,Santander,11,Informatica y telecomunicaciones,0,129.1845
2024-04-01,2024,4,Santander,12,Sonido y video,0,83.6123
2024-04-01,2024,4,Santander,14,"Ferreteria, vidrios y pinturas",0,96.3416
2024-04-01,2024,4,Santander,15,Otras mercancias de uso domestico,0,90.5851
2024-04-01,2024,4,Valle del Cauca,4,Prendas de vestir y textiles,0,59.5203
2024-04-01,2024,4,Valle del Cauca,8,Electrodomesticos y muebles,1,112.8239
2024-04-01,2024,4,Valle del Cauca,9,Articulos y utensilios domesticos,0,92.2997
2024-04-01,2024,4,Valle del Cauca,10,Aseo del hogar,0,125.2292
2024-04-01,2024,4,Valle del Cauca,11,Informatica y telecomunicaciones,0,142.8639
2024-04-01,2024,4,Valle del Cauca,12,Sonido y video,0,96.8176
2024-04-01,2024,4,Valle del Cauca,14,"Ferreteria, vidrios y pinturas",0,73.4330
2024-04-01,2024,4,Valle del Cauca,15,Otras mercancias de uso domestico,0,86.2468
2024-04-01,2024,4,Otros departamentos,4,Prendas de vestir y textiles,0,81.7292
2024-04-01,2024,4,Otros departamentos,8,Electrodomesticos y muebles,1,112.3329
2024-04-01,2024,4,Otros departamentos,9,Articulos y utensilios domesticos,0,122.5015
2024-04-01,2024,4,Otros departamentos,10,Aseo del hogar,0,119.9915
2024-04-01,2024,4,Otros departamentos,11,Informatica y telecomunicaciones,0,185.4318
2024-04-01,2024,4,Otros departamentos,12,Sonido y video,0,115.5760
2024-04-01,2024,4,Otros departamentos,14,"Ferreteria, vidrios y pinturas",0,101.4107
2024-04-01,2024,4,Otros departamentos,15,Otras mercancias de uso domestico,0,113.8135
2024-05-01,2024,5,Antioquia,4,Prendas de vestir y textiles,0,89.9769
2024-05-01,2024,5,Antioquia,8,Electrodomesticos y muebles,1,118.2578
2024-05-01,2024,5,Antioquia,9,Articulos y utensilios domesticos,0,128.4528
2024-05-01,2024,5,Antioquia,10,Aseo del hogar,0,125.3393
2024-05-01,2024,5,Antioquia,11,Informatica y telecomunicaciones,0,177.2832
2024-05-01,2024,5,Antioquia,12,Sonido y video,0,92.1033
2024-05-01,2024,5,Antioquia,14,"Ferreteria, vidrios y pinturas",0,99.5821
2024-05-01,2024,5,Antioquia,15,Otras mercancias de uso domestico,0,103.4686
2024-05-01,2024,5,Atlantico,4,Prendas de vestir y textiles,0,78.9926
2024-05-01,2024,5,Atlantico,8,Electrodomesticos y muebles,1,83.3378
2024-05-01,2024,5,Atlantico,9,Articulos y utensilios domesticos,0,99.2842
2024-05-01,2024,5,Atlantico,10,Aseo del hogar,0,93.3672
2024-05-01,2024,5,Atlantico,11,Informatica y telecomunicaciones,0,113.9528
2024-05-01,2024,5,Atlantico,12,Sonido y video,0,84.1044
2024-05-01,2024,5,Atlantico,14,"Ferreteria, vidrios y pinturas",0,59.9392
2024-05-01,2024,5,Atlantico,15,Otras mercancias de uso domestico,0,87.8894
2024-05-01,2024,5,Bogota,4,Prendas de vestir y textiles,0,110.8068
2024-05-01,2024,5,Bogota,8,Electrodomesticos y muebles,1,119.4489
2024-05-01,2024,5,Bogota,9,Articulos y utensilios domesticos,0,131.0428
2024-05-01,2024,5,Bogota,10,Aseo del hogar,0,155.4377
2024-05-01,2024,5,Bogota,11,Informatica y telecomunicaciones,0,178.4848
2024-05-01,2024,5,Bogota,12,Sonido y video,0,150.1305
2024-05-01,2024,5,Bogota,14,"Ferreteria, vidrios y pinturas",0,130.3517
2024-05-01,2024,5,Bogota,15,Otras mercancias de uso domestico,0,98.0110
2024-05-01,2024,5,Cundinamarca,4,Prendas de vestir y textiles,0,113.1375
2024-05-01,2024,5,Cundinamarca,8,Electrodomesticos y muebles,1,120.0995
2024-05-01,2024,5,Cundinamarca,9,Articulos y utensilios domesticos,0,165.0903
2024-05-01,2024,5,Cundinamarca,10,Aseo del hogar,0,144.8542
2024-05-01,2024,5,Cundinamarca,11,Informatica y telecomunicaciones,0,201.9703
2024-05-01,2024,5,Cundinamarca,12,Sonido y video,0,137.8418
2024-05-01,2024,5,Cundinamarca,14,"Ferreteria, vidrios y pinturas",0,104.6658
2024-05-01,2024,5,Cundinamarca,15,Otras mercancias de uso domestico,0,110.4029
2024-05-01,2024,5,Santander,4,Prendas de vestir y textiles,0,99.3842
2024-05-01,2024,5,Santander,8,Electrodomesticos y muebles,1,115.6361
2024-05-01,2024,5,Santander,9,Articulos y utensilios domesticos,0,120.9626
2024-05-01,2024,5,Santander,10,Aseo del hogar,0,80.4382
2024-05-01,2024,5,Santander,11,Informatica y telecomunicaciones,0,155.9127
2024-05-01,2024,5,Santander,12,Sonido y video,0,94.0321
2024-05-01,2024,5,Santander,14,"Ferreteria, vidrios y pinturas",0,98.0755
2024-05-01,2024,5,Santander,15,Otras mercancias de uso domestico,0,92.4556
2024-05-01,2024,5,Valle del Cauca,4,Prendas de vestir y textiles,0,77.1362
2024-05-01,2024,5,Valle del Cauca,8,Electrodomesticos y muebles,1,112.2311
2024-05-01,2024,5,Valle del Cauca,9,Articulos y utensilios domesticos,0,110.5979
2024-05-01,2024,5,Valle del Cauca,10,Aseo del hogar,0,103.3190
2024-05-01,2024,5,Valle del Cauca,11,Informatica y telecomunicaciones,0,180.0640
2024-05-01,2024,5,Valle del Cauca,12,Sonido y video,0,128.4682
2024-05-01,2024,5,Valle del Cauca,14,"Ferreteria, vidrios y pinturas",0,69.7265
2024-05-01,2024,5,Valle del Cauca,15,Otras mercancias de uso domestico,0,115.6750
2024-05-01,2024,5,Otros departamentos,4,Prendas de vestir y textiles,0,84.5417
2024-05-01,2024,5,Otros departamentos,8,Electrodomesticos y muebles,1,125.1051
2024-05-01,2024,5,Otros departamentos,9,Articulos y utensilios domesticos,0,118.5664
2024-05-01,2024,5,Otros departamentos,10,Aseo del hogar,0,125.7920
2024-05-01,2024,5,Otros departamentos,11,Informatica y telecomunicaciones,0,170.8966
2024-05-01,2024,5,Otros departamentos,12,Sonido y video,0,119.7733
2024-05-01,2024,5,Otros departamentos,14,"Ferreteria, vidrios y pinturas",0,85.6513
2024-05-01,2024,5,Otros departamentos,15,Otras mercancias de uso domestico,0,118.0663
2024-06-01,2024,6,Antioquia,4,Prendas de vestir y textiles,0,120.4264
2024-06-01,2024,6,Antioquia,8,Electrodomesticos y muebles,1,114.2388
2024-06-01,2024,6,Antioquia,9,Articulos y utensilios domesticos,0,161.7221
2024-06-01,2024,6,Antioquia,10,Aseo del hogar,0,129.0017
2024-06-01,2024,6,Antioquia,11,Informatica y telecomunicaciones,0,182.6203
2024-06-01,2024,6,Antioquia,12,Sonido y video,0,104.6737
2024-06-01,2024,6,Antioquia,14,"Ferreteria, vidrios y pinturas",0,92.3056
2024-06-01,2024,6,Antioquia,15,Otras mercancias de uso domestico,0,108.9518
2024-06-01,2024,6,Atlantico,4,Prendas de vestir y textiles,0,101.9357
2024-06-01,2024,6,Atlantico,8,Electrodomesticos y muebles,1,90.0727
2024-06-01,2024,6,Atlantico,9,Articulos y utensilios domesticos,0,84.4801
2024-06-01,2024,6,Atlantico,10,Aseo del hogar,0,92.6491
2024-06-01,2024,6,Atlantico,11,Informatica y telecomunicaciones,0,101.8584
2024-06-01,2024,6,Atlantico,12,Sonido y video,0,122.0418
2024-06-01,2024,6,Atlantico,14,"Ferreteria, vidrios y pinturas",0,71.9409
2024-06-01,2024,6,Atlantico,15,Otras mercancias de uso domestico,0,95.5185
2024-06-01,2024,6,Bogota,4,Prendas de vestir y textiles,0,109.5187
2024-06-01,2024,6,Bogota,8,Electrodomesticos y muebles,1,128.7029
2024-06-01,2024,6,Bogota,9,Articulos y utensilios domesticos,0,120.1076
2024-06-01,2024,6,Bogota,10,Aseo del hogar,0,164.7043
2024-06-01,2024,6,Bogota,11,Informatica y telecomunicaciones,0,167.7598
2024-06-01,2024,6,Bogota,12,Sonido y video,0,166.0007
2024-06-01,2024,6,Bogota,14,"Ferreteria, vidrios y pinturas",0,119.7355
2024-06-01,2024,6,Bogota,15,Otras mercancias de uso domestico,0,115.8432
2024-06-01,2024,6,Cundinamarca,4,Prendas de vestir y textiles,0,128.4671
2024-06-01,2024,6,Cundinamarca,8,Electrodomesticos y muebles,1,108.3998
2024-06-01,2024,6,Cundinamarca,9,Articulos y utensilios domesticos,0,171.8564
2024-06-01,2024,6,Cundinamarca,10,Aseo del hogar,0,174.0465
2024-06-01,2024,6,Cundinamarca,11,Informatica y telecomunicaciones,0,186.7279
2024-06-01,2024,6,Cundinamarca,12,Sonido y video,0,179.4951
2024-06-01,2024,6,Cundinamarca,14,"Ferreteria, vidrios y pinturas",0,103.4542
2024-06-01,2024,6,Cundinamarca,15,Otras mercancias de uso domestico,0,140.3394
2024-06-01,2024,6,Santander,4,Prendas de vestir y textiles,0,105.5278
2024-06-01,2024,6,Santander,8,Electrodomesticos y muebles,1,100.3313
2024-06-01,2024,6,Santander,9,Articulos y utensilios domesticos,0,135.2954
2024-06-01,2024,6,Santander,10,Aseo del hogar,0,86.1143
2024-06-01,2024,6,Santander,11,Informatica y telecomunicaciones,0,147.8800
2024-06-01,2024,6,Santander,12,Sonido y video,0,119.6049
2024-06-01,2024,6,Santander,14,"Ferreteria, vidrios y pinturas",0,89.2060
2024-06-01,2024,6,Santander,15,Otras mercancias de uso domestico,0,108.7250
2024-06-01,2024,6,Valle del Cauca,4,Prendas de vestir y textiles,0,78.9645
2024-06-01,2024,6,Valle del Cauca,8,Electrodomesticos y muebles,1,110.5899
2024-06-01,2024,6,Valle del Cauca,9,Articulos y utensilios domesticos,0,111.8261
2024-06-01,2024,6,Valle del Cauca,10,Aseo del hogar,0,105.0310
2024-06-01,2024,6,Valle del Cauca,11,Informatica y telecomunicaciones,0,169.8985
2024-06-01,2024,6,Valle del Cauca,12,Sonido y video,0,144.7931
2024-06-01,2024,6,Valle del Cauca,14,"Ferreteria, vidrios y pinturas",0,76.7913
2024-06-01,2024,6,Valle del Cauca,15,Otras mercancias de uso domestico,0,133.6630
2024-06-01,2024,6,Otros departamentos,4,Prendas de vestir y textiles,0,109.5323
2024-06-01,2024,6,Otros departamentos,8,Electrodomesticos y muebles,1,125.3170
2024-06-01,2024,6,Otros departamentos,9,Articulos y utensilios domesticos,0,118.4082
2024-06-01,2024,6,Otros departamentos,10,Aseo del hogar,0,114.5124
2024-06-01,2024,6,Otros departamentos,11,Informatica y telecomunicaciones,0,154.3167
2024-06-01,2024,6,Otros departamentos,12,Sonido y video,0,160.5540
2024-06-01,2024,6,Otros departamentos,14,"Ferreteria, vidrios y pinturas",0,88.9960
2024-06-01,2024,6,Otros departamentos,15,Otras mercancias de uso domestico,0,86.0450
2024-07-01,2024,7,Antioquia,4,Prendas de vestir y textiles,0,113.0685
2024-07-01,2024,7,Antioquia,8,Electrodomesticos y muebles,1,129.4219
2024-07-01,2024,7,Antioquia,9,Articulos y utensilios domesticos,0,143.5252
2024-07-01,2024,7,Antioquia,10,Aseo del hogar,0,144.1177
2024-07-01,2024,7,Antioquia,11,Informatica y telecomunicaciones,0,186.2099
2024-07-01,2024,7,Antioquia,12,Sonido y video,0,110.7477
2024-07-01,2024,7,Antioquia,14,"Ferreteria, vidrios y pinturas",0,117.8510
2024-07-01,2024,7,Antioquia,15,Otras mercancias de uso domestico,0,99.5714
2024-07-01,2024,7,Atlantico,4,Prendas de vestir y textiles,0,85.9238
2024-07-01,2024,7,Atlantico,8,Electrodomesticos y muebles,1,92.6839
2024-07-01,2024,7,Atlantico,9,Articulos y utensilios domesticos,0,85.1402
2024-07-01,2024,7,Atlantico,10,Aseo del hogar,0,101.7742
2024-07-01,2024,7,Atlantico,11,Informatica y telecomunicaciones,0,130.2525
2024-07-01,2024,7,Atlantico,12,Sonido y video,0,137.3246
2024-07-01,2024,7,Atlantico,14,"Ferreteria, vidrios y pinturas",0,88.6624
2024-07-01,2024,7,Atlantico,15,Otras mercancias de uso domestico,0,81.3931
2024-07-01,2024,7,Bogota,4,Prendas de vestir y textiles,0,85.1672
2024-07-01,2024,7,Bogota,8,Electrodomesticos y muebles,1,128.7698
2024-07-01,2024,7,Bogota,9,Articulos y utensilios domesticos,0,123.8160
2024-07-01,2024,7,Bogota,10,Aseo del hogar,0,143.4018
2024-07-01,2024,7,Bogota,11,Informatica y telecomunicaciones,0,202.7164
2024-07-01,2024,7,Bogota,12,Sonido y video,0,159.0561
2024-07-01,2024,7,Bogota,14,"Ferreteria, vidrios y pinturas",0,128.0907
2024-07-01,2024,7,Bogota,15,Otras mercancias de uso domestico,0,131.0065
2024-07-01,2024,7,Cundinamarca,4,Prendas de vestir y textiles,0,115.9967
2024-07-01,2024,7,Cundinamarca,8,Electrodomesticos y muebles,1,160.0925
2024-07-01,2024,7,Cundinamarca,9,Articulos y utensilios domesticos,0,149.6150
2024-07-01,2024,7,Cundinamarca,10,Aseo del hogar,0,156.9718
2024-07-01,2024,7,Cundinamarca,11,Informatica y telecomunicaciones,0,172.1587
2024-07-01,2024,7,Cundinamarca,12,Sonido y video,0,207.7224
2024-07-01,2024,7,Cundinamarca,14,"Ferreteria, vidrios y pinturas",0,129.1011
2024-07-01,2024,7,Cundinamarca,15,Otras mercancias de uso domestico,0,134.2299
2024-07-01,2024,7,Santander,4,Prendas de vestir y textiles,0,83.3558
2024-07-01,2024,7,Santander,8,Electrodomesticos y muebles,1,119.9452
2024-07-01,2024,7,Santander,9,Articulos y utensilios domesticos,0,132.0387
2024-07-01,2024,7,Santander,10,Aseo del hogar,0,112.9254
2024-07-01,2024,7,Santander,11,Informatica y telecomunicaciones,0,145.9697
2024-07-01,2024,7,Santander,12,Sonido y video,0,129.8588
2024-07-01,2024,7,Santander,14,"Ferreteria, vidrios y pinturas",0,99.7462
2024-07-01,2024,7,Santander,15,Otras mercancias de uso domestico,0,101.6187
2024-07-01,2024,7,Valle del Cauca,4,Prendas de vestir y textiles,0,76.0753
2024-07-01,2024,7,Valle del Cauca,8,Electrodomesticos y muebles,1,98.1000
2024-07-01,2024,7,Valle del Cauca,9,Articulos y utensilios domesticos,0,120.3370
2024-07-01,2024,7,Valle del Cauca,10,Aseo del hogar,0,119.8331
2024-07-01,2024,7,Valle del Cauca,11,Informatica y telecomunicaciones,0,178.3324
2024-07-01,2024,7,Valle del Cauca,12,Sonido y video,0,149.1532
2024-07-01,2024,7,Valle del Cauca,14,"Ferreteria, vidrios y pinturas",0,87.8732
2024-07-01,2024,7,Valle del Cauca,15,Otras mercancias de uso domestico,0,145.3549
2024-07-01,2024,7,Otros departamentos,4,Prendas de vestir y textiles,0,108.7355
2024-07-01,2024,7,Otros departamentos,8,Electrodomesticos y muebles,1,145.7140
2024-07-01,2024,7,Otros departamentos,9,Articulos y utensilios domesticos,0,145.0719
2024-07-01,2024,7,Otros departamentos,10,Aseo del hogar,0,121.3642
2024-07-01,2024,7,Otros departamentos,11,Informatica y telecomunicaciones,0,166.7285
2024-07-01,2024,7,Otros departamentos,12,Sonido y video,0,169.2326
2024-07-01,2024,7,Otros departamentos,14,"Ferreteria, vidrios y pinturas",0,91.0391
2024-07-01,2024,7,Otros departamentos,15,Otras mercancias de uso domestico,0,89.0652
2024-08-01,2024,8,Antioquia,4,Prendas de vestir y textiles,0,86.5885
2024-08-01,2024,8,Antioquia,8,Electrodomesticos y muebles,1,142.4793
2024-08-01,2024,8,Antioquia,9,Articulos y utensilios domesticos,0,130.8292
2024-08-01,2024,8,Antioquia,10,Aseo del hogar,0,117.3008
2024-08-01,2024,8,Antioquia,11,Informatica y telecomunicaciones,0,228.6062
2024-08-01,2024,8,Antioquia,12,Sonido y video,0,119.0842
2024-08-01,2024,8,Antioquia,14,"Ferreteria, vidrios y pinturas",0,126.1765
2024-08-01,2024,8,Antioquia,15,Otras mercancias de uso domestico,0,128.8007
2024-08-01,2024,8,Atlantico,4,Prendas de vestir y textiles,0,82.0539
2024-08-01,2024,8,Atlantico,8,Electrodomesticos y muebles,1,102.1038
2024-08-01,2024,8,Atlantico,9,Articulos y utensilios domesticos,0,98.5753
2024-08-01,2024,8,Atlantico,10,Aseo del hogar,0,102.9893
2024-08-01,2024,8,Atlantico,11,Informatica y telecomunicaciones,0,164.9075
2024-08-01,2024,8,Atlantico,12,Sonido y video,0,116.4608
2024-08-01,2024,8,Atlantico,14,"Ferreteria, vidrios y pinturas",0,83.4318
2024-08-01,2024,8,Atlantico,15,Otras mercancias de uso domestico,0,84.5892
2024-08-01,2024,8,Bogota,4,Prendas de vestir y textiles,0,96.0997
2024-08-01,2024,8,Bogota,8,Electrodomesticos y muebles,1,160.1398
2024-08-01,2024,8,Bogota,9,Articulos y utensilios domesticos,0,158.4249
2024-08-01,2024,8,Bogota,10,Aseo del hogar,0,153.9590
2024-08-01,2024,8,Bogota,11,Informatica y telecomunicaciones,0,261.6600
2024-08-01,2024,8,Bogota,12,Sonido y video,0,153.0280
2024-08-01,2024,8,Bogota,14,"Ferreteria, vidrios y pinturas",0,111.3096
2024-08-01,2024,8,Bogota,15,Otras mercancias de uso domestico,0,122.7025
2024-08-01,2024,8,Cundinamarca,4,Prendas de vestir y textiles,0,97.3036
2024-08-01,2024,8,Cundinamarca,8,Electrodomesticos y muebles,1,130.4113
2024-08-01,2024,8,Cundinamarca,9,Articulos y utensilios domesticos,0,130.0054
2024-08-01,2024,8,Cundinamarca,10,Aseo del hogar,0,176.0778
2024-08-01,2024,8,Cundinamarca,11,Informatica y telecomunicaciones,0,231.9938
2024-08-01,2024,8,Cundinamarca,12,Sonido y video,0,175.3824
2024-08-01,2024,8,Cundinamarca,14,"Ferreteria, vidrios y pinturas",0,127.7224
2024-08-01,2024,8,Cundinamarca,15,Otras mercancias de uso domestico,0,106.0546
2024-08-01,2024,8,Santander,4,Prendas de vestir y textiles,0,83.5638
2024-08-01,2024,8,Santander,8,Electrodomesticos y muebles,1,154.5589
2024-08-01,2024,8,Santander,9,Articulos y utensilios domesticos,0,125.0626
2024-08-01,2024,8,Santander,10,Aseo del hogar,0,96.1899
2024-08-01,2024,8,Santander,11,Informatica y telecomunicaciones,0,183.1370
2024-08-01,2024,8,Santander,12,Sonido y video,0,148.5968
2024-08-01,2024,8,Santander,14,"Ferreteria, vidrios y pinturas",0,101.9470
2024-08-01,2024,8,Santander,15,Otras mercancias de uso domestico,0,89.7050
2024-08-01,2024,8,Valle del Cauca,4,Prendas de vestir y textiles,0,94.7506
2024-08-01,2024,8,Valle del Cauca,8,Electrodomesticos y muebles,1,101.5216
2024-08-01,2024,8,Valle del Cauca,9,Articulos y utensilios domesticos,0,112.6230
2024-08-01,2024,8,Valle del Cauca,10,Aseo del hogar,0,103.7441
2024-08-01,2024,8,Valle del Cauca,11,Informatica y telecomunicaciones,0,186.6565
2024-08-01,2024,8,Valle del Cauca,12,Sonido y video,0,130.0430
2024-08-01,2024,8,Valle del Cauca,14,"Ferreteria, vidrios y pinturas",0,94.7512
2024-08-01,2024,8,Valle del Cauca,15,Otras mercancias de uso domestico,0,142.1093
2024-08-01,2024,8,Otros departamentos,4,Prendas de vestir y textiles,0,93.5874
2024-08-01,2024,8,Otros departamentos,8,Electrodomesticos y muebles,1,140.1527
2024-08-01,2024,8,Otros departamentos,9,Articulos y utensilios domesticos,0,144.1673
2024-08-01,2024,8,Otros departamentos,10,Aseo del hogar,0,130.3191
2024-08-01,2024,8,Otros departamentos,11,Informatica y telecomunicaciones,0,217.3196
2024-08-01,2024,8,Otros departamentos,12,Sonido y video,0,160.6248
2024-08-01,2024,8,Otros departamentos,14,"Ferreteria, vidrios y pinturas",0,95.0450
2024-08-01,2024,8,Otros departamentos,15,Otras mercancias de uso domestico,0,99.3280
2024-09-01,2024,9,Antioquia,4,Prendas de vestir y textiles,0,91.3183
2024-09-01,2024,9,Antioquia,8,Electrodomesticos y muebles,1,135.1560
2024-09-01,2024,9,Antioquia,9,Articulos y utensilios domesticos,0,151.5817
2024-09-01,2024,9,Antioquia,10,Aseo del hogar,0,121.6761
2024-09-01,2024,9,Antioquia,11,Informatica y telecomunicaciones,0,193.8705
2024-09-01,2024,9,Antioquia,12,Sonido y video,0,107.0099
2024-09-01,2024,9,Antioquia,14,"Ferreteria, vidrios y pinturas",0,105.4683
2024-09-01,2024,9,Antioquia,15,Otras mercancias de uso domestico,0,130.7586
2024-09-01,2024,9,Atlantico,4,Prendas de vestir y textiles,0,85.8634
2024-09-01,2024,9,Atlantico,8,Electrodomesticos y muebles,1,86.2610
2024-09-01,2024,9,Atlantico,9,Articulos y utensilios domesticos,0,101.4173
2024-09-01,2024,9,Atlantico,10,Aseo del hogar,0,100.7347
2024-09-01,2024,9,Atlantico,11,Informatica y telecomunicaciones,0,131.2265
2024-09-01,2024,9,Atlantico,12,Sonido y video,0,97.0687
2024-09-01,2024,9,Atlantico,14,"Ferreteria, vidrios y pinturas",0,82.2034
2024-09-01,2024,9,Atlantico,15,Otras mercancias de uso domestico,0,94.3781
2024-09-01,2024,9,Bogota,4,Prendas de vestir y textiles,0,114.9326
2024-09-01,2024,9,Bogota,8,Electrodomesticos y muebles,1,136.4509
2024-09-01,2024,9,Bogota,9,Articulos y utensilios domesticos,0,136.6184
2024-09-01,2024,9,Bogota,10,Aseo del hogar,0,149.6228
2024-09-01,2024,9,Bogota,11,Informatica y telecomunicaciones,0,232.4733
2024-09-01,2024,9,Bogota,12,Sonido y video,0,135.5291
2024-09-01,2024,9,Bogota,14,"Ferreteria, vidrios y pinturas",0,115.0137
2024-09-01,2024,9,Bogota,15,Otras mercancias de uso domestico,0,123.6363
2024-09-01,2024,9,Cundinamarca,4,Prendas de vestir y textiles,0,122.0634
2024-09-01,2024,9,Cundinamarca,8,Electrodomesticos y muebles,1,117.8628
2024-09-01,2024,9,Cundinamarca,9,Articulos y utensilios domesticos,0,170.8969
2024-09-01,2024,9,Cundinamarca,10,Aseo del hogar,0,181.8852
2024-09-01,2024,9,Cundinamarca,11,Informatica y telecomunicaciones,0,191.9180
2024-09-01,2024,9,Cundinamarca,12,Sonido y video,0,147.7446
2024-09-01,2024,9,Cundinamarca,14,"Ferreteria, vidrios y pinturas",0,135.9282
2024-09-01,2024,9,Cundinamarca,15,Otras mercancias de uso domestico,0,114.2627
2024-09-01,2024,9,Santander,4,Prendas de vestir y textiles,0,76.2252
2024-09-01,2024,9,Santander,8,Electrodomesticos y muebles,1,111.4044
2024-09-01,2024,9,Santander,9,Articulos y utensilios domesticos,0,121.0222
2024-09-01,2024,9,Santander,10,Aseo del hogar,0,86.3516
2024-09-01,2024,9,Santander,11,Informatica y telecomunicaciones,0,142.7879
2024-09-01,2024,9,Santander,12,Sonido y video,0,123.0098
2024-09-01,2024,9,Santander,14,"Ferreteria, vidrios y pinturas",0,94.9196
2024-09-01,2024,9,Santander,15,Otras mercancias de uso domestico,0,88.3820
2024-09-01,2024,9,Valle del Cauca,4,Prendas de vestir y textiles,0,88.8968
2024-09-01,2024,9,Valle del Cauca,8,Electrodomesticos y muebles,1,80.6759
2024-09-01,2024,9,Valle del Cauca,9,Articulos y utensilios domesticos,0,110.1097
2024-09-01,2024,9,Valle del Cauca,10,Aseo del hogar,0,97.1976
2024-09-01,2024,9,Valle del Cauca,11,Informatica y telecomunicaciones,0,154.8030
2024-09-01,2024,9,Valle del Cauca,12,Sonido y video,0,108.5091
2024-09-01,2024,9,Valle del Cauca,14,"Ferreteria, vidrios y pinturas",0,88.2280
2024-09-01,2024,9,Valle del Cauca,15,Otras mercancias de uso domestico,0,113.4254
2024-09-01,2024,9,Otros departamentos,4,Prendas de vestir y textiles,0,78.0390
2024-09-01,2024,9,Otros departamentos,8,Electrodomesticos y muebles,1,122.4482
2024-09-01,2024,9,Otros departamentos,9,Articulos y utensilios domesticos,0,126.4769
2024-09-01,2024,9,Otros departamentos,10,Aseo del hogar,0,118.6582
2024-09-01,2024,9,Otros departamentos,11,Informatica y telecomunicaciones,0,166.3070
2024-09-01,2024,9,Otros departamentos,12,Sonido y video,0,122.9052
2024-09-01,2024,9,Otros departamentos,14,"Ferreteria, vidrios y pinturas",0,98.5964
2024-09-01,2024,9,Otros departamentos,15,Otras mercancias de uso domestico,0,102.7490
2024-10-01,2024,10,Antioquia,4,Prendas de vestir y textiles,0,121.7244
2024-10-01,2024,10,Antioquia,8,Electrodomesticos y muebles,1,147.5497
2024-10-01,2024,10,Antioquia,9,Articulos y utensilios domesticos,0,163.5287
2024-10-01,2024,10,Antioquia,10,Aseo del hogar,0,138.5349
2024-10-01,2024,10,Antioquia,11,Informatica y telecomunicaciones,0,209.2546
2024-10-01,2024,10,Antioquia,12,Sonido y video,0,130.2423
2024-10-01,2024,10,Antioquia,14,"Ferreteria, vidrios y pinturas",0,124.4602
2024-10-01,2024,10,Antioquia,15,Otras mercancias de uso domestico,0,133.6957
2024-10-01,2024,10,Atlantico,4,Prendas de vestir y textiles,0,87.9782
2024-10-01,2024,10,Atlantico,8,Electrodomesticos y muebles,1,105.1499
2024-10-01,2024,10,Atlantico,9,Articulos y utensilios domesticos,0,119.0296
2024-10-01,2024,10,Atlantico,10,Aseo del hogar,0,97.7933
2024-10-01,2024,10,Atlantico,11,Informatica y telecomunicaciones,0,122.3776
2024-10-01,2024,10,Atlantico,12,Sonido y video,0,85.6526
2024-10-01,2024,10,Atlantico,14,"Ferreteria, vidrios y pinturas",0,103.1082
2024-10-01,2024,10,Atlantico,15,Otras mercancias de uso domestico,0,110.5694
2024-10-01,2024,10,Bogota,4,Prendas de vestir y textiles,0,109.3148
2024-10-01,2024,10,Bogota,8,Electrodomesticos y muebles,1,140.9650
2024-10-01,2024,10,Bogota,9,Articulos y utensilios domesticos,0,138.7683
2024-10-01,2024,10,Bogota,10,Aseo del hogar,0,138.3141
2024-10-01,2024,10,Bogota,11,Informatica y telecomunicaciones,0,207.5064
2024-10-01,2024,10,Bogota,12,Sonido y video,0,127.1100
2024-10-01,2024,10,Bogota,14,"Ferreteria, vidrios y pinturas",0,90.7228
2024-10-01,2024,10,Bogota,15,Otras mercancias de uso domestico,0,118.4844
2024-10-01,2024,10,Cundinamarca,4,Prendas de vestir y textiles,0,150.1440
2024-10-01,2024,10,Cundinamarca,8,Electrodomesticos y muebles,1,125.9587
2024-10-01,2024,10,Cundinamarca,9,Articulos y utensilios domesticos,0,207.5977
2024-10-01,2024,10,Cundinamarca,10,Aseo del hogar,0,199.3190
2024-10-01,2024,10,Cundinamarca,11,Informatica y telecomunicaciones,0,229.0656
2024-10-01,2024,10,Cundinamarca,12,Sonido y video,0,168.5192
2024-10-01,2024,10,Cundinamarca,14,"Ferreteria, vidrios y pinturas",0,141.8961
2024-10-01,2024,10,Cundinamarca,15,Otras mercancias de uso domestico,0,143.2499
2024-10-01,2024,10,Santander,4,Prendas de vestir y textiles,0,103.9235
2024-10-01,2024,10,Santander,8,Electrodomesticos y muebles,1,147.7488
2024-10-01,2024,10,Santander,9,Articulos y utensilios domesticos,0,167.2147
2024-10-01,2024,10,Santander,10,Aseo del hogar,0,83.1179
2024-10-01,2024,10,Santander,11,Informatica y telecomunicaciones,0,164.8416
2024-10-01,2024,10,Santander,12,Sonido y video,0,140.3553
2024-10-01,2024,10,Santander,14,"Ferreteria, vidrios y pinturas",0,106.6484
2024-10-01,2024,10,Santander,15,Otras mercancias de uso domestico,0,96.5205
2024-10-01,2024,10,Valle del Cauca,4,Prendas de vestir y textiles,0,78.8860
2024-10-01,2024,10,Valle del Cauca,8,Electrodomesticos y muebles,1,107.9024
2024-10-01,2024,10,Valle del Cauca,9,Articulos y utensilios domesticos,0,120.5728
2024-10-01,2024,10,Valle del Cauca,10,Aseo del hogar,0,89.9205
2024-10-01,2024,10,Valle del Cauca,11,Informatica y telecomunicaciones,0,151.8261
2024-10-01,2024,10,Valle del Cauca,12,Sonido y video,0,127.4468
2024-10-01,2024,10,Valle del Cauca,14,"Ferreteria, vidrios y pinturas",0,83.9796
2024-10-01,2024,10,Valle del Cauca,15,Otras mercancias de uso domestico,0,129.3879
2024-10-01,2024,10,Otros departamentos,4,Prendas de vestir y textiles,0,82.2799
2024-10-01,2024,10,Otros departamentos,8,Electrodomesticos y muebles,1,105.1120
2024-10-01,2024,10,Otros departamentos,9,Articulos y utensilios domesticos,0,167.7444
2024-10-01,2024,10,Otros departamentos,10,Aseo del hogar,0,128.4427
2024-10-01,2024,10,Otros departamentos,11,Informatica y telecomunicaciones,0,178.8536
2024-10-01,2024,10,Otros departamentos,12,Sonido y video,0,130.1086
2024-10-01,2024,10,Otros departamentos,14,"Ferreteria, vidrios y pinturas",0,118.6156
2024-10-01,2024,10,Otros departamentos,15,Otras mercancias de uso domestico,0,131.7155
2024-11-01,2024,11,Antioquia,4,Prendas de vestir y textiles,0,162.1748
2024-11-01,2024,11,Antioquia,8,Electrodomesticos y muebles,1,160.9866
2024-11-01,2024,11,Antioquia,9,Articulos y utensilios domesticos,0,185.6285
2024-11-01,2024,11,Antioquia,10,Aseo del hogar,0,139.9314
2024-11-01,2024,11,Antioquia,11,Informatica y telecomunicaciones,0,270.8006
2024-11-01,2024,11,Antioquia,12,Sonido y video,0,194.3751
2024-11-01,2024,11,Antioquia,14,"Ferreteria, vidrios y pinturas",0,117.0069
2024-11-01,2024,11,Antioquia,15,Otras mercancias de uso domestico,0,167.8024
2024-11-01,2024,11,Atlantico,4,Prendas de vestir y textiles,0,97.1540
2024-11-01,2024,11,Atlantico,8,Electrodomesticos y muebles,1,139.4020
2024-11-01,2024,11,Atlantico,9,Articulos y utensilios domesticos,0,148.3154
2024-11-01,2024,11,Atlantico,10,Aseo del hogar,0,100.3173
2024-11-01,2024,11,Atlantico,11,Informatica y telecomunicaciones,0,204.9147
2024-11-01,2024,11,Atlantico,12,Sonido y video,0,138.3009
2024-11-01,2024,11,Atlantico,14,"Ferreteria, vidrios y pinturas",0,97.4587
2024-11-01,2024,11,Atlantico,15,Otras mercancias de uso domestico,0,143.0218
2024-11-01,2024,11,Bogota,4,Prendas de vestir y textiles,0,153.5138
2024-11-01,2024,11,Bogota,8,Electrodomesticos y muebles,1,168.9712
2024-11-01,2024,11,Bogota,9,Articulos y utensilios domesticos,0,168.3664
2024-11-01,2024,11,Bogota,10,Aseo del hogar,0,140.7786
2024-11-01,2024,11,Bogota,11,Informatica y telecomunicaciones,0,288.2992
2024-11-01,2024,11,Bogota,12,Sonido y video,0,242.6410
2024-11-01,2024,11,Bogota,14,"Ferreteria, vidrios y pinturas",0,113.7481
2024-11-01,2024,11,Bogota,15,Otras mercancias de uso domestico,0,160.4823
2024-11-01,2024,11,Cundinamarca,4,Prendas de vestir y textiles,0,152.7573
2024-11-01,2024,11,Cundinamarca,8,Electrodomesticos y muebles,1,173.2092
2024-11-01,2024,11,Cundinamarca,9,Articulos y utensilios domesticos,0,206.1463
2024-11-01,2024,11,Cundinamarca,10,Aseo del hogar,0,160.8150
2024-11-01,2024,11,Cundinamarca,11,Informatica y telecomunicaciones,0,338.2422
2024-11-01,2024,11,Cundinamarca,12,Sonido y video,0,245.9542
2024-11-01,2024,11,Cundinamarca,14,"Ferreteria, vidrios y pinturas",0,106.8879
2024-11-01,2024,11,Cundinamarca,15,Otras mercancias de uso domestico,0,170.1768
2024-11-01,2024,11,Santander,4,Prendas de vestir y textiles,0,129.5092
2024-11-01,2024,11,Santander,8,Electrodomesticos y muebles,1,161.3653
2024-11-01,2024,11,Santander,9,Articulos y utensilios domesticos,0,185.8026
2024-11-01,2024,11,Santander,10,Aseo del hogar,0,79.8982
2024-11-01,2024,11,Santander,11,Informatica y telecomunicaciones,0,180.7615
2024-11-01,2024,11,Santander,12,Sonido y video,0,181.1454
2024-11-01,2024,11,Santander,14,"Ferreteria, vidrios y pinturas",0,113.9508
2024-11-01,2024,11,Santander,15,Otras mercancias de uso domestico,0,92.4398
2024-11-01,2024,11,Valle del Cauca,4,Prendas de vestir y textiles,0,94.7887
2024-11-01,2024,11,Valle del Cauca,8,Electrodomesticos y muebles,1,108.2585
2024-11-01,2024,11,Valle del Cauca,9,Articulos y utensilios domesticos,0,139.8585
2024-11-01,2024,11,Valle del Cauca,10,Aseo del hogar,0,118.3746
2024-11-01,2024,11,Valle del Cauca,11,Informatica y telecomunicaciones,0,215.6681
2024-11-01,2024,11,Valle del Cauca,12,Sonido y video,0,178.7080
2024-11-01,2024,11,Valle del Cauca,14,"Ferreteria, vidrios y pinturas",0,99.9217
2024-11-01,2024,11,Valle del Cauca,15,Otras mercancias de uso domestico,0,147.5366
2024-11-01,2024,11,Otros departamentos,4,Prendas de vestir y textiles,0,105.4359
2024-11-01,2024,11,Otros departamentos,8,Electrodomesticos y muebles,1,145.6125
2024-11-01,2024,11,Otros departamentos,9,Articulos y utensilios domesticos,0,186.5804
2024-11-01,2024,11,Otros departamentos,10,Aseo del hogar,0,125.2100
2024-11-01,2024,11,Otros departamentos,11,Informatica y telecomunicaciones,0,243.7156
2024-11-01,2024,11,Otros departamentos,12,Sonido y video,0,179.3168
2024-11-01,2024,11,Otros departamentos,14,"Ferreteria, vidrios y pinturas",0,125.9003
2024-11-01,2024,11,Otros departamentos,15,Otras mercancias de uso domestico,0,145.9663
2024-12-01,2024,12,Antioquia,4,Prendas de vestir y textiles,0,348.0737
2024-12-01,2024,12,Antioquia,8,Electrodomesticos y muebles,1,136.9170
2024-12-01,2024,12,Antioquia,9,Articulos y utensilios domesticos,0,237.5373
2024-12-01,2024,12,Antioquia,10,Aseo del hogar,0,148.8594
2024-12-01,2024,12,Antioquia,11,Informatica y telecomunicaciones,0,322.7926
2024-12-01,2024,12,Antioquia,12,Sonido y video,0,195.5003
2024-12-01,2024,12,Antioquia,14,"Ferreteria, vidrios y pinturas",0,114.8846
2024-12-01,2024,12,Antioquia,15,Otras mercancias de uso domestico,0,187.2708
2024-12-01,2024,12,Atlantico,4,Prendas de vestir y textiles,0,216.3845
2024-12-01,2024,12,Atlantico,8,Electrodomesticos y muebles,1,139.6039
2024-12-01,2024,12,Atlantico,9,Articulos y utensilios domesticos,0,199.3785
2024-12-01,2024,12,Atlantico,10,Aseo del hogar,0,123.8258
2024-12-01,2024,12,Atlantico,11,Informatica y telecomunicaciones,0,271.5524
2024-12-01,2024,12,Atlantico,12,Sonido y video,0,136.7371
2024-12-01,2024,12,Atlantico,14,"Ferreteria, vidrios y pinturas",0,114.5220
2024-12-01,2024,12,Atlantico,15,Otras mercancias de uso domestico,0,177.6162
2024-12-01,2024,12,Bogota,4,Prendas de vestir y textiles,0,282.7048
2024-12-01,2024,12,Bogota,8,Electrodomesticos y muebles,1,189.7925
2024-12-01,2024,12,Bogota,9,Articulos y utensilios domesticos,0,214.9410
2024-12-01,2024,12,Bogota,10,Aseo del hogar,0,136.3989
2024-12-01,2024,12,Bogota,11,Informatica y telecomunicaciones,0,351.8852
2024-12-01,2024,12,Bogota,12,Sonido y video,0,211.6901
2024-12-01,2024,12,Bogota,14,"Ferreteria, vidrios y pinturas",0,119.4874
2024-12-01,2024,12,Bogota,15,Otras mercancias de uso domestico,0,211.8904
2024-12-01,2024,12,Cundinamarca,4,Prendas de vestir y textiles,0,331.4245
2024-12-01,2024,12,Cundinamarca,8,Electrodomesticos y muebles,1,162.1259
2024-12-01,2024,12,Cundinamarca,9,Articulos y utensilios domesticos,0,236.7860
2024-12-01,2024,12,Cundinamarca,10,Aseo del hogar,0,169.9495
2024-12-01,2024,12,Cundinamarca,11,Informatica y telecomunicaciones,0,415.6172
2024-12-01,2024,12,Cundinamarca,12,Sonido y video,0,225.4851
2024-12-01,2024,12,Cundinamarca,14,"Ferreteria, vidrios y pinturas",0,125.4145
2024-12-01,2024,12,Cundinamarca,15,Otras mercancias de uso domestico,0,200.4893
2024-12-01,2024,12,Santander,4,Prendas de vestir y textiles,0,244.4005
2024-12-01,2024,12,Santander,8,Electrodomesticos y muebles,1,141.1185
2024-12-01,2024,12,Santander,9,Articulos y utensilios domesticos,0,196.7932
2024-12-01,2024,12,Santander,10,Aseo del hogar,0,93.1836
2024-12-01,2024,12,Santander,11,Informatica y telecomunicaciones,0,238.0322
2024-12-01,2024,12,Santander,12,Sonido y video,0,188.8639
2024-12-01,2024,12,Santander,14,"Ferreteria, vidrios y pinturas",0,124.2257
2024-12-01,2024,12,Santander,15,Otras mercancias de uso domestico,0,112.4424
2024-12-01,2024,12,Valle del Cauca,4,Prendas de vestir y textiles,0,186.8881
2024-12-01,2024,12,Valle del Cauca,8,Electrodomesticos y muebles,1,101.9466
2024-12-01,2024,12,Valle del Cauca,9,Articulos y utensilios domesticos,0,151.9695
2024-12-01,2024,12,Valle del Cauca,10,Aseo del hogar,0,98.9315
2024-12-01,2024,12,Valle del Cauca,11,Informatica y telecomunicaciones,0,233.6334
2024-12-01,2024,12,Valle del Cauca,12,Sonido y video,0,160.7216
2024-12-01,2024,12,Valle del Cauca,14,"Ferreteria, vidrios y pinturas",0,82.3301
2024-12-01,2024,12,Valle del Cauca,15,Otras mercancias de uso domestico,0,145.6304
2024-12-01,2024,12,Otros departamentos,4,Prendas de vestir y textiles,0,251.2020
2024-12-01,2024,12,Otros departamentos,8,Electrodomesticos y muebles,1,155.9260
2024-12-01,2024,12,Otros departamentos,9,Articulos y utensilios domesticos,0,231.5304
2024-12-01,2024,12,Otros departamentos,10,Aseo del hogar,0,172.0206
2024-12-01,2024,12,Otros departamentos,11,Informatica y telecomunicaciones,0,311.7839
2024-12-01,2024,12,Otros departamentos,12,Sonido y video,0,212.6312
2024-12-01,2024,12,Otros departamentos,14,"Ferreteria, vidrios y pinturas",0,108.6790
2024-12-01,2024,12,Otros departamentos,15,Otras mercancias de uso domestico,0,218.0068
2025-01-01,2025,1,Antioquia,4,Prendas de vestir y textiles,0,92.8667
2025-01-01,2025,1,Antioquia,8,Electrodomesticos y muebles,1,178.2298
2025-01-01,2025,1,Antioquia,9,Articulos y utensilios domesticos,0,141.9133
2025-01-01,2025,1,Antioquia,10,Aseo del hogar,0,152.9789
2025-01-01,2025,1,Antioquia,11,Informatica y telecomunicaciones,0,256.5045
2025-01-01,2025,1,Antioquia,12,Sonido y video,0,117.2989
2025-01-01,2025,1,Antioquia,14,"Ferreteria, vidrios y pinturas",0,116.8689
2025-01-01,2025,1,Antioquia,15,Otras mercancias de uso domestico,0,114.4779
2025-01-01,2025,1,Atlantico,4,Prendas de vestir y textiles,0,84.2585
2025-01-01,2025,1,Atlantico,8,Electrodomesticos y muebles,1,120.4099
2025-01-01,2025,1,Atlantico,9,Articulos y utensilios domesticos,0,109.8482
2025-01-01,2025,1,Atlantico,10,Aseo del hogar,0,113.8742
2025-01-01,2025,1,Atlantico,11,Informatica y telecomunicaciones,0,169.1808
2025-01-01,2025,1,Atlantico,12,Sonido y video,0,86.0560
2025-01-01,2025,1,Atlantico,14,"Ferreteria, vidrios y pinturas",0,110.0904
2025-01-01,2025,1,Atlantico,15,Otras mercancias de uso domestico,0,101.7449
2025-01-01,2025,1,Bogota,4,Prendas de vestir y textiles,0,97.9538
2025-01-01,2025,1,Bogota,8,Electrodomesticos y muebles,1,200.7501
2025-01-01,2025,1,Bogota,9,Articulos y utensilios domesticos,0,138.5644
2025-01-01,2025,1,Bogota,10,Aseo del hogar,0,124.3435
2025-01-01,2025,1,Bogota,11,Informatica y telecomunicaciones,0,240.9906
2025-01-01,2025,1,Bogota,12,Sonido y video,0,137.2660
2025-01-01,2025,1,Bogota,14,"Ferreteria, vidrios y pinturas",0,113.4446
2025-01-01,2025,1,Bogota,15,Otras mercancias de uso domestico,0,142.9915
2025-01-01,2025,1,Cundinamarca,4,Prendas de vestir y textiles,0,123.7497
2025-01-01,2025,1,Cundinamarca,8,Electrodomesticos y muebles,1,137.3466
2025-01-01,2025,1,Cundinamarca,9,Articulos y utensilios domesticos,0,192.0767
2025-01-01,2025,1,Cundinamarca,10,Aseo del hogar,0,182.1745
2025-01-01,2025,1,Cundinamarca,11,Informatica y telecomunicaciones,0,265.1323
2025-01-01,2025,1,Cundinamarca,12,Sonido y video,0,128.5662
2025-01-01,2025,1,Cundinamarca,14,"Ferreteria, vidrios y pinturas",0,141.4919
2025-01-01,2025,1,Cundinamarca,15,Otras mercancias de uso domestico,0,121.2095
2025-01-01,2025,1,Santander,4,Prendas de vestir y textiles,0,103.9594
2025-01-01,2025,1,Santander,8,Electrodomesticos y muebles,1,130.2895
2025-01-01,2025,1,Santander,9,Articulos y utensilios domesticos,0,151.7405
2025-01-01,2025,1,Santander,10,Aseo del hogar,0,90.0134
2025-01-01,2025,1,Santander,11,Informatica y telecomunicaciones,0,183.2071
2025-01-01,2025,1,Santander,12,Sonido y video,0,133.1990
2025-01-01,2025,1,Santander,14,"Ferreteria, vidrios y pinturas",0,119.3915
2025-01-01,2025,1,Santander,15,Otras mercancias de uso domestico,0,91.8659
2025-01-01,2025,1,Valle del Cauca,4,Prendas de vestir y textiles,0,81.1950
2025-01-01,2025,1,Valle del Cauca,8,Electrodomesticos y muebles,1,100.2473
2025-01-01,2025,1,Valle del Cauca,9,Articulos y utensilios domesticos,0,90.8564
2025-01-01,2025,1,Valle del Cauca,10,Aseo del hogar,0,82.4330
2025-01-01,2025,1,Valle del Cauca,11,Informatica y telecomunicaciones,0,183.8009
2025-01-01,2025,1,Valle del Cauca,12,Sonido y video,0,104.1421
2025-01-01,2025,1,Valle del Cauca,14,"Ferreteria, vidrios y pinturas",0,101.6668
2025-01-01,2025,1,Valle del Cauca,15,Otras mercancias de uso domestico,0,95.6592
2025-01-01,2025,1,Otros departamentos,4,Prendas de vestir y textiles,0,81.2664
2025-01-01,2025,1,Otros departamentos,8,Electrodomesticos y muebles,1,116.9336
2025-01-01,2025,1,Otros departamentos,9,Articulos y utensilios domesticos,0,195.8310
2025-01-01,2025,1,Otros departamentos,10,Aseo del hogar,0,153.8945
2025-01-01,2025,1,Otros departamentos,11,Informatica y telecomunicaciones,0,227.3295
2025-01-01,2025,1,Otros departamentos,12,Sonido y video,0,132.7009
2025-01-01,2025,1,Otros departamentos,14,"Ferreteria, vidrios y pinturas",0,100.9767
2025-01-01,2025,1,Otros departamentos,15,Otras mercancias de uso domestico,0,125.7835
2025-02-01,2025,2,Antioquia,4,Prendas de vestir y textiles,0,93.0879
2025-02-01,2025,2,Antioquia,8,Electrodomesticos y muebles,1,167.5601
2025-02-01,2025,2,Antioquia,9,Articulos y utensilios domesticos,0,114.1904
2025-02-01,2025,2,Antioquia,10,Aseo del hogar,0,118.1475
2025-02-01,2025,2,Antioquia,11,Informatica y telecomunicaciones,0,238.2190
2025-02-01,2025,2,Antioquia,12,Sonido y video,0,110.0219
2025-02-01,2025,2,Antioquia,14,"Ferreteria, vidrios y pinturas",0,138.9502
2025-02-01,2025,2,Antioquia,15,Otras mercancias de uso domestico,0,114.4327
2025-02-01,2025,2,Atlantico,4,Prendas de vestir y textiles,0,60.0126
2025-02-01,2025,2,Atlantico,8,Electrodomesticos y muebles,1,113.9628
2025-02-01,2025,2,Atlantico,9,Articulos y utensilios domesticos,0,101.0382
2025-02-01,2025,2,Atlantico,10,Aseo del hogar,0,91.2514
2025-02-01,2025,2,Atlantico,11,Informatica y telecomunicaciones,0,189.3007
2025-02-01,2025,2,Atlantico,12,Sonido y video,0,99.2628
2025-02-01,2025,2,Atlantico,14,"Ferreteria, vidrios y pinturas",0,101.8980
2025-02-01,2025,2,Atlantico,15,Otras mercancias de uso domestico,0,92.7882
2025-02-01,2025,2,Bogota,4,Prendas de vestir y textiles,0,76.3553
2025-02-01,2025,2,Bogota,8,Electrodomesticos y muebles,1,142.2963
2025-02-01,2025,2,Bogota,9,Articulos y utensilios domesticos,0,120.9283
2025-02-01,2025,2,Bogota,10,Aseo del hogar,0,123.1812
2025-02-01,2025,2,Bogota,11,Informatica y telecomunicaciones,0,221.9171
2025-02-01,2025,2,Bogota,12,Sonido y video,0,153.8063
2025-02-01,2025,2,Bogota,14,"Ferreteria, vidrios y pinturas",0,120.5088
2025-02-01,2025,2,Bogota,15,Otras mercancias de uso domestico,0,111.3550
2025-02-01,2025,2,Cundinamarca,4,Prendas de vestir y textiles,0,82.2484
2025-02-01,2025,2,Cundinamarca,8,Electrodomesticos y muebles,1,129.5102
2025-02-01,2025,2,Cundinamarca,9,Articulos y utensilios domesticos,0,187.1786
2025-02-01,2025,2,Cundinamarca,10,Aseo del hogar,0,175.3075
2025-02-01,2025,2,Cundinamarca,11,Informatica y telecomunicaciones,0,325.4153
2025-02-01,2025,2,Cundinamarca,12,Sonido y video,0,128.9134
2025-02-01,2025,2,Cundinamarca,14,"Ferreteria, vidrios y pinturas",0,132.0916
2025-02-01,2025,2,Cundinamarca,15,Otras mercancias de uso domestico,0,113.7124
2025-02-01,2025,2,Santander,4,Prendas de vestir y textiles,0,85.8871
2025-02-01,2025,2,Santander,8,Electrodomesticos y muebles,1,126.6227
2025-02-01,2025,2,Santander,9,Articulos y utensilios domesticos,0,125.1831
2025-02-01,2025,2,Santander,10,Aseo del hogar,0,115.1601
2025-02-01,2025,2,Santander,11,Informatica y telecomunicaciones,0,202.0457
2025-02-01,2025,2,Santander,12,Sonido y video,0,140.4576
2025-02-01,2025,2,Santander,14,"Ferreteria, vidrios y pinturas",0,96.0997
2025-02-01,2025,2,Santander,15,Otras mercancias de uso domestico,0,134.8047
2025-02-01,2025,2,Valle del Cauca,4,Prendas de vestir y textiles,0,63.4357
2025-02-01,2025,2,Valle del Cauca,8,Electrodomesticos y muebles,1,109.7667
2025-02-01,2025,2,Valle del Cauca,9,Articulos y utensilios domesticos,0,95.2980
2025-02-01,2025,2,Valle del Cauca,10,Aseo del hogar,0,80.9640
2025-02-01,2025,2,Valle del Cauca,11,Informatica y telecomunicaciones,0,206.2774
2025-02-01,2025,2,Valle del Cauca,12,Sonido y video,0,106.6853
2025-02-01,2025,2,Valle del Cauca,14,"Ferreteria, vidrios y pinturas",0,88.2720
2025-02-01,2025,2,Valle del Cauca,15,Otras mercancias de uso domestico,0,89.6643
2025-02-01,2025,2,Otros departamentos,4,Prendas de vestir y textiles,0,72.3407
2025-02-01,2025,2,Otros departamentos,8,Electrodomesticos y muebles,1,120.6000
2025-02-01,2025,2,Otros departamentos,9,Articulos y utensilios domesticos,0,174.1445
2025-02-01,2025,2,Otros departamentos,10,Aseo del hogar,0,145.5730
2025-02-01,2025,2,Otros departamentos,11,Informatica y telecomunicaciones,0,233.1188
2025-02-01,2025,2,Otros departamentos,12,Sonido y video,0,130.9789
2025-02-01,2025,2,Otros departamentos,14,"Ferreteria, vidrios y pinturas",0,83.5088
2025-02-01,2025,2,Otros departamentos,15,Otras mercancias de uso domestico,0,116.3472
2025-03-01,2025,3,Antioquia,4,Prendas de vestir y textiles,0,105.6799
2025-03-01,2025,3,Antioquia,8,Electrodomesticos y muebles,1,191.6416
2025-03-01,2025,3,Antioquia,9,Articulos y utensilios domesticos,0,129.2733
2025-03-01,2025,3,Antioquia,10,Aseo del hogar,0,157.1465
2025-03-01,2025,3,Antioquia,11,Informatica y telecomunicaciones,0,287.9696
2025-03-01,2025,3,Antioquia,12,Sonido y video,0,123.1478
2025-03-01,2025,3,Antioquia,14,"Ferreteria, vidrios y pinturas",0,126.9562
2025-03-01,2025,3,Antioquia,15,Otras mercancias de uso domestico,0,126.4360
2025-03-01,2025,3,Atlantico,4,Prendas de vestir y textiles,0,65.0471
2025-03-01,2025,3,Atlantico,8,Electrodomesticos y muebles,1,137.3157
2025-03-01,2025,3,Atlantico,9,Articulos y utensilios domesticos,0,90.6591
2025-03-01,2025,3,Atlantico,10,Aseo del hogar,0,103.3467
2025-03-01,2025,3,Atlantico,11,Informatica y telecomunicaciones,0,213.9720
2025-03-01,2025,3,Atlantico,12,Sonido y video,0,101.9528
2025-03-01,2025,3,Atlantico,14,"Ferreteria, vidrios y pinturas",0,87.4411
2025-03-01,2025,3,Atlantico,15,Otras mercancias de uso domestico,0,91.6732
2025-03-01,2025,3,Bogota,4,Prendas de vestir y textiles,0,102.2839
2025-03-01,2025,3,Bogota,8,Electrodomesticos y muebles,1,151.6079
2025-03-01,2025,3,Bogota,9,Articulos y utensilios domesticos,0,121.0368
2025-03-01,2025,3,Bogota,10,Aseo del hogar,0,161.0841
2025-03-01,2025,3,Bogota,11,Informatica y telecomunicaciones,0,271.3189
2025-03-01,2025,3,Bogota,12,Sonido y video,0,181.5823
2025-03-01,2025,3,Bogota,14,"Ferreteria, vidrios y pinturas",0,132.1121
2025-03-01,2025,3,Bogota,15,Otras mercancias de uso domestico,0,154.3654
2025-03-01,2025,3,Cundinamarca,4,Prendas de vestir y textiles,0,116.5315
2025-03-01,2025,3,Cundinamarca,8,Electrodomesticos y muebles,1,147.7881
2025-03-01,2025,3,Cundinamarca,9,Articulos y utensilios domesticos,0,194.9187
2025-03-01,2025,3,Cundinamarca,10,Aseo del hogar,0,175.9695
2025-03-01,2025,3,Cundinamarca,11,Informatica y telecomunicaciones,0,329.8080
2025-03-01,2025,3,Cundinamarca,12,Sonido y video,0,134.0687
2025-03-01,2025,3,Cundinamarca,14,"Ferreteria, vidrios y pinturas",0,132.1954
2025-03-01,2025,3,Cundinamarca,15,Otras mercancias de uso domestico,0,139.2345
2025-03-01,2025,3,Santander,4,Prendas de vestir y textiles,0,93.0409
2025-03-01,2025,3,Santander,8,Electrodomesticos y muebles,1,123.3403
2025-03-01,2025,3,Santander,9,Articulos y utensilios domesticos,0,109.4683
2025-03-01,2025,3,Santander,10,Aseo del hogar,0,158.7796
2025-03-01,2025,3,Santander,11,Informatica y telecomunicaciones,0,236.3510
2025-03-01,2025,3,Santander,12,Sonido y video,0,131.9911
2025-03-01,2025,3,Santander,14,"Ferreteria, vidrios y pinturas",0,103.8474
2025-03-01,2025,3,Santander,15,Otras mercancias de uso domestico,0,160.9302
2025-03-01,2025,3,Valle del Cauca,4,Prendas de vestir y textiles,0,80.3584
2025-03-01,2025,3,Valle del Cauca,8,Electrodomesticos y muebles,1,91.6137
2025-03-01,2025,3,Valle del Cauca,9,Articulos y utensilios domesticos,0,138.3898
2025-03-01,2025,3,Valle del Cauca,10,Aseo del hogar,0,82.1084
2025-03-01,2025,3,Valle del Cauca,11,Informatica y telecomunicaciones,0,218.4114
2025-03-01,2025,3,Valle del Cauca,12,Sonido y video,0,104.5241
2025-03-01,2025,3,Valle del Cauca,14,"Ferreteria, vidrios y pinturas",0,84.0008
2025-03-01,2025,3,Valle del Cauca,15,Otras mercancias de uso domestico,0,99.6924
2025-03-01,2025,3,Otros departamentos,4,Prendas de vestir y textiles,0,70.5630
2025-03-01,2025,3,Otros departamentos,8,Electrodomesticos y muebles,1,137.7762
2025-03-01,2025,3,Otros departamentos,9,Articulos y utensilios domesticos,0,182.4347
2025-03-01,2025,3,Otros departamentos,10,Aseo del hogar,0,139.1810
2025-03-01,2025,3,Otros departamentos,11,Informatica y telecomunicaciones,0,223.1220
2025-03-01,2025,3,Otros departamentos,12,Sonido y video,0,140.7525
2025-03-01,2025,3,Otros departamentos,14,"Ferreteria, vidrios y pinturas",0,90.9604
2025-03-01,2025,3,Otros departamentos,15,Otras mercancias de uso domestico,0,114.2075
2025-04-01,2025,4,Antioquia,4,Prendas de vestir y textiles,0,87.8409
2025-04-01,2025,4,Antioquia,8,Electrodomesticos y muebles,1,160.8107
2025-04-01,2025,4,Antioquia,9,Articulos y utensilios domesticos,0,141.2117
2025-04-01,2025,4,Antioquia,10,Aseo del hogar,0,121.4471
2025-04-01,2025,4,Antioquia,11,Informatica y telecomunicaciones,0,233.4205
2025-04-01,2025,4,Antioquia,12,Sonido y video,0,129.1831
2025-04-01,2025,4,Antioquia,14,"Ferreteria, vidrios y pinturas",0,112.7064
2025-04-01,2025,4,Antioquia,15,Otras mercancias de uso domestico,0,114.3008
2025-04-01,2025,4,Atlantico,4,Prendas de vestir y textiles,0,76.4188
2025-04-01,2025,4,Atlantico,8,Electrodomesticos y muebles,1,109.4670
2025-04-01,2025,4,Atlantico,9,Articulos y utensilios domesticos,0,83.5013
2025-04-01,2025,4,Atlantico,10,Aseo del hogar,0,97.0523
2025-04-01,2025,4,Atlantico,11,Informatica y telecomunicaciones,0,186.4593
2025-04-01,2025,4,Atlantico,12,Sonido y video,0,98.8608
2025-04-01,2025,4,Atlantico,14,"Ferreteria, vidrios y pinturas",0,92.4317
2025-04-01,2025,4,Atlantico,15,Otras mercancias de uso domestico,0,87.7801
2025-04-01,2025,4,Bogota,4,Prendas de vestir y textiles,0,95.5059
2025-04-01,2025,4,Bogota,8,Electrodomesticos y muebles,1,128.4195
2025-04-01,2025,4,Bogota,9,Articulos y utensilios domesticos,0,154.3834
2025-04-01,2025,4,Bogota,10,Aseo del hogar,0,152.3212
2025-04-01,2025,4,Bogota,11,Informatica y telecomunicaciones,0,264.0681
2025-04-01,2025,4,Bogota,12,Sonido y video,0,159.1191
2025-04-01,2025,4,Bogota,14,"Ferreteria, vidrios y pinturas",0,112.2142
2025-04-01,2025,4,Bogota,15,Otras mercancias de uso domestico,0,138.8273
2025-04-01,2025,4,Cundinamarca,4,Prendas de vestir y textiles,0,109.4370
2025-04-01,2025,4,Cundinamarca,8,Electrodomesticos y muebles,1,125.5718
2025-04-01,2025,4,Cundinamarca,9,Articulos y utensilios domesticos,0,169.3619
2025-04-01,2025,4,Cundinamarca,10,Aseo del hogar,0,134.3277
2025-04-01,2025,4,Cundinamarca,11,Informatica y telecomunicaciones,0,318.3690
2025-04-01,2025,4,Cundinamarca,12,Sonido y video,0,147.1763
2025-04-01,2025,4,Cundinamarca,14,"Ferreteria, vidrios y pinturas",0,133.0701
2025-04-01,2025,4,Cundinamarca,15,Otras mercancias de uso domestico,0,121.0539
2025-04-01,2025,4,Santander,4,Prendas de vestir y textiles,0,82.3339
2025-04-01,2025,4,Santander,8,Electrodomesticos y muebles,1,89.9433
2025-04-01,2025,4,Santander,9,Articulos y utensilios domesticos,0,99.5355
2025-04-01,2025,4,Santander,10,Aseo del hogar,0,121.2867
2025-04-01,2025,4,Santander,11,Informatica y telecomunicaciones,0,199.6903
2025-04-01,2025,4,Santander,12,Sonido y video,0,131.3178
2025-04-01,2025,4,Santander,14,"Ferreteria, vidrios y pinturas",0,115.3383
2025-04-01,2025,4,Santander,15,Otras mercancias de uso domestico,0,122.7951
2025-04-01,2025,4,Valle del Cauca,4,Prendas de vestir y textiles,0,86.1308
2025-04-01,2025,4,Valle del Cauca,8,Electrodomesticos y muebles,1,79.5638
2025-04-01,2025,4,Valle del Cauca,9,Articulos y utensilios domesticos,0,120.2676
2025-04-01,2025,4,Valle del Cauca,10,Aseo del hogar,0,80.6482
2025-04-01,2025,4,Valle del Cauca,11,Informatica y telecomunicaciones,0,215.1970
2025-04-01,2025,4,Valle del Cauca,12,Sonido y video,0,102.9499
2025-04-01,2025,4,Valle del Cauca,14,"Ferreteria, vidrios y pinturas",0,86.9906
2025-04-01,2025,4,Valle del Cauca,15,Otras mercancias de uso domestico,0,72.2502
2025-04-01,2025,4,Otros departamentos,4,Prendas de vestir y textiles,0,71.3564
2025-04-01,2025,4,Otros departamentos,8,Electrodomesticos y muebles,1,140.7130
2025-04-01,2025,4,Otros departamentos,9,Articulos y utensilios domesticos,0,132.1191
2025-04-01,2025,4,Otros departamentos,10,Aseo del hogar,0,145.7138
2025-04-01,2025,4,Otros departamentos,11,Informatica y telecomunicaciones,0,233.3799
2025-04-01,2025,4,Otros departamentos,12,Sonido y video,0,128.2488
2025-04-01,2025,4,Otros departamentos,14,"Ferreteria, vidrios y pinturas",0,93.9787
2025-04-01,2025,4,Otros departamentos,15,Otras mercancias de uso domestico,0,129.1415
2025-05-01,2025,5,Antioquia,4,Prendas de vestir y textiles,0,120.6294
2025-05-01,2025,5,Antioquia,8,Electrodomesticos y muebles,1,167.9391
2025-05-01,2025,5,Antioquia,9,Articulos y utensilios domesticos,0,160.2326
2025-05-01,2025,5,Antioquia,10,Aseo del hogar,0,109.0869
2025-05-01,2025,5,Antioquia,11,Informatica y telecomunicaciones,0,274.2250
2025-05-01,2025,5,Antioquia,12,Sonido y video,0,141.1233
2025-05-01,2025,5,Antioquia,14,"Ferreteria, vidrios y pinturas",0,108.0467
2025-05-01,2025,5,Antioquia,15,Otras mercancias de uso domestico,0,143.0547
2025-05-01,2025,5,Atlantico,4,Prendas de vestir y textiles,0,89.4825
2025-05-01,2025,5,Atlantico,8,Electrodomesticos y muebles,1,114.1937
2025-05-01,2025,5,Atlantico,9,Articulos y utensilios domesticos,0,94.3411
2025-05-01,2025,5,Atlantico,10,Aseo del hogar,0,97.4812
2025-05-01,2025,5,Atlantico,11,Informatica y telecomunicaciones,0,205.9535
2025-05-01,2025,5,Atlantico,12,Sonido y video,0,124.7716
2025-05-01,2025,5,Atlantico,14,"Ferreteria, vidrios y pinturas",0,77.0876
2025-05-01,2025,5,Atlantico,15,Otras mercancias de uso domestico,0,102.5109
2025-05-01,2025,5,Bogota,4,Prendas de vestir y textiles,0,101.2430
2025-05-01,2025,5,Bogota,8,Electrodomesticos y muebles,1,154.0889
2025-05-01,2025,5,Bogota,9,Articulos y utensilios domesticos,0,166.1016
2025-05-01,2025,5,Bogota,10,Aseo del hogar,0,164.9454
2025-05-01,2025,5,Bogota,11,Informatica y telecomunicaciones,0,305.9533
2025-05-01,2025,5,Bogota,12,Sonido y video,0,216.7510
2025-05-01,2025,5,Bogota,14,"Ferreteria, vidrios y pinturas",0,118.8747
2025-05-01,2025,5,Bogota,15,Otras mercancias de uso domestico,0,159.4101
2025-05-01,2025,5,Cundinamarca,4,Prendas de vestir y textiles,0,122.8297
2025-05-01,2025,5,Cundinamarca,8,Electrodomesticos y muebles,1,160.4896
2025-05-01,2025,5,Cundinamarca,9,Articulos y utensilios domesticos,0,211.2660
2025-05-01,2025,5,Cundinamarca,10,Aseo del hogar,0,143.8295
2025-05-01,2025,5,Cundinamarca,11,Informatica y telecomunicaciones,0,363.6019
2025-05-01,2025,5,Cundinamarca,12,Sonido y video,0,167.0909
2025-05-01,2025,5,Cundinamarca,14,"Ferreteria, vidrios y pinturas",0,125.0303
2025-05-01,2025,5,Cundinamarca,15,Otras mercancias de uso domestico,0,145.8231
2025-05-01,2025,5,Santander,4,Prendas de vestir y textiles,0,113.7479
2025-05-01,2025,5,Santander,8,Electrodomesticos y muebles,1,111.3475
2025-05-01,2025,5,Santander,9,Articulos y utensilios domesticos,0,117.0206
2025-05-01,2025,5,Santander,10,Aseo del hogar,0,104.7361
2025-05-01,2025,5,Santander,11,Informatica y telecomunicaciones,0,264.9378
2025-05-01,2025,5,Santander,12,Sonido y video,0,136.9763
2025-05-01,2025,5,Santander,14,"Ferreteria, vidrios y pinturas",0,118.6920
2025-05-01,2025,5,Santander,15,Otras mercancias de uso domestico,0,129.2352
2025-05-01,2025,5,Valle del Cauca,4,Prendas de vestir y textiles,0,90.0753
2025-05-01,2025,5,Valle del Cauca,8,Electrodomesticos y muebles,1,121.4689
2025-05-01,2025,5,Valle del Cauca,9,Articulos y utensilios domesticos,0,114.1399
2025-05-01,2025,5,Valle del Cauca,10,Aseo del hogar,0,100.4344
2025-05-01,2025,5,Valle del Cauca,11,Informatica y telecomunicaciones,0,246.5384
2025-05-01,2025,5,Valle del Cauca,12,Sonido y video,0,98.6010
2025-05-01,2025,5,Valle del Cauca,14,"Ferreteria, vidrios y pinturas",0,101.9101
2025-05-01,2025,5,Valle del Cauca,15,Otras mercancias de uso domestico,0,92.2073
2025-05-01,2025,5,Otros departamentos,4,Prendas de vestir y textiles,0,89.8940
2025-05-01,2025,5,Otros departamentos,8,Electrodomesticos y muebles,1,145.1142
2025-05-01,2025,5,Otros departamentos,9,Articulos y utensilios domesticos,0,131.8209
2025-05-01,2025,5,Otros departamentos,10,Aseo del hogar,0,171.0208
2025-05-01,2025,5,Otros departamentos,11,Informatica y telecomunicaciones,0,251.0688
2025-05-01,2025,5,Otros departamentos,12,Sonido y video,0,135.0822
2025-05-01,2025,5,Otros departamentos,14,"Ferreteria, vidrios y pinturas",0,102.6676
2025-05-01,2025,5,Otros departamentos,15,Otras mercancias de uso domestico,0,109.9239
2025-06-01,2025,6,Antioquia,4,Prendas de vestir y textiles,0,109.4404
2025-06-01,2025,6,Antioquia,8,Electrodomesticos y muebles,1,182.2032
2025-06-01,2025,6,Antioquia,9,Articulos y utensilios domesticos,0,151.6292
2025-06-01,2025,6,Antioquia,10,Aseo del hogar,0,116.1154
2025-06-01,2025,6,Antioquia,11,Informatica y telecomunicaciones,0,262.3674
2025-06-01,2025,6,Antioquia,12,Sonido y video,0,145.7293
2025-06-01,2025,6,Antioquia,14,"Ferreteria, vidrios y pinturas",0,100.4956
2025-06-01,2025,6,Antioquia,15,Otras mercancias de uso domestico,0,128.4174
2025-06-01,2025,6,Atlantico,4,Prendas de vestir y textiles,0,86.9083
2025-06-01,2025,6,Atlantico,8,Electrodomesticos y muebles,1,111.4590
2025-06-01,2025,6,Atlantico,9,Articulos y utensilios domesticos,0,88.8358
2025-06-01,2025,6,Atlantico,10,Aseo del hogar,0,114.7537
2025-06-01,2025,6,Atlantico,11,Informatica y telecomunicaciones,0,217.6961
2025-06-01,2025,6,Atlantico,12,Sonido y video,0,117.1971
2025-06-01,2025,6,Atlantico,14,"Ferreteria, vidrios y pinturas",0,66.4678
2025-06-01,2025,6,Atlantico,15,Otras mercancias de uso domestico,0,102.0179
2025-06-01,2025,6,Bogota,4,Prendas de vestir y textiles,0,140.5241
2025-06-01,2025,6,Bogota,8,Electrodomesticos y muebles,1,144.3165
2025-06-01,2025,6,Bogota,9,Articulos y utensilios domesticos,0,149.4354
2025-06-01,2025,6,Bogota,10,Aseo del hogar,0,160.9291
2025-06-01,2025,6,Bogota,11,Informatica y telecomunicaciones,0,284.6104
2025-06-01,2025,6,Bogota,12,Sonido y video,0,193.7310
2025-06-01,2025,6,Bogota,14,"Ferreteria, vidrios y pinturas",0,124.3228
2025-06-01,2025,6,Bogota,15,Otras mercancias de uso domestico,0,160.0711
2025-06-01,2025,6,Cundinamarca,4,Prendas de vestir y textiles,0,141.9860
2025-06-01,2025,6,Cundinamarca,8,Electrodomesticos y muebles,1,180.3999
2025-06-01,2025,6,Cundinamarca,9,Articulos y utensilios domesticos,0,198.6379
2025-06-01,2025,6,Cundinamarca,10,Aseo del hogar,0,178.5545
2025-06-01,2025,6,Cundinamarca,11,Informatica y telecomunicaciones,0,378.0382
2025-06-01,2025,6,Cundinamarca,12,Sonido y video,0,228.2286
2025-06-01,2025,6,Cundinamarca,14,"Ferreteria, vidrios y pinturas",0,132.9827
2025-06-01,2025,6,Cundinamarca,15,Otras mercancias de uso domestico,0,139.1915
2025-06-01,2025,6,Santander,4,Prendas de vestir y textiles,0,125.2961
2025-06-01,2025,6,Santander,8,Electrodomesticos y muebles,1,135.5451
2025-06-01,2025,6,Santander,9,Articulos y utensilios domesticos,0,143.2579
2025-06-01,2025,6,Santander,10,Aseo del hogar,0,104.5958
2025-06-01,2025,6,Santander,11,Informatica y telecomunicaciones,0,266.5436
2025-06-01,2025,6,Santander,12,Sonido y video,0,136.9179
2025-06-01,2025,6,Santander,14,"Ferreteria, vidrios y pinturas",0,110.6740
2025-06-01,2025,6,Santander,15,Otras mercancias de uso domestico,0,125.4073
2025-06-01,2025,6,Valle del Cauca,4,Prendas de vestir y textiles,0,98.5610
2025-06-01,2025,6,Valle del Cauca,8,Electrodomesticos y muebles,1,107.6840
2025-06-01,2025,6,Valle del Cauca,9,Articulos y utensilios domesticos,0,118.0054
2025-06-01,2025,6,Valle del Cauca,10,Aseo del hogar,0,108.3329
2025-06-01,2025,6,Valle del Cauca,11,Informatica y telecomunicaciones,0,230.0755
2025-06-01,2025,6,Valle del Cauca,12,Sonido y video,0,138.9419
2025-06-01,2025,6,Valle del Cauca,14,"Ferreteria, vidrios y pinturas",0,86.5131
2025-06-01,2025,6,Valle del Cauca,15,Otras mercancias de uso domestico,0,102.0225
2025-06-01,2025,6,Otros departamentos,4,Prendas de vestir y textiles,0,99.9779
2025-06-01,2025,6,Otros departamentos,8,Electrodomesticos y muebles,1,149.6215
2025-06-01,2025,6,Otros departamentos,9,Articulos y utensilios domesticos,0,157.6904
2025-06-01,2025,6,Otros departamentos,10,Aseo del hogar,0,155.1981
2025-06-01,2025,6,Otros departamentos,11,Informatica y telecomunicaciones,0,228.0186
2025-06-01,2025,6,Otros departamentos,12,Sonido y video,0,175.8456
2025-06-01,2025,6,Otros departamentos,14,"Ferreteria, vidrios y pinturas",0,92.5211
2025-06-01,2025,6,Otros departamentos,15,Otras mercancias de uso domestico,0,97.8102
2025-07-01,2025,7,Antioquia,4,Prendas de vestir y textiles,0,95.1835
2025-07-01,2025,7,Antioquia,8,Electrodomesticos y muebles,1,175.0864
2025-07-01,2025,7,Antioquia,9,Articulos y utensilios domesticos,0,134.4156
2025-07-01,2025,7,Antioquia,10,Aseo del hogar,0,121.7598
2025-07-01,2025,7,Antioquia,11,Informatica y telecomunicaciones,0,288.5891
2025-07-01,2025,7,Antioquia,12,Sonido y video,0,186.5543
2025-07-01,2025,7,Antioquia,14,"Ferreteria, vidrios y pinturas",0,120.4548
2025-07-01,2025,7,Antioquia,15,Otras mercancias de uso domestico,0,132.6347
2025-07-01,2025,7,Atlantico,4,Prendas de vestir y textiles,0,75.7335
2025-07-01,2025,7,Atlantico,8,Electrodomesticos y muebles,1,151.0566
2025-07-01,2025,7,Atlantico,9,Articulos y utensilios domesticos,0,126.1672
2025-07-01,2025,7,Atlantico,10,Aseo del hogar,0,121.4299
2025-07-01,2025,7,Atlantico,11,Informatica y telecomunicaciones,0,252.1028
2025-07-01,2025,7,Atlantico,12,Sonido y video,0,117.8320
2025-07-01,2025,7,Atlantico,14,"Ferreteria, vidrios y pinturas",0,91.1965
2025-07-01,2025,7,Atlantico,15,Otras mercancias de uso domestico,0,121.4594
2025-07-01,2025,7,Bogota,4,Prendas de vestir y textiles,0,122.4925
2025-07-01,2025,7,Bogota,8,Electrodomesticos y muebles,1,161.5562
2025-07-01,2025,7,Bogota,9,Articulos y utensilios domesticos,0,156.6714
2025-07-01,2025,7,Bogota,10,Aseo del hogar,0,145.9869
2025-07-01,2025,7,Bogota,11,Informatica y telecomunicaciones,0,291.5624
2025-07-01,2025,7,Bogota,12,Sonido y video,0,207.6345
2025-07-01,2025,7,Bogota,14,"Ferreteria, vidrios y pinturas",0,130.8630
2025-07-01,2025,7,Bogota,15,Otras mercancias de uso domestico,0,156.8199
2025-07-01,2025,7,Cundinamarca,4,Prendas de vestir y textiles,0,126.2641
2025-07-01,2025,7,Cundinamarca,8,Electrodomesticos y muebles,1,183.0630
2025-07-01,2025,7,Cundinamarca,9,Articulos y utensilios domesticos,0,182.8794
2025-07-01,2025,7,Cundinamarca,10,Aseo del hogar,0,156.0525
2025-07-01,2025,7,Cundinamarca,11,Informatica y telecomunicaciones,0,358.8131
2025-07-01,2025,7,Cundinamarca,12,Sonido y video,0,263.0896
2025-07-01,2025,7,Cundinamarca,14,"Ferreteria, vidrios y pinturas",0,165.3274
2025-07-01,2025,7,Cundinamarca,15,Otras mercancias de uso domestico,0,144.4544
2025-07-01,2025,7,Santander,4,Prendas de vestir y textiles,0,113.4291
2025-07-01,2025,7,Santander,8,Electrodomesticos y muebles,1,145.5638
2025-07-01,2025,7,Santander,9,Articulos y utensilios domesticos,0,161.0526
2025-07-01,2025,7,Santander,10,Aseo del hogar,0,109.9193
2025-07-01,2025,7,Santander,11,Informatica y telecomunicaciones,0,349.3758
2025-07-01,2025,7,Santander,12,Sonido y video,0,135.1363
2025-07-01,2025,7,Santander,14,"Ferreteria, vidrios y pinturas",0,125.0208
2025-07-01,2025,7,Santander,15,Otras mercancias de uso domestico,0,112.9019
2025-07-01,2025,7,Valle del Cauca,4,Prendas de vestir y textiles,0,90.4855
2025-07-01,2025,7,Valle del Cauca,8,Electrodomesticos y muebles,1,146.1729
2025-07-01,2025,7,Valle del Cauca,9,Articulos y utensilios domesticos,0,145.4948
2025-07-01,2025,7,Valle del Cauca,10,Aseo del hogar,0,113.0707
2025-07-01,2025,7,Valle del Cauca,11,Informatica y telecomunicaciones,0,272.8213
2025-07-01,2025,7,Valle del Cauca,12,Sonido y video,0,140.4120
2025-07-01,2025,7,Valle del Cauca,14,"Ferreteria, vidrios y pinturas",0,99.2467
2025-07-01,2025,7,Valle del Cauca,15,Otras mercancias de uso domestico,0,113.2051
2025-07-01,2025,7,Otros departamentos,4,Prendas de vestir y textiles,0,102.3688
2025-07-01,2025,7,Otros departamentos,8,Electrodomesticos y muebles,1,170.2235
2025-07-01,2025,7,Otros departamentos,9,Articulos y utensilios domesticos,0,163.7068
2025-07-01,2025,7,Otros departamentos,10,Aseo del hogar,0,169.8558
2025-07-01,2025,7,Otros departamentos,11,Informatica y telecomunicaciones,0,242.2598
2025-07-01,2025,7,Otros departamentos,12,Sonido y video,0,170.0173
2025-07-01,2025,7,Otros departamentos,14,"Ferreteria, vidrios y pinturas",0,116.0735
2025-07-01,2025,7,Otros departamentos,15,Otras mercancias de uso domestico,0,102.8531
2025-08-01,2025,8,Antioquia,4,Prendas de vestir y textiles,0,72.8358
2025-08-01,2025,8,Antioquia,8,Electrodomesticos y muebles,1,193.8654
2025-08-01,2025,8,Antioquia,9,Articulos y utensilios domesticos,0,140.6903
2025-08-01,2025,8,Antioquia,10,Aseo del hogar,0,122.9020
2025-08-01,2025,8,Antioquia,11,Informatica y telecomunicaciones,0,321.5364
2025-08-01,2025,8,Antioquia,12,Sonido y video,0,183.2885
2025-08-01,2025,8,Antioquia,14,"Ferreteria, vidrios y pinturas",0,106.6301
2025-08-01,2025,8,Antioquia,15,Otras mercancias de uso domestico,0,138.2518
2025-08-01,2025,8,Atlantico,4,Prendas de vestir y textiles,0,69.0481
2025-08-01,2025,8,Atlantico,8,Electrodomesticos y muebles,1,157.8284
2025-08-01,2025,8,Atlantico,9,Articulos y utensilios domesticos,0,131.7193
2025-08-01,2025,8,Atlantico,10,Aseo del hogar,0,144.5230
2025-08-01,2025,8,Atlantico,11,Informatica y telecomunicaciones,0,239.7176
2025-08-01,2025,8,Atlantico,12,Sonido y video,0,112.4595
2025-08-01,2025,8,Atlantico,14,"Ferreteria, vidrios y pinturas",0,109.7096
2025-08-01,2025,8,Atlantico,15,Otras mercancias de uso domestico,0,118.2009
2025-08-01,2025,8,Bogota,4,Prendas de vestir y textiles,0,107.9218
2025-08-01,2025,8,Bogota,8,Electrodomesticos y muebles,1,177.4178
2025-08-01,2025,8,Bogota,9,Articulos y utensilios domesticos,0,193.9276
2025-08-01,2025,8,Bogota,10,Aseo del hogar,0,152.5382
2025-08-01,2025,8,Bogota,11,Informatica y telecomunicaciones,0,329.7941
2025-08-01,2025,8,Bogota,12,Sonido y video,0,231.9630
2025-08-01,2025,8,Bogota,14,"Ferreteria, vidrios y pinturas",0,139.0780
2025-08-01,2025,8,Bogota,15,Otras mercancias de uso domestico,0,174.0043
2025-08-01,2025,8,Cundinamarca,4,Prendas de vestir y textiles,0,129.5775
2025-08-01,2025,8,Cundinamarca,8,Electrodomesticos y muebles,1,192.4256
2025-08-01,2025,8,Cundinamarca,9,Articulos y utensilios domesticos,0,179.4541
2025-08-01,2025,8,Cundinamarca,10,Aseo del hogar,0,188.1589
2025-08-01,2025,8,Cundinamarca,11,Informatica y telecomunicaciones,0,377.7614
2025-08-01,2025,8,Cundinamarca,12,Sonido y video,0,258.6208
2025-08-01,2025,8,Cundinamarca,14,"Ferreteria, vidrios y pinturas",0,147.9078
2025-08-01,2025,8,Cundinamarca,15,Otras mercancias de uso domestico,0,138.8171
2025-08-01,2025,8,Santander,4,Prendas de vestir y textiles,0,103.6495
2025-08-01,2025,8,Santander,8,Electrodomesticos y muebles,1,157.3203
2025-08-01,2025,8,Santander,9,Articulos y utensilios domesticos,0,188.6236
2025-08-01,2025,8,Santander,10,Aseo del hogar,0,110.2659
2025-08-01,2025,8,Santander,11,Informatica y telecomunicaciones,0,384.1772
2025-08-01,2025,8,Santander,12,Sonido y video,0,146.2775
2025-08-01,2025,8,Santander,14,"Ferreteria, vidrios y pinturas",0,119.1004
2025-08-01,2025,8,Santander,15,Otras mercancias de uso domestico,0,117.0702
2025-08-01,2025,8,Valle del Cauca,4,Prendas de vestir y textiles,0,94.0853
2025-08-01,2025,8,Valle del Cauca,8,Electrodomesticos y muebles,1,139.0520
2025-08-01,2025,8,Valle del Cauca,9,Articulos y utensilios domesticos,0,125.3135
2025-08-01,2025,8,Valle del Cauca,10,Aseo del hogar,0,131.1360
2025-08-01,2025,8,Valle del Cauca,11,Informatica y telecomunicaciones,0,328.3207
2025-08-01,2025,8,Valle del Cauca,12,Sonido y video,0,148.6136
2025-08-01,2025,8,Valle del Cauca,14,"Ferreteria, vidrios y pinturas",0,93.9851
2025-08-01,2025,8,Valle del Cauca,15,Otras mercancias de uso domestico,0,99.9542
2025-08-01,2025,8,Otros departamentos,4,Prendas de vestir y textiles,0,108.7479
2025-08-01,2025,8,Otros departamentos,8,Electrodomesticos y muebles,1,167.2777
2025-08-01,2025,8,Otros departamentos,9,Articulos y utensilios domesticos,0,148.8535
2025-08-01,2025,8,Otros departamentos,10,Aseo del hogar,0,159.2440
2025-08-01,2025,8,Otros departamentos,11,Informatica y telecomunicaciones,0,351.5921
2025-08-01,2025,8,Otros departamentos,12,Sonido y video,0,182.5603
2025-08-01,2025,8,Otros departamentos,14,"Ferreteria, vidrios y pinturas",0,104.5698
2025-08-01,2025,8,Otros departamentos,15,Otras mercancias de uso domestico,0,99.8458
2025-09-01,2025,9,Antioquia,4,Prendas de vestir y textiles,0,70.1602
2025-09-01,2025,9,Antioquia,8,Electrodomesticos y muebles,1,169.4903
2025-09-01,2025,9,Antioquia,9,Articulos y utensilios domesticos,0,133.5587
2025-09-01,2025,9,Antioquia,10,Aseo del hogar,0,103.0434
2025-09-01,2025,9,Antioquia,11,Informatica y telecomunicaciones,0,279.3656
2025-09-01,2025,9,Antioquia,12,Sonido y video,0,152.7569
2025-09-01,2025,9,Antioquia,14,"Ferreteria, vidrios y pinturas",0,100.0524
2025-09-01,2025,9,Antioquia,15,Otras mercancias de uso domestico,0,118.6973
2025-09-01,2025,9,Atlantico,4,Prendas de vestir y textiles,0,62.7333
2025-09-01,2025,9,Atlantico,8,Electrodomesticos y muebles,1,134.2302
2025-09-01,2025,9,Atlantico,9,Articulos y utensilios domesticos,0,124.4121
2025-09-01,2025,9,Atlantico,10,Aseo del hogar,0,133.2390
2025-09-01,2025,9,Atlantico,11,Informatica y telecomunicaciones,0,216.4227
2025-09-01,2025,9,Atlantico,12,Sonido y video,0,108.9158
2025-09-01,2025,9,Atlantico,14,"Ferreteria, vidrios y pinturas",0,95.2157
2025-09-01,2025,9,Atlantico,15,Otras mercancias de uso domestico,0,110.2416
2025-09-01,2025,9,Bogota,4,Prendas de vestir y textiles,0,121.4851
2025-09-01,2025,9,Bogota,8,Electrodomesticos y muebles,1,175.0383
2025-09-01,2025,9,Bogota,9,Articulos y utensilios domesticos,0,158.2204
2025-09-01,2025,9,Bogota,10,Aseo del hogar,0,150.5407
2025-09-01,2025,9,Bogota,11,Informatica y telecomunicaciones,0,327.5398
2025-09-01,2025,9,Bogota,12,Sonido y video,0,232.2383
2025-09-01,2025,9,Bogota,14,"Ferreteria, vidrios y pinturas",0,162.9823
2025-09-01,2025,9,Bogota,15,Otras mercancias de uso domestico,0,153.6196
2025-09-01,2025,9,Cundinamarca,4,Prendas de vestir y textiles,0,128.7245
2025-09-01,2025,9,Cundinamarca,8,Electrodomesticos y muebles,1,149.8168
2025-09-01,2025,9,Cundinamarca,9,Articulos y utensilios domesticos,0,179.4457
2025-09-01,2025,9,Cundinamarca,10,Aseo del hogar,0,177.7721
2025-09-01,2025,9,Cundinamarca,11,Informatica y telecomunicaciones,0,268.0181
2025-09-01,2025,9,Cundinamarca,12,Sonido y video,0,202.5936
2025-09-01,2025,9,Cundinamarca,14,"Ferreteria, vidrios y pinturas",0,146.4303
2025-09-01,2025,9,Cundinamarca,15,Otras mercancias de uso domestico,0,136.4959
2025-09-01,2025,9,Santander,4,Prendas de vestir y textiles,0,88.3046
2025-09-01,2025,9,Santander,8,Electrodomesticos y muebles,1,102.9562
2025-09-01,2025,9,Santander,9,Articulos y utensilios domesticos,0,163.6201
2025-09-01,2025,9,Santander,10,Aseo del hogar,0,111.5969
2025-09-01,2025,9,Santander,11,Informatica y telecomunicaciones,0,257.7529
2025-09-01,2025,9,Santander,12,Sonido y video,0,120.7232
2025-09-01,2025,9,Santander,14,"Ferreteria, vidrios y pinturas",0,108.1316
2025-09-01,2025,9,Santander,15,Otras mercancias de uso domestico,0,107.0568
2025-09-01,2025,9,Valle del Cauca,4,Prendas de vestir y textiles,0,80.9504
2025-09-01,2025,9,Valle del Cauca,8,Electrodomesticos y muebles,1,88.8491
2025-09-01,2025,9,Valle del Cauca,9,Articulos y utensilios domesticos,0,129.8873
2025-09-01,2025,9,Valle del Cauca,10,Aseo del hogar,0,114.9020
2025-09-01,2025,9,Valle del Cauca,11,Informatica y telecomunicaciones,0,218.0109
2025-09-01,2025,9,Valle del Cauca,12,Sonido y video,0,92.4180
2025-09-01,2025,9,Valle del Cauca,14,"Ferreteria, vidrios y pinturas",0,97.2660
2025-09-01,2025,9,Valle del Cauca,15,Otras mercancias de uso domestico,0,103.5340
2025-09-01,2025,9,Otros departamentos,4,Prendas de vestir y textiles,0,98.7169
2025-09-01,2025,9,Otros departamentos,8,Electrodomesticos y muebles,1,142.5260
2025-09-01,2025,9,Otros departamentos,9,Articulos y utensilios domesticos,0,149.7602
2025-09-01,2025,9,Otros departamentos,10,Aseo del hogar,0,143.8910
2025-09-01,2025,9,Otros departamentos,11,Informatica y telecomunicaciones,0,271.3519
2025-09-01,2025,9,Otros departamentos,12,Sonido y video,0,141.4683
2025-09-01,2025,9,Otros departamentos,14,"Ferreteria, vidrios y pinturas",0,106.4970
2025-09-01,2025,9,Otros departamentos,15,Otras mercancias de uso domestico,0,123.5180
2025-10-01,2025,10,Antioquia,4,Prendas de vestir y textiles,0,79.3905
2025-10-01,2025,10,Antioquia,8,Electrodomesticos y muebles,1,174.3206
2025-10-01,2025,10,Antioquia,9,Articulos y utensilios domesticos,0,151.5578
2025-10-01,2025,10,Antioquia,10,Aseo del hogar,0,133.2683
2025-10-01,2025,10,Antioquia,11,Informatica y telecomunicaciones,0,346.8523
2025-10-01,2025,10,Antioquia,12,Sonido y video,0,211.6326
2025-10-01,2025,10,Antioquia,14,"Ferreteria, vidrios y pinturas",0,133.3771
2025-10-01,2025,10,Antioquia,15,Otras mercancias de uso domestico,0,129.6558
2025-10-01,2025,10,Atlantico,4,Prendas de vestir y textiles,0,85.6616
2025-10-01,2025,10,Atlantico,8,Electrodomesticos y muebles,1,117.1340
2025-10-01,2025,10,Atlantico,9,Articulos y utensilios domesticos,0,124.0154
2025-10-01,2025,10,Atlantico,10,Aseo del hogar,0,108.5138
2025-10-01,2025,10,Atlantico,11,Informatica y telecomunicaciones,0,217.8921
2025-10-01,2025,10,Atlantico,12,Sonido y video,0,118.1331
2025-10-01,2025,10,Atlantico,14,"Ferreteria, vidrios y pinturas",0,103.1109
2025-10-01,2025,10,Atlantico,15,Otras mercancias de uso domestico,0,108.5446
2025-10-01,2025,10,Bogota,4,Prendas de vestir y textiles,0,138.1757
2025-10-01,2025,10,Bogota,8,Electrodomesticos y muebles,1,165.8544
2025-10-01,2025,10,Bogota,9,Articulos y utensilios domesticos,0,210.1903
2025-10-01,2025,10,Bogota,10,Aseo del hogar,0,148.5478
2025-10-01,2025,10,Bogota,11,Informatica y telecomunicaciones,0,358.6740
2025-10-01,2025,10,Bogota,12,Sonido y video,0,195.1795
2025-10-01,2025,10,Bogota,14,"Ferreteria, vidrios y pinturas",0,157.6051
2025-10-01,2025,10,Bogota,15,Otras mercancias de uso domestico,0,158.2169
2025-10-01,2025,10,Cundinamarca,4,Prendas de vestir y textiles,0,113.5437
2025-10-01,2025,10,Cundinamarca,8,Electrodomesticos y muebles,1,135.5250
2025-10-01,2025,10,Cundinamarca,9,Articulos y utensilios domesticos,0,163.0060
2025-10-01,2025,10,Cundinamarca,10,Aseo del hogar,0,160.5387
2025-10-01,2025,10,Cundinamarca,11,Informatica y telecomunicaciones,0,259.1571
2025-10-01,2025,10,Cundinamarca,12,Sonido y video,0,220.0846
2025-10-01,2025,10,Cundinamarca,14,"Ferreteria, vidrios y pinturas",0,163.6454
2025-10-01,2025,10,Cundinamarca,15,Otras mercancias de uso domestico,0,162.7055
2025-10-01,2025,10,Santander,4,Prendas de vestir y textiles,0,103.0936
2025-10-01,2025,10,Santander,8,Electrodomesticos y muebles,1,94.2307
2025-10-01,2025,10,Santander,9,Articulos y utensilios domesticos,0,156.0480
2025-10-01,2025,10,Santander,10,Aseo del hogar,0,143.4222
2025-10-01,2025,10,Santander,11,Informatica y telecomunicaciones,0,264.3773
2025-10-01,2025,10,Santander,12,Sonido y video,0,140.2508
2025-10-01,2025,10,Santander,14,"Ferreteria, vidrios y pinturas",0,128.1974
2025-10-01,2025,10,Santander,15,Otras mercancias de uso domestico,0,124.1987
2025-10-01,2025,10,Valle del Cauca,4,Prendas de vestir y textiles,0,76.0167
2025-10-01,2025,10,Valle del Cauca,8,Electrodomesticos y muebles,1,100.6205
2025-10-01,2025,10,Valle del Cauca,9,Articulos y utensilios domesticos,0,135.2280
2025-10-01,2025,10,Valle del Cauca,10,Aseo del hogar,0,122.0746
2025-10-01,2025,10,Valle del Cauca,11,Informatica y telecomunicaciones,0,207.0485
2025-10-01,2025,10,Valle del Cauca,12,Sonido y video,0,111.1726
2025-10-01,2025,10,Valle del Cauca,14,"Ferreteria, vidrios y pinturas",0,99.6223
2025-10-01,2025,10,Valle del Cauca,15,Otras mercancias de uso domestico,0,137.1555
2025-10-01,2025,10,Otros departamentos,4,Prendas de vestir y textiles,0,100.1854
2025-10-01,2025,10,Otros departamentos,8,Electrodomesticos y muebles,1,147.6283
2025-10-01,2025,10,Otros departamentos,9,Articulos y utensilios domesticos,0,163.3918
2025-10-01,2025,10,Otros departamentos,10,Aseo del hogar,0,145.6296
2025-10-01,2025,10,Otros departamentos,11,Informatica y telecomunicaciones,0,221.7206
2025-10-01,2025,10,Otros departamentos,12,Sonido y video,0,153.2608
2025-10-01,2025,10,Otros departamentos,14,"Ferreteria, vidrios y pinturas",0,107.5413
2025-10-01,2025,10,Otros departamentos,15,Otras mercancias de uso domestico,0,132.3557
2025-11-01,2025,11,Antioquia,4,Prendas de vestir y textiles,0,112.3005
2025-11-01,2025,11,Antioquia,8,Electrodomesticos y muebles,1,240.8488
2025-11-01,2025,11,Antioquia,9,Articulos y utensilios domesticos,0,205.9913
2025-11-01,2025,11,Antioquia,10,Aseo del hogar,0,122.0158
2025-11-01,2025,11,Antioquia,11,Informatica y telecomunicaciones,0,490.7707
2025-11-01,2025,11,Antioquia,12,Sonido y video,0,344.7307
2025-11-01,2025,11,Antioquia,14,"Ferreteria, vidrios y pinturas",0,131.9860
2025-11-01,2025,11,Antioquia,15,Otras mercancias de uso domestico,0,161.9490
2025-11-01,2025,11,Atlantico,4,Prendas de vestir y textiles,0,114.7465
2025-11-01,2025,11,Atlantico,8,Electrodomesticos y muebles,1,161.9803
2025-11-01,2025,11,Atlantico,9,Articulos y utensilios domesticos,0,135.9379
2025-11-01,2025,11,Atlantico,10,Aseo del hogar,0,103.9555
2025-11-01,2025,11,Atlantico,11,Informatica y telecomunicaciones,0,233.7798
2025-11-01,2025,11,Atlantico,12,Sonido y video,0,197.0973
2025-11-01,2025,11,Atlantico,14,"Ferreteria, vidrios y pinturas",0,102.2602
2025-11-01,2025,11,Atlantico,15,Otras mercancias de uso domestico,0,117.7405
2025-11-01,2025,11,Bogota,4,Prendas de vestir y textiles,0,166.0001
2025-11-01,2025,11,Bogota,8,Electrodomesticos y muebles,1,204.1510
2025-11-01,2025,11,Bogota,9,Articulos y utensilios domesticos,0,243.3008
2025-11-01,2025,11,Bogota,10,Aseo del hogar,0,166.5735
2025-11-01,2025,11,Bogota,11,Informatica y telecomunicaciones,0,457.0400
2025-11-01,2025,11,Bogota,12,Sonido y video,0,310.6192
2025-11-01,2025,11,Bogota,14,"Ferreteria, vidrios y pinturas",0,148.3620
2025-11-01,2025,11,Bogota,15,Otras mercancias de uso domestico,0,211.0208
2025-11-01,2025,11,Cundinamarca,4,Prendas de vestir y textiles,0,135.5927
2025-11-01,2025,11,Cundinamarca,8,Electrodomesticos y muebles,1,203.5169
2025-11-01,2025,11,Cundinamarca,9,Articulos y utensilios domesticos,0,190.5699
2025-11-01,2025,11,Cundinamarca,10,Aseo del hogar,0,146.1745
2025-11-01,2025,11,Cundinamarca,11,Informatica y telecomunicaciones,0,315.2335
2025-11-01,2025,11,Cundinamarca,12,Sonido y video,0,349.5551
2025-11-01,2025,11,Cundinamarca,14,"Ferreteria, vidrios y pinturas",0,173.7336
2025-11-01,2025,11,Cundinamarca,15,Otras mercancias de uso domestico,0,176.7827
2025-11-01,2025,11,Santander,4,Prendas de vestir y textiles,0,120.3849
2025-11-01,2025,11,Santander,8,Electrodomesticos y muebles,1,166.8687
2025-11-01,2025,11,Santander,9,Articulos y utensilios domesticos,0,182.3597
2025-11-01,2025,11,Santander,10,Aseo del hogar,0,126.6161
2025-11-01,2025,11,Santander,11,Informatica y telecomunicaciones,0,294.2229
2025-11-01,2025,11,Santander,12,Sonido y video,0,193.5758
2025-11-01,2025,11,Santander,14,"Ferreteria, vidrios y pinturas",0,124.3258
2025-11-01,2025,11,Santander,15,Otras mercancias de uso domestico,0,170.1281
2025-11-01,2025,11,Valle del Cauca,4,Prendas de vestir y textiles,0,86.5110
2025-11-01,2025,11,Valle del Cauca,8,Electrodomesticos y muebles,1,138.9925
2025-11-01,2025,11,Valle del Cauca,9,Articulos y utensilios domesticos,0,135.3915
2025-11-01,2025,11,Valle del Cauca,10,Aseo del hogar,0,112.0081
2025-11-01,2025,11,Valle del Cauca,11,Informatica y telecomunicaciones,0,287.7352
2025-11-01,2025,11,Valle del Cauca,12,Sonido y video,0,164.1564
2025-11-01,2025,11,Valle del Cauca,14,"Ferreteria, vidrios y pinturas",0,119.9988
2025-11-01,2025,11,Valle del Cauca,15,Otras mercancias de uso domestico,0,148.3602
2025-11-01,2025,11,Otros departamentos,4,Prendas de vestir y textiles,0,149.1919
2025-11-01,2025,11,Otros departamentos,8,Electrodomesticos y muebles,1,172.4526
2025-11-01,2025,11,Otros departamentos,9,Articulos y utensilios domesticos,0,199.7207
2025-11-01,2025,11,Otros departamentos,10,Aseo del hogar,0,159.2003
2025-11-01,2025,11,Otros departamentos,11,Informatica y telecomunicaciones,0,301.0281
2025-11-01,2025,11,Otros departamentos,12,Sonido y video,0,228.4286
2025-11-01,2025,11,Otros departamentos,14,"Ferreteria, vidrios y pinturas",0,106.7530
2025-11-01,2025,11,Otros departamentos,15,Otras mercancias de uso domestico,0,140.3923
2025-12-01,2025,12,Antioquia,4,Prendas de vestir y textiles,0,263.4772
2025-12-01,2025,12,Antioquia,8,Electrodomesticos y muebles,1,195.6209
2025-12-01,2025,12,Antioquia,9,Articulos y utensilios domesticos,0,184.9490
2025-12-01,2025,12,Antioquia,10,Aseo del hogar,0,168.7507
2025-12-01,2025,12,Antioquia,11,Informatica y telecomunicaciones,0,534.0300
2025-12-01,2025,12,Antioquia,12,Sonido y video,0,297.6825
2025-12-01,2025,12,Antioquia,14,"Ferreteria, vidrios y pinturas",0,124.1603
2025-12-01,2025,12,Antioquia,15,Otras mercancias de uso domestico,0,195.5235
2025-12-01,2025,12,Atlantico,4,Prendas de vestir y textiles,0,238.5838
2025-12-01,2025,12,Atlantico,8,Electrodomesticos y muebles,1,142.6918
2025-12-01,2025,12,Atlantico,9,Articulos y utensilios domesticos,0,157.7179
2025-12-01,2025,12,Atlantico,10,Aseo del hogar,0,121.8114
2025-12-01,2025,12,Atlantico,11,Informatica y telecomunicaciones,0,333.9851
2025-12-01,2025,12,Atlantico,12,Sonido y video,0,211.0283
2025-12-01,2025,12,Atlantico,14,"Ferreteria, vidrios y pinturas",0,105.3785
2025-12-01,2025,12,Atlantico,15,Otras mercancias de uso domestico,0,157.7802
2025-12-01,2025,12,Bogota,4,Prendas de vestir y textiles,0,320.4135
2025-12-01,2025,12,Bogota,8,Electrodomesticos y muebles,1,193.5153
2025-12-01,2025,12,Bogota,9,Articulos y utensilios domesticos,0,246.2504
2025-12-01,2025,12,Bogota,10,Aseo del hogar,0,155.4653
2025-12-01,2025,12,Bogota,11,Informatica y telecomunicaciones,0,508.4505
2025-12-01,2025,12,Bogota,12,Sonido y video,0,270.8373
2025-12-01,2025,12,Bogota,14,"Ferreteria, vidrios y pinturas",0,140.6447
2025-12-01,2025,12,Bogota,15,Otras mercancias de uso domestico,0,231.0388
2025-12-01,2025,12,Cundinamarca,4,Prendas de vestir y textiles,0,320.1576
2025-12-01,2025,12,Cundinamarca,8,Electrodomesticos y muebles,1,219.7169
2025-12-01,2025,12,Cundinamarca,9,Articulos y utensilios domesticos,0,261.3793
2025-12-01,2025,12,Cundinamarca,10,Aseo del hogar,0,205.1263
2025-12-01,2025,12,Cundinamarca,11,Informatica y telecomunicaciones,0,454.3568
2025-12-01,2025,12,Cundinamarca,12,Sonido y video,0,367.4799
2025-12-01,2025,12,Cundinamarca,14,"Ferreteria, vidrios y pinturas",0,147.3580
2025-12-01,2025,12,Cundinamarca,15,Otras mercancias de uso domestico,0,265.6210
2025-12-01,2025,12,Santander,4,Prendas de vestir y textiles,0,227.1411
2025-12-01,2025,12,Santander,8,Electrodomesticos y muebles,1,136.0191
2025-12-01,2025,12,Santander,9,Articulos y utensilios domesticos,0,202.2453
2025-12-01,2025,12,Santander,10,Aseo del hogar,0,122.5825
2025-12-01,2025,12,Santander,11,Informatica y telecomunicaciones,0,358.8506
2025-12-01,2025,12,Santander,12,Sonido y video,0,191.3001
2025-12-01,2025,12,Santander,14,"Ferreteria, vidrios y pinturas",0,132.6914
2025-12-01,2025,12,Santander,15,Otras mercancias de uso domestico,0,180.7849
2025-12-01,2025,12,Valle del Cauca,4,Prendas de vestir y textiles,0,196.6981
2025-12-01,2025,12,Valle del Cauca,8,Electrodomesticos y muebles,1,118.4644
2025-12-01,2025,12,Valle del Cauca,9,Articulos y utensilios domesticos,0,162.3917
2025-12-01,2025,12,Valle del Cauca,10,Aseo del hogar,0,121.0920
2025-12-01,2025,12,Valle del Cauca,11,Informatica y telecomunicaciones,0,288.8844
2025-12-01,2025,12,Valle del Cauca,12,Sonido y video,0,185.4054
2025-12-01,2025,12,Valle del Cauca,14,"Ferreteria, vidrios y pinturas",0,103.1177
2025-12-01,2025,12,Valle del Cauca,15,Otras mercancias de uso domestico,0,171.6156
2025-12-01,2025,12,Otros departamentos,4,Prendas de vestir y textiles,0,295.6757
2025-12-01,2025,12,Otros departamentos,8,Electrodomesticos y muebles,1,173.2339
2025-12-01,2025,12,Otros departamentos,9,Articulos y utensilios domesticos,0,291.7694
2025-12-01,2025,12,Otros departamentos,10,Aseo del hogar,0,164.8734
2025-12-01,2025,12,Otros departamentos,11,Informatica y telecomunicaciones,0,406.9948
2025-12-01,2025,12,Otros departamentos,12,Sonido y video,0,235.2344
2025-12-01,2025,12,Otros departamentos,14,"Ferreteria, vidrios y pinturas",0,104.4871
2025-12-01,2025,12,Otros departamentos,15,Otras mercancias de uso domestico,0,223.8294
2026-01-01,2026,1,Antioquia,4,Prendas de vestir y textiles,0,96.6858
2026-01-01,2026,1,Antioquia,8,Electrodomesticos y muebles,1,171.7314
2026-01-01,2026,1,Antioquia,9,Articulos y utensilios domesticos,0,145.0883
2026-01-01,2026,1,Antioquia,10,Aseo del hogar,0,171.1181
2026-01-01,2026,1,Antioquia,11,Informatica y telecomunicaciones,0,409.0430
2026-01-01,2026,1,Antioquia,12,Sonido y video,0,176.7832
2026-01-01,2026,1,Antioquia,14,"Ferreteria, vidrios y pinturas",0,127.8441
2026-01-01,2026,1,Antioquia,15,Otras mercancias de uso domestico,0,123.5301
2026-01-01,2026,1,Atlantico,4,Prendas de vestir y textiles,0,72.5849
2026-01-01,2026,1,Atlantico,8,Electrodomesticos y muebles,1,136.8937
2026-01-01,2026,1,Atlantico,9,Articulos y utensilios domesticos,0,159.4051
2026-01-01,2026,1,Atlantico,10,Aseo del hogar,0,110.2713
2026-01-01,2026,1,Atlantico,11,Informatica y telecomunicaciones,0,235.3997
2026-01-01,2026,1,Atlantico,12,Sonido y video,0,162.2920
2026-01-01,2026,1,Atlantico,14,"Ferreteria, vidrios y pinturas",0,95.7023
2026-01-01,2026,1,Atlantico,15,Otras mercancias de uso domestico,0,91.5753
2026-01-01,2026,1,Bogota,4,Prendas de vestir y textiles,0,113.9035
2026-01-01,2026,1,Bogota,8,Electrodomesticos y muebles,1,206.9550
2026-01-01,2026,1,Bogota,9,Articulos y utensilios domesticos,0,194.0206
2026-01-01,2026,1,Bogota,10,Aseo del hogar,0,149.3920
2026-01-01,2026,1,Bogota,11,Informatica y telecomunicaciones,0,336.4593
2026-01-01,2026,1,Bogota,12,Sonido y video,0,189.8485
2026-01-01,2026,1,Bogota,14,"Ferreteria, vidrios y pinturas",0,104.8020
2026-01-01,2026,1,Bogota,15,Otras mercancias de uso domestico,0,154.9257
2026-01-01,2026,1,Cundinamarca,4,Prendas de vestir y textiles,0,133.6279
2026-01-01,2026,1,Cundinamarca,8,Electrodomesticos y muebles,1,213.2738
2026-01-01,2026,1,Cundinamarca,9,Articulos y utensilios domesticos,0,219.2060
2026-01-01,2026,1,Cundinamarca,10,Aseo del hogar,0,231.2760
2026-01-01,2026,1,Cundinamarca,11,Informatica y telecomunicaciones,0,439.5411
2026-01-01,2026,1,Cundinamarca,12,Sonido y video,0,282.9697
2026-01-01,2026,1,Cundinamarca,14,"Ferreteria, vidrios y pinturas",0,112.1344
2026-01-01,2026,1,Cundinamarca,15,Otras mercancias de uso domestico,0,154.3824
2026-01-01,2026,1,Santander,4,Prendas de vestir y textiles,0,87.7751
2026-01-01,2026,1,Santander,8,Electrodomesticos y muebles,1,142.3665
2026-01-01,2026,1,Santander,9,Articulos y utensilios domesticos,0,199.3185
2026-01-01,2026,1,Santander,10,Aseo del hogar,0,162.5934
2026-01-01,2026,1,Santander,11,Informatica y telecomunicaciones,0,261.4713
2026-01-01,2026,1,Santander,12,Sonido y video,0,146.2391
2026-01-01,2026,1,Santander,14,"Ferreteria, vidrios y pinturas",0,106.6712
2026-01-01,2026,1,Santander,15,Otras mercancias de uso domestico,0,113.4672
2026-01-01,2026,1,Valle del Cauca,4,Prendas de vestir y textiles,0,69.2712
2026-01-01,2026,1,Valle del Cauca,8,Electrodomesticos y muebles,1,141.3509
2026-01-01,2026,1,Valle del Cauca,9,Articulos y utensilios domesticos,0,122.7959
2026-01-01,2026,1,Valle del Cauca,10,Aseo del hogar,0,96.2958
2026-01-01,2026,1,Valle del Cauca,11,Informatica y telecomunicaciones,0,196.2306
2026-01-01,2026,1,Valle del Cauca,12,Sonido y video,0,121.6952
2026-01-01,2026,1,Valle del Cauca,14,"Ferreteria, vidrios y pinturas",0,85.9125
2026-01-01,2026,1,Valle del Cauca,15,Otras mercancias de uso domestico,0,106.1817
2026-01-01,2026,1,Otros departamentos,4,Prendas de vestir y textiles,0,87.6978
2026-01-01,2026,1,Otros departamentos,8,Electrodomesticos y muebles,1,153.5815
2026-01-01,2026,1,Otros departamentos,9,Articulos y utensilios domesticos,0,188.2926
2026-01-01,2026,1,Otros departamentos,10,Aseo del hogar,0,146.7719
2026-01-01,2026,1,Otros departamentos,11,Informatica y telecomunicaciones,0,291.2914
2026-01-01,2026,1,Otros departamentos,12,Sonido y video,0,159.0680
2026-01-01,2026,1,Otros departamentos,14,"Ferreteria, vidrios y pinturas",0,107.9062
2026-01-01,2026,1,Otros departamentos,15,Otras mercancias de uso domestico,0,119.3804
2026-02-01,2026,2,Antioquia,4,Prendas de vestir y textiles,0,75.3695
2026-02-01,2026,2,Antioquia,8,Electrodomesticos y muebles,1,149.1765
2026-02-01,2026,2,Antioquia,9,Articulos y utensilios domesticos,0,150.8066
2026-02-01,2026,2,Antioquia,10,Aseo del hogar,0,152.8433
2026-02-01,2026,2,Antioquia,11,Informatica y telecomunicaciones,0,408.6429
2026-02-01,2026,2,Antioquia,12,Sonido y video,0,164.6206
2026-02-01,2026,2,Antioquia,14,"Ferreteria, vidrios y pinturas",0,125.6491
2026-02-01,2026,2,Antioquia,15,Otras mercancias de uso domestico,0,108.6179
2026-02-01,2026,2,Atlantico,4,Prendas de vestir y textiles,0,52.1114
2026-02-01,2026,2,Atlantico,8,Electrodomesticos y muebles,1,122.9874
2026-02-01,2026,2,Atlantico,9,Articulos y utensilios domesticos,0,157.8885
2026-02-01,2026,2,Atlantico,10,Aseo del hogar,0,98.1441
2026-02-01,2026,2,Atlantico,11,Informatica y telecomunicaciones,0,233.2520
2026-02-01,2026,2,Atlantico,12,Sonido y video,0,138.2451
2026-02-01,2026,2,Atlantico,14,"Ferreteria, vidrios y pinturas",0,81.9781
2026-02-01,2026,2,Atlantico,15,Otras mercancias de uso domestico,0,79.8051
2026-02-01,2026,2,Bogota,4,Prendas de vestir y textiles,0,84.4176
2026-02-01,2026,2,Bogota,8,Electrodomesticos y muebles,1,173.5080
2026-02-01,2026,2,Bogota,9,Articulos y utensilios domesticos,0,165.2386
2026-02-01,2026,2,Bogota,10,Aseo del hogar,0,123.6202
2026-02-01,2026,2,Bogota,11,Informatica y telecomunicaciones,0,312.9099
2026-02-01,2026,2,Bogota,12,Sonido y video,0,209.1611
2026-02-01,2026,2,Bogota,14,"Ferreteria, vidrios y pinturas",0,99.7609
2026-02-01,2026,2,Bogota,15,Otras mercancias de uso domestico,0,130.4932
2026-02-01,2026,2,Cundinamarca,4,Prendas de vestir y textiles,0,106.9069
2026-02-01,2026,2,Cundinamarca,8,Electrodomesticos y muebles,1,180.9459
2026-02-01,2026,2,Cundinamarca,9,Articulos y utensilios domesticos,0,200.8883
2026-02-01,2026,2,Cundinamarca,10,Aseo del hogar,0,173.4294
2026-02-01,2026,2,Cundinamarca,11,Informatica y telecomunicaciones,0,458.0000
2026-02-01,2026,2,Cundinamarca,12,Sonido y video,0,279.0908
2026-02-01,2026,2,Cundinamarca,14,"Ferreteria, vidrios y pinturas",0,128.1886
2026-02-01,2026,2,Cundinamarca,15,Otras mercancias de uso domestico,0,161.7794
2026-02-01,2026,2,Santander,4,Prendas de vestir y textiles,0,72.7512
2026-02-01,2026,2,Santander,8,Electrodomesticos y muebles,1,134.9302
2026-02-01,2026,2,Santander,9,Articulos y utensilios domesticos,0,197.3293
2026-02-01,2026,2,Santander,10,Aseo del hogar,0,186.0388
2026-02-01,2026,2,Santander,11,Informatica y telecomunicaciones,0,265.7809
2026-02-01,2026,2,Santander,12,Sonido y video,0,166.9293
2026-02-01,2026,2,Santander,14,"Ferreteria, vidrios y pinturas",0,128.8170
2026-02-01,2026,2,Santander,15,Otras mercancias de uso domestico,0,110.8677
2026-02-01,2026,2,Valle del Cauca,4,Prendas de vestir y textiles,0,62.6351
2026-02-01,2026,2,Valle del Cauca,8,Electrodomesticos y muebles,1,140.0671
2026-02-01,2026,2,Valle del Cauca,9,Articulos y utensilios domesticos,0,108.7729
2026-02-01,2026,2,Valle del Cauca,10,Aseo del hogar,0,105.6429
2026-02-01,2026,2,Valle del Cauca,11,Informatica y telecomunicaciones,0,216.6247
2026-02-01,2026,2,Valle del Cauca,12,Sonido y video,0,120.1633
2026-02-01,2026,2,Valle del Cauca,14,"Ferreteria, vidrios y pinturas",0,82.5309
2026-02-01,2026,2,Valle del Cauca,15,Otras mercancias de uso domestico,0,90.4717
2026-02-01,2026,2,Otros departamentos,4,Prendas de vestir y textiles,0,81.8679
2026-02-01,2026,2,Otros departamentos,8,Electrodomesticos y muebles,1,164.3937
2026-02-01,2026,2,Otros departamentos,9,Articulos y utensilios domesticos,0,176.5755
2026-02-01,2026,2,Otros departamentos,10,Aseo del hogar,0,149.4013
2026-02-01,2026,2,Otros departamentos,11,Informatica y telecomunicaciones,0,314.2837
2026-02-01,2026,2,Otros departamentos,12,Sonido y video,0,180.6374
2026-02-01,2026,2,Otros departamentos,14,"Ferreteria, vidrios y pinturas",0,119.9144
2026-02-01,2026,2,Otros departamentos,15,Otras mercancias de uso domestico,0,119.6004
2026-03-01,2026,3,Antioquia,4,Prendas de vestir y textiles,0,75.1043
2026-03-01,2026,3,Antioquia,8,Electrodomesticos y muebles,1,152.6392
2026-03-01,2026,3,Antioquia,9,Articulos y utensilios domesticos,0,158.8167
2026-03-01,2026,3,Antioquia,10,Aseo del hogar,0,180.6850
2026-03-01,2026,3,Antioquia,11,Informatica y telecomunicaciones,0,427.9904
2026-03-01,2026,3,Antioquia,12,Sonido y video,0,145.8430
2026-03-01,2026,3,Antioquia,14,"Ferreteria, vidrios y pinturas",0,164.0981
2026-03-01,2026,3,Antioquia,15,Otras mercancias de uso domestico,0,120.2555
2026-03-01,2026,3,Atlantico,4,Prendas de vestir y textiles,0,74.6807
2026-03-01,2026,3,Atlantico,8,Electrodomesticos y muebles,1,150.1264
2026-03-01,2026,3,Atlantico,9,Articulos y utensilios domesticos,0,203.6628
2026-03-01,2026,3,Atlantico,10,Aseo del hogar,0,121.7549
2026-03-01,2026,3,Atlantico,11,Informatica y telecomunicaciones,0,215.5544
2026-03-01,2026,3,Atlantico,12,Sonido y video,0,157.0751
2026-03-01,2026,3,Atlantico,14,"Ferreteria, vidrios y pinturas",0,109.8921
2026-03-01,2026,3,Atlantico,15,Otras mercancias de uso domestico,0,93.4626
2026-03-01,2026,3,Bogota,4,Prendas de vestir y textiles,0,109.8301
2026-03-01,2026,3,Bogota,8,Electrodomesticos y muebles,1,198.6719
2026-03-01,2026,3,Bogota,9,Articulos y utensilios domesticos,0,193.4908
2026-03-01,2026,3,Bogota,10,Aseo del hogar,0,139.6193
2026-03-01,2026,3,Bogota,11,Informatica y telecomunicaciones,0,324.9718
2026-03-01,2026,3,Bogota,12,Sonido y video,0,237.6105
2026-03-01,2026,3,Bogota,14,"Ferreteria, vidrios y pinturas",0,109.1896
2026-03-01,2026,3,Bogota,15,Otras mercancias de uso domestico,0,135.2508
2026-03-01,2026,3,Cundinamarca,4,Prendas de vestir y textiles,0,95.8832
2026-03-01,2026,3,Cundinamarca,8,Electrodomesticos y muebles,1,192.1052
2026-03-01,2026,3,Cundinamarca,9,Articulos y utensilios domesticos,0,261.7645
2026-03-01,2026,3,Cundinamarca,10,Aseo del hogar,0,169.0485
2026-03-01,2026,3,Cundinamarca,11,Informatica y telecomunicaciones,0,457.0237
2026-03-01,2026,3,Cundinamarca,12,Sonido y video,0,371.3859
2026-03-01,2026,3,Cundinamarca,14,"Ferreteria, vidrios y pinturas",0,180.7316
2026-03-01,2026,3,Cundinamarca,15,Otras mercancias de uso domestico,0,168.9561
2026-03-01,2026,3,Santander,4,Prendas de vestir y textiles,0,88.7186
2026-03-01,2026,3,Santander,8,Electrodomesticos y muebles,1,129.0320
2026-03-01,2026,3,Santander,9,Articulos y utensilios domesticos,0,168.1603
2026-03-01,2026,3,Santander,10,Aseo del hogar,0,173.2942
2026-03-01,2026,3,Santander,11,Informatica y telecomunicaciones,0,276.6899
2026-03-01,2026,3,Santander,12,Sonido y video,0,196.9116
2026-03-01,2026,3,Santander,14,"Ferreteria, vidrios y pinturas",0,127.2281
2026-03-01,2026,3,Santander,15,Otras mercancias de uso domestico,0,117.3877
2026-03-01,2026,3,Valle del Cauca,4,Prendas de vestir y textiles,0,73.1122
2026-03-01,2026,3,Valle del Cauca,8,Electrodomesticos y muebles,1,145.5249
2026-03-01,2026,3,Valle del Cauca,9,Articulos y utensilios domesticos,0,133.3176
2026-03-01,2026,3,Valle del Cauca,10,Aseo del hogar,0,109.1440
2026-03-01,2026,3,Valle del Cauca,11,Informatica y telecomunicaciones,0,234.3729
2026-03-01,2026,3,Valle del Cauca,12,Sonido y video,0,142.7474
2026-03-01,2026,3,Valle del Cauca,14,"Ferreteria, vidrios y pinturas",0,95.7102
2026-03-01,2026,3,Valle del Cauca,15,Otras mercancias de uso domestico,0,105.8174
2026-03-01,2026,3,Otros departamentos,4,Prendas de vestir y textiles,0,103.7164
2026-03-01,2026,3,Otros departamentos,8,Electrodomesticos y muebles,1,192.3266
2026-03-01,2026,3,Otros departamentos,9,Articulos y utensilios domesticos,0,177.8961
2026-03-01,2026,3,Otros departamentos,10,Aseo del hogar,0,163.7783
2026-03-01,2026,3,Otros departamentos,11,Informatica y telecomunicaciones,0,285.7060
2026-03-01,2026,3,Otros departamentos,12,Sonido y video,0,199.1518
2026-03-01,2026,3,Otros departamentos,14,"Ferreteria, vidrios y pinturas",0,125.9036
2026-03-01,2026,3,Otros departamentos,15,Otras mercancias de uso domestico,0,147.1454
2026-04-01,2026,4,Antioquia,4,Prendas de vestir y textiles,0,84.7799
2026-04-01,2026,4,Antioquia,8,Electrodomesticos y muebles,1,183.3749
2026-04-01,2026,4,Antioquia,9,Articulos y utensilios domesticos,0,154.9970
2026-04-01,2026,4,Antioquia,10,Aseo del hogar,0,156.1743
2026-04-01,2026,4,Antioquia,11,Informatica y telecomunicaciones,0,325.5216
2026-04-01,2026,4,Antioquia,12,Sonido y video,0,183.6093
2026-04-01,2026,4,Antioquia,14,"Ferreteria, vidrios y pinturas",0,133.5785
2026-04-01,2026,4,Antioquia,15,Otras mercancias de uso domestico,0,115.2146
2026-04-01,2026,4,Atlantico,4,Prendas de vestir y textiles,0,76.3359
2026-04-01,2026,4,Atlantico,8,Electrodomesticos y muebles,1,144.2842
2026-04-01,2026,4,Atlantico,9,Articulos y utensilios domesticos,0,166.5081
2026-04-01,2026,4,Atlantico,10,Aseo del hogar,0,114.7444
2026-04-01,2026,4,Atlantico,11,Informatica y telecomunicaciones,0,198.5914
2026-04-01,2026,4,Atlantico,12,Sonido y video,0,165.6825
2026-04-01,2026,4,Atlantico,14,"Ferreteria, vidrios y pinturas",0,80.3548
2026-04-01,2026,4,Atlantico,15,Otras mercancias de uso domestico,0,94.7016
2026-04-01,2026,4,Bogota,4,Prendas de vestir y textiles,0,87.6546
2026-04-01,2026,4,Bogota,8,Electrodomesticos y muebles,1,148.4941
2026-04-01,2026,4,Bogota,9,Articulos y utensilios domesticos,0,167.7356
2026-04-01,2026,4,Bogota,10,Aseo del hogar,0,127.1677
2026-04-01,2026,4,Bogota,11,Informatica y telecomunicaciones,0,310.3491
2026-04-01,2026,4,Bogota,12,Sonido y video,0,209.3614
2026-04-01,2026,4,Bogota,14,"Ferreteria, vidrios y pinturas",0,111.0124
2026-04-01,2026,4,Bogota,15,Otras mercancias de uso domestico,0,132.9381
2026-04-01,2026,4,Cundinamarca,4,Prendas de vestir y textiles,0,94.4757
2026-04-01,2026,4,Cundinamarca,8,Electrodomesticos y muebles,1,213.0695
2026-04-01,2026,4,Cundinamarca,9,Articulos y utensilios domesticos,0,233.2517
2026-04-01,2026,4,Cundinamarca,10,Aseo del hogar,0,173.5759
2026-04-01,2026,4,Cundinamarca,11,Informatica y telecomunicaciones,0,371.9476
2026-04-01,2026,4,Cundinamarca,12,Sonido y video,0,267.8644
2026-04-01,2026,4,Cundinamarca,14,"Ferreteria, vidrios y pinturas",0,166.2853
2026-04-01,2026,4,Cundinamarca,15,Otras mercancias de uso domestico,0,173.5982
2026-04-01,2026,4,Santander,4,Prendas de vestir y textiles,0,85.8035
2026-04-01,2026,4,Santander,8,Electrodomesticos y muebles,1,143.5888
2026-04-01,2026,4,Santander,9,Articulos y utensilios domesticos,0,137.4253
2026-04-01,2026,4,Santander,10,Aseo del hogar,0,161.6747
2026-04-01,2026,4,Santander,11,Informatica y telecomunicaciones,0,277.7199
2026-04-01,2026,4,Santander,12,Sonido y video,0,225.2405
2026-04-01,2026,4,Santander,14,"Ferreteria, vidrios y pinturas",0,126.3397
2026-04-01,2026,4,Santander,15,Otras mercancias de uso domestico,0,154.4559
2026-04-01,2026,4,Valle del Cauca,4,Prendas de vestir y textiles,0,63.7570
2026-04-01,2026,4,Valle del Cauca,8,Electrodomesticos y muebles,1,120.8122
2026-04-01,2026,4,Valle del Cauca,9,Articulos y utensilios domesticos,0,112.7607
2026-04-01,2026,4,Valle del Cauca,10,Aseo del hogar,0,117.1727
2026-04-01,2026,4,Valle del Cauca,11,Informatica y telecomunicaciones,0,230.2239
2026-04-01,2026,4,Valle del Cauca,12,Sonido y video,0,154.8619
2026-04-01,2026,4,Valle del Cauca,14,"Ferreteria, vidrios y pinturas",0,68.1921
2026-04-01,2026,4,Valle del Cauca,15,Otras mercancias de uso domestico,0,126.3419
2026-04-01,2026,4,Otros departamentos,4,Prendas de vestir y textiles,0,98.4983
2026-04-01,2026,4,Otros departamentos,8,Electrodomesticos y muebles,1,159.5896
2026-04-01,2026,4,Otros departamentos,9,Articulos y utensilios domesticos,0,160.8115
2026-04-01,2026,4,Otros departamentos,10,Aseo del hogar,0,154.5761
2026-04-01,2026,4,Otros departamentos,11,Informatica y telecomunicaciones,0,278.5918
2026-04-01,2026,4,Otros departamentos,12,Sonido y video,0,205.4886
2026-04-01,2026,4,Otros departamentos,14,"Ferreteria, vidrios y pinturas",0,121.5750
2026-04-01,2026,4,Otros departamentos,15,Otras mercancias de uso domestico,0,128.8270
2026-05-01,2026,5,Antioquia,4,Prendas de vestir y textiles,0,95.8319
2026-05-01,2026,5,Antioquia,8,Electrodomesticos y muebles,1,160.6906
2026-05-01,2026,5,Antioquia,9,Articulos y utensilios domesticos,0,185.8802
2026-05-01,2026,5,Antioquia,10,Aseo del hogar,0,199.0393
2026-05-01,2026,5,Antioquia,11,Informatica y telecomunicaciones,0,301.0701
2026-05-01,2026,5,Antioquia,12,Sonido y video,0,229.1602
2026-05-01,2026,5,Antioquia,14,"Ferreteria, vidrios y pinturas",0,111.5252
2026-05-01,2026,5,Antioquia,15,Otras mercancias de uso domestico,0,124.5763
2026-05-01,2026,5,Atlantico,4,Prendas de vestir y textiles,0,86.0220
2026-05-01,2026,5,Atlantico,8,Electrodomesticos y muebles,1,141.8794
2026-05-01,2026,5,Atlantico,9,Articulos y utensilios domesticos,0,175.1487
2026-05-01,2026,5,Atlantico,10,Aseo del hogar,0,144.1916
2026-05-01,2026,5,Atlantico,11,Informatica y telecomunicaciones,0,257.6801
2026-05-01,2026,5,Atlantico,12,Sonido y video,0,185.5844
2026-05-01,2026,5,Atlantico,14,"Ferreteria, vidrios y pinturas",0,93.9160
2026-05-01,2026,5,Atlantico,15,Otras mercancias de uso domestico,0,122.0153
2026-05-01,2026,5,Bogota,4,Prendas de vestir y textiles,0,118.2708
2026-05-01,2026,5,Bogota,8,Electrodomesticos y muebles,1,167.1231
2026-05-01,2026,5,Bogota,9,Articulos y utensilios domesticos,0,170.8556
2026-05-01,2026,5,Bogota,10,Aseo del hogar,0,139.2809
2026-05-01,2026,5,Bogota,11,Informatica y telecomunicaciones,0,301.0422
2026-05-01,2026,5,Bogota,12,Sonido y video,0,269.9509
2026-05-01,2026,5,Bogota,14,"Ferreteria, vidrios y pinturas",0,121.1689
2026-05-01,2026,5,Bogota,15,Otras mercancias de uso domestico,0,165.3193
2026-05-01,2026,5,Cundinamarca,4,Prendas de vestir y textiles,0,108.5800
2026-05-01,2026,5,Cundinamarca,8,Electrodomesticos y muebles,1,227.9867
2026-05-01,2026,5,Cundinamarca,9,Articulos y utensilios domesticos,0,241.6610
2026-05-01,2026,5,Cundinamarca,10,Aseo del hogar,0,188.8538
2026-05-01,2026,5,Cundinamarca,11,Informatica y telecomunicaciones,0,440.7643
2026-05-01,2026,5,Cundinamarca,12,Sonido y video,0,352.1777
2026-05-01,2026,5,Cundinamarca,14,"Ferreteria, vidrios y pinturas",0,155.6671
2026-05-01,2026,5,Cundinamarca,15,Otras mercancias de uso domestico,0,190.7379
2026-05-01,2026,5,Santander,4,Prendas de vestir y textiles,0,98.8549
2026-05-01,2026,5,Santander,8,Electrodomesticos y muebles,1,165.4896
2026-05-01,2026,5,Santander,9,Articulos y utensilios domesticos,0,140.2150
2026-05-01,2026,5,Santander,10,Aseo del hogar,0,182.5592
2026-05-01,2026,5,Santander,11,Informatica y telecomunicaciones,0,302.6864
2026-05-01,2026,5,Santander,12,Sonido y video,0,251.2989
2026-05-01,2026,5,Santander,14,"Ferreteria, vidrios y pinturas",0,114.6545
2026-05-01,2026,5,Santander,15,Otras mercancias de uso domestico,0,152.7484
2026-05-01,2026,5,Valle del Cauca,4,Prendas de vestir y textiles,0,84.1557
2026-05-01,2026,5,Valle del Cauca,8,Electrodomesticos y muebles,1,121.7804
2026-05-01,2026,5,Valle del Cauca,9,Articulos y utensilios domesticos,0,151.1385
2026-05-01,2026,5,Valle del Cauca,10,Aseo del hogar,0,133.1944
2026-05-01,2026,5,Valle del Cauca,11,Informatica y telecomunicaciones,0,242.1771
2026-05-01,2026,5,Valle del Cauca,12,Sonido y video,0,192.4711
2026-05-01,2026,5,Valle del Cauca,14,"Ferreteria, vidrios y pinturas",0,67.5008
2026-05-01,2026,5,Valle del Cauca,15,Otras mercancias de uso domestico,0,105.6433
2026-05-01,2026,5,Otros departamentos,4,Prendas de vestir y textiles,0,114.2461
2026-05-01,2026,5,Otros departamentos,8,Electrodomesticos y muebles,1,215.0387
2026-05-01,2026,5,Otros departamentos,9,Articulos y utensilios domesticos,0,150.1915
2026-05-01,2026,5,Otros departamentos,10,Aseo del hogar,0,155.0183
2026-05-01,2026,5,Otros departamentos,11,Informatica y telecomunicaciones,0,337.5307
2026-05-01,2026,5,Otros departamentos,12,Sonido y video,0,261.7793
2026-05-01,2026,5,Otros departamentos,14,"Ferreteria, vidrios y pinturas",0,126.0588
2026-05-01,2026,5,Otros departamentos,15,Otras mercancias de uso domestico,0,138.2407
2026-06-01,2026,6,Antioquia,4,Prendas de vestir y textiles,0,106.4075
2026-06-01,2026,6,Antioquia,8,Electrodomesticos y muebles,1,147.9731
2026-06-01,2026,6,Antioquia,9,Articulos y utensilios domesticos,0,142.5654
2026-06-01,2026,6,Antioquia,10,Aseo del hogar,0,146.3335
2026-06-01,2026,6,Antioquia,11,Informatica y telecomunicaciones,0,284.0697
2026-06-01,2026,6,Antioquia,12,Sonido y video,0,327.5465
2026-06-01,2026,6,Antioquia,14,"Ferreteria, vidrios y pinturas",0,135.9058
2026-06-01,2026,6,Antioquia,15,Otras mercancias de uso domestico,0,133.4734
2026-06-01,2026,6,Atlantico,4,Prendas de vestir y textiles,0,78.5798
2026-06-01,2026,6,Atlantico,8,Electrodomesticos y muebles,1,123.4277
2026-06-01,2026,6,Atlantico,9,Articulos y utensilios domesticos,0,189.7111
2026-06-01,2026,6,Atlantico,10,Aseo del hogar,0,150.8179
2026-06-01,2026,6,Atlantico,11,Informatica y telecomunicaciones,0,253.3621
2026-06-01,2026,6,Atlantico,12,Sonido y video,0,233.3258
2026-06-01,2026,6,Atlantico,14,"Ferreteria, vidrios y pinturas",0,86.7133
2026-06-01,2026,6,Atlantico,15,Otras mercancias de uso domestico,0,117.5946
2026-06-01,2026,6,Bogota,4,Prendas de vestir y textiles,0,131.0783
2026-06-01,2026,6,Bogota,8,Electrodomesticos y muebles,1,186.2801
2026-06-01,2026,6,Bogota,9,Articulos y utensilios domesticos,0,181.4577
2026-06-01,2026,6,Bogota,10,Aseo del hogar,0,136.0068
2026-06-01,2026,6,Bogota,11,Informatica y telecomunicaciones,0,264.6879
2026-06-01,2026,6,Bogota,12,Sonido y video,0,339.6494
2026-06-01,2026,6,Bogota,14,"Ferreteria, vidrios y pinturas",0,134.4237
2026-06-01,2026,6,Bogota,15,Otras mercancias de uso domestico,0,142.9994
2026-06-01,2026,6,Cundinamarca,4,Prendas de vestir y textiles,0,128.0381
2026-06-01,2026,6,Cundinamarca,8,Electrodomesticos y muebles,1,252.8165
2026-06-01,2026,6,Cundinamarca,9,Articulos y utensilios domesticos,0,211.4637
2026-06-01,2026,6,Cundinamarca,10,Aseo del hogar,0,222.1479
2026-06-01,2026,6,Cundinamarca,11,Informatica y telecomunicaciones,0,311.1615
2026-06-01,2026,6,Cundinamarca,12,Sonido y video,0,413.4071
2026-06-01,2026,6,Cundinamarca,14,"Ferreteria, vidrios y pinturas",0,186.1587
2026-06-01,2026,6,Cundinamarca,15,Otras mercancias de uso domestico,0,193.1370
2026-06-01,2026,6,Santander,4,Prendas de vestir y textiles,0,99.0366
2026-06-01,2026,6,Santander,8,Electrodomesticos y muebles,1,158.9564
2026-06-01,2026,6,Santander,9,Articulos y utensilios domesticos,0,153.1562
2026-06-01,2026,6,Santander,10,Aseo del hogar,0,150.8962
2026-06-01,2026,6,Santander,11,Informatica y telecomunicaciones,0,238.6577
2026-06-01,2026,6,Santander,12,Sonido y video,0,300.5198
2026-06-01,2026,6,Santander,14,"Ferreteria, vidrios y pinturas",0,110.8205
2026-06-01,2026,6,Santander,15,Otras mercancias de uso domestico,0,183.0344
2026-06-01,2026,6,Valle del Cauca,4,Prendas de vestir y textiles,0,95.9882
2026-06-01,2026,6,Valle del Cauca,8,Electrodomesticos y muebles,1,116.1371
2026-06-01,2026,6,Valle del Cauca,9,Articulos y utensilios domesticos,0,143.5302
2026-06-01,2026,6,Valle del Cauca,10,Aseo del hogar,0,146.6545
2026-06-01,2026,6,Valle del Cauca,11,Informatica y telecomunicaciones,0,179.2914
2026-06-01,2026,6,Valle del Cauca,12,Sonido y video,0,254.6397
2026-06-01,2026,6,Valle del Cauca,14,"Ferreteria, vidrios y pinturas",0,79.7622
2026-06-01,2026,6,Valle del Cauca,15,Otras mercancias de uso domestico,0,93.7460
2026-06-01,2026,6,Otros departamentos,4,Prendas de vestir y textiles,0,117.8808
2026-06-01,2026,6,Otros departamentos,8,Electrodomesticos y muebles,1,190.5709
2026-06-01,2026,6,Otros departamentos,9,Articulos y utensilios domesticos,0,150.1248
2026-06-01,2026,6,Otros departamentos,10,Aseo del hogar,0,148.9441
2026-06-01,2026,6,Otros departamentos,11,Informatica y telecomunicaciones,0,337.2281
2026-06-01,2026,6,Otros departamentos,12,Sonido y video,0,326.0348
2026-06-01,2026,6,Otros departamentos,14,"Ferreteria, vidrios y pinturas",0,111.0294
2026-06-01,2026,6,Otros departamentos,15,Otras mercancias de uso domestico,0,126.9981
2026-07-01,2026,7,Antioquia,4,Prendas de vestir y textiles,0,88.4942
2026-07-01,2026,7,Antioquia,8,Electrodomesticos y muebles,1,167.0187
2026-07-01,2026,7,Antioquia,9,Articulos y utensilios domesticos,0,161.2708
2026-07-01,2026,7,Antioquia,10,Aseo del hogar,0,154.4627
2026-07-01,2026,7,Antioquia,11,Informatica y telecomunicaciones,0,334.5229
2026-07-01,2026,7,Antioquia,12,Sonido y video,0,225.7321
2026-07-01,2026,7,Antioquia,14,"Ferreteria, vidrios y pinturas",0,111.9758
2026-07-01,2026,7,Antioquia,15,Otras mercancias de uso domestico,0,153.3528
2026-07-01,2026,7,Atlantico,4,Prendas de vestir y textiles,0,81.9170
2026-07-01,2026,7,Atlantico,8,Electrodomesticos y muebles,1,150.4628
2026-07-01,2026,7,Atlantico,9,Articulos y utensilios domesticos,0,173.5907
2026-07-01,2026,7,Atlantico,10,Aseo del hogar,0,153.5372
2026-07-01,2026,7,Atlantico,11,Informatica y telecomunicaciones,0,241.2339
2026-07-01,2026,7,Atlantico,12,Sonido y video,0,140.6190
2026-07-01,2026,7,Atlantico,14,"Ferreteria, vidrios y pinturas",0,96.6145
2026-07-01,2026,7,Atlantico,15,Otras mercancias de uso domestico,0,130.7350
2026-07-01,2026,7,Bogota,4,Prendas de vestir y textiles,0,122.4469
2026-07-01,2026,7,Bogota,8,Electrodomesticos y muebles,1,188.0947
2026-07-01,2026,7,Bogota,9,Articulos y utensilios domesticos,0,191.6371
2026-07-01,2026,7,Bogota,10,Aseo del hogar,0,149.8138
2026-07-01,2026,7,Bogota,11,Informatica y telecomunicaciones,0,275.6916
2026-07-01,2026,7,Bogota,12,Sonido y video,0,238.2986
2026-07-01,2026,7,Bogota,14,"Ferreteria, vidrios y pinturas",0,128.4407
2026-07-01,2026,7,Bogota,15,Otras mercancias de uso domestico,0,147.8508
2026-07-01,2026,7,Cundinamarca,4,Prendas de vestir y textiles,0,128.2822
2026-07-01,2026,7,Cundinamarca,8,Electrodomesticos y muebles,1,316.2646
2026-07-01,2026,7,Cundinamarca,9,Articulos y utensilios domesticos,0,216.7446
2026-07-01,2026,7,Cundinamarca,10,Aseo del hogar,0,219.9858
2026-07-01,2026,7,Cundinamarca,11,Informatica y telecomunicaciones,0,329.3054
2026-07-01,2026,7,Cundinamarca,12,Sonido y video,0,285.4704
2026-07-01,2026,7,Cundinamarca,14,"Ferreteria, vidrios y pinturas",0,150.2615
2026-07-01,2026,7,Cundinamarca,15,Otras mercancias de uso domestico,0,198.4455
2026-07-01,2026,7,Santander,4,Prendas de vestir y textiles,0,92.2303
2026-07-01,2026,7,Santander,8,Electrodomesticos y muebles,1,178.8343
2026-07-01,2026,7,Santander,9,Articulos y utensilios domesticos,0,166.3726
2026-07-01,2026,7,Santander,10,Aseo del hogar,0,159.8586
2026-07-01,2026,7,Santander,11,Informatica y telecomunicaciones,0,292.9099
2026-07-01,2026,7,Santander,12,Sonido y video,0,206.2939
2026-07-01,2026,7,Santander,14,"Ferreteria, vidrios y pinturas",0,99.3575
2026-07-01,2026,7,Santander,15,Otras mercancias de uso domestico,0,163.6442
2026-07-01,2026,7,Valle del Cauca,4,Prendas de vestir y textiles,0,97.8935
2026-07-01,2026,7,Valle del Cauca,8,Electrodomesticos y muebles,1,124.6925
2026-07-01,2026,7,Valle del Cauca,9,Articulos y utensilios domesticos,0,160.1543
2026-07-01,2026,7,Valle del Cauca,10,Aseo del hogar,0,158.6019
2026-07-01,2026,7,Valle del Cauca,11,Informatica y telecomunicaciones,0,155.6783
2026-07-01,2026,7,Valle del Cauca,12,Sonido y video,0,190.2867
2026-07-01,2026,7,Valle del Cauca,14,"Ferreteria, vidrios y pinturas",0,91.6814
2026-07-01,2026,7,Valle del Cauca,15,Otras mercancias de uso domestico,0,100.4998
2026-07-01,2026,7,Otros departamentos,4,Prendas de vestir y textiles,0,95.1044
2026-07-01,2026,7,Otros departamentos,8,Electrodomesticos y muebles,1,198.9896
2026-07-01,2026,7,Otros departamentos,9,Articulos y utensilios domesticos,0,166.0437
2026-07-01,2026,7,Otros departamentos,10,Aseo del hogar,0,153.6684
2026-07-01,2026,7,Otros departamentos,11,Informatica y telecomunicaciones,0,308.8205
2026-07-01,2026,7,Otros departamentos,12,Sonido y video,0,227.9854
2026-07-01,2026,7,Otros departamentos,14,"Ferreteria, vidrios y pinturas",0,132.7941
2026-07-01,2026,7,Otros departamentos,15,Otras mercancias de uso domestico,0,122.0894
